Scraped_URL,Real Location,Type,Price,Bath(s),Area,Purpose,Bedroom(s),Added,Location,Description,Amenities: Main Features,Amenities: Rooms,Amenities: Business and Communication,Amenities: Community Features,Amenities: Healthcare Recreational,Amenities: Nearby Locations and Other Facilities,Amenities: Other Facilities,Initial Amount,Monthly Installment,Remaining Installments
https://www.zameen.com/Property/d_12_d-12_4_7_marla_luxury_house_for_sale-53299454-3157-1.html,"D-12/4, D-12",House,PKR9.75 Crore,5,7 Marla,For Sale,4,1 week ago,"D-12, Islamabad, Islamabad Capital","Situated In The Highly Sought-After D-12/4 Sector, Islamabad Prime Location With Easy Access To Main Margalla Road And D-12 Markaz Peaceful And Secure Neighborhood With Scenic Margalla Hills View Nearby Mosque, Park, And Commercial Area Within Walking Distance Property Features: 7 Marla (Approx. 30x60) Ideally Designed Modern House Beautiful Elevation With Premium Front Faade Solid Construction Using Top-Quality Materials Interior Details: 4 Spacious Bedrooms With Attached Modern Bathrooms 1 Stylish Kitchen Fitted With Imported Accessories 1 TV Lounges And A Drawing/Dining Room Servant Quarter With Separate Entrance Store Room And Laundry Area For Convenience Additional Features: Car Porch For 2 Vehicles. . . . Modern Ceiling Designs &Amp; Lighting Imported Tiles, Fittings, And Fixtures Spacious Terrace With Open Views Beautiful Woodwork And Wardrobes Single Unit House Utilities &Amp; Security: Electricity, Gas, And Water Fully Available CCTV Security System &Amp; Smart Gate Wide Street Access And Well-Maintained Surroundings","Built in year: 2025, Parking Spaces: 2, Double Glazed Windows, Central Air Conditioning, Central Heating, Flooring, Electricity Backup, Waste Disposal, Floors: 2, Other Main Features","Bedrooms: 4, Bathrooms: 5, Servant Quarters: 1, Drawing Room, Dining Room, Kitchens: 1, Study Room, Prayer Room, Powder Room, Gym, Store Rooms: 1, Steam Room, Lounge or Sitting Room, Laundry Room, Other Rooms","Broadband Internet Access, Satellite or Cable TV Ready, Intercom, Other Business and Communication Facilities","Community Lawn or Garden, Community Swimming Pool, Community Gym, First Aid or Medical Centre, Day Care Centre, Kids Play Area, Barbeque Area, Mosque, Community Centre, Other Community Facilities","Lawn or Garden, Swimming Pool, Sauna, Jacuzzi, Other Healthcare and Recreation Facilities","Nearby Schools, Nearby Hospitals, Nearby Shopping Malls, Nearby Restaurants, Distance From Airport (kms), Nearby Public Transport Service, Other Nearby Places","Maintenance Staff, Security Staff, Facilities for Disabled, Other Facilities",,,
https://www.zameen.com/Property/dha_defence_dha_defence_phase_2_6_marla_brand_new_house_for_sale_in_dha_phase_2_islamabad-53107432-339-1.html,"DHA Defence Phase 2, DHA Defence",House,PKR4.65 Crore,5,6 Marla,For Sale,4,1 month ago,"DHA Defence, Islamabad, Islamabad Capital",6 Marla Brand New Double unit House for sale in DHA Phase 2 Islamabad 4 Bedroom Dinning hall TV lounge Kitchen Store servant quarter Space for car park,"Built in year: 2025, Parking Spaces: 1, Double Glazed Windows, Central Air Conditioning, Central Heating, Flooring, Electricity Backup, Waste Disposal, Floors: 2, Other Main Features","Bedrooms: 4, Bathrooms: 5, Servant Quarters: 1, Drawing Room, Dining Room, Kitchens: 1, Study Room, Prayer Room, Powder Room, Gym, Store Rooms: 1, Steam Room, Lounge or Sitting Room, Laundry Room, Other Rooms","Broadband Internet Access, Satellite or Cable TV Ready, Intercom, Other Business and Communication Facilities","Community Lawn or Garden, Community Swimming Pool, Community Gym, First Aid or Medical Centre, Day Care Centre, Kids Play Area, Barbeque Area, Mosque, Community Centre, Other Community Facilities","Lawn or Garden, Swimming Pool, Sauna, Jacuzzi, Other Healthcare and Recreation Facilities","Nearby Schools, Nearby Hospitals, Nearby Shopping Malls, Nearby Restaurants, Distance From Airport (kms), Nearby Public Transport Service, Other Nearby Places","Maintenance Staff, Security Staff, Facilities for Disabled, Other Facilities",,,
https://www.zameen.com/Property/i_16_i-16_3_i-16_3_pha_flat_for_sale-53314491-3437-1.html,"I-16/3, I-16",Flat,PKR96 Lakh,3,6.6 Marla,For Sale,3,4 months ago,"I-16, Islamabad, Islamabad Capital",Pha Flat For Sale I-16/3,"Built in year: 2023, Parking Spaces: 4, Double Glazed Windows, Central Air Conditioning, Flooring, Electricity Backup, Waste Disposal, Other Main Features","Bedrooms: 3, Bathrooms: 3, Servant Quarters, Drawing Room, Dining Room, Kitchens: 2, Study Room, Powder Room, Store Rooms, Steam Room, Lounge or Sitting Room, Laundry Room, Other Rooms","Satellite or Cable TV Ready, Other Business and Communication Facilities","Kids Play Area, Mosque, Other Community Facilities",Other Healthcare and Recreation Facilities,"Nearby Schools, Nearby Hospitals, Nearby Shopping Malls, Nearby Restaurants, Distance From Airport (kms), Nearby Public Transport Service, Other Nearby Places","Security Staff, Other Facilities",,,
https://www.zameen.com/Property/islamabad_diplomatic_enclave_ideal_flat_in_diplomatic_enclave_available_for_rs_65000000-53204061-429-1.html,"Diplomatic Enclave, Islamabad",Flat,PKR6.5 Crore,2,6.7 Marla,For Sale,2,4 months ago,"Diplomatic Enclave, Islamabad, Islamabad Capital","Living or investing in Diplomatic Enclave has its own benefits. You are not going to find a better property option anywhere in the city for as low as Rs. 65000000 . Buy your home with desired facilities in a posh area of Diplomatic Enclave. Sale only The city of Diplomatic Enclave is heaven for investors and buyers. If you are looking for properties for sale, we have just the right property option for you. Your best investment could be in Flat that is both good for sale or rent in the long run. 1500 Square Feet sized units are hard to come by for sale, so make your decision today. Property features are mentioned below. Feeling stressed? Simply step into the steam room that is part of the Flat for a few minutes. A separate service elevator in the building ensures smooth operations. It's a luxury to have central air-conditioning and the Flat offers just that. Stay healthy and warm indoors during winters with the central heating system in your Flat. The community garden nearby serves as a playground for the kids and a great place to socialise with your neighbours. The Flat comes with a laundry facility that you can use to your benefit. Differently-abled people will find this Flat easy to navigate, as it is developed to incorporate their needs. Our experts will respond to your questions as soon as possible.","Built in year: 2016, Parking Spaces: 1, Lobby in Building, Double Glazed Windows, Central Air Conditioning, Central Heating, Flooring, Electricity Backup, Waste Disposal, Service Elevators in Building, Other Main Features","Bedrooms: 5, Bathrooms: 7, Servant Quarters: 1, Drawing Room, Dining Room, Kitchens: 1, Study Room, Prayer Room, Powder Room, Gym, Store Rooms: 1, Steam Room, Lounge or Sitting Room, Laundry Room, Other Rooms","Broadband Internet Access, Satellite or Cable TV Ready, Business Center or Media Room in Building, Conference Room in Building, Intercom, ATM Machines, Other Business and Communication Facilities","Community Lawn or Garden, Community Swimming Pool, Community Gym, First Aid or Medical Centre, Day Care Centre, Kids Play Area, Barbeque Area, Mosque, Community Centre, Other Community Facilities","Sauna, Jacuzzi, Other Healthcare and Recreation Facilities","Nearby Schools, Nearby Hospitals, Nearby Shopping Malls, Nearby Restaurants, Distance From Airport (kms), Nearby Public Transport Service, Other Nearby Places","Maintenance Staff, Security Staff, Laundry or Dry Cleaning Facility, Communal/Shared Kitchen, Facilities for Disabled, Other Facilities",,,
https://www.zameen.com/Property/islamabad_foechs_-_foreign_office_employees_society_flat_for_sale_in_islamabad_cda_sector_i16-53295602-8369-1.html,"FOECHS - Foreign Office Employees Society, Islamabad",Flat,PKR98 Lakh,3,6.7 Marla,For Sale,3,4 months ago,"FOECHS - Foreign Office Employees Society, Islamabad, Islamabad Capital","flat for sale good location second floor three bedroom three bath TV launch kitchen electric meter install rent value 30,000","Parking Spaces, Central Air Conditioning, Central Heating, Flooring, Electricity Backup, Waste Disposal, Floor: 4, Floors in Building: 6, Elevators, Service Elevators in Building, Other Main Features",,"Broadband Internet Access, Satellite or Cable TV Ready","Community Lawn or Garden, Community Swimming Pool, Community Gym, First Aid or Medical Centre, Day Care Centre, Kids Play Area, Barbeque Area, Mosque",,"Nearby Schools, Nearby Hospitals, Nearby Shopping Malls, Nearby Restaurants, Distance From Airport (kms), Nearby Public Transport Service, Other Nearby Places","Maintenance Staff, Security Staff",,,
https://www.zameen.com/Property/islamabad_e-11_brand_new_house_available_for_rent-53342110-329-1.html,"E-11, Islamabad",House,PKR8 Crore,5,8 Marla,For Sale,5,5 months ago,"E-11, Islamabad, Islamabad Capital",E11/2 Society Transfer Brand New Stylish Size 3060 5 Bedroom House Double Kitchen Double Drawing Room Double TV Launch Best Location Brand New Reasonable Price,,,,,,"Nearby Schools, Nearby Hospitals, Nearby Shopping Malls, Nearby Restaurants, Distance From Airport (kms), Nearby Public Transport Service, Other Nearby Places",Security Staff,,,
https://www.zameen.com/Property/dha_defence_phase_4_dha_phase_4_-_sector_a_1_kanal_house_for_sale_dha-4_sector_a-53340874-13956-1.html,"DHA Phase 4 - Sector A, DHA Defence Phase 4",House,PKR10.45 Crore,6,1 Kanal,For Sale,5,2 months ago,"DHA Defence, Islamabad, Islamabad Capital",1 kanal ultra luxury designer house. (53*90)size 5 specious Bed Rooms Double Unit Double heighted Lobby Mummty Stor plus servent room Huge V8 Laxus Mercedes Parking CCT Camera installed Gass meter Installed walking distance Mosque waking distance water filtration plant Family Park play Land Top heighted Area Solid Construction. (Senitery) Head Showers 2 bath tab installed Total Canceeled Comoud All Seintery From (Porta ) Wood( yellow pain) All Solid Door Kitchen Double Door fridge Microwave Oven Air fryer Washing Machine. installed Dish Washer installed Fan AC DC (Ricco),"Built in year: 2025, Parking Spaces: 3, Double Glazed Windows, Central Air Conditioning, Central Heating, Flooring, Electricity Backup, Waste Disposal, Floors: 2","Bedrooms: 5, Bathrooms: 6, Servant Quarters: 1, Drawing Room, Dining Room, Kitchens: 2, Study Room, Prayer Room, Powder Room, Steam Room, Lounge or Sitting Room, Laundry Room","Broadband Internet Access, Satellite or Cable TV Ready, Intercom","Community Lawn or Garden, Community Swimming Pool, Community Gym, First Aid or Medical Centre, Day Care Centre","Lawn or Garden, Swimming Pool","Nearby Schools, Nearby Hospitals, Nearby Shopping Malls, Nearby Restaurants, Distance From Airport (kms), Nearby Public Transport Service, Other Nearby Places","Security Staff, Other Facilities",,,
https://www.zameen.com/Property/bahria_enclave_bahria_enclave_-_sector_b1_sector_b_1_road_30_1_brand_new_luxury_house_available_for_sale_deal_with_direct_owner-53302100-11972-1.html,"Bahria Enclave - Sector B1, Bahria Enclave",House,PKR2.5 Crore,3,5 Marla,For Sale,3,3 months ago,"Bahria Town, Islamabad, Islamabad Capital","Sector B. 1 Road 30/1 Brand New Luxury House Available For Sale Deal With Direct Owner (Accomodation). . . 3 bedrooms with attached washroom. . . 1 kitchen. . . 1 car parking space. . . Drawing and dawning area. 1 servant quarter with attached washroom. . Charming 3-Bedroom Family Home in a Quiet Neighborhood. . . . . Welcome to your dream home! This beautifully maintained 3-bedroom, 3-bathroom residence is nestled in a serene and friendly neighborhood, perfect for families or those seeking a peaceful retreat. (Key Features). . . Spacious Living Areas: - Enjoy an open-concept living and dining area filled with natural light, perfect for entertaining or cozy family nights. Modern Kitchen: - The well-appointed kitchen features stainless steel appliances, granite countertops, and ample cabinetry, making it a chefs delight. Comfortable Bedrooms: The master suite includes a private bathroom and generous closet space, while the other two bedrooms are perfect for kids, guests, or a home office. Outdoor Oasis: - Step outside to a beautifully landscaped backyard with a patio, ideal for summer barbecues and relaxation. Convenient Location: Close to schools, parks, shopping, and public transport, this home offers both convenience and tranquility. Additional Highlights. . . - Attached garage with additional storage - Energy-efficient windows - Freshly painted interiors Demand 250 lacs","Central Air Conditioning, Flooring, Electricity Backup, Furnished","Bedrooms: 2, Bathrooms: 1, Drawing Room, Kitchens: 1, Lounge or Sitting Room","Broadband Internet Access, Satellite or Cable TV Ready","First Aid or Medical Centre, Mosque, Community Centre",,"Nearby Schools, Nearby Hospitals, Nearby Shopping Malls, Nearby Restaurants, Distance From Airport (kms), Nearby Public Transport Service, Other Nearby Places","Security Staff, Other Facilities",,,
https://www.zameen.com/Property/d_12_d-12_1_beautiful_and_elegant_designer_house_for_sale-53112560-3154-1.html,"D-12/1, D-12",House,PKR4.75 Crore,3,4 Marla,For Sale,3,2 months ago,"D-12, Islamabad, Islamabad Capital","A beautifully designed luxury house in D-12, featuring modern architecture, spacious layout, high-quality construction stylish interior, Jacuzzi-equipped bathrooms and premium finishing details for a comfortable lifestyle","Built in year: 2025, Parking Spaces: 1, Double Glazed Windows, Central Air Conditioning, Central Heating, Flooring, Electricity Backup, Waste Disposal, Floors: 2, Other Main Features, Furnished","Bedrooms: 3, Bathrooms: 3, Servant Quarters: 1, Drawing Room, Dining Room, Kitchens: 1, Study Room, Prayer Room, Powder Room, Gym, Store Rooms: 1, Steam Room, Lounge or Sitting Room, Laundry Room, Other Rooms","Broadband Internet Access, Satellite or Cable TV Ready, Intercom, Other Business and Communication Facilities","Community Lawn or Garden, Community Swimming Pool, Community Gym, First Aid or Medical Centre, Day Care Centre, Kids Play Area, Barbeque Area, Mosque, Community Centre, Other Community Facilities","Lawn or Garden, Swimming Pool, Sauna, Jacuzzi, Other Healthcare and Recreation Facilities","Nearby Schools, Nearby Hospitals, Nearby Shopping Malls, Nearby Restaurants, Distance From Airport (kms), Nearby Public Transport Service, Other Nearby Places","Maintenance Staff, Security Staff, Facilities for Disabled, Other Facilities",,,
https://www.zameen.com/Property/dha_defence_phase_5_askari_tower_4_askari_flat_tower_4_ground_floor-53238884-21810-1.html,"Askari Tower 4, DHA Defence Phase 5",Flat,PKR3.35 Crore,3,11.8 Marla,For Sale,3,4 months ago,"DHA Defence, Islamabad, Islamabad Capital",Askari Flat Tower 4 Ground Floor 3 Bed Room TV lounge Drawing Room Servant Quarter,"Built in year: 2024, Parking Spaces, Lobby in Building, Double Glazed Windows, Flooring, Electricity Backup, Waste Disposal, Floors in Building: 7, Elevators: 4, Service Elevators in Building, Other Main Features, Furnished","Bedrooms: 1, Bathrooms: 1, Servant Quarters: 1, Drawing Room, Dining Room, Kitchens: 1, Powder Room, Store Rooms: 1, Lounge or Sitting Room, Laundry Room","Broadband Internet Access, Satellite or Cable TV Ready, Business Center or Media Room in Building, Conference Room in Building, Intercom, ATM Machines","Community Lawn or Garden, Community Swimming Pool, Community Gym, First Aid or Medical Centre, Day Care Centre, Kids Play Area, Barbeque Area, Mosque, Community Centre",,"Nearby Schools, Nearby Hospitals, Nearby Shopping Malls, Nearby Restaurants, Distance From Airport (kms), Nearby Public Transport Service, Other Nearby Places","Maintenance Staff, Security Staff, Laundry or Dry Cleaning Facility, Communal/Shared Kitchen, Facilities for Disabled, Pets Allowed, Other Facilities",,,
https://www.zameen.com/Property/e_11_e-11_1_get_in_touch_now_to_buy_a_house_in_e-11_1_islamabad-53234977-3230-1.html,"E-11/1, E-11",House,PKR9 Crore,6,12 Marla,For Sale,6,4 months ago,"E-11, Islamabad, Islamabad Capital",E-11/1 MPCHS 12 Marla 3 story 6 bedroom house for sale Demand 9 cr,"Built in year: 2025, Parking Spaces: 2, Double Glazed Windows, Central Air Conditioning, Central Heating, Flooring, Electricity Backup, Waste Disposal, Floors: 2","Bedrooms: 5, Bathrooms: 6, Servant Quarters: 1, Drawing Room, Dining Room, Kitchens: 2, Study Room, Prayer Room, Powder Room, Gym, Store Rooms: 1, Steam Room, Lounge or Sitting Room, Laundry Room, Other Rooms","Broadband Internet Access, Satellite or Cable TV Ready, Intercom","Community Lawn or Garden, Community Swimming Pool, Community Gym, First Aid or Medical Centre, Day Care Centre, Kids Play Area, Barbeque Area, Mosque, Community Centre","Lawn or Garden, Swimming Pool, Sauna, Jacuzzi","Nearby Schools, Nearby Hospitals, Nearby Shopping Malls, Nearby Restaurants, Distance From Airport (kms), Nearby Public Transport Service, Other Nearby Places","Maintenance Staff, Security Staff, Facilities for Disabled",,,
https://www.zameen.com/Property/islamabad_soan_garden_1_kanal_house_for_sale_in_soan_garden_islamabad-53355425-338-1.html,"Soan Garden, Islamabad",House,PKR7.35 Crore,6,1 Kanal,For Sale,9,10 hours ago,"Soan Garden, Islamabad, Islamabad Capital","1 Kanal House for Sale Soan Garden, Islamabad A luxurious and spacious 1 Kanal house is available for sale in Soan Garden, Islamabad, located on a prime second corner plot (Plot #147). This property offers premium living, modern design, and ample space for a large family. Demand: PKR 73.5 Million (7 Crore 35Lakh) Water bore available Gas connection available Parking space for 5 cars Key Features: 8 spacious bedrooms 9 modern washrooms Servant quarter available 2 elegant drawing rooms 2 modern kitchens 2 TV lounges Second corner plot with excellent visibility and access Premium location in a secure and peaceful neighborhood This well-planned and luxurious house is ideal for family living, entertaining guests, and investment purposes. Contact for details & visit:","Built in year: 2025, Parking Spaces: 5, Double Glazed Windows, Central Air Conditioning, Central Heating, Flooring, Electricity Backup, Waste Disposal, Floors: 2, Other Main Features, Furnished","Bedrooms: 9, Bathrooms: 9, Servant Quarters: 1, Drawing Room, Dining Room, Kitchens: 2, Study Room, Prayer Room, Powder Room, Gym, Store Rooms: 1, Steam Room, Lounge or Sitting Room, Laundry Room, Other Rooms","Broadband Internet Access, Satellite or Cable TV Ready, Intercom, Other Business and Communication Facilities","Community Lawn or Garden, Community Swimming Pool, Community Gym, First Aid or Medical Centre, Day Care Centre, Kids Play Area, Barbeque Area, Mosque, Community Centre, Other Community Facilities","Lawn or Garden, Swimming Pool, Sauna, Jacuzzi, Other Healthcare and Recreation Facilities","Nearby Schools, Nearby Hospitals, Nearby Shopping Malls, Nearby Restaurants, Distance From Airport (kms), Nearby Public Transport Service, Other Nearby Places","Security Staff, Other Facilities",,,
https://www.zameen.com/Property/mpchs_multi_gardens_mpchs_-_block_f_5_marla_corner_designer_house_for_sale-53236119-8527-1.html,"MPCHS - Block F, MPCHS - Multi Gardens",House,PKR2.85 Crore,6,5.6 Marla,For Sale,5,4 months ago,"B-17, Islamabad, Islamabad Capital","5 Marla Corner Designer House for Sale in Block F B-17 Amenities & Features: 5 Spacious Bedrooms with Attached Bathrooms Stylish TV Lounge Modern Open Kitchen Drawing Room Dining Area Store Room Powder Room 3 Car Parking Space Front Open View Tiled Flooring Solid Wood Doors & Cupboards Electricity, Water & Gas Connections Available Laundry Area Excellent Ventilation & Natural Light Nearby Facilities Masjid within Walking Distance Parks & Green Belts Commercial Market Nearby Schools & Colleges in Vicinity Easy Access to Main Road & Public Transport For more details contact Us","Built in year: 2025, Parking Spaces, Double Glazed Windows, Flooring, Electricity Backup, Waste Disposal, Floors: 3","Bedrooms: 5, Bathrooms: 5, Servant Quarters: 1, Drawing Room, Dining Room, Kitchens: 1, Powder Room, Store Rooms: 1, Steam Room, Lounge or Sitting Room, Laundry Room","Broadband Internet Access, Satellite or Cable TV Ready, Intercom","Community Lawn or Garden, Community Swimming Pool, Community Gym, First Aid or Medical Centre, Day Care Centre, Kids Play Area, Barbeque Area, Mosque, Community Centre",Lawn or Garden,"Nearby Schools, Nearby Hospitals, Nearby Shopping Malls, Nearby Restaurants, Distance From Airport (kms), Nearby Public Transport Service, Other Nearby Places","Security Staff, Other Facilities",,,
https://www.zameen.com/Property/dha_defence_dha_defence_phase_5_5_marla_designer_house_for_sale-53356504-10991-1.html,"DHA Defence Phase 5, DHA Defence",House,PKR3.8 Crore,5,5 Marla,For Sale,3,5 months ago,"DHA Defence, Islamabad, Islamabad Capital",DHA Islamabad . 5 Marla House For Sale In DHA Phase 5 Islamabad Whatsapp Husnain Mughal View Contact Detail Blue Rock investments. Property Features: 3 Spacious Bedrooms Attached Bathrooms Drawing Room Powder Room 2 Comfortable TV Lounges Dining Room Fully Equipped Kitchen 3 Store Room 2 Double Terrace WiFi Installed Car Parking Beautiful Lawn Available For Visit Prime Location Near Masjid Demand 3 crore 80 lac,"Built in year: 2025, Parking Spaces: 1, Double Glazed Windows, Central Air Conditioning, Central Heating, Flooring, Electricity Backup, Waste Disposal, Floors: 2, Other Main Features","Bedrooms: 3, Bathrooms: 5, Servant Quarters: 1, Drawing Room, Dining Room, Kitchens: 2, Study Room, Prayer Room, Powder Room, Gym, Store Rooms: 1, Steam Room, Lounge or Sitting Room, Laundry Room","Broadband Internet Access, Satellite or Cable TV Ready, Intercom","Community Lawn or Garden, Community Swimming Pool, Community Gym, First Aid or Medical Centre, Day Care Centre, Kids Play Area, Barbeque Area, Mosque, Community Centre","Lawn or Garden, Swimming Pool, Sauna, Jacuzzi","Nearby Schools, Nearby Hospitals, Nearby Shopping Malls, Nearby Restaurants, Distance From Airport (kms), Nearby Public Transport Service, Other Nearby Places","Maintenance Staff, Security Staff, Facilities for Disabled",,,
https://www.zameen.com/Property/kashmir_highway_eighteen_10_marla_villa_available_on_installments_in_eighteen_islamabad-51696494-12602-1.html,"Eighteen, Kashmir Highway",House,PKR6.37 Crore,5,15 Marla,For Sale,4,3 months ago,"Kashmir Highway, Islamabad, Islamabad Capital",10 Marla Villa Shell &Amp; Core With 5.5 Marla Extra Land Available On Installments In Cluster C Eighteen Islamabad . 3 Years Payment Schedule Delivery In 2027 Shell & Booking With 15% Down Payment,"Built in year: 2024, Parking Spaces: 2, Double Glazed Windows, Central Air Conditioning, Central Heating, Flooring, Electricity Backup, Waste Disposal, Floors: 2, Other Main Features","Bedrooms: 5, Bathrooms: 6, Servant Quarters: 1, Drawing Room, Dining Room, Kitchens: 2, Study Room, Prayer Room, Powder Room, Gym, Store Rooms: 1, Steam Room, Lounge or Sitting Room, Laundry Room, Other Rooms","Broadband Internet Access, Satellite or Cable TV Ready, Intercom, Other Business and Communication Facilities","Community Lawn or Garden, Community Swimming Pool, Community Gym, First Aid or Medical Centre, Day Care Centre, Kids Play Area, Barbeque Area, Mosque, Community Centre, Other Community Facilities","Lawn or Garden, Swimming Pool, Sauna, Jacuzzi, Other Healthcare and Recreation Facilities","Nearby Schools, Nearby Hospitals, Nearby Shopping Malls, Nearby Restaurants, Distance From Airport (kms), Nearby Public Transport Service, Other Nearby Places","Maintenance Staff, Security Staff, Facilities for Disabled, Other Facilities",,,
https://www.zameen.com/Property/bahria_enclave_bahria_enclave_-_sector_h_bahria_enclave_sector_h_the_galleria_mall_and_residency_two_bedroom_apartment_for_sale-53204899-11983-1.html,"Bahria Enclave - Sector H, Bahria Enclave",Flat,PKR1.19 Crore,2,6.1 Marla,For Sale,2,5 months ago,"Bahria Town, Islamabad, Islamabad Capital","Bahria Enclave Islamabad Sector H The Galleria Mall & Residency 2 Bedroom Silver Category Apartment For Sale Park Facing 1,366 Sqft covered Area Proper Residential Building Tower 3 2 Bedroom Attech Washroom Specious Kitchen TV Lounge Laundry space Balcony Under Ground Dedicated Car parking Jamia Masjid 4 Lift 24/7 Operational Ground Floor Shopping Mall 8 Kanal Park Water Gas slender Electricity Security Mentenence 24/7 Near to School, Hospital, Bank's, Market's. For More info please contact/What's up","Built in year: 2023, Parking Spaces: 1, Lobby in Building, Double Glazed Windows, Central Air Conditioning, Central Heating, Flooring, Electricity Backup, Waste Disposal, Floor: 3, Floors in Building: 9, Elevators: 8, Service Elevators in Building, Other Main Features","Bedrooms: 2, Bathrooms: 2, Drawing Room, Dining Room, Kitchens: 1, Study Room, Prayer Room, Powder Room, Gym, Steam Room, Lounge or Sitting Room, Laundry Room, Other Rooms","Broadband Internet Access, Satellite or Cable TV Ready, Business Center or Media Room in Building, Conference Room in Building, Intercom, ATM Machines, Other Business and Communication Facilities","Community Lawn or Garden, Community Swimming Pool, Community Gym, First Aid or Medical Centre, Day Care Centre, Kids Play Area, Barbeque Area, Mosque, Community Centre, Other Community Facilities","Sauna, Other Healthcare and Recreation Facilities","Nearby Schools, Nearby Hospitals, Nearby Shopping Malls, Nearby Restaurants, Distance From Airport (kms), Nearby Public Transport Service, Other Nearby Places","Maintenance Staff, Security Staff, Laundry or Dry Cleaning Facility, Facilities for Disabled, Other Facilities",,,
https://www.zameen.com/Property/d_17_margalla_view_housing_society_luxury_10_marla_house_available_for_sale_on_main_boulevard_of_d-17-53330626-3160-1.html,"Margalla View Housing Society, D-17",House,PKR4.25 Crore,6,10 Marla,For Sale,4,3 months ago,"D-17, Islamabad, Islamabad Capital","10 Marla ( 30*70 ) Sun Facing On Main Boulevard House. Available For Sale In Margalla View Co-Operative Housing Society. MVCHS D-17 Islamabad. House Size 30*70. 6 Bedrooms. 6 Baths. 2 Drawing Dining. 2 Kitchen. 2 TV Lounge. 2 Car Parking Space. Mumty Room+ Bath. Electricity , Water And Gas Available. Note: Original Pictures And Fair Deal Is Our Main Priority. Interested People Can Contact Easily.","Built in year: 2, Parking Spaces: 1, Double Glazed Windows, Central Air Conditioning, Central Heating, Flooring, Electricity Backup, Waste Disposal, Other Main Features, Furnished","Bedrooms: 6, Bathrooms: 6, Servant Quarters: 1, Drawing Room, Dining Room, Kitchens: 2, Lounge or Sitting Room, Other Rooms","Broadband Internet Access, Satellite or Cable TV Ready, Intercom, Other Business and Communication Facilities","Community Lawn or Garden, Community Swimming Pool, Community Gym, First Aid or Medical Centre, Day Care Centre, Kids Play Area, Barbeque Area, Mosque, Community Centre, Other Community Facilities","Lawn or Garden, Swimming Pool, Sauna, Jacuzzi, Other Healthcare and Recreation Facilities","Nearby Schools, Nearby Hospitals, Nearby Shopping Malls, Nearby Restaurants, Distance From Airport (kms), Nearby Public Transport Service, Other Nearby Places","Maintenance Staff, Security Staff, Facilities for Disabled, Other Facilities",,,
https://www.zameen.com/Property/d_17_margalla_view_housing_society_1_kanal_50_90_proper_corner_with_basement_house_available_for_sale_in_margalla_view_co-operative_housing_society_mvchs_d-17_islamabad-51644191-3160-1.html,"Margalla View Housing Society, D-17",House,PKR5.85 Crore,6,1 Kanal,For Sale,8,1 day ago,"D-17, Islamabad, Islamabad Capital","1 Kanal ( 50*90 ) Proper Corner with Basement House. Available For Sale In Margalla View Co-Operative Housing Society. MVCHS D-17 Islamabad. House Size 50*90. 8 Bedrooms. 8 Baths. 2 Drawing Dining. 2 Kitchen. 2 TV Lounge. 2 Car Parking Space. Electricity , Water And Gas Available. Note: Original Pictures And Fair Deal Is Our Main Priority. Interested People Can Contact Easily.","Built in year: 2023, Parking Spaces, Double Glazed Windows, Central Air Conditioning, Central Heating, Flooring, Electricity Backup, Waste Disposal, Furnished","Bedrooms: 1, Bathrooms: 1, Drawing Room, Dining Room, Kitchens, Study Room, Prayer Room, Powder Room, Gym, Store Rooms, Steam Room, Lounge or Sitting Room, Laundry Room","Broadband Internet Access, Satellite or Cable TV Ready, Intercom, Other Business and Communication Facilities","Community Lawn or Garden, Community Swimming Pool, Community Gym, First Aid or Medical Centre, Day Care Centre, Kids Play Area, Barbeque Area, Mosque, Community Centre, Other Community Facilities","Lawn or Garden, Sauna, Jacuzzi, Other Healthcare and Recreation Facilities","Nearby Schools, Nearby Hospitals, Nearby Shopping Malls, Nearby Restaurants, Distance From Airport (kms), Nearby Public Transport Service, Other Nearby Places","Maintenance Staff, Security Staff, Facilities for Disabled, Other Facilities",,,
https://www.zameen.com/Property/islamabad_karakoram_diplomatic_enclave_a_centrally_located_flat_is_available_for_sale_in_karakoram_diplomatic_enclave-53204062-9063-1.html,"Karakoram Diplomatic Enclave, Islamabad",Flat,PKR7.5 Crore,2,8.9 Marla,For Sale,2,4 months ago,"Karakoram Diplomatic Enclave, Islamabad, Islamabad Capital","Price of PKR Rs. 75000000 is nothing for a sizeable property like the one in question. You will find current market rates quite attractive in Karakoram Diplomatic Enclave. The spacious property for sale comes with a reasonable price, so check it out today. 2000 Square Feet sized units are hard to come by for sale, so make your decision today. You can now purchase your Flat at an amazing price. Buy your Flat with desired facilities in a highly popular area of Karakoram Diplomatic Enclave. Some of the salient features of this property are described here. Outdoor play is great for children and luckily the property has a kids play area. Stylish yet practical facilities are installed for the differently-abled to navigate in the Flat. Having a community swimming pool is an amenity that everyone can enjoy. The Flat is centrally heated to maintain the temperature indoors. Not to worry if you cannot wash loads of clothes, as there is a laundry nearby. A dedicated laundry room is ideal in the Flat, especially for large families. The shared kitchen in the building allows you to share recipes and learn new ones. You can get in touch with us today for the right property investment advice.","Lobby in Building, Double Glazed Windows, Central Air Conditioning, Central Heating, Flooring, Electricity Backup, Waste Disposal, Service Elevators in Building, Other Main Features","Drawing Room, Dining Room, Kitchens: 1, Study Room, Prayer Room, Powder Room, Store Rooms: 1, Steam Room, Lounge or Sitting Room, Laundry Room, Other Rooms","Broadband Internet Access, Satellite or Cable TV Ready, Business Center or Media Room in Building, Conference Room in Building, Intercom, ATM Machines, Other Business and Communication Facilities","Community Lawn or Garden, Community Swimming Pool, Community Gym, First Aid or Medical Centre, Day Care Centre, Kids Play Area, Barbeque Area, Mosque, Community Centre, Other Community Facilities","Sauna, Jacuzzi, Other Healthcare and Recreation Facilities","Nearby Schools, Nearby Hospitals, Nearby Shopping Malls, Nearby Restaurants, Distance From Airport (kms), Nearby Public Transport Service, Other Nearby Places","Maintenance Staff, Security Staff, Laundry or Dry Cleaning Facility, Communal/Shared Kitchen, Facilities for Disabled, Other Facilities",,,
https://www.zameen.com/Property/islamabad_g-10_beautiful_sun-facing_corner_house_for_sale_g-10_2_islamabad-53322117-167-1.html,"G-10, Islamabad",House,PKR19 Crore,-,1.2 Kanal,For Sale,-,5 months ago,"G-10, Islamabad, Islamabad Capital","Property Details: Plot Size: 60x90 (600 sq. yds) Location: Prime corner plot, sun-facing ideal for natural light Demand: PKR 19 Crore Ground Floor: 4 spacious bedrooms Drawing & dining room Living room Modern kitchen First Floor: 3 bedrooms Large lounge area Big kitchen dining (no drawing room) Highlights: Beautiful front elevation Corner house with excellent ventilation and sunlight Ideal for large families",,,,,,,,,,
https://www.zameen.com/Property/bahria_enclave_bahria_enclave_-_sector_b1_sector_b_6_marla_slightly_used_house_excellent_construction_quality_with_10_kw_solar_installed_sun_facing_available_for_sale-53332278-11972-1.html,"Bahria Enclave - Sector B1, Bahria Enclave",House,PKR2.8 Crore,5,6 Marla,For Sale,3,1 week ago,"Bahria Town, Islamabad, Islamabad Capital",Sector B 6 Marla Slightly Used House Excellent Construction Quality With 10 KW Solar Installed Sun Facing Available For Sale Note: Most Beautiful Location Of Sector B Walking Distance From Mosque Park And Commercial. Meeting With Director Owner Accommodation: 3 Bedrooms With Attach Bathrooms 1 Kitchen 2 Tv Lounge Drawing &Amp; Dinning Room Servant Quarter With Attached Bath Front Terrace 2 Car Parking Note: Best Quality Guaranteed Construction &Amp; Finishing Material. Ideal Location For Living And Enjoying The Amenities &Amp; Live In A Healthy Natural Environment Contact For More Details:,"Built in year: 2015, Parking Spaces: 2, Double Glazed Windows, Central Air Conditioning, Central Heating, Flooring, Electricity Backup, Waste Disposal, Floors: 2, Other Main Features, Furnished","Bedrooms: 3, Bathrooms: 4, Servant Quarters: 1, Drawing Room, Dining Room, Kitchens: 1, Study Room, Prayer Room, Powder Room, Gym, Store Rooms: 1, Steam Room, Lounge or Sitting Room, Laundry Room","Broadband Internet Access, Satellite or Cable TV Ready, Intercom","Community Lawn or Garden, Community Swimming Pool, Community Gym, First Aid or Medical Centre, Day Care Centre, Kids Play Area, Barbeque Area, Mosque, Community Centre","Lawn or Garden, Swimming Pool, Sauna, Jacuzzi","Nearby Schools, Nearby Hospitals, Nearby Shopping Malls, Nearby Restaurants, Distance From Airport (kms), Nearby Public Transport Service, Other Nearby Places","Maintenance Staff, Security Staff, Facilities for Disabled, Other Facilities",,,
https://www.zameen.com/Property/f_10_f-10_1_1_kanal_house_available_for_sale_f10_1-53280844-3276-1.html,"F-10/1, F-10",House,PKR16.5 Crore,5,1 Kanal,For Sale,5,4 months ago,"F-10, Islamabad, Islamabad Capital",1 KANAL HOUSE AVAILABLE FOR SALE F10/1 MORE INFORMATION CALL ALI View Contact Detail View Contact Detail,"Built in year, Parking Spaces, Double Glazed Windows, Central Air Conditioning, Central Heating, Flooring, Electricity Backup, Waste Disposal, Floors: 2, Other Main Features","Bedrooms: 5, Bathrooms: 5, Servant Quarters: 1, Drawing Room, Dining Room, Kitchens: 1, Study Room, Prayer Room, Powder Room, Gym, Steam Room, Lounge or Sitting Room, Laundry Room, Other Rooms","Broadband Internet Access, Satellite or Cable TV Ready, Intercom, Other Business and Communication Facilities","Community Lawn or Garden, Community Swimming Pool, Community Gym, First Aid or Medical Centre, Day Care Centre, Kids Play Area, Barbeque Area, Mosque, Community Centre, Other Community Facilities","Lawn or Garden, Swimming Pool, Sauna, Jacuzzi, Other Healthcare and Recreation Facilities","Nearby Schools, Nearby Hospitals, Nearby Shopping Malls, Nearby Restaurants, Distance From Airport (kms), Nearby Public Transport Service, Other Nearby Places",,,,
https://www.zameen.com/Property/g_11_g-11_2_5_5_marla_beautiful_house_for_sale_in_g-11_2_islamabad-53323565-3331-1.html,"G-11/2, G-11",House,PKR6.3 Crore,5,5.5 Marla,For Sale,6,3 months ago,"G-11, Islamabad, Islamabad Capital","Presenting a stunning and well-maintained 5.5 Marla house located in one of the most sought-after sectors of Islamabad G-11/2. This property is designed for those who value modern living, comfort, and accessibility in a peaceful neighborhood. This spacious house features 6 bedrooms, 5 elegantly designed washrooms, and 3 fully equipped kitchens ideal for large families or those who prefer multi-unit living. Every floor has been constructed with attention to detail, ensuring both functionality and style. Property Features: Plot Size: 5.5 Marla Location: G-11/2, Islamabad Bedrooms: 6 Washrooms: 5 Kitchens: 3 Car Parking Space: Available Terrace & open area for natural light and ventilation 24/7 water, gas, and electricity supply Nearby Facilities: Walking distance to markets, schools, and mosques Easy access to Kashmir Highway and GT Road Peaceful environment with family-oriented surroundings Demand: 6.30 Crore This is a perfect opportunity to own a premium home in one of Islamabads prime locations ideal for both living and investment purposes. For more details or a visit, please contact now.","Parking Spaces, Floors: 2","Bedrooms, Bathrooms: 5, Servant Quarters: 1, Drawing Room, Dining Room, Kitchens: 3, Lounge or Sitting Room","Broadband Internet Access, Satellite or Cable TV Ready","Community Lawn or Garden, Community Gym, Mosque",,"Nearby Schools, Nearby Hospitals, Nearby Shopping Malls, Nearby Restaurants, Distance From Airport (kms), Nearby Public Transport Service, Other Nearby Places","Security Staff, Other Facilities",,,
https://www.zameen.com/Property/islamabad_d-17_brand_new_luxury_house-53259946-737-1.html,"D-17, Islamabad",House,PKR7.25 Crore,7,1 Kanal,For Sale,5,2 months ago,"D-17, Islamabad, Islamabad Capital","1 KANAL HOUSE, IN CDA SECTOR NEWLY CONSTRUCTED, MAIN DOUBLE ROAD HOUSE WITH PARK FACING MARKET AT WALKING DISTANCE. A+ MATERIAL USED IN CONSTRUCTION, LAVISH FINISHING FILLING EVERY INCH WITH LUXURY. 5 BED ROOMS 2 DINING ROOM 2 DRAWING ROOM 2 LOUNGE 2 KITCHEN ROOFTOP SITTING AREA WITH BBQ AREA, PERFECT HOME FOR LIVING","Built in year: 2025, Parking Spaces: 2, Double Glazed Windows, Flooring, Electricity Backup, Waste Disposal, Floors: 2, Other Main Features, Furnished","Bedrooms: 5, Bathrooms, Servant Quarters: 1, Drawing Room, Dining Room, Kitchens: 2, Store Rooms: 2, Lounge or Sitting Room, Laundry Room, Other Rooms","Broadband Internet Access, Other Business and Communication Facilities","Community Lawn or Garden, Community Swimming Pool, Community Gym, First Aid or Medical Centre, Day Care Centre, Kids Play Area, Barbeque Area, Mosque, Community Centre, Other Community Facilities","Lawn or Garden, Other Healthcare and Recreation Facilities","Nearby Schools, Nearby Hospitals, Nearby Shopping Malls, Nearby Restaurants, Distance From Airport (kms), Nearby Public Transport Service, Other Nearby Places","Security Staff, Other Facilities",,,
https://www.zameen.com/Property/d_12_d-12_2_on_excellent_location_d-12_2_10_marla_house_up_for_sale-52925710-3155-1.html,"D-12/2, D-12",House,PKR11.4 Crore,6,10 Marla,For Sale,6,2 months ago,"D-12, Islamabad, Islamabad Capital","Top Location Designer House Is Available For Sale In Located At Prime Location Of D-12/2 Islamabad Size ( 35X70) 10 Marla CDA Sector Great Opportunity For You, Don'T Miss It. . . Original Pictures And Video Are Attached About The Property: 6 Bedrooms 6 Washrooms 2 Drawing Dining 2 Kitchens 2 Tv Lounge Servent With Mummty 2 Car Parking Tille Flooring Ideal Locality Excellent Wood Work Beautiful Location Upscale Neighbor Hood Electricity Meters Are Available and also gas meter installed Water Boring Also Water Supply Facility Available All Facilities Are Available Which Is The Need Of Living Easy Access By Margalla Avenue And Near To Main Double Road Near To School, College, Market, Masjid, And Metro Cash And Carry Public Transport, Hospitals And Etc. Located In One Of The Best Locations Of D-12 Islamabad Just Call Us For Visit. . . If U Want To Live In An Environment Which Is Absolutely Secured And Peaceful Then It Is Right Time And Right Place To Invest Ur Money More Details Please Call Deal With Owner","Built in year: 2026, Parking Spaces: 2, Double Glazed Windows, Central Air Conditioning, Central Heating, Flooring, Electricity Backup, Waste Disposal, Floors: 2, Other Main Features, Furnished","Bedrooms: 5, Bathrooms: 5, Servant Quarters: 1, Drawing Room, Dining Room, Kitchens: 2, Study Room, Prayer Room, Powder Room, Gym, Store Rooms: 1, Steam Room, Lounge or Sitting Room, Laundry Room, Other Rooms","Broadband Internet Access, Satellite or Cable TV Ready, Intercom, Other Business and Communication Facilities","Community Lawn or Garden, Community Swimming Pool, Community Gym, First Aid or Medical Centre, Day Care Centre, Kids Play Area, Barbeque Area, Mosque, Community Centre, Other Community Facilities","Lawn or Garden, Swimming Pool, Sauna, Jacuzzi, Other Healthcare and Recreation Facilities","Nearby Schools, Nearby Hospitals, Nearby Shopping Malls, Nearby Restaurants, Distance From Airport (kms), Nearby Public Transport Service, Other Nearby Places","Maintenance Staff, Security Staff, Facilities for Disabled, Other Facilities",,,
https://www.zameen.com/Property/bahria_enclave_bahria_enclave_-_sector_n_sector_n_5_marla_grey_structure_available_for_sale-52874328-11975-1.html,"Bahria Enclave - Sector N, Bahria Enclave",House,PKR1.58 Crore,3,5 Marla,For Sale,3,2 months ago,"Bahria Town, Islamabad, Islamabad Capital",Sector N 5 Marla Grey Structure House For Sale Ideal Location 3 Bedrooms with Attached Bathrooms Kitchen 2 TV Lounge Drawing and Dining Room 1 Servant Quarter with Bathroom Beautiful Terrace View Car Poarch Peaceful Environment Attractive and Splendid Views All Living Facilities and Amenities are Available Secure Living Standards 24 7 Power Supply and Many More Come and avail this opportunity because all basic requirements are available at your door step Contact us for More Details,"Built in year: 2025, Parking Spaces: 1, Double Glazed Windows, Central Air Conditioning, Central Heating, Flooring, Electricity Backup, Waste Disposal, Floors: 2, Other Main Features, Furnished","Bedrooms: 3, Bathrooms: 3, Servant Quarters: 1, Drawing Room, Dining Room, Kitchens: 1, Study Room, Prayer Room, Powder Room, Gym, Store Rooms: 1, Steam Room, Lounge or Sitting Room, Laundry Room, Other Rooms","Broadband Internet Access, Satellite or Cable TV Ready, Intercom, Other Business and Communication Facilities","Community Lawn or Garden, Community Swimming Pool, Community Gym, First Aid or Medical Centre, Day Care Centre, Kids Play Area, Barbeque Area, Mosque, Community Centre, Other Community Facilities","Lawn or Garden, Swimming Pool, Sauna, Jacuzzi, Other Healthcare and Recreation Facilities","Nearby Schools, Nearby Hospitals, Nearby Shopping Malls, Nearby Restaurants, Distance From Airport (kms), Nearby Public Transport Service, Other Nearby Places","Maintenance Staff, Security Staff, Facilities for Disabled, Other Facilities",,,
https://www.zameen.com/Property/mpchs_multi_gardens_mpchs_-_block_f_5_marla_corner_designer_house_for_sale-53239273-8527-1.html,"MPCHS - Block F, MPCHS - Multi Gardens",House,PKR2.8 Crore,4,5.6 Marla,For Sale,4,4 months ago,"B-17, Islamabad, Islamabad Capital","5 Marla Corner Designer House for Sale in Block F B-17 Amenities & Features: 4 Spacious Bedrooms with Attached Bathrooms Stylish TV Lounge Modern Open Kitchen Drawing Room Dining Area Store Room Powder Room 1 Car Parking Space Front Open View Tiled Flooring Solid Wood Doors & Cupboards Electricity, Water & Gas Connections Available Laundry Area Excellent Ventilation & Natural Light Nearby Facilities Masjid within Walking Distance Parks & Green Belts Commercial Market Nearby Schools & Colleges in Vicinity Easy Access to Main Road & Public Transport For more details contact Us","Built in year: 2025, Parking Spaces, Double Glazed Windows, Flooring, Electricity Backup, Waste Disposal, Floors: 2, Other Main Features","Bedrooms: 4, Bathrooms: 4, Servant Quarters: 1, Drawing Room, Dining Room, Kitchens: 2, Store Rooms: 2, Lounge or Sitting Room, Laundry Room","Broadband Internet Access, Satellite or Cable TV Ready, Intercom","Community Lawn or Garden, Community Swimming Pool, Community Gym, First Aid or Medical Centre, Day Care Centre, Kids Play Area, Barbeque Area, Mosque, Community Centre",Lawn or Garden,"Nearby Schools, Nearby Hospitals, Nearby Shopping Malls, Nearby Restaurants, Distance From Airport (kms), Nearby Public Transport Service, Other Nearby Places","Security Staff, Other Facilities",,,
https://www.zameen.com/Property/gulberg_gulberg_greens_2_bed_apartment_available_for_sale_in_gulberg_green_islamabad-53252845-8312-1.html,"Gulberg Greens, Gulberg",Flat,PKR1 Crore,2,3.2 Marla,For Sale,2,4 months ago,"Gulberg, Islamabad, Islamabad Capital","2-Bedroom Furnished Apartment for Sale Gulberg Green, Islamabad A luxuriously furnished 2-bedroom apartment is available for sale in the highly sought-after area of Gulberg Green, Islamabad. Perfect for small families, investors, or those seeking a peaceful yet well-connected lifestyle, this apartment offers modern comfort in a prime location. Property Features: 2 spacious, fully furnished bedrooms with built-in wardrobes Elegant living room with high-quality furniture and decor Open-plan kitchen with appliances (refrigerator, microwave, stove, etc. ) 2 modern bathrooms with quality fittings Air conditioning, heating, and ceiling fans Dedicated laundry space with washing machine LED TV, curtains, carpets, and complete furnishing included Reserved car parking 24/7 security, elevator access, and standby generator Location Highlights: Located in the heart of Gulberg Green, Islamabad Easy access to Islamabad Expressway Gated community with parks, schools, and shopping nearby Ideal for residence or rental investment Asking Price: [Insert Price] Size: [Insert Size in sq ft or Marla] Possession & Documentation: Ready for transfer Contact now to arrange a viewing or request more details. View Contact Detail","Built in year: 2022, Parking Spaces: 1, Lobby in Building, Double Glazed Windows, Central Air Conditioning, Central Heating, Flooring, Electricity Backup, Waste Disposal, Floor: 5, Floors in Building: 8, Elevators: 2, Service Elevators in Building, Other Main Features, Furnished","Bedrooms: 2, Bathrooms: 1, Servant Quarters, Drawing Room, Dining Room, Kitchens: 1, Study Room, Prayer Room, Powder Room, Gym, Store Rooms, Steam Room, Lounge or Sitting Room, Laundry Room, Other Rooms","Broadband Internet Access, Satellite or Cable TV Ready, Business Center or Media Room in Building, Conference Room in Building, Intercom, ATM Machines, Other Business and Communication Facilities","Community Lawn or Garden, Community Swimming Pool, Community Gym, First Aid or Medical Centre, Day Care Centre, Kids Play Area, Barbeque Area, Mosque, Community Centre, Other Community Facilities","Sauna, Jacuzzi, Other Healthcare and Recreation Facilities","Nearby Schools, Nearby Hospitals, Nearby Shopping Malls, Nearby Restaurants, Distance From Airport (kms), Nearby Public Transport Service, Other Nearby Places","Maintenance Staff, Security Staff, Laundry or Dry Cleaning Facility, Communal/Shared Kitchen, Facilities for Disabled, Pets Not Allowed, Other Facilities",,,
https://www.zameen.com/Property/islamabad_faisal_town_-_f-18_5_marla_double_unit_ultra_modern_designer_double_heighted_house_available_for_sale_in_faisal_town_f-18_islamabad-53068764-8260-1.html,"Faisal Town - F-18, Islamabad",House,PKR3 Crore,6,5 Marla,For Sale,4,4 months ago,"Faisal Town - F-18, Islamabad, Islamabad Capital","1250 Square Feet House Is Available For Sale In Faisal Town Phase 1 Islamabad. 4 Bedrooms. 2 Drawings. 2 Dining +Kitchens. 6 Washrooms. Prime Location House High Quality Construction And Branded Interior Used High Quality Wooden For Door And Cupboard Near The Main Center Wapda Electricity Sun Facing Gas Applied Double Story +Mumti Bedrooms Drawing,Tv Lounge Servant Room With Bathroom At Top. Area 25x50 Square Feet.","Built in year: 2025, Parking Spaces, Double Glazed Windows, Central Air Conditioning, Central Heating, Flooring, Electricity Backup, Waste Disposal, Other Main Features, Furnished","Bedrooms: 4, Bathrooms: 5, Servant Quarters: 1, Drawing Room, Dining Room, Kitchens: 2, Study Room, Prayer Room, Powder Room, Gym, Store Rooms: 1, Steam Room, Lounge or Sitting Room, Laundry Room, Other Rooms","Broadband Internet Access, Satellite or Cable TV Ready, Intercom, Other Business and Communication Facilities","Community Lawn or Garden, Community Swimming Pool, Community Gym, First Aid or Medical Centre, Day Care Centre, Kids Play Area, Barbeque Area, Mosque, Community Centre, Other Community Facilities","Sauna, Jacuzzi, Other Healthcare and Recreation Facilities","Nearby Schools, Nearby Hospitals, Nearby Shopping Malls, Nearby Restaurants, Distance From Airport (kms), Nearby Public Transport Service, Other Nearby Places","Maintenance Staff, Security Staff, Facilities for Disabled, Other Facilities",,,
https://www.zameen.com/Property/dha_defence_phase_5_askari_tower_3_askari_tower_3_dha_5_islamabad_3rd_floor_flat_available_for_sale-51781472-17434-1.html,"Askari Tower 3, DHA Defence Phase 5",Flat,PKR3.4 Crore,3,11.8 Marla,For Sale,3,2 months ago,"DHA Defence, Islamabad, Islamabad Capital","DHA5 Islamabad Askari Tower 3 Margallah facing 3rd FLOOR 3 bedrooms flat available for sale All Askaries in pakistan innovative design in Askari Tower-3 other Askaries 2250 squarefeet but Tower-3 Islamabad 2650 squarefeet covered area >3 Master bedrooms >3 washrooms >1 drawing +dinning room >1TV lounge >1 kitchen > 1 Servant quater with attached >1store room >laundry area ,emergency stairs >Two lifts are installed and underground basement parking All rooms and TV lounges and kitchen and Servant quater are beautiful Tyling floors and modern washrooms Big Lobbies in this Askari You're referring to the living standards of DHA Phase 5 and Askari Tower 3 in Islamabad, Pakistan! Both DHA Phase 5 and Askari Tower 3 are considered premium neighborhoods in lslamabad, offering a high standard of living. Here's a breakdown: DHA Phase 5: Modern, spacious houses and apartments with advanced security features Assets: High-end appliances, furniture, and electronics > DEMAND 3 CRORE 40 LAC Regards Chaudhry Muhammad Haseeb View Contact Detail Gulf Property zone Education: Access to top-tier schools and universities Employment: High-paying jobs in various industries Expenditure: High disposable income, luxury shopping, and dining Access to basic services: Excellent access to healthcare, sanitation, water, electricity, and internet Askari Tower 3: Housing: Luxury apartments with modern amenities and security features Assets: High-end appliances, furniture, and electronics Education: Access to top-tier schools and universities Employment: High-paying jobs in various industries Expenditure: High disposable income, luxury shopping, and dining Access to basic services: Excellent access to healthcare, sanitation, water, electricity, and internet In terms of the Askari 14 scale, both DHA Phase 5 and Askari Tower 3 would likely fall in the range of 13-14 indicating a very high standard of living. Please note that these estimates may vary depending on individual circumstances. Would you like more information on these neighborhoods or living standards in Islamabad? l'm here to help! >DEMAND 3 CRORE 40 LACs Regards Gulf Property zone","Built in year: 2022, Parking Spaces: 2, Lobby in Building, Double Glazed Windows, Central Air Conditioning, Central Heating, Flooring, Electricity Backup, Waste Disposal, Floor: 01, Floors in Building: 11, Elevators: 2, Service Elevators in Building, Other Main Features","Bedrooms: 3, Bathrooms: 3, Servant Quarters: 1, Drawing Room, Dining Room, Kitchens: 1, Prayer Room, Powder Room, Store Rooms: 1, Steam Room, Lounge or Sitting Room, Laundry Room, Other Rooms","Broadband Internet Access, Satellite or Cable TV Ready, Business Center or Media Room in Building, Conference Room in Building, Intercom, ATM Machines, Other Business and Communication Facilities","Community Lawn or Garden, Community Swimming Pool, Community Gym, First Aid or Medical Centre, Day Care Centre, Kids Play Area, Barbeque Area, Mosque, Community Centre, Other Community Facilities","Sauna, Jacuzzi, Other Healthcare and Recreation Facilities","Nearby Schools, Nearby Hospitals, Nearby Shopping Malls, Nearby Restaurants, Distance From Airport (kms), Nearby Public Transport Service, Other Nearby Places","Maintenance Staff, Security Staff, Laundry or Dry Cleaning Facility, Communal/Shared Kitchen, Facilities for Disabled, Pets Allowed, Other Facilities",,,
https://www.zameen.com/Property/dha_defence_dha_defence_phase_2_1_kanal_house_for_sale_dha_phase_2-53194341-339-1.html,"DHA Defence Phase 2, DHA Defence",House,PKR7.8 Crore,6,1 Kanal,For Sale,6,2 months ago,"DHA Defence, Islamabad, Islamabad Capital","DHA phase 2 for sale 1 kanal used house sector D . 6 bedroom drawing dining room tv lounch +2 kitchen loundary area servant available and tile flooring house 3 car parking available 2 electricity and 2 gas meter available asking price 840,000,00 negotiable","Built in year: 2019, Parking Spaces, Double Glazed Windows, Central Air Conditioning, Central Heating, Flooring, Electricity Backup, Waste Disposal, Floors: 2, Other Main Features, Furnished","Bedrooms: 6, Bathrooms: 8, Servant Quarters: 2, Drawing Room, Dining Room, Kitchens: 2, Study Room, Prayer Room, Powder Room, Gym, Store Rooms: 2, Steam Room, Lounge or Sitting Room, Laundry Room, Other Rooms","Broadband Internet Access, Satellite or Cable TV Ready, Intercom, Other Business and Communication Facilities","Community Lawn or Garden, Community Swimming Pool, Community Gym, First Aid or Medical Centre, Day Care Centre, Kids Play Area, Barbeque Area, Mosque, Community Centre, Other Community Facilities","Lawn or Garden, Swimming Pool, Sauna, Jacuzzi, Other Healthcare and Recreation Facilities","Nearby Schools, Nearby Hospitals, Nearby Shopping Malls, Nearby Restaurants, Distance From Airport (kms), Nearby Public Transport Service, Other Nearby Places","Maintenance Staff, Security Staff, Facilities for Disabled, Other Facilities",,,
https://www.zameen.com/Property/dha_defence_dha_defence_phase_2_1_kanal_house_for_sale_dha_phase_2-53146375-339-1.html,"DHA Defence Phase 2, DHA Defence",House,PKR7.75 Crore,6,1 Kanal,For Sale,6,4 months ago,"DHA Defence, Islamabad, Islamabad Capital",DHA phase 2 for sale 1 kanal used House . 6 bedroom drawing dining room. 8 bathroom. 2 kitchen 3 car parking available 2 electricity and 2 gas meter separate available tile flooring and owner built House solid construction . Asking price 84000000 negotiable.,"Built in year: 2019, Parking Spaces: 3, Double Glazed Windows, Central Air Conditioning, Central Heating, Flooring, Electricity Backup, Waste Disposal, Other Main Features, Furnished","Bedrooms: 6, Bathrooms: 8, Servant Quarters: 2, Drawing Room, Dining Room, Kitchens: 2, Study Room, Prayer Room, Powder Room, Gym, Store Rooms: 2, Steam Room, Lounge or Sitting Room, Laundry Room, Other Rooms","Broadband Internet Access, Satellite or Cable TV Ready, Intercom, Other Business and Communication Facilities","Community Lawn or Garden, Community Swimming Pool, Community Gym, First Aid or Medical Centre, Day Care Centre, Kids Play Area, Barbeque Area, Mosque, Community Centre, Other Community Facilities","Lawn or Garden, Swimming Pool, Sauna, Jacuzzi, Other Healthcare and Recreation Facilities","Nearby Schools, Nearby Hospitals, Nearby Shopping Malls, Nearby Restaurants, Other Nearby Places","Maintenance Staff, Security Staff, Facilities for Disabled, Other Facilities",,,
https://www.zameen.com/Property/islamabad_f-8_f-8_house_for_sale-45505471-166-1.html,"F-8, Islamabad",House,PKR50 Crore,-,2.5 Kanal,For Sale,5,3 months ago,"F-8, Islamabad, Islamabad Capital","Marriott Estate And Builders Offer a Ideal House having following properties:- 1. Have 6 bedrooms with attached washrooms. 2. Two advanced kitchens. 3. Two T. V lounges, 4. Drawing room 5. Dining room, 6. Beautiful lawn 7. Terrace, 8. Servant rooms 9. Multiple car parkings 10. Installed air conditioners, 11. Central heating system 12. Water bore. We have also multiple options available for sale and rent in sectors F-6, F-7, F-8, E-7, G-6(3) F-10, F-11 Islamabad For further assistance please contact with us.","Built in year: 2018, Parking Spaces: 7, Double Glazed Windows, Central Air Conditioning, Central Heating, Flooring, Electricity Backup","Bedrooms: 6, Bathrooms: 7, Servant Quarters: 2, Drawing Room, Dining Room, Kitchens: 2, Study Room, Prayer Room, Powder Room, Gym, Steam Room, Lounge or Sitting Room, Laundry Room","Broadband Internet Access, Satellite or Cable TV Ready, Intercom","Community Lawn or Garden, Community Gym, First Aid or Medical Centre, Day Care Centre, Kids Play Area, Barbeque Area, Mosque, Community Centre","Sauna, Jacuzzi","Nearby Schools, Nearby Hospitals, Nearby Shopping Malls, Nearby Restaurants, Distance From Airport (kms), Nearby Public Transport Service, Other Nearby Places","Maintenance Staff, Security Staff, Facilities for Disabled, Other Facilities",,,
https://www.zameen.com/Property/islamabad_f-7_f-7_house_for_sale-49330398-165-1.html,"F-7, Islamabad",House,PKR30 Crore,-,1 Kanal,For Sale,5,3 months ago,"F-7, Islamabad, Islamabad Capital","Marriott Estate And Builders Offer a Ideal House having following properties:- 1. Have 6 bedrooms with attached washrooms. 2. Two advanced kitchens. 3. Two T. V lounges, 4. Drawing room 5. Dining room, 6. Beautiful lawn 7. Terrace, 8. Servant rooms 9. Multiple car parkings 10. Installed air conditioners, 11. Central heating system 12. Water bore. We have also multiple options available for sale and rent in sectors F-6, F-7, F-8, E-7, G-6(3) F-10, F-11 Islamabad For further assistance please contact with us.","Built in year: 2009, Parking Spaces: 7, Double Glazed Windows, Central Air Conditioning, Central Heating, Flooring, Electricity Backup, Waste Disposal, Other Main Features, Furnished","Bedrooms: 5, Bathrooms: 6, Servant Quarters: 2, Drawing Room, Dining Room, Kitchens: 2, Study Room, Prayer Room, Powder Room, Gym, Store Rooms: 1, Steam Room, Lounge or Sitting Room, Laundry Room, Other Rooms","Broadband Internet Access, Satellite or Cable TV Ready, Intercom, Other Business and Communication Facilities","Community Lawn or Garden, Community Swimming Pool, Community Gym, First Aid or Medical Centre, Day Care Centre, Kids Play Area, Barbeque Area, Mosque, Community Centre, Other Community Facilities","Lawn or Garden, Swimming Pool, Sauna, Jacuzzi, Other Healthcare and Recreation Facilities","Nearby Schools, Nearby Hospitals, Nearby Shopping Malls, Nearby Restaurants, Distance From Airport (kms), Nearby Public Transport Service, Other Nearby Places","Maintenance Staff, Security Staff, Facilities for Disabled, Other Facilities",,,
https://www.zameen.com/Property/islamabad_f-7_f-7_house_for_sale-49793946-165-1.html,"F-7, Islamabad",House,PKR75 Crore,-,2.5 Kanal,For Sale,7,4 months ago,"F-7, Islamabad, Islamabad Capital","Marriott Estate And Builders Offer a Ideal House having following properties:- 1. Have 6 bedrooms with attached washrooms. 2. Two advanced kitchens. 3. Two T. V lounges, 4. Drawing room 5. Dining room, 6. Beautiful lawn 7. Terrace, 8. Servant rooms 9. Multiple car parkings 10. Installed air conditioners, 11. Central heating system 12. Water bore. We have also multiple options available for sale and rent in sectors F-6, F-7, F-8, E-7, G-6(3) F-10, F-11 Islamabad For further assistance please contact with us.","Built in year: 2009, Parking Spaces: 7, Double Glazed Windows, Central Air Conditioning, Central Heating, Flooring, Electricity Backup, Floors: 2, Other Main Features, Furnished","Bedrooms: 6, Bathrooms: 7, Servant Quarters: 2, Drawing Room, Dining Room, Kitchens: 2, Study Room, Prayer Room, Powder Room, Gym, Steam Room, Lounge or Sitting Room, Laundry Room","Broadband Internet Access, Satellite or Cable TV Ready, Intercom","Community Lawn or Garden, Community Gym, First Aid or Medical Centre, Day Care Centre, Kids Play Area, Barbeque Area, Mosque, Community Centre","Sauna, Jacuzzi","Nearby Schools, Nearby Hospitals, Nearby Shopping Malls, Nearby Restaurants, Distance From Airport (kms), Nearby Public Transport Service, Other Nearby Places","Maintenance Staff, Security Staff, Facilities for Disabled, Other Facilities",,,
https://www.zameen.com/Property/soan_garden_soan_garden_-_block_d_house_for_sale_in_soan_garden-52456922-3494-1.html,"Soan Garden - Block D, Soan Garden",House,PKR4.25 Crore,6,10 Marla,For Sale,7,4 days ago,"Soan Garden, Islamabad, Islamabad Capital",House for sale in Soan Garden A+ solid infrastructure Spanish style house design with cnc front grills Location Soan Garden Islamabad block D Prime location Plot size 10 Marla house 9 washroom 7 bedroom 1 drawing room 1 servant room Rcc water tank 2 to 3 car parking space A+ quality material were used Solid infrastructure Demand 4 crore 25 lac For further details contact us,"Built in year: 2022, Parking Spaces: 2, Double Glazed Windows, Central Air Conditioning, Central Heating, Flooring, Electricity Backup, Waste Disposal","Bedrooms: 8, Bathrooms: 8, Servant Quarters: 1, Drawing Room, Dining Room, Kitchens: 2, Study Room, Prayer Room, Powder Room, Gym, Store Rooms: 1, Steam Room, Lounge or Sitting Room, Laundry Room","Broadband Internet Access, Satellite or Cable TV Ready, Intercom, Other Business and Communication Facilities","Community Lawn or Garden, Community Swimming Pool, Community Gym, First Aid or Medical Centre, Day Care Centre, Kids Play Area, Barbeque Area, Mosque, Community Centre, Other Community Facilities","Lawn or Garden, Swimming Pool, Sauna, Jacuzzi","Nearby Schools, Nearby Hospitals, Nearby Shopping Malls, Nearby Restaurants, Distance From Airport (kms), Nearby Public Transport Service, Other Nearby Places","Maintenance Staff, Security Staff, Facilities for Disabled, Other Facilities",,,
https://www.zameen.com/Property/bahria_enclave_bahria_enclave_-_sector_c1_sun-facing_dream_home_with_double_heighted_in_prime_c1_bahria_enclave_excellent_finishing-53035321-11987-1.html,"Bahria Enclave - Sector C1, Bahria Enclave",House,PKR5.5 Crore,6,10 Marla,For Sale,4,2 months ago,"Bahria Town, Islamabad, Islamabad Capital","Headline: Sun-Facing Dream Home In Prime C1, Bahria Enclave | Excellent Finishing Discover Your Perfect Dream Home In The Highly Sought-After Sector C1 Of Bahria Enclave, Islamabad. This Impeccably Designed Sun-Facing House Offers The Ultimate Blend Of Luxury, Comfort, And Convenience. Prime Location Benefits: Steps From Amenities: Enjoy Unparalleled Convenience With A Community Mosque, Lush Green Park, And Bustling Local Market All Just A Short Walk From Your Doorstep. Sun-Facing Orientation: Flooded With Natural Light All Day Long, Creating A Warm, Bright, And Positive Atmosphere While Reducing Energy Costs. Property Highlights: Exquisite Finishing: Meticulous Attention To Detail Is Evident Throughout. The House Features High-Quality Materials And Excellent Finishing, Ready For You To Move In And Start Living. Dream Home Layout: Thoughtfully Designed Spaces Offer Both Cozy Family Living And Elegant Entertainment Areas, Truly Making It A ""Forever Home. "" This Is A Rare Opportunity To Own A Premium Property In One Of Islamabad'S Most Desirable Neighborhoods. Don'T Let This Chance Slip Away. Contact Today To Schedule A Private Viewing!","Built in year: 2025, Parking Spaces: 2, Double Glazed Windows, Central Air Conditioning, Central Heating, Flooring, Electricity Backup, Waste Disposal, Floors: 3, Other Main Features, Furnished","Bedrooms: 5, Bathrooms: 6, Servant Quarters: 1, Drawing Room, Dining Room, Kitchens: 2, Study Room, Prayer Room, Powder Room, Gym, Store Rooms: 1, Steam Room, Lounge or Sitting Room, Laundry Room, Other Rooms","Broadband Internet Access, Satellite or Cable TV Ready, Intercom, Other Business and Communication Facilities","Community Lawn or Garden, Community Swimming Pool, Community Gym, First Aid or Medical Centre, Day Care Centre, Kids Play Area, Barbeque Area, Mosque, Community Centre, Other Community Facilities","Lawn or Garden, Swimming Pool, Sauna, Jacuzzi, Other Healthcare and Recreation Facilities","Nearby Schools, Nearby Hospitals, Nearby Shopping Malls, Nearby Restaurants, Distance From Airport (kms), Nearby Public Transport Service, Other Nearby Places","Maintenance Staff, Security Staff, Facilities for Disabled, Other Facilities",,,
https://www.zameen.com/Property/islamabad_bani_gala_4_bed_brand_new_corner_designer_house_for_sale_on_18_marla-51996443-340-1.html,"Bani Gala, Islamabad",House,PKR7 Crore,5,18 Marla,For Sale,4,4 days ago,"Bani Gala, Islamabad, Islamabad Capital","Ground Floor ""1 Master Room With Bath , Drawing Dinning , Powder Room , Living Room , Kitchen , 2 Side Car Porch , Lawan , Sarvent QTR 1st Floor ""2 Bed Room With At Bath , Kitchen , Tv lounge , 2 Side Terrace 2nd Floor ""1 Bed Room , Study Room , Laundry Room , Lobby. & Roof top Near To Imran Khan Chowk ,Beaconhouse, Olevel's. Com & Unity School Easy Access To Muree Road Out Class Location","Built in year: 2024, Parking Spaces: 5, Double Glazed Windows, Central Air Conditioning, Central Heating, Flooring, Electricity Backup, Waste Disposal, Floors: 2, Other Main Features, Furnished","Bedrooms: 4, Bathrooms: 5, Servant Quarters: 2, Drawing Room, Dining Room, Kitchens: 2, Study Room, Prayer Room, Powder Room, Gym, Store Rooms: 1, Steam Room, Lounge or Sitting Room, Laundry Room, Other Rooms","Broadband Internet Access, Satellite or Cable TV Ready, Intercom, Other Business and Communication Facilities","Community Lawn or Garden, Community Swimming Pool, Community Gym, First Aid or Medical Centre, Day Care Centre, Kids Play Area, Barbeque Area, Mosque, Community Centre, Other Community Facilities","Lawn or Garden, Swimming Pool, Sauna, Jacuzzi, Other Healthcare and Recreation Facilities","Nearby Schools, Nearby Hospitals, Nearby Shopping Malls, Nearby Restaurants, Distance From Airport (kms), Nearby Public Transport Service, Other Nearby Places","Maintenance Staff, Security Staff, Facilities for Disabled, Other Facilities",,,
https://www.zameen.com/Property/islamabad_bani_gala_5_bed_brand_new_designer_house_for_sale_on_10_marla-51988333-340-1.html,"Bani Gala, Islamabad",House,PKR4 Crore,5,10 Marla,For Sale,5,5 months ago,"Bani Gala, Islamabad, Islamabad Capital","Ground Floor ""2 Bed With At Bath , Tv lounge , Drawing Room ,Kitchen , TV lounge , 2 Car Parking Space 1st Floor ""2 Bed With at Bath , Kitchen , Tv lounge Drawing Room , Terrace 2nd Floor ""1 Bed With Bath , Mumti & Roof top Near To Beaconhouse, Olevels. com & Unity School Easy Access To Muree Rd","Built in year: 2024, Parking Spaces: 2, Flooring","Bedrooms: 5, Bathrooms: 5, Servant Quarters: 1, Drawing Room, Dining Room, Kitchens: 2, Powder Room, Store Rooms: 1, Lounge or Sitting Room, Laundry Room","Broadband Internet Access, Satellite or Cable TV Ready","Kids Play Area, Barbeque Area, Mosque",,"Nearby Schools, Nearby Hospitals, Nearby Shopping Malls, Nearby Restaurants, Distance From Airport (kms), Nearby Public Transport Service, Other Nearby Places","Security Staff, Other Facilities",,,
https://www.zameen.com/Property/islamabad_bani_gala_5_bed_double_story_house_for_sale_on_7_marla-52176784-340-1.html,"Bani Gala, Islamabad",House,PKR2.15 Crore,6,7 Marla,For Sale,5,4 days ago,"Bani Gala, Islamabad, Islamabad Capital","5 Bed With At Bath , 2 Kitchen ,2 Tv lounge , Drawing Dinning With bath , 2 Car Parking Space , Terrace 30 Ft Street Separate Water Motar & 2 Electric Metar Near To Imran Khan Chowk","Built in year: 2023, Parking Spaces: 2, Double Glazed Windows, Flooring, Electricity Backup, Waste Disposal","Bedrooms: 5, Bathrooms: 6, Servant Quarters: 1, Drawing Room, Dining Room, Kitchens: 2, Powder Room, Store Rooms: 1, Lounge or Sitting Room, Laundry Room","Broadband Internet Access, Satellite or Cable TV Ready, Intercom","Community Lawn or Garden, Community Swimming Pool, Community Gym, First Aid or Medical Centre, Day Care Centre, Kids Play Area, Barbeque Area, Mosque, Community Centre",,"Nearby Schools, Nearby Hospitals, Nearby Shopping Malls, Nearby Restaurants, Distance From Airport (kms), Nearby Public Transport Service, Other Nearby Places","Maintenance Staff, Security Staff, Facilities for Disabled, Other Facilities",,,
https://www.zameen.com/Property/f_6_f-6_1_prime_investment_opportunity_house_in_f-6_cda_transfer_50xx120-53341430-3299-1.html,"F-6/1, F-6",House,PKR35 Crore,7,1.3 Kanal,For Sale,6,3 days ago,"F-6, Islamabad, Islamabad Capital","Looking for a lucrative investment opportunity in Islamabad's prime location? Look no further! We present to you a demolished house in F-6, offering immense potential for investors. Situated in a sought-after area with CDA transfer, this 50x120 plot is a rare find. With an asking price of 35 crores, this property promises high returns on investment. Whether you're planning to rebuild or develop, this prime location guarantees appreciation in value. Plus, we have multiple options available to suit your investment needs. Don't miss out on this golden opportunity. Contact us today to seize the potential of this prime property in F-6!","Built in year: 2002, Parking Spaces: 5, Double Glazed Windows, Central Air Conditioning, Central Heating, Flooring, Electricity Backup, Waste Disposal, Floors: 2, Other Main Features, Furnished","Bedrooms: 6, Bathrooms: 6, Servant Quarters: 2, Drawing Room, Dining Room, Kitchens: 2, Study Room, Prayer Room, Powder Room, Store Rooms: 2, Steam Room, Lounge or Sitting Room, Laundry Room, Other Rooms","Broadband Internet Access, Satellite or Cable TV Ready, Intercom, Other Business and Communication Facilities","Community Lawn or Garden, Community Swimming Pool, Community Gym, First Aid or Medical Centre, Day Care Centre, Kids Play Area, Barbeque Area, Mosque, Community Centre, Other Community Facilities","Lawn or Garden, Other Healthcare and Recreation Facilities","Nearby Schools, Nearby Hospitals, Nearby Shopping Malls, Nearby Restaurants, Distance From Airport (kms), Nearby Public Transport Service, Other Nearby Places","Maintenance Staff, Security Staff, Facilities for Disabled, Other Facilities",,,
https://www.zameen.com/Property/islamabad_g-13_g-13_30x60_designer_house_available_for_sale-53341358-330-1.html,"G-13, Islamabad",House,PKR7 Crore,5,7 Marla,For Sale,5,4 months ago,"G-13, Islamabad, Islamabad Capital","Tri star marketing Brand New House For Sale Located At Prime Location Of G-13 Islamabad Size ( 30x60 )7Marla Great Opportunity For You, Don't Miss It. . . original Pictures Attached about The Property: 5 Bedrooms 5 Washrooms 2 Drawing Room 2 Kitchens 2 Tv Lounge Car Parking Tile Flooring Double Unit House Ideal Locality Electricity & Gas Meters Are Available Water Boring Running & Also Water Supply Facility Available All Facilities Are Available Which Is The Need Of Living Near To Main Double Road And Kashmir Highway Near To School, college, market, masjid public Transport, hospitals And Etc. Located In One Of The Best Locations Of G-13","Built in year: 2020, Parking Spaces: 1, Double Glazed Windows, Central Air Conditioning, Central Heating, Flooring, Electricity Backup, Waste Disposal, Other Main Features, Furnished","Bedrooms: 2, Bathrooms: 3, Servant Quarters: 1, Drawing Room, Dining Room, Kitchens: 1, Study Room, Prayer Room, Powder Room, Gym, Store Rooms: 1, Steam Room, Lounge or Sitting Room, Laundry Room, Other Rooms","Broadband Internet Access, Satellite or Cable TV Ready, Intercom, Other Business and Communication Facilities","Community Lawn or Garden, Community Swimming Pool, Community Gym, First Aid or Medical Centre, Day Care Centre, Kids Play Area, Barbeque Area, Mosque, Community Centre, Other Community Facilities","Lawn or Garden, Swimming Pool, Sauna, Jacuzzi, Other Healthcare and Recreation Facilities","Nearby Schools, Nearby Hospitals, Nearby Shopping Malls, Nearby Restaurants, Distance From Airport (kms), Nearby Public Transport Service, Other Nearby Places","Maintenance Staff, Security Staff, Facilities for Disabled, Other Facilities",,,
https://www.zameen.com/Property/dha_defence_dha_defence_phase_2_luxury_350_sq_ft_marriott_hotel_suite_for_sale_in_florence_galleria_dha_2_islamabad_monthly_rent_rs_97_000_prime_gt_road_location-53323974-339-1.html,"DHA Defence Phase 2, DHA Defence",Flat,PKR1.2 Crore,7,1.6 Marla,For Sale,11,4 months ago,"DHA Defence, Islamabad, Islamabad Capital","Experience premium living and solid returns with this 350 sq ft luxury 3 star Marriott hotel suite located in Florence Galleria, a landmark project by Imarat Group on Main GT Road, DHA Phase 2, Islamabad. This fully serviced suite combines elegant design with international hospitality standards, making it a perfect investment property for both local and overseas buyers. Property Highlights: Size: 350 sq ft Price: Rs 11,725,000 Monthly Rent: Rs 97,000 (Guaranteed Income) Prime GT Road front location near Giga Mall Developed by Imarat Group Fully managed hotel suite hassle-free investment World-class amenities: central AC/heating, lifts, 24/7 security, power backup, concierge & room service Ideal for passive investors seeking steady rental income and long-term capital appreciation Contact now for details, payment plans, and booking limited units available!","Built in year: 2026, Parking Spaces, Lobby in Building, Double Glazed Windows, Central Air Conditioning, Central Heating, Flooring, Electricity Backup, Waste Disposal, Floor: 7, Floors in Building: 10, Elevators: 6, Service Elevators in Building, Other Main Features, Furnished","Bedrooms: 1, Bathrooms: 1, Servant Quarters: 1, Drawing Room, Dining Room, Kitchens: 1, Study Room, Prayer Room, Powder Room, Gym, Store Rooms: 1, Steam Room, Lounge or Sitting Room, Laundry Room, Other Rooms","Broadband Internet Access, Satellite or Cable TV Ready, Business Center or Media Room in Building, Conference Room in Building, Intercom, ATM Machines, Other Business and Communication Facilities","Community Lawn or Garden, Community Swimming Pool, Community Gym, First Aid or Medical Centre, Day Care Centre, Kids Play Area, Barbeque Area, Mosque, Community Centre, Other Community Facilities","Sauna, Jacuzzi, Other Healthcare and Recreation Facilities","Nearby Schools, Nearby Hospitals, Nearby Shopping Malls, Nearby Restaurants, Distance From Airport (kms), Nearby Public Transport Service, Other Nearby Places",,,,
https://www.zameen.com/Property/fechs_jinnah_gardens_brand_new_lop_clear_7_marla_house_for_sale_in_jinhh_garden-53340402-1420-1.html,"Jinnah Gardens, FECHS",House,PKR3.15 Crore,7,7 Marla,For Sale,4,4 months ago,"FECHS, Islamabad, Islamabad Capital",Brand New Lop Clear 7 Marla House For Sale In Jinah Garden Ideal Location Wapda Meter Driect Metting With Owner,"Built in year: 2025, Double Glazed Windows, Central Air Conditioning, Central Heating, Flooring, Electricity Backup, Waste Disposal, Floors, Other Main Features, Furnished","Bedrooms: 4, Bathrooms: 7, Servant Quarters: 1, Drawing Room, Dining Room, Kitchens: 2, Study Room, Prayer Room, Powder Room, Gym, Store Rooms: 1, Steam Room, Lounge or Sitting Room, Laundry Room, Other Rooms","Broadband Internet Access, Satellite or Cable TV Ready, Intercom, Other Business and Communication Facilities","Community Lawn or Garden, Community Swimming Pool, Community Gym, First Aid or Medical Centre, Day Care Centre, Kids Play Area, Barbeque Area, Mosque, Community Centre, Other Community Facilities","Lawn or Garden, Swimming Pool, Sauna, Jacuzzi, Other Healthcare and Recreation Facilities","Nearby Schools, Nearby Hospitals, Nearby Shopping Malls, Nearby Restaurants, Nearby Public Transport Service, Other Nearby Places","Maintenance Staff, Security Staff, Facilities for Disabled",,,
https://www.zameen.com/Property/islamabad_b-17_new_house_for_sale_in_b-17-53201225-616-1.html,"B-17, Islamabad",House,PKR3.95 Crore,6,10 Marla,For Sale,6,3 months ago,"B-17, Islamabad, Islamabad Capital",NEW HOUSE FOR SALE IN B-17 SIZE 10 MARLA SOLID CONSTRUCTION 6 BEDROOM ATTACHED BATH 2 DRYING 2 TV LOUNGE 2 KITCHEN 2 PARKING POWER ROOM WATER BORE SERVENT QUARTER 2ND TO CORNER FROM MAIN DOUBLE ROAD REASONABLE PRICE FOR DETAILS CONTACT DOMESTIC DEALS REAL ESTATE INVESTMENT COMPANY,"Built in year: 2024, Parking Spaces: 2, Double Glazed Windows, Central Heating, Flooring, Waste Disposal, Floors: 2, Other Main Features","Bedrooms: 6, Servant Quarters: 1, Drawing Room, Dining Room, Kitchens: 2, Study Room, Lounge or Sitting Room, Laundry Room",,"Community Lawn or Garden, Community Swimming Pool, First Aid or Medical Centre, Day Care Centre, Kids Play Area, Barbeque Area, Mosque, Community Centre, Other Community Facilities",,"Nearby Shopping Malls, Nearby Restaurants, Distance From Airport (kms), Nearby Public Transport Service",Security Staff,,,
https://www.zameen.com/Property/dha_defence_dha_defence_phase_2_dha2_1_5_kanal_brand_new_luxurious_designer_full_furnished_house-52911426-339-1.html,"DHA Defence Phase 2, DHA Defence",House,PKR18 Crore,6,1.5 Kanal,For Sale,6,1 week ago,"DHA Defence, Islamabad, Islamabad Capital",Dha2 1.5 kanal FULL FURNISHED House prime location of Dha2,"Built in year: 2024, Parking Spaces: 4, Double Glazed Windows, Central Air Conditioning, Central Heating, Flooring, Electricity Backup, Waste Disposal, Floors: 2, Other Main Features, Furnished","Bedrooms: 6, Bathrooms: 8, Servant Quarters: 2, Drawing Room, Dining Room, Kitchens: 2, Study Room, Prayer Room, Powder Room, Gym, Store Rooms: 2, Steam Room, Lounge or Sitting Room, Laundry Room, Other Rooms","Broadband Internet Access, Satellite or Cable TV Ready, Intercom, Other Business and Communication Facilities","Community Lawn or Garden, Community Swimming Pool, Community Gym, First Aid or Medical Centre, Day Care Centre, Kids Play Area, Barbeque Area, Mosque, Community Centre, Other Community Facilities","Lawn or Garden, Swimming Pool, Sauna, Jacuzzi, Other Healthcare and Recreation Facilities","Nearby Schools, Nearby Hospitals, Nearby Shopping Malls, Nearby Restaurants, Distance From Airport (kms), Nearby Public Transport Service, Other Nearby Places","Maintenance Staff, Security Staff, Facilities for Disabled, Other Facilities",,,
https://www.zameen.com/Property/dha_phase_5_sector_h_askari_heights_4_askari_tower_4_brand_new_3rd_floor_3_bedrooms_front_always_open_flat_available_for_sale-52277822-21450-1.html,"Askari Heights 4, DHA Phase 5 - Sector H",Flat,PKR3.2 Crore,4,11.1 Marla,For Sale,3,4 days ago,"DHA Defence, Islamabad, Islamabad Capital",DHA 5 Islamabad Askari Tower 4 5th floor 3 bedrooms Brand new flats available for sale 3 bedrooms 3 washrooms 1 Servant quater with attached washroom 1 Tv lounge 1 Drawing Room 1 kitchen 1 lawndary area 1 under ground big car garage Details are given below 3 bedrooms with attached washrooms +drawing room +Tv lounge +kitchen +powder washroom +storeroom +Servant quater with attached washroom +lawndary area All flat are fully luxury tiles and Spanish washrooms and luxury kitchen accessories are Installed 24/7 Security Gated community Near to mosque Near to filter plant Near to APS School and College Near to commercial Near to Islamabad Expressway Demand 3 crore 20 lac Regards Chaudhry Muhammad Haseeb View Contact Detail Gulf Property zone,"Built in year: 2024, Parking Spaces: 1, Lobby in Building, Double Glazed Windows, Central Air Conditioning, Central Heating, Flooring, Electricity Backup, Waste Disposal, Floor: 01, Floors in Building: 11, Elevators: 2, Service Elevators in Building, Other Main Features","Bedrooms: 3, Bathrooms: 4, Servant Quarters: 1, Drawing Room, Dining Room, Kitchens: 1, Prayer Room, Powder Room, Store Rooms: 1, Steam Room, Lounge or Sitting Room, Laundry Room, Other Rooms","Broadband Internet Access, Satellite or Cable TV Ready, Business Center or Media Room in Building, Conference Room in Building, Intercom, ATM Machines, Other Business and Communication Facilities","Community Lawn or Garden, Community Swimming Pool, Community Gym, First Aid or Medical Centre, Day Care Centre, Kids Play Area, Barbeque Area, Mosque, Community Centre, Other Community Facilities","Sauna, Jacuzzi, Other Healthcare and Recreation Facilities","Nearby Schools, Nearby Hospitals, Nearby Shopping Malls, Nearby Restaurants, Distance From Airport (kms), Nearby Public Transport Service, Other Nearby Places","Maintenance Staff, Security Staff, Laundry or Dry Cleaning Facility, Communal/Shared Kitchen, Facilities for Disabled, Pets Allowed, Other Facilities",,,
https://www.zameen.com/Property/dha_defence_dha_defence_phase_5_brand_new_10_marla_spanish_villa_for_sale_in_dha_phase_05_emaar_islamabad-51899638-10991-1.html,"DHA Defence Phase 5, DHA Defence",House,PKR5.25 Crore,7,10 Marla,For Sale,5,3 months ago,"DHA Defence, Islamabad, Islamabad Capital","Newly constructed at a Very peaceful location On Edge of Islamabad expressway. Solid construction and Beautiful Finishing Excellent Woodwork, Quality Fittings And Stylish kitchens This house features: 5 Spacious bedrooms 6 Bathrooms 1 Drawing room 2 Stylish kitchens 1 Servant room 2 Tv lounge Parking space for 2 cars For more options and visit please contact us","Built in year: 2024, Parking Spaces: 02, Double Glazed Windows, Flooring, Electricity Backup, Floors: 02, Other Main Features","Bedrooms: 05, Bathrooms: 07, Servant Quarters: 01, Drawing Room, Dining Room, Kitchens: 02, Powder Room, Store Rooms: 01, Lounge or Sitting Room, Laundry Room, Other Rooms","Broadband Internet Access, Satellite or Cable TV Ready, Other Business and Communication Facilities","Community Lawn or Garden, Kids Play Area, Mosque, Other Community Facilities","Lawn or Garden, Other Healthcare and Recreation Facilities","Nearby Schools, Nearby Hospitals, Nearby Shopping Malls, Nearby Restaurants, Distance From Airport (kms), Nearby Public Transport Service, Other Nearby Places","Security Staff, Other Facilities",,,
https://www.zameen.com/Property/soan_garden_soan_garden_-_block_h_6_marla_brand_new_double_unit_house_for_sale_in_soan_garden_block_h-50559714-3498-1.html,"Soan Garden - Block H, Soan Garden",House,PKR3.05 Crore,5,6 Marla,For Sale,5,19 hours ago,"Soan Garden, Islamabad, Islamabad Capital","6 MARLA DOUBLE STORY HOUSE FOR SALE 2 KM DISTANCE TO EXPRESS WAY CARPET STREET H EXT BLOCK 30x50 DIMENSION 4 BEDROOM ATTACHED BATHROOM 2 TV LOUNGE 2 DRAWING ROOM WITH BATH 2 KITCHEN SARVENT WITH BATH 2 SEPARATE WATER TANK OVERHEAD & UNDERGROUND WITHOUT GAS 2 ELECTRIC METER NEAR TO MASJID, HIGHWAY, MARKET DEMAND 3crore 5 lac",,"Bedrooms: 4, Bathrooms: 5, Servant Quarters: 12, Drawing Room, Dining Room, Kitchens: 2, Powder Room, Store Rooms: 2, Steam Room, Lounge or Sitting Room, Laundry Room, Other Rooms","Broadband Internet Access, Satellite or Cable TV Ready","Community Lawn or Garden, Kids Play Area, Barbeque Area, Mosque",Lawn or Garden,"Nearby Schools, Nearby Hospitals, Nearby Shopping Malls, Nearby Restaurants, Distance From Airport (kms), Nearby Public Transport Service, Other Nearby Places","Maintenance Staff, Security Staff, Other Facilities",,,
https://www.zameen.com/Property/dha_defence_dha_defence_phase_2_beautiful_one_kanal_6_bed_rooms_house_at_heighted_location_available_for_sale-52603586-339-1.html,"DHA Defence Phase 2, DHA Defence",House,PKR11.9 Crore,6,1 Kanal,For Sale,6,1 week ago,"DHA Defence, Islamabad, Islamabad Capital","Stunning 6-Bed Designer House for Sale DHA Phase 2, Islamabad Experience luxury living at its finest with this beautifully designed 6-bedroom house located in the heart of DHA Phase 2, Islamabad. Crafted with attention to detail and elegant finishes, this home offers both comfort and class in every corner. Property Features: 6 Spacious Bedrooms with Attached Bathrooms Elegant Drawing, Dining & Lounge Areas Modern Fully-Equipped Kitchen with Built-in Appliances Stylish Ceiling Designs with Ambient Lighting Luxurious Floor Tiles & High-End Fixtures Beautiful Wall Paneling & Designer Wallpapers Wide Windows with Natural Light & Ventilation Front Lawn & Car Parking Space Servant Quarter + Store Room Ideal for Families or Long-Term Investment Prime Location: Situated in a peaceful and secure street of DHA Phase 2 offering quick access to G. T. Road, top schools, shopping malls, and healthcare facilities. Perfect for: Families seeking a ready-to-move dream home or investors looking for a high rental yield property in a top-tier location.","Built in year: 2025, Parking Spaces: 3, Double Glazed Windows, Central Air Conditioning, Central Heating, Flooring, Electricity Backup, Waste Disposal, Floors: 2, Other Main Features, Furnished","Bedrooms: 6, Bathrooms: 7, Servant Quarters: 2, Drawing Room, Dining Room, Kitchens: 2, Study Room, Prayer Room, Powder Room, Gym, Store Rooms: 1, Steam Room, Lounge or Sitting Room, Laundry Room, Other Rooms","Broadband Internet Access, Satellite or Cable TV Ready, Intercom, Other Business and Communication Facilities","Community Lawn or Garden, Community Swimming Pool, Community Gym, First Aid or Medical Centre, Day Care Centre, Kids Play Area, Barbeque Area, Mosque, Community Centre, Other Community Facilities","Lawn or Garden, Swimming Pool, Sauna, Jacuzzi, Other Healthcare and Recreation Facilities","Nearby Schools, Nearby Hospitals, Nearby Shopping Malls, Nearby Restaurants, Distance From Airport (kms), Nearby Public Transport Service, Other Nearby Places","Maintenance Staff, Security Staff, Facilities for Disabled, Other Facilities",,,
https://www.zameen.com/Property/dha_defence_dha_defence_phase_2_modern_1-kanal_house_for_sale_in_dha_phase_2_elegant_practical_and_beautifully_finished-52634711-339-1.html,"DHA Defence Phase 2, DHA Defence",House,PKR11.8 Crore,6,1 Kanal,For Sale,6,1 week ago,"DHA Defence, Islamabad, Islamabad Capital","Presenting a stunning 1-kanal house located in the prestigious DHA Phase 2 a perfect blend of modern architecture and functional design. This thoughtfully planned 6-bedroom home offers a practical living experience with a clean, simple aesthetic, ideal for families seeking comfort, convenience, and style. Key Features: 6 Spacious Bedrooms: Each with ample natural light, attached modern bathrooms, and built-in wardrobes. Contemporary Design: A sleek and minimalist layout that prioritizes space, natural flow, and comfort. Open Kitchen: Stylish and fully functional with high-quality fittings, seamlessly integrated with the living and dining areas perfect for modern living. Store Room: Well-sized storage space to keep the home organized and clutter-free. Beautiful Entrance: A welcoming entryway with tasteful finishing that sets the tone for the entire house. Elegant Finishing: High-quality tiles, woodwork, and fixtures throughout the house offer a refined and cohesive look. Practical Layout: Designed for day-to-day comfort and ease, ensuring maximum utility of space without compromising on aesthetics. Located in a prime sector of DHA Phase 2, this home offers secure and peaceful living with easy access to commercial areas, schools, and parks. A perfect opportunity for families who appreciate a modern yet simple lifestyle.","Built in year: 2025, Parking Spaces: 3, Double Glazed Windows, Central Air Conditioning, Central Heating, Flooring, Electricity Backup, Waste Disposal, Floors: 2, Other Main Features, Furnished","Bedrooms: 6, Bathrooms: 7, Servant Quarters: 2, Drawing Room, Dining Room, Kitchens: 2, Study Room, Prayer Room, Powder Room, Gym, Store Rooms: 2, Steam Room, Lounge or Sitting Room, Laundry Room, Other Rooms","Broadband Internet Access, Satellite or Cable TV Ready, Intercom, Other Business and Communication Facilities","Community Lawn or Garden, Community Swimming Pool, Community Gym, First Aid or Medical Centre, Day Care Centre, Kids Play Area, Barbeque Area, Mosque, Community Centre, Other Community Facilities","Lawn or Garden, Swimming Pool, Sauna, Jacuzzi, Other Healthcare and Recreation Facilities","Nearby Schools, Nearby Hospitals, Nearby Shopping Malls, Nearby Restaurants, Distance From Airport (kms), Nearby Public Transport Service, Other Nearby Places","Maintenance Staff, Security Staff, Facilities for Disabled, Other Facilities",,,
https://www.zameen.com/Property/dha_defence_dha_defence_phase_2_beautiful_one_kanal_house_for_sale_in_dha_phase_2-52912568-339-1.html,"DHA Defence Phase 2, DHA Defence",House,PKR11.95 Crore,6,1 Kanal,For Sale,5,1 week ago,"DHA Defence, Islamabad, Islamabad Capital","Size: 1 Kanal (500 sq. yards) Bedrooms: 5spacious bedrooms with attached modern bathrooms Drawing & Dining Room: Elegant and well-lit TV Lounges: 2 separate lounges for family gatherings Kitchen: 1 fully equipped modern kitchens with quality fittings Servant Quarters: Separate servant accommodation Parking: Spacious garage for 23 cars Lawn: Beautifully landscaped front and side lawn Construction Quality: Solid structure with premium-grade finishing Utilities: All essential utilities including electricity, gas, and water Security: Located in a fully gated and secure community with 24/7 surveillance Location Highlights: Prime location within DHA Phase 2 Proximity to GT Road, Islamabad Expressway, and all major landmarks Nearby schools, shopping centers, mosques, and hospitals Peaceful, well-maintained, and family-friendly environment This home is ideal for families seeking a secure, high-end lifestyle in one of Islamabads most prestigious housing societies. For more information or to schedule a visit, contact:","Built in year: 2025, Parking Spaces: 4, Double Glazed Windows, Central Air Conditioning, Central Heating, Flooring, Electricity Backup, Waste Disposal, Floors: 2, Other Main Features, Furnished","Bedrooms: 5, Bathrooms: 6, Servant Quarters: 1, Drawing Room, Dining Room, Kitchens: 1, Study Room, Prayer Room, Powder Room, Gym, Store Rooms: 1, Steam Room, Lounge or Sitting Room, Laundry Room, Other Rooms","Broadband Internet Access, Satellite or Cable TV Ready, Intercom, Other Business and Communication Facilities","Community Lawn or Garden, Community Swimming Pool, Community Gym, First Aid or Medical Centre, Day Care Centre, Kids Play Area, Barbeque Area, Mosque, Community Centre, Other Community Facilities","Lawn or Garden, Swimming Pool, Sauna, Jacuzzi, Other Healthcare and Recreation Facilities","Nearby Schools, Nearby Hospitals, Nearby Shopping Malls, Nearby Restaurants, Distance From Airport (kms), Nearby Public Transport Service, Other Nearby Places","Maintenance Staff, Security Staff, Facilities for Disabled, Other Facilities",,,
https://www.zameen.com/Property/islamabad_f-8_f-8_brand_new_house_for_sale-53260038-166-1.html,"F-8, Islamabad",House,PKR45 Crore,6,17.8 Marla,For Sale,6,1 day ago,"F-8, Islamabad, Islamabad Capital","Uk Property Advisors And Offer A Very Beautifully Built House On Very Prime Location Facing The Majestic Margalla Hills For /Sale In Islamabad 6 Bedrooms With Attached Washrooms, 2 Kitchens, T. V Lounges, Drawing Room, Dining Room, Beautiful Lawn And Terrace, Servant Rooms, Multiple Car Parking, Installed Air Conditioners, Central Heating System Water Bore. We Have Multiple Options Available For Sale And Rent In Sectors F-6, F-7, F-8, E-7, G-6(3) F-10, F-11. For Further Details Please Contact Us.","Built in year: 2025, Parking Spaces: 4, Double Glazed Windows, Central Air Conditioning, Central Heating, Electricity Backup, Waste Disposal, Floors: 3, Other Main Features","Bedrooms: 6, Bathrooms: 7, Servant Quarters: 2, Drawing Room, Dining Room, Kitchens: 2, Study Room, Prayer Room, Powder Room, Store Rooms: 2, Steam Room, Lounge or Sitting Room, Laundry Room, Other Rooms","Broadband Internet Access, Satellite or Cable TV Ready, Intercom, Other Business and Communication Facilities","Community Lawn or Garden, Community Swimming Pool, Community Gym, First Aid or Medical Centre, Day Care Centre, Kids Play Area, Barbeque Area, Mosque, Community Centre, Other Community Facilities","Lawn or Garden, Swimming Pool, Sauna, Jacuzzi, Other Healthcare and Recreation Facilities","Nearby Schools, Nearby Hospitals, Nearby Shopping Malls, Nearby Restaurants, Distance From Airport (kms), Nearby Public Transport Service, Other Nearby Places","Maintenance Staff, Security Staff, Facilities for Disabled, Other Facilities",,,
https://www.zameen.com/Property/islamabad_e-11_luxury_two_bedroom_furnished_apartment_for_sale-53253397-329-1.html,"E-11, Islamabad",Flat,PKR2.2 Crore,2,5.9 Marla,For Sale,2,5 months ago,"E-11, Islamabad, Islamabad Capital",Luxury Two Bedroom Furnished Apartment For Sale in the Heart Of Islamabad That Includes Two Bedroom Attach Bathroom Tv Lounge Seperate Italian Style Kitchen and Hudge Balcony Proper Family building Elevator Available Double Basement Car Parking Security System is Proper Reception Best for Rent Income and Investment,"Built in year: 2, Parking Spaces: 1, Lobby in Building, Double Glazed Windows, Central Air Conditioning, Central Heating, Flooring, Electricity Backup, Floor: 8, Floors in Building: 11, Elevators: 2, Service Elevators in Building, Furnished","Bedrooms: 2, Bathrooms: 2, Drawing Room, Dining Room, Kitchens: 1, Lounge or Sitting Room",,"Kids Play Area, Mosque",,"Nearby Schools, Nearby Hospitals, Nearby Shopping Malls, Nearby Restaurants, Distance From Airport (kms), Nearby Public Transport Service","Maintenance Staff, Security Staff, Laundry or Dry Cleaning Facility",,,
https://www.zameen.com/Property/islamabad_g-13_10_marla_house_is_available_for_sale_in_g-13-53060603-330-1.html,"G-13, Islamabad",House,PKR8.5 Crore,-,10 Marla,For Sale,-,4 months ago,"G-13, Islamabad, Islamabad Capital","10 marla brand new investor rate house available for sale asking 8,50,00,000","Double Glazed Windows, Central Air Conditioning, Central Heating, Waste Disposal","Drawing Room, Dining Room, Study Room, Prayer Room, Powder Room, Gym, Steam Room, Lounge or Sitting Room, Laundry Room","Broadband Internet Access, Satellite or Cable TV Ready, Intercom","Community Lawn or Garden, Community Swimming Pool, Community Gym, First Aid or Medical Centre, Day Care Centre, Kids Play Area, Barbeque Area, Mosque, Community Centre","Sauna, Jacuzzi","Nearby Schools, Nearby Hospitals, Nearby Shopping Malls, Nearby Restaurants, Distance From Airport (kms), Nearby Public Transport Service, Other Nearby Places","Maintenance Staff, Security Staff, Facilities for Disabled, Other Facilities",,,
https://www.zameen.com/Property/islamabad_bani_gala_4_bed_single_storey_corner_house_30_marla_for_sale-52124167-340-1.html,"Bani Gala, Islamabad",House,PKR6.4 Crore,5,1.5 Kanal,For Sale,4,1 month ago,"Bani Gala, Islamabad, Islamabad Capital","4 Beds with attach bath, Drawing, Dining, powder room, Kitchen, Store, 2 Servant rooms, Car Porch with 4-5 cars parking, Lawn Tiles Flooring Solid Structure Made on beam & columns Near To Main Road","Built in year: 2023, Parking Spaces: 5, Double Glazed Windows, Central Air Conditioning, Central Heating, Flooring, Electricity Backup, Waste Disposal, Floors: 2, Other Main Features, Furnished","Bedrooms: 4, Bathrooms: 5, Drawing Room, Dining Room, Kitchens: 1, Study Room, Prayer Room, Powder Room, Gym, Store Rooms: 1, Lounge or Sitting Room, Laundry Room","Broadband Internet Access, Satellite or Cable TV Ready, Intercom","Community Lawn or Garden, Community Swimming Pool, Community Gym, First Aid or Medical Centre, Day Care Centre, Kids Play Area, Barbeque Area, Mosque, Community Centre","Lawn or Garden, Swimming Pool, Sauna, Jacuzzi","Nearby Schools, Nearby Hospitals, Nearby Shopping Malls, Nearby Restaurants, Distance From Airport (kms), Nearby Public Transport Service, Other Nearby Places","Security Staff, Other Facilities",,,
https://www.zameen.com/Property/islamabad_mumtaz_city_mumtaz_city_8_marla_brand_new_house_5_beds_2_kitchens_2-car_parking_gas_electricity_installed_5_mins_from_airport_heighted_block_rent_1_lac_demand_2_90_cr_perfect_home_perfect_investment-53326519-3464-1.html,"Mumtaz City, Islamabad",House,PKR3.25 Crore,5,8 Marla,For Sale,5,2 months ago,"Mumtaz City, Islamabad, Islamabad Capital","House for Sale in Mumtaz City, Islamabad A Smart Investment A Luxurious Lifestyle A Perfect Home! Location Highlights: Only 5 Minutes from Islamabad International Airport Near M-1 / M-2 Motorway Junction Metro Bus Station nearby Situated in a Heighted, Peaceful & Fully Developed Area --- Property Details: Plot Size: 3060 (Approx. 8 Marla) Construction: Brand New | Modern Elevation | Solid Build 5 Spacious Bedrooms Elegant Finishing & Bright Interiors 2 Stylish Kitchens Fully Functional & Contemporary Parking Space for 2 Cars Wide & Secure Gas & Electricity Meters Installed Ready to Move In Airy Layout with Natural Light & Cross Ventilation Rental Value: PKR 100,000 / Month --- Why Its a Smart Investment: Located on Prime Heighted Block near Double Road Perfect for End-Users & Investors High Rental Return + Strong Value Appreciation Close to Major Routes, Airport & Metro Future-Proof Asset! --- Demand: PKR 320. lakh Only Contact Now Grab this opportunity before its gone","Built in year: 2025, Parking Spaces: 2, Double Glazed Windows, Central Air Conditioning, Central Heating, Flooring, Electricity Backup, Waste Disposal, Floors: 2, Other Main Features, Furnished","Bedrooms: 5, Bathrooms: 3, Servant Quarters: 1, Drawing Room, Dining Room, Kitchens: 2, Study Room, Prayer Room, Powder Room, Gym, Store Rooms: 2, Steam Room, Lounge or Sitting Room, Laundry Room, Other Rooms","Broadband Internet Access, Satellite or Cable TV Ready, Intercom, Other Business and Communication Facilities","Community Lawn or Garden, Community Swimming Pool, Community Gym, First Aid or Medical Centre, Day Care Centre, Kids Play Area, Barbeque Area, Mosque, Community Centre, Other Community Facilities","Lawn or Garden, Swimming Pool, Sauna, Jacuzzi, Other Healthcare and Recreation Facilities","Nearby Schools, Nearby Hospitals, Nearby Shopping Malls, Nearby Restaurants, Distance From Airport (kms), Nearby Public Transport Service, Other Nearby Places","Maintenance Staff, Security Staff, Facilities for Disabled, Other Facilities",,,
https://www.zameen.com/Property/d_12_d-12_1_5_marla_brand_new_house_for_sale-53299738-3154-1.html,"D-12/1, D-12",House,PKR5.5 Crore,4,5 Marla,For Sale,4,2 months ago,"D-12, Islamabad, Islamabad Capital","Stylish Brand New House With Modern Design &Amp; Quality Construction 4 Spacious Bedrooms With Attached Bathrooms Servant Quarter For Added Convenience Solar Panel Installed Energy-Efficient &Amp; Cost-Saving Security Cameras Installed For Peace Of Mind Margalla Facing Enjoy Serene Views &Amp; Fresh Air Ideal For Small Family Living Or Secure Investment Located In A CDA Sector With Wide Roads &Amp; Proper Planning Walking Distance To Markaz, Schools, Mosque &Amp; Park Safe, Peaceful &Amp; Well-Developed Neighborhood Price: 5 Crore 65 Lac Location: D-12, Islamabad Contact:","Built in year: 2025, Parking Spaces: 10, Flooring, Electricity Backup, Other Main Features",,,,Swimming Pool,"Nearby Schools, Nearby Hospitals, Nearby Shopping Malls, Nearby Restaurants, Distance From Airport (kms), Nearby Public Transport Service, Other Nearby Places","Security Staff, Other Facilities",,,
https://www.zameen.com/Property/gulberg_greens_gulberg_heights_luxury_brand_new_furnished_one_bhk_apartment_for_sale_in_gulberg_heights_gulberg_greens_islamabad-53337347-19298-1.html,"Gulberg Heights, Gulberg Greens",Flat,PKR1.4 Crore,1,4 Marla,For Sale,1,4 months ago,"Gulberg, Islamabad, Islamabad Capital","Premium Investment Gem | Brand New, Luxuriously Furnished 1 BHK | Gulberg Heights, Gulberg Greens | Already Rented at PKR 1 Lac/Month Presenting an exceptional and rare investment opportunity in the heart of Islamabad's premier lifestyle destination, Gulberg Greens. This is not just an apartment; it's a turnkey investment portfolio piece, already generating a premium monthly rental of PKR 1,00,000. This brand new, corner 1 BHK apartment in the iconic Gulberg Heights offers a perfect blend of high rental returns and significant annual capital appreciation. A Privileged Address & Unbeatable Connectivity Nestled on the main Boulevard Expressway, Gulberg Heights offers unparalleled convenience. Enjoy a swift and seamless: 20-minute drive to Blue Area and the central business district. Easy access to the Islamabad Expressway, new airport, and key city landmarks. Sophisticated & Branded Living Step into a world of refined elegance. This 900 sqft corner apartment is meticulously designed and furnished to the highest standards, ensuring an unparalleled living experience for discerning tenants. High-End Furnishing: Every piece of furniture is carefully selected from top-tier, branded showrooms and is still under warranty, guaranteeing quality and peace of mind. Breathtaking Views: As a corner apartment, it boasts an expansive, high-end view that floods the space with natural light and offers a serene, open ambiance. Modern Finishes: The apartment features premium flooring, a modern kitchen, and high-quality bathroom fixtures, reflecting the luxury standards of Gulberg Heights. Your Gateway to Passive Income & Growth This property is the definition of a smart investment: Immediate, High Rental Yield: Already tenanted at an impressive PKR 1 Lac per month, providing immediate and stable cash flow. Strong Capital Appreciation: Gulberg Greens is one of Islamabad's fastest-appreciating sectors. Secure your stake in a location poised for continuous value growth. Zero Hassle: The apartment is in pristine, ready-to-live condition, eliminating any need for immediate investment in furnishings or renovations. World-Class Building Amenities Residents of Gulberg Heights enjoy a luxury lifestyle with amenities including: State-of-the-art security systems High-speed elevators Power backup Well-maintained landscaped gardens Dedicated parking Contact us today to schedule a private viewing and secure this high-value asset before it's gone!","Built in year: 2023, Parking Spaces, Lobby in Building, Double Glazed Windows, Central Air Conditioning, Central Heating, Flooring, Electricity Backup, Waste Disposal, Floor, Floors in Building, Elevators: 5, Service Elevators in Building, Other Main Features, Furnished","Bedrooms: 1, Bathrooms: 1, Drawing Room, Dining Room, Kitchens: 1, Study Room, Prayer Room, Powder Room, Gym, Store Rooms: 1, Steam Room, Lounge or Sitting Room, Laundry Room, Other Rooms","Broadband Internet Access, Satellite or Cable TV Ready, Business Center or Media Room in Building, Conference Room in Building, Intercom, ATM Machines, Other Business and Communication Facilities","Community Lawn or Garden, Community Swimming Pool, Community Gym, First Aid or Medical Centre, Day Care Centre, Kids Play Area, Barbeque Area, Mosque, Community Centre, Other Community Facilities",Other Healthcare and Recreation Facilities,"Nearby Schools, Nearby Hospitals, Nearby Shopping Malls, Nearby Restaurants, Distance From Airport (kms), Nearby Public Transport Service, Other Nearby Places","Maintenance Staff, Security Staff, Laundry or Dry Cleaning Facility, Communal/Shared Kitchen, Facilities for Disabled, Pets Allowed, Other Facilities",,,
https://www.zameen.com/Property/mumtaz_city_mumtaz_city_-_chanab_block_30_60_house_for_sale_in_mumtaz_city-53105920-14993-1.html,"Mumtaz City - Chanab Block, Mumtaz City",House,PKR3.3 Crore,6,8 Marla,For Sale,5,3 months ago,"Mumtaz City, Islamabad, Islamabad Capital",30/60 House For Sale In Mumtaz City Chenab Block 5 Bedroom 6 Bath 2 Open Kitchens 2 Tv Lounge Separate Drawing Dining 2 Car Parking Demand 3crore 30 Lak,"Built in year: 2024, Parking Spaces, Central Air Conditioning, Central Heating, Flooring, Electricity Backup, Waste Disposal, Floors: 2, Other Main Features",Other Rooms,"Broadband Internet Access, Satellite or Cable TV Ready, Other Business and Communication Facilities",,,"Nearby Schools, Nearby Hospitals, Nearby Shopping Malls, Nearby Restaurants, Distance From Airport (kms), Nearby Public Transport Service, Other Nearby Places","Maintenance Staff, Security Staff, Other Facilities",,,
https://www.zameen.com/Property/islamabad_top_city_1_10_marla_brand_new_house_for_sale_in_top_city-53153170-1383-1.html,"Top City 1, Islamabad",House,PKR4.6 Crore,6,10 Marla,For Sale,5,4 months ago,"Top City 1, Islamabad, Islamabad Capital",4 proper bedroom attached bath 1 servant quarter with bath 2 separate kitchens 2 tv lounge Drawing dining 2 car parking Demand 5crore 50 lac,"Built in year: 2023, Double Glazed Windows, Central Air Conditioning, Central Heating, Flooring, Electricity Backup, Other Main Features, Furnished","Bedrooms: 4, Bathrooms: 4, Drawing Room, Dining Room, Kitchens: 1","Broadband Internet Access, Satellite or Cable TV Ready, Intercom, Other Business and Communication Facilities","Community Lawn or Garden, Community Swimming Pool, Community Gym, First Aid or Medical Centre, Day Care Centre, Kids Play Area, Barbeque Area, Mosque, Community Centre, Other Community Facilities","Sauna, Other Healthcare and Recreation Facilities","Nearby Schools, Nearby Hospitals, Nearby Shopping Malls, Nearby Restaurants, Distance From Airport (kms), Nearby Public Transport Service, Other Nearby Places","Maintenance Staff, Security Staff, Facilities for Disabled, Other Facilities",,,
https://www.zameen.com/Property/bahria_enclave_the_royal_mall_and_residency_2_bed_apartment_for_sale_in_royal_mall_extreme_top_location_reasoanble_price_bahria_enclave_islamabad-53256919-10909-1.html,"The Royal Mall and Residency, Bahria Enclave",Flat,PKR1.45 Crore,2,5.6 Marla,For Sale,2,4 months ago,"Bahria Town, Islamabad, Islamabad Capital","For Sale: 2-Bedroom Apartment in Royal Mall, Bahria Enclave, Islamabad This modern 2-bedroom apartment spans 1250 square feet and is located on the first floor of Royal Mall, a prime spot in Bahria Enclave. The apartment is available for 14.5 million PKR without furnishings, and 16.5 million PKR with furnishings. It offers a steady monthly rental income of 80,000 PKR. The Royal Mall is packed with amenities, including a cash-and-carry, a salon, a playing area, and more, making it an ideal choice for convenient living. The apartment's location near the main entrance of Bahria Enclave ensures easy access to all the essential spots. This is a great investment opportunity with a reasonable demand! For more details or to arrange a visit, please contact us!","Built in year: 2020, Parking Spaces, Lobby in Building, Double Glazed Windows, Central Air Conditioning, Central Heating, Flooring, Electricity Backup, Waste Disposal, Floor: 1, Floors in Building: 9, Elevators: 2, Service Elevators in Building, Other Main Features","Bedrooms: 2, Bathrooms: 2, Servant Quarters: 1, Drawing Room, Dining Room, Kitchens: 1, Study Room, Prayer Room, Powder Room, Gym, Store Rooms: 1, Steam Room, Lounge or Sitting Room, Laundry Room, Other Rooms","Broadband Internet Access, Satellite or Cable TV Ready, Business Center or Media Room in Building, Conference Room in Building, Intercom, ATM Machines, Other Business and Communication Facilities","Community Lawn or Garden, Community Swimming Pool, Community Gym, First Aid or Medical Centre, Day Care Centre, Kids Play Area, Barbeque Area, Mosque, Community Centre, Other Community Facilities","Sauna, Jacuzzi, Other Healthcare and Recreation Facilities","Nearby Schools, Nearby Hospitals, Nearby Shopping Malls, Nearby Restaurants, Distance From Airport (kms), Nearby Public Transport Service, Other Nearby Places",,,,
https://www.zameen.com/Property/bahria_enclave_bahria_enclave_-_sector_c2_brand_new_designer_house_for_sale_in_sector_c-2_main_boulevard_80_feet_sun_face_5_bedroom_bahria_enclave_islamabad-53255389-11988-1.html,"Bahria Enclave - Sector C2, Bahria Enclave",House,PKR5.7 Crore,6,10 Marla,For Sale,5,4 months ago,"Bahria Town, Islamabad, Islamabad Capital","Demand: 5 Crore 70 Lac (Negotiable) Designer Luxury House for Sale Bahria Enclave Islamabad Sector C-2 | Main Boulevard (80 ft. Road) | South Facing | Proper Sunlight Key Highlights: Prime location near Main Entrance Walking distance to Masjid, Park & Commercial Area Solid Construction with premium quality finishing Elegant Solid Woodwork & Imported Fittings Property Features: 5 Spacious Bedrooms with Attached Baths 2 Stylish TV Lounges 1 Elegant Drawing Room 2 Modern Kitchens Servant Quarter with separate access Just Buy & Move In A Ready Luxury Lifestyle!","Built in year: 2025, Parking Spaces, Double Glazed Windows, Central Air Conditioning, Central Heating, Flooring, Electricity Backup, Waste Disposal, Floors: 2, Other Main Features","Bedrooms: 5, Bathrooms: 6, Servant Quarters: 1, Drawing Room, Dining Room, Kitchens: 2, Study Room, Prayer Room, Powder Room, Gym, Store Rooms: 2, Steam Room, Lounge or Sitting Room, Laundry Room, Other Rooms","Broadband Internet Access, Satellite or Cable TV Ready, Intercom, Other Business and Communication Facilities","Community Lawn or Garden, Community Swimming Pool, Community Gym, First Aid or Medical Centre, Day Care Centre, Kids Play Area, Barbeque Area, Mosque, Community Centre, Other Community Facilities","Lawn or Garden, Swimming Pool, Sauna, Jacuzzi, Other Healthcare and Recreation Facilities","Nearby Schools, Nearby Hospitals, Nearby Shopping Malls, Nearby Restaurants, Distance From Airport (kms), Nearby Public Transport Service, Other Nearby Places","Maintenance Staff, Security Staff, Facilities for Disabled, Other Facilities",,,
https://www.zameen.com/Property/fechs_jinnah_gardens_5_marla_house_for_sale_in_jinnah_garden_islamabad_prime_location-53157226-1420-1.html,"Jinnah Gardens, FECHS",House,PKR2.5 Crore,5,5 Marla,For Sale,4,2 months ago,"FECHS, Islamabad, Islamabad Capital",A well-constructed 5 Marla house is available for sale in Jinnah Garden Islamabad. This house offers modern living with top-class facilities and a peaceful environment. 4 Spacious Bedrooms 5 Attached Washrooms 2 TV Lounges & 2 Drawing Rooms 2 Modern Kitchens 1 Car Parking Space Water Bore & Meter Installed Located on Carpeted Road Walking Distance to Market Direct Deal with Owner No Broker Involved Prime Location Ideal for Residence & Investment,"Built in year: 2025, Parking Spaces, Double Glazed Windows, Central Air Conditioning, Central Heating, Flooring, Electricity Backup, Waste Disposal, Floors: 2, Other Main Features, Furnished","Bedrooms: 4, Bathrooms: 5, Servant Quarters: 1, Drawing Room, Dining Room, Kitchens: 2, Study Room, Prayer Room, Powder Room, Gym, Store Rooms: 2, Steam Room, Lounge or Sitting Room, Laundry Room","Broadband Internet Access, Satellite or Cable TV Ready, Intercom, Other Business and Communication Facilities","Community Lawn or Garden, Community Swimming Pool, Community Gym, First Aid or Medical Centre, Day Care Centre, Kids Play Area, Barbeque Area, Mosque, Community Centre, Other Community Facilities","Lawn or Garden, Swimming Pool, Sauna, Jacuzzi, Other Healthcare and Recreation Facilities","Nearby Schools, Nearby Hospitals, Nearby Shopping Malls, Nearby Restaurants, Distance From Airport (kms), Nearby Public Transport Service, Other Nearby Places","Maintenance Staff, Security Staff, Facilities for Disabled, Other Facilities",,,
https://www.zameen.com/Property/d_12_d-12_markaz_flat_for_sale_in_d_12_markaz-53245836-3158-1.html,"D-12 Markaz, D-12",Flat,PKR1.4 Crore,2,4.2 Marla,For Sale,2,4 months ago,"D-12, Islamabad, Islamabad Capital","Corner flat for sale D12 markaz Swiss Center 2 bedrooms with attached bathrooms, specious tv lounge and kitchen, terrace with lush green margla view, side view open to park, proper corner flat view, 3rd floor, covered area 950 sqft Demand 1 crore 40 lacs 40 to 45 thousand rental value CDATransfer.","Built in year: 2017, Parking Spaces: 1, Lobby in Building, Double Glazed Windows, Flooring, Waste Disposal, Floor: 3, Elevators: 1, Service Elevators in Building, Other Main Features","Bedrooms: 2, Bathrooms: 2, Drawing Room, Dining Room, Kitchens: 1","Broadband Internet Access, Satellite or Cable TV Ready, ATM Machines",,,"Nearby Schools, Nearby Hospitals, Nearby Shopping Malls, Nearby Restaurants, Distance From Airport (kms), Nearby Public Transport Service","Maintenance Staff, Security Staff",,,
https://www.zameen.com/Property/g_13_g-13_1_g13_1_old_house_for_sale_size_4_marla_2_car_parking_70_feet_road_near_main_double_road-53169464-3337-1.html,"G-13/1, G-13",House,PKR3.55 Crore,3,4 Marla,For Sale,4,4 months ago,"G-13, Islamabad, Islamabad Capital","A well-maintained 4 Marla house located in the prime sector of G-13/1 is available for sale. Built on a solid structure, this house offers: 2 Bedrooms with attached bathrooms Spacious TV lounge & dining area Modern kitchen Car parking space Gas, electricity, and water supply available Peaceful and secure neighborhood The house is ideally situated close to the main road, market, masjid, schools, and Kashmir Highway, ensuring convenience and easy accessibility. Ideal option for small families or investment purposes.","Built in year: 2015, Parking Spaces: 2, Double Glazed Windows, Central Air Conditioning, Central Heating, Flooring, Electricity Backup, Waste Disposal, Floors: 2","Bedrooms: 4, Bathrooms: 3, Servant Quarters: 1, Drawing Room, Dining Room, Kitchens: 2, Study Room, Prayer Room, Powder Room, Gym, Store Rooms: 1, Steam Room, Lounge or Sitting Room, Laundry Room","Broadband Internet Access, Satellite or Cable TV Ready, Intercom","Community Lawn or Garden, Community Swimming Pool, Community Gym, First Aid or Medical Centre, Day Care Centre, Kids Play Area, Barbeque Area, Mosque, Community Centre","Lawn or Garden, Swimming Pool, Sauna, Jacuzzi","Nearby Schools, Nearby Hospitals, Nearby Shopping Malls, Nearby Restaurants, Distance From Airport (kms), Nearby Public Transport Service, Other Nearby Places","Maintenance Staff, Security Staff, Facilities for Disabled",,,
https://www.zameen.com/Property/g_16_g-16_3_12_marla_house-52765291-9850-1.html,"G-16/3, G-16",House,PKR6.3 Crore,7,12 Marla,For Sale,7,2 months ago,"G-16, Islamabad, Islamabad Capital","BEAUTIFUL HOUSE, NEWLY CONSTRUCTED, A+ MATERIAL USED GOOD WOOD WORKS, 6 BED ROOMS , 3 KITCHENS, WITH BASEMENT HOUSE, NEAR TO COMMERCIAL, ADJUSTMENT POSSIBLE WITH B-17 PLOTS OR CARS,","Built in year: 2025, Parking Spaces, Double Glazed Windows, Central Air Conditioning, Central Heating, Flooring, Electricity Backup, Waste Disposal, Floors: 4, Other Main Features, Furnished","Bedrooms: 7, Bathrooms: 7, Servant Quarters: 1, Drawing Room, Dining Room, Kitchens: 3, Study Room, Prayer Room, Powder Room, Gym, Store Rooms: 2, Steam Room, Lounge or Sitting Room, Laundry Room, Other Rooms","Broadband Internet Access, Satellite or Cable TV Ready, Intercom, Other Business and Communication Facilities","Community Lawn or Garden, Community Swimming Pool, Community Gym, First Aid or Medical Centre, Day Care Centre, Kids Play Area, Barbeque Area, Mosque, Community Centre, Other Community Facilities","Lawn or Garden, Swimming Pool, Sauna, Jacuzzi, Other Healthcare and Recreation Facilities","Nearby Schools, Nearby Hospitals, Nearby Shopping Malls, Nearby Restaurants, Distance From Airport (kms), Nearby Public Transport Service, Other Nearby Places","Maintenance Staff, Security Staff, Facilities for Disabled, Other Facilities",,,
https://www.zameen.com/Property/islamabad_faisal_hills_1_bed_apartment_in_faisal_hills-53111359-10859-1.html,"Faisal Hills, Islamabad",Flat,PKR60 Lakh,1,2.7 Marla,For Sale,1,1 month ago,"Faisal Hills, Islamabad, Islamabad Capital","AFFORDABLE LUXURY, BUILDING IN FINISHING STAGE. WITH SERENIC VIEWS OF MARGALLA HILLS, LIFT AVAILIABLE, BEST FOR INVESTMENT","Built in year: 2025, Parking Spaces, Lobby in Building, Double Glazed Windows, Flooring, Electricity Backup, Waste Disposal, Floor: 4, Floors in Building: 7, Elevators, Other Main Features","Bedrooms: 1, Bathrooms: 1, Kitchens: 1, Lounge or Sitting Room, Laundry Room, Other Rooms","Satellite or Cable TV Ready, Other Business and Communication Facilities","Community Lawn or Garden, Community Swimming Pool, Community Gym, First Aid or Medical Centre, Day Care Centre, Kids Play Area, Barbeque Area, Mosque, Community Centre, Other Community Facilities",Other Healthcare and Recreation Facilities,"Nearby Schools, Nearby Hospitals, Nearby Shopping Malls, Nearby Restaurants, Distance From Airport (kms), Nearby Public Transport Service, Other Nearby Places",,,,
https://www.zameen.com/Property/islamabad_faisal_town_-_f-18_2_bed_luxury_apartment_for_sale-53032422-8260-1.html,"Faisal Town - F-18, Islamabad",Flat,PKR85 Lakh,2,4.7 Marla,For Sale,2,3 months ago,"Faisal Town - F-18, Islamabad, Islamabad Capital","2 BED APARTMENT FOR SALE, LOCATED IN FAISAL TOWN, A-BLOCK MARKAZ NEAR TO MOSQUE, &PARK, 4YH FLOOR, OPPORTUNITY FOR INVESTORS","Built in year: 2024, Parking Spaces, Lobby in Building, Double Glazed Windows, Flooring, Electricity Backup, Waste Disposal, Floor: 4, Floors in Building: 6, Elevators, Other Main Features","Bedrooms: 2, Bathrooms: 2, Drawing Room, Dining Room, Kitchens: 1, Lounge or Sitting Room, Laundry Room, Other Rooms","Broadband Internet Access, Satellite or Cable TV Ready, ATM Machines, Other Business and Communication Facilities","Community Lawn or Garden, Community Swimming Pool, Community Gym, First Aid or Medical Centre, Day Care Centre, Kids Play Area, Barbeque Area, Mosque, Community Centre, Other Community Facilities",Other Healthcare and Recreation Facilities,"Nearby Schools, Nearby Hospitals, Nearby Shopping Malls, Nearby Restaurants, Distance From Airport (kms), Nearby Public Transport Service, Other Nearby Places","Security Staff, Other Facilities",,,
https://www.zameen.com/Property/faisal_town_phase_1_faisal_town_phase_1_-_block_a_2_bed_residential_apartment-52833517-16416-1.html,"Faisal Town Phase 1 - Block A, Faisal Town Phase 1",Flat,PKR75 Lakh,2,4.7 Marla,For Sale,2,5 months ago,"Faisal Town - F-18, Islamabad, Islamabad Capital","FAISAL TOWN A-BLOCK, 2 BED APARTMENT FO SALE MASJID, SUPER NOVA SCHOOL,& PARKS, AT WALKING DISTANCE, RENTAL VALUE 40000+, VERY REASONABLE RATE, CONTACT NOW","Built in year: 2020, Parking Spaces: 6, Lobby in Building, Double Glazed Windows, Central Air Conditioning, Central Heating, Flooring, Electricity Backup, Waste Disposal, Service Elevators in Building","Drawing Room, Dining Room, Study Room, Prayer Room, Powder Room, Gym, Steam Room, Lounge or Sitting Room, Laundry Room","Broadband Internet Access, Satellite or Cable TV Ready, Business Center or Media Room in Building, Conference Room in Building, Intercom, ATM Machines","Community Lawn or Garden, Community Swimming Pool, Community Gym, First Aid or Medical Centre, Day Care Centre, Kids Play Area, Barbeque Area, Mosque, Community Centre","Sauna, Jacuzzi","Nearby Schools, Nearby Hospitals, Nearby Shopping Malls, Nearby Restaurants, Distance From Airport (kms), Nearby Public Transport Service, Other Nearby Places","Maintenance Staff, Security Staff, Laundry or Dry Cleaning Facility, Communal/Shared Kitchen, Facilities for Disabled, Other Facilities",,,
https://www.zameen.com/Property/islamabad_g-14_35_70_10_marla_brandnew_house_for_sale_in_g-14-53336725-454-1.html,"G-14, Islamabad",House,PKR7.85 Crore,6,10 Marla,For Sale,6,4 months ago,"G-14, Islamabad, Islamabad Capital",Best location brandnew house Huge extra land at the back ( 5 marla) Best quality work done Modern architecture Concealed fittings in bathrooms 6 bedrooms with attach 6 baths 2 Drawing rooms 2 Tv launch 2 kitchen Big room on mummty 3 cars parking Meeting with owner For more details contact View Contact Detail,"Built in year: 2025, Flooring",,"Broadband Internet Access, Satellite or Cable TV Ready, Intercom","Community Gym, First Aid or Medical Centre, Mosque",,,,,,
https://www.zameen.com/Property/i_11_i-11_2_brand_new_house-53299848-9879-1.html,"I-11/2, I-11",House,PKR6.3 Crore,7,8 Marla,For Sale,7,5 months ago,"I-11, Islamabad, Islamabad Capital",Top location Brand new house High quality construction,,,,,,"Nearby Schools, Nearby Hospitals, Nearby Shopping Malls, Nearby Restaurants, Distance From Airport (kms), Nearby Public Transport Service, Other Nearby Places","Security Staff, Other Facilities",,,
https://www.zameen.com/Property/dha_defence_dha_defence_phase_2_1_kanal_spacious_spaceship_house_is_available_in_dha_defence_phase_2_for_sale-53172639-339-1.html,"DHA Defence Phase 2, DHA Defence",House,PKR11.5 Crore,6,1 Kanal,For Sale,5,2 months ago,"DHA Defence, Islamabad, Islamabad Capital","Beautifully constructed house available for sale in a well-developed and secure housing society. Ideal for families seeking peaceful living with modern facilities, wide roads, parks, and 24/7 security. A perfect investment and dream home opportunity Luxurious designer house with 5 spacious bedrooms now available for sale in a prime location. Built with premium materials and modern architecture, this home offers stylish interiors, wide open spaces, and top-notch finishes. Ideal for families seeking comfort, elegance, and privacy in a secure gated community Accommodation 6 Masters Bedrooms 6 Attach Designer's Baths Beautiful Art & Schendle Air's Drawing Room Dining Table 2 Tv lounge Kitchens with All Accessories install BBQ Space Available Modern Elevation 4 Car Parking Lawn Available Servant Room with Attach Bath Visit Any Time Direct Deal With Seller We have Multiple Options of Houses in DHA & Bahria (ISB/RWP) More Details on Call/Whatsapp For more detaisl feel free to Contact on View Contact Detail (M. Shahrukh)","Built in year: 2025, Parking Spaces, Double Glazed Windows, Central Air Conditioning, Central Heating, Flooring, Electricity Backup, Waste Disposal, Floors: 3, Other Main Features, Furnished","Bedrooms: 6, Bathrooms: 6, Servant Quarters, Drawing Room, Dining Room, Kitchens, Study Room, Prayer Room, Powder Room, Gym, Store Rooms, Steam Room, Lounge or Sitting Room, Laundry Room, Other Rooms","Broadband Internet Access, Satellite or Cable TV Ready, Intercom, Other Business and Communication Facilities","Community Lawn or Garden, Community Swimming Pool, Community Gym, First Aid or Medical Centre, Day Care Centre, Kids Play Area, Barbeque Area, Mosque, Community Centre, Other Community Facilities","Lawn or Garden, Swimming Pool, Sauna, Jacuzzi, Other Healthcare and Recreation Facilities","Nearby Schools, Nearby Hospitals, Nearby Shopping Malls, Nearby Restaurants, Distance From Airport (kms), Nearby Public Transport Service, Other Nearby Places","Maintenance Staff, Security Staff, Facilities for Disabled, Other Facilities",,,
https://www.zameen.com/Property/f_10_f-10_1_house_for_sale-53251833-3276-1.html,"F-10/1, F-10",House,PKR45 Crore,-,2 Kanal,For Sale,-,18 hours ago,"F-10, Islamabad, Islamabad Capital",#Top Location #CDA Transfer #End Corner with 15 kanal #80x115 #Prime Area #8Rooms With Attach Bath,,,,,,"Nearby Shopping Malls, Nearby Restaurants",Security Staff,,,
https://www.zameen.com/Property/g_13_g-13_4_like_brand_new_25_x_40_modern_house_for_sale_in_g-13_islamabad-53191217-3340-1.html,"G-13/4, G-13",House,PKR3.65 Crore,5,4.4 Marla,For Sale,4,4 months ago,"G-13, Islamabad, Islamabad Capital",Size 25 X 40 Modern Luxury House For Sale in G-14 Islamabad * 4 Bedrooms * 5 washrooms * 2 Kitchen * 2 T. V/L * 2 Drawing Dinning * 2 Servant Room * 1 Car Porch * Situated Near Kashmir Highway And Metro Station. * Water Boring With 24/7 Water Supply * Water Supply From FGHEF Is Even Sufficient In The Street * Imported Washroom And Kitchen With Imported Floor Tiles In Kitchen * SS Railing In Staircase And Front Elevation * Outclass Imported Woodwork * Modern Lever Sets In Kitchen N Washrooms * Near To Masjid And Market Prime Location. Reasonable Demand. For More Details And Option Please Contact Us,"Built in year: 2021, Parking Spaces: 1, Double Glazed Windows, Central Air Conditioning, Central Heating, Flooring, Electricity Backup, Waste Disposal, Floors: 2, Other Main Features, Furnished","Bedrooms: 4, Bathrooms: 5, Servant Quarters: 1, Drawing Room, Dining Room, Kitchens: 2, Study Room, Prayer Room, Powder Room, Gym, Store Rooms, Steam Room, Lounge or Sitting Room, Laundry Room, Other Rooms","Broadband Internet Access, Satellite or Cable TV Ready, Intercom, Other Business and Communication Facilities","Community Lawn or Garden, Community Swimming Pool, Community Gym, First Aid or Medical Centre, Day Care Centre, Kids Play Area, Barbeque Area, Mosque, Community Centre, Other Community Facilities","Lawn or Garden, Sauna, Jacuzzi, Other Healthcare and Recreation Facilities","Nearby Schools, Nearby Hospitals, Nearby Shopping Malls, Nearby Restaurants, Distance From Airport (kms), Nearby Public Transport Service, Other Nearby Places","Maintenance Staff, Security Staff, Facilities for Disabled, Other Facilities",,,
https://www.zameen.com/Property/dha_defence_dha_defence_phase_5_brand_new_10_marla_house_for_sale_in_emaar_canyon_views_dha_phase_5_islamabad-53336274-10991-1.html,"DHA Defence Phase 5, DHA Defence",House,PKR5.25 Crore,7,10 Marla,For Sale,5,4 months ago,"DHA Defence, Islamabad, Islamabad Capital","Discover a luxurious 10 Marla brand-new Spanish villa nestled in the prestigious Emaar community of DHA Phase 5, Islamabad. Strategically located on the edge of Islamabad Expressway, this property offers unparalleled accessibility and convenience. Key Features: Elegant Faade: Showcases classic Spanish architecture with a modern touch. Spacious Layout: Comprises 5 bedrooms, 7 bathrooms, 2 TV lounges, and a drawing-dining area, ensuring ample space for family living. Modern Kitchens: Equipped with two contemporary kitchens designed for functionality and style. Lush Green Lawn: A beautifully landscaped lawn provides a serene outdoor retreat. Ample Parking: Accommodates two cars comfortably. Servant Quarter: Includes a dedicated space for household staff. Priced competitively at PKR 5.25 Crore, this villa offers an exceptional blend of luxury and value in one of Islamabad's most sought-after locales. Call Us for more Details and visit: View Contact Detail View Contact Detail","Built in year: 2025, Parking Spaces: 2, Double Glazed Windows, Central Air Conditioning, Central Heating, Flooring, Electricity Backup, Waste Disposal, Floors: 2, Other Main Features, Furnished","Bedrooms: 5, Bathrooms: 7, Servant Quarters: 1, Drawing Room, Dining Room, Kitchens: 2, Study Room, Prayer Room, Powder Room, Gym, Store Rooms: 1, Steam Room, Lounge or Sitting Room, Laundry Room, Other Rooms","Broadband Internet Access, Satellite or Cable TV Ready, Intercom, Other Business and Communication Facilities","Community Lawn or Garden, Community Swimming Pool, Community Gym, First Aid or Medical Centre, Day Care Centre, Kids Play Area, Barbeque Area, Mosque, Community Centre, Other Community Facilities","Lawn or Garden, Swimming Pool, Sauna, Jacuzzi, Other Healthcare and Recreation Facilities","Nearby Schools, Nearby Hospitals, Nearby Shopping Malls, Nearby Restaurants, Distance From Airport (kms), Nearby Public Transport Service, Other Nearby Places","Maintenance Staff, Security Staff, Facilities for Disabled, Other Facilities",,,
https://www.zameen.com/Property/islamabad_g-10_2_bedroom_2_bathrooms_g10_2_executive_block_1450_sq_feet_flat_available_for_rent-53336124-167-1.html,"G-10, Islamabad",Flat,PKR2.2 Crore,2,4.2 Marla,For Sale,2,3 months ago,"G-10, Islamabad, Islamabad Capital",G10/2 Executive Block Flat Available For Sale Size : 950 SQ feet More Details Call Me,"Built in year: 2025, Parking Spaces: 1, Lobby in Building, Double Glazed Windows, Central Air Conditioning, Central Heating, Flooring, Electricity Backup, Waste Disposal, Elevators: 1, Service Elevators in Building, Furnished","Bedrooms: 2, Bathrooms: 2, Servant Quarters: 2, Drawing Room, Dining Room, Kitchens: 1, Study Room, Prayer Room, Powder Room, Gym, Store Rooms: 1, Steam Room, Lounge or Sitting Room, Laundry Room","Broadband Internet Access, Satellite or Cable TV Ready, Business Center or Media Room in Building, Conference Room in Building, Intercom, ATM Machines","Community Lawn or Garden, Community Swimming Pool, Community Gym, First Aid or Medical Centre, Day Care Centre, Kids Play Area, Barbeque Area, Mosque, Community Centre","Sauna, Jacuzzi","Nearby Schools, Nearby Hospitals, Nearby Shopping Malls, Nearby Restaurants, Distance From Airport (kms), Nearby Public Transport Service, Other Nearby Places","Maintenance Staff, Security Staff, Facilities for Disabled, Other Facilities",,,
https://www.zameen.com/Property/dha_valley_lilly_sector_lilly_sector_-_block_b_5_marla_house_for_sale_dha_homes_lilly_b_block-53336087-16474-1.html,"Lilly Sector - Block B, DHA Valley - Lilly Sector",House,PKR85 Lakh,2,5 Marla,For Sale,2,2 months ago,"DHA Defence, Islamabad, Islamabad Capital","A beautiful 5 Marla general house available for sale in the peaceful and secure Lilly B Block, DHA Homes. Perfect for comfortable family living or investment. House Features: 2 Bedrooms 2 Bathrooms TV Lounge Kitchen Car Porch Gated Community with 24/7 Security All basic utilities available (Electricity, Gas, Water) Ideal location with easy access to main roads and amenities Location: DHA Homes Lilly B Block Size: 5 Marla Category: General House","Built in year: 2019, Parking Spaces: 1, Double Glazed Windows, Central Air Conditioning, Central Heating, Flooring, Electricity Backup, Waste Disposal, Floors: 1, Other Main Features, Furnished","Bedrooms: 2, Bathrooms: 2, Servant Quarters: 2, Drawing Room, Dining Room, Kitchens: 1, Study Room, Prayer Room, Powder Room, Gym, Store Rooms: 1, Steam Room, Lounge or Sitting Room, Laundry Room, Other Rooms","Broadband Internet Access, Satellite or Cable TV Ready, Intercom, Other Business and Communication Facilities","Community Lawn or Garden, Community Swimming Pool, Community Gym, First Aid or Medical Centre, Day Care Centre, Kids Play Area, Barbeque Area, Mosque, Community Centre, Other Community Facilities","Lawn or Garden, Swimming Pool, Sauna, Jacuzzi, Other Healthcare and Recreation Facilities","Nearby Schools, Nearby Hospitals, Nearby Shopping Malls, Nearby Restaurants, Distance From Airport (kms), Nearby Public Transport Service, Other Nearby Places","Maintenance Staff, Security Staff, Facilities for Disabled, Other Facilities",,,
https://www.zameen.com/Property/bahria_enclave_bahria_enclave_-_sector_n_designer_house_for_sale_in_sector_n_reasonable_price_park_face_back_open_3_bedroom_with_attach_bath_bahria_enclave_islamabad-53227143-11975-1.html,"Bahria Enclave - Sector N, Bahria Enclave",House,PKR2.35 Crore,4,5 Marla,For Sale,3,4 months ago,"Bahria Town, Islamabad, Islamabad Capital","Designer House for Sale in Sector N, Bahria Enclave Islamabad Experience modern living in this beautiful 5 Marla designer house located in Sector N a prime location that is front open, park-facing, and back open to a private lawn. This house features solid woodwork, premium finishes, and a stylish layout designed for comfort and elegance. Property Details: 3 Spacious Bedrooms with Attached Bathrooms 2 Stylish and Fully Equipped Kitchens 2 Comfortable TV Lounges Elegant Drawing & Dining Room Servant Quarter with Attached Bath Beautiful Front Terrace Parking Space for 2 Cars Solid Construction and Modern Design Situated near the mosque, park, school, and commercial area, this home offers both convenience and a peaceful environment. Demand: 235 Lac (Reasonable) For more details, contact Rana Ehtisham at","Built in year: 2024, Parking Spaces, Double Glazed Windows, Central Air Conditioning, Central Heating, Flooring, Electricity Backup, Waste Disposal, Floors: 2, Other Main Features, Furnished","Bedrooms: 3, Bathrooms: 4, Servant Quarters: 1, Drawing Room, Dining Room, Kitchens: 2, Study Room, Prayer Room, Powder Room, Gym, Store Rooms: 1, Steam Room, Lounge or Sitting Room, Laundry Room, Other Rooms","Broadband Internet Access, Satellite or Cable TV Ready, Intercom, Other Business and Communication Facilities","Community Lawn or Garden, Community Swimming Pool, Community Gym, First Aid or Medical Centre, Day Care Centre, Kids Play Area, Barbeque Area, Mosque, Community Centre, Other Community Facilities","Lawn or Garden, Swimming Pool, Sauna, Jacuzzi, Other Healthcare and Recreation Facilities","Nearby Schools, Nearby Hospitals, Nearby Shopping Malls, Nearby Restaurants, Distance From Airport (kms), Nearby Public Transport Service, Other Nearby Places","Security Staff, Facilities for Disabled",,,
https://www.zameen.com/Property/bahria_enclave_bahria_enclave_-_sector_n_brand_new_front_open_park_face_house_for_sale_in_sector_n_5_bedroom_with_attach_bath_best_location_for_living_bahria_enclave_islamabad-53342029-11975-1.html,"Bahria Enclave - Sector N, Bahria Enclave",House,PKR3.35 Crore,6,8 Marla,For Sale,5,4 months ago,"Bahria Town, Islamabad, Islamabad Capital","Brand New Park-Facing House for Sale in Sector N, Bahria Enclave Islamabad Discover this beautifully designed brand new 8.5 marla house located in the serene and scenic Sector N of Bahria Enclave Islamabad. Positioned on an extreme top location with an open park-facing view, this property offers a perfect blend of luxury, comfort, and natural beauty ideal for families looking for a peaceful and elegant living environment. The house features: 5 spacious bedrooms with attached modern bathrooms 2 stylish TV lounges providing comfort and relaxation for the family 1 elegant drawing room for guests and gatherings 2 well-equipped kitchens with quality fittings 1 servant room with attached bath Open spaces and skylights for bright, airy interiors and natural sunlight Located in an 80% constructed area, ensuring a developed and vibrant neighborhood With its solid construction, A-grade finishing, and prime location near the park, mosque, school, and commercial areas, this house represents one of the best living opportunities in Bahria Enclave. Reasonable Demand: 3.35 Crore PKR Bahria Enclave Islamabad offers a luxurious lifestyle with world-class amenities wide roads, underground electricity, secure gated community, family parks, schools, zoo, and modern commercial markets making it one of the most sought-after housing societies in the capital. For more details, contact:","Built in year: 2025, Parking Spaces, Double Glazed Windows, Central Air Conditioning, Central Heating, Flooring, Electricity Backup, Waste Disposal, Floors: 2, Other Main Features, Furnished","Bedrooms: 5, Bathrooms: 6, Servant Quarters: 1, Drawing Room, Dining Room, Kitchens: 2, Study Room, Prayer Room, Powder Room, Gym, Store Rooms: 2, Steam Room, Lounge or Sitting Room, Laundry Room, Other Rooms","Broadband Internet Access, Satellite or Cable TV Ready, Intercom, Other Business and Communication Facilities","Community Lawn or Garden, Community Swimming Pool, Community Gym, First Aid or Medical Centre, Day Care Centre, Kids Play Area, Barbeque Area, Mosque, Community Centre, Other Community Facilities","Lawn or Garden, Swimming Pool, Sauna, Jacuzzi, Other Healthcare and Recreation Facilities","Nearby Schools, Nearby Hospitals, Nearby Shopping Malls, Nearby Restaurants, Distance From Airport (kms), Nearby Public Transport Service, Other Nearby Places","Maintenance Staff, Security Staff, Facilities for Disabled, Other Facilities",,,
https://www.zameen.com/Property/islamabad_g-9_40x80_double_unit_9_bed_rooms_brand_new_house_for_sale-49759651-171-1.html,"G-9, Islamabad",House,PKR15.5 Crore,-,14.2 Marla,For Sale,9,1 month ago,"G-9, Islamabad, Islamabad Capital","|Sector| G-9 |Street| 50 Feet |Size| 40x80 |Accommodation| 9 Bed Rooms, 8 Washrooms, 2 Drawing Rooms, 2 Lounge, 2 Dinning, 2 Kitchen and Servant Quarter. |Price| Asking 16 Crore 50 Lac |Note| Original Pictures of the House is Attached. TOWN HOMES Enterprises We Commit, We Deliver","Built in year: 2025, Parking Spaces, Double Glazed Windows, Central Air Conditioning, Central Heating, Flooring, Electricity Backup, Waste Disposal, Floors, Other Main Features, Furnished","Bedrooms: 2, Bathrooms: 2, Drawing Room, Dining Room, Kitchens, Study Room, Prayer Room, Powder Room, Gym, Store Rooms, Steam Room, Lounge or Sitting Room, Laundry Room, Other Rooms","Broadband Internet Access, Satellite or Cable TV Ready, Intercom, Other Business and Communication Facilities","Community Lawn or Garden, Community Swimming Pool, Community Gym, First Aid or Medical Centre, Day Care Centre, Kids Play Area, Barbeque Area, Mosque, Community Centre, Other Community Facilities","Lawn or Garden, Swimming Pool, Sauna, Jacuzzi, Other Healthcare and Recreation Facilities","Nearby Schools, Nearby Hospitals, Nearby Shopping Malls, Nearby Restaurants, Distance From Airport (kms), Nearby Public Transport Service, Other Nearby Places","Maintenance Staff, Security Staff, Facilities for Disabled, Other Facilities",,,
https://www.zameen.com/Property/mpchs_multi_gardens_mpchs_-_block_f_house_of_5_marla_for_sale_in_mpchs_-_block_f-53284934-8527-1.html,"MPCHS - Block F, MPCHS - Multi Gardens",House,PKR2.2 Crore,4,5 Marla,For Sale,3,2 months ago,"B-17, Islamabad, Islamabad Capital","You can expect good returns on investment by booking your property at PKR Rs. 22000000 in the upcoming project. Moving to Islamabad, you won't have to think twice about the facilities as every area is quite developed. Luckily, your search for 5 Marla property has led to this carefully curated option. MPCHS - Block F is based away from the humdrum of urban city life, giving you the peace of mind you need most. With this House you won't have to look any further as it checks every box on the list. Purchase your property today to secure your future. Important details of the property are listed below. Central air conditioning so you are saved from the grueling heat of the summer months. Central heating is a convenient feature in the House to control and use. The expert security staff will remain vigilant round the clock. You can relax and not worry about furniture as the House comes fully furnished. There are mosques near the House within walking distance. 24/7 waste disposal services ensures the society looks and feels clean. Never miss an important update by staying connected online through broadband internet access. You can get rest of the details by calling us.","Built in year: 2025, Parking Spaces: 3, Double Glazed Windows, Central Air Conditioning, Central Heating, Flooring, Electricity Backup, Waste Disposal, Other Main Features, Furnished","Bedrooms, Bathrooms, Servant Quarters, Drawing Room, Dining Room, Kitchens, Study Room, Prayer Room, Powder Room, Gym, Store Rooms, Steam Room, Lounge or Sitting Room, Laundry Room, Other Rooms","Broadband Internet Access, Satellite or Cable TV Ready, Intercom, Other Business and Communication Facilities","Community Lawn or Garden, Community Swimming Pool, Community Gym, First Aid or Medical Centre, Day Care Centre, Kids Play Area, Barbeque Area, Mosque, Community Centre, Other Community Facilities","Lawn or Garden, Swimming Pool, Sauna, Jacuzzi, Other Healthcare and Recreation Facilities","Nearby Schools, Nearby Hospitals, Nearby Shopping Malls, Nearby Restaurants, Distance From Airport (kms), Nearby Public Transport Service, Other Nearby Places","Maintenance Staff, Security Staff, Other Facilities",,,
https://www.zameen.com/Property/mpchs_multi_gardens_mpchs_-_block_f_mpchs_-_block_f_5_marla_house_up_for_sale-53284936-8527-1.html,"MPCHS - Block F, MPCHS - Multi Gardens",House,PKR2.2 Crore,4,5 Marla,For Sale,3,2 months ago,"B-17, Islamabad, Islamabad Capital","If you think that this property's location in MPCHS - Block F is just swell, we'd recommend that you sign up for it quickly. You can book your House today at an ideal price of PKR Rs. 22000000. Our data reveals that price of PKR Rs. 22000000 can't get better than this for the property on sale. This comfortable property is available for sale. Islamabad has a thriving real estate market so you can be certain of finding the home of your dreams. This 5 Marla sized property will prove to be the perfect space for you to invest some (or all) of your future in. Features of property as follow. Protection is a top priority and for that reason, you'll find expert security services on patrol at all times. Central air conditioning in the House can save you from the outside heat. The House has a central heating system installed which is especially useful during winters. The House has several mosques nearby that you can reach at a short walk. Breathe in the fresh air as an effective waste disposal team is on duty all the time. A fully-furnished House is a perk that one can't deny. Double-glazed windows in the House are perfect for safety as they are harder to break. For booking details, call us on the given numbers.","Built in year, Parking Spaces: 01, Double Glazed Windows, Central Air Conditioning, Central Heating, Flooring, Electricity Backup, Waste Disposal, Other Main Features, Furnished","Bedrooms: 4, Bathrooms: 4, Drawing Room, Dining Room, Kitchens: 2, Powder Room, Store Rooms: 1, Lounge or Sitting Room, Laundry Room","Broadband Internet Access, Satellite or Cable TV Ready, Intercom, Other Business and Communication Facilities","Community Lawn or Garden, Community Gym, First Aid or Medical Centre, Day Care Centre, Kids Play Area, Barbeque Area, Mosque, Community Centre, Other Community Facilities",Other Healthcare and Recreation Facilities,"Nearby Schools, Nearby Hospitals, Nearby Shopping Malls, Nearby Restaurants, Distance From Airport (kms), Nearby Public Transport Service, Other Nearby Places","Maintenance Staff, Security Staff, Facilities for Disabled, Other Facilities",,,
https://www.zameen.com/Property/dha_defence_dha_defence_phase_1_designer_s_haven_a_5-bedroom_modern_oasis_where_straight_lines_meet_elegant_design_for_contemporary_living-52469871-376-1.html,"DHA Defence Phase 1, DHA Defence",House,PKR22 Crore,6,2 Kanal,For Sale,5,3 months ago,"DHA Defence, Islamabad, Islamabad Capital","5 Luxury Bedrooms With Attached Branded Washrooms. Powder Room For Guests. Imported 9x3 Tiled Flooring With Brass Lining Huge Beautiful Kitchen With Solid Cabinets And Marble Countertop Imported Appliances App Controlled House Lights Beautiful TV Lounge With Beautiful Tv Console Wooden Flooring In All Rooms Including Drawing, Dining And Lounge Amazing Looking Sunroom Connected With Kitchen Imported Tiles In Washroom Gym Theater Room With Sound Proofing Swimming Pool Huge Amazing Well Maintained Lawn 4-6 Cars Parking Space. . Solid Wood Doors. High Quality Imported Tiled Flooring. Pakistan Electric Cable Used In House Weather Shield Protection On The House Fancy Elegant Chandelier. 25 KVA Solar System High Quality Paint And Polish Work. Branded High Quality Aluminum And Glass Work. For Visits And Details Contact Us!","Parking Spaces: 4, Flooring, Electricity Backup, Floors: 2, Other Main Features","Bedrooms: 5, Bathrooms: 6, Servant Quarters: 2, Drawing Room, Dining Room, Kitchens: 1, Study Room, Prayer Room, Store Rooms: 1, Other Rooms","Broadband Internet Access, Satellite or Cable TV Ready, Intercom, Other Business and Communication Facilities","Community Lawn or Garden, Community Swimming Pool, Community Gym, First Aid or Medical Centre, Day Care Centre, Kids Play Area, Barbeque Area, Mosque, Community Centre, Other Community Facilities","Lawn or Garden, Swimming Pool, Jacuzzi, Other Healthcare and Recreation Facilities","Nearby Schools, Nearby Hospitals, Nearby Shopping Malls, Nearby Restaurants, Distance From Airport (kms), Nearby Public Transport Service, Other Nearby Places","Maintenance Staff, Security Staff, Facilities for Disabled, Other Facilities",,,
https://www.zameen.com/Property/gulberg_greens_gulberg_heights_2_bed_luxury_apartment_for_sale-46736870-19298-1.html,"Gulberg Heights, Gulberg Greens",Flat,PKR1.8 Crore,3,6.2 Marla,For Sale,2,2 weeks ago,"Gulberg, Islamabad, Islamabad Capital","2 Bed Luxury Sami Furnished Apartment Available For Sale In Gulberg Heights 2 Bedrooms 3bathrooms Big Kitchen Luxury Tv Lounge Balcony Washing Area And With Parking And All Facilities We Have Got Just The Right Property For You. So, Stop Whatever You'Re Doing And Grab Your Share As Soon As Possible. This Flat Will Help You Make The Best Decision For You And Your Family. May It Be Residential Or Commercial, Property In Islamabad Will Prove To Be Profitable. Gulberg Heights Is Best For Living, Renting Or Investment Purposes. The Price Tag Is Set Quite Reasonably At Rs. 16000000. This 1400 Square Feet Flat Suits Both Investors And The End Users. Notable Property Details Are As Follows. The Building Has Access To ATM Machines Facility As Well Among Others. All Your Laundry Essentials Can Be Kept In One Place With A Laundry Room That Is Part Of The Flat. Treat Yourself To A Jacuzzi Session And Let The Stress Fade Away. Feel Rejuvenated In The Steam Room That Is Part Of The Flat. After A Tiring Day, You Can Relax In The Community Lawn Close To The Flat. The Flat Has A Prayer Room As Well, Which You Can Utilize Any Way You Like. A Study Room In The Flat Is Ideal For The Students And Those Working From Home. Book Your Appointment Today By Calling On The Given Numbers.","Built in year, Parking Spaces, Lobby in Building, Double Glazed Windows, Central Air Conditioning, Central Heating, Flooring, Electricity Backup, Waste Disposal, Floor, Floors in Building, Elevators, Service Elevators in Building, Other Main Features, Furnished","Bedrooms, Bathrooms, Servant Quarters, Drawing Room, Dining Room, Kitchens, Study Room, Prayer Room, Powder Room, Gym, Store Rooms, Steam Room, Lounge or Sitting Room, Laundry Room, Other Rooms","Broadband Internet Access, Satellite or Cable TV Ready, Business Center or Media Room in Building, Conference Room in Building, Intercom, ATM Machines, Other Business and Communication Facilities","Community Lawn or Garden, Community Swimming Pool, Community Gym, First Aid or Medical Centre, Day Care Centre, Kids Play Area, Barbeque Area, Mosque, Community Centre, Other Community Facilities","Sauna, Jacuzzi, Other Healthcare and Recreation Facilities","Nearby Schools, Nearby Hospitals, Nearby Shopping Malls, Nearby Restaurants, Distance From Airport (kms), Nearby Public Transport Service, Other Nearby Places","Maintenance Staff, Security Staff, Laundry or Dry Cleaning Facility, Communal/Shared Kitchen, Facilities for Disabled, Pets Allowed, Other Facilities",,,
https://www.zameen.com/Property/islamabad_b-17_neat_and_clean_2_bed_luxury_apartment_on_3rd_floor_available_for_sale_multi_garden_mpchs_b-17_islamabad-52863116-616-1.html,"B-17, Islamabad",Flat,PKR62 Lakh,2,3.6 Marla,For Sale,2,1 week ago,"B-17, Islamabad, Islamabad Capital",2 Bed Luxury Apartment on 3rd Floor. Available For Sale Multi Gardens MPCHS B-17. In Block B1 2 Bedrooms. 2 Baths. TV Lounge. Kitchen. Electricity and Water Available. B17 multi garden b1block main commercial market MDR +MOSQUE. . +SCHOOL +ZOO+FAMILY PARK Margalla facing & J7 Facing Interested People Can Contact Easily. 2 Bedrooms. 2 Baths. TV Lounge. Kitchen. Electricity and Water Available. B17 multi garden b1block main commercial market MDR +MOSQUE. . +SCHOOL +ZOO+FAMILY PARK Margalla facing & J7 Facing Interested People Can Contact Easily.,"Built in year: 2024, Parking Spaces, Lobby in Building, Double Glazed Windows, Central Air Conditioning, Central Heating, Flooring, Electricity Backup, Floor: 3, Floors in Building: 6, Elevators","Bedrooms: 5, Bathrooms: 4, Drawing Room, Dining Room, Kitchens: 2, Study Room, Prayer Room, Powder Room, Store Rooms: 2, Steam Room, Lounge or Sitting Room, Laundry Room","Broadband Internet Access, Satellite or Cable TV Ready, Conference Room in Building, Intercom","Community Lawn or Garden, Community Swimming Pool, Community Gym, First Aid or Medical Centre, Day Care Centre, Kids Play Area, Barbeque Area, Mosque, Community Centre","Sauna, Jacuzzi","Nearby Schools, Nearby Hospitals, Nearby Shopping Malls, Nearby Restaurants, Distance From Airport (kms), Nearby Public Transport Service, Other Nearby Places",Security Staff,,,
https://www.zameen.com/Property/islamabad_b-17_i_have_a_two_bed_flat_available_for_sale_at_the_best_location_in_b-17_investor_rate-52885623-616-1.html,"B-17, Islamabad",Flat,PKR75 Lakh,2,3.8 Marla,For Sale,2,3 weeks ago,"B-17, Islamabad, Islamabad Capital",2 Bed Luxury Apartment on 3rd Floor. Available For Sale Multi Gardens MPCHS B-17. Its location is near Gate Number One. 2 Bedrooms. 2 Baths. TV Lounge. Kitchen. 805 SQFT FLAT NO 406 Final 75 Lac 308 Gt road face Corner 748 Sqft Final 75 Lack 306 805 Sqft Gt Road face Final 73Lack 301 Corner Socity face 72 Lack Final 748 SQFT All apartmint Already rent out And with out mentinance Rent full furnished 65000 hai Electricity and Water Available. B17 multi garden b1block main commercial market MDR +MOSQUE. . +SCHOOL +ZOO+FAMILY PARK Margalla facing & J7 Facing Interested People Can Contact Easily. 2 Bedrooms. 2 Baths. TV Lounge. Kitchen. 805 SQFT FLAT NO 406 Final 68 Lac 308 Gt road face Corner 748 Sqft Final 73 Lack 306 805 Sqft Gt Road face Final 75 Lack 301 Corner Socity face 75 Lack Final Interested People Can Contact Easily.,"Built in year: 2025, Parking Spaces, Flooring, Electricity Backup, Other Main Features","Bedrooms: 4, Bathrooms: 4, Drawing Room, Dining Room, Kitchens: 2, Study Room, Prayer Room, Powder Room, Store Rooms, Steam Room, Lounge or Sitting Room, Laundry Room, Other Rooms",Other Business and Communication Facilities,Other Community Facilities,,"Nearby Schools, Nearby Hospitals, Nearby Shopping Malls, Nearby Restaurants, Other Nearby Places",,,,
https://www.zameen.com/Property/islamabad_b-17_b-17_one-bed_flat_two-bed_flat_and_three-bed_flats_are_for_sale_in_masam_mall_the_most_popular_location_in_fmc-52966718-616-1.html,"B-17, Islamabad",Flat,PKR85 Lakh,1,3.6 Marla,For Sale,1,1 week ago,"B-17, Islamabad, Islamabad Capital",B17 FMC MIUSAM MALL APARTMENT 1 Bed Room Area 800 Sqft 2 Bed Room Area 1165 Sqft 3 Bed Room Area 1650 Sqf Attach bathroom TV launch separate kitchen terrace left to floor underground parking all facilities available brand new building easy approach excellent location good investment good level good time 2 Bed Room Area 1165 Sqft 3 Bed Room Area 1650 Sqft Attach bathroom TV launch separate kitchen terrace left to floor underground parking all facilities available brand new building easy approach excellent location good investment good level good time,"Built in year: 2025, Parking Spaces, Lobby in Building, Double Glazed Windows, Central Air Conditioning, Flooring, Electricity Backup, Floor: 8, Floors in Building: 8, Elevators, Other Main Features",Bathrooms,,"Community Swimming Pool, Community Gym, First Aid or Medical Centre, Day Care Centre, Kids Play Area, Barbeque Area, Mosque, Community Centre",,"Nearby Schools, Nearby Hospitals, Nearby Shopping Malls, Nearby Restaurants, Distance From Airport (kms), Nearby Public Transport Service, Other Nearby Places",,,,
https://www.zameen.com/Property/islamabad_b-17_domination_heights_multi_garden_b17_islamabad_1bedroom_apartment_ready_to_move_6th_floor_available_for_sale-52969997-616-1.html,"B-17, Islamabad",Flat,PKR85 Lakh,2,4.1 Marla,For Sale,2,1 week ago,"B-17, Islamabad, Islamabad Capital","GREEN HEIGHTS MRWJ+HG7, Block A Multi Gardens B-17, Islamabad, Islamabad Capital Territory, Pakistan Properties (20) Ongoing Projects (7) Islamabad (3) GREEN HEIGHTS Rs. 4,800,000 Property type: Ongoing Projects Offer type: For Sale City: Islamabad Bedrooms: 1&2 Bathrooms: 1-2 Lot size: 5 Kanal ft DETAILS GREEN HEIGHTS offer you executive apartments in MPCHS, B-17 Islamabad along with concierge services. Friendly layout and healthy air circulation and central landscaped green area, committed delivery, automatic lift, unlimited car parking and secured gated community all are just few reasons of why GREEN HEIGHTS would be and ideal investment. Built for excellence living experience that exuberates a sense of luxury. Embedded with 24/7 security and maintenance, recreational bliss, and a charm that no other offers; GREEN HEIGHTS truly has it all. Boasting a unique design of elegant interiors, GREEN HEIGHTS is set to become the benchmark for the luxury scene. Green Heights Apartment Features: Passenger & Cargo Lifts Earthquake Resistant Amazing Interior & Exterior Design 24/7 Security for each apartment Separate Parking For Apartments FAQs 1. Where are Green Heights located? Green Heights boasts an ideal location within B-17, Islamabad. 2. Which company is 7developing this project? This luxurious project is being developed by the Red Sun Associates.","Built in year: 2025, Parking Spaces, Lobby in Building, Double Glazed Windows, Central Air Conditioning, Central Heating, Flooring, Electricity Backup, Waste Disposal, Floor: 12, Floors in Building: 12, Elevators: 6, Other Main Features, Furnished","Bedrooms: 5, Bathrooms: 1, Servant Quarters: 1, Drawing Room, Dining Room, Kitchens: 1, Study Room, Prayer Room, Powder Room, Gym, Store Rooms: 1, Steam Room, Lounge or Sitting Room, Laundry Room, Other Rooms","Broadband Internet Access, Satellite or Cable TV Ready, Business Center or Media Room in Building, Conference Room in Building, Intercom, ATM Machines, Other Business and Communication Facilities","Community Lawn or Garden, Community Swimming Pool, Community Gym, First Aid or Medical Centre, Day Care Centre, Kids Play Area, Barbeque Area, Mosque, Community Centre, Other Community Facilities","Sauna, Jacuzzi, Other Healthcare and Recreation Facilities","Nearby Schools, Nearby Hospitals, Nearby Shopping Malls, Nearby Restaurants, Distance From Airport (kms), Nearby Public Transport Service, Other Nearby Places","Maintenance Staff, Security Staff, Facilities for Disabled, Other Facilities",,,
https://www.zameen.com/Property/islamabad_karakoram_diplomatic_enclave_7th_floor_apartment_for_sale_in_karakoram_diplomatic_enclave-52919689-9063-1.html,"Karakoram Diplomatic Enclave, Islamabad",Flat,PKR6.4 Crore,2,7.3 Marla,For Sale,2,3 months ago,"Karakoram Diplomatic Enclave, Islamabad, Islamabad Capital",7th Floor Fully Furnished All Facilities Are Available Gym Is Also Available Car Parking Good Environment Full Proof Security,"Built in year: 2025, Parking Spaces: 6, Lobby in Building, Double Glazed Windows, Central Air Conditioning, Central Heating, Flooring, Electricity Backup, Waste Disposal, Floor: 7, Elevators: 11, Service Elevators in Building, Other Main Features, Furnished","Bedrooms: 2, Bathrooms: 2, Servant Quarters: 4, Drawing Room, Dining Room, Kitchens: 1, Study Room, Prayer Room, Powder Room, Gym, Store Rooms: 2, Steam Room, Lounge or Sitting Room, Laundry Room, Other Rooms","Broadband Internet Access, Satellite or Cable TV Ready, Business Center or Media Room in Building, Conference Room in Building, Intercom, Other Business and Communication Facilities","Community Lawn or Garden, Community Swimming Pool, Community Gym, First Aid or Medical Centre, Day Care Centre, Kids Play Area, Barbeque Area, Mosque, Community Centre, Other Community Facilities","Sauna, Jacuzzi, Other Healthcare and Recreation Facilities","Nearby Schools, Nearby Hospitals, Nearby Shopping Malls, Nearby Restaurants, Distance From Airport (kms), Nearby Public Transport Service, Other Nearby Places","Maintenance Staff, Security Staff, Facilities for Disabled, Other Facilities",,,
https://www.zameen.com/Property/islamabad_i-16_3_bed_b_type_pha_apartment_on_ground_floor_for_sale-52755529-449-1.html,"I-16, Islamabad",Flat,PKR1.02 Crore,3,6.6 Marla,For Sale,3,4 months ago,"I-16, Islamabad, Islamabad Capital",I-16 PHA 3 bed with servant Room Type B On Ground floor and corner for sale For More detail and option feel free to contact us,"Parking Spaces, Double Glazed Windows, Central Air Conditioning, Flooring, Electricity Backup, Waste Disposal, Floor, Floors in Building: 6, Elevators: 2, Service Elevators in Building, Other Main Features","Bedrooms: 3, Bathrooms: 4, Servant Quarters: 1, Drawing Room, Dining Room, Kitchens: 1, Powder Room, Store Rooms: 1, Lounge or Sitting Room, Laundry Room","Broadband Internet Access, Satellite or Cable TV Ready, Intercom","Community Lawn or Garden, Community Swimming Pool, Community Gym, First Aid or Medical Centre, Day Care Centre, Kids Play Area, Barbeque Area, Mosque, Community Centre",,"Nearby Schools, Nearby Hospitals, Nearby Shopping Malls, Nearby Restaurants, Distance From Airport (kms), Nearby Public Transport Service, Other Nearby Places","Maintenance Staff, Security Staff, Facilities for Disabled, Other Facilities",,,
https://www.zameen.com/Property/mpchs_multi_gardens_mpchs_-_block_f_5_marla_brand_new_corner_house_for_sale_in_multi_gardens_b-17_islamabad-53081030-8527-1.html,"MPCHS - Block F, MPCHS - Multi Gardens",House,PKR2.18 Crore,5,5 Marla,For Sale,4,2 months ago,"B-17, Islamabad, Islamabad Capital","5 Marla Brand New Corner House for Sale F Block, Multi Gardens B-17 Islamabad Prime Location: Corner Plot in F Block Easy Access & Peaceful Neighborhood Brand New | Double Unit | Double Storey | Solid A++ Construction Key Features: 5 Spacious Bedrooms with Attached Baths 2 Modern Kitchens (One on Each Floor) Drawing Room + Dining Area 2 Wide TV Lounges Double Unit Ideal for Two Families / Rental Income Stylish Ceiling, Premium Tile Flooring & Elegant Fittings Wide Car Porch & Store Room Sun-Facing & Corner Extra Ventilation & Natural Light Why This House? Brand New Ready to Move In Corner + Double Unit (Best for Investment & Living) Solid A++ Grade Construction with Modern Design Prime Location in Multi Gardens B-17 Islamabad (F Block) --- Call now for visit & details limited-time opportunity! View Contact Detail Zohaib Adalat Baloch","Built in year: 2025, Parking Spaces: 1, Double Glazed Windows, Central Air Conditioning, Central Heating, Flooring, Electricity Backup, Waste Disposal, Floors: 2, Other Main Features, Furnished","Bedrooms: 4, Bathrooms: 6, Servant Quarters: 1, Drawing Room, Dining Room, Kitchens: 2, Study Room, Prayer Room, Powder Room, Gym, Store Rooms: 1, Steam Room, Lounge or Sitting Room, Laundry Room, Other Rooms","Broadband Internet Access, Satellite or Cable TV Ready, Intercom, Other Business and Communication Facilities","Community Lawn or Garden, Community Swimming Pool, Community Gym, First Aid or Medical Centre, Day Care Centre, Kids Play Area, Barbeque Area, Mosque, Community Centre, Other Community Facilities","Lawn or Garden, Swimming Pool, Sauna, Jacuzzi, Other Healthcare and Recreation Facilities","Nearby Schools, Nearby Hospitals, Nearby Shopping Malls, Nearby Restaurants, Distance From Airport (kms), Nearby Public Transport Service, Other Nearby Places","Maintenance Staff, Security Staff, Facilities for Disabled, Other Facilities",,,
https://www.zameen.com/Property/mpchs_multi_gardens_mpchs_-_block_c1_luxury_5_marla_designer_house_in_multi_gardens_b-17-53010405-12607-1.html,"MPCHS - Block C1, MPCHS - Multi Gardens",House,PKR4 Crore,6,10 Marla,For Sale,5,4 weeks ago,"B-17, Islamabad, Islamabad Capital","High Quality 10 Marla Designer House With 5 Bedrooms At A Prime Location In B-17 Multi Gardens Close To Margalla Avenue Newly Constructed At A Very Peaceful Location Solid Construction And Beautiful Finishing Excellent Woodwork, Quality Fittings And Stylish Kitchens This House Features 5 Spacious Bedrooms 6 Luxury Bathrooms 1 Drawing Room 2 Kitchens 2 Living Rooms 1 Servant Room With Attached Bath Entrance Lobby With Stairs Parking Space For 3 Cars. For More Options And Visit Please Contact Us. ONYX HOMES REALTORS &Amp; BUILDERS ALSO PROVIDING CONSTRUCTION &Amp; INTERIOR SERVICES","Built in year: 2025, Parking Spaces: 3, Double Glazed Windows, Central Air Conditioning, Central Heating, Flooring, Electricity Backup, Waste Disposal, Floors: 2, Other Main Features, Furnished","Bedrooms: 5, Bathrooms: 6, Servant Quarters: 1, Drawing Room, Dining Room, Kitchens: 2, Study Room, Prayer Room, Powder Room, Store Rooms: 2, Steam Room, Lounge or Sitting Room, Laundry Room, Other Rooms","Broadband Internet Access, Satellite or Cable TV Ready, Intercom, Other Business and Communication Facilities","Community Lawn or Garden, Community Swimming Pool, Community Gym, First Aid or Medical Centre, Day Care Centre, Kids Play Area, Barbeque Area, Mosque, Community Centre, Other Community Facilities","Lawn or Garden, Swimming Pool, Sauna, Jacuzzi, Other Healthcare and Recreation Facilities","Nearby Schools, Nearby Hospitals, Nearby Shopping Malls, Nearby Restaurants, Distance From Airport (kms), Nearby Public Transport Service, Other Nearby Places","Maintenance Staff, Security Staff, Facilities for Disabled, Other Facilities",,,
https://www.zameen.com/Property/islamabad_bani_gala_5_marla_double_story_house_for_sale_in_bani_gala-53253513-340-1.html,"Bani Gala, Islamabad",House,PKR1.95 Crore,3,5 Marla,For Sale,3,3 months ago,"Bani Gala, Islamabad, Islamabad Capital",5 marla double story house for sale in banigala in very ideal location 3 bedroom attached washroom 1 drawing room attached washroom 2 kitchen 2 tv lunch 1 car parking curtains install cameras install water boring electric meter very to imran khan chowk school newland school banks cash and carry etc every thing in one steps,"Built in year: 2023, Parking Spaces: 1, Flooring, Electricity Backup, Waste Disposal, Floors: 2, Other Main Features","Bedrooms: 3, Bathrooms: 3, Servant Quarters: 1, Drawing Room, Dining Room, Kitchens: 2, Powder Room, Store Rooms: 1, Lounge or Sitting Room, Laundry Room, Other Rooms","Broadband Internet Access, Satellite or Cable TV Ready",,,"Nearby Schools, Nearby Hospitals, Nearby Shopping Malls, Nearby Restaurants, Distance From Airport (kms), Nearby Public Transport Service, Other Nearby Places",,,,
https://www.zameen.com/Property/islamabad_bani_gala_10_marla_design_double_storey_house_for_sale_in_bani_gala-53307110-340-1.html,"Bani Gala, Islamabad",House,PKR4.6 Crore,5,10 Marla,For Sale,5,3 months ago,"Bani Gala, Islamabad, Islamabad Capital",10 Marla Design Double Storey House For Sale In Bani Gala Very Beautiful Design House Single And Double Unit 5 Bedroom Attached Bathroom 2 Kitchen 2 Drawing Room 2 Tv Lunch 2 Car Parking Servant Room Water Boring Electricity Meter Imran Khan Chowk Cash And Carry Schools Food Etc,"Built in year: 2025, Parking Spaces: 2, Flooring, Electricity Backup, Waste Disposal, Floors: 2, Other Main Features","Bedrooms: 5, Bathrooms: 5, Servant Quarters: 1, Drawing Room, Dining Room, Kitchens: 2, Powder Room, Store Rooms, Lounge or Sitting Room, Laundry Room, Other Rooms","Broadband Internet Access, Satellite or Cable TV Ready","Community Gym, First Aid or Medical Centre, Kids Play Area, Mosque, Community Centre",,"Nearby Schools, Nearby Hospitals, Nearby Shopping Malls, Nearby Restaurants, Distance From Airport (kms), Nearby Public Transport Service, Other Nearby Places","Maintenance Staff, Security Staff",,,
https://www.zameen.com/Property/islamabad_bani_gala_8_marla_double_design_house_for_sale_in_banigala-53276794-340-1.html,"Bani Gala, Islamabad",House,PKR3.35 Crore,5,8 Marla,For Sale,5,3 months ago,"Bani Gala, Islamabad, Islamabad Capital","8 Marla Double Storey Design House For Sale In Banigala 1.5 Bedroom Attached Bathroom 2.2 Kitchen 3. Drawing 4.2 Car Parking 5. Water Boring 6. Electricity Meter 7.25 Ft Roads 8. Close End Street 9. Very Near To Market Banks, School, Cash Carry Etc Very To Islamabad Just 12 Mints Drive To Islamabad","Built in year: 2025, Parking Spaces: 2, Flooring, Electricity Backup, Waste Disposal, Floors: 2, Other Main Features","Bedrooms: 5, Bathrooms: 5, Drawing Room, Dining Room, Kitchens: 2, Store Rooms, Lounge or Sitting Room, Laundry Room, Other Rooms","Broadband Internet Access, Satellite or Cable TV Ready",,Other Healthcare and Recreation Facilities,"Nearby Schools, Nearby Hospitals, Nearby Shopping Malls, Nearby Restaurants, Distance From Airport (kms), Nearby Public Transport Service, Other Nearby Places","Maintenance Staff, Security Staff, Facilities for Disabled",,,
https://www.zameen.com/Property/dha_defence_phase_2_dha_phase_2_-_sector_g_dha_phase_2_one_kanal_brand_new_owner_build_house_available_for_sale-52483409-3202-1.html,"DHA Phase 2 - Sector G, DHA Defence Phase 2",House,PKR13.5 Crore,6,1 Kanal,For Sale,6,5 months ago,"DHA Defence, Islamabad, Islamabad Capital",For Sale DHA Phase 2 Sector G Brand New One Kanal House For Sale 6 Bedroom Attached Washroom Solar System Installed 15kv Owner Build House More Information Contact,"Built in year: 2022, Parking Spaces: 2, Double Glazed Windows, Central Air Conditioning, Central Heating, Flooring, Electricity Backup, Floors","Bedrooms: 3, Bathrooms: 4, Servant Quarters: 1, Drawing Room, Kitchens: 2, Study Room, Prayer Room, Powder Room, Gym, Store Rooms: 2, Lounge or Sitting Room, Laundry Room","Broadband Internet Access, Satellite or Cable TV Ready, Intercom","Community Lawn or Garden, Community Swimming Pool, Community Gym, First Aid or Medical Centre, Day Care Centre, Kids Play Area, Barbeque Area, Mosque, Community Centre","Lawn or Garden, Sauna, Jacuzzi","Nearby Schools, Nearby Hospitals, Nearby Shopping Malls, Nearby Restaurants, Distance From Airport (kms), Nearby Public Transport Service, Other Nearby Places","Security Staff, Other Facilities",,,
https://www.zameen.com/Property/dha_defence_dha_defence_phase_2_modern_straight_line_designer_house_for_sale_in_dha_2_isb-53015297-339-1.html,"DHA Defence Phase 2, DHA Defence",House,PKR13.5 Crore,6,1 Kanal,For Sale,5,4 months ago,"DHA Defence, Islamabad, Islamabad Capital",Location: Dha phase II Islamabad Demand: 13.75 Cr - 5 bedroom - 5 washrooms with jaccuzis - Double heighted lobby - Custom Cut Marble Flooring - High Quality lights and chandeliers - High End paint finishing - 3D Travertine Walls - Huge Car parking space - Solid Wood doors - South facing house - Premium & Sleek Kitchens - Branded Appliances - Grohe and Roca Fittings and ceramics - Walk in Wardrobes,"Built in year: 2025, Parking Spaces: 3, Double Glazed Windows, Flooring, Electricity Backup, Floors: 2, Other Main Features","Bedrooms: 5, Bathrooms: 6, Servant Quarters: 1, Drawing Room, Dining Room, Kitchens: 2, Store Rooms: 1, Other Rooms","Broadband Internet Access, Satellite or Cable TV Ready, Intercom, Other Business and Communication Facilities","Community Lawn or Garden, Community Swimming Pool, Community Gym, First Aid or Medical Centre, Day Care Centre, Kids Play Area, Barbeque Area, Mosque, Community Centre, Other Community Facilities","Lawn or Garden, Jacuzzi, Other Healthcare and Recreation Facilities","Nearby Schools, Nearby Hospitals, Nearby Shopping Malls, Nearby Restaurants, Distance From Airport (kms), Nearby Public Transport Service, Other Nearby Places","Maintenance Staff, Security Staff, Facilities for Disabled, Other Facilities",,,
https://www.zameen.com/Property/dha_defence_dha_defence_phase_1_beautiful_2_bed_apartment-53354035-376-1.html,"DHA Defence Phase 1, DHA Defence",Flat,PKR1.75 Crore,2,6.8 Marla,For Sale,2,5 months ago,"DHA Defence, Islamabad, Islamabad Capital","Beautiful 2 Bed Apartment Prime Location Near To Market, Mosque & School Servant Quarter With Attached Bathroom Available Store Room","Built in year: 2019, Parking Spaces: 1, Double Glazed Windows, Central Air Conditioning, Central Heating, Flooring, Electricity Backup, Waste Disposal, Floor, Floors in Building: 2, Elevators, Other Main Features, Furnished","Bedrooms: 2, Bathrooms: 2, Servant Quarters: 1, Drawing Room, Dining Room, Kitchens: 1, Study Room, Prayer Room, Powder Room, Gym, Store Rooms: 1, Steam Room, Lounge or Sitting Room, Laundry Room, Other Rooms","Broadband Internet Access, Satellite or Cable TV Ready, Intercom, Other Business and Communication Facilities","Community Lawn or Garden, Community Swimming Pool, Community Gym, First Aid or Medical Centre, Day Care Centre, Kids Play Area, Barbeque Area, Mosque, Community Centre, Other Community Facilities","Sauna, Jacuzzi, Other Healthcare and Recreation Facilities","Nearby Schools, Nearby Hospitals, Nearby Shopping Malls, Nearby Restaurants, Nearby Public Transport Service, Other Nearby Places","Maintenance Staff, Security Staff, Facilities for Disabled, Other Facilities",,,
https://www.zameen.com/Property/soan_garden_soan_garden_-_block_b_faimly_flat_for_sale_in_soan_garden_society_islamabad-50011543-3492-1.html,"Soan Garden - Block B, Soan Garden",Flat,PKR65 Lakh,2,4 Marla,For Sale,3,2 days ago,"Soan Garden, Islamabad, Islamabad Capital","FAMILY FLAT FOR SALE IN SOAN GARDEN B BLOCK ISLAMABAD STUNNING LOCATION FRONT WIDE 120 FIT ROAD REASONABLE PRICE FEACHERS SAKIND FLOOR NEAR TO ISLAMABAD HIGH WAY MORBILE FLOORING 3 BEDROOMS 2 BATHROOM 1 KITCHEN TV LOUNGE BALCONY ELECTRIC, GAS, MOTOR, WATER THANK SAPRITED Current Rent 27000 GEZER INSTALLED CALL US FOR MORE DETAILS","Built in year: 2012, Parking Spaces: 3, Lobby in Building, Double Glazed Windows, Central Air Conditioning, Central Heating, Flooring, Electricity Backup, Waste Disposal, Floor: 2, Floors in Building: 3, Service Elevators in Building, Other Main Features, Furnished","Bedrooms: 3, Bathrooms: 2, Servant Quarters: 1, Drawing Room, Dining Room, Kitchens: 1, Study Room, Prayer Room, Powder Room, Gym, Store Rooms: 1, Steam Room, Lounge or Sitting Room, Laundry Room, Other Rooms","Broadband Internet Access, Satellite or Cable TV Ready, Business Center or Media Room in Building, Conference Room in Building, Intercom, ATM Machines, Other Business and Communication Facilities","Community Lawn or Garden, Community Swimming Pool, Community Gym, First Aid or Medical Centre, Day Care Centre, Kids Play Area, Barbeque Area, Mosque, Community Centre, Other Community Facilities","Sauna, Jacuzzi, Other Healthcare and Recreation Facilities","Nearby Schools, Nearby Hospitals, Nearby Shopping Malls, Nearby Restaurants, Distance From Airport (kms), Nearby Public Transport Service, Other Nearby Places","Maintenance Staff, Security Staff, Laundry or Dry Cleaning Facility, Communal/Shared Kitchen, Facilities for Disabled, Other Facilities",,,
https://www.zameen.com/Property/islamabad_arsalan_town_11_marla_corner_house_for_sale_in_arslan_town_islamabad-53321322-3112-1.html,"Arsalan Town, Islamabad",House,PKR2.85 Crore,6,11 Marla,For Sale,5,4 months ago,"Arsalan Town, Islamabad, Islamabad Capital",11 MARLA CORNER HOUSE FOR SALE IN ARSLAN TOWN ISLAMABAD STUNNING LOCATION FRONT WIDE ROAD 60 FEET Main Road MORBLE FLOORING 5 BEDROOMS 7 BATHROOMS DRAWING ROOM TV LOUNGE DRAWING ROOM 2 KITCHEN OWNER BUILD HOUSE SOLID CONSTRUCTION ALL FACILITIES AVAILABLE ELECTRIC GAS METER AVAILABLE CALL US MORE INFORMATION,"Built in year: 2019, Parking Spaces: 3, Double Glazed Windows, Central Air Conditioning, Central Heating, Flooring, Electricity Backup, Waste Disposal, Floors: 2, Other Main Features, Furnished","Bedrooms: 5, Bathrooms: 7, Servant Quarters: 1, Drawing Room, Dining Room, Kitchens: 2, Study Room, Prayer Room, Powder Room, Gym, Store Rooms: 1, Steam Room, Lounge or Sitting Room, Laundry Room, Other Rooms","Broadband Internet Access, Satellite or Cable TV Ready, Intercom, Other Business and Communication Facilities","Community Lawn or Garden, Community Swimming Pool, Community Gym, First Aid or Medical Centre, Day Care Centre, Kids Play Area, Barbeque Area, Mosque, Community Centre, Other Community Facilities","Lawn or Garden, Swimming Pool, Sauna, Jacuzzi, Other Healthcare and Recreation Facilities","Nearby Schools, Nearby Hospitals, Nearby Shopping Malls, Nearby Restaurants, Distance From Airport (kms), Nearby Public Transport Service, Other Nearby Places","Maintenance Staff, Security Staff, Facilities for Disabled, Other Facilities",,,
https://www.zameen.com/Property/islamabad_b-17_b-17_brand_new_building_misuam_mall_apartment_2_bed_flat_available_for_sale-53187886-616-1.html,"B-17, Islamabad",Flat,PKR1.25 Crore,2,5.1 Marla,For Sale,2,1 week ago,"B-17, Islamabad, Islamabad Capital","A thriving lifestyle awaits you in B-17's upcoming neighbourhoods. Prices can go up very quickly so be smart and book your property today at PKR Rs. 11500000. A well-designed Flat like this isn't easy to come by. B-17 is surrounded with all kinds of facilities, so hurry up and book your property today. Book your dream home from our endless property options available for sale. Highly-coveted 1156 Square Feet property is available for sale at a reasonable price. You can read the property features below. Feel rejuvenated in the steam room that is part of the Flat. Central air-conditioning in the Flat can help you sleep better with uniform cooling throughout the house. Double-glazed windows in the Flat adds to the design of the property. The house has a separate prayer room so that you can offer your five daily prayers peacefully, away from the noise. A separate laundry room helps keep the rest of the house organized and free of any washing mess. A drawing room as large as the one with this property can comfortably seat your guests. The building includes a well-designed lobby. No matter what your property queries are, contact us to get the best answers.","Built in year: 2025, Parking Spaces: 1, Lobby in Building, Double Glazed Windows, Central Air Conditioning, Central Heating, Flooring, Electricity Backup, Floor: 4, Floors in Building: 8, Elevators: 2, Other Main Features","Bedrooms: 2, Bathrooms: 2, Drawing Room, Dining Room, Kitchens: 1, Prayer Room, Powder Room, Gym, Steam Room, Lounge or Sitting Room, Laundry Room","Broadband Internet Access, Satellite or Cable TV Ready, Business Center or Media Room in Building, Conference Room in Building, Intercom, ATM Machines, Other Business and Communication Facilities",,,"Nearby Schools, Nearby Hospitals, Nearby Shopping Malls, Nearby Restaurants, Distance From Airport (kms), Nearby Public Transport Service, Other Nearby Places",Security Staff,,,
https://www.zameen.com/Property/gulberg_gulberg_greens_1_bed_apartment_for_sale_very_reasonable_price_in_gulberg_green-52983627-8312-1.html,"Gulberg Greens, Gulberg",Flat,PKR1.03 Crore,1,2.8 Marla,For Sale,1,16 hours ago,"Gulberg, Islamabad, Islamabad Capital","1 BED APARTMENT FOR SALE VERY REASONABLE PRICE IN GULBERG GREEN ISLAMABAD Prime Location: ideally located just a 2-minute drive from the Islamabad Expressway. 24-Hour Security: Basement Car parking Working Elevators: Uninterrupted Power Supply: CDA Approved: approved by the Capital Development Authority (CDA) 220ft wide main boulevard Dedicated underpass access to Islamabad Expressway Gated community Underground electricity, gas and water supply Incomparable development Educational & Health Care Centres Commercial Hub Genius Infrastructure 1,2 and 3 Bed apartment available for Sale On installment","Built in year: 2022, Parking Spaces, Lobby in Building, Double Glazed Windows, Central Air Conditioning, Central Heating, Flooring, Electricity Backup, Waste Disposal, Floor, Floors in Building, Elevators, Service Elevators in Building, Other Main Features, Furnished","Bathrooms: 1, Drawing Room, Dining Room, Kitchens: 1, Study Room, Prayer Room, Powder Room, Gym, Steam Room, Lounge or Sitting Room, Laundry Room, Other Rooms","Broadband Internet Access, Satellite or Cable TV Ready, Business Center or Media Room in Building, Conference Room in Building, Intercom, ATM Machines, Other Business and Communication Facilities","Community Lawn or Garden, Community Swimming Pool, Community Gym, First Aid or Medical Centre, Day Care Centre, Kids Play Area, Barbeque Area, Mosque, Community Centre",,"Nearby Schools, Nearby Hospitals, Nearby Shopping Malls, Nearby Restaurants, Distance From Airport (kms), Nearby Public Transport Service, Other Nearby Places","Maintenance Staff, Security Staff, Laundry or Dry Cleaning Facility, Communal/Shared Kitchen, Facilities for Disabled, Other Facilities",,,
https://www.zameen.com/Property/gulberg_greens_diamond_mall_residency_one_bedroom_luxury_appartment_for_sale_in_diamond_mall_and_residency-53356231-10982-1.html,"Diamond Mall & Residency, Gulberg Greens",Flat,PKR100 Lakh,1,2.4 Marla,For Sale,1,4 months ago,"Gulberg, Islamabad, Islamabad Capital","One Bedroom Appartment for Sale in Diamond Mall and Residency Gulberg Greens Block-B Islamabad *Luxurious 1 Bedroom Apartment for Sale in Gulberg Greens Islamabad* *Apartment Details:* - *Location:* Gulberg Greens Black-B Islamabad - *Bedrooms:* 1 with attached bathroom - *TV Lounge:* Available - *Kitchen:* Modern and fully equipped - *Parking:* Dedicated car parking *Contact Information:* For more details, please contact:","Built in year: 2022, Parking Spaces: 1, Lobby in Building, Double Glazed Windows, Central Air Conditioning, Central Heating, Flooring, Electricity Backup, Waste Disposal, Floor: 3, Floors in Building: 8, Elevators: 4, Service Elevators in Building, Other Main Features","Bedrooms: 1, Bathrooms: 1, Drawing Room, Dining Room, Kitchens: 1, Study Room, Prayer Room, Powder Room, Gym, Store Rooms: 1, Steam Room, Lounge or Sitting Room, Laundry Room","Broadband Internet Access, Satellite or Cable TV Ready, Business Center or Media Room in Building, Conference Room in Building, Intercom, ATM Machines, Other Business and Communication Facilities","Community Lawn or Garden, Community Swimming Pool, Community Gym, First Aid or Medical Centre, Day Care Centre, Kids Play Area, Barbeque Area, Mosque, Community Centre, Other Community Facilities","Sauna, Jacuzzi, Other Healthcare and Recreation Facilities","Nearby Schools, Nearby Hospitals, Nearby Shopping Malls, Nearby Restaurants, Distance From Airport (kms), Nearby Public Transport Service, Other Nearby Places","Maintenance Staff, Security Staff, Laundry or Dry Cleaning Facility, Communal/Shared Kitchen, Facilities for Disabled, Pets Allowed, Other Facilities",,,
https://www.zameen.com/Property/bahria_enclave_bahria_enclave_-_sector_c2_brandnew_house_for_sale_in_bahria_enclave_islamabad-53319687-11988-1.html,"Bahria Enclave - Sector C2, Bahria Enclave",House,PKR4 Crore,5,9 Marla,For Sale,5,4 months ago,"Bahria Town, Islamabad, Islamabad Capital",Best location house for sale in bahria enclave Accomodation: 5 bed with attach baths 2 kitchen 2 tv launch 1 drawing New-age & Pakistan Cables. - Porta Ceramics / Fixture & Fittings. - Diyar Chookats. - Masavi Doors. Negotiable Meeting with Genuine owner For more details contact,"Built in year: 2025, Flooring","Drawing Room, Kitchens: 2","Broadband Internet Access, Satellite or Cable TV Ready","Community Gym, First Aid or Medical Centre, Barbeque Area, Mosque",,"Nearby Schools, Nearby Hospitals, Nearby Shopping Malls, Nearby Restaurants, Distance From Airport (kms), Nearby Public Transport Service, Other Nearby Places","Security Staff, Other Facilities",,,
https://www.zameen.com/Property/dha_defence_dha_defence_phase_2_prime_location_near_to_school_near_to_masjid_near_to_central_park_near_to_hospital-53356195-339-1.html,"DHA Defence Phase 2, DHA Defence",House,PKR12.8 Crore,6,1 Kanal,For Sale,5,3 months ago,"DHA Defence, Islamabad, Islamabad Capital",House For Sale Your Dream Home Awaits! Location: Prime &Amp; Peaceful Area Size: Spacious Design With Modern Architecture,"Built in year: 2025, Parking Spaces: 03, Double Glazed Windows, Central Air Conditioning, Central Heating, Flooring, Electricity Backup, Waste Disposal, Floors: 01, Other Main Features","Bedrooms: 5, Bathrooms: 6, Servant Quarters: 02, Drawing Room, Dining Room, Kitchens: 02, Study Room, Prayer Room, Powder Room, Gym, Steam Room, Lounge or Sitting Room, Laundry Room, Other Rooms","Broadband Internet Access, Satellite or Cable TV Ready, Intercom, Other Business and Communication Facilities","Community Lawn or Garden, Community Swimming Pool, Community Gym, First Aid or Medical Centre, Day Care Centre, Kids Play Area, Barbeque Area, Mosque, Community Centre, Other Community Facilities","Lawn or Garden, Swimming Pool, Sauna, Jacuzzi, Other Healthcare and Recreation Facilities","Nearby Schools, Nearby Hospitals, Nearby Shopping Malls, Nearby Restaurants, Distance From Airport (kms), Nearby Public Transport Service, Other Nearby Places","Maintenance Staff, Security Staff, Facilities for Disabled, Other Facilities",,,
https://www.zameen.com/Property/fechs_jinnah_gardens_7_marla_1_5_story_house-53356192-1420-1.html,"Jinnah Gardens, FECHS",House,PKR2.5 Crore,3,7 Marla,For Sale,3,4 months ago,"FECHS, Islamabad, Islamabad Capital","7 MARLA 1.5 story House for sale in Jinnah garden Islamabad lop, clear. Map CDA proof good location good work",,"Bedrooms: 3, Bathrooms: 3, Drawing Room, Dining Room, Kitchens: 1",,,,"Nearby Schools, Nearby Hospitals, Nearby Shopping Malls, Nearby Restaurants, Distance From Airport (kms), Nearby Public Transport Service, Other Nearby Places","Security Staff, Other Facilities",,,
https://www.zameen.com/Property/bahria_enclave_bahria_enclave_-_sector_n_direct_deal_brand_new_designer_house_for_sale_in_sector_n_extreme_top_location_front_open_near_to_park_best_location_for_living_bahria_enclave_islamabad-53330007-11975-1.html,"Bahria Enclave - Sector N, Bahria Enclave",House,PKR2.34 Crore,4,5 Marla,For Sale,3,4 months ago,"Bahria Town, Islamabad, Islamabad Capital","Brand New Designer House for Sale in Sector N, Bahria Enclave Islamabad Discover luxury living at its finest with this brand new designer house located in the beautiful and serene Sector N of Bahria Enclave Islamabad. Positioned at an extreme top heighted location, this house offers a front open layout with a refreshing Murree-facing view, making it a perfect home for comfort and elegance. This beautifully designed home features 3 spacious bedrooms with attached baths, a stylish drawing room, 2 modern TV lounges, and a fully equipped kitchen. Built with solid construction and A-grade materials, it ensures lasting durability and refined finishing. Located near the masjid, park, school, and markets, it offers unmatched convenience for families. Its peaceful surroundings and elevated position make it one of the best locations for living in Bahria Enclave. Key Features: Location: Sector N, Bahria Enclave Islamabad Extreme Top Heighted Location with Open Murree View Front Open House Excellent Ventilation and Natural Light 3 Bedrooms with Attached Baths 1 Drawing Room, 2 TV Lounges, 1 Modern Kitchen Solid Construction with A-Grade Material Near Masjid, Park, School & Market Demand: 2.35 Crore (235 Lac) Only Reasonable Price & Ideal for Living About Bahria Enclave Islamabad: Bahria Enclave is one of Islamabads most prestigious housing communities, offering a peaceful environment, lush green parks, modern infrastructure, wide roads, schools, hospitals, and commercial areas. It provides a secure, family-friendly lif","Built in year: 2025, Parking Spaces, Double Glazed Windows, Central Air Conditioning, Central Heating, Flooring, Electricity Backup, Waste Disposal, Floors: 2, Other Main Features, Furnished","Bedrooms: 3, Bathrooms: 4, Servant Quarters: 1, Drawing Room, Dining Room, Kitchens: 1, Study Room, Prayer Room, Powder Room, Gym, Store Rooms: 2, Steam Room, Lounge or Sitting Room, Laundry Room, Other Rooms","Broadband Internet Access, Satellite or Cable TV Ready, Intercom, Other Business and Communication Facilities","Community Lawn or Garden, Community Swimming Pool, Community Gym, First Aid or Medical Centre, Day Care Centre, Kids Play Area, Barbeque Area, Mosque, Community Centre, Other Community Facilities","Lawn or Garden, Swimming Pool, Sauna, Jacuzzi, Other Healthcare and Recreation Facilities","Nearby Schools, Nearby Hospitals, Nearby Shopping Malls, Nearby Restaurants, Distance From Airport (kms), Nearby Public Transport Service, Other Nearby Places","Maintenance Staff, Security Staff, Facilities for Disabled, Other Facilities",,,
https://www.zameen.com/Property/islamabad_d-12_d-12_4_1_kanal_house_for_sale-52097258-160-1.html,"D-12, Islamabad",House,PKR26.5 Crore,7,1 Kanal,For Sale,8,3 months ago,"D-12, Islamabad, Islamabad Capital","4500 SQ (50*90) House for sale, Triple story House, Accomodation:- 8 Bedrooms with 8 Bathroom's, Drawing Dinning s, 3 American style kitchens, 3 Tv lounges, 2 servants with bathroom's, Terrace, Mini lawn , Car porch Demand 265000000 Facilities:- Best opportunity for living Neat and clean Environment Second to Main Double Road, Neat and clean Environment, Near to Hill park Solid construction Best quality Near to Family park, Markaz green Area and many more.","Built in year: 2024, Parking Spaces: 3, Double Glazed Windows, Central Air Conditioning, Central Heating, Flooring, Electricity Backup, Waste Disposal, Floors, Other Main Features","Bedrooms: 8, Bathrooms: 8, Servant Quarters: 2, Drawing Room, Dining Room, Kitchens: 3, Study Room, Prayer Room, Powder Room, Store Rooms: 1, Steam Room, Lounge or Sitting Room, Laundry Room, Other Rooms","Broadband Internet Access, Satellite or Cable TV Ready, Intercom, Other Business and Communication Facilities","Community Lawn or Garden, Community Swimming Pool, Community Gym, First Aid or Medical Centre, Day Care Centre, Kids Play Area, Barbeque Area, Mosque, Community Centre, Other Community Facilities","Lawn or Garden, Sauna, Jacuzzi, Other Healthcare and Recreation Facilities","Nearby Schools, Nearby Hospitals, Nearby Shopping Malls, Nearby Restaurants, Distance From Airport (kms), Nearby Public Transport Service, Other Nearby Places","Maintenance Staff, Security Staff, Facilities for Disabled, Other Facilities",,,
https://www.zameen.com/Property/islamabad_f-7_prime_location_cda_transfer_old_low_price_2_kanal-53068926-165-1.html,"F-7, Islamabad",House,PKR45 Crore,6,2 Kanal,For Sale,5,1 week ago,"F-7, Islamabad, Islamabad Capital","Attached Images are for reference. Chohan HAY Estate Offers: - 1000 SQ YD - Prime Location - CDA Transfer - Old Demolished House - Ideal for Redevelopment - Build your Customise Dream Luxury House - Investment Rate - Potential for High Returns - Don't waste time, seize this unique opportunity For more information and additional options, kindly contact at provided numbers or visit Chohan HAY Estate.","Built in year: 2024, Parking Spaces, Double Glazed Windows, Central Air Conditioning, Central Heating, Flooring, Electricity Backup, Waste Disposal, Other Main Features","Bedrooms: 5, Bathrooms: 6, Servant Quarters, Drawing Room, Dining Room, Kitchens, Study Room, Prayer Room, Powder Room, Gym, Store Rooms, Steam Room, Lounge or Sitting Room, Laundry Room, Other Rooms","Broadband Internet Access, Satellite or Cable TV Ready, Intercom, Other Business and Communication Facilities","Community Lawn or Garden, Community Swimming Pool, Community Gym, First Aid or Medical Centre, Day Care Centre, Kids Play Area, Barbeque Area, Mosque, Community Centre, Other Community Facilities",Lawn or Garden,"Nearby Schools, Nearby Hospitals, Nearby Shopping Malls, Nearby Restaurants, Distance From Airport (kms), Nearby Public Transport Service, Other Nearby Places","Maintenance Staff, Security Staff, Facilities for Disabled, Other Facilities",,,
https://www.zameen.com/Property/islamabad_f-7_house_in_demolished_condition_for_sale_f-7-53068966-165-1.html,"F-7, Islamabad",House,PKR27 Crore,5,1.3 Kanal,For Sale,5,5 months ago,"F-7, Islamabad, Islamabad Capital","Attached Images are for reference. Chohan HAY Estate Offers: - 666 SQYD - Prime Location - Old Demolished House - Ideal for Redevelopment - Build your Customize Dream Luxury House - Investment Rate - Potential for High Returns - Dont waste time, seize this unique opportunity For more information and additional options, kindly contact at provided numbers or visit Chohan HAY Estate.","Built in year: 1, Parking Spaces, Double Glazed Windows, Central Air Conditioning, Central Heating, Flooring, Electricity Backup, Waste Disposal, Floors: 1, Other Main Features, Furnished","Bedrooms: 5, Bathrooms: 5, Servant Quarters, Drawing Room, Dining Room, Kitchens, Study Room, Prayer Room, Powder Room, Gym, Store Rooms: 1, Steam Room, Lounge or Sitting Room, Laundry Room, Other Rooms","Broadband Internet Access, Satellite or Cable TV Ready, Intercom, Other Business and Communication Facilities","Community Lawn or Garden, Community Swimming Pool, Community Gym, First Aid or Medical Centre, Day Care Centre, Kids Play Area, Barbeque Area, Mosque, Community Centre, Other Community Facilities","Lawn or Garden, Swimming Pool, Sauna, Jacuzzi, Other Healthcare and Recreation Facilities","Nearby Schools, Nearby Hospitals, Nearby Shopping Malls, Nearby Restaurants, Distance From Airport (kms), Nearby Public Transport Service, Other Nearby Places","Maintenance Staff, Security Staff, Other Facilities",,,
https://www.zameen.com/Property/islamabad_f-7_4_kanal_old_house_is_for_sale_in_f-7_islamabad-52049261-165-1.html,"F-7, Islamabad",House,PKR90 Crore,6,4 Kanal,For Sale,6,22 hours ago,"F-7, Islamabad, Islamabad Capital","Attached Images are just for reference purpose only. Chohan HAY Estate Offers: - 4 Kanal - Big Front - Old Demolish able House - Investor Price - Great Time to Invest in Real Estate - Beat Option to Build Your Dream Home in F-7 - Peaceful and Secured Living Area - Dont Waste Your Time, Just Grab this Opportunity For more information and additional options, kindly contact at mentioned numbers or visit Chohan HAY Estate","Built in year: 2025, Parking Spaces, Double Glazed Windows, Central Air Conditioning, Central Heating, Flooring, Electricity Backup, Waste Disposal, Other Main Features, Furnished","Servant Quarters: 3, Other Rooms","Broadband Internet Access, Satellite or Cable TV Ready, Intercom, Other Business and Communication Facilities","Community Lawn or Garden, Community Swimming Pool, Community Gym, First Aid or Medical Centre, Day Care Centre, Kids Play Area, Barbeque Area, Mosque, Community Centre, Other Community Facilities","Lawn or Garden, Other Healthcare and Recreation Facilities","Nearby Schools, Nearby Hospitals, Nearby Shopping Malls, Nearby Restaurants, Distance From Airport (kms), Nearby Public Transport Service, Other Nearby Places","Maintenance Staff, Security Staff, Facilities for Disabled, Other Facilities",,,
https://www.zameen.com/Property/dha_defence_dha_defence_phase_2_1_kanal_brand_new_designer_house_for_sale-53136515-339-1.html,"DHA Defence Phase 2, DHA Defence",House,PKR11.9 Crore,6,1 Kanal,For Sale,6,4 days ago,"DHA Defence, Islamabad, Islamabad Capital","DHA Phase 2 Islamabad One Kanal Brand New Designer House For Sell Prime Location Newly Owners Built House 6Bedrooms with attached bathrooms D/D Tv lounges Spacious Kitchen with dirty kitchen beautiful lawn Solid USA Yellow Pine Wood Works. , Spanish tiles Triple bodied floor tiles Yall Fixtures Granite Kitchen Tops Construction Works Pictures & Videos are Available! Send e-mail Crores Direct meeting with house owner Contact for more details & visit !","Built in year: 2025, Parking Spaces: 3, Double Glazed Windows, Central Air Conditioning, Central Heating, Flooring, Electricity Backup, Waste Disposal, Floors: 2, Other Main Features","Bedrooms: 6, Bathrooms: 8, Servant Quarters: 2, Drawing Room, Dining Room, Kitchens: 4, Study Room, Prayer Room, Powder Room, Gym, Store Rooms: 2, Steam Room, Lounge or Sitting Room, Laundry Room, Other Rooms","Broadband Internet Access, Satellite or Cable TV Ready, Intercom, Other Business and Communication Facilities","Community Lawn or Garden, Community Swimming Pool, Community Gym, First Aid or Medical Centre, Day Care Centre, Kids Play Area, Barbeque Area, Mosque, Community Centre, Other Community Facilities","Lawn or Garden, Swimming Pool, Sauna, Jacuzzi, Other Healthcare and Recreation Facilities","Nearby Schools, Nearby Hospitals, Nearby Shopping Malls, Nearby Restaurants, Distance From Airport (kms), Nearby Public Transport Service, Other Nearby Places","Maintenance Staff, Security Staff, Facilities for Disabled, Other Facilities",,,
https://www.zameen.com/Property/b_17_mpchs_-_multi_gardens_main_double_road_10_marla_house_block_c_prime_location_1_5_construction_a_quality_reasonable_price_in_b-17-53256532-3115-1.html,"MPCHS - Multi Gardens, B-17",House,PKR3.85 Crore,4,10 Marla,For Sale,4,4 months ago,"B-17, Islamabad, Islamabad Capital",Main Double road 10 marla house 3 bedrooms 4 bathrooms 1 big kitchen drawing and dining For more detils call or what's app,"Built in year: 2023, Parking Spaces: 2, Flooring, Floors: 2","Bedrooms: 3, Bathrooms: 4, Drawing Room, Dining Room, Kitchens: 1, Study Room, Prayer Room, Powder Room","Broadband Internet Access, Satellite or Cable TV Ready, Intercom","Community Lawn or Garden, Community Swimming Pool, Community Gym, First Aid or Medical Centre, Day Care Centre, Kids Play Area, Barbeque Area, Mosque, Community Centre",,"Nearby Schools, Nearby Hospitals, Nearby Shopping Malls, Nearby Restaurants, Distance From Airport (kms), Nearby Public Transport Service, Other Nearby Places","Maintenance Staff, Security Staff",,,
https://www.zameen.com/Property/islamabad_g-11_appartment_for_sale_in_g11-53334794-168-1.html,"G-11, Islamabad",Flat,PKR1.35 Crore,2,3.1 Marla,For Sale,2,1 week ago,"G-11, Islamabad, Islamabad Capital",Appartment For Sale Location G-11 EType 700Sqft 2nd Floor 2Bedroom 2Washroom 1Shower Tv lounge Store Area Kitchen Electricity Available Gas Available Resonable Price 1Crore 35lakh 53k rent value Near To Markaz,"Built in year: 2023, Parking Spaces: 2, Double Glazed Windows, Central Air Conditioning, Central Heating, Flooring, Electricity Backup, Waste Disposal, Other Main Features, Furnished","Bedrooms: 5, Bathrooms: 6, Servant Quarters: 1, Drawing Room, Dining Room, Kitchens: 2, Study Room, Prayer Room, Powder Room, Gym, Store Rooms: 1, Steam Room, Lounge or Sitting Room, Laundry Room, Other Rooms","Broadband Internet Access, Satellite or Cable TV Ready, Intercom, Other Business and Communication Facilities","Community Lawn or Garden, Community Swimming Pool, Community Gym, First Aid or Medical Centre, Day Care Centre, Kids Play Area, Barbeque Area, Mosque, Community Centre, Other Community Facilities","Sauna, Jacuzzi, Other Healthcare and Recreation Facilities","Nearby Schools, Nearby Hospitals, Nearby Shopping Malls, Nearby Restaurants, Distance From Airport (kms), Nearby Public Transport Service, Other Nearby Places","Maintenance Staff, Security Staff, Facilities for Disabled, Other Facilities",,,
https://www.zameen.com/Property/islamabad_top_city_1_luxury_designer_apartment_for_sale_in_top_city_1_islamabad-53332880-1383-1.html,"Top City 1, Islamabad",Flat,PKR56 Lakh,1,2.4 Marla,For Sale,-,2 months ago,"Top City 1, Islamabad, Islamabad Capital",studio apartment for sale in top city 1 Islamabad studio washroom open kitchen attach bath 4th floor Corner Apartment elevator,"Built in year: 2024, Parking Spaces: 1, Lobby in Building, Double Glazed Windows, Central Air Conditioning, Central Heating, Flooring, Electricity Backup, Floor: 4, Floors in Building: 7, Elevators: 1, Service Elevators in Building, Furnished","Bedrooms: 1, Bathrooms: 1, Servant Quarters: 1, Drawing Room, Dining Room, Kitchens: 1, Study Room, Prayer Room, Powder Room, Gym, Steam Room, Lounge or Sitting Room, Laundry Room","Broadband Internet Access, Satellite or Cable TV Ready, Business Center or Media Room in Building, Conference Room in Building, Intercom, ATM Machines","Community Lawn or Garden, Community Swimming Pool, Community Gym, First Aid or Medical Centre, Day Care Centre, Kids Play Area, Barbeque Area, Mosque, Community Centre","Sauna, Jacuzzi","Nearby Schools, Nearby Hospitals, Nearby Shopping Malls, Nearby Restaurants, Distance From Airport (kms), Nearby Public Transport Service, Other Nearby Places","Security Staff, Other Facilities",,,
https://www.zameen.com/Property/islamabad_naval_anchorage_modern_1-kanal_home_in_naval_anchorage_huge_potential_amp_prime_location-53123854-375-1.html,"Naval Anchorage, Islamabad",House,PKR8 Crore,7,1 Kanal,For Sale,6,4 days ago,"Naval Anchorage, Islamabad, Islamabad Capital","1-Kanal Brand New House for Sale Ideal for 2 Families Key Features: Ground + 1 Floors Perfect for Dual Family Living 3 + 3 Bedrooms (Spacious & Well-Designed) 4-Car Parking Space Servant Room with Attached Bath Stylish Tiled Flooring Complete Boundary Wall for Privacy & Security Society Highlights: Green & Peaceful Environment Secure & Gated Community Located in Naval Anchorage Very Much Future Potential in this Society Close to Market, Masjid & Daily Facilities Easy Access to Main Islamabad Expressway Best Option for Comfortable Living & Investment","Built in year, Parking Spaces, Double Glazed Windows, Central Air Conditioning, Central Heating, Flooring, Electricity Backup, Waste Disposal, Floors, Other Main Features, Furnished","Bedrooms: 6, Bathrooms: 7, Servant Quarters: 1, Drawing Room, Dining Room, Kitchens: 2, Study Room, Prayer Room, Powder Room, Gym, Store Rooms: 1, Steam Room, Lounge or Sitting Room, Laundry Room, Other Rooms","Broadband Internet Access, Satellite or Cable TV Ready, Intercom, Other Business and Communication Facilities","Community Lawn or Garden, Community Swimming Pool, Community Gym, First Aid or Medical Centre, Day Care Centre, Kids Play Area, Barbeque Area, Mosque, Community Centre, Other Community Facilities","Lawn or Garden, Swimming Pool, Sauna, Jacuzzi, Other Healthcare and Recreation Facilities","Nearby Schools, Nearby Hospitals, Nearby Shopping Malls, Nearby Restaurants, Distance From Airport (kms), Nearby Public Transport Service, Other Nearby Places","Maintenance Staff, Security Staff, Facilities for Disabled, Other Facilities",,,
https://www.zameen.com/Property/ghauri_town_ghauri_town_phase_4b_7_marla_2_5_story_new_house_for_sale_in_phase_4b-53340997-14964-1.html,"Ghauri Town Phase 4B, Ghauri Town",House,PKR2.95 Crore,7,7 Marla,For Sale,7,3 hours ago,"Ghauri Town, Islamabad, Islamabad Capital",specialist marketing 7 Marla 2.5 story new house for sale in ghuari tawon phase 4B near to Islamabad highway and market and masjid and school,"Built in year, Parking Spaces, Double Glazed Windows, Central Air Conditioning, Central Heating, Flooring, Electricity Backup, Waste Disposal, Floors, Other Main Features, Furnished","Bedrooms: 9, Bathrooms: 7, Servant Quarters: 1, Drawing Room, Dining Room, Kitchens: 3, Study Room, Prayer Room, Powder Room, Gym, Store Rooms, Steam Room, Lounge or Sitting Room, Laundry Room, Other Rooms","Broadband Internet Access, Satellite or Cable TV Ready, Intercom, Other Business and Communication Facilities","Community Lawn or Garden, Community Swimming Pool, Community Gym, First Aid or Medical Centre, Day Care Centre, Kids Play Area, Barbeque Area, Mosque, Community Centre, Other Community Facilities","Lawn or Garden, Swimming Pool, Sauna, Jacuzzi, Other Healthcare and Recreation Facilities","Nearby Schools, Nearby Hospitals, Nearby Shopping Malls, Nearby Restaurants, Distance From Airport (kms), Nearby Public Transport Service, Other Nearby Places","Maintenance Staff, Security Staff, Facilities for Disabled, Other Facilities",,,
https://www.zameen.com/Property/f_11_f-11_markaz_f-11_markaz_brand_new_2_bedroom_fully_renovated_apartment_flat_available_for_sale-52962665-3286-1.html,"F-11 Markaz, F-11",Flat,PKR2.8 Crore,2,7.8 Marla,For Sale,2,2 weeks ago,"F-11, Islamabad, Islamabad Capital",F-11 Markaz Brand New 2 Bedroom Fully Renovated Apartment (Flat) Available for Sale 2Bedroom Attached Bathroom Tv Lounge Kitchen Size 1750Square Feet Elevators Installed Tuck Shop Mosque Car Parking Cctv Cameras 24/7 Security Residential Building Family Environment Safe And Secure Investment We Have Other Options Available For Sale And Rent We Deal All CDA Sectors Of Islamabad For Further Info And Options Feel Free to Contact Us,"Built in year: 2024, Parking Spaces: 1, Lobby in Building, Double Glazed Windows, Central Heating, Flooring, Electricity Backup, Waste Disposal, Floors in Building: 9, Elevators: 3, Service Elevators in Building","Bedrooms: 2, Bathrooms: 2, Drawing Room, Dining Room, Kitchens: 1, Lounge or Sitting Room","Broadband Internet Access, Satellite or Cable TV Ready","Kids Play Area, Mosque",,"Nearby Schools, Nearby Hospitals, Nearby Shopping Malls, Nearby Restaurants, Distance From Airport (kms), Nearby Public Transport Service, Other Nearby Places","Maintenance Staff, Security Staff, Other Facilities",,,
https://www.zameen.com/Property/f_11_f-11_markaz_f-11_investor_price_2_bed_apartment_available_for_sale-52341957-3286-1.html,"F-11 Markaz, F-11",Flat,PKR3.15 Crore,2,7.1 Marla,For Sale,2,1 month ago,"F-11, Islamabad, Islamabad Capital","2Bedroom Attached Bathroom Tv Lounge Kitchen Drawing Size 1600Square Feet Elevators Installed Tuck Shop Mosque Car Parking Cctv Cameras 24/7 Security Residential Building Family Environment Safe And Secure Investment Coming Rent 155,000 We Have Other Options Available For Sale And Rent We Deal All CDA Sectors Of Islamabad For Further Info And Options Feel Free to Contact Us","Built in year: 2024, Parking Spaces, Lobby in Building, Double Glazed Windows, Central Air Conditioning, Central Heating, Flooring, Electricity Backup, Waste Disposal, Floor, Floors in Building: 8, Elevators, Service Elevators in Building, Other Main Features, Furnished","Bedrooms: 2, Bathrooms: 2, Servant Quarters: 1, Drawing Room, Dining Room, Kitchens, Study Room, Prayer Room, Powder Room, Gym, Store Rooms: 1, Steam Room, Lounge or Sitting Room, Laundry Room, Other Rooms","Broadband Internet Access, Satellite or Cable TV Ready, Business Center or Media Room in Building, Conference Room in Building, Intercom, ATM Machines, Other Business and Communication Facilities","Community Lawn or Garden, Community Swimming Pool, Community Gym, First Aid or Medical Centre, Day Care Centre, Kids Play Area, Barbeque Area, Mosque, Community Centre, Other Community Facilities","Sauna, Jacuzzi, Other Healthcare and Recreation Facilities","Nearby Schools, Nearby Hospitals, Nearby Shopping Malls, Nearby Restaurants, Distance From Airport (kms), Nearby Public Transport Service, Other Nearby Places","Maintenance Staff, Security Staff, Facilities for Disabled, Other Facilities",,,
https://www.zameen.com/Property/f_11_f-11_markaz_f-11_fully_renovated_4_bed_apartment_available_for_sale-52669712-3286-1.html,"F-11 Markaz, F-11",Flat,PKR4.1 Crore,3,11.6 Marla,For Sale,3,2 weeks ago,"F-11, Islamabad, Islamabad Capital",3Bedroom Attached Bathroom Tv Lounge Kitchen Drawing Dining Elevators Installed Tuck Shop Mosque Car Parking Cctv Cameras 24/7 Security Residential Building Family Environment Safe And Secure Investment We Have Other Options Available For Sale And Rent We Deal All CDA Sectors Of Islamabad For Further Info And Options Feel Free to Contact Us,"Built in year: 2025, Parking Spaces, Lobby in Building, Double Glazed Windows, Central Air Conditioning, Central Heating, Flooring, Electricity Backup, Waste Disposal, Floor, Floors in Building: 9, Elevators, Service Elevators in Building, Other Main Features, Furnished","Bedrooms: 3, Bathrooms: 3, Servant Quarters, Drawing Room, Dining Room, Kitchens, Study Room, Prayer Room, Powder Room, Gym, Store Rooms, Steam Room, Lounge or Sitting Room, Laundry Room, Other Rooms","Broadband Internet Access, Satellite or Cable TV Ready, Business Center or Media Room in Building, Conference Room in Building, Intercom, ATM Machines, Other Business and Communication Facilities","Community Lawn or Garden, Community Swimming Pool, Community Gym, First Aid or Medical Centre, Day Care Centre, Kids Play Area, Barbeque Area, Mosque, Community Centre, Other Community Facilities","Sauna, Jacuzzi, Other Healthcare and Recreation Facilities","Nearby Schools, Nearby Hospitals, Nearby Shopping Malls, Nearby Restaurants, Distance From Airport (kms), Nearby Public Transport Service, Other Nearby Places","Maintenance Staff, Security Staff, Facilities for Disabled, Other Facilities",,,
https://www.zameen.com/Property/fechs_jinnah_gardens_7_marla_1_5_story_house_for_sale-53288594-1420-1.html,"Jinnah Gardens, FECHS",House,PKR2.5 Crore,4,7 Marla,For Sale,3,4 months ago,"FECHS, Islamabad, Islamabad Capital","7 Marla 1.5 Story House For Sale In Jinnah Gardens Islamabad Good Location, Good Work Reasonable Demand. Interested Persons Are Welcome To Visit The Property. Please Feel Free To Call Us If You Need Further Details About This. We Request That Only Serious Individuals Contact Us To Make An Immediate Deal. Please Remember To Mention Zameen. Com When Calling.","Built in year: 2021, Parking Spaces, Double Glazed Windows, Central Air Conditioning, Central Heating, Flooring, Electricity Backup, Waste Disposal, Floors: 2, Other Main Features, Furnished","Bedrooms: 3, Bathrooms: 4, Servant Quarters, Drawing Room, Dining Room, Kitchens: 1, Study Room, Prayer Room, Powder Room, Gym, Store Rooms: 1, Steam Room, Lounge or Sitting Room, Laundry Room, Other Rooms","Broadband Internet Access, Satellite or Cable TV Ready, Intercom, Other Business and Communication Facilities","Community Lawn or Garden, Community Swimming Pool, Community Gym, First Aid or Medical Centre, Day Care Centre, Kids Play Area, Barbeque Area, Mosque, Community Centre, Other Community Facilities","Lawn or Garden, Swimming Pool, Sauna, Jacuzzi, Other Healthcare and Recreation Facilities","Nearby Schools, Nearby Hospitals, Nearby Shopping Malls, Nearby Restaurants, Distance From Airport (kms), Nearby Public Transport Service, Other Nearby Places","Maintenance Staff, Security Staff, Facilities for Disabled, Other Facilities",,,
https://www.zameen.com/Property/soan_garden_soan_garden_-_block_b_1_kanal_ultra_modern_house_available_for_sale_in_soan_garden_block_b-53069700-3492-1.html,"Soan Garden - Block B, Soan Garden",House,PKR7.25 Crore,6,1 Kanal,For Sale,8,5 months ago,"Soan Garden, Islamabad, Islamabad Capital",1 kanal Ultra modern house available for sale in soan garden block b 8 bedroom attached washroom drawing room TV lounge 2kitchen Ek servant room car parking water boring electricity meter install contact for more details,,"Bedrooms: 8, Bathrooms: 8, Servant Quarters: 1, Drawing Room, Dining Room, Kitchens: 2, Study Room, Prayer Room, Powder Room, Gym, Steam Room, Lounge or Sitting Room, Laundry Room",,,,"Nearby Schools, Nearby Hospitals, Nearby Shopping Malls, Nearby Restaurants, Distance From Airport (kms), Nearby Public Transport Service, Other Nearby Places","Security Staff, Other Facilities",,,
https://www.zameen.com/Property/bahria_town_bahria_enclave_bahria_enclave_8marla_house_available_for_sale-53356085-1705-1.html,"Bahria Enclave, Bahria Town",House,PKR3.5 Crore,6,8 Marla,For Sale,5,5 months ago,"Bahria Town, Islamabad, Islamabad Capital",bahria enclave Islamabad 8marla brand new house available for sale 5 bed room 6 wash room 2 TV Dining 1 Drwing room 2 kitchen 1 powder room sarvant attach wash room car parking 2 car space prime location beautiful view park facing house internet ptcl neytel available fully develope sector,"Built in year: 2025, Parking Spaces: 2, Double Glazed Windows, Central Air Conditioning, Central Heating, Flooring, Electricity Backup, Waste Disposal","Bedrooms: 5, Bathrooms: 6, Servant Quarters: 1, Drawing Room, Dining Room, Kitchens: 2, Study Room, Prayer Room, Powder Room, Store Rooms: 1, Lounge or Sitting Room, Laundry Room","Broadband Internet Access, Satellite or Cable TV Ready, Intercom","Community Swimming Pool, Community Gym, First Aid or Medical Centre, Day Care Centre, Kids Play Area, Barbeque Area, Mosque",,"Nearby Schools, Nearby Hospitals, Nearby Shopping Malls, Nearby Restaurants","Maintenance Staff, Security Staff, Facilities for Disabled",,,
https://www.zameen.com/Property/islamabad_g-10_9_bedrooms_amp_9_bathrooms_house_available_for_sale-53319609-167-1.html,"G-10, Islamabad",House,PKR13.5 Crore,6,14.2 Marla,For Sale,9,3 months ago,"G-10, Islamabad, Islamabad Capital",Beautiful Full House available for rent in G10 Size : 3200 SQ feet 9 bedrooms 9 washroom 3 Tv lounge 1 drawing rooms 3 kitchen 1 Car parking in said Rent demand : 1350Lac *Hanif ullah khattak* Not ( more options available ),"Parking Spaces: 1, Double Glazed Windows, Central Air Conditioning, Central Heating, Flooring, Electricity Backup","Bedrooms: 9, Bathrooms: 9, Servant Quarters: 1, Drawing Room, Dining Room, Kitchens: 3, Study Room, Prayer Room, Powder Room, Store Rooms: 3, Steam Room, Lounge or Sitting Room, Laundry Room","Broadband Internet Access, Satellite or Cable TV Ready, Intercom","Community Lawn or Garden, Community Swimming Pool, Community Gym, First Aid or Medical Centre, Day Care Centre, Kids Play Area, Barbeque Area, Mosque, Community Centre","Lawn or Garden, Swimming Pool, Sauna, Jacuzzi","Nearby Schools, Nearby Hospitals, Nearby Shopping Malls, Nearby Restaurants, Distance From Airport (kms), Nearby Public Transport Service, Other Nearby Places",,,,
https://www.zameen.com/Property/islamabad_e-7_luxurious_front_open_house_for_sale_in_sector_e-7_islamabad_park_facing-53332584-343-1.html,"E-7, Islamabad",House,PKR60 Crore,4,1.6 Kanal,For Sale,3,3 weeks ago,"E-7, Islamabad, Islamabad Capital","Location: Sector E-7, Islamabad A rare opportunity to own a premium residence in one of Islamabads most sought-after sectors. This front open, park-facing house spans 800 square yards and offers exceptional space, design, and comfort for a refined lifestyle. Property Features: Front open, park-facing location 3 spacious bedrooms with attached bathrooms Huge drawing room Elegant dining room Comfortable living room Beautiful terrace Well-maintained garden Plot size: 60120 = 800 Sq. Yards CDA transfer secure and verified property Demand: PKR 60,00,00,000/- (60 Crore) Contact for more details: Horizon International Properties Office 602, Tower 1C, F-8 Markaz, Islamabad","Built in year: 2020, Parking Spaces: 4, Double Glazed Windows, Central Air Conditioning, Central Heating, Flooring, Floors: 2","Bedrooms: 3, Bathrooms: 4, Servant Quarters: 2, Drawing Room, Dining Room, Kitchens: 2, Study Room, Prayer Room, Store Rooms: 1, Other Rooms","Satellite or Cable TV Ready, Intercom","Community Lawn or Garden, Community Swimming Pool, Community Gym, First Aid or Medical Centre, Day Care Centre, Kids Play Area, Barbeque Area, Mosque",,"Nearby Schools, Nearby Hospitals, Nearby Shopping Malls, Nearby Restaurants, Nearby Public Transport Service",,,,
https://www.zameen.com/Property/islamabad_bhara_kahu_12_marla_corner_house_sale_in_bhara_kahu_islamabad-53332478-156-1.html,"Bhara kahu, Islamabad",House,PKR2.5 Crore,4,12 Marla,For Sale,3,4 months ago,"Bhara kahu, Islamabad, Islamabad Capital",12 Marla Corner House sale in Bhara kahu 3 BedRooms 4 Attached Bathrooms 1 Big Drawing Room 1 kitchen 1 Store Room Double Car parking Electricity +Water +Gas Meter Installed Solid Material construction location=Seri chowk Bhara kahu Islamabad.,"Built in year: 2023, Parking Spaces: 2, Double Glazed Windows, Central Heating, Flooring","Bedrooms: 3, Bathrooms: 4, Drawing Room, Kitchens: 1, Powder Room, Store Rooms: 1, Lounge or Sitting Room, Laundry Room","Broadband Internet Access, Satellite or Cable TV Ready","First Aid or Medical Centre, Mosque",,"Nearby Schools, Nearby Hospitals, Nearby Shopping Malls, Nearby Restaurants, Distance From Airport (kms), Nearby Public Transport Service",,,,
https://www.zameen.com/Property/soan_garden_soan_garden_-_block_c_flat_for_sale_in_soan_garden_islamabad-53332336-3493-1.html,"Soan Garden - Block C, Soan Garden",Flat,PKR95 Lakh,2,4.8 Marla,For Sale,2,4 weeks ago,"Soan Garden, Islamabad, Islamabad Capital",Furnished Family Flat For Sale In Soan Garden Islamabad 2 Bedroom 2 Bathroom 1 TV Long 1 Kitchen Gas Electric Water Available Near Main Gt Rod Hospital Park Water Filter Good Location 4 floor,"Built in year: 2025, Parking Spaces, Double Glazed Windows, Central Air Conditioning, Central Heating, Flooring, Electricity Backup, Other Main Features","Bedrooms: 3, Bathrooms: 4, Drawing Room, Dining Room, Kitchens: 1, Study Room, Prayer Room, Store Rooms: 1","Broadband Internet Access, Satellite or Cable TV Ready, Intercom, Other Business and Communication Facilities","First Aid or Medical Centre, Day Care Centre, Kids Play Area, Mosque, Community Centre, Other Community Facilities",Other Healthcare and Recreation Facilities,"Nearby Schools, Nearby Hospitals, Nearby Shopping Malls, Nearby Restaurants, Nearby Public Transport Service, Other Nearby Places",,,,
https://www.zameen.com/Property/dha_defence_dha_defence_phase_2_fully_furnished_1_kanal_luxury_house_for_sale_in_dha_phase_2_islamabad-52416193-339-1.html,"DHA Defence Phase 2, DHA Defence",House,PKR10.9 Crore,6,1 Kanal,For Sale,6,2 months ago,"DHA Defence, Islamabad, Islamabad Capital","Fully Furnished 1 Kanal Luxury House for Sale in DHA Phase 2 Islamabad Property Overview: Location: DHA Defence Phase 2, Islamabad Size: 1 Kanal (500 Sq. Yards) Status: Fully Furnished & Move-in Ready Construction: Modern Design with High-End Finishing Key Features: Bedrooms: 6 Spacious Bedrooms with Attached Luxury Bathrooms Kitchens: 2 Modern Kitchens with Imported Appliances Living Spaces: Elegant Drawing Room, Dining Room & 2 TV Lounges Furniture: High-Quality Sofas, Beds, Dining Sets & Decor Included Flooring: Stylish Tile and Wooden Flooring Mix Servant Quarters: Separate Entrance with Attached Bath Parking: Space for 3+ Vehicles Lawn: Beautifully Maintained Front & Side Lawn Additional Highlights: Prime Location Near Main Boulevard, Mosque, Parks, and Commercial Market Secure Gated Community with 24/7 Security & Surveillance Ideal for Residence or High-Rental Investment Opportunity Peaceful Environment with Wide Roads and Clean Surroundings Dont Miss This Premium Opportunity Schedule a Visit Today!","Built in year: 2025, Parking Spaces: 2, Double Glazed Windows, Central Air Conditioning, Central Heating, Flooring, Electricity Backup, Waste Disposal, Floors: 2, Other Main Features, Furnished","Bedrooms: 6, Bathrooms: 8, Servant Quarters: 2, Drawing Room, Dining Room, Kitchens: 2, Study Room, Prayer Room, Powder Room, Gym, Store Rooms: 2, Steam Room, Lounge or Sitting Room, Laundry Room, Other Rooms","Broadband Internet Access, Satellite or Cable TV Ready, Intercom","Community Lawn or Garden, Community Swimming Pool, Community Gym, First Aid or Medical Centre, Day Care Centre, Kids Play Area, Barbeque Area, Mosque, Community Centre, Other Community Facilities","Lawn or Garden, Swimming Pool, Sauna, Jacuzzi, Other Healthcare and Recreation Facilities","Nearby Schools, Nearby Hospitals, Nearby Shopping Malls, Nearby Restaurants","Maintenance Staff, Security Staff, Facilities for Disabled",,,
https://www.zameen.com/Property/faisal_hills_faisal_hills_-_block_a_8_marla_beautiful_house_avaliable_for_sale-53214649-12655-1.html,"Faisal Hills - Block A, Faisal Hills",House,PKR2.95 Crore,6,8 Marla,For Sale,5,1 week ago,"Faisal Hills, Islamabad, Islamabad Capital",NEAR TO PARK NEAR TO COMMERCIAL LOCATED ON 50 FEET ROAD NEAR TO MAIN CIVIC CENTER IDEAL FOR INVESTMENT 1LAC 20K RENTAL INCOME CAN BE GENRATED FROM HOUSE,"Built in year: 2025, Parking Spaces: 1, Double Glazed Windows, Central Heating, Flooring, Electricity Backup, Waste Disposal, Floors","Bedrooms: 5, Bathrooms: 6, Servant Quarters: 1, Drawing Room, Dining Room, Kitchens: 2, Study Room, Prayer Room, Powder Room, Store Rooms: 2, Lounge or Sitting Room",Broadband Internet Access,"Community Lawn or Garden, Kids Play Area, Mosque",Lawn or Garden,"Nearby Schools, Nearby Hospitals, Nearby Shopping Malls, Nearby Restaurants, Distance From Airport (kms), Nearby Public Transport Service, Other Nearby Places",Maintenance Staff,,,
https://www.zameen.com/Property/f_11_f-11_markaz_f-11_corner_1bed_apartment_available_for_sale-52954061-3286-1.html,"F-11 Markaz, F-11",Flat,PKR2.1 Crore,1,5.6 Marla,For Sale,1,2 months ago,"F-11, Islamabad, Islamabad Capital",1Bedroom Attached Bathroom Tv Lounge Kitchen Size 1250Square Feet Elevators Installed Tuck Shop Mosque Car Parking Cctv Cameras 24/7 Security Residential Building Family Environment Safe And Secure Investment Other Options Available 1Bed 2Bed 3Bed In Executive Heights Safa Heights 18West Etc We Have Other Options Available For Sale And Rent We Deal All CDA Sectors Of Islamabad For Further Info And Options Feel Free to Contact Us,"Built in year: 2011, Parking Spaces, Lobby in Building, Double Glazed Windows, Central Air Conditioning, Central Heating, Flooring, Electricity Backup, Waste Disposal, Floor, Floors in Building: 9, Elevators, Service Elevators in Building, Other Main Features","Bedrooms: 1, Bathrooms: 1, Drawing Room, Kitchens: 1, Lounge or Sitting Room, Laundry Room, Other Rooms","Broadband Internet Access, Satellite or Cable TV Ready, Business Center or Media Room in Building, Conference Room in Building, Intercom, ATM Machines, Other Business and Communication Facilities","Barbeque Area, Mosque, Community Centre",,"Nearby Schools, Nearby Hospitals, Nearby Shopping Malls, Nearby Restaurants, Distance From Airport (kms), Nearby Public Transport Service, Other Nearby Places","Security Staff, Other Facilities",,,
https://www.zameen.com/Property/g_11_3_warda_hamna_residencia_3_g-11_3_lavish_2_bed_apartment_available_for_sale-52570130-11863-1.html,"Warda Hamna Residencia 3, G-11/3",Flat,PKR3.25 Crore,2,7.3 Marla,For Sale,2,2 weeks ago,"G-11, Islamabad, Islamabad Capital",2Bedroom Attached Bathroom Tv Lounge Kitchen Drawing Size 1650 Square Feet Elevators Installed Store Room Tuck Shop Mosque Car Parking Cctv Cameras 24/7 Security Residential Building Family Environment Safe And Secure Investment We Have Other Options Available For Sale And Rent We Deal All CDA Sectors Of Islamabad For Further Info And Options Feel Free To Contact Us,"Built in year: 2022, Parking Spaces, Lobby in Building, Double Glazed Windows, Central Air Conditioning, Central Heating, Flooring, Electricity Backup, Waste Disposal, Floor, Floors in Building: 9, Elevators, Service Elevators in Building, Other Main Features, Furnished","Bedrooms: 2, Bathrooms: 2, Servant Quarters, Drawing Room, Dining Room, Kitchens, Study Room, Prayer Room, Powder Room, Gym, Store Rooms, Steam Room, Lounge or Sitting Room, Laundry Room, Other Rooms","Broadband Internet Access, Satellite or Cable TV Ready, Business Center or Media Room in Building, Conference Room in Building, Intercom, ATM Machines, Other Business and Communication Facilities","Community Lawn or Garden, Community Swimming Pool, Community Gym, First Aid or Medical Centre, Day Care Centre, Kids Play Area, Barbeque Area, Mosque, Community Centre, Other Community Facilities","Sauna, Jacuzzi, Other Healthcare and Recreation Facilities","Nearby Schools, Nearby Hospitals, Nearby Shopping Malls, Nearby Restaurants, Distance From Airport (kms), Nearby Public Transport Service, Other Nearby Places","Maintenance Staff, Security Staff, Laundry or Dry Cleaning Facility, Communal/Shared Kitchen, Facilities for Disabled, Pets Not Allowed, Other Facilities",,,
https://www.zameen.com/Property/f_11_f-11_markaz_f-11_investor_price_2_bed_apartment_available_for_sale-52952353-3286-1.html,"F-11 Markaz, F-11",Flat,PKR2.8 Crore,2,7.8 Marla,For Sale,2,6 days ago,"F-11, Islamabad, Islamabad Capital","2 Bedroom Attached Bathroom Tv Lounge Kitchen Size 1750Square Feet Elevators Installed Tuck Shop Mosque Car Parking Cctv Cameras 24/7 Security Residential Building Family Environment Safe And Secure Investment We Have Other Options Available For Sale And Rent I specialize in real estate services in sectors G-11, F-11, F-10, and nearby areas We Deal All CDA Sectors Of Islamabad For Further Info And Options Feel Free to Contact Us","Built in year: 2011, Parking Spaces, Lobby in Building, Double Glazed Windows, Central Air Conditioning, Central Heating, Flooring, Electricity Backup, Waste Disposal, Floor, Floors in Building: 9, Elevators, Service Elevators in Building, Other Main Features, Furnished","Bedrooms: 2, Bathrooms: 2, Servant Quarters: 1, Drawing Room, Kitchens, Steam Room, Lounge or Sitting Room, Laundry Room, Other Rooms","Broadband Internet Access, Satellite or Cable TV Ready, Business Center or Media Room in Building, Conference Room in Building, Intercom, ATM Machines, Other Business and Communication Facilities","Community Lawn or Garden, Community Swimming Pool, Community Gym, First Aid or Medical Centre, Day Care Centre, Kids Play Area, Barbeque Area, Mosque, Community Centre, Other Community Facilities",Other Healthcare and Recreation Facilities,"Nearby Schools, Nearby Hospitals, Nearby Shopping Malls, Nearby Restaurants, Distance From Airport (kms), Nearby Public Transport Service, Other Nearby Places","Maintenance Staff, Security Staff, Facilities for Disabled, Other Facilities",,,
https://www.zameen.com/Property/pechs_pechs_-_block_k_5_marla_semi_commercial_main_road_corner_house_available_for_sale_in_pechs_near_mumtaz_city_new_airport_islamabad-52020821-9107-1.html,"PECHS - Block K, PECHS",House,PKR1.15 Crore,3,5 Marla,For Sale,2,2 days ago,"PECHS, Islamabad, Islamabad Capital",Main Double Road Corner House Semi Commercial Aslo Use For Property Office Call Me Or WhatsApp For More Information,"Built in year: 2023, Parking Spaces, Double Glazed Windows, Flooring, Waste Disposal, Floors","Bedrooms: 2, Bathrooms: 3, Store Rooms: 1, Lounge or Sitting Room",,Mosque,Lawn or Garden,"Nearby Schools, Nearby Hospitals, Nearby Shopping Malls, Nearby Restaurants, Distance From Airport (kms), Nearby Public Transport Service, Other Nearby Places",Security Staff,,,
https://www.zameen.com/Property/f_10_sukh_chayn_residence_sukh_chayn_mountain_view_apartments_for_sale-53153199-13589-1.html,"Sukh Chayn Residence, F-10",Flat,PKR8.15 Crore,3,8.7 Marla,For Sale,3,1 week ago,"F-10, Islamabad, Islamabad Capital","Uk Property Advisors and offer a very beautifully built house on very prime location facing the majestic Margalla hills for /sale in Islamabad 3 bedrooms with attached washrooms, 1 kitchens, T. V lounges, Drawing room, Dining room, Beautiful lawn and terrace, Servant rooms, Multiple car parkings, Installed air conditioners, central heating system Water bore. We have multiple options available for sale and rent in sectors F-6, F-7, F-8, E-7, G-6(3) F-10, F-11. For further details please contact us.","Built in year: 2025, Parking Spaces: 1, Lobby in Building, Double Glazed Windows, Central Air Conditioning, Central Heating, Flooring, Electricity Backup, Waste Disposal, Floor: 4, Floors in Building: 10, Elevators: 4, Service Elevators in Building, Other Main Features, Furnished","Bedrooms: 3, Bathrooms: 3, Servant Quarters: 1, Drawing Room, Dining Room, Kitchens: 1, Study Room, Prayer Room, Powder Room, Gym, Store Rooms: 1, Steam Room, Lounge or Sitting Room, Laundry Room","Broadband Internet Access, Satellite or Cable TV Ready, Business Center or Media Room in Building, Conference Room in Building, Intercom, ATM Machines, Other Business and Communication Facilities","Community Lawn or Garden, Community Swimming Pool, Community Gym, First Aid or Medical Centre, Day Care Centre, Kids Play Area, Barbeque Area, Mosque, Community Centre, Other Community Facilities","Sauna, Jacuzzi, Other Healthcare and Recreation Facilities","Nearby Schools, Nearby Hospitals, Nearby Shopping Malls, Nearby Restaurants, Distance From Airport (kms), Nearby Public Transport Service, Other Nearby Places","Maintenance Staff, Security Staff, Laundry or Dry Cleaning Facility, Communal/Shared Kitchen, Facilities for Disabled, Pets Not Allowed, Other Facilities",,,
https://www.zameen.com/Property/i_12_i-12_1_i-12_1_nust_face_corner_d-type_adc_flat-52731485-13800-1.html,"I-12/1, I-12",Flat,PKR82 Lakh,2,3.9 Marla,For Sale,2,19 hours ago,"I-12, Islamabad, Islamabad Capital","Margalla Face D-Type (870 Sqft). All Dues Clear Apartment. Investment Opportunity. Direct Owner Meeting. Documents Available. Note: All Kinds of Flats and Plots available in I-12, Islamabad. Please contact at your Convenience.","Built in year: 2025, Parking Spaces, Lobby in Building, Flooring, Electricity Backup, Floor: 1, Floors in Building: 9, Elevators: 2","Bedrooms: 2, Bathrooms: 2, Dining Room, Kitchens: 1, Store Rooms: 1",Other Business and Communication Facilities,"Community Lawn or Garden, Community Gym, Kids Play Area, Mosque",Other Healthcare and Recreation Facilities,"Nearby Schools, Nearby Hospitals, Nearby Shopping Malls, Nearby Restaurants, Distance From Airport (kms), Nearby Public Transport Service, Other Nearby Places","Maintenance Staff, Security Staff, Other Facilities",,,
https://www.zameen.com/Property/dha_defence_dha_defence_phase_2_1_kanal_beautiful_house_for_sale_prime_location_in_dha_defence_phase_ii-52892846-339-1.html,"DHA Defence Phase 2, DHA Defence",House,PKR11.9 Crore,6,1 Kanal,For Sale,5,5 months ago,"DHA Defence, Islamabad, Islamabad Capital","1 Kanal Beautiful House For Sale Prime Location In FHA DEFENCE PHASE II, Islamabad Spacious | Stylish | Ready To Move In Plot Size: 1 Kanal 5 Spacious Bedrooms With Attached Modern Bathrooms 2 Stylish Kitchens Equipped With Quality Fittings Large TV Lounge &Amp; Drawing Room Perfect For Family And Guests Dining Area Elegant And Well-Planned Servant Quarter Separate And Well-Maintained Laundry Area &Amp; Store Room Added Convenience Car Parking Space Accommodates 34 Vehicles High-Quality Finishes Solid Woodwork And Tiled Flooring Well-Maintained Lawn Ideal For Outdoor Sitting And Kids Located In A Peaceful &Amp; Secure Neighborhood Close To Schools, Markets, Masjid &Amp; Parks","Built in year: 2024, Parking Spaces: 4, Double Glazed Windows, Central Air Conditioning, Central Heating, Flooring, Electricity Backup, Waste Disposal, Floors: 2, Other Main Features, Furnished","Bedrooms: 5, Bathrooms: 6, Servant Quarters: 2, Drawing Room, Dining Room, Kitchens: 3, Study Room, Prayer Room, Powder Room, Gym, Store Rooms: 1, Steam Room, Lounge or Sitting Room, Laundry Room","Broadband Internet Access, Satellite or Cable TV Ready, Intercom, Other Business and Communication Facilities","Community Lawn or Garden, Community Swimming Pool, Community Gym, First Aid or Medical Centre, Day Care Centre, Kids Play Area, Barbeque Area, Mosque, Community Centre, Other Community Facilities","Lawn or Garden, Swimming Pool, Sauna, Jacuzzi, Other Healthcare and Recreation Facilities","Nearby Schools, Nearby Hospitals, Nearby Shopping Malls, Nearby Restaurants, Distance From Airport (kms), Nearby Public Transport Service, Other Nearby Places","Maintenance Staff, Security Staff, Facilities for Disabled, Other Facilities",,,
https://www.zameen.com/Property/dha_defence_dha_defence_phase_2_30_marla_spanish_designer_house_for_sale_in_dha_phase_2_islamabad-52962166-339-1.html,"DHA Defence Phase 2, DHA Defence",House,PKR18 Crore,6,1.5 Kanal,For Sale,6,5 months ago,"DHA Defence, Islamabad, Islamabad Capital","Property Features: 30 Marla Covered Area 6 Spacious Bedrooms with attached designer washrooms 8 Modern Washrooms Double-Height Elegant Lobby Wide Drawing, Dining & Living Spaces Imported Fittings & Fixtures Stylish Spanish Elevation Lush Green Big Lawn Ideal for Gatherings Solid Construction & Premium Quality Finishes Top-Class Woodwork & Flooring Spacious Car Parking Area Located on a Wide Road with Ideal Accessibility Surrounding Amenities in DHA Phase 2 Islamabad: Parks & Family Clubs: Central Park, Family Park (Jogging tracks, Tennis courts, Outdoor gyms) Top Educational Institutes: Roots Millennium, DHA Army Public School, Defence Education System Retail & Shopping: Giga Mall, Carrefour, Cash & Carry, Local Markets Fine Dining & Cafs: McDonalds, Second Cup, Casa Rica, Pizza Hut & more Healthcare: DHA Med Centre, Riphah International Hospital, nearby clinics Fitness & Sports: Jacaranda Family Club, gyms, sports complexes, football clubs Prime Location: Direct access to Islamabad Highway & G. T. Road 24/7 Gated Security with Patrols & Police Posts Mosques in Every Sector Fuel Stations & Utility Stores Nearby","Parking Spaces, Double Glazed Windows, Central Air Conditioning, Central Heating, Flooring, Electricity Backup, Waste Disposal, Other Main Features, Furnished","Bedrooms: 3, Bathrooms: 3, Drawing Room, Dining Room, Kitchens: 1, Study Room, Prayer Room, Powder Room, Gym, Store Rooms: 1, Steam Room, Lounge or Sitting Room, Laundry Room","Broadband Internet Access, Satellite or Cable TV Ready, Intercom","Community Lawn or Garden, Community Swimming Pool, Community Gym, First Aid or Medical Centre, Day Care Centre, Kids Play Area, Barbeque Area, Mosque, Community Centre","Lawn or Garden, Swimming Pool, Sauna, Jacuzzi","Nearby Schools, Nearby Hospitals, Nearby Shopping Malls, Nearby Restaurants, Distance From Airport (kms), Nearby Public Transport Service, Other Nearby Places","Maintenance Staff, Security Staff, Facilities for Disabled",,,
https://www.zameen.com/Property/i_12_i-12_1_i-12_1_e-type_6th_floor_all_dues_clear_flat-52686295-13800-1.html,"I-12/1, I-12",Flat,PKR58 Lakh,2,3.2 Marla,For Sale,2,19 hours ago,"I-12, Islamabad, Islamabad Capital","V-Block 4th Floor. All Dues Clear Flat. E-Type (710 Sqft). Investment Opportunity. Direct Owner Meeting. Documents Available. Note: All Kinds of Flats and Plots available in I-12, Islamabad. Please contact at your Convenience.","Built in year: 2026, Parking Spaces, Lobby in Building, Double Glazed Windows, Central Air Conditioning, Central Heating, Flooring, Electricity Backup, Waste Disposal, Floor: 4, Floors in Building: 9, Elevators: 2, Other Main Features, Furnished","Bedrooms: 2, Bathrooms: 2, Servant Quarters: 1, Drawing Room, Dining Room, Kitchens: 1, Study Room, Prayer Room, Powder Room, Gym, Store Rooms: 1, Steam Room, Lounge or Sitting Room, Laundry Room, Other Rooms","Broadband Internet Access, Satellite or Cable TV Ready, Intercom, Other Business and Communication Facilities","Community Lawn or Garden, Community Swimming Pool, Community Gym, First Aid or Medical Centre, Day Care Centre, Kids Play Area, Barbeque Area, Mosque, Community Centre, Other Community Facilities","Sauna, Jacuzzi, Other Healthcare and Recreation Facilities","Nearby Schools, Nearby Hospitals, Nearby Shopping Malls, Nearby Restaurants, Distance From Airport (kms), Nearby Public Transport Service, Other Nearby Places","Maintenance Staff, Security Staff, Facilities for Disabled, Other Facilities",,,
https://www.zameen.com/Property/i_12_i-12_1_i-12_1_d-type_7th_floor_flat_all_dues_clear-52686159-13800-1.html,"I-12/1, I-12",Flat,PKR65 Lakh,2,3.9 Marla,For Sale,2,19 hours ago,"I-12, Islamabad, Islamabad Capital","All Dues Clear Flat. Margalla Face. D-Type (870 Sqft). Investment Opportunity. Direct Owner Meeting. Documents Available. Note: All Kinds of Flats and Plots available in I-12, Islamabad. Please contact at your Convenience.","Built in year: 2025, Parking Spaces, Lobby in Building, Flooring, Electricity Backup, Floor: 8, Floors in Building: 9, Elevators: 2","Bedrooms: 2, Bathrooms: 2, Dining Room, Kitchens: 1, Store Rooms: 1",Other Business and Communication Facilities,"Community Lawn or Garden, Community Gym, Kids Play Area, Mosque",Other Healthcare and Recreation Facilities,"Nearby Schools, Nearby Hospitals, Nearby Shopping Malls, Nearby Restaurants, Distance From Airport (kms), Nearby Public Transport Service","Maintenance Staff, Security Staff",,,
https://www.zameen.com/Property/i_12_i-12_1_i-12_1_corner_nust_face_2nd_floor_adc_flat-52686123-13800-1.html,"I-12/1, I-12",Flat,PKR70 Lakh,2,3.2 Marla,For Sale,2,19 hours ago,"I-12, Islamabad, Islamabad Capital","Corner Flat+ Front Open. E-Type (710 Sqft). All Dues Clear. Investment Opportunity. Direct Owner Meeting. Documents Available. Note: All Kinds of Flats and Plots available in I-12, Islamabad. Please contact at your Convenience.","Built in year: 2025, Parking Spaces, Lobby in Building, Double Glazed Windows, Central Air Conditioning, Central Heating, Flooring, Electricity Backup, Waste Disposal, Floor: 2, Floors in Building: 9, Elevators: 2, Service Elevators in Building, Furnished","Bedrooms: 2, Bathrooms: 2, Dining Room, Kitchens: 1, Store Rooms: 1",Other Business and Communication Facilities,"Community Lawn or Garden, Community Gym, Kids Play Area, Mosque",Other Healthcare and Recreation Facilities,"Nearby Schools, Nearby Hospitals, Nearby Shopping Malls, Nearby Restaurants, Distance From Airport (kms), Nearby Public Transport Service, Other Nearby Places","Maintenance Staff, Security Staff, Laundry or Dry Cleaning Facility, Communal/Shared Kitchen, Facilities for Disabled, Other Facilities",,,
https://www.zameen.com/Property/i_12_i-12_1_i-12_1_corner_1st_floor_e-type_pha_flat_adc-52685994-13800-1.html,"I-12/1, I-12",Flat,PKR70 Lakh,2,3.2 Marla,For Sale,2,3 weeks ago,"I-12, Islamabad, Islamabad Capital","Margalla Face. Parking Face. E-Type (710 Sqft). All Dues Clear Flat Investment Opportunity. Direct Owner Meeting. Documents Available. Note: All Kinds of Flats and Plots available in I-12, Islamabad. Please contact at your Convenience.","Built in year: 2026, Parking Spaces, Lobby in Building, Flooring, Electricity Backup, Floor, Floors in Building: 9, Elevators: 2","Bedrooms: 2, Bathrooms: 2, Dining Room, Kitchens: 1, Powder Room, Store Rooms: 1, Lounge or Sitting Room",Other Business and Communication Facilities,"Community Lawn or Garden, Community Gym, Kids Play Area, Mosque",Other Healthcare and Recreation Facilities,"Nearby Schools, Nearby Hospitals, Nearby Shopping Malls, Nearby Restaurants, Distance From Airport (kms), Nearby Public Transport Service, Other Nearby Places","Maintenance Staff, Security Staff",,,
https://www.zameen.com/Property/i_12_i-12_1_i-12_1_l-block_park_face_corner_e-type_flat-52685859-13800-1.html,"I-12/1, I-12",Flat,PKR55 Lakh,2,3.2 Marla,For Sale,2,19 hours ago,"I-12, Islamabad, Islamabad Capital","All Dues Clear Flat. Sun Face + Corner Flat. E-Type (710 Sqft). Investment Opportunity. Direct Owner Meeting. Documents Available. Note: All Kinds of Flats and Plots available in I-12, Islamabad. Please contact at your Convenience.","Built in year: 2026, Parking Spaces, Lobby in Building, Flooring, Electricity Backup, Floor: 8, Floors in Building: 9, Elevators: 2, Other Main Features","Bedrooms: 2, Bathrooms: 2, Dining Room, Kitchens: 1, Store Rooms: 1",Other Business and Communication Facilities,"Community Lawn or Garden, Community Gym, Kids Play Area, Mosque, Other Community Facilities",Other Healthcare and Recreation Facilities,"Nearby Schools, Nearby Hospitals, Nearby Shopping Malls, Nearby Restaurants, Distance From Airport (kms), Nearby Public Transport Service, Other Nearby Places","Maintenance Staff, Security Staff, Pets Not Allowed, Other Facilities",,,
https://www.zameen.com/Property/i_8_i-8_2_house_in_i-8_2_for_sale-52063900-3442-1.html,"I-8/2, I-8",House,PKR17.6 Crore,6,14 Marla,For Sale,7,5 months ago,"I-8, Islamabad, Islamabad Capital","40x80 Brand New Double Storey House For Sale Situated In I-8/2 It Consists Of 7 Bedrooms With Attached Bathrooms With High Quality Finish And Fixtures Drawing Drawing TV Lounge Kitchen Servant Quarter Tiles Flooring All Living Facilities Are Available Walking Distance From Markz Market Masjid Schools Kachnar Family Shifa International Hospital We Hope You Will Like It'S Vast Available Space Stunning Interior And Exterior, This House With All His Comfort And Quality For Further Details And Visit You May Contact Back.","Built in year: 2024, Parking Spaces: 3, Double Glazed Windows, Central Air Conditioning, Central Heating, Flooring, Electricity Backup, Waste Disposal, Floors: 11, Other Main Features, Furnished","Bedrooms: 7, Bathrooms: 6, Servant Quarters: 4, Drawing Room, Dining Room, Kitchens: 2, Study Room, Prayer Room, Powder Room, Gym, Store Rooms: 1, Steam Room, Lounge or Sitting Room, Laundry Room, Other Rooms","Broadband Internet Access, Satellite or Cable TV Ready, Intercom, Other Business and Communication Facilities","Community Lawn or Garden, Community Swimming Pool, Community Gym, First Aid or Medical Centre, Day Care Centre, Kids Play Area, Barbeque Area, Mosque, Community Centre, Other Community Facilities","Lawn or Garden, Swimming Pool, Sauna, Jacuzzi, Other Healthcare and Recreation Facilities","Nearby Schools, Nearby Hospitals, Nearby Shopping Malls, Nearby Restaurants, Distance From Airport (kms), Nearby Public Transport Service, Other Nearby Places","Maintenance Staff, Security Staff, Facilities for Disabled, Other Facilities",,,
https://www.zameen.com/Property/i_8_i-8_3_prime_location_14_marla_house_for_grabs_in_i-8-52045121-3443-1.html,"I-8/3, I-8",House,PKR16.5 Crore,6,14 Marla,For Sale,6,3 months ago,"I-8, Islamabad, Islamabad Capital",Double storey New house 40 X 80 is available for sale in prime location of Islamabad i-8 6 bedrooms 6 bathrooms Drawing Dining Tv Lounge Kitchen Store room Servant room Tile flooring Solid construction Car parking CDA TRANSFER Near to kachnar Park and sangam market Neat and clean Best Option For investors and end-users All Living Facilities Are Available Walking Distance Best Option For Living More options also available Get in touch with us today for visit and direct deal.,"Built in year: 2023, Parking Spaces: 3, Double Glazed Windows, Central Air Conditioning, Central Heating, Flooring, Electricity Backup, Waste Disposal, Floors: 2, Other Main Features, Furnished","Bedrooms: 3, Bathrooms: 6, Servant Quarters: 1, Drawing Room, Dining Room, Kitchens: 2, Study Room, Prayer Room, Powder Room, Gym, Store Rooms: 2, Steam Room, Lounge or Sitting Room, Laundry Room, Other Rooms","Broadband Internet Access, Satellite or Cable TV Ready, Intercom, Other Business and Communication Facilities","Community Lawn or Garden, Community Swimming Pool, Community Gym, First Aid or Medical Centre, Day Care Centre, Kids Play Area, Barbeque Area, Mosque, Community Centre, Other Community Facilities","Lawn or Garden, Sauna, Jacuzzi, Other Healthcare and Recreation Facilities","Nearby Schools, Nearby Hospitals, Nearby Shopping Malls, Nearby Restaurants, Distance From Airport (kms), Nearby Public Transport Service, Other Nearby Places","Maintenance Staff, Security Staff, Facilities for Disabled, Other Facilities",,,
https://www.zameen.com/Property/i_8_i-8_3_buying_a_house_in_islamabad-51239698-3443-1.html,"I-8/3, I-8",House,PKR13 Crore,-,14.2 Marla,For Sale,8,3 weeks ago,"I-8, Islamabad, Islamabad Capital",I-8/3 Triple Story House Is Avaliable For Sale Size 40x80 It Consists Of 8 Bedrooms With Attached Bathrooms With High Quality Finish And Fixtures Drawing Dining T. V Lounge Kitchen Facing To Margala Hills 2 Car Park Space Inside Double Story Servant Quarter All Living Facilities Are Available Walking Distance From Markez Market Masjid Schools Near To Kachnar Family Park Shifa International Hospital Water Filtration Plant Habibi Restaurant Metro Station Public Transport We Hope You Will Like It'S Vast Available Space Stunning Interior And Exterior This House With All His Comfort And Quality For Further Details And Visit You May Contact Back More Option Avaliable.,"Built in year: 2024, Parking Spaces, Double Glazed Windows, Central Air Conditioning, Central Heating, Flooring, Electricity Backup, Waste Disposal, Floors: 2, Other Main Features, Furnished","Bedrooms: 8, Bathrooms: 8, Servant Quarters: 2, Drawing Room, Dining Room, Kitchens: 2, Study Room, Prayer Room, Powder Room, Gym, Store Rooms, Steam Room, Lounge or Sitting Room, Laundry Room, Other Rooms","Broadband Internet Access, Satellite or Cable TV Ready, Intercom, Other Business and Communication Facilities","Community Lawn or Garden, Community Swimming Pool, Community Gym, First Aid or Medical Centre, Day Care Centre, Kids Play Area, Barbeque Area, Mosque, Community Centre, Other Community Facilities","Lawn or Garden, Swimming Pool, Sauna, Jacuzzi, Other Healthcare and Recreation Facilities","Nearby Schools, Nearby Hospitals, Nearby Shopping Malls, Nearby Restaurants, Distance From Airport (kms), Nearby Public Transport Service, Other Nearby Places","Maintenance Staff, Security Staff, Facilities for Disabled, Other Facilities",,,
https://www.zameen.com/Property/dha_defence_dha_defence_phase_2_get_in_touch_now_to_buy_a_prime_location_house_in_dha_defence_phase_2_islamabad-53294159-339-1.html,"DHA Defence Phase 2, DHA Defence",House,PKR7 Crore,5,10 Marla,For Sale,5,2 months ago,"DHA Defence, Islamabad, Islamabad Capital","This House is situated at the heart of city in DHA Defence Phase 2. You can now purchase your House at an amazing price. The Islamabad is perfect for living and you can find the best properties due to a booming real estate sector. 10 Marla units are available for sale in the best location, located near the city centre. A price of PKR Rs. 75000000 is quite reasonable for the House on sale. We are here to help you buy your dream property. Some of the prominent features of this property are as follows. Active security staff is on duty 24/7 to keep residents safe and secure. The property comes with a private drawing and dining room for when you have company. A separate and spacious dining room gives this property a potential for increased value in the future. Stay connected with your family and friends with the facility of broadband internet access. Call us for information.",,"Bedrooms: 5, Bathrooms: 5, Drawing Room, Dining Room, Kitchens: 1","Broadband Internet Access, Satellite or Cable TV Ready, Intercom, Other Business and Communication Facilities",,,"Nearby Schools, Nearby Hospitals, Nearby Shopping Malls, Nearby Restaurants, Distance From Airport (kms), Nearby Public Transport Service, Other Nearby Places","Security Staff, Other Facilities",,,
https://www.zameen.com/Property/e_11_e-11_4_new_house_triple_storey_size_25_x_60_for_sale_in_e-11_4-53313215-3241-1.html,"E-11/4, E-11",House,PKR5.5 Crore,6,6.7 Marla,For Sale,5,1 month ago,"E-11, Islamabad, Islamabad Capital","Close To Faisal Bank , Excellent Condition New House No. 853, Street 54, E-11/4 Having 5 Bedroom, 2 Kitchen, Living/ Dinning, BASEMENT Hall, SERVANT QUARTER. Water Boring, Meter of Gas, Electricity is installed. For Visit/More Detail Contact Us. We Deal Specially In Sector F-6, F-7, F-8, E-7 &Amp; G-6 Sale/Purchase. We Have Plenty Of Houses/Plots For Sale And Have Also Purchaser/Investor","Built in year: 2020, Parking Spaces: 4, Double Glazed Windows, Central Air Conditioning, Central Heating, Flooring, Electricity Backup, Waste Disposal, Other Main Features, Furnished","Bedrooms: 4, Bathrooms: 5, Servant Quarters: 1, Drawing Room, Dining Room, Kitchens: 2, Study Room, Prayer Room, Powder Room, Gym, Store Rooms: 2, Steam Room, Lounge or Sitting Room, Laundry Room, Other Rooms","Broadband Internet Access, Satellite or Cable TV Ready, Intercom, Other Business and Communication Facilities","Community Lawn or Garden, Community Swimming Pool, Community Gym, First Aid or Medical Centre, Day Care Centre, Kids Play Area, Barbeque Area, Mosque, Community Centre, Other Community Facilities","Sauna, Jacuzzi, Other Healthcare and Recreation Facilities","Nearby Schools, Nearby Hospitals, Nearby Shopping Malls, Nearby Restaurants, Distance From Airport (kms), Nearby Public Transport Service, Other Nearby Places","Maintenance Staff, Security Staff, Facilities for Disabled, Other Facilities",,,
https://www.zameen.com/Property/jinnah_gardens_jinnah_gardens_phase_1_7_marla_double_unit_house_for_sale-53303124-1421-1.html,"Jinnah Gardens Phase 1, Jinnah Gardens",House,PKR3.4 Crore,7,7 Marla,For Sale,5,3 months ago,"FECHS, Islamabad, Islamabad Capital",30x60 Lop Brand new double unit house for sale 5 bed 7 washroom 2 kitchen Tile flooring Built in 2025 Wapda meter CDA comletion,"Built in year: 2025, Parking Spaces, Flooring, Floors: 2","Bedrooms: 5, Bathrooms: 7, Servant Quarters: 1, Drawing Room, Kitchens: 2, Powder Room",Broadband Internet Access,"Community Lawn or Garden, Community Swimming Pool, Community Gym, First Aid or Medical Centre, Day Care Centre, Kids Play Area, Barbeque Area, Mosque","Lawn or Garden, Swimming Pool, Sauna, Jacuzzi","Nearby Schools, Nearby Hospitals, Nearby Shopping Malls, Nearby Restaurants, Distance From Airport (kms), Nearby Public Transport Service, Other Nearby Places","Maintenance Staff, Security Staff, Facilities for Disabled, Other Facilities",,,
https://www.zameen.com/Property/dha_defence_dha_defence_phase_2_22_marla_brand_new_spanish_house_for_sale_furnt_pe_double_gate_9_bed_3_unit_3_story_11_bathrooms_dha_phase_2_islamabad-53326756-339-1.html,"DHA Defence Phase 2, DHA Defence",House,PKR16.5 Crore,7,1 Kanal,For Sale,9,4 months ago,"DHA Defence, Islamabad, Islamabad Capital",22 MARLA BRAND NEW SPANISH HOUSE FOR SALE FURNT PE DOUBLE GATE 9 BED 3 UNIT 3 STORY 11 BATHROOMS DHA PHASE 2 ISLAMABAD,"Built in year: 2025, Parking Spaces: 3, Double Glazed Windows, Central Air Conditioning, Central Heating, Flooring, Electricity Backup, Waste Disposal, Floors, Other Main Features, Furnished","Bedrooms: 9, Bathrooms: 11, Servant Quarters: 1, Drawing Room, Dining Room, Kitchens: 5, Study Room, Prayer Room, Powder Room, Gym, Store Rooms: 4, Steam Room, Lounge or Sitting Room, Laundry Room, Other Rooms","Broadband Internet Access, Satellite or Cable TV Ready, Intercom, Other Business and Communication Facilities","Community Lawn or Garden, Community Swimming Pool, Community Gym, First Aid or Medical Centre, Day Care Centre, Kids Play Area, Barbeque Area, Mosque, Community Centre, Other Community Facilities","Lawn or Garden, Swimming Pool, Sauna, Jacuzzi, Other Healthcare and Recreation Facilities","Nearby Schools, Nearby Hospitals, Nearby Shopping Malls, Nearby Restaurants, Distance From Airport (kms), Nearby Public Transport Service, Other Nearby Places","Maintenance Staff, Security Staff, Facilities for Disabled, Other Facilities",,,
https://www.zameen.com/Property/dha_valley_lilly_sector_lilly_sector_-_block_a_dha_beautiful_5_marla_house_for_sale_ideal_location-53325158-16475-1.html,"Lilly Sector - Block A, DHA Valley - Lilly Sector",House,PKR80 Lakh,2,5 Marla,For Sale,2,4 months ago,"DHA Defence, Islamabad, Islamabad Capital",DHA Beautiful European Style 5 Marla House For Sale. 2 Bed . Tv Lounge . Attach Bath . Kitchen Laundry . Parking. Lawn. Ideal Location. Profitable investment. DHA Allotment,"Built in year: 2022, Parking Spaces: 2, Double Glazed Windows, Central Air Conditioning, Central Heating, Flooring, Electricity Backup, Waste Disposal, Other Main Features, Furnished","Bedrooms: 2, Bathrooms: 2, Kitchens: 1, Lounge or Sitting Room, Laundry Room","Broadband Internet Access, Satellite or Cable TV Ready, Other Business and Communication Facilities","Community Lawn or Garden, First Aid or Medical Centre, Day Care Centre, Kids Play Area, Barbeque Area, Mosque, Community Centre, Other Community Facilities","Lawn or Garden, Other Healthcare and Recreation Facilities","Nearby Schools, Nearby Hospitals, Nearby Shopping Malls, Nearby Restaurants, Distance From Airport (kms), Nearby Public Transport Service, Other Nearby Places","Maintenance Staff, Security Staff, Other Facilities",,,
https://www.zameen.com/Property/dha_defence_dha_defence_phase_2_brand_new_6bed_villa_for_sale_in_nice_location_of_dha_2_islamabad-53134908-339-1.html,"DHA Defence Phase 2, DHA Defence",House,PKR9.95 Crore,6,1 Kanal,For Sale,6,3 days ago,"DHA Defence, Islamabad, Islamabad Capital","Original Pictures Attached Brand New , 3 Bed On Ground 4bed On First Floor Access From G. T Road &Amp; Islamabad Express Way Double Drawing Dinning And Kitchen + Store We Deal Exclusively In DHA + Bahria Town + CDA Sector F Only, With The Prestige Of Over A Decade Of Experience. We Are Authorised Realtors/ Builders And Deal In Sale/Purchase/Rent Of Residential And Commercial Properties. We Offer Construction And Renovation On Demand ( References Of Handovered Projects Can Be Shared With Eligible Clients) For Further Info Don'T Hesitate To Contact Us Tahir Real Estate &Amp;Builders Real Estate Consultants - Builders- Advisors","Built in year: 2025, Parking Spaces: 3, Double Glazed Windows, Central Air Conditioning, Central Heating, Flooring, Electricity Backup, Waste Disposal, Floors: 2, Other Main Features","Bedrooms: 7, Bathrooms: 8, Servant Quarters: 1, Drawing Room, Dining Room, Kitchens: 2, Study Room, Powder Room, Store Rooms: 2, Lounge or Sitting Room, Laundry Room","Broadband Internet Access, Satellite or Cable TV Ready, Intercom, Other Business and Communication Facilities","Community Lawn or Garden, Community Swimming Pool, Community Gym, First Aid or Medical Centre, Day Care Centre, Kids Play Area, Barbeque Area, Mosque, Community Centre, Other Community Facilities",Other Healthcare and Recreation Facilities,"Nearby Schools, Nearby Hospitals, Nearby Shopping Malls, Nearby Restaurants, Distance From Airport (kms), Nearby Public Transport Service, Other Nearby Places","Maintenance Staff, Security Staff, Facilities for Disabled",,,
https://www.zameen.com/Property/top_city_1_top_city_1_-_block_d_10_marla_brand_new_house_for_sale-51874940-9233-1.html,"Top City 1 - Block D, Top City 1",House,PKR4.35 Crore,6,10 Marla,For Sale,5,4 months ago,"Top City 1, Islamabad, Islamabad Capital",10 Marla Brand New 5 bedrooms House near To Main Boulevard. 7 wash rooms. Rest Can'T Describe This Beauty In Words. You Have To Look At This Dream House.,"Built in year: 2024, Parking Spaces: 2, Double Glazed Windows, Central Air Conditioning, Central Heating, Flooring, Electricity Backup, Waste Disposal, Floors: 2, Other Main Features, Furnished","Bedrooms: 4, Bathrooms: 6, Servant Quarters: 1, Drawing Room, Dining Room, Kitchens: 2, Study Room, Prayer Room, Powder Room, Gym, Store Rooms: 1, Steam Room, Lounge or Sitting Room, Laundry Room, Other Rooms","Broadband Internet Access, Satellite or Cable TV Ready, Intercom, Other Business and Communication Facilities","Community Lawn or Garden, Community Swimming Pool, Community Gym, First Aid or Medical Centre, Day Care Centre, Kids Play Area, Barbeque Area, Mosque, Community Centre, Other Community Facilities","Lawn or Garden, Swimming Pool, Sauna, Jacuzzi, Other Healthcare and Recreation Facilities","Nearby Schools, Nearby Hospitals, Nearby Shopping Malls, Nearby Restaurants, Distance From Airport (kms), Nearby Public Transport Service, Other Nearby Places","Maintenance Staff, Security Staff, Facilities for Disabled, Other Facilities",,,
https://www.zameen.com/Property/islamabad_g-13_g-13_brand_new_size_356_yards_architect_design_double_storey_house_7_master_bedrooms_attached_stylish_6_bathrooms_2_d_d_2_tv_lounge_american_style_kitchen_reasonable_price-53056467-330-1.html,"G-13, Islamabad",House,PKR10.5 Crore,7,14.2 Marla,For Sale,7,4 days ago,"G-13, Islamabad, Islamabad Capital","G-13 Brand New 356 Yds Architect Design Double Story House 6 Master Bedrooms Attached Stylish Bathrooms Two Drawing Dining Two TV Lounge Two American Style Kitchen , Store Sqtr HUGE LUSH GREEN LAWN 3 Car Parking Space Reasonable Price Contact Only Serious Buyers Negotiable Price Contact Al Hafiz Estate","Built in year: 2025, Parking Spaces: 3, Double Glazed Windows, Central Air Conditioning, Central Heating, Flooring, Electricity Backup, Waste Disposal, Floors: 2, Other Main Features, Furnished","Bedrooms: 7, Bathrooms: 8, Servant Quarters: 1, Drawing Room, Dining Room, Kitchens: 2, Study Room, Prayer Room, Powder Room, Gym, Store Rooms: 1, Steam Room, Lounge or Sitting Room, Laundry Room, Other Rooms","Broadband Internet Access, Satellite or Cable TV Ready, Intercom, Other Business and Communication Facilities","Community Lawn or Garden, Community Swimming Pool, Community Gym, First Aid or Medical Centre, Day Care Centre, Kids Play Area, Barbeque Area, Mosque, Community Centre, Other Community Facilities","Lawn or Garden, Swimming Pool, Sauna, Jacuzzi, Other Healthcare and Recreation Facilities","Nearby Schools, Nearby Hospitals, Nearby Shopping Malls, Nearby Restaurants, Distance From Airport (kms), Nearby Public Transport Service, Other Nearby Places","Maintenance Staff, Security Staff, Facilities for Disabled, Other Facilities",,,
https://www.zameen.com/Property/islamabad_g-13_g-13_brand_new_size_272_yds_architect_design_double_storey_house_70ft_road_7_master_bedrooms_attached_stylish_6_bathrooms_2_d_d_2_tv_lounge_american_style_kitchen_reasonable_price-53056397-330-1.html,"G-13, Islamabad",House,PKR8.5 Crore,7,10.9 Marla,For Sale,7,4 weeks ago,"G-13, Islamabad, Islamabad Capital","G-13 Brand New 272 Yds Architect Design Double Story House 7 Master Bedrooms Attached Stylish Bathrooms Two Drawing Dining Two TV Lounge Two American Style Kitchen , Store Sqtr HUGE LUSH GREEN LAWN 3 Car Parking Space Reasonable Price Contact Only Serious Buyers Negotiable Price Contact Al Hafiz Estate F-11 ISLAMABAD","Built in year: 2025, Parking Spaces: 3, Double Glazed Windows, Flooring, Electricity Backup, Waste Disposal, Floors: 2","Bedrooms: 7, Bathrooms: 8, Servant Quarters: 1, Drawing Room, Dining Room, Kitchens: 2, Study Room, Prayer Room, Powder Room, Store Rooms: 1, Lounge or Sitting Room, Laundry Room, Other Rooms","Broadband Internet Access, Satellite or Cable TV Ready, Intercom, Other Business and Communication Facilities","Community Lawn or Garden, Day Care Centre, Kids Play Area, Barbeque Area, Other Community Facilities","Lawn or Garden, Swimming Pool, Sauna, Other Healthcare and Recreation Facilities","Nearby Schools, Nearby Shopping Malls, Nearby Restaurants, Other Nearby Places",,,,
https://www.zameen.com/Property/islamabad_g-13_g-13_brand_new_272_yds_architect_design_double_storey_house_6_master_bedrooms_attached_stylish_bathrooms_two_drawing_dining_two_tv_lounge_two_american_style_kitchen_store_sqtr_huge_lush_green_lawn_3_car_parking_space_reasonable_price-52257814-330-1.html,"G-13, Islamabad",House,PKR8.55 Crore,7,10.9 Marla,For Sale,7,3 weeks ago,"G-13, Islamabad, Islamabad Capital","G-13 Brand New 272 Yds Architect Design Double Story House 6 Master Bedrooms Attached Stylish Bathrooms Two Drawing Dining Two TV Lounge Two American Style Kitchen , Store Sqtr HUGE LUSH GREEN LAWN 3 Car Parking Space Reasonable Price Contact Only Serious Buyers Negotiable Price Contact Al Hafiz Estate","Built in year: 2025, Parking Spaces: 3, Double Glazed Windows, Central Air Conditioning, Central Heating, Flooring, Electricity Backup, Waste Disposal, Floors: 2, Other Main Features, Furnished","Bedrooms: 6, Bathrooms: 8, Servant Quarters: 1, Drawing Room, Dining Room, Kitchens: 2, Study Room, Prayer Room, Powder Room, Gym, Store Rooms: 1, Steam Room, Lounge or Sitting Room, Laundry Room, Other Rooms","Broadband Internet Access, Satellite or Cable TV Ready, Intercom, Other Business and Communication Facilities","Community Lawn or Garden, Community Swimming Pool, Community Gym, First Aid or Medical Centre, Day Care Centre, Kids Play Area, Barbeque Area, Mosque, Community Centre, Other Community Facilities","Lawn or Garden, Swimming Pool, Sauna, Jacuzzi, Other Healthcare and Recreation Facilities","Nearby Schools, Nearby Hospitals, Nearby Shopping Malls, Nearby Restaurants, Distance From Airport (kms), Nearby Public Transport Service, Other Nearby Places","Maintenance Staff, Security Staff, Facilities for Disabled, Other Facilities",,,
https://www.zameen.com/Property/islamabad_f-8_f-8_beautiful_new_500_yards_architect_design_owner_build_triple_storey_house_at_prime_location_7_master_bedrooms_d_d_three_kitchens_servant_quarter_lawn_reasonable_price-51804825-166-1.html,"F-8, Islamabad",House,PKR27.5 Crore,7,1 Kanal,For Sale,7,3 weeks ago,"F-8, Islamabad, Islamabad Capital","F-8 BEAUTIFUL New 500 Yds Architect Design Owner Build TRIPLE Story House Prime Location Complete Imported Fitting And Fixtures 7 Master Bedrooms Attached Stylish Bathrooms Drawing Dining , Powder Room, THREE TV Lounge THREE American Style Huge Kitchen , Store Two Servant Quarter Beautiful Lush GREEN LAWAN Huge Car Parking Spaces Reasonable Price Contact Only Serious Buyers Negotiable Price Contact Al Hafiz Estate F-11 MARKAZ ISLAMABAD","Built in year: 2018, Parking Spaces: 5, Double Glazed Windows, Central Air Conditioning, Central Heating, Flooring, Electricity Backup, Waste Disposal, Floors: 3, Other Main Features, Furnished","Bedrooms: 7, Bathrooms: 7, Servant Quarters: 2, Drawing Room, Dining Room, Kitchens: 3, Study Room, Prayer Room, Powder Room, Gym, Store Rooms: 1, Steam Room, Lounge or Sitting Room, Laundry Room, Other Rooms","Broadband Internet Access, Satellite or Cable TV Ready, Intercom, Other Business and Communication Facilities","Community Lawn or Garden, Community Swimming Pool, Community Gym, First Aid or Medical Centre, Day Care Centre, Kids Play Area, Barbeque Area, Mosque, Community Centre, Other Community Facilities","Lawn or Garden, Swimming Pool, Sauna, Jacuzzi, Other Healthcare and Recreation Facilities","Nearby Schools, Nearby Hospitals, Nearby Shopping Malls, Nearby Restaurants, Distance From Airport (kms), Nearby Public Transport Service, Other Nearby Places","Maintenance Staff, Security Staff, Facilities for Disabled, Other Facilities",,,
https://www.zameen.com/Property/islamabad_f-8_f-8_brand_new_architect_design_owner_build_size_888_yards_triple_storey_house_7_bed_prime_location_complete_imported_fitting_and_fixtures_with_heating_system_and_elevator_lift_with_swimming_pool_and_sauna-53162662-166-1.html,"F-8, Islamabad",House,PKR65 Crore,7,1.8 Kanal,For Sale,7,1 week ago,"F-8, Islamabad, Islamabad Capital","F-8 Brand New Architect Design Owner Build House Size 50x160 = 888 Yds Triple Story House Prime Location Complete Imported Fitting And Fixtures With Heating System AND ELEVATOR LIFT WITH SWIMMING POOL AND SAUNA. . . . . . Elite CLASS Construction House 7 Master Bedrooms Attached Stylish Bathrooms Drawing Dining , Powder Room, Two TV Lounge Two American Style Huge Kitchen , Store Two Servant Quarter Huge Car Parking Spaces Reasonable Price Contact Only Serious Buyers Negotiable Price Contact Al Hafiz Estate","Built in year: 2025, Parking Spaces, Double Glazed Windows, Central Air Conditioning, Central Heating, Flooring, Electricity Backup, Waste Disposal, Floors: 3, Other Main Features","Bedrooms: 7, Bathrooms: 10, Servant Quarters: 2, Drawing Room, Dining Room, Kitchens: 2, Study Room, Prayer Room, Powder Room, Gym, Store Rooms: 2, Steam Room, Lounge or Sitting Room, Laundry Room","Broadband Internet Access, Satellite or Cable TV Ready, Intercom","Community Lawn or Garden, Community Swimming Pool, Community Gym, First Aid or Medical Centre, Kids Play Area, Barbeque Area, Mosque, Community Centre","Lawn or Garden, Swimming Pool, Sauna, Jacuzzi, Other Healthcare and Recreation Facilities","Nearby Schools, Nearby Hospitals, Nearby Shopping Malls, Nearby Restaurants, Distance From Airport (kms), Nearby Public Transport Service, Other Nearby Places",,,,
https://www.zameen.com/Property/i_12_i-12_1_i-12_1_d-type_1st_floor_all_dues_clear_flat-52676747-13800-1.html,"I-12/1, I-12",Flat,PKR75 Lakh,2,3.9 Marla,For Sale,2,19 hours ago,"I-12, Islamabad, Islamabad Capital","Top Location Apartment. D-Type (870 Sqft). All Dues Clear Apartment. Investment Opportunity. Direct Owner Meeting. Documents Available. Note: All Kinds of Flats and Plots available in I-12, Islamabad. Please contact at your Convenience.","Built in year: 2026, Parking Spaces, Lobby in Building, Flooring, Electricity Backup, Floor: 3, Floors in Building: 9, Elevators: 2","Bedrooms: 2, Bathrooms: 2, Dining Room, Kitchens: 1, Store Rooms: 1",Other Business and Communication Facilities,"Community Lawn or Garden, Community Gym, Kids Play Area, Mosque",Other Healthcare and Recreation Facilities,"Nearby Schools, Nearby Hospitals, Nearby Shopping Malls, Nearby Restaurants, Distance From Airport (kms), Nearby Public Transport Service","Maintenance Staff, Security Staff",,,
https://www.zameen.com/Property/i_12_i-12_1_i-12_1_3rd_floor_d_type_all_dues_clear_flat_for_sale-52673335-13800-1.html,"I-12/1, I-12",Flat,PKR80 Lakh,2,3.9 Marla,For Sale,2,19 hours ago,"I-12, Islamabad, Islamabad Capital","Margalla Face Flat. D-Type (870 Sqft). All Dues Clear. Investment Opportunity. Direct Owner Meeting. Documents Available. Note: All Kinds Of Flats And Plots Available In I-12, Islamabad. Please Contact At Your Convenience.","Built in year: 2026, Parking Spaces, Lobby in Building, Flooring, Electricity Backup, Floor: 2, Floors in Building: 9","Bedrooms: 2, Bathrooms: 2, Dining Room, Kitchens: 1, Powder Room, Store Rooms: 1",Other Business and Communication Facilities,"Community Lawn or Garden, Community Gym, Kids Play Area, Mosque",Other Healthcare and Recreation Facilities,"Nearby Schools, Nearby Hospitals, Nearby Shopping Malls, Nearby Restaurants, Distance From Airport (kms), Nearby Public Transport Service","Maintenance Staff, Security Staff",,,
https://www.zameen.com/Property/i_12_i-12_1_i-12_1_all_dues_clear_8th_floor_e-type_flat-52673313-13800-1.html,"I-12/1, I-12",Flat,PKR50 Lakh,2,3.2 Marla,For Sale,2,19 hours ago,"I-12, Islamabad, Islamabad Capital","Sun Face Flat. E-Type (710 Sqft). All Dues Clear. Investor Rate. Investment Opportunity. Direct Owner Meeting. Documents Available. Note: All Kinds Of Flats And Plots Available In I-12, Islamabad. Please Contact At Your Convenience.","Built in year: 2026, Parking Spaces, Lobby in Building, Flooring, Electricity Backup, Floor: 8, Floors in Building: 9, Elevators: 2","Bedrooms: 2, Bathrooms: 2, Dining Room, Kitchens: 1",Other Business and Communication Facilities,"Community Lawn or Garden, Community Gym, Kids Play Area, Mosque",Other Healthcare and Recreation Facilities,"Nearby Schools, Nearby Hospitals, Nearby Shopping Malls, Nearby Restaurants, Distance From Airport (kms), Nearby Public Transport Service, Other Nearby Places","Maintenance Staff, Security Staff, Pets Not Allowed",,,
https://www.zameen.com/Property/bahria_enclave_bahria_enclave_-_sector_n_5_marla_brand_new_house_for_sale_bahria_enclave_islamabad-52973639-11975-1.html,"Bahria Enclave - Sector N, Bahria Enclave",House,PKR2.38 Crore,3,5 Marla,For Sale,3,2 months ago,"Bahria Town, Islamabad, Islamabad Capital",Bahria Enclave Islamabad 5 Marla Brand New House Available For Sale 3 Bedroom Attach Bathroom Tv Launch Kitchen Servent Quoter Daning Room Near To Market Park Hospital Zoo Mall All Facilitie Available Best Location,"Parking Spaces, Double Glazed Windows, Central Air Conditioning, Central Heating, Flooring, Electricity Backup, Waste Disposal, Other Main Features","Bedrooms: 3, Bathrooms: 3, Servant Quarters: 1, Drawing Room, Dining Room, Kitchens: 1, Powder Room, Store Rooms: 1, Steam Room, Lounge or Sitting Room, Laundry Room, Other Rooms","Broadband Internet Access, Satellite or Cable TV Ready, Intercom, Other Business and Communication Facilities","Community Lawn or Garden, Community Swimming Pool, Community Gym, First Aid or Medical Centre, Day Care Centre, Kids Play Area, Barbeque Area, Mosque, Community Centre, Other Community Facilities","Sauna, Other Healthcare and Recreation Facilities","Nearby Schools, Nearby Hospitals, Nearby Shopping Malls, Nearby Restaurants, Distance From Airport (kms), Nearby Public Transport Service, Other Nearby Places","Maintenance Staff, Security Staff, Facilities for Disabled, Other Facilities",,,
https://www.zameen.com/Property/dha_defence_dha_defence_phase_2_1_kanal_brand_new_beautiful_designer_and_luxury_furnished_house_upfor_sale_in_dha2_islamabad-53355995-339-1.html,"DHA Defence Phase 2, DHA Defence",House,PKR11.5 Crore,6,1 Kanal,For Sale,5,6 days ago,"DHA Defence, Islamabad, Islamabad Capital",Blue Rock Investment Present the 1kanal beautiful brand new designer and Full furnished house upfor sale in dha2 Islamabad. All Fitting and Finishing are imported. Near to main Blvd. Front open. The Main Feature Are : Design As Single Unit 5 beautiful Bedrooms 6 stylish bathrooms 2 specious TV Lounge Drawing and Dinning Luxury Kitchens Serventrooms with bath Store 3 Car parking Green lush Lawn For More details please contact as feel free Very neat and clean deal Meeting direct with house owner.,"Built in year: 2025, Parking Spaces: 3, Double Glazed Windows, Flooring, Electricity Backup, Waste Disposal, Other Main Features, Furnished","Bedrooms: 5, Bathrooms: 6, Servant Quarters: 2, Drawing Room, Dining Room, Kitchens: 2, Study Room, Prayer Room, Powder Room, Store Rooms: 1, Steam Room, Lounge or Sitting Room, Laundry Room, Other Rooms","Broadband Internet Access, Satellite or Cable TV Ready, Intercom, Other Business and Communication Facilities","Community Lawn or Garden, Community Swimming Pool, Community Gym, First Aid or Medical Centre, Day Care Centre, Kids Play Area, Barbeque Area, Mosque, Community Centre, Other Community Facilities","Sauna, Jacuzzi, Other Healthcare and Recreation Facilities","Nearby Schools, Nearby Hospitals, Nearby Shopping Malls, Nearby Restaurants, Distance From Airport (kms), Nearby Public Transport Service, Other Nearby Places","Maintenance Staff, Security Staff, Facilities for Disabled, Other Facilities",,,
https://www.zameen.com/Property/islamabad_bani_gala_brand_new_beautiful_double_storey_house_urgent_for_sale_in_bani_gala_gated_community-52804723-340-1.html,"Bani Gala, Islamabad",House,PKR2.2 Crore,5,8 Marla,For Sale,4,5 months ago,"Bani Gala, Islamabad, Islamabad Capital",8 Marla Double Story House For Sale Urgent For Sale Gated Community Near To Market Easy Approach Like Society Park Masque Water Boring Electricity Meter Install Sverage In Street Size 30 Fit Cheapest Price Like Investor Rate Ready To Move Etc Rental Value 80 To1 Lac,"Built in year: 2025, Parking Spaces: 2, Double Glazed Windows, Flooring, Electricity Backup, Waste Disposal, Floors: 2, Other Main Features","Bedrooms: 4, Bathrooms: 5, Servant Quarters: 1, Drawing Room, Dining Room, Kitchens: 2, Study Room, Prayer Room, Powder Room, Gym, Store Rooms: 1, Steam Room, Lounge or Sitting Room, Laundry Room, Other Rooms","Broadband Internet Access, Satellite or Cable TV Ready, Intercom, Other Business and Communication Facilities","Community Lawn or Garden, Community Swimming Pool, Community Gym, First Aid or Medical Centre, Day Care Centre, Kids Play Area, Barbeque Area, Mosque, Community Centre, Other Community Facilities","Lawn or Garden, Swimming Pool, Sauna, Jacuzzi, Other Healthcare and Recreation Facilities","Nearby Schools, Nearby Hospitals, Nearby Shopping Malls, Nearby Restaurants, Distance From Airport (kms), Nearby Public Transport Service, Other Nearby Places","Maintenance Staff, Security Staff, Facilities for Disabled, Other Facilities",,,
https://www.zameen.com/Property/islamabad_naval_anchorage_1_kanal_brand_new_house_for_sale-52732627-375-1.html,"Naval Anchorage, Islamabad",House,PKR8.5 Crore,6,1 Kanal,For Sale,6,5 days ago,"Naval Anchorage, Islamabad, Islamabad Capital","Designer-Built 500 Sq Yards House for Sale 6 Bedrooms Block F, Naval Anchorage Islamabad Experience luxury, comfort, and elegance in this designer-built 1 Kanal (500 Sq Yards) house located in the prestigious Block F of Naval Anchorage, Islamabad. Perfectly crafted with premium finishes and modern architecture, this home is ideal for families seeking upscale living in a secure environment. Property Highlights: Size: 500 Sq Yards (1 Kanal) 6 Spacious Bedrooms with stylish attached bathrooms Grand Drawing & Dining Room Expansive TV Lounge on both floors Modern Kitchen with premium fittings (Main + Dirty Kitchen) Servant Quarter with separate entrance Store Room and Laundry Area Spacious Car Porch (34 cars) Beautifully landscaped lawn and tiled patio Key Features: Elegant interior with high-quality tiles, ceilings, and woodwork Solid construction using A+ grade materials Designer lighting, false ceilings, and feature walls Wide staircases and generous ventilation throughout the house Peaceful and fully developed neighborhood Location Benefits: Situated in a prime area of Block F, close to park and mosque Easy access to Islamabad Expressway Gated community with 24/7 security and surveillance Near schools, shopping areas, and other essential facilities Demand: [875 Lacs ] Price is reasonable and negotiable for serious buyers. This home is not just a residenceits a statement of taste and lifestyle. Dont miss the chance to own this exceptional property. Contact now for more details or to schedule a private visit.","Built in year: 2024, Parking Spaces: 2, Double Glazed Windows, Central Air Conditioning, Central Heating, Flooring, Electricity Backup, Waste Disposal, Floors: 3, Other Main Features, Furnished","Bedrooms: 6, Bathrooms: 7, Servant Quarters: 1, Drawing Room, Dining Room, Kitchens: 3, Study Room, Prayer Room, Powder Room, Gym, Store Rooms: 2, Steam Room, Lounge or Sitting Room, Laundry Room, Other Rooms","Broadband Internet Access, Satellite or Cable TV Ready, Intercom, Other Business and Communication Facilities","Community Lawn or Garden, Community Swimming Pool, Community Gym, First Aid or Medical Centre, Day Care Centre, Kids Play Area, Barbeque Area, Mosque, Community Centre, Other Community Facilities","Lawn or Garden, Swimming Pool, Sauna, Jacuzzi, Other Healthcare and Recreation Facilities","Nearby Schools, Nearby Hospitals, Nearby Shopping Malls, Nearby Restaurants, Distance From Airport (kms), Nearby Public Transport Service, Other Nearby Places","Maintenance Staff, Security Staff, Facilities for Disabled, Other Facilities",,,
https://www.zameen.com/Property/dha_defence_dha_defence_phase_2_one_kanal_contemporary_single_unit_house_in_dha_phase_2_islamabad-53037211-339-1.html,"DHA Defence Phase 2, DHA Defence",House,PKR13.95 Crore,6,1 Kanal,For Sale,5,4 months ago,"DHA Defence, Islamabad, Islamabad Capital",Demand: 13.95 Crore Location: DHA Phase 2 ISB 5 Bedroom Sun Facing House Drawing Room Dining Room SMC Kitchen ( Branded ) Imported Chandeliers Fotile Appliances Double Glazed Windows Powder Room Solid Mahogany Wood Imported Tiles Imported jacuzzis ROCA and GROHE Sanitary Servant Quarters 3 Car Parking Space,"Built in year: 2025, Parking Spaces: 3, Double Glazed Windows, Flooring, Electricity Backup, Other Main Features","Bedrooms: 5, Bathrooms: 6, Drawing Room, Dining Room, Kitchens: 2, Store Rooms: 1","Broadband Internet Access, Satellite or Cable TV Ready, Intercom, Other Business and Communication Facilities","Community Lawn or Garden, Community Swimming Pool, Community Gym, First Aid or Medical Centre, Day Care Centre, Kids Play Area, Barbeque Area, Mosque, Community Centre, Other Community Facilities","Lawn or Garden, Swimming Pool, Other Healthcare and Recreation Facilities","Nearby Schools, Nearby Hospitals, Nearby Shopping Malls, Nearby Restaurants, Distance From Airport (kms), Nearby Public Transport Service, Other Nearby Places","Maintenance Staff, Security Staff, Facilities for Disabled, Other Facilities",,,
https://www.zameen.com/Property/dha_defence_dha_defence_phase_2_1_kanal_brand_new_beautiful_stylish_and_top_designer_house_up_for_sale_in_dha2_islamabad-53291449-339-1.html,"DHA Defence Phase 2, DHA Defence",House,PKR11.5 Crore,6,1 Kanal,For Sale,5,4 days ago,"DHA Defence, Islamabad, Islamabad Capital","Blue Rock Investment Present the 1kanal beautiful brand new Top Designer house Up for sale in dha2 Islamabad. All Fitting and Finishing are imported. The Main Feature Are : 5 beautiful Bedrooms 6 stylish bathrooms 2 specious TV Lounge Drawing and Dinning 2 designer kitchens Serventrooms with bath 3 Car parking Store Green lush Lawn For More details please contact as feel free Very neat and clean deal, Meeting direct with house owner.","Built in year: 2025, Parking Spaces: 3, Double Glazed Windows, Central Air Conditioning, Central Heating, Flooring, Electricity Backup, Waste Disposal, Other Main Features, Furnished","Bedrooms: 5, Bathrooms: 6, Servant Quarters: 2, Drawing Room, Dining Room, Kitchens: 2, Study Room, Prayer Room, Powder Room, Gym, Store Rooms: 1, Steam Room, Lounge or Sitting Room, Laundry Room, Other Rooms","Broadband Internet Access, Satellite or Cable TV Ready, Intercom, Other Business and Communication Facilities","Community Lawn or Garden, Community Swimming Pool, Community Gym, First Aid or Medical Centre, Day Care Centre, Kids Play Area, Barbeque Area, Mosque, Community Centre, Other Community Facilities","Sauna, Jacuzzi, Other Healthcare and Recreation Facilities","Nearby Schools, Nearby Hospitals, Nearby Shopping Malls, Nearby Restaurants, Distance From Airport (kms), Nearby Public Transport Service, Other Nearby Places","Maintenance Staff, Security Staff, Facilities for Disabled, Other Facilities",,,
https://www.zameen.com/Property/dha_defence_phase_2_askari_tower_1_3_bedroom_luxury_flat_for_sale-53286992-10663-1.html,"Askari Tower 1, DHA Defence Phase 2",Flat,PKR4.25 Crore,4,11.6 Marla,For Sale,3,3 months ago,"DHA Defence, Islamabad, Islamabad Capital","For Sale Fully Renovated Spacious Apartment in Askari tower 01, DHA Phase 2 (Sector D) Presenting a beautifully renovated, brand-new-like apartment located in a prime sector of DHA Phase 2. This apartment offers the perfect blend of comfort, luxury, and convenience. Key Features: 3 Spacious Bedrooms with attached designer washrooms (imported fittings, stylish vanities) Huge Lounge (approx. 22x18) ideal for family gatherings Separate Drawing Room for guests Servant Quarter with independent entrance & exit Modern Kitchen with large space and double cabinets Dedicated Laundry Area 2 Spacious Balconies with excellent ventilation & sunlight Beautiful Media Wall designed for a contemporary look Branded Wall Paint, New Fans, and Door Locks for a fresh finish Corner Apartment all 4 flats per floor are corner units 6th Floor, East-Facing with proper sunlight and airy ambiance Community & Facilities: 24/7 Security in a fully gated community Dedicated parking space Home maintenance services available on call Walking distance to grocery stores, pharmacy, salon, milk shop, hardware shop, gym, APS school and multiple restaurants 57 minutes walk to Family Bee Park 1015 minutes walk from DHA Phase 2, Gate 3 & Gate 7 and just 2 mints walk from gate 10 You are welcome to visit any time between 11am to 9pm. This apartment is designed for those who value comfort, style, and a premium lifestyle. A ready-to-move-in home with top-notch renovation just like brand new. Location: Askari tower 1 DHA Phase 2, Sector D Contact: Waqar ahmed","Built in year: 2024, Parking Spaces, Double Glazed Windows, Central Air Conditioning, Central Heating, Flooring, Electricity Backup, Waste Disposal, Elevators, Other Main Features, Furnished","Bedrooms: 2, Bathrooms: 3, Servant Quarters: 1, Drawing Room, Dining Room, Kitchens: 1, Study Room, Prayer Room, Powder Room, Gym, Store Rooms: 1, Steam Room, Lounge or Sitting Room, Laundry Room, Other Rooms","Broadband Internet Access, Satellite or Cable TV Ready, Intercom, Other Business and Communication Facilities","Community Lawn or Garden, Community Swimming Pool, Community Gym, First Aid or Medical Centre, Day Care Centre, Kids Play Area, Barbeque Area, Mosque, Community Centre, Other Community Facilities","Sauna, Jacuzzi, Other Healthcare and Recreation Facilities","Nearby Schools, Nearby Hospitals, Nearby Shopping Malls, Nearby Restaurants, Distance From Airport (kms), Nearby Public Transport Service, Other Nearby Places","Maintenance Staff, Security Staff, Facilities for Disabled, Other Facilities",,,
https://www.zameen.com/Property/islamabad_diplomatic_enclave_a_flat_of_2100_square_feet_in_rs_95000000-52848110-429-1.html,"Diplomatic Enclave, Islamabad",Flat,PKR9.5 Crore,2,9.3 Marla,For Sale,2,2 days ago,"Diplomatic Enclave, Islamabad, Islamabad Capital","A 2100 Square Feet property is well-suited for all your needs. You cannot find a bargain more reasonable than this one in Diplomatic Enclave. Diplomatic Enclave is known for the best property options. Buy your property today and be a lucky owner. We offer you just the right Flat to purchase. The market trends confirm that the quoted price of Rs. 95000000 is quite reasonable. You can read the property features below. Sit back and relax in your very own Jacuzzi. Kids can swim to their hearts desire at the community pool. The society has an effective waste disposal service that ensures cleanliness. For the ultimate luxury experience, the property also has a sauna for a healthier and relaxed state of body and mind. Children can spend free time in the kids' play area that comes with the property. For religious queries and to offer prayers, you will find a mosque near the Flat within walking distance. Keep in touch with your friends and family with broadband internet access. You can request information using our contact form.","Waste Disposal, Other Main Features",,"Broadband Internet Access, Satellite or Cable TV Ready, Business Center or Media Room in Building, Conference Room in Building, Intercom, ATM Machines, Other Business and Communication Facilities","Community Lawn or Garden, Community Swimming Pool, Community Gym, First Aid or Medical Centre, Day Care Centre, Kids Play Area, Barbeque Area, Mosque, Community Centre, Other Community Facilities","Sauna, Jacuzzi, Other Healthcare and Recreation Facilities","Nearby Schools, Nearby Hospitals, Nearby Shopping Malls, Nearby Restaurants, Distance From Airport (kms), Nearby Public Transport Service, Other Nearby Places","Maintenance Staff, Security Staff, Laundry or Dry Cleaning Facility, Communal/Shared Kitchen, Facilities for Disabled, Other Facilities",,,
https://www.zameen.com/Property/dha_defence_dha_defence_phase_2_one_kanal_7_bedroom_house_for_sale_at_ideal_location-53301106-339-1.html,"DHA Defence Phase 2, DHA Defence",House,PKR9.95 Crore,6,1 Kanal,For Sale,7,5 days ago,"DHA Defence, Islamabad, Islamabad Capital","One Kanal House for Sale at Ideal Location DHA Islamabad Spacious and practical double-unit house featuring 7 bedrooms, ideal for large families. Situated in a prime location, close to masjid, market, and park, offering both comfort and convenience. Demand: 9.50 Crore For Details: Al Arz Investments","Built in year: 2024, Parking Spaces: 4, Double Glazed Windows, Central Air Conditioning, Central Heating, Flooring, Electricity Backup, Waste Disposal, Floors: 2, Other Main Features","Bedrooms: 7, Bathrooms: 8, Servant Quarters: 2, Drawing Room, Dining Room, Kitchens: 3, Study Room, Prayer Room, Powder Room, Gym, Store Rooms: 1, Steam Room, Lounge or Sitting Room, Laundry Room, Other Rooms","Broadband Internet Access, Satellite or Cable TV Ready, Intercom, Other Business and Communication Facilities","Community Lawn or Garden, Community Swimming Pool, Community Gym, First Aid or Medical Centre, Day Care Centre, Kids Play Area, Barbeque Area, Mosque, Community Centre, Other Community Facilities","Lawn or Garden, Swimming Pool, Sauna, Jacuzzi, Other Healthcare and Recreation Facilities","Nearby Schools, Nearby Hospitals, Nearby Shopping Malls, Nearby Restaurants, Distance From Airport (kms), Nearby Public Transport Service, Other Nearby Places","Maintenance Staff, Security Staff, Facilities for Disabled, Other Facilities",,,
https://www.zameen.com/Property/i_8_i-8_3_affordable_prime_location_house_for_sale_in_i-8_3-53328826-3443-1.html,"I-8/3, I-8",House,PKR23 Crore,6,1.2 Kanal,For Sale,6,4 months ago,"I-8, Islamabad, Islamabad Capital","House Is Available For sale It Consists Of 6 Bedrooms With Attached Bathrooms With High Quality Finish And Fixtures Drawing Dining T. V lounge Kitchen Car parking servant quarter double gate Extra land CDA TRANSFER All Living Facilities Are Available Walking Distance From Markez Market Masjid Schools, Near Kachnar Family Park Shifa International Hospital Water Filtration Plant Habibi Restaurant Metro Station, Public transport We Hope You Will Like It's Vast Available Space Stunning Interior And Exterior this house With all his comfort and Quality For Further Details And Visit you may Contact back","Built in year: 2024, Parking Spaces, Double Glazed Windows, Central Air Conditioning, Central Heating, Flooring, Electricity Backup, Waste Disposal, Floors: 2, Other Main Features, Furnished","Bedrooms: 4, Bathrooms: 4, Servant Quarters: 2, Drawing Room, Dining Room, Kitchens: 2, Study Room, Prayer Room, Powder Room, Gym, Store Rooms: 1, Steam Room, Lounge or Sitting Room, Laundry Room","Broadband Internet Access, Satellite or Cable TV Ready, Intercom, Other Business and Communication Facilities","Community Lawn or Garden, Community Swimming Pool, Community Gym, First Aid or Medical Centre, Day Care Centre, Kids Play Area, Barbeque Area, Mosque, Community Centre, Other Community Facilities","Lawn or Garden, Swimming Pool, Sauna, Jacuzzi, Other Healthcare and Recreation Facilities","Nearby Schools, Nearby Hospitals, Nearby Shopping Malls, Nearby Restaurants, Distance From Airport (kms), Nearby Public Transport Service, Other Nearby Places","Maintenance Staff, Security Staff, Facilities for Disabled, Other Facilities",,,
https://www.zameen.com/Property/pwd_housing_scheme_pwd_housing_society_-_block_a_prime_location_3200_square_feet_house_for_sale_in_the_perfect_location_of_pwd_housing_society_-_block_a-53328601-15004-1.html,"PWD Housing Society - Block A, PWD Housing Scheme",House,PKR5.4 Crore,6,14.2 Marla,For Sale,7,4 months ago,"PWD Housing Scheme, Islamabad, Islamabad Capital",07 beds attach bath 1 servant quarter 2 kitchens 2 drawing Rooms 2 TV lounge Electric and water available Gas applied 3 cars parking facility Demand 5.40,,"Bedrooms: 7, Bathrooms: 7, Drawing Room, Dining Room, Kitchens: 2","Broadband Internet Access, Satellite or Cable TV Ready, Other Business and Communication Facilities",,,"Nearby Schools, Nearby Hospitals, Nearby Shopping Malls, Nearby Restaurants, Nearby Public Transport Service, Other Nearby Places","Security Staff, Other Facilities",,,
https://www.zameen.com/Property/cbr_town_phase_1_cbr_town_phase_1_-_block_b_prime_location_cbr_town_phase_1_-_block_b_house_sized_3200_square_feet_for_sale-53328646-3148-1.html,"CBR Town Phase 1 - Block B, CBR Town Phase 1",House,PKR6.5 Crore,6,14.2 Marla,For Sale,6,1 month ago,"CBR Town, Islamabad, Islamabad Capital","Your dream life awaits you in the 3200 Square Feet units for sale located centrally. Start a new life in one of the most sought after areas in the city, CBR Town Phase 1 - Block B. A House like this doesn't come around easily, so make the most of this deal today. A thriving lifestyle awaits you in Islamabad's upcoming neighbourhoods. You can pay a fair price of PKR Rs. 65000000 in instalments or as decided with the seller. Make the right decision, buy your property today. A few highlighting features of the property are as follows. A 24/7 active security staff maintains a safe, peaceful environment for the dwellers. Enjoy the convenience and comfort of broadband internet access. Share meals with friends and family in a dedicated dining room space that comes with this property. The property has a perfectly designed drawing room for your formal get-togethers. For the best property advice, give us a call today.",,"Bedrooms: 6, Bathrooms: 6, Drawing Room, Dining Room, Kitchens: 2","Broadband Internet Access, Satellite or Cable TV Ready, Intercom, Other Business and Communication Facilities",,,"Nearby Schools, Nearby Hospitals, Nearby Shopping Malls, Nearby Restaurants, Nearby Public Transport Service, Other Nearby Places","Security Staff, Other Facilities",,,
https://www.zameen.com/Property/mpchs_multi_gardens_mpchs_-_block_e_luxury_8_marla_house_in_b-17_multi_gardens_islamabad-53050124-3120-1.html,"MPCHS - Block E, MPCHS - Multi Gardens",House,PKR3.4 Crore,5,8 Marla,For Sale,5,3 months ago,"B-17, Islamabad, Islamabad Capital","Located In A Very Family Friendly Environment Close To Main Markaz, Zoo Area and Grand Mosque This House Features :- 5 Bedrooms 5 Bathrooms 2 Kitchens 2 Tv Lounges 1 Drawing Room 2 Car Park Space 1 Store","Built in year: 2025, Parking Spaces, Flooring, Electricity Backup, Waste Disposal, Floors: 2, Other Main Features","Bedrooms: 2, Bathrooms: 3, Servant Quarters: 2, Drawing Room, Dining Room, Kitchens: 1, Powder Room, Steam Room, Lounge or Sitting Room, Laundry Room, Other Rooms","Broadband Internet Access, Satellite or Cable TV Ready, Intercom","Community Lawn or Garden, Community Swimming Pool, Community Gym, First Aid or Medical Centre, Day Care Centre, Kids Play Area, Barbeque Area, Mosque, Community Centre, Other Community Facilities","Lawn or Garden, Swimming Pool, Sauna, Jacuzzi, Other Healthcare and Recreation Facilities","Nearby Schools, Nearby Hospitals, Nearby Shopping Malls, Nearby Restaurants, Distance From Airport (kms), Nearby Public Transport Service, Other Nearby Places","Maintenance Staff, Security Staff, Facilities for Disabled, Other Facilities",,,
https://www.zameen.com/Property/islamabad_g-13_30_60_8_marla_brand_new_house_available_for_sale_in_g13_rent_value_2_lakh-53304568-330-1.html,"G-13, Islamabad",House,PKR7.1 Crore,6,8 Marla,For Sale,5,4 months ago,"G-13, Islamabad, Islamabad Capital","Brand New 30x60 House for Sale in G-13/2 Islamabad Location: G-13/2, Islamabad Size: 30x60 (Approx. 7 Marla) Property Features: Brand new, stylish double-story house 5 spacious bedrooms with attached bathrooms Beautiful TV lounge, drawing room & dining area Modern kitchen with elegant fittings Premium tiled flooring and stylish ceilings Solid construction with high-quality material Wooden and glass interior finishing 2 Car parking space available Gas, water, and electricity connections available Ideal location near park, mosque, and commercial area Price: Reasonable Contact: For details and site visit","Built in year: 2025, Parking Spaces: 2, Double Glazed Windows, Central Air Conditioning, Central Heating, Flooring, Electricity Backup, Waste Disposal, Floors: 2, Other Main Features","Bedrooms: 5, Bathrooms: 7, Servant Quarters: 2, Drawing Room, Dining Room, Kitchens: 2, Study Room, Prayer Room, Powder Room, Gym, Store Rooms: 2, Steam Room, Lounge or Sitting Room, Laundry Room, Other Rooms","Broadband Internet Access, Satellite or Cable TV Ready, Intercom, Other Business and Communication Facilities","Community Lawn or Garden, Community Swimming Pool, Community Gym, First Aid or Medical Centre, Day Care Centre, Kids Play Area, Barbeque Area, Mosque, Community Centre, Other Community Facilities","Lawn or Garden, Swimming Pool, Sauna, Jacuzzi, Other Healthcare and Recreation Facilities","Nearby Schools, Nearby Hospitals, Nearby Shopping Malls, Nearby Restaurants, Distance From Airport (kms), Nearby Public Transport Service, Other Nearby Places","Maintenance Staff, Security Staff, Facilities for Disabled, Other Facilities",,,
https://www.zameen.com/Property/g_14_g-14_4_35_70_10_marla_brand_new_house_available_for_sale_proper_main_double_road_rent_value_3_25_lakh-53304539-3346-1.html,"G-14/4, G-14",House,PKR9.5 Crore,6,10 Marla,For Sale,6,4 months ago,"G-14, Islamabad, Islamabad Capital","10 Marla Brand New House for Sale in G-14/4 Islamabad Double Road | Park Facing | Prime Location A beautifully designed 10 Marla brand new luxury house located in the heart of G-14/4 Islamabad. Situated on a double road and directly facing the park, this house offers a perfect blend of elegance, comfort, and modern living. Property Details: Size: 10 Marla Status: Brand New Location: G-14/4 Islamabad Category: Park Facing, Double Road Features: 6 Spacious Bedrooms with Attached Bathrooms 2 Stylish Kitchens with Branded Fittings 2 Drawing/Dining Rooms 2 Elegant TV Lounges Store Room & Laundry Area Servant Quarter with Bath Beautiful Terrace with Park View Wide Car Porch (3Cars Parking) Solid Construction with Premium Finishing Imported Tiles & Sanitary Fittings Stylish Ceiling, Lights & Wooden Work Location Benefits: Peaceful & Secure Neighborhood Near Masjid, School, Market & Main Double Road Easy Access to Kashmir Highway & G-13 Ideal for Living or Investment For Details and Visit: Contact Now","Built in year: 2025, Parking Spaces: 3, Double Glazed Windows, Central Air Conditioning, Central Heating, Flooring, Electricity Backup, Waste Disposal, Floors: 2, Other Main Features","Bedrooms: 6, Bathrooms: 7, Servant Quarters: 2, Drawing Room, Dining Room, Kitchens: 2, Study Room, Prayer Room, Powder Room, Gym, Store Rooms: 1, Steam Room, Lounge or Sitting Room, Laundry Room, Other Rooms","Broadband Internet Access, Satellite or Cable TV Ready, Intercom, Other Business and Communication Facilities","Community Lawn or Garden, Community Swimming Pool, Community Gym, First Aid or Medical Centre, Day Care Centre, Kids Play Area, Barbeque Area, Mosque, Community Centre, Other Community Facilities","Lawn or Garden, Swimming Pool, Sauna, Jacuzzi, Other Healthcare and Recreation Facilities","Nearby Schools, Nearby Hospitals, Nearby Shopping Malls, Nearby Restaurants, Distance From Airport (kms), Nearby Public Transport Service, Other Nearby Places","Maintenance Staff, Security Staff, Facilities for Disabled, Other Facilities",,,
https://www.zameen.com/Property/top_city_1_top_city_1_-_block_d_top_city_1_designer_house_for_sale_in_best_price-48609852-9233-1.html,"Top City 1 - Block D, Top City 1",House,PKR4.1 Crore,6,10 Marla,For Sale,6,4 months ago,"Top City 1, Islamabad, Islamabad Capital","You can find out for yourself that a price of Rs. 425lac for the property is the best you can get! Looking back, you'll know that buying this property was a totally worthwhile investment decision. If you are looking to buy the best House in the prime locality in Islamabad, we can help! Investing in the properties in Top City 1 - Block D will be a great decision both in the shorter as well as the longer run. This House in Islamabad is no less than an opportunity for the investors and buyers alike, so make the most out of it. 10 Marla unit options are limited, so hurry up before it's too late. You can get rest of the details by calling us.","Built in year: 2024, Parking Spaces, Double Glazed Windows, Central Air Conditioning, Central Heating, Flooring, Electricity Backup, Waste Disposal, Floors: 2, Other Main Features, Furnished","Bedrooms: 3, Bathrooms: 4, Servant Quarters: 2, Drawing Room, Dining Room, Kitchens: 2, Study Room, Prayer Room, Powder Room, Gym, Store Rooms: 2, Steam Room, Lounge or Sitting Room, Laundry Room, Other Rooms","Broadband Internet Access, Satellite or Cable TV Ready, Intercom, Other Business and Communication Facilities","Community Lawn or Garden, Community Swimming Pool, Community Gym, First Aid or Medical Centre, Day Care Centre, Kids Play Area, Barbeque Area, Mosque, Community Centre, Other Community Facilities","Lawn or Garden, Swimming Pool, Sauna, Jacuzzi, Other Healthcare and Recreation Facilities","Nearby Schools, Nearby Hospitals, Nearby Shopping Malls, Nearby Restaurants, Distance From Airport (kms), Nearby Public Transport Service, Other Nearby Places","Maintenance Staff, Security Staff, Facilities for Disabled, Other Facilities",,,
https://www.zameen.com/Property/mpchs_multi_gardens_mpchs_-_block_f_brand_new_double_unit_house_mpchs_f_block_corner_plot-53353569-8527-1.html,"MPCHS - Block F, MPCHS - Multi Gardens",House,PKR2.2 Crore,5,5 Marla,For Sale,4,6 days ago,"B-17, Islamabad, Islamabad Capital","Brand New Double Unit House MPCHS F Block Corner Plot MPCHS F Block mein brand new short corner double unit house available hai. Modern design, spacious layout, high-quality fittings, aur ideal location. Perfect choice for a comfortable and stylish living.","Built in year: 2025, Parking Spaces: 1, Double Glazed Windows, Central Air Conditioning, Central Heating, Flooring, Electricity Backup, Waste Disposal, Floors: 2, Other Main Features, Furnished","Bedrooms: 4, Bathrooms: 5, Servant Quarters: 1, Drawing Room, Dining Room, Kitchens: 2, Study Room, Prayer Room, Powder Room, Gym, Store Rooms: 1, Steam Room, Lounge or Sitting Room, Laundry Room, Other Rooms","Broadband Internet Access, Satellite or Cable TV Ready, Intercom, Other Business and Communication Facilities","Community Lawn or Garden, Community Swimming Pool, Community Gym, First Aid or Medical Centre, Day Care Centre, Kids Play Area, Barbeque Area, Mosque, Community Centre, Other Community Facilities","Lawn or Garden, Swimming Pool, Sauna, Jacuzzi, Other Healthcare and Recreation Facilities","Nearby Schools, Nearby Hospitals, Nearby Shopping Malls, Nearby Restaurants, Distance From Airport (kms), Nearby Public Transport Service, Other Nearby Places","Maintenance Staff, Security Staff, Facilities for Disabled, Other Facilities",,,
https://www.zameen.com/Property/islamabad_bani_gala_23_marla_most_beautiful_house_for_sale-53080998-340-1.html,"Bani Gala, Islamabad",House,PKR7.5 Crore,5,1.2 Kanal,For Sale,5,2 months ago,"Bani Gala, Islamabad, Islamabad Capital","This stunning 23-marla house boasts breathtaking views of Rawal Lake, perfect for those seeking a serene living experience. Here's a breakdown of its impressive features : - *Accommodation:* - *5 Bedrooms*: Spacious rooms to cater to your family's needs, with a double-heighted master bedroom for added luxury - *Attached Bathrooms*: Each bedroom comes with its own bathroom for convenience - *Living Spaces:* - *Double-Heighted Lobby*: Grand entrance that sets the tone for the rest of the house - *Huge Drawing Room*: Perfect for entertaining guests or family gatherings - *Dining Room*: Ample space for meals and special occasions - *TV Lounge with Dining Space*: Cozy area for relaxation and casual dining - * Guest bedroom attached bath. - *Kitchen:* - *Huge Kitchen*: Well-equipped for culinary endeavors - *Dirty Kitchen*: Additional space for food preparation and cleaning - *Outdoor Spaces:* - *Lawn Space*: Beautifully landscaped area with stunning views of Rawal Lake - *Terrace with Lake View*: Ideal spot for relaxation and taking in the scenery - *Parking and Storage:* - *Parking Space for 3 Cars*: Ample parking for residents and guests - Servant room with bathroom. To get more details or schedule a visit, feel free to contact us.","Built in year: 2023, Parking Spaces: 3, Flooring, Floors: 2","Bedrooms: 4, Bathrooms: 5, Servant Quarters: 1, Drawing Room, Dining Room, Kitchens: 2, Study Room, Prayer Room, Powder Room, Store Rooms: 1, Steam Room, Lounge or Sitting Room, Laundry Room","Broadband Internet Access, Satellite or Cable TV Ready",Mosque,Lawn or Garden,"Nearby Schools, Nearby Hospitals, Nearby Shopping Malls, Nearby Restaurants, Distance From Airport (kms), Nearby Public Transport Service, Other Nearby Places","Security Staff, Other Facilities",,,
https://www.zameen.com/Property/dha_defence_dha_defence_phase_2_1_kanal_furnished_solid_owner_build_designer_house_for_sale_dha_phase_2-52983692-339-1.html,"DHA Defence Phase 2, DHA Defence",House,PKR14.5 Crore,6,1 Kanal,For Sale,5,3 months ago,"DHA Defence, Islamabad, Islamabad Capital",Elite property Exchange offer 6 Luxury Bedrooms With Attached Branded Washrooms 65 Inch Smart Tv Fully Furnished Powder Room For Guests Imported S. Abdullah Tiled Flooring Beautiful Company Kitchen With Solid UV Sheets Cabinets in Main Kitchen Solid Wood Doors Dawlence Appliances 2 Beautiful TV Lounge With Beautiful Tv Consoles Drawing Room & Dining Room Walk-in Cabinets Imported Fittings Bathroom 2 Cars Parking Space. Fancy Modern Chandelier. High Quality Berger Textured Paint And Polish Work. Branded High Quality Aluminum Windows For Visit And Details,"Built in year: 2025, Parking Spaces: 3, Double Glazed Windows, Central Air Conditioning, Flooring, Electricity Backup, Floors: 2, Other Main Features","Bedrooms: 5, Bathrooms: 6, Servant Quarters: 1, Drawing Room, Dining Room, Kitchens: 1, Study Room, Prayer Room, Powder Room, Store Rooms: 1, Lounge or Sitting Room, Laundry Room, Other Rooms","Broadband Internet Access, Satellite or Cable TV Ready, Intercom, Other Business and Communication Facilities","Community Lawn or Garden, Community Swimming Pool, Community Gym, First Aid or Medical Centre, Day Care Centre, Kids Play Area, Barbeque Area, Mosque, Community Centre, Other Community Facilities","Lawn or Garden, Swimming Pool, Sauna, Jacuzzi, Other Healthcare and Recreation Facilities","Nearby Schools, Nearby Hospitals, Nearby Shopping Malls, Nearby Restaurants, Distance From Airport (kms), Nearby Public Transport Service, Other Nearby Places","Maintenance Staff, Security Staff, Facilities for Disabled, Other Facilities",,,
https://www.zameen.com/Property/dha_defence_dha_defence_phase_2_one_kanal_beautiful_furnished_modern_straight_line_house_for_sale_in_dha_phase_2_islamabad-52983698-339-1.html,"DHA Defence Phase 2, DHA Defence",House,PKR14.5 Crore,6,1 Kanal,For Sale,5,3 months ago,"DHA Defence, Islamabad, Islamabad Capital",5 Luxury Bedrooms With Attached Branded Washrooms 65 Inch Smart Tv Fully Furnished Powder Room For Guests Imported S. Abdullah Tiled Flooring Beautiful Company Kitchen With Solid UV Sheets Cabinets in Main Kitchen Solid Wood Doors Dawlence Appliances 2 Beautiful TV Lounge With Beautiful Tv Consoles Drawing Room & Dining Room Walk-in Cabinets Imported Fittings Bathroom 2 Cars Parking Space. Fancy Modern Chandelier. High Quality Berger Textured Paint And Polish Work. Branded High Quality Aluminum Windows For Visit And Details,"Built in year: 2025, Parking Spaces: 3, Double Glazed Windows, Central Air Conditioning, Central Heating, Flooring, Electricity Backup, Waste Disposal, Floors: 2, Other Main Features","Bedrooms: 5, Bathrooms: 6, Servant Quarters: 1, Drawing Room, Dining Room, Kitchens: 1, Study Room, Lounge or Sitting Room, Other Rooms","Broadband Internet Access, Satellite or Cable TV Ready, Intercom, Other Business and Communication Facilities","Community Lawn or Garden, Community Swimming Pool, Community Gym, First Aid or Medical Centre, Day Care Centre, Kids Play Area, Barbeque Area, Mosque, Community Centre, Other Community Facilities","Lawn or Garden, Swimming Pool, Jacuzzi, Other Healthcare and Recreation Facilities","Nearby Schools, Nearby Hospitals, Nearby Shopping Malls, Nearby Restaurants, Distance From Airport (kms), Nearby Public Transport Service, Other Nearby Places","Maintenance Staff, Security Staff, Facilities for Disabled, Other Facilities",,,
https://www.zameen.com/Property/islamabad_bani_gala_7_25_marla_luxury_lifestyle_house-53094225-340-1.html,"Bani Gala, Islamabad",House,PKR3.49 Crore,6,7.2 Marla,For Sale,4,4 months ago,"Bani Gala, Islamabad, Islamabad Capital","## 7.25 Marla Luxury House for Sale ### Description: Brand new luxury house available for sale, offering premium living space in a prime location. ### Key Features: - 4 bedrooms with stylish washrooms - 2 TV lounges - 2 kitchens - 2 drawing rooms - Terrace - Walking distance to Imran Khan Chowk and main market - Best location in Bani Gala ### Demand: PKR 34,900,000 (negotiable) ### Location Highlights: Prime spot in Bani Gala with easy access to amenities and main market. ### Contact for More Details: Call for more information, to schedule a visit, or for serious deal discussions.","Built in year: 2025, Parking Spaces: 2, Double Glazed Windows, Central Air Conditioning, Central Heating, Flooring, Electricity Backup, Waste Disposal, Floors: 2, Other Main Features, Furnished","Bedrooms: 4, Bathrooms: 6, Servant Quarters: 1, Drawing Room, Dining Room, Kitchens: 2, Study Room, Prayer Room, Powder Room, Gym, Store Rooms: 1, Steam Room, Lounge or Sitting Room, Laundry Room, Other Rooms","Broadband Internet Access, Satellite or Cable TV Ready, Intercom, Other Business and Communication Facilities","Community Lawn or Garden, Community Swimming Pool, Community Gym, First Aid or Medical Centre, Day Care Centre, Kids Play Area, Barbeque Area, Mosque, Community Centre, Other Community Facilities","Lawn or Garden, Swimming Pool, Sauna, Jacuzzi, Other Healthcare and Recreation Facilities","Nearby Schools, Nearby Hospitals, Nearby Shopping Malls, Nearby Restaurants, Distance From Airport (kms), Nearby Public Transport Service, Other Nearby Places","Maintenance Staff, Security Staff, Facilities for Disabled, Other Facilities",,,
https://www.zameen.com/Property/naval_anchorage_naval_anchorage_-_block_g_brand_new_5_marla_house_for_sale-52882895-9158-1.html,"Naval Anchorage - Block G, Naval Anchorage",House,PKR2.5 Crore,5,5 Marla,For Sale,4,4 days ago,"Naval Anchorage, Islamabad, Islamabad Capital","Brand New 5 Marla House for Sale 4 Bedrooms, 60 Ft Road, Prime Location A beautifully constructed brand new 5 Marla house is available for sale, ideally located on a 60-feet wide road, just steps away from the masjid and local market. This modern home offers a perfect blend of comfort, space, and accessibility ideal for families. Property Features: Bedrooms:4 spacious bedrooms with attached bathrooms Kitchens: 2 modern kitchens with cabinets and fittings TV Lounges: 2 comfortable living/TV lounges. Car Parking: Ample space for car parking inside Road: Located on a wide 60 ft road easy access and visibility. Construction: Brand new with premium quality materials and elegant finish. Nearby Amenities: * Walking distance to masjid and market * Peaceful and secure environment. * Schools, parks, and public transport within close reach Ideal for: Families looking for a ready-to-move-in home in a prime location. Contact Now: For further details or to schedule a visit. --","Built in year: 2025, Parking Spaces: 1, Double Glazed Windows, Central Air Conditioning, Flooring, Electricity Backup, Waste Disposal, Floors: 3, Other Main Features, Furnished","Bedrooms: 4, Bathrooms: 5, Servant Quarters: 1, Drawing Room, Kitchens: 2, Powder Room, Store Rooms: 1, Lounge or Sitting Room, Laundry Room, Other Rooms","Broadband Internet Access, Satellite or Cable TV Ready, Intercom, Other Business and Communication Facilities","Community Lawn or Garden, Community Gym, First Aid or Medical Centre, Day Care Centre, Kids Play Area, Barbeque Area, Mosque, Community Centre","Lawn or Garden, Swimming Pool","Nearby Schools, Nearby Hospitals, Nearby Shopping Malls, Nearby Restaurants, Distance From Airport (kms), Nearby Public Transport Service, Other Nearby Places","Maintenance Staff, Security Staff, Facilities for Disabled, Other Facilities",,,
https://www.zameen.com/Property/dha_defence_dha_defence_phase_5_top_of_the_line_beautiful_designer_1_kanal_house_for_sale-52340298-10991-1.html,"DHA Defence Phase 5, DHA Defence",House,PKR10.6 Crore,5,1 Kanal,For Sale,5,4 months ago,"DHA Defence, Islamabad, Islamabad Capital",Elite Property Exchange Offers 6 Bedroom 6 Bathroom Drawing Room Dining Room 3 x Company Fitted Kitchen Double Glazed Aluminum Windows Double Glazed Windows Powder Room Solid Mahogany Wood Doors Imported Tiles Porta Sanitary Basement Fast Cables 3 Car Parking Space For Visit And Details Contact Us,"Built in year: 2025, Parking Spaces: 2, Double Glazed Windows, Central Air Conditioning, Central Heating, Flooring, Electricity Backup, Waste Disposal, Floors: 2, Other Main Features","Bedrooms: 5, Bathrooms: 5, Servant Quarters: 2, Drawing Room, Dining Room, Kitchens: 1, Study Room, Prayer Room, Powder Room, Gym, Store Rooms: 1, Steam Room, Lounge or Sitting Room, Laundry Room, Other Rooms","Broadband Internet Access, Satellite or Cable TV Ready, Intercom, Other Business and Communication Facilities","Community Lawn or Garden, Community Swimming Pool, Community Gym, First Aid or Medical Centre, Day Care Centre, Kids Play Area, Barbeque Area, Mosque, Community Centre, Other Community Facilities","Lawn or Garden, Sauna, Jacuzzi, Other Healthcare and Recreation Facilities","Nearby Schools, Nearby Hospitals, Nearby Shopping Malls, Nearby Restaurants, Distance From Airport (kms), Nearby Public Transport Service, Other Nearby Places","Maintenance Staff, Security Staff, Facilities for Disabled, Other Facilities",,,
https://www.zameen.com/Property/faisal_town_phase_1_faisal_town_phase_1_-_block_a_brand_new_house_for_sale-50451419-16416-1.html,"Faisal Town Phase 1 - Block A, Faisal Town Phase 1",House,PKR3.6 Crore,6,8 Marla,For Sale,4,3 weeks ago,"Faisal Town - F-18, Islamabad, Islamabad Capital","FAISAL TOWN IS WELL KNOWN TOWN IN THE CAPITAL TERRITORY WHERE YOU CAN FIND YOUR DREAM HOUSE - 4 spacious bedrooms, 6 bathrooms - Bright and airy open-plan living area - Gourmet kitchen with modern appliances - Attached garage and plenty of parking - Prime location in a desirable neighborhood - Close to schools, parks, and amenities","Built in year: 2023, Parking Spaces, Double Glazed Windows, Central Air Conditioning, Central Heating, Flooring, Electricity Backup, Waste Disposal, Floors: 2, Other Main Features, Furnished","Bedrooms: 4, Bathrooms: 6, Servant Quarters: 1, Drawing Room, Dining Room, Kitchens: 2, Study Room, Prayer Room, Powder Room, Gym, Store Rooms: 1, Steam Room, Lounge or Sitting Room, Laundry Room, Other Rooms","Broadband Internet Access, Satellite or Cable TV Ready, Intercom, Other Business and Communication Facilities","Community Lawn or Garden, Community Swimming Pool, Community Gym, First Aid or Medical Centre, Day Care Centre, Kids Play Area, Barbeque Area, Mosque, Community Centre, Other Community Facilities","Lawn or Garden, Swimming Pool, Sauna, Jacuzzi, Other Healthcare and Recreation Facilities","Nearby Schools, Nearby Hospitals, Nearby Shopping Malls, Nearby Restaurants, Distance From Airport (kms), Nearby Public Transport Service, Other Nearby Places","Maintenance Staff, Security Staff, Facilities for Disabled, Other Facilities",,,
https://www.zameen.com/Property/islamabad_emaar_canyon_views_prime_location_house_for_sale_is_readily_available_in_prime_location_of_emaar_canyon_views-53294136-8370-1.html,"Emaar Canyon Views, Islamabad",House,PKR5.5 Crore,5,10 Marla,For Sale,5,2 days ago,"Emaar Canyon Views, Islamabad, Islamabad Capital","Emaar Canyon Views is away from the hustle and bustle of the main city thus giving the peace of mind you need most. At a price of PKR Rs. 55000000 this is the best property you can find in Emaar Canyon Views. Every area in Emaar Canyon Views is well-facilitated, so it doesn't matter where you buy your home. We have the best deal on offer for 10 Marla House you can purchase at current market situation. The House comes with all the basic features necessary for a comfortable living. A number of for sale properties are in our top search category this week, so don't let a lucrative offer pass you by. Property features are mentioned below. Active security staff is on duty 24/7 to keep residents safe and secure. Never miss an important update by staying connected online through broadband internet access. The property comes with a private drawing and dining room for when you have company. You will have your own dining area to host all kinds of family dinners. Reach out to us and our team can answer all your queries.","Built in year: 2025, Parking Spaces, Double Glazed Windows, Central Air Conditioning, Central Heating, Flooring, Electricity Backup, Waste Disposal, Other Main Features, Furnished","Bedrooms: 5, Bathrooms: 5, Servant Quarters, Drawing Room, Dining Room, Kitchens: 2, Other Rooms","Broadband Internet Access, Satellite or Cable TV Ready, Intercom, Other Business and Communication Facilities","Community Lawn or Garden, Community Swimming Pool, Community Gym, First Aid or Medical Centre, Day Care Centre, Kids Play Area, Barbeque Area, Mosque, Community Centre, Other Community Facilities","Lawn or Garden, Other Healthcare and Recreation Facilities","Nearby Schools, Nearby Hospitals, Nearby Shopping Malls, Nearby Restaurants, Distance From Airport (kms), Nearby Public Transport Service, Other Nearby Places","Maintenance Staff, Security Staff, Facilities for Disabled, Other Facilities",,,
https://www.zameen.com/Property/mpchs_multi_gardens_mpchs_-_block_b_1_kanal_house_for_sale_in_multi_garden_b_17_islamabad-53005968-3117-1.html,"MPCHS - Block B, MPCHS - Multi Gardens",House,PKR9.5 Crore,6,1 Kanal,For Sale,6,2 months ago,"B-17, Islamabad, Islamabad Capital","*Designer House For Sale* *Location:* House , Block B, B17, Multi Gardens, Islamabad *Size* 50*90. 1 kanal house *Asking Price* 9.50 Cr Only/- *Features:* - Double Heighted Lobby - Luxurious Finishing - 15 KV Solar with Green Meter - Electric Fencing - CCTV Cameras - 1 Drawing Room - 6 Bedrooms with attached baths. - 2 Sitting Spaces - 1 Designer Kitchen - 1* Designer kitchnet - 2 Cars Parking Space - 1 Room on Mumty - Sitting arrangement on Mumty - Near to Masjid, Markaz, Park and Grounds - servant Quarter - Single Unit - Basement, Ground plus First Floor We are excited to share with you the completion of our yet another construction project in just 6 months' time located at B17, Multi Gardens, which is available for sale now.","Built in year: 2025, Parking Spaces: 2, Double Glazed Windows, Central Air Conditioning, Central Heating, Flooring, Electricity Backup, Waste Disposal, Floors: 2, Other Main Features","Bedrooms: 6, Bathrooms: 8, Servant Quarters: 1, Drawing Room, Dining Room, Kitchens: 2, Study Room, Prayer Room, Powder Room, Gym, Store Rooms: 1, Steam Room, Lounge or Sitting Room, Laundry Room","Broadband Internet Access, Satellite or Cable TV Ready, Intercom","Community Lawn or Garden, Community Swimming Pool, Community Gym, First Aid or Medical Centre, Day Care Centre, Kids Play Area, Barbeque Area, Mosque, Community Centre","Lawn or Garden, Swimming Pool, Sauna, Jacuzzi","Nearby Schools, Nearby Hospitals, Nearby Shopping Malls, Nearby Restaurants, Distance From Airport (kms), Nearby Public Transport Service, Other Nearby Places",Security Staff,,,
https://www.zameen.com/Property/islamabad_top_city_1_top_city-1_d_block_10_marla_corner_brand_new_house_for_sale-53306440-1383-1.html,"Top City 1, Islamabad",House,PKR4.75 Crore,6,10 Marla,For Sale,7,5 months ago,"Top City 1, Islamabad, Islamabad Capital","Top City-1, D Block 10 Marla Corner House For Sale Size: 35x65 (10 Marla) 7 Bedrooms with Attached Baths 1 Powder Room Double Car Porch Family Park Facing All Commercial Areas Within Walking Distance Features & Specifications: Porta & Faisal Bath Accessories GM Company Pipes Pakistan Steel Company Material Premium Wooden Doors Fully Completed in 14 Months All Facilities Available (Electricity, Water, Gas, Sewerage) Location: Top City-1, D Block (Top Location, Corner Plot) Demand: 4.75 Crore (Negotiable)","Built in year: 2025, Parking Spaces: 3, Double Glazed Windows, Central Air Conditioning, Central Heating, Flooring, Electricity Backup, Waste Disposal, Other Main Features, Furnished","Bedrooms: 6, Bathrooms: 6, Servant Quarters: 1, Drawing Room, Dining Room, Kitchens: 2, Study Room, Prayer Room, Powder Room, Gym, Lounge or Sitting Room, Laundry Room",Satellite or Cable TV Ready,"Community Lawn or Garden, Community Swimming Pool, Community Gym, First Aid or Medical Centre, Kids Play Area, Barbeque Area, Mosque, Community Centre","Sauna, Jacuzzi","Nearby Schools, Nearby Hospitals, Nearby Shopping Malls, Nearby Restaurants, Distance From Airport (kms), Nearby Public Transport Service, Other Nearby Places","Maintenance Staff, Security Staff, Other Facilities",,,
https://www.zameen.com/Property/pechs_pechs_-_block_k_extension_7_marla_front_back_open_house_for_sale_on_50_feet_main_road_block_k_pechs_islamabad-53329618-16860-1.html,"PECHS - Block K Extension, PECHS",House,PKR1.5 Crore,3,7 Marla,For Sale,2,5 months ago,"PECHS, Islamabad, Islamabad Capital","Discover your dream home or a golden investment opportunity in one of Islamabads most sought-after societies PECHS (Pakistan Employees Cooperative Housing Society). Property Details: Location: 50 Feet Main Road, Block K, PECHS Islamabad Plot Size: 7 Marla Type: Front & Back Open House Status: Possession Available Demand: PKR 1.50 Crore Key Features: Prime main road location with front and back open access ensuring natural light and cross ventilation Solid construction with a spacious and modern layout Peaceful, secure, and family-friendly environment Ideal for residential living or rental investment Wide carpeted roads, underground utilities, and modern infrastructure Easily accessible from Islamabad Expressway and New Islamabad International Airport Investment Opportunity: PECHS Islamabad is a well-planned, rapidly developing society known for its strategic location near the New Islamabad Airport. Block K is one of the most desirable sectors, offering: Fast-rising property value Close proximity to major landmarks and commercial areas A serene atmosphere with excellent connectivity Contact Today: Dont miss this rare chance to own a prime property in PECHS Islamabad perfect for living or long-term investment. For more details or to schedule a site visit, contact us now!","Built in year: 2024, Parking Spaces, Double Glazed Windows, Central Air Conditioning, Central Heating, Flooring, Electricity Backup, Waste Disposal, Floors: 1, Furnished","Bedrooms: 2, Bathrooms: 3, Drawing Room, Dining Room, Kitchens: 1, Gym, Lounge or Sitting Room","Broadband Internet Access, Satellite or Cable TV Ready, Intercom","Community Lawn or Garden, Community Swimming Pool, Community Gym, First Aid or Medical Centre, Day Care Centre, Kids Play Area, Barbeque Area, Mosque, Community Centre","Lawn or Garden, Swimming Pool","Nearby Schools, Nearby Hospitals, Nearby Shopping Malls, Nearby Restaurants, Distance From Airport (kms), Nearby Public Transport Service, Other Nearby Places",,,,
https://www.zameen.com/Property/bahria_garden_city_bahria_garden_city_-_zone_4_bahria_garden_city_zone_4_west_4_kanal_luxury_living_structure_available_sale_for_instalments-53236694-10608-1.html,"Bahria Garden City - Zone 4, Bahria Garden City",House,PKR16.5 Crore,7,4 Kanal,For Sale,9,5 months ago,"Bahria Town, Islamabad, Islamabad Capital","Exceptional 4 Kanal 8 Marla Structure for Sale Bahria Garden City Zone 4 West An incredible investment opportunity in one of the most premium locations of Bahria Garden City ! This 4 Kanal 8 Marla structure features 2 fully constructed floors, with the potential to build 3 additional floors. Every bedroom and TV lounge offers breathtaking golf course views, making it a truly unique property. The structure is surrounded by lush green lawns on both the front and back, adding to its beauty and privacy. From here, you can also enjoy a panoramic view of the twin cities. Price: 16.5 Crore Payment Plan: 8 Crore Down Payment | Remaining in 18 Monthly Instalments This is a rare property that combines luxury, location, and long-term value perfect for investors or those planning to build their dream mansion.","Built in year: 2018, Parking Spaces, Double Glazed Windows, Central Air Conditioning, Central Heating, Flooring, Electricity Backup, Waste Disposal, Floors: 4, Other Main Features, Furnished","Bedrooms: 8, Bathrooms: 9, Servant Quarters: 2, Drawing Room, Dining Room, Kitchens: 3, Study Room, Prayer Room, Powder Room, Gym, Store Rooms: 2, Steam Room, Lounge or Sitting Room, Laundry Room, Other Rooms","Broadband Internet Access, Satellite or Cable TV Ready, Intercom, Other Business and Communication Facilities","Community Lawn or Garden, Community Swimming Pool, Community Gym, First Aid or Medical Centre, Day Care Centre, Kids Play Area, Barbeque Area, Mosque, Community Centre, Other Community Facilities","Lawn or Garden, Swimming Pool, Sauna, Jacuzzi, Other Healthcare and Recreation Facilities","Nearby Schools, Nearby Hospitals, Nearby Shopping Malls, Nearby Restaurants, Distance From Airport (kms), Nearby Public Transport Service, Other Nearby Places","Maintenance Staff, Security Staff, Facilities for Disabled",,,
https://www.zameen.com/Property/dha_defence_dha_defence_phase_2_brand_new_designer_block_buster_top_heighted_mansion_for_sale_in_dha_2_islamabad-53296648-339-1.html,"DHA Defence Phase 2, DHA Defence",House,PKR11.5 Crore,6,1 Kanal,For Sale,6,2 months ago,"DHA Defence, Islamabad, Islamabad Capital","Luxurious designer house with 6 spacious bedrooms now available for sale in a prime location. Built with premium materials and modern architecture, this home offers stylish interiors, wide open spaces, and top-notch finishes. Ideal for families seeking comfort, elegance, and privacy in a secure gated community Accommodation 5 Masters Bedrooms 6 Attach Designer's Baths Double Height Lobby With Beautiful Art & Schendle Air's Drawing Room Dining Table 2 Tv lounge 2 Kitchens with All Accessories install BBQ Space Available Roof Top Garden Modern Elevation Huge Car Parking Lawn Available Servant Room with Attach Bath Visit Any Time Direct Deal With Seller We have Multiple Options of Houses in DHA & Bahria (ISB/RWP) More Details on Call/Whatsapp For more detaisl feel free to Contact on View Contact Detail (M. Shahrukh) Beautifully constructed house available for sale in a well-developed and secure housing society. Ideal for families seeking peaceful living with modern facilities, wide roads, parks, and 24/7 security. A perfect investment and dream home opportunity.","Built in year: 2025, Parking Spaces, Double Glazed Windows, Central Air Conditioning, Central Heating, Flooring, Electricity Backup, Waste Disposal, Floors: 2, Other Main Features, Furnished","Bedrooms: 5, Bathrooms: 6, Servant Quarters, Drawing Room, Dining Room, Kitchens: 2, Study Room, Prayer Room, Powder Room, Gym, Store Rooms, Steam Room, Lounge or Sitting Room, Laundry Room, Other Rooms","Broadband Internet Access, Satellite or Cable TV Ready, Intercom, Other Business and Communication Facilities","Community Lawn or Garden, Community Swimming Pool, Community Gym, First Aid or Medical Centre, Day Care Centre, Kids Play Area, Barbeque Area, Mosque, Community Centre, Other Community Facilities","Lawn or Garden, Swimming Pool, Sauna, Jacuzzi, Other Healthcare and Recreation Facilities","Nearby Schools, Nearby Hospitals, Nearby Shopping Malls, Nearby Restaurants, Distance From Airport (kms), Nearby Public Transport Service, Other Nearby Places","Maintenance Staff, Security Staff, Facilities for Disabled, Other Facilities",,,
https://www.zameen.com/Property/park_view_city_park_view_-_block_h_park_view_city_sector_h_8_marla_brand_new_furnished_house_excellent_construction_quality_sun_facing_available_for_sale-53150154-16868-1.html,"Park View - Block H, Park View City",House,PKR4.3 Crore,5,8 Marla,For Sale,4,3 weeks ago,"Park View City, Islamabad, Islamabad Capital","Park View City Sector H 8 Marla Brand New Furnished House Excellent Construction Quality Sun facing Available for Sale Note: Most Beautiful Location of Sector H Walking Distance from Main Gate, Mosque Park and Commercial. Meeting with Director Owner Accommodation: 4 Bedrooms with Attach Bathrooms 2 Kitchen 2 Tv Lounge Drawing & Dinning Room Servant Quarter with Attached Bath Front Terrace 2 Car Parking Note: Best Quality Guaranteed Construction & Finishing Material. Ideal Location for Living and Enjoying the Amenities & Live in a Healthy Natural Environment","Built in year: 2022, Parking Spaces: 2, Double Glazed Windows, Central Air Conditioning, Central Heating, Flooring, Electricity Backup, Waste Disposal, Floors: 2, Other Main Features, Furnished","Bedrooms: 4, Bathrooms: 5, Servant Quarters: 1, Drawing Room, Dining Room, Kitchens: 2, Study Room, Prayer Room, Powder Room, Gym, Store Rooms: 1, Steam Room, Lounge or Sitting Room, Laundry Room, Other Rooms","Broadband Internet Access, Satellite or Cable TV Ready, Intercom, Other Business and Communication Facilities","Community Lawn or Garden, Community Swimming Pool, Community Gym, First Aid or Medical Centre, Day Care Centre, Kids Play Area, Barbeque Area, Mosque, Community Centre, Other Community Facilities","Lawn or Garden, Swimming Pool, Sauna, Jacuzzi, Other Healthcare and Recreation Facilities","Nearby Schools, Nearby Hospitals, Nearby Shopping Malls, Nearby Restaurants, Distance From Airport (kms), Nearby Public Transport Service, Other Nearby Places","Maintenance Staff, Security Staff, Facilities for Disabled, Other Facilities",,,
https://www.zameen.com/Property/top_city_1_top_city_1_-_block_a_brand_new_luxury_villa-49189471-9231-1.html,"Top City 1 - Block A, Top City 1",House,PKR4.9 Crore,6,10 Marla,For Sale,6,6 days ago,"Top City 1, Islamabad, Islamabad Capital","10 Marla beautiful villa for sale in Top City-1, Islamabad. It consists of 5 beds with attached 5 washrooms. 2 tv lounges, 2 drawing / dining rooms 2 open kitchens with aluminium cabinets powder room, 1 Servant room with attached bathroom 2 sedan cars parking space. Iesco 3 phase meters, supply water from society LPG cylinders and Sui gas connections are open Fibre Internet/ Cable Tv Top City-1 is located at a distance of 3 km from New Islamabad Airport. The surrounding areas include school, Park,market,Masjid. shopping malls, zoo and parks, lavish hotels, health care centres, and educational institutes. Kashmir Highway and Islamabad Expressway can be used for daily commutes. #Realtor #property #trending #Housing #Islamabad #Airport #realestate #realestateagent #islamabadproperty #fyp ##viral #centaurus","Built in year: 2024, Parking Spaces: 2, Double Glazed Windows, Central Air Conditioning, Central Heating, Flooring, Electricity Backup, Waste Disposal, Floors: 2, Other Main Features, Furnished","Bedrooms: 5, Bathrooms: 5, Servant Quarters: 1, Drawing Room, Dining Room, Kitchens: 2, Study Room, Prayer Room, Powder Room, Gym, Store Rooms: 1, Steam Room, Lounge or Sitting Room, Laundry Room, Other Rooms","Broadband Internet Access, Satellite or Cable TV Ready, Intercom, Other Business and Communication Facilities","Community Lawn or Garden, Community Swimming Pool, Community Gym, First Aid or Medical Centre, Day Care Centre, Kids Play Area, Barbeque Area, Mosque, Community Centre, Other Community Facilities","Lawn or Garden, Swimming Pool, Sauna, Jacuzzi, Other Healthcare and Recreation Facilities","Nearby Schools, Nearby Hospitals, Nearby Shopping Malls, Nearby Restaurants, Distance From Airport (kms), Nearby Public Transport Service, Other Nearby Places","Maintenance Staff, Security Staff, Facilities for Disabled, Other Facilities",,,
https://www.zameen.com/Property/islamabad_top_city_1_designer_house_available_for_sale-51485086-1383-1.html,"Top City 1, Islamabad",House,PKR4.2 Crore,6,10 Marla,For Sale,5,4 months ago,"Top City 1, Islamabad, Islamabad Capital",*Designer House* - : A+ construction : Top City-1 Islamabad Metro station nearby. . . : (35x65) 10 Marla Electricity Nearby Mosque Nearby Market Nearby School Park,"Built in year: 2024, Parking Spaces: 2, Double Glazed Windows, Central Air Conditioning, Central Heating, Flooring, Electricity Backup, Waste Disposal, Floors: 2, Other Main Features, Furnished","Bedrooms: 6, Bathrooms: 6, Servant Quarters: 1, Drawing Room, Dining Room, Kitchens: 2, Study Room, Prayer Room, Powder Room, Gym, Store Rooms: 2, Steam Room, Lounge or Sitting Room, Laundry Room, Other Rooms","Broadband Internet Access, Satellite or Cable TV Ready, Intercom, Other Business and Communication Facilities","Community Lawn or Garden, Community Swimming Pool, Community Gym, First Aid or Medical Centre, Day Care Centre, Kids Play Area, Barbeque Area, Mosque, Community Centre, Other Community Facilities","Lawn or Garden, Swimming Pool, Sauna, Jacuzzi, Other Healthcare and Recreation Facilities","Nearby Schools, Nearby Hospitals, Nearby Shopping Malls, Nearby Restaurants, Distance From Airport (kms), Nearby Public Transport Service, Other Nearby Places","Maintenance Staff, Security Staff, Facilities for Disabled, Other Facilities",,,
https://www.zameen.com/Property/islamabad_top_city_1_top_city-1_luxury_house_for_sale_1_kanal-52229913-1383-1.html,"Top City 1, Islamabad",House,PKR9.8 Crore,6,1 Kanal,For Sale,7,4 weeks ago,"Top City 1, Islamabad, Islamabad Capital","Top City-1 Islamabad is a modern residential and commercial development located near the Islamabad International Airport. Known for its prime location and contemporary amenities, it offers a range of residential options, including villas and apartments. The project emphasizes green spaces, parks, and a secure environment, making it an attractive choice for families and investors. With easy access to major road networks, Top City-1 is designed to provide a convenient lifestyle while fostering community living. Features: *Designer House* - : A+ construction : Top City-1 Islamabad Metro station nearby. . . : (50X90) 01 Kanal : 7 : 9 : 2 : 2 Electricity Nearby Mosque Nearby Market Nearby School Park Electric Fence Completion Done. Cheap Land for Sale near Islamabad |Sastay Plots| Cheap Plots | Top City Islamabad | Updated Payment Plan | NOC | TopCity-1 | Top City 1 Islamabad: Payment Plan, Location and Map | TopCity-1 - Islamabad | Top City 1 | Islamabad City Tour | House for Sale | Flat For Sale | Qistoon | Property For sale | Topcity-1 Islamabad, Latest Site Visit, Best Housing Project Near Islamabad Airport | Plots For Sale #TopCity1 #Islamabad #SiteVisit #newBooking #5marlaplots #Plotsoninstallment #LatestUpdates #TopCity1Updates #PriceUpdates #TopCity1Visit #plotpriceinislamabad #islamabadproperty #airport Top City-1 Top City-1 Islamabad TopCity-1 Site Visit TopCity-1 Site Visit TopCity-1 Drone Visit TopCity-1 HD Drone Top City-1 Rawalpindi Top City-1 Near Motorway Top City-1 Near Kashmir Highway Best Society Near Islamabad Airport Top City-1 Latest Development Update Top City-1 Latest Visit Top City-1 Updates TopCity-1 Islamabad TopCity-1 Price Updates Best Housing Society Housing Society Near Islamabad Airport Top Housing Societies NOC Approved RDA Approved Rawalpindi Development Authority CDA Capital Development Authority New Islamabad Airport Near Metro Bus Islamabad Property Plot For Sale Plots On Installment in Islamabad Property For Sale in Islamabad Property purchase in Islamabad Plot Sale Purchase in TopCity-1 Blue World City Capital Smart City","Built in year: 2025, Parking Spaces: 3, Double Glazed Windows, Central Air Conditioning, Central Heating, Flooring, Electricity Backup, Waste Disposal, Floors: 2, Other Main Features, Furnished","Bedrooms: 6, Bathrooms: 9, Servant Quarters: 1, Drawing Room, Dining Room, Kitchens: 2, Study Room, Prayer Room, Powder Room, Gym, Store Rooms, Steam Room, Lounge or Sitting Room, Laundry Room, Other Rooms","Broadband Internet Access, Satellite or Cable TV Ready, Intercom, Other Business and Communication Facilities","Community Lawn or Garden, Community Swimming Pool, Community Gym, First Aid or Medical Centre, Day Care Centre, Kids Play Area, Barbeque Area, Mosque, Community Centre, Other Community Facilities","Lawn or Garden, Sauna, Jacuzzi, Other Healthcare and Recreation Facilities","Nearby Schools, Nearby Hospitals, Nearby Shopping Malls, Nearby Restaurants, Distance From Airport (kms), Nearby Public Transport Service, Other Nearby Places","Maintenance Staff, Security Staff, Facilities for Disabled, Other Facilities",,,
https://www.zameen.com/Property/top_city_1_top_city_1_-_block_a_brand_new_10_marla_house_available_in_top_city_1_-_block_a_for_sale-52261602-9231-1.html,"Top City 1 - Block A, Top City 1",House,PKR4.78 Crore,-,10 Marla,For Sale,6,6 days ago,"Top City 1, Islamabad, Islamabad Capital","10 Marla Designer House For Sale In Block A Top City 1 Islamabad 6 Bed With Attached Baths 7 Washroom 2 Tv Lounges 2 Drawing Room Powder Room 2 Kitchens 2 Car Parking Electricity Water Supply Market, School, Park, Masjid Hospital 1 Servant Room With Bath","Built in year: 2024, Parking Spaces: 2, Double Glazed Windows, Central Air Conditioning, Central Heating, Flooring, Electricity Backup, Waste Disposal, Floors: 2, Other Main Features, Furnished","Bedrooms: 6, Bathrooms: 7, Servant Quarters: 1, Drawing Room, Dining Room, Kitchens: 2, Study Room, Prayer Room, Powder Room, Gym, Store Rooms, Steam Room, Lounge or Sitting Room, Laundry Room, Other Rooms","Broadband Internet Access, Satellite or Cable TV Ready, Intercom, Other Business and Communication Facilities","Community Lawn or Garden, Community Swimming Pool, Community Gym, First Aid or Medical Centre, Day Care Centre, Kids Play Area, Barbeque Area, Mosque, Community Centre, Other Community Facilities","Lawn or Garden, Swimming Pool, Sauna, Jacuzzi, Other Healthcare and Recreation Facilities","Nearby Schools, Nearby Hospitals, Nearby Shopping Malls, Nearby Restaurants, Distance From Airport (kms), Nearby Public Transport Service, Other Nearby Places","Maintenance Staff, Security Staff, Facilities for Disabled, Other Facilities",,,
https://www.zameen.com/Property/mpchs_multi_gardens_mpchs_-_block_d_b_17_d_block_30x60_house_for_sale_investor_rate_price-53316723-3119-1.html,"MPCHS - Block D, MPCHS - Multi Gardens",House,PKR2.35 Crore,5,7 Marla,For Sale,4,4 months ago,"B-17, Islamabad, Islamabad Capital","MPCHS B-17 D Block 30x60 Brand New House Modern design, 4 bedrooms with attached baths, TV lounge, open kitchen, car porch. Prime location, all facilities available ready to move!","Built in year: 2025, Parking Spaces: 2, Flooring, Waste Disposal",,"Broadband Internet Access, Satellite or Cable TV Ready",,Other Healthcare and Recreation Facilities,Nearby Hospitals,"Maintenance Staff, Security Staff",,,
https://www.zameen.com/Property/dha_defence_dha_defence_phase_2_state-of-the-art_modern_marvel_residence_for_sale-52357908-339-1.html,"DHA Defence Phase 2, DHA Defence",House,PKR13.5 Crore,5,1 Kanal,For Sale,5,4 months ago,"DHA Defence, Islamabad, Islamabad Capital",Elite Property Exchange Offers 5 Luxury Bedrooms With Attached Branded Washrooms. Powder Room For Guests 22 Ft Double Heighted Lobby Jacuzzi Porta Toilet Seats Imported Tiled Flooring Spanish Kitchen With PVC Sheets Basari Appliances Dawlence Washing Machine Beautiful TV Lounge Drawing Room & Dining Room Walk-in Cabinets Imported Ceramics 3 Cars Parking Space. . Solid Mahogany Doors & Woodwork Fancy Elegant Modern Chandelier. High Quality Diamond Paint And Polish Work. Branded High Quality Aluminum Single Glazed To Double Glaze Convertible Windows Select Wiring Solar System For Visit And Details Contact Us,"Built in year: 2024, Parking Spaces: 3, Double Glazed Windows, Central Air Conditioning, Central Heating, Flooring, Electricity Backup, Waste Disposal, Floors: 2, Other Main Features","Bedrooms: 5, Bathrooms: 5, Servant Quarters: 2, Drawing Room, Dining Room, Kitchens: 2, Study Room, Prayer Room, Powder Room, Gym, Store Rooms: 1, Steam Room, Lounge or Sitting Room, Laundry Room, Other Rooms","Broadband Internet Access, Satellite or Cable TV Ready, Intercom, Other Business and Communication Facilities","Community Lawn or Garden, Community Swimming Pool, Community Gym, First Aid or Medical Centre, Day Care Centre, Kids Play Area, Barbeque Area, Mosque, Community Centre, Other Community Facilities","Lawn or Garden, Sauna, Jacuzzi, Other Healthcare and Recreation Facilities","Nearby Schools, Nearby Hospitals, Nearby Shopping Malls, Nearby Restaurants, Distance From Airport (kms), Nearby Public Transport Service, Other Nearby Places","Maintenance Staff, Security Staff, Facilities for Disabled, Other Facilities",,,
https://www.zameen.com/Property/islamabad_bani_gala_5_marla_double_storey_house-52385260-340-1.html,"Bani Gala, Islamabad",House,PKR1.9 Crore,4,5 Marla,For Sale,3,5 months ago,"Bani Gala, Islamabad, Islamabad Capital","A beautiful and solid-constructed double-story house is available for sale in a peaceful environment in Bani Gala, Islamabad. It has five marlas of land. It contains Three bedrooms attached with bathrooms. Two Tv lounges. Two drawing rooms with powder room. Two decent and beautiful kitchens. Laundry area. One large car parking. Mumty. Beautiful Gazebo. Very peaceful location. Near zoom petrol pump. Contact us for more details and All about Real estate we are available anytime for you.","Built in year: 2025, Parking Spaces, Double Glazed Windows, Central Air Conditioning, Central Heating, Flooring, Electricity Backup, Waste Disposal, Floors: 2, Other Main Features, Furnished","Bedrooms: 3, Bathrooms: 4, Servant Quarters: 1, Drawing Room, Dining Room, Kitchens: 2, Study Room, Prayer Room, Powder Room, Gym, Store Rooms: 1, Steam Room, Lounge or Sitting Room, Laundry Room, Other Rooms","Broadband Internet Access, Satellite or Cable TV Ready, Intercom, Other Business and Communication Facilities","Community Lawn or Garden, Community Swimming Pool, Community Gym, First Aid or Medical Centre, Day Care Centre, Kids Play Area, Barbeque Area, Mosque, Community Centre, Other Community Facilities","Lawn or Garden, Swimming Pool, Sauna, Jacuzzi, Other Healthcare and Recreation Facilities","Nearby Schools, Nearby Hospitals, Nearby Shopping Malls, Nearby Restaurants, Distance From Airport (kms), Nearby Public Transport Service, Other Nearby Places","Maintenance Staff, Security Staff, Facilities for Disabled, Other Facilities",,,
https://www.zameen.com/Property/dha_defence_dha_defence_phase_2_top_of_the_line_top_designer_house_for_sale-52465427-339-1.html,"DHA Defence Phase 2, DHA Defence",House,PKR13.5 Crore,5,1 Kanal,For Sale,5,4 months ago,"DHA Defence, Islamabad, Islamabad Capital",Elite Property Exchange Offers: - 5 Luxury Bedrooms With Attached Branded Washrooms. - Huge Walk-in Wardrobes - Powder Room For Guests - 22 Ft Double Heighted Lobby - Jacuzzi x 3 - ROCCA Toilet Seats - Imported Tiled Flooring - Modern Kitchen - Bosch and Vatti appliances - Dawlance Washing Machine - Dish washer - Turkish Double-glazed windows - Electric Fencing - Automatic main gate - Smart fingerprint main door lock - Beautiful TV Lounge - Drawing Room & Dining Room - Huge Walk-in Cabinets - Imported Ceramics - 3 Cars Parking Space. . - Fully Solid Mahogany Doors & Woodwork - Fancy Elegant Modern Chandelier. - High Quality Diamond Paint And Polish Work. - Pakistan Cable For Visits And Details Contact Us,"Built in year: 2025, Parking Spaces: 3, Double Glazed Windows, Flooring, Electricity Backup, Waste Disposal, Floors: 2","Bedrooms: 5, Bathrooms: 5, Servant Quarters: 2, Drawing Room, Dining Room, Kitchens: 1, Store Rooms: 1, Lounge or Sitting Room, Laundry Room, Other Rooms","Broadband Internet Access, Satellite or Cable TV Ready, Intercom","Community Lawn or Garden, Community Swimming Pool, Community Gym, First Aid or Medical Centre, Day Care Centre, Kids Play Area, Barbeque Area, Mosque, Community Centre","Lawn or Garden, Jacuzzi","Nearby Schools, Nearby Hospitals, Nearby Shopping Malls, Nearby Restaurants, Distance From Airport (kms), Nearby Public Transport Service, Other Nearby Places","Maintenance Staff, Security Staff, Facilities for Disabled",,,
https://www.zameen.com/Property/dha_defence_dha_defence_phase_5_one_kanal_double_unit_brand_new_home_for_sale_in_islamabad_dha_5-52363787-10991-1.html,"DHA Defence Phase 5, DHA Defence",House,PKR10.5 Crore,6,1 Kanal,For Sale,6,3 months ago,"DHA Defence, Islamabad, Islamabad Capital",*Property Details* - Area - DHA-5 ISLAMABAD - Property Size - 20 Marla. - Near By - McDonalds - House Highlights - *Luxuriously Designed New House with Swimming Pool* *House Details* - bedrooms with attached washrooms - Drawing & Dinning area - Powder Room - Ac Installed - Tv Lounge - Kitchen (2 ) - Servant Quarter(2) - Swimming Pool - Shower Area - Area for Gym - solar installed *House Asthetics* - All Doors made of Mahaghni wood ( Safaily) - Windows Of Chawla Aluminium - Imported Tiles - Car Porch for 2 Cars(SUV's),"Built in year: 2024, Parking Spaces: 2, Double Glazed Windows, Central Air Conditioning, Central Heating, Flooring, Electricity Backup, Waste Disposal, Floors: 2, Other Main Features, Furnished","Bedrooms: 6, Bathrooms: 6, Servant Quarters: 2, Drawing Room, Dining Room, Kitchens: 2, Study Room, Prayer Room, Powder Room, Gym, Store Rooms: 2, Steam Room, Lounge or Sitting Room, Laundry Room, Other Rooms","Broadband Internet Access, Satellite or Cable TV Ready, Intercom, Other Business and Communication Facilities","Community Lawn or Garden, Community Swimming Pool, Community Gym, First Aid or Medical Centre, Day Care Centre, Kids Play Area, Barbeque Area, Mosque, Community Centre, Other Community Facilities","Lawn or Garden, Swimming Pool, Sauna, Jacuzzi, Other Healthcare and Recreation Facilities","Nearby Schools, Nearby Hospitals, Nearby Shopping Malls, Nearby Restaurants, Distance From Airport (kms), Nearby Public Transport Service, Other Nearby Places","Maintenance Staff, Security Staff, Facilities for Disabled, Other Facilities",,,
https://www.zameen.com/Property/dha_defence_dha_defence_phase_2_luxurious_living_exquisite_residence_bungalow_for_sale-52378034-339-1.html,"DHA Defence Phase 2, DHA Defence",House,PKR13.9 Crore,7,1 Kanal,For Sale,6,3 months ago,"DHA Defence, Islamabad, Islamabad Capital","Don't Wait! Contact us today to schedule a viewing and make this incredible Heaven of World as yours! All Our Property Listings Are Direct From Owners. We Provide Best Investment Advice To Our Esteemed Clients, With The Current Market Trends, Analysis, Research And Benchmarks. Please Call or WhatsApp For The Buying Profitable Property. *Key Features:* - 6 Spacious Bedrooms, each with an attached washroom for ultimate privacy - 2 Elegant drawing room for entertaining guests - 1 Powder washroom - 2 Futile Company Kitchens Along With Chefs Kitchen - 2 Spacious Car Parking Garage, Ensuring secure and Ample parking - Full Height wardrobes with imported fixtures - servant quarter complete with all necessities - Fire Alarm, CCTV Cameras are also installed *Additional Highlights:* - 24/7 DHA Security, Secure and gated community - Expansive open terrace, ideal for soaking up sunlight and enjoying breath-taking views - Bright and airy interiors, flooded with natural light - High-quality finishes and fittings throughout - Prime location, close to all amenities and services - A true gem for those seeking comfort, style, and functionality! Close Proximity to Schools, Hospitals, All Banks Hub, and Shopping Centres Mosque Community Parks Food Courts Gold Class Theatre Easy access to main roads Investors Alert! This property is also a smart investment option, as the area is in high demand and appreciating rapidly. The main attraction is the incredibly reasonable price! Don't miss this opportunity to own a luxurious home in a prime location at a fraction of the cost. *Price: [125 Million Pkr]*","Built in year: 2025, Parking Spaces: 2, Double Glazed Windows, Central Air Conditioning, Central Heating, Flooring, Electricity Backup, Waste Disposal, Floors: 2, Other Main Features, Furnished","Bedrooms: 5, Bathrooms: 6, Servant Quarters: 2, Drawing Room, Dining Room, Kitchens: 2, Study Room, Prayer Room, Powder Room, Gym, Store Rooms: 2, Steam Room, Lounge or Sitting Room, Laundry Room","Broadband Internet Access, Satellite or Cable TV Ready, Intercom, Other Business and Communication Facilities","Community Lawn or Garden, Community Swimming Pool, Community Gym, First Aid or Medical Centre, Day Care Centre, Kids Play Area, Barbeque Area, Mosque, Community Centre, Other Community Facilities","Lawn or Garden, Swimming Pool, Sauna, Jacuzzi, Other Healthcare and Recreation Facilities","Nearby Schools, Nearby Hospitals, Nearby Shopping Malls, Nearby Restaurants, Distance From Airport (kms), Nearby Public Transport Service, Other Nearby Places","Maintenance Staff, Security Staff, Facilities for Disabled, Other Facilities",,,
https://www.zameen.com/Property/dha_defence_dha_defence_phase_2_1_kanal_ultra_modern_house_for_sale_at_peak_location_in_dha_2-52378051-339-1.html,"DHA Defence Phase 2, DHA Defence",House,PKR9.25 Crore,7,1 Kanal,For Sale,6,3 months ago,"DHA Defence, Islamabad, Islamabad Capital","Don't Wait! Contact us today to schedule a viewing and make this incredible Heaven of World as yours! All Our Property Listings Are Direct From Owners. We Provide Best Investment Advice To Our Esteemed Clients, With The Current Market Trends, Analysis, Research And Benchmarks. Please Call or WhatsApp For The Buying Profitable Property. *Key Features:* - 6 Spacious Bedrooms, each with an attached washroom for ultimate privacy - 2 Elegant drawing room for entertaining guests - 1 Powder washroom - 2 Futile Company Kitchens Along With Chefs Kitchen - 2 Spacious Car Parking Garage, Ensuring secure and Ample parking - Full Height wardrobes with imported fixtures - servant quarter complete with all necessities - Fire Alarm, CCTV Cameras are also installed *Additional Highlights:* - 24/7 DHA Security, Secure and gated community - Expansive open terrace, ideal for soaking up sunlight and enjoying breath-taking views - Bright and airy interiors, flooded with natural light - High-quality finishes and fittings throughout - Prime location, close to all amenities and services - A true gem for those seeking comfort, style, and functionality! Close Proximity to Schools, Hospitals, All Banks Hub, and Shopping Centres Mosque Community Parks Food Courts Gold Class Theatre Easy access to main roads Investors Alert! This property is also a smart investment option, as the area is in high demand and appreciating rapidly. The main attraction is the incredibly reasonable price! Don't miss this opportunity to own a luxurious home in a prime location at a fraction of the cost. *Price: [1250 Million Pkr]* *Location: [DHA phase 2, Sector on CALL","Built in year: 2025, Parking Spaces: 2, Double Glazed Windows, Central Air Conditioning, Central Heating, Flooring, Electricity Backup, Waste Disposal, Floors: 2, Other Main Features, Furnished","Bedrooms: 5, Bathrooms: 6, Servant Quarters: 2, Drawing Room, Dining Room, Kitchens: 2, Study Room, Prayer Room, Gym, Store Rooms: 2, Lounge or Sitting Room, Other Rooms","Broadband Internet Access, Satellite or Cable TV Ready, Intercom","Community Lawn or Garden, Community Swimming Pool, Community Gym, First Aid or Medical Centre, Day Care Centre, Kids Play Area, Barbeque Area, Mosque, Community Centre","Lawn or Garden, Swimming Pool, Sauna, Jacuzzi","Nearby Schools, Nearby Hospitals, Nearby Shopping Malls, Nearby Restaurants, Distance From Airport (kms), Nearby Public Transport Service, Other Nearby Places","Security Staff, Other Facilities",,,
https://www.zameen.com/Property/dha_defence_dha_defence_phase_2_1_kanal_brand_new_beautiful_luxurious_prime_location_of_dha2-52438682-339-1.html,"DHA Defence Phase 2, DHA Defence",House,PKR13.9 Crore,6,1 Kanal,For Sale,6,3 months ago,"DHA Defence, Islamabad, Islamabad Capital","*Property Details* DHA2 1 Kanal Brand New Beautiful LUXURIOUS House PRIME location of Dha2. . Ac available in All rooms. . Solar system installed . . 6 master bed rooms with attach bath,2kitchens,Drawing rooms,Tv lounge,big car porch,2 servant quarter etc - Area - DHA-2 ISLAMABAD - Property Size - 32 Marla. - Near By - McDonalds - House Highlights - *Luxuriously Designed New House with Swimming Pool* *House Details* - bedrooms with attached washrooms - Drawing & Dinning area - Powder Room - Ac Installed - Tv Lounge - Kitchen (2 ) - Servant Quarter(2) - Swimming Pool - Shower Area - Area for Gym - solar installed *House Asthetics* - All Doors made of Mahaghni wood ( Safaily) - Windows Of Chawla Aluminium - Imported Tiles - Car Porch for 2 Cars(SUV's)","Built in year: 2024, Parking Spaces: 3, Double Glazed Windows, Central Air Conditioning, Central Heating, Flooring, Electricity Backup, Waste Disposal, Floors: 3, Other Main Features, Furnished","Bedrooms: 6, Bathrooms: 8, Servant Quarters: 2, Drawing Room, Dining Room, Kitchens: 2, Study Room, Prayer Room, Powder Room, Gym, Store Rooms: 3, Steam Room, Lounge or Sitting Room, Laundry Room, Other Rooms","Broadband Internet Access, Satellite or Cable TV Ready, Intercom, Other Business and Communication Facilities","Community Lawn or Garden, Community Swimming Pool, Community Gym, First Aid or Medical Centre, Day Care Centre, Kids Play Area, Barbeque Area, Mosque, Community Centre, Other Community Facilities","Lawn or Garden, Swimming Pool, Sauna, Jacuzzi, Other Healthcare and Recreation Facilities","Nearby Schools, Nearby Hospitals, Nearby Shopping Malls, Nearby Restaurants, Distance From Airport (kms), Nearby Public Transport Service, Other Nearby Places","Maintenance Staff, Security Staff, Facilities for Disabled, Other Facilities",,,
https://www.zameen.com/Property/islamabad_d-12_buy_a_14_marla_house_for_sale_in_d-12-52053737-160-1.html,"D-12, Islamabad",House,PKR14.5 Crore,6,14 Marla,For Sale,6,4 months ago,"D-12, Islamabad, Islamabad Capital","BEAUTIFUL LOCATION BRAND NEW STREET CORNER HOUSE FOR SALE SOLID CONSTRUCTION OWNER BUILD HOUSE So you're interested in taking up this House? Well, take it from us. With a price like Rs. 152500000, there is literally no reason for you to look anywhere else. 14 Marla properties don't come by easily, so invest while you can. The growing property demand in D-12 makes now the time to make an investment move. Of all the locations that you could wish to buy property, none currently match D-12 in the potential returns on investment. Looking for a well-constructed home for your family? This can be the best option for you. What more this property has to tell you is written below. 24/7 active security staff patrolling the building ensures that residents can lead a worry-free life. A dip in the Jacuzzi is a perfect way to soothe your aching muscles. Having a community swimming pool is an amenity that one can't deny. Impress your guests with this spacious and gorgeous drawing room. You can set your washing machine and laundry products conveniently in the laundry room of the House. You can easily enjoy some fresh air or go for a morning walk in the community park nearby. You can take control of your health again by hitting the sauna in the building regularly. Book your meeting with us today for the right home advice.","Built in year: 2024, Parking Spaces: 3, Double Glazed Windows, Central Air Conditioning, Central Heating, Flooring, Electricity Backup, Waste Disposal, Floors: 2, Other Main Features, Furnished","Bedrooms: 6, Bathrooms: 6, Servant Quarters: 2, Drawing Room, Dining Room, Kitchens: 2, Study Room, Prayer Room, Powder Room, Gym, Store Rooms: 1, Steam Room, Lounge or Sitting Room, Laundry Room, Other Rooms","Broadband Internet Access, Satellite or Cable TV Ready, Intercom, Other Business and Communication Facilities","Community Lawn or Garden, Community Swimming Pool, Community Gym, First Aid or Medical Centre, Day Care Centre, Kids Play Area, Barbeque Area, Mosque, Community Centre, Other Community Facilities","Lawn or Garden, Swimming Pool, Sauna, Jacuzzi, Other Healthcare and Recreation Facilities","Nearby Schools, Nearby Hospitals, Nearby Shopping Malls, Nearby Restaurants, Distance From Airport (kms), Nearby Public Transport Service, Other Nearby Places","Maintenance Staff, Security Staff, Facilities for Disabled, Other Facilities",,,
https://www.zameen.com/Property/islamabad_faisal_town_-_f-18_5_marla_25_50_brand_new_house_for_sale-52208146-8260-1.html,"Faisal Town - F-18, Islamabad",House,PKR2.5 Crore,5,5 Marla,For Sale,5,5 months ago,"Faisal Town - F-18, Islamabad, Islamabad Capital","5 MARLA ( 25*50) BRAND-NEW HOUSE FOR SALE LOCATION: Faisal Town Islamabad *Double Story House *Premium location A Block *WATER BORE * CCTV CAMERA 4 Bedrooms with attached bathrooms, 1 Servant room, 2 TV lounge, 2 Drawing room 1 powder room under stairs FOR MORE DETAIL FREE TO CONTACT ANY TIME","Built in year, Parking Spaces: 1, Double Glazed Windows, Central Air Conditioning, Central Heating, Flooring, Electricity Backup, Waste Disposal, Floors, Other Main Features, Furnished","Bedrooms: 4, Bathrooms: 5, Servant Quarters: 1, Drawing Room, Dining Room, Kitchens: 2, Study Room, Prayer Room, Powder Room, Gym, Store Rooms: 1, Steam Room, Lounge or Sitting Room, Laundry Room, Other Rooms","Broadband Internet Access, Satellite or Cable TV Ready, Intercom, Other Business and Communication Facilities","Community Lawn or Garden, Community Swimming Pool, Community Gym, First Aid or Medical Centre, Day Care Centre, Kids Play Area, Barbeque Area, Mosque, Community Centre, Other Community Facilities","Lawn or Garden, Swimming Pool, Sauna, Jacuzzi, Other Healthcare and Recreation Facilities","Nearby Schools, Nearby Hospitals, Nearby Shopping Malls, Nearby Restaurants, Distance From Airport (kms), Nearby Public Transport Service, Other Nearby Places","Maintenance Staff, Security Staff, Facilities for Disabled, Other Facilities",,,
https://www.zameen.com/Property/mpchs_multi_gardens_mpchs_-_block_b_house_of_14_marla_available_in_mpchs_-_block_b-53285572-3117-1.html,"MPCHS - Block B, MPCHS - Multi Gardens",House,PKR7.8 Crore,6,14 Marla,For Sale,10,3 months ago,"B-17, Islamabad, Islamabad Capital",Mpchs B_17 14 Marla Brand new House 10 bathroom 10 bedroom 3 Kitchen 2 Dring room 2 Tv launch 3 Car parking,"Built in year: 2019, Parking Spaces, Central Air Conditioning, Central Heating, Flooring, Electricity Backup, Waste Disposal, Other Main Features, Furnished","Bedrooms: 1, Bathrooms: 1, Servant Quarters, Drawing Room, Dining Room, Kitchens: 1, Study Room, Prayer Room, Powder Room, Gym, Store Rooms, Steam Room, Lounge or Sitting Room, Laundry Room, Other Rooms","Broadband Internet Access, Satellite or Cable TV Ready, Intercom, Other Business and Communication Facilities","Community Lawn or Garden, Community Swimming Pool, Community Gym, First Aid or Medical Centre, Day Care Centre, Kids Play Area, Barbeque Area, Mosque, Community Centre, Other Community Facilities","Sauna, Jacuzzi, Other Healthcare and Recreation Facilities","Nearby Schools, Nearby Hospitals, Nearby Shopping Malls, Nearby Restaurants, Distance From Airport (kms), Nearby Public Transport Service, Other Nearby Places","Maintenance Staff, Security Staff, Other Facilities",,,
https://www.zameen.com/Property/islamabad_bani_gala_7_bed_brand_new_designer_house_for_sale_on_1_kanal-53285259-340-1.html,"Bani Gala, Islamabad",House,PKR12 Crore,-,1 Kanal,For Sale,7,5 months ago,"Bani Gala, Islamabad, Islamabad Capital","One Kanal Luxury House for Sale in Bani Gala bu Description: This stunning four-storey luxury house offers breathtaking views of Bani Gala, Islamabad, and the Dam. Perfect blend of luxury, comfort, and scenic views. Key Features: - 7 spacious bedrooms with attached bathrooms (each with Jacuzzi) - 2 modern kitchens (one on each floor) - Elegant drawing and dining rooms - Two double height lobbies - 2 beautiful gardens (ground floor terrace and rooftop garden) - Private elevator - Luxurious swimming pool - Separate servant quarters - Dedicated laundry area - Electricity connection and water boring completed Location Highlights: Prime location in Bani Gala, offering stunning views and luxurious living. Ideal for: Those seeking luxury, comfort, and breathtaking views in a prime location. Contact for more details or to schedule a viewing!","Built in year: 2025, Flooring","Bedrooms: 7, Servant Quarters: 2, Drawing Room, Dining Room, Kitchens: 2, Prayer Room, Powder Room, Lounge or Sitting Room, Laundry Room","Broadband Internet Access, Satellite or Cable TV Ready","Kids Play Area, Barbeque Area, Mosque",,"Nearby Schools, Nearby Hospitals, Nearby Shopping Malls, Nearby Restaurants, Distance From Airport (kms), Nearby Public Transport Service, Other Nearby Places","Security Staff, Other Facilities",,,
https://www.zameen.com/Property/islamabad_bhara_kahu_7_marla_good_condition_house_available_for_sale-53279920-156-1.html,"Bhara kahu, Islamabad",House,PKR3 Crore,5,7 Marla,For Sale,5,1 week ago,"Bhara kahu, Islamabad, Islamabad Capital",7 marla good condition house available for sale 5 rooms 4 washrooms 3 story,"Built in year: 2009, Parking Spaces, Double Glazed Windows, Central Air Conditioning, Flooring, Electricity Backup, Floors: 2","Bedrooms: 5, Bathrooms: 4, Drawing Room, Dining Room, Kitchens: 1, Store Rooms: 1, Lounge or Sitting Room",,,,"Nearby Schools, Nearby Hospitals, Nearby Shopping Malls, Nearby Restaurants, Distance From Airport (kms), Nearby Public Transport Service, Other Nearby Places","Security Staff, Other Facilities",,,
https://www.zameen.com/Property/dha_valley_dha_valley_-_lilly_sector_dha_home_5_marla_in_dha_islamabad-53272193-3214-1.html,"DHA Valley - Lilly Sector, DHA Valley",House,PKR72.5 Lakh,2,5 Marla,For Sale,2,2 months ago,"DHA Defence, Islamabad, Islamabad Capital","5 MARLA BRAND NEW HOME IN LILLY BLOCK B NEAR ASP SCHOOL PARKS MAJID MARKET. DHA Valley mein 5 Marla ka Shanadar Ghar Aapke Sapnon ka Thikana! DHA Valley ka Naya aur Khubsurat 5 Marla House Kam Budget mein DHA ki Luxury : Prime Location mein Tayaar, Modern 5 Marla Ghar! DHA Valley, [Block ka naam, agar pata ho] ke sabse behtareen hisse mein waqai, yeh naya aur behtareen 5 Marla ghar aapke intezaar mein hai. Yeh ghar DHA ke mayari lifestyle aur suvidhaon ke saath ek aaramdeh aur modern rehne ka tajurba pesh karta hai.","Built in year, Parking Spaces, Double Glazed Windows, Central Air Conditioning, Central Heating, Flooring, Electricity Backup, Waste Disposal, Floors, Other Main Features, Furnished","Bedrooms: 2, Bathrooms: 2, Servant Quarters: 2, Drawing Room, Dining Room, Kitchens: 1, Study Room, Prayer Room, Powder Room, Gym, Store Rooms: 2, Steam Room, Lounge or Sitting Room, Laundry Room, Other Rooms","Broadband Internet Access, Satellite or Cable TV Ready, Intercom, Other Business and Communication Facilities","Community Lawn or Garden, Community Swimming Pool, Community Gym, First Aid or Medical Centre, Day Care Centre, Kids Play Area, Barbeque Area, Mosque, Community Centre, Other Community Facilities","Lawn or Garden, Swimming Pool, Sauna, Jacuzzi, Other Healthcare and Recreation Facilities","Nearby Schools, Nearby Hospitals, Nearby Shopping Malls, Nearby Restaurants, Distance From Airport (kms), Nearby Public Transport Service, Other Nearby Places","Maintenance Staff, Security Staff, Facilities for Disabled, Other Facilities",,,
https://www.zameen.com/Property/bahria_town_bahria_enclave_bahria_enclave_islamabad_sector_c1_10_marla_brand_new_house_available_for_sale_and_good_location-53286536-1705-1.html,"Bahria Enclave, Bahria Town",House,PKR5.5 Crore,6,10 Marla,For Sale,5,4 months ago,"Bahria Town, Islamabad, Islamabad Capital",Bahria Enclave Islamabad Sector ::::: C1 10 Marla Brand New Designer house Available for sale Accommodation ::: 5 bedroom Attech Washroom Drawing Room TV lounge 2 Spacious kitchen Laundry space 2 parking space study room servant quarter Attech bath Terrace beautiful location A plus construction owner built house water Gas slender Electricity Security Mentence 24/7 Available Near to Mosque children park school Hospital bank market shopping centre for information contact me WhatsApp,"Built in year: 2025, Parking Spaces: 2, Double Glazed Windows, Central Air Conditioning, Flooring, Electricity Backup, Floors: 2, Other Main Features","Bedrooms: 5, Bathrooms: 6, Servant Quarters: 1, Drawing Room, Dining Room, Kitchens: 2, Study Room, Prayer Room, Powder Room, Steam Room, Lounge or Sitting Room, Laundry Room, Other Rooms","Broadband Internet Access, Satellite or Cable TV Ready, Intercom, Other Business and Communication Facilities","Community Lawn or Garden, Community Gym, First Aid or Medical Centre, Day Care Centre, Kids Play Area, Barbeque Area, Mosque, Community Centre, Other Community Facilities","Lawn or Garden, Sauna, Jacuzzi, Other Healthcare and Recreation Facilities","Nearby Schools, Nearby Hospitals, Nearby Shopping Malls, Nearby Restaurants, Distance From Airport (kms), Nearby Public Transport Service, Other Nearby Places","Maintenance Staff, Security Staff, Other Facilities",,,
https://www.zameen.com/Property/f_17_f-17_2_brand_new_2_bed_full_furnished_flate_for_sale_80k_rental_value_all_electronics_available_brand_new_plaza_cda_approved_security_cameras_lift_24_7_water_24_7_sollar_backup_biomatric_lock_system-53318740-3293-1.html,"F-17/2, F-17",Flat,PKR1.22 Crore,-,3.8 Marla,For Sale,2,2 weeks ago,"F-17, Islamabad, Islamabad Capital",Brand New 2 Bed Full Furnished Flat For Sale 80K Rental Value All Electronics Available Brand New Plaza CDA Approved Security Cameras Lift 24/7 Water 24/7 Sollar Backup Biometric Lock System,"Built in year: 2024, Parking Spaces, Lobby in Building, Double Glazed Windows, Central Air Conditioning, Central Heating, Flooring, Electricity Backup, Waste Disposal, Other Main Features, Furnished","Bedrooms: 2, Bathrooms: 2, Servant Quarters: 1, Drawing Room, Dining Room, Kitchens: 1, Study Room, Prayer Room, Powder Room, Gym, Store Rooms: 1, Steam Room, Lounge or Sitting Room, Laundry Room, Other Rooms","Broadband Internet Access, Satellite or Cable TV Ready, Conference Room in Building, Intercom, Other Business and Communication Facilities","Community Lawn or Garden, Community Swimming Pool, Community Gym, First Aid or Medical Centre, Day Care Centre, Kids Play Area, Barbeque Area, Mosque, Community Centre","Sauna, Jacuzzi","Nearby Schools, Nearby Hospitals, Nearby Shopping Malls, Nearby Restaurants, Distance From Airport (kms), Nearby Public Transport Service, Other Nearby Places","Maintenance Staff, Security Staff, Facilities for Disabled, Pets Allowed, Other Facilities",,,
https://www.zameen.com/Property/islamabad_d-12_beautiful_location_house_for_sale_front_open-53301814-160-1.html,"D-12, Islamabad",House,PKR11.5 Crore,6,10 Marla,For Sale,6,4 months ago,"D-12, Islamabad, Islamabad Capital",BEAUTIFUL LOCATION FRONT OPEN SOLID CONSTRUCTION BEST OPTION FOR RESIDENT,"Built in year: 2025, Parking Spaces: 2, Double Glazed Windows, Flooring, Electricity Backup, Waste Disposal, Floors: 2, Other Main Features","Bedrooms: 6, Bathrooms: 8, Servant Quarters: 2, Drawing Room, Dining Room, Kitchens: 2, Lounge or Sitting Room, Laundry Room, Other Rooms","Broadband Internet Access, Satellite or Cable TV Ready, Intercom, Other Business and Communication Facilities","Community Lawn or Garden, Community Swimming Pool, Community Gym, First Aid or Medical Centre, Day Care Centre, Kids Play Area, Barbeque Area, Mosque, Community Centre, Other Community Facilities","Lawn or Garden, Swimming Pool, Sauna, Jacuzzi, Other Healthcare and Recreation Facilities","Nearby Schools, Nearby Hospitals, Nearby Shopping Malls, Nearby Restaurants, Distance From Airport (kms), Nearby Public Transport Service, Other Nearby Places","Maintenance Staff, Security Staff, Facilities for Disabled, Other Facilities",,,
https://www.zameen.com/Property/mpchs_multi_gardens_mpchs_-_block_d_b_17_d_block_30x60_house_for_sale_investor_rate_price-53316723-3119-1.html,"MPCHS - Block D, MPCHS - Multi Gardens",House,PKR2.35 Crore,5,7 Marla,For Sale,4,4 months ago,"B-17, Islamabad, Islamabad Capital","MPCHS B-17 D Block 30x60 Brand New House Modern design, 4 bedrooms with attached baths, TV lounge, open kitchen, car porch. Prime location, all facilities available ready to move!","Built in year: 2025, Parking Spaces: 2, Flooring, Waste Disposal",,"Broadband Internet Access, Satellite or Cable TV Ready",,Other Healthcare and Recreation Facilities,Nearby Hospitals,"Maintenance Staff, Security Staff",,,
https://www.zameen.com/Property/islamabad_b-17_5_marla_house_lowest_price_b17-53353615-616-1.html,"B-17, Islamabad",House,PKR1.65 Crore,4,5 Marla,For Sale,4,5 days ago,"B-17, Islamabad, Islamabad Capital",5 Marla house lowest price guarantee 4 bedrooms drawing room TV launch one car porch urgent for sale need cash,,,,,,"Nearby Schools, Nearby Hospitals, Nearby Shopping Malls, Nearby Restaurants, Distance From Airport (kms), Nearby Public Transport Service, Other Nearby Places","Security Staff, Other Facilities",,,
https://www.zameen.com/Property/dha_defence_dha_defence_phase_2_5_marla_brand_new_designer_home_for_sale_in_dha_ii_islamabad-52477317-339-1.html,"DHA Defence Phase 2, DHA Defence",House,PKR4.25 Crore,5,5 Marla,For Sale,4,3 months ago,"DHA Defence, Islamabad, Islamabad Capital",*Property Details* - Area - DHA-2 ISLAMABAD - Property Size - 5 Marla. - Near By - McDonalds - House Highlights - *Luxuriously Designed New House with Swimming Pool* *House Details* - bedrooms with attached washrooms - Drawing & Dinning area - Powder Room - Ac Installed - Tv Lounge - Kitchen (2 ) - Servant Quarter(2) - Swimming Pool - Shower Area - Area for Gym - solar installed *House Asthetics* - All Doors made of Mahaghni wood ( Safaily) - Windows Of Chawla Aluminium - Imported Tiles - Car Porch for 2 Cars(SUV's),"Built in year: 2025, Parking Spaces: 2, Double Glazed Windows, Central Air Conditioning, Central Heating, Flooring, Electricity Backup, Waste Disposal, Floors: 2, Furnished","Bedrooms: 4, Bathrooms: 6, Servant Quarters: 1, Drawing Room, Dining Room, Kitchens: 2, Study Room, Prayer Room, Powder Room, Gym, Store Rooms: 1, Steam Room, Lounge or Sitting Room, Laundry Room","Broadband Internet Access, Satellite or Cable TV Ready, Intercom","Community Lawn or Garden, Community Swimming Pool, Community Gym, First Aid or Medical Centre, Day Care Centre, Kids Play Area, Barbeque Area, Mosque, Community Centre","Lawn or Garden, Swimming Pool, Sauna, Jacuzzi","Nearby Schools, Nearby Hospitals, Nearby Shopping Malls, Nearby Restaurants, Distance From Airport (kms), Nearby Public Transport Service, Other Nearby Places","Maintenance Staff, Security Staff, Facilities for Disabled, Other Facilities",,,
https://www.zameen.com/Property/dha_defence_dha_defence_phase_2_1_kanal_house_for_sale_dha_phase_2_islamabad-52489374-339-1.html,"DHA Defence Phase 2, DHA Defence",House,PKR9 Crore,5,1 Kanal,For Sale,6,3 months ago,"DHA Defence, Islamabad, Islamabad Capital","The House comes well-fitted with modern fixtures so you can enjoy your space with ease. With the boom in real estate market properties for sale to your liking can be easy to find. Looking for the most trusted 20 Marla options. Here is something to consider. For a quality lifestyle in Islamabad, check out these living options. A property in DHA Defence Phase 2 is the best investment decision, so what are you waiting for. Now is the time to book your unit at PKR Rs. 139000000 as it is a lucrative investment option in the long run. You can find out more about the property below. A powder room in the residence can be used as an extra bathroom. The House comes with central air-conditioning which keeps the inside temperature pleasant. For any religious obligation, the House has a spacious prayer room. You can work out at the gym within premises to make up for the physical activity lag created by the urban life. Double-glazed windows provide better protection to home interiors through superior insulation. A dedicated space for washing, like a separate laundry room comes in handy, especially when you have a large load. You can relax whenever you want with access to the Jacuzzi. Your dream life may only be a call away, so contact us to book an appointment.","Built in year: 2024, Parking Spaces: 2, Double Glazed Windows, Central Air Conditioning, Central Heating, Flooring, Electricity Backup, Waste Disposal, Floors: 2, Other Main Features, Furnished","Bedrooms: 6, Bathrooms: 8, Servant Quarters: 2, Drawing Room, Dining Room, Kitchens, Study Room, Prayer Room, Powder Room, Gym, Store Rooms, Steam Room, Lounge or Sitting Room, Laundry Room, Other Rooms","Broadband Internet Access, Satellite or Cable TV Ready, Intercom, Other Business and Communication Facilities","Community Lawn or Garden, Community Swimming Pool, Community Gym, First Aid or Medical Centre, Day Care Centre, Kids Play Area, Barbeque Area, Mosque, Community Centre, Other Community Facilities","Lawn or Garden, Swimming Pool, Sauna, Jacuzzi, Other Healthcare and Recreation Facilities","Nearby Schools, Nearby Hospitals, Nearby Shopping Malls, Nearby Restaurants, Distance From Airport (kms), Nearby Public Transport Service, Other Nearby Places","Maintenance Staff, Security Staff, Facilities for Disabled, Other Facilities",,,
https://www.zameen.com/Property/islamabad_bani_gala_11_marla_brand_new_lavish_house-51968695-340-1.html,"Bani Gala, Islamabad",House,PKR4.7 Crore,6,11 Marla,For Sale,5,4 months ago,"Bani Gala, Islamabad, Islamabad Capital","11 Marla luxury Spanish Design House for sale in Bani Gala Islamabad. The house is a double unit with 5 Bedrooms. 3 Master bedrooms and 2 Spacious bedrooms with attached bathrooms (imported and high quality sanitary installed) 1 Drawing room 1 Powder room 2 Kitchens 2 TV lounges 2 Side lobby Terrace Area Modern Staircase Mini Lawn 2 Space car porch. The house is located near to main Korang road, 35ft street. Its a Prime Location and the house is very close to commercial and Masjid. For more information please call: All Facilities are available.","Built in year: 2024, Parking Spaces: 2, Double Glazed Windows, Central Air Conditioning, Central Heating, Flooring, Electricity Backup, Waste Disposal, Floors: 2, Other Main Features, Furnished","Bedrooms: 4, Bathrooms: 6, Servant Quarters: 1, Drawing Room, Dining Room, Kitchens: 2, Study Room, Prayer Room, Powder Room, Gym, Store Rooms: 1, Steam Room, Lounge or Sitting Room, Laundry Room, Other Rooms","Broadband Internet Access, Satellite or Cable TV Ready, Intercom, Other Business and Communication Facilities","Community Lawn or Garden, Community Swimming Pool, Community Gym, First Aid or Medical Centre, Day Care Centre, Kids Play Area, Barbeque Area, Mosque, Community Centre, Other Community Facilities","Lawn or Garden, Swimming Pool, Sauna, Jacuzzi, Other Healthcare and Recreation Facilities","Nearby Schools, Nearby Hospitals, Nearby Shopping Malls, Nearby Restaurants, Distance From Airport (kms), Nearby Public Transport Service, Other Nearby Places","Maintenance Staff, Security Staff, Facilities for Disabled, Other Facilities",,,
https://www.zameen.com/Property/islamabad_bani_gala_7_5_marla_lavish_house_for_sale-52148072-340-1.html,"Bani Gala, Islamabad",House,PKR3 Crore,6,7.5 Marla,For Sale,5,4 months ago,"Bani Gala, Islamabad, Islamabad Capital",7.5 Marla Beautiful New Constructed House Available For Sale. 5 Bedrooms Attached Bath. 2 Kitchens. 2 Tv Lounges. Drawing Room. Car Parking. Laundry Area. Mumty. Near To Main Market. 1.5 Min Drive From Allied Bank. Call For More Details And Visit.,"Built in year: 2025, Parking Spaces: 1, Flooring, Floors: 2","Bedrooms: 5, Bathrooms: 6, Drawing Room, Dining Room, Kitchens: 2, Study Room, Prayer Room, Powder Room, Gym, Store Rooms: 1, Steam Room, Lounge or Sitting Room, Laundry Room","Broadband Internet Access, Satellite or Cable TV Ready","Community Lawn or Garden, Community Swimming Pool, Community Gym, First Aid or Medical Centre, Day Care Centre, Kids Play Area, Barbeque Area, Mosque, Community Centre",,"Nearby Schools, Nearby Hospitals, Nearby Shopping Malls, Nearby Restaurants, Distance From Airport (kms), Nearby Public Transport Service, Other Nearby Places","Security Staff, Other Facilities",,,
https://www.zameen.com/Property/islamabad_bani_gala_10_marla_beautiful_house_for_sale-52702423-340-1.html,"Bani Gala, Islamabad",House,PKR4.9 Crore,7,10 Marla,For Sale,8,3 months ago,"Bani Gala, Islamabad, Islamabad Capital","PREMIUM 8 BEDROOM HOME FOR SALE BRAND NEW! Address: Banigala, Islamabad. With 10 minutes drive to Serena Hotel, this 10 marlas triple story house is built with Spanish architectural design and high quality building materials in much sought after Aryan Enclave Banigala Islamabad. The house has views of the Margalla Hills which adds natural beauty to your everyday living. Walking distance to Mosque, grocery stores, chicken shop, meat shop, pharmacy and Originale Pizza. 8 Spacious bedrooms, (including 4 master bedroom size 18 x 14) with 7 attached bathrooms. 1 large office/ store or study room. 2 modern Open concept Kitchens plus 1 kitchenette at the top floor. 2 Family lounges and 1 open air lounge at top floor with added wood fireplace. 2 Drawing rooms plus a powder room. 2 cars porch Granite countertops and stairs. Accessories: 5 geysers 3 gas stoves 2 Canadian Signature company hoods 1 Italian Forno company electric oven. 1 Italian Forno company microwave oven. 2 Media Walls with imported electric fireplaces (with remotes) 19 Inverter AC fans with remotes. Demand Rs. 49 million ( 4 crore, 90 lacs)","Built in year: 2025, Parking Spaces: 2, Flooring, Floors: 3",,,,,"Nearby Schools, Nearby Hospitals, Nearby Shopping Malls, Nearby Restaurants, Nearby Public Transport Service",,,,
https://www.zameen.com/Property/ghauri_town_phase_5_landmark_heights_luxury_studio_apartment_furnished_for_sale_at_landmark_heights_ghauri_town_phase_5_islamabad-51973858-21828-1.html,"Landmark Heights, Ghauri Town Phase 5",Flat,PKR50 Lakh,1,1.3 Marla,For Sale,1,2 months ago,"Ghauri Town, Islamabad, Islamabad Capital","Studio Apartment for sale. . 1 bed attached bath kitchen Finished apartment 24/7 Lift 24/7 electricity Standby generators 24/7 security with CCTV CAMERAS tile flooring At Main service road Ghauri town phase 5 Rented 30000/month Demand 50,00,000 only v. good rental value profitable property plZ feel free to contact for further details regards Hamdaan Associates","Built in year: 2017, Parking Spaces: 3, Double Glazed Windows, Central Air Conditioning, Central Heating, Flooring, Electricity Backup, Waste Disposal, Floor: 3, Floors in Building: 7, Elevators: 1, Service Elevators in Building, Other Main Features, Furnished","Bedrooms: 1, Bathrooms: 1, Servant Quarters: 2, Drawing Room, Dining Room, Kitchens: 1, Study Room, Prayer Room, Powder Room, Gym, Store Rooms: 1, Steam Room, Lounge or Sitting Room, Laundry Room, Other Rooms","Broadband Internet Access, Satellite or Cable TV Ready, Intercom, Other Business and Communication Facilities","Community Lawn or Garden, Community Swimming Pool, Community Gym, First Aid or Medical Centre, Day Care Centre, Kids Play Area, Barbeque Area, Mosque, Community Centre, Other Community Facilities","Sauna, Jacuzzi, Other Healthcare and Recreation Facilities","Nearby Schools, Nearby Hospitals, Nearby Shopping Malls, Nearby Restaurants, Distance From Airport (kms), Nearby Public Transport Service, Other Nearby Places","Maintenance Staff, Security Staff, Laundry or Dry Cleaning Facility, Facilities for Disabled, Pets Not Allowed, Other Facilities",,,
https://www.zameen.com/Property/d_12_d-12_4_4_marla_prime_location_house_for_sale-53299458-3157-1.html,"D-12/4, D-12",House,PKR4.3 Crore,4,4 Marla,For Sale,4,3 days ago,"D-12, Islamabad, Islamabad Capital","Location: D-12/4, Islamabad Property Type: Double Storey House Size: 4 Marla 4 Bedrooms with attached bathrooms 2 TV Lounges 1 Kitchens Drawing/Dining Room Stylish Tiles Flooring Solid Construction with Elegant Finishes Wide Car Porch Beautiful Front Elevation All Basic Utilities: Electricity, Gas, Water 30 ft Wide Street Near Park and Masjid Walking Distance to School & Market Ideal for Living or Investment Demand: [4Crore 30lac] For More details Feel Free to Contact Fair Deal D-12","Built in year: 2025, Parking Spaces: 1, Double Glazed Windows, Central Air Conditioning, Central Heating, Flooring, Electricity Backup, Waste Disposal, Floors: 2, Other Main Features, Furnished","Bedrooms: 4, Bathrooms: 4, Servant Quarters: 1, Drawing Room, Dining Room, Kitchens: 1, Study Room, Prayer Room, Powder Room, Gym, Store Rooms: 1, Steam Room, Lounge or Sitting Room, Laundry Room, Other Rooms","Broadband Internet Access, Satellite or Cable TV Ready, Intercom, Other Business and Communication Facilities","Community Lawn or Garden, Community Swimming Pool, Community Gym, First Aid or Medical Centre, Day Care Centre, Kids Play Area, Barbeque Area, Mosque, Community Centre, Other Community Facilities","Lawn or Garden, Sauna, Jacuzzi, Other Healthcare and Recreation Facilities","Nearby Schools, Nearby Hospitals, Nearby Shopping Malls, Nearby Restaurants, Distance From Airport (kms), Nearby Public Transport Service, Other Nearby Places","Maintenance Staff, Security Staff, Facilities for Disabled, Other Facilities",,,
https://www.zameen.com/Property/d_12_d-12_1_a_corner_8_marla_house_located_in_d-12_1_is_available_for_sale-53147806-3154-1.html,"D-12/1, D-12",House,PKR9.75 Crore,6,8 Marla,For Sale,7,1 month ago,"D-12, Islamabad, Islamabad Capital","Exquisite 8 Marla Triple Storey Spanish-Design House with Basement in D-12/1, Islamabad Location: D-12/1, Islamabad Plot Size: 8 Marla Design: Dead Corner, Triple Storey + Basement | Spanish Architecture Bedrooms: 8 (including a Fully Furnished Master Bedroom on the Ground Floor) Bathrooms: 9 Kitchens: 4 (including Main Kitchen, Dirty Kitchen, Basement & Separate Apartment Kitchen) Key Features: Triple Storey with Basement: Can be used as a single luxury unit or three separate units, as the basement and first floor have independent access. Smart Living: Fully integrated smart home system (locks, switches, CCTV) all controllable via mobile phone from anywhere in the world. Make and receive phone calls directly via smart locks and camera system. Main Kitchen Highlights: Elegant island-style layout Four-door fridge Built-in microwave & oven Induction cooktop Piano sink Wall-mounted TV Plus, a separate dirty kitchen on the ground floor for heavy cooking needs Additional Units & Spaces: Momty (Rooftop Apartment): Fully functional with attached bathroom and kitchen Opens to a gazebo with panoramic Margalla Hills views Ideal for private guests, rental unit, or home office Basement: Independent access, fully equipped with its own kitchen and bathroom facilities Rooftop Amenities: Gazebo with stunning Margalla Hills views Barbecue facility Perfect for hosting mushaira, singing concerts, or private gatherings Utilities & Infrastructure: Solar power system ensuring energy efficiency High-speed internet connectivity CCTV surveillance for 24/7 security Ideal for: Multi-generational families Home + Rental income setup Airbnb/Guesthouse Luxury living with modern convenience Contact now for a private viewing and explore what this unique and smartly designed property has to offer.","Built in year: 2025, Parking Spaces: 4, Double Glazed Windows, Central Air Conditioning, Central Heating, Flooring, Electricity Backup, Waste Disposal, Floors: 3, Other Main Features, Furnished","Bedrooms: 7, Bathrooms: 9, Servant Quarters: 1, Drawing Room, Dining Room, Kitchens: 4, Study Room, Prayer Room, Powder Room, Store Rooms: 1, Steam Room, Lounge or Sitting Room, Laundry Room, Other Rooms","Broadband Internet Access, Satellite or Cable TV Ready, Intercom, Other Business and Communication Facilities","Community Lawn or Garden, Community Swimming Pool, Community Gym, First Aid or Medical Centre, Day Care Centre, Kids Play Area, Barbeque Area, Mosque, Community Centre, Other Community Facilities","Lawn or Garden, Swimming Pool, Sauna, Jacuzzi, Other Healthcare and Recreation Facilities","Nearby Schools, Nearby Hospitals, Nearby Shopping Malls, Nearby Restaurants, Distance From Airport (kms), Nearby Public Transport Service, Other Nearby Places","Maintenance Staff, Security Staff, Facilities for Disabled, Other Facilities",,,
https://www.zameen.com/Property/i_12_i-12_1_i-12_1_9th_floor_d-type_flat_adc-52685945-13800-1.html,"I-12/1, I-12",Flat,PKR65 Lakh,2,3.9 Marla,For Sale,2,19 hours ago,"I-12, Islamabad, Islamabad Capital","Margalla Face. Near to Main Gate. D-Type (870 Sqft). All Dues Clear. Investment Opportunity. Direct Owner Meeting. Documents Available. Note: All Kinds of Flats and Plots available in I-12, Islamabad. Please contact at your Convenience.","Built in year: 2026, Parking Spaces, Lobby in Building, Flooring, Electricity Backup, Floor: 9, Floors in Building: 9, Elevators: 2","Bedrooms: 2, Bathrooms: 2, Dining Room, Kitchens: 1, Store Rooms: 1",Other Business and Communication Facilities,"Community Lawn or Garden, Community Gym, Kids Play Area, Mosque",Other Healthcare and Recreation Facilities,"Nearby Schools, Nearby Hospitals, Nearby Shopping Malls, Nearby Restaurants, Distance From Airport (kms), Nearby Public Transport Service, Other Nearby Places","Maintenance Staff, Security Staff, Pets Allowed, Other Facilities",,,
https://www.zameen.com/Property/islamabad_f-6_investor_rate_extra_land_old_house_is_for_sale-52841441-164-1.html,"F-6, Islamabad",House,PKR34.5 Crore,6,1.3 Kanal,For Sale,5,5 months ago,"F-6, Islamabad, Islamabad Capital","Attached images are for reference purpose only. Chohan HAY Estate Offers: - 666 SQYD House - EXTRA Land - Demolishable House - Investor Rate - Build Your Dream Luxury Home and Enjoy the Additional Land - Invest in Real Estate and Enjoy High Returns - Best Deal - CDA Transfer - Prime Location - The Right Time to Invest in Real Estate - Dont Waste Your time, Just grab this Fantastic Opportunity For more information and additional options, kindly contact us at mentioned numbers or visit CHOHAN HAY ESTATE","Parking Spaces, Double Glazed Windows, Flooring, Electricity Backup, Waste Disposal, Other Main Features","Drawing Room, Dining Room, Kitchens: 1, Study Room, Prayer Room, Powder Room, Gym, Store Rooms: 1, Steam Room, Lounge or Sitting Room, Laundry Room, Other Rooms","Broadband Internet Access, Satellite or Cable TV Ready, Intercom, Other Business and Communication Facilities","Community Lawn or Garden, Community Swimming Pool, Community Gym, First Aid or Medical Centre, Day Care Centre, Kids Play Area, Barbeque Area, Mosque, Community Centre, Other Community Facilities","Lawn or Garden, Other Healthcare and Recreation Facilities","Nearby Schools, Nearby Hospitals, Nearby Shopping Malls, Nearby Restaurants, Distance From Airport (kms), Nearby Public Transport Service, Other Nearby Places","Maintenance Staff, Security Staff, Facilities for Disabled, Other Facilities",,,
https://www.zameen.com/Property/b_17_faisal_margalla_city_10_marla_luxury_villas_for_sale_on_3_years_installment_plan_in_faisal_margalla_city_islamabad-53232774-13424-1.html,"Faisal Margalla City, B-17",House,PKR3.5 Crore,4,10 Marla,For Sale,5,1 week ago,"B-17, Islamabad, Islamabad Capital","Introducing Amalfi Housing Villas, an exclusive residential project in the prime location of Faisal Margalla City (A Block), adjacent to Sector B-17, Islamabad. These 10 Marla premium villas are thoughtfully designed to deliver a lifestyle of luxury, comfort, and convenience ideal for families who value elegance and modern living. Located just steps away from the Commercial Markaz, cricket ground, park, and masjid, Amalfi Villas offer more than a home they offer a complete living experience. With a flexible 3-year payment plan, possession on 70% payment, and affordable installment options, now is the perfect time to secure your dream villa in one of Islamabads most prestigious communities. Key Features: Villa Size: 10 Marla Total Price: Rs. 35,000,000 Down Payment: 30% Installment Plan: 3 Years Possession: On 70% Payment Prime Location near B-17, Islamabad Contact Us Today: Dont miss this opportunity to own a villa in the citys most sought-after area.","Built in year: 2020, Parking Spaces: 1, Double Glazed Windows, Central Air Conditioning, Flooring, Floors: 1","Bedrooms: 3, Bathrooms: 3, Drawing Room, Kitchens: 1",,,,,,PKR1 Crore,PKR6.25 Lakh,40 Months
https://www.zameen.com/Property/dha_defence_phase_2_dha_phase_2_-_sector_b_5_bedroom_brand_new_furnished_house_for_sale_in_sector_b_dha_phase_2_islamabad-53242130-3197-1.html,"DHA Phase 2 - Sector B, DHA Defence Phase 2",House,PKR11.5 Crore,6,1 Kanal,For Sale,5,4 months ago,"DHA Defence, Islamabad, Islamabad Capital",Most Elegant Brand New Park Facing House For Sale IN The Heart Of DHA Phase 2 Islamabad: - 5 Bedroom - 6 Bathroom - Kitchen - TV Lounge - Drawing Room - Dinning Room - Laundry Are - Servant Room - Front Open - Park Facing House - South Face - Direct Access From IQbal Boulevard - Walking Distance From Mosque - Walking Distance From Commercial - Near By Jacaranda Club - Near by GIGA MALL Call Us For Visit And More Details:,"Built in year: 2024, Parking Spaces: 3, Double Glazed Windows, Flooring, Floors: 2, Furnished","Bedrooms: 5, Bathrooms: 6, Servant Quarters: 1, Drawing Room, Dining Room, Kitchens: 1, Study Room, Prayer Room, Powder Room, Gym, Store Rooms: 1, Lounge or Sitting Room, Laundry Room","Broadband Internet Access, Satellite or Cable TV Ready, Intercom","Community Lawn or Garden, Community Swimming Pool, Community Gym, First Aid or Medical Centre, Day Care Centre, Kids Play Area, Barbeque Area, Mosque, Community Centre","Lawn or Garden, Swimming Pool, Sauna, Jacuzzi","Nearby Schools, Nearby Hospitals, Nearby Shopping Malls","Security Staff, Facilities for Disabled",,,
https://www.zameen.com/Property/cbr_town_phase_1_cbr_town_phase_1_-_block_c_brand_new_dabble_storey_house_for_sale_in_cbr_town_phase_1-53327164-3149-1.html,"CBR Town Phase 1 - Block C, CBR Town Phase 1",House,PKR6.3 Crore,7,14 Marla,For Sale,6,2 days ago,"CBR Town, Islamabad, Islamabad Capital",Dabble story house for sale in CBR twon phase 1 size 40 80 corner house 6 bedroom 7 bathroom 2 drng room 2 TV long 2 kitchen electric water gas available good location near by bank hospital park water filter,"Built in year: 2000, Parking Spaces: 10, Double Glazed Windows, Central Air Conditioning, Central Heating, Flooring, Electricity Backup, Waste Disposal, Floors: 2, Furnished","Bedrooms: 5, Bathrooms: 6, Servant Quarters: 2, Drawing Room, Dining Room, Kitchens: 2, Study Room, Prayer Room, Powder Room, Gym, Store Rooms: 1, Steam Room, Lounge or Sitting Room, Laundry Room","Broadband Internet Access, Satellite or Cable TV Ready, Intercom","Community Lawn or Garden, Community Swimming Pool, Community Gym, First Aid or Medical Centre, Day Care Centre, Kids Play Area, Barbeque Area, Mosque, Community Centre","Lawn or Garden, Swimming Pool, Sauna, Jacuzzi","Nearby Schools, Nearby Hospitals, Nearby Shopping Malls, Nearby Restaurants, Distance From Airport (kms), Nearby Public Transport Service, Other Nearby Places","Maintenance Staff, Security Staff, Facilities for Disabled, Other Facilities",,,
https://www.zameen.com/Property/islamabad_b-17_5_marla_house_lowest_price_b17-53353615-616-1.html,"B-17, Islamabad",House,PKR1.65 Crore,4,5 Marla,For Sale,4,5 days ago,"B-17, Islamabad, Islamabad Capital",5 Marla house lowest price guarantee 4 bedrooms drawing room TV launch one car porch urgent for sale need cash,,,,,,"Nearby Schools, Nearby Hospitals, Nearby Shopping Malls, Nearby Restaurants, Distance From Airport (kms), Nearby Public Transport Service, Other Nearby Places","Security Staff, Other Facilities",,,
https://www.zameen.com/Property/islamabad_constitution_avenue_constitution_avenue_2_bedrooms_luxury_furnished_apartment_margalla_view_1643_sq_ft-52307770-8284-1.html,"Constitution Avenue, Islamabad",Flat,PKR9 Crore,3,7.3 Marla,For Sale,2,9 hours ago,"Constitution Avenue, Islamabad, Islamabad Capital","Constitution Avenue 2 Bedrooms Luxury Furnished Apartment Margalla View 1643 Sq ft incoming rent 1000 $ Settling in Constitution Avenue can open many doors of opportunity, so unlock your destiny with the right property today. If you are looking for a good neighbourhood, the location of Constitution Avenue can be your best pick. Property like this doesn't pop up too often. So, it's best to buy it while you still can. By choosing this Flat, know that you're making a wise choice - one that you will later be proud of. Make the most of the opportunity right now of buying a 1643 Square Feet property that is readily. Price of PKR Rs. 81000000 is nothing for a sizeable property like the one in question. These features below will convince you why this property is right for you. A prayer room in the Flat provides a peaceful setting to offer prayers. The lobby and reception in the apartment building contributes to the resident's security. For any kind of property advice, you can get in touch with us.","Built in year: 2021, Parking Spaces: 2, Lobby in Building, Double Glazed Windows, Central Air Conditioning, Central Heating, Flooring, Electricity Backup, Waste Disposal, Floor: 7, Floors in Building: 24, Elevators, Other Main Features, Furnished","Bedrooms: 4, Bathrooms: 5, Servant Quarters: 1, Drawing Room, Dining Room, Kitchens, Study Room, Prayer Room, Powder Room, Gym, Store Rooms: 1, Steam Room, Lounge or Sitting Room, Laundry Room, Other Rooms","Broadband Internet Access, Satellite or Cable TV Ready, Intercom, Other Business and Communication Facilities","Community Lawn or Garden, Community Swimming Pool, Community Gym, First Aid or Medical Centre, Day Care Centre, Kids Play Area, Barbeque Area, Mosque, Community Centre, Other Community Facilities","Sauna, Jacuzzi, Other Healthcare and Recreation Facilities","Nearby Schools, Nearby Hospitals, Nearby Shopping Malls, Nearby Restaurants, Distance From Airport (kms), Nearby Public Transport Service, Other Nearby Places","Maintenance Staff, Security Staff, Facilities for Disabled, Other Facilities",,,
https://www.zameen.com/Property/g_15_zarkon_heights_1233_square_feet_flat_in_zarkon_heights_is_available-53127799-10169-1.html,"Zarkon Heights, G-15",Flat,PKR1.85 Crore,2,5.5 Marla,For Sale,2,2 months ago,"G-15, Islamabad, Islamabad Capital","2 Bed Luxury Apartment Available. For Sale in Zarkon Heights G-15 Islamabad. Flat Size 1233 Sq Ft. 2 Bedroom. 2 Bath. TV Lounge. Kitchen. Lift Available. Cargo Lift. Car Parking Space. 24 Hours Security. Neat and Clean. Electricity , Water and Gas Available. All facilities Available. Furnished and Non-Furnished Both Available. 1 Bed Sale: Rs 1 Crore 2 Bed Sale: Rs 1 Crore 50 Lacs 3 Bed Sale: Rs 2 Crore 8 Lacs Interested People can Contact Easily.","Built in year: 2025, Parking Spaces: 2, Lobby in Building, Double Glazed Windows, Central Air Conditioning, Central Heating, Flooring, Electricity Backup, Waste Disposal, Floor: 3, Floors in Building: 9, Elevators: 2, Service Elevators in Building, Other Main Features, Furnished","Bedrooms: 6, Bathrooms: 7, Servant Quarters: 1, Drawing Room, Dining Room, Kitchens: 1, Study Room, Prayer Room, Powder Room, Gym, Store Rooms: 1, Steam Room, Lounge or Sitting Room, Laundry Room, Other Rooms","Broadband Internet Access, Satellite or Cable TV Ready, Business Center or Media Room in Building, Conference Room in Building, Intercom, ATM Machines, Other Business and Communication Facilities","Community Lawn or Garden, Community Swimming Pool, Community Gym, First Aid or Medical Centre, Day Care Centre, Kids Play Area, Barbeque Area, Mosque, Community Centre, Other Community Facilities","Sauna, Jacuzzi, Other Healthcare and Recreation Facilities","Nearby Schools, Nearby Hospitals, Nearby Shopping Malls, Nearby Restaurants, Distance From Airport (kms), Nearby Public Transport Service, Other Nearby Places","Maintenance Staff, Security Staff, Laundry or Dry Cleaning Facility, Communal/Shared Kitchen, Facilities for Disabled, Other Facilities",,,
https://www.zameen.com/Property/g_10_g-10_4_newly_constructed_house_available_for_sale-53090093-3327-1.html,"G-10/4, G-10",House,PKR7.5 Crore,6,6.7 Marla,For Sale,7,3 months ago,"G-10, Islamabad, Islamabad Capital","Elegant,Modern, Stylish Triple Storey 3050 House For Sale. Accommodation: 7 Bed Rooms, 9 Wash Rooms, 4 Kitchens, Car Porch. Features: Triple Storey Separate Doors Entry For All Portions. 3 Electricity Meters. 3 Separate Water Tanks. 70 Feet From Family Park. Sun Facing CDA Transfer Fully Ventilated Walking Distance From Double Road Accessible 2 Market. AAA Quality Of ACCESSORIES &Amp; ITEMS Has Used For Further Assistance With Us Please Contact Us.","Built in year: 2025, Parking Spaces: 1000, Double Glazed Windows, Central Air Conditioning, Central Heating, Flooring, Electricity Backup, Waste Disposal, Floors: 3, Other Main Features, Furnished","Bedrooms: 7, Bathrooms: 9, Drawing Room, Dining Room, Kitchens: 4, Study Room, Powder Room, Store Rooms: 2, Lounge or Sitting Room, Laundry Room, Other Rooms","Broadband Internet Access, Satellite or Cable TV Ready, Intercom, Other Business and Communication Facilities","Community Lawn or Garden, Community Swimming Pool, Community Gym, First Aid or Medical Centre, Day Care Centre, Kids Play Area, Barbeque Area, Mosque, Community Centre, Other Community Facilities","Lawn or Garden, Other Healthcare and Recreation Facilities","Nearby Schools, Nearby Hospitals, Nearby Shopping Malls, Nearby Restaurants, Distance From Airport (kms), Nearby Public Transport Service, Other Nearby Places","Maintenance Staff, Security Staff, Facilities for Disabled, Other Facilities",,,
https://www.zameen.com/Property/bahria_enclave_bahria_enclave_-_sector_c1_10_marla_beautiful_elegant_double_unit_new_house_at_the_best_price_rs_4_65_crore_offer_required_urgent_sale-52556586-11987-1.html,"Bahria Enclave - Sector C1, Bahria Enclave",House,PKR4.9 Crore,6,10 Marla,For Sale,5,3 months ago,"Bahria Town, Islamabad, Islamabad Capital","10 MARLA DOUBLE UNIT NEW HOUSE FOR SALE. 5 bedrooms attached bathrooms. 2 Kitchens 2 TV Lounge. Big car porch. DD, Powderroom, Servant Room. own water boring. Dead-end Street, Heightened Location. Solid construction with modern kitchen & bathroom accessories. Neat to Park, Masjid, School and Markets. Asking Price 4.90 Crore will be sold to 1st given realistic offer. for more details, call anytime mzb real estate and builders.","Built in year: 2023, Parking Spaces: 2, Double Glazed Windows, Central Air Conditioning, Central Heating, Flooring, Electricity Backup, Waste Disposal, Floors: 2, Other Main Features, Furnished","Bedrooms: 5, Bathrooms: 4, Servant Quarters: 3, Drawing Room, Dining Room, Kitchens: 2, Study Room, Prayer Room, Powder Room, Gym, Store Rooms: 1, Steam Room, Lounge or Sitting Room, Laundry Room, Other Rooms","Broadband Internet Access, Satellite or Cable TV Ready, Intercom, Other Business and Communication Facilities","Community Lawn or Garden, Community Swimming Pool, Community Gym, First Aid or Medical Centre, Day Care Centre, Kids Play Area, Barbeque Area, Mosque, Community Centre, Other Community Facilities","Lawn or Garden, Swimming Pool, Sauna, Jacuzzi, Other Healthcare and Recreation Facilities","Nearby Schools, Nearby Hospitals, Nearby Shopping Malls, Nearby Restaurants, Distance From Airport (kms), Nearby Public Transport Service, Other Nearby Places","Maintenance Staff, Security Staff, Facilities for Disabled, Other Facilities",,,
https://www.zameen.com/Property/g_14_g-14_3_g-13_size_35x70_brand_new_double_story_house_available_for_sale-53355771-3345-1.html,"G-14/3, G-14",House,PKR8 Crore,6,10 Marla,For Sale,6,5 months ago,"G-14, Islamabad, Islamabad Capital","Tri star marketing Brand New House For Sale Located At Prime Location Of G-13 Islamabad Size 10Marla Great Opportunity For You, Don't Miss It. . . original Pictures Attached about The Property: 6Bedrooms 6 Washrooms 2 Kitchens 2 Tv Lounge Car Parking Tile Flooring 1 Double Unit House Ideal Locality Electricity & Gas Meters Are Available Water Boring Running & Also Water Supply Facility Available All Facilities Are Available Which Is The Need Of Living Near To Main Double Road And Kashmir Highway Near To School, college, market, masjid public Transport, hospitals And Etc. Located In One Of The Best Locations Of G-13 Islamabad just Call Us For Visit.","Parking Spaces, Double Glazed Windows, Central Air Conditioning, Central Heating, Flooring, Electricity Backup, Waste Disposal, Floors: 2","Drawing Room, Dining Room, Study Room, Prayer Room","Broadband Internet Access, Satellite or Cable TV Ready, Intercom","Community Lawn or Garden, Community Swimming Pool, Community Gym, First Aid or Medical Centre, Day Care Centre, Kids Play Area, Barbeque Area, Mosque, Community Centre","Lawn or Garden, Swimming Pool, Sauna, Jacuzzi","Nearby Schools, Nearby Hospitals, Nearby Shopping Malls, Nearby Restaurants, Distance From Airport (kms), Nearby Public Transport Service, Other Nearby Places","Security Staff, Other Facilities",,,
https://www.zameen.com/Property/islamabad_soan_garden_luxury_1_kanal_house_for_sale_in_block_e_near_main_market_islamabad_highway-52938768-338-1.html,"Soan Garden, Islamabad",House,PKR5.5 Crore,6,1 Kanal,For Sale,7,4 months ago,"Soan Garden, Islamabad, Islamabad Capital","Discover your dream home in Block E, ideally located just 5 minutes from Islamabad Highway and within walking distance of the main market, schools, and all daily essentials. This spacious 1 Kanal luxury house is designed for modern living with top-class facilities: 6 Spacious Bedrooms with Attached Baths 2 Elegant Drawing Rooms 2 Stylish TV Lounges 2 Modern Kitchens Servant Quarter with Kitchen & Attached Bath Car Porch for 34 Vehicles The property offers a perfect blend of comfort and convenience, making it an ideal choice for families seeking a prime location with easy accessibility. Location: Soan Garden Block E Near Main Market & Islamabad Highway Dont miss this golden opportunity! Contact today to schedule a visit. Note: Sample Pictures If You need Original then call us","Built in year: 2018, Parking Spaces: 3, Double Glazed Windows, Central Air Conditioning, Central Heating, Flooring, Electricity Backup, Waste Disposal, Floors: 2, Other Main Features, Furnished","Bedrooms: 6, Bathrooms: 8, Servant Quarters: 1, Drawing Room, Dining Room, Kitchens: 2, Study Room, Prayer Room, Powder Room, Gym, Store Rooms: 2, Steam Room, Lounge or Sitting Room, Laundry Room, Other Rooms","Broadband Internet Access, Satellite or Cable TV Ready, Intercom, Other Business and Communication Facilities","Community Lawn or Garden, Community Swimming Pool, Community Gym, First Aid or Medical Centre, Day Care Centre, Kids Play Area, Barbeque Area, Mosque, Community Centre, Other Community Facilities","Lawn or Garden, Swimming Pool, Sauna, Jacuzzi, Other Healthcare and Recreation Facilities","Nearby Schools, Nearby Hospitals, Nearby Shopping Malls, Nearby Restaurants, Distance From Airport (kms), Nearby Public Transport Service, Other Nearby Places","Maintenance Staff, Security Staff, Facilities for Disabled, Other Facilities",,,
https://www.zameen.com/Property/fechs_jinnah_gardens_7_marla_cda_approved_double_unit_house_in_jinnah_garden_gas_pipeline_installed_water_supply_bore-52938114-1420-1.html,"Jinnah Gardens, FECHS",House,PKR3.4 Crore,6,7 Marla,For Sale,5,4 months ago,"FECHS, Islamabad, Islamabad Capital","Beautifully constructed 7 Marla (30x60) double-story, double-unit house available for sale in the highly desirable Jinnah Garden, Islamabad. 5 Spacious Bedrooms | 7 Modern Washrooms 2 Comfortable TV Lounges | 2 Fully Equipped Kitchens Drawing Room | Separate Servant Room Double Car Parking | All Doors Fully Solid Wood Bore Facility + Water Supply WAPDA Meter Installed Gas Line Available in the Street CDA Completion Certificate Available Direct Meeting with Owner Possible no middleman hassle! A perfect home with top-notch construction, peaceful surroundings, and all essential utilities ideal for families looking to move into a quality home in a prime location. Demand: 3.40 Crore Call now to schedule your visit and meet the owner directly!","Built in year: 2025, Parking Spaces: 2, Double Glazed Windows, Flooring, Electricity Backup, Waste Disposal, Floors: 2","Bedrooms: 5, Bathrooms: 7, Servant Quarters: 1, Drawing Room, Dining Room, Kitchens: 2, Study Room, Powder Room, Store Rooms: 2, Lounge or Sitting Room, Laundry Room","Broadband Internet Access, Satellite or Cable TV Ready, Intercom, Other Business and Communication Facilities","Community Lawn or Garden, Community Swimming Pool, Community Gym, First Aid or Medical Centre, Day Care Centre, Kids Play Area, Barbeque Area, Mosque, Community Centre",,"Nearby Schools, Nearby Hospitals, Nearby Shopping Malls, Nearby Restaurants, Distance From Airport (kms), Nearby Public Transport Service, Other Nearby Places","Maintenance Staff, Security Staff, Other Facilities",,,
https://www.zameen.com/Property/fechs_jinnah_gardens_7_marla_brand_new_1_5_story_lop_cleared_cda_approved_house_for_sale_in_jinnah_garden_near_expressway-52939080-1420-1.html,"Jinnah Gardens, FECHS",House,PKR2.65 Crore,4,8 Marla,For Sale,4,4 months ago,"FECHS, Islamabad, Islamabad Capital","Slightly 2 year used house 7 Marla (30x60) 1.5 Storyhouse available for sale in the highly desirable Jinnah Garden, Islamabad. 4 Spacious Bedrooms | 4 Modern Washrooms Comfortable TV Lounges | Fully Equipped Kitchens Drawing Room Double Car Parking | Bore Facility + Society 4 Tankers provide in 1200 Society Meter Installed Direct Meeting with Owner Possible no middleman hassle! A perfect home with top-notch construction,eaceful surroundings, and all essential utilities, ideal for families looking to move into a quality home in a prime location. Demand: 2.65 Crore Call now to schedule your visit and meet the owner directly! Kashmir chowk, Jinnah Garden, Islamabad Near Al-Razi Clinic Ground floor: 2 bedroom, 3 washrooms, drawing room (12x21), kitchen (10.5x12) Hall (12x18) First Floor: 2 bedrooms 1 washroom Tarice (6x20) Back side open area (35x30)","Built in year: 2025, Parking Spaces: 2, Double Glazed Windows, Central Air Conditioning, Central Heating, Flooring, Electricity Backup, Waste Disposal, Floors: 2, Other Main Features, Furnished","Bedrooms: 2, Bathrooms: 3, Servant Quarters: 1, Drawing Room, Dining Room, Kitchens: 1, Study Room, Prayer Room, Powder Room, Gym, Store Rooms: 1, Steam Room, Lounge or Sitting Room, Laundry Room, Other Rooms","Broadband Internet Access, Satellite or Cable TV Ready, Intercom, Other Business and Communication Facilities","Community Lawn or Garden, Community Swimming Pool, Community Gym, First Aid or Medical Centre, Day Care Centre, Kids Play Area, Barbeque Area, Mosque, Community Centre, Other Community Facilities","Lawn or Garden, Swimming Pool, Sauna, Jacuzzi, Other Healthcare and Recreation Facilities","Nearby Schools, Nearby Hospitals, Nearby Shopping Malls, Nearby Restaurants, Distance From Airport (kms), Nearby Public Transport Service, Other Nearby Places","Maintenance Staff, Security Staff, Facilities for Disabled, Other Facilities",,,
https://www.zameen.com/Property/fechs_jinnah_gardens_7_marla_brand_new_house_for_sale_in_jinnah_garden_lop_approved_original_pictures_attached-52948256-1420-1.html,"Jinnah Gardens, FECHS",House,PKR2.9 Crore,6,8 Marla,For Sale,5,4 months ago,"FECHS, Islamabad, Islamabad Capital","Location: Jinnah Garden Phase 1, Islamabad Plot Size: 30x60 (7 Marla) Status: Brand New | LOP Cleared | Ready For Possession Original Pictures Available Property Details: 4 Bedrooms With Attached Modern Bathrooms 2 Drawing Rooms TV Lounge 2 Kitchens (Open And Closed Options) Servant Room With Attached Bath Tile Flooring Throughout Electricity Installed Water Supply Available Prime Location Highlights: Located In A Well-Developed Block Of Jinnah Garden Phase 1 Near Mosque, Park, Market &Amp; School Peaceful And Secure Family Environment Direct Access From Islamabad Expressway Below Market Rate For A Brand New 7 Marla House With Quality Finishing Demand: 2.90Crore Offer Required Contact Now Best For Rental Income","Built in year: 2025, Parking Spaces: 2, Double Glazed Windows, Central Air Conditioning, Central Heating, Flooring, Electricity Backup, Waste Disposal, Floors: 2, Other Main Features","Bedrooms: 4, Bathrooms: 7, Servant Quarters: 1, Drawing Room, Dining Room, Kitchens: 2, Study Room, Prayer Room, Powder Room, Gym, Store Rooms: 1, Steam Room, Lounge or Sitting Room, Laundry Room","Broadband Internet Access, Satellite or Cable TV Ready, Intercom","Community Lawn or Garden, Community Swimming Pool, Community Gym, First Aid or Medical Centre, Day Care Centre, Kids Play Area, Barbeque Area, Mosque, Community Centre","Lawn or Garden, Swimming Pool, Sauna, Jacuzzi","Nearby Schools, Nearby Hospitals, Nearby Shopping Malls, Nearby Restaurants, Distance From Airport (kms), Nearby Public Transport Service, Other Nearby Places","Maintenance Staff, Security Staff, Facilities for Disabled, Other Facilities",,,
https://www.zameen.com/Property/dha_defence_phase_5_dha_phase_5_-_sector_f_8_marla_investor_price_brand_new_house_available_for_sale_in_sector_f_dha_phase-5_islamabad_direct_deal_with_owner-53133126-8836-1.html,"DHA Phase 5 - Sector F, DHA Defence Phase 5",House,PKR4.5 Crore,5,8 Marla,For Sale,5,5 months ago,"DHA Defence, Islamabad, Islamabad Capital","*8 Marla Investor price Brand New House Available For Sale in Sector F, DHA Phase-5 Islamabad* *Direct Deal With Owner *Front Open *Near To Park Mosque *Main Features* * Aesthetically designed layout * Easy access from Islamabad Express Way * Accommodation equal to 10 Marla house * Two independent portions. * Solid doors * Faisal and porta fixtures * Fully tilted bathrooms * Cannon hoods and nasgas stoves in kitchens * Media Wall * CCTV cameras installed *Accommodations* * Ground floor 2x bedroom with attached bath 1x powder room 1x kitchen 1x drawing and dining area 1x tv lounge 2x car parking * First floor 3x bedroom with attached bath 1x tv lounge 1x kitchen * Top roof 1x Servant quarter with attached bath.","Built in year: 2025, Parking Spaces: 2, Double Glazed Windows, Central Air Conditioning, Central Heating, Flooring, Electricity Backup, Waste Disposal, Floors, Other Main Features","Bedrooms: 5, Bathrooms: 5, Servant Quarters, Drawing Room, Dining Room, Kitchens: 2, Study Room, Prayer Room, Powder Room, Gym, Store Rooms, Steam Room, Lounge or Sitting Room, Laundry Room, Other Rooms","Broadband Internet Access, Satellite or Cable TV Ready, Intercom, Other Business and Communication Facilities","Community Lawn or Garden, Community Swimming Pool, Community Gym, First Aid or Medical Centre, Day Care Centre, Kids Play Area, Barbeque Area, Mosque, Community Centre, Other Community Facilities","Lawn or Garden, Swimming Pool, Sauna, Jacuzzi, Other Healthcare and Recreation Facilities","Nearby Schools, Nearby Hospitals, Nearby Shopping Malls, Nearby Restaurants, Distance From Airport (kms), Nearby Public Transport Service, Other Nearby Places","Maintenance Staff, Security Staff, Facilities for Disabled, Other Facilities",,,
https://www.zameen.com/Property/islamabad_i-11_beautiful_double_story_house_is_available_for_sale-52994612-706-1.html,"I-11, Islamabad",House,PKR3.8 Crore,5,6 Marla,For Sale,5,6 days ago,"I-11, Islamabad, Islamabad Capital",Sector I-11/2 Size 25x60 Beautiful Double Story House is available for Sale for the best investment of your future in reasonable price. Contact with us for more information.,"Built in year: 2025, Parking Spaces: 1, Double Glazed Windows, Central Air Conditioning, Central Heating, Flooring, Electricity Backup, Waste Disposal, Floors: 2, Other Main Features, Furnished","Bedrooms: 5, Bathrooms: 5, Servant Quarters: 1, Drawing Room, Dining Room, Kitchens: 2, Study Room, Prayer Room, Powder Room, Gym, Store Rooms, Steam Room, Lounge or Sitting Room, Laundry Room, Other Rooms","Broadband Internet Access, Satellite or Cable TV Ready, Intercom, Other Business and Communication Facilities","Community Lawn or Garden, Community Swimming Pool, Community Gym, First Aid or Medical Centre, Day Care Centre, Kids Play Area, Barbeque Area, Mosque, Community Centre, Other Community Facilities","Lawn or Garden, Swimming Pool, Sauna, Jacuzzi, Other Healthcare and Recreation Facilities","Nearby Schools, Nearby Hospitals, Nearby Shopping Malls, Nearby Restaurants, Distance From Airport (kms), Nearby Public Transport Service, Other Nearby Places","Maintenance Staff, Security Staff, Facilities for Disabled, Other Facilities",,,
https://www.zameen.com/Property/islamabad_g-11_warda_hamna_2_side_corner_front_facing_renovated_flat-53321062-168-1.html,"G-11, Islamabad",Flat,PKR3.4 Crore,2,8.2 Marla,For Sale,2,2 months ago,"G-11, Islamabad, Islamabad Capital",Warda Hamna Tower 1 CDA Transferred | 2 Side Corner | Brand New Apartment | Sun Face | South Open Details: 2 Bedrooms with Attached Bathrooms Drawing / Dining Room TV Lounge Store Room & Laundry Area Modern Kitchen Features & Amenities: CDA Transferred Ready for Immediate Possession 2 Side Corner Apartment Bright & Airy Family-Oriented Environment Play Area for Kids Caf & Masjid Inside Tower Underground Dedicated Car Parking 24/7 Security & CCTV Surveillance Location: Warda Hamna Tower 1 G-11/3 Prime CDA Sector,"Built in year: 2010, Parking Spaces: 1, Lobby in Building, Double Glazed Windows, Central Air Conditioning, Central Heating, Flooring, Electricity Backup, Waste Disposal, Floor: 6, Floors in Building: 6, Elevators: 4, Service Elevators in Building, Other Main Features, Furnished","Bedrooms: 2, Bathrooms: 2, Servant Quarters, Drawing Room, Dining Room, Kitchens, Study Room, Prayer Room, Powder Room, Gym, Store Rooms, Steam Room, Lounge or Sitting Room, Laundry Room, Other Rooms","Broadband Internet Access, Satellite or Cable TV Ready, Business Center or Media Room in Building, Conference Room in Building, Intercom, ATM Machines","Community Lawn or Garden, Community Swimming Pool, Community Gym, First Aid or Medical Centre, Day Care Centre, Kids Play Area, Barbeque Area, Mosque, Community Centre","Sauna, Jacuzzi",,"Maintenance Staff, Security Staff, Laundry or Dry Cleaning Facility, Communal/Shared Kitchen, Facilities for Disabled, Pets Allowed",,,
https://www.zameen.com/Property/bahria_enclave_bahria_enclave_-_sector_h_5_marla_front_back_open_house_for_sale_front_with_huge_sitting_area-53325291-11983-1.html,"Bahria Enclave - Sector H, Bahria Enclave",House,PKR2.5 Crore,4,5 Marla,For Sale,4,5 months ago,"Bahria Town, Islamabad, Islamabad Capital","5 Marla Front & Back Open House for Sale Discover your dream home with this beautifully designed 5 Marla front and back open house, offering excellent ventilation, natural light, and a peaceful environment. Property Features: Prime location with front & back open design for maximum airflow Spacious 34 bedrooms with attached baths Modern kitchen and stylish TV lounge Elegant drawing/dining area Car porch and open terrace High-quality construction & premium fittings Near to park, mosque, and commercial area Location: Bahria Enclave, Islamabad","Built in year: 2024, Parking Spaces: 1, Double Glazed Windows, Central Air Conditioning, Flooring, Electricity Backup, Waste Disposal, Floors: 2","Bedrooms: 3, Bathrooms: 4, Servant Quarters: 1, Drawing Room, Dining Room, Kitchens: 1, Store Rooms: 1, Lounge or Sitting Room, Laundry Room","Broadband Internet Access, Satellite or Cable TV Ready","Community Lawn or Garden, First Aid or Medical Centre, Day Care Centre, Kids Play Area, Barbeque Area, Mosque, Community Centre",Lawn or Garden,"Nearby Schools, Nearby Hospitals, Nearby Shopping Malls, Nearby Restaurants, Distance From Airport (kms), Nearby Public Transport Service","Maintenance Staff, Security Staff, Facilities for Disabled",,,
https://www.zameen.com/Property/jinnah_gardens_jinnah_gardens_phase_1_beautiful_brand_new_house_for_sale_single_story_brand_new_designer_house_islamabad-53319795-1421-1.html,"Jinnah Gardens Phase 1, Jinnah Gardens",House,PKR2.25 Crore,3,7 Marla,For Sale,2,6 days ago,"FECHS, Islamabad, Islamabad Capital","House For Sale! . Size : 7 Marla ( 30*60 ) Location : Jinnah Garden Phase - 1 . ( Single Story House ) . ( Beautiful Location ) ( Near Mosque, Park, Market & Islamabad National Highway ) . ( Beautiful & Easy Approach ) . Bedrooms : 2 Bathrooms : 3 Tv Lounge : 1 Kitchen : 1 Drawing Room : 1 Laundry Space Car Porch . ( Designer House ) ( Strong Construction ) . ( Water Bore Installed )* . ( Family Environment ) ( 247 Security Services ) ( Peaceful Location ) . ( * Direct Meeting With Owner * ) ( Only Serious Buyers Required ) . Demand : 2 Crore 25 Lac.",,,,,,"Nearby Schools, Nearby Hospitals, Nearby Shopping Malls, Nearby Restaurants, Distance From Airport (kms), Nearby Public Transport Service, Other Nearby Places","Security Staff, Other Facilities",,,
https://www.zameen.com/Property/faisal_town_phase_1_faisal_town_phase_1_-_block_c_8_marla_brand_new_double_unit_house_available_for_sale_in_faisal_town_f-18_islamabad-53324689-16418-1.html,"Faisal Town Phase 1 - Block C, Faisal Town Phase 1",House,PKR3.5 Crore,6,8 Marla,For Sale,6,1 week ago,"Faisal Town - F-18, Islamabad, Islamabad Capital","8 Marla Double Unit House Available. For Sale in Faisal Town F-18 Islamabad. House Size 30*60. Luxury house A+ construction Double Story. Double Unit. Near to masque 6 Bedrooms. 6 Baths. 2 Drawing Dining. 2 Kitchen. Mumty + Washroom. Car Parking Space. Gas, Water Available Water Bore. Double Unit Investor Rate Ideal Location. Reasonable Price. Faisal Town F-18 is a Good Society for Residence. Because Neat and Clean. 24 Hours Security. All Basic and Necessary Facilities Available. Interested People Can Contact Easily.","Built in year: 2025, Parking Spaces: 1, Double Glazed Windows, Central Air Conditioning, Central Heating, Flooring, Electricity Backup, Waste Disposal, Floors: 2, Other Main Features","Bedrooms: 5, Bathrooms: 6, Servant Quarters: 1, Drawing Room, Dining Room, Kitchens: 2, Study Room, Prayer Room, Powder Room, Store Rooms: 1, Steam Room, Lounge or Sitting Room, Laundry Room, Other Rooms","Broadband Internet Access, Satellite or Cable TV Ready, Intercom","Community Lawn or Garden, Community Swimming Pool, Community Gym, First Aid or Medical Centre, Day Care Centre, Kids Play Area, Barbeque Area, Mosque, Community Centre","Lawn or Garden, Swimming Pool, Other Healthcare and Recreation Facilities","Nearby Schools, Nearby Hospitals, Nearby Shopping Malls, Nearby Restaurants, Distance From Airport (kms), Nearby Public Transport Service, Other Nearby Places","Maintenance Staff, Security Staff, Facilities for Disabled, Other Facilities",,,
https://www.zameen.com/Property/islamabad_d-12_beautiful_location_highted_house_for_sale_dead_end_street_solid_house-53312999-160-1.html,"D-12, Islamabad",House,PKR13.5 Crore,6,14 Marla,For Sale,6,4 months ago,"D-12, Islamabad, Islamabad Capital",BEAUTIFUL LOCATION EASY APPROACH SUN FACE SOLID CONSTRUCTION OWNER BUILD HOUSE BEST OPTION,"Built in year: 1, Parking Spaces: 2, Double Glazed Windows, Central Air Conditioning, Central Heating, Flooring, Electricity Backup, Waste Disposal, Floors: 3, Other Main Features","Bedrooms: 6, Bathrooms: 6, Servant Quarters: 1, Drawing Room, Dining Room, Kitchens: 2, Study Room, Prayer Room, Powder Room, Gym, Store Rooms: 2, Steam Room, Lounge or Sitting Room, Laundry Room, Other Rooms","Broadband Internet Access, Satellite or Cable TV Ready, Intercom, Other Business and Communication Facilities","Community Lawn or Garden, Community Swimming Pool, Community Gym, First Aid or Medical Centre, Day Care Centre, Kids Play Area, Barbeque Area, Mosque, Community Centre, Other Community Facilities","Lawn or Garden, Swimming Pool, Sauna, Jacuzzi, Other Healthcare and Recreation Facilities","Nearby Schools, Nearby Hospitals, Nearby Shopping Malls, Nearby Restaurants, Distance From Airport (kms), Nearby Public Transport Service, Other Nearby Places","Maintenance Staff, Security Staff, Facilities for Disabled, Other Facilities",,,
https://www.zameen.com/Property/f_11_f-11_4_f-11_4_dead_end_street_storey_house_for_sale-52016355-3285-1.html,"F-11/4, F-11",House,PKR18.5 Crore,6,1 Kanal,For Sale,5,6 days ago,"F-11, Islamabad, Islamabad Capital",F-11/4 Storey Dead End Street House For Sale Size (50*90) 500 Square Yards 5 Bed Room Attcah Bath Drawing Room Dinibg 2 Tv Lounge Store And Servant quarter 2 Car Parking,"Built in year: 2010, Parking Spaces: 5, Double Glazed Windows, Central Air Conditioning, Central Heating, Flooring, Electricity Backup, Waste Disposal, Floors: 3, Other Main Features, Furnished","Bedrooms: 7, Bathrooms: 7, Servant Quarters: 2, Drawing Room, Dining Room, Kitchens: 2, Study Room, Prayer Room, Powder Room, Gym, Store Rooms: 1, Steam Room, Lounge or Sitting Room, Laundry Room, Other Rooms","Broadband Internet Access, Satellite or Cable TV Ready, Intercom, Other Business and Communication Facilities","Community Lawn or Garden, Community Swimming Pool, Community Gym, First Aid or Medical Centre, Day Care Centre, Kids Play Area, Barbeque Area, Mosque, Community Centre, Other Community Facilities","Lawn or Garden, Swimming Pool, Sauna, Jacuzzi, Other Healthcare and Recreation Facilities","Nearby Schools, Nearby Hospitals, Nearby Shopping Malls, Nearby Restaurants, Distance From Airport (kms), Nearby Public Transport Service, Other Nearby Places","Maintenance Staff, Security Staff, Facilities for Disabled, Other Facilities",,,
https://www.zameen.com/Property/f_10_f-10_1_1022_sq_yard_proper_duplex_house_in_close_end_street_f-10_1-45965626-3276-1.html,"F-10/1, F-10",House,PKR35 Crore,6,2.3 Kanal,For Sale,6,1 week ago,"F-10, Islamabad, Islamabad Capital",Its a proper Duplex House 5 bed rooms in house 2 kitchens in each house the house is at very good location its a very solid and CDA transfer 100% confirm for sale Note: pictures or video are not allowed from owner. Note:(estate Agents Are Not Allowed) just visit on sight and done the deal for more information call me Just Please ovoid of text and dealers bro. .,"Built in year: 2010, Parking Spaces: 12, Double Glazed Windows, Central Air Conditioning, Central Heating, Flooring, Electricity Backup, Waste Disposal, Floors: 2, Other Main Features, Furnished","Bedrooms: 10, Bathrooms: 12, Servant Quarters: 4, Drawing Room, Dining Room, Kitchens: 4, Study Room, Prayer Room, Powder Room, Gym, Store Rooms: 2, Steam Room, Lounge or Sitting Room, Laundry Room, Other Rooms","Broadband Internet Access, Satellite or Cable TV Ready, Intercom, Other Business and Communication Facilities","Community Lawn or Garden, Community Swimming Pool, Community Gym, First Aid or Medical Centre, Day Care Centre, Kids Play Area, Barbeque Area, Mosque, Community Centre, Other Community Facilities","Lawn or Garden, Swimming Pool, Sauna, Jacuzzi, Other Healthcare and Recreation Facilities","Nearby Schools, Nearby Hospitals, Nearby Shopping Malls, Nearby Restaurants, Distance From Airport (kms), Nearby Public Transport Service, Other Nearby Places","Maintenance Staff, Security Staff, Facilities for Disabled, Other Facilities",,,
https://www.zameen.com/Property/f_11_f-11_1_f11-1_666_sq_yard_very_prime_location_house-41606495-3282-1.html,"F-11/1, F-11",House,PKR18 Crore,5,1.3 Kanal,For Sale,4,3 months ago,"F-11, Islamabad, Islamabad Capital",F11-1 666 Gaze Very Prime Location Out Of Market House 4 Bed Room 5 Wash Room 2 Servant Quarter 2 Kitchen Drawing Dining Tv Louche Two Side Huge Parking Asking Price 17 Crore Pkr Feel Free Pls Contact Us.,"Built in year: 2005, Double Glazed Windows, Central Air Conditioning, Central Heating, Flooring, Electricity Backup, Waste Disposal, Floors, Other Main Features, Furnished","Bedrooms: 4, Bathrooms: 4, Servant Quarters: 2, Drawing Room, Dining Room, Kitchens: 2, Study Room, Prayer Room, Powder Room, Gym, Store Rooms: 2, Steam Room, Lounge or Sitting Room, Laundry Room, Other Rooms","Broadband Internet Access, Satellite or Cable TV Ready, Intercom, Other Business and Communication Facilities","Community Lawn or Garden, Community Swimming Pool, Community Gym, First Aid or Medical Centre, Day Care Centre, Kids Play Area, Barbeque Area, Mosque, Community Centre, Other Community Facilities","Lawn or Garden, Swimming Pool, Sauna, Jacuzzi, Other Healthcare and Recreation Facilities","Nearby Schools, Nearby Hospitals, Nearby Shopping Malls, Nearby Restaurants, Distance From Airport (kms), Nearby Public Transport Service, Other Nearby Places","Security Staff, Facilities for Disabled, Other Facilities",,,
https://www.zameen.com/Property/f_10_f-10_1_f-10-1_duplex_house_511_squired_yard-47592578-3276-1.html,"F-10/1, F-10",House,PKR16 Crore,6,1 Kanal,For Sale,5,1 month ago,"F-10, Islamabad, Islamabad Capital",F-10-1 Duplex House 511 Squired Yard Margallah Facing 5 Bed Room 6 bath Room With Beautiful Kitchens Huge Car Parking Servant Rooms Its Very Prime Locations We Deals With The Investor Price For Further Details Pls Contact Us.,"Built in year: 2010, Parking Spaces: 4, Double Glazed Windows, Central Air Conditioning, Central Heating, Flooring, Electricity Backup, Waste Disposal, Floors: 2, Other Main Features, Furnished","Bedrooms: 5, Bathrooms: 6, Servant Quarters: 2, Drawing Room, Dining Room, Kitchens: 2, Study Room, Prayer Room, Powder Room, Gym, Store Rooms: 1, Steam Room, Lounge or Sitting Room, Laundry Room, Other Rooms","Broadband Internet Access, Satellite or Cable TV Ready, Intercom, Other Business and Communication Facilities","Community Lawn or Garden, Community Swimming Pool, Community Gym, First Aid or Medical Centre, Day Care Centre, Kids Play Area, Barbeque Area, Mosque, Community Centre, Other Community Facilities","Lawn or Garden, Swimming Pool, Sauna, Jacuzzi, Other Healthcare and Recreation Facilities","Nearby Schools, Nearby Hospitals, Nearby Shopping Malls, Nearby Restaurants, Distance From Airport (kms), Nearby Public Transport Service, Other Nearby Places","Maintenance Staff, Security Staff, Facilities for Disabled, Other Facilities",,,
https://www.zameen.com/Property/f_10_f-10_1_f-10_duplex_house_for_sale_prime_location_double_storey_5_beds-49389642-3276-1.html,"F-10/1, F-10",House,PKR17.5 Crore,6,1 Kanal,For Sale,5,23 hours ago,"F-10, Islamabad, Islamabad Capital",Duplex Double Storey House For Sale Prime Location Size (40+115) 500 Square Yards 5 Beds With Bath 2 Living Room Drawing Room Dining Servant Quarter 4 Car Parking Feel Free To Contact,"Built in year: 2010, Parking Spaces: 6, Double Glazed Windows, Central Air Conditioning, Central Heating, Flooring, Electricity Backup, Waste Disposal, Floors: 3, Other Main Features, Furnished","Bedrooms: 1, Bathrooms: 1, Servant Quarters: 1, Drawing Room, Dining Room, Kitchens: 1, Study Room, Prayer Room, Powder Room, Gym, Store Rooms: 1, Steam Room, Lounge or Sitting Room, Laundry Room, Other Rooms","Broadband Internet Access, Satellite or Cable TV Ready, Intercom, Other Business and Communication Facilities","Community Lawn or Garden, Community Swimming Pool, Community Gym, First Aid or Medical Centre, Day Care Centre, Kids Play Area, Barbeque Area, Mosque, Community Centre, Other Community Facilities","Lawn or Garden, Swimming Pool, Sauna, Jacuzzi, Other Healthcare and Recreation Facilities","Nearby Schools, Nearby Hospitals, Nearby Shopping Malls, Nearby Restaurants, Distance From Airport (kms), Nearby Public Transport Service, Other Nearby Places","Maintenance Staff, Security Staff, Facilities for Disabled, Other Facilities",,,
https://www.zameen.com/Property/fechs_jinnah_gardens_7_marla_brand_new_lop_cleared_house_for_sale_in_jinnah_garden_meeting_with_owner-52540869-1420-1.html,"Jinnah Gardens, FECHS",House,PKR3.25 Crore,6,8 Marla,For Sale,5,4 months ago,"FECHS, Islamabad, Islamabad Capital","Jinnah Garden phase 1 Islamabad Wapda Electric Meter Water society CDA Approval CDA Compeletion Sun face A Grade construction Location: Prime Block, Jinnah Garden, Islamabad Size: 7 Marla Status: LOP Cleared Water Bore: Installed 24/7 Water Availability Condition: Solid Construction, Owner Built Accommodation Includes: 5 Spacious Bedrooms 6 Modern Bathrooms 2 Stylish Kitchens (1 on each floor) 2 TV Lounges Drawing & Dining Room Wide Car Porch Laundry Area Store Room Terrace & Balcony Key Features: Electricity and Bore Water Available Elegant Tile Flooring Quality Woodwork & Fittings Peaceful & Secure Neighborhood Ideal for Families and Investors Nearby Amenities: Schools, Mosques, Parks, and Markets Nearby 5 Minutes Drive to Islamabad Expressway Sample Pictures Contact Now #MediaTown #Jinnahgarden #bahriatown #pwd #imaratdowntown #capitalenclave #navalanchorage #islamabad #properties #immarat #downtown","Built in year: 2025, Parking Spaces, Double Glazed Windows, Central Air Conditioning, Central Heating, Flooring, Electricity Backup, Waste Disposal, Floors: 3, Other Main Features, Furnished","Bedrooms: 4, Bathrooms: 6, Servant Quarters: 1, Drawing Room, Dining Room, Kitchens: 2, Study Room, Prayer Room, Powder Room, Gym, Store Rooms: 1, Steam Room, Lounge or Sitting Room, Laundry Room, Other Rooms","Broadband Internet Access, Satellite or Cable TV Ready, Intercom, Other Business and Communication Facilities","Community Lawn or Garden, Community Swimming Pool, Community Gym, First Aid or Medical Centre, Day Care Centre, Kids Play Area, Barbeque Area, Mosque, Community Centre, Other Community Facilities","Lawn or Garden, Swimming Pool, Sauna, Jacuzzi, Other Healthcare and Recreation Facilities","Nearby Schools, Nearby Hospitals, Nearby Shopping Malls, Nearby Restaurants, Distance From Airport (kms), Nearby Public Transport Service, Other Nearby Places","Maintenance Staff, Security Staff, Facilities for Disabled, Other Facilities",,,
https://www.zameen.com/Property/g_16_g-16_4_1_kanal_house_g-16_miechs_for_sale-43788560-3355-1.html,"G-16/4, G-16",House,PKR6.75 Crore,6,1 Kanal,For Sale,7,3 days ago,"G-16, Islamabad, Islamabad Capital","1 Kanal 50x90 Double Storey / Unit Designer House Available for SALE 7 Bed 7 bath 2 Dirty Kitchen + 2 Main Kitchen 2 Drawing + 2 Dining 2 Tv Lounge 1 Big Size room in roof witb kitchen bath Imported Tiles Baths Tile Flooring For more information please contact me AHMED REAL ESTATE Main Double Road G-16 Your's desired House is up for sale. Don't miss this chance. We've just got the perfect deal for you. Your search for 4500 Square Feet property is now over. Check out listings now. Of all the attractions of this property, its price-tag of Rs. 70000000 is perhaps the most important one. A modern lifestyle awaits you in G-16/4. Looking for a long-term investment option in Islamabad? Here are some options. To get to more details on the property, some of its features are given below. Your family time just got better with the airy sitting room that comes with this House. Differently-abled people will find this House easy to navigate, as it is developed to incorporate their needs. Make washing fun again with a well-designed and spacious laundry room in the House. The House has a Jamiah mosque at a convenient walking distance from it. 24/7 waste disposal services ensures the society looks and feels clean. The property comes with a private drawing and dining room for when you have company. Kids can freely play at the garden near the House. We are only a call away to guide you to make the best property decisions of your life.","Built in year: 2023, Parking Spaces: 2, Double Glazed Windows, Central Air Conditioning, Central Heating, Flooring, Electricity Backup, Waste Disposal, Floors, Other Main Features, Furnished","Bedrooms: 5, Bathrooms: 5, Servant Quarters: 1, Drawing Room, Dining Room, Kitchens: 3, Study Room, Prayer Room, Powder Room, Gym, Store Rooms: 1, Steam Room, Lounge or Sitting Room, Laundry Room, Other Rooms","Broadband Internet Access, Satellite or Cable TV Ready, Intercom, Other Business and Communication Facilities","Community Lawn or Garden, Community Swimming Pool, Community Gym, First Aid or Medical Centre, Day Care Centre, Kids Play Area, Barbeque Area, Mosque, Community Centre, Other Community Facilities","Lawn or Garden, Swimming Pool, Sauna, Jacuzzi, Other Healthcare and Recreation Facilities","Nearby Schools, Nearby Hospitals, Nearby Shopping Malls, Nearby Restaurants, Distance From Airport (kms), Nearby Public Transport Service, Other Nearby Places","Maintenance Staff, Security Staff, Facilities for Disabled, Other Facilities",,,
https://www.zameen.com/Property/dha_defence_dha_defence_phase_2_dha2_one_kanal_brand_new_luxurious_designer_house-52911314-339-1.html,"DHA Defence Phase 2, DHA Defence",House,PKR11.9 Crore,6,1 Kanal,For Sale,5,2 days ago,"DHA Defence, Islamabad, Islamabad Capital",Dha2 one kanal Brand new Luxurious Designer House prime location of Dha2,"Built in year: 2025, Parking Spaces: 3, Double Glazed Windows, Central Air Conditioning, Flooring, Electricity Backup, Waste Disposal, Floors: 2, Other Main Features","Bedrooms: 5, Bathrooms: 7, Servant Quarters: 2, Drawing Room, Dining Room, Kitchens: 2, Study Room, Prayer Room, Powder Room, Gym, Store Rooms: 2, Steam Room, Lounge or Sitting Room, Laundry Room, Other Rooms","Broadband Internet Access, Satellite or Cable TV Ready, Intercom, Other Business and Communication Facilities","Community Lawn or Garden, Community Swimming Pool, Community Gym, First Aid or Medical Centre, Day Care Centre, Kids Play Area, Barbeque Area, Mosque, Community Centre, Other Community Facilities","Lawn or Garden, Swimming Pool, Sauna, Jacuzzi, Other Healthcare and Recreation Facilities","Nearby Schools, Nearby Hospitals, Nearby Shopping Malls, Nearby Restaurants, Distance From Airport (kms), Nearby Public Transport Service, Other Nearby Places","Maintenance Staff, Security Staff, Facilities for Disabled, Other Facilities",,,
https://www.zameen.com/Property/dha_defence_dha_defence_phase_2_dha_2_one_kanal_brand_new_designer_house-52508621-339-1.html,"DHA Defence Phase 2, DHA Defence",House,PKR9.9 Crore,6,1 Kanal,For Sale,6,16 hours ago,"DHA Defence, Islamabad, Islamabad Capital",Dha2 one kanal Brand new Designer House owner Built House,"Built in year: 2025, Parking Spaces: 3, Double Glazed Windows, Central Air Conditioning, Central Heating, Flooring, Electricity Backup, Waste Disposal, Floors: 2, Other Main Features","Bedrooms: 6, Bathrooms: 8, Servant Quarters: 2, Drawing Room, Dining Room, Kitchens: 2, Study Room, Prayer Room, Powder Room, Gym, Store Rooms: 2, Steam Room, Lounge or Sitting Room, Laundry Room, Other Rooms","Broadband Internet Access, Satellite or Cable TV Ready, Intercom, Other Business and Communication Facilities","Community Lawn or Garden, Community Swimming Pool, Community Gym, First Aid or Medical Centre, Day Care Centre, Kids Play Area, Barbeque Area, Mosque, Community Centre, Other Community Facilities","Lawn or Garden, Swimming Pool, Sauna, Jacuzzi, Other Healthcare and Recreation Facilities","Nearby Schools, Nearby Hospitals, Nearby Shopping Malls, Nearby Restaurants, Distance From Airport (kms), Nearby Public Transport Service, Other Nearby Places","Maintenance Staff, Security Staff, Facilities for Disabled, Other Facilities",,,
https://www.zameen.com/Property/dha_defence_dha_defence_phase_2_dha_2_one_kanal_brand_new_designer_house-52509406-339-1.html,"DHA Defence Phase 2, DHA Defence",House,PKR12.9 Crore,6,1 Kanal,For Sale,5,2 days ago,"DHA Defence, Islamabad, Islamabad Capital",Dha2 One Kanal Brand New Luxurious Designer House Prime Location Of Dha2,"Built in year: 2024, Parking Spaces: 3, Double Glazed Windows, Central Air Conditioning, Central Heating, Flooring, Electricity Backup, Waste Disposal, Floors: 2, Other Main Features, Furnished","Bedrooms: 5, Bathrooms: 7, Servant Quarters: 2, Drawing Room, Dining Room, Kitchens: 2, Study Room, Prayer Room, Powder Room, Gym, Store Rooms: 2, Steam Room, Lounge or Sitting Room, Laundry Room, Other Rooms","Broadband Internet Access, Satellite or Cable TV Ready, Intercom, Other Business and Communication Facilities","Community Lawn or Garden, Community Swimming Pool, Community Gym, First Aid or Medical Centre, Day Care Centre, Kids Play Area, Barbeque Area, Mosque, Community Centre, Other Community Facilities","Lawn or Garden, Swimming Pool, Sauna, Jacuzzi, Other Healthcare and Recreation Facilities","Nearby Schools, Nearby Hospitals, Nearby Shopping Malls, Nearby Restaurants, Distance From Airport (kms), Nearby Public Transport Service, Other Nearby Places","Maintenance Staff, Security Staff, Facilities for Disabled, Other Facilities",,,
https://www.zameen.com/Property/dha_defence_dha_defence_phase_2_dha_2_one_kanal_brand_new_designer_house_prime_location_of_dha_2-52508698-339-1.html,"DHA Defence Phase 2, DHA Defence",House,PKR13.9 Crore,6,1 Kanal,For Sale,6,6 days ago,"DHA Defence, Islamabad, Islamabad Capital",Dha2 One Kanal Brand New Designer House Prime Location Of Dha2 Owner Built House,"Built in year: 2025, Parking Spaces: 3, Double Glazed Windows, Central Air Conditioning, Central Heating, Flooring, Electricity Backup, Waste Disposal, Floors: 2, Other Main Features, Furnished","Bedrooms: 6, Bathrooms: 7, Servant Quarters: 2, Drawing Room, Dining Room, Kitchens: 2, Study Room, Prayer Room, Powder Room, Gym, Store Rooms: 2, Steam Room, Lounge or Sitting Room, Laundry Room, Other Rooms","Broadband Internet Access, Satellite or Cable TV Ready, Intercom, Other Business and Communication Facilities","Community Lawn or Garden, Community Swimming Pool, Community Gym, First Aid or Medical Centre, Day Care Centre, Kids Play Area, Barbeque Area, Mosque, Community Centre, Other Community Facilities","Lawn or Garden, Swimming Pool, Sauna, Jacuzzi, Other Healthcare and Recreation Facilities","Nearby Schools, Nearby Hospitals, Nearby Shopping Malls, Nearby Restaurants, Distance From Airport (kms), Nearby Public Transport Service, Other Nearby Places","Maintenance Staff, Security Staff, Facilities for Disabled, Other Facilities",,,
https://www.zameen.com/Property/islamabad_e-11_400_yards_triple_storey_house_for_sale_in_e11_2-53108838-329-1.html,"E-11, Islamabad",House,PKR9 Crore,6,16 Marla,For Sale,7,2 months ago,"E-11, Islamabad, Islamabad Capital",400 Yards Basement 2 Rooms For Servants 1st Floor 3 Beds With Bath Tv Lounge Drawing Same 1st Floor Servant 2nd Floor All Basic Facilities Are Available Original Pics Attached,"Built in year: 2025, Parking Spaces: 4, Double Glazed Windows, Central Air Conditioning, Central Heating, Flooring, Electricity Backup, Waste Disposal, Floors: 2, Other Main Features, Furnished","Bedrooms: 7, Bathrooms: 8, Servant Quarters: 3, Drawing Room, Dining Room, Kitchens: 2, Study Room, Prayer Room, Powder Room, Gym, Store Rooms: 1, Steam Room, Lounge or Sitting Room, Laundry Room, Other Rooms","Broadband Internet Access, Satellite or Cable TV Ready, Intercom, Other Business and Communication Facilities","Community Lawn or Garden, Community Swimming Pool, Community Gym, First Aid or Medical Centre, Day Care Centre, Kids Play Area, Barbeque Area, Mosque, Community Centre, Other Community Facilities","Lawn or Garden, Swimming Pool, Sauna, Jacuzzi, Other Healthcare and Recreation Facilities","Nearby Schools, Nearby Hospitals, Nearby Shopping Malls, Nearby Restaurants, Distance From Airport (kms), Nearby Public Transport Service, Other Nearby Places","Maintenance Staff, Security Staff, Facilities for Disabled, Other Facilities",,,
https://www.zameen.com/Property/i_16_i-16_3_residential_flats_for_sale-53275651-3437-1.html,"I-16/3, I-16",Flat,PKR1.05 Crore,4,6.6 Marla,For Sale,4,5 months ago,"I-16, Islamabad, Islamabad Capital",PHA FLAT i16 B type 1496 sq ft 4 Bed 4 Bath Kitchen TV Lounch store Gas water electricity Stairs Lift and Market there are all facilities available for more details please contact us,"Parking Spaces: 2, Lobby in Building, Flooring, Electricity Backup, Waste Disposal, Floors in Building: 1, Other Main Features",,"Broadband Internet Access, Satellite or Cable TV Ready, Business Center or Media Room in Building, Conference Room in Building, Intercom, ATM Machines","Community Lawn or Garden, Community Swimming Pool, Community Gym, First Aid or Medical Centre, Day Care Centre, Kids Play Area, Barbeque Area, Mosque, Community Centre",,"Nearby Schools, Nearby Hospitals, Nearby Shopping Malls, Nearby Restaurants, Distance From Airport (kms), Nearby Public Transport Service, Other Nearby Places",,,,
https://www.zameen.com/Property/islamabad_g-9_40x80_house_for_sale_near_9th_avenue-53273017-171-1.html,"G-9, Islamabad",House,PKR9.5 Crore,6,14.2 Marla,For Sale,6,6 days ago,"G-9, Islamabad, Islamabad Capital","aoa dear sir. we have plots in park road housing scheme. . . if you need good option or advice for purchase and sale plots . . plz contct feel free . . . we are here. . . . . zawiya enterprises is an established real estate consultancy offering advisory services to investors and individuals alike, since year 2000. We are known as a reliable service provider in all aspects of real estate business from commercial to the residential and from large scale deals for the housing societies to high-rise building projects in ICT, Bahria town, DHA, Gulberg and other leading societies in and around the Twin cities. we are a registered with real estate association and with FBR. we cater all the requirements of our worthy clients from verification of the documents of land/ plot/ building to the process of NOC (WHERE REQUIRED) till the handing over and completion of transfer to the satisfaction of the client in a most transparent manner. In addition we render most profitable deals from our inventory at a lowest service charges. To offer best opportunities and safeguard your capital is our sole philosophy as we look in the value against money for our service to you and desire for a long term relationship. . . .","Built in year: 1990, Parking Spaces: 3, Double Glazed Windows, Central Air Conditioning, Central Heating, Flooring, Electricity Backup, Waste Disposal, Floors: 2, Other Main Features, Furnished","Bedrooms: 6, Bathrooms: 6, Servant Quarters: 1, Drawing Room, Dining Room, Kitchens: 2, Powder Room, Store Rooms: 1, Lounge or Sitting Room, Laundry Room, Other Rooms","Broadband Internet Access, Satellite or Cable TV Ready, Intercom, Other Business and Communication Facilities","Community Lawn or Garden, Community Swimming Pool, Community Gym, First Aid or Medical Centre, Day Care Centre, Kids Play Area, Barbeque Area, Mosque, Community Centre, Other Community Facilities","Lawn or Garden, Sauna, Jacuzzi, Other Healthcare and Recreation Facilities","Nearby Schools, Nearby Hospitals, Nearby Shopping Malls, Nearby Restaurants, Distance From Airport (kms), Nearby Public Transport Service, Other Nearby Places","Maintenance Staff, Security Staff, Facilities for Disabled, Other Facilities",,,
https://www.zameen.com/Property/islamabad_g-11_proper_corner_apartment_for_sale_in_the_arch_g11_3-53011871-168-1.html,"G-11, Islamabad",Flat,PKR4.4 Crore,3,9.3 Marla,For Sale,3,1 week ago,"G-11, Islamabad, Islamabad Capital",3 Bed With Attached Washrooms 1 Store Room Proper Corner New Building Masjid Gym Available Very Maintained Apartment Origal Pics Attached With 5 Air Condition Installed,"Built in year: 2025, Parking Spaces: 2, Lobby in Building, Double Glazed Windows, Central Air Conditioning, Central Heating, Flooring, Electricity Backup, Waste Disposal, Floor: 4, Floors in Building: 10, Elevators: 6, Service Elevators in Building, Other Main Features, Furnished","Bedrooms: 4, Bathrooms: 3, Servant Quarters: 1, Drawing Room, Dining Room, Kitchens: 1, Study Room, Prayer Room, Powder Room, Gym, Store Rooms: 1, Steam Room, Lounge or Sitting Room, Laundry Room, Other Rooms","Broadband Internet Access, Satellite or Cable TV Ready, Business Center or Media Room in Building, Conference Room in Building, Intercom, ATM Machines, Other Business and Communication Facilities","Community Lawn or Garden, Community Swimming Pool, Community Gym, First Aid or Medical Centre, Day Care Centre, Kids Play Area, Barbeque Area, Mosque, Community Centre, Other Community Facilities","Sauna, Jacuzzi, Other Healthcare and Recreation Facilities","Nearby Schools, Nearby Hospitals, Nearby Shopping Malls, Nearby Restaurants, Distance From Airport (kms), Nearby Public Transport Service, Other Nearby Places","Maintenance Staff, Security Staff, Facilities for Disabled, Other Facilities",,,
https://www.zameen.com/Property/top_city_1_top_city_1_-_block_a_10_marla_brand_new_house_for_sale_in_top_city-1_islamabad-51961114-9231-1.html,"Top City 1 - Block A, Top City 1",House,PKR4 Crore,6,10 Marla,For Sale,5,4 days ago,"Top City 1, Islamabad, Islamabad Capital","Brand New 10 Marla House For Sale In Topcity-1 We Are Pleased To Offer This Meticulously Designed And Brand New 10 Marla House, Located In A Prime Residential Area. This Modern Home Combines Elegance, Functionality, And Comfort, Making It The Ideal Choice For Families Looking For A Luxurious Living Experience. Key Features: Spacious Layout: The House Features A Well-Planned Layout With Large Living Spaces, Including 5 Bedrooms, 6 Bathrooms, A Study Room, And A Spacious Drawing And Dining Area. High-Quality Finishes: Premium Materials Have Been Used Throughout, Including High-End Tiles, Wooden Flooring, And Top-Quality Fixtures. Modern Kitchen: A Fully Equipped, Contemporary Kitchen With Modern Appliances, Sleek Cabinetry, And Ample Counter Space. Contemporary Design: The House Boasts A Stylish And Modern Facade With Large Windows, Allowing For Plenty Of Natural Light. Prime Location: Situated In A Highly Sought-After Neighborhood, With Easy Access To Major Roads, Schools, Hospitals, Shopping Centers, And Other Amenities. Parking &Amp; Security: Spacious Car Parking Area With Secure Boundary Walls And 24/7 Security For Peace Of Mind. This Brand New 10 Marla House Is An Excellent Opportunity For Those Seeking A Comfortable And Luxurious Home. Don'T Miss Out On The Chance To Purchase This House! For More Details Or To Schedule A Viewing, Please Contact Us.","Parking Spaces, Double Glazed Windows, Central Air Conditioning, Central Heating, Flooring, Electricity Backup, Floors: 2, Other Main Features","Bedrooms, Bathrooms, Servant Quarters, Drawing Room, Dining Room, Kitchens, Study Room, Prayer Room, Store Rooms, Other Rooms",Other Business and Communication Facilities,"Community Lawn or Garden, Community Swimming Pool, Community Gym, First Aid or Medical Centre, Day Care Centre, Kids Play Area, Barbeque Area, Mosque, Community Centre, Other Community Facilities",Lawn or Garden,"Nearby Schools, Nearby Hospitals, Nearby Shopping Malls, Nearby Restaurants, Distance From Airport (kms), Nearby Public Transport Service, Other Nearby Places","Security Staff, Other Facilities",,,
https://www.zameen.com/Property/islamabad_e-18_well-constructed_prime_location_house_available_for_sale_in_e-18-53322497-332-1.html,"E-18, Islamabad",House,PKR2.35 Crore,5,7 Marla,For Sale,5,5 months ago,"E-18, Islamabad, Islamabad Capital",House for sale Size 33*55/7M Brand New house 5 bedroom 2 drawingroom TV launch 7 attach washroom 2 kitchen with mumtey storroom 2car space Location Gulshan E Sehat E18 islamabad House #200 main Shahara sahet . Underground water and gas metre application except and bijli metre done,"Parking Spaces: 2, Flooring, Waste Disposal","Bedrooms: 5, Bathrooms: 5, Drawing Room, Dining Room, Kitchens: 2, Store Rooms: 1, Lounge or Sitting Room","Broadband Internet Access, Satellite or Cable TV Ready, Intercom","Community Lawn or Garden, Community Swimming Pool, Community Gym, First Aid or Medical Centre, Day Care Centre, Kids Play Area, Barbeque Area, Mosque, Community Centre",,"Nearby Schools, Nearby Hospitals, Nearby Shopping Malls, Nearby Restaurants, Nearby Public Transport Service, Other Nearby Places","Maintenance Staff, Security Staff",,,
https://www.zameen.com/Property/islamabad_soan_garden_corner_flat_for_sale_in_soan_garden_isb-53118705-338-1.html,"Soan Garden, Islamabad",Flat,PKR82 Lakh,3,5.4 Marla,For Sale,3,5 days ago,"Soan Garden, Islamabad, Islamabad Capital","Corner Flat For Sale in Isb 5 Marla 3bedroom For more details , Feel Free to Contact Us","Built in year: 2021, Parking Spaces: 1, Double Glazed Windows, Central Air Conditioning, Central Heating, Flooring, Electricity Backup, Waste Disposal, Floor, Floors in Building: 6, Elevators, Other Main Features, Furnished","Bedrooms: 3, Bathrooms: 3, Servant Quarters: 1, Drawing Room, Dining Room, Kitchens: 1, Study Room, Prayer Room, Powder Room, Gym, Store Rooms: 1, Steam Room, Lounge or Sitting Room, Laundry Room, Other Rooms","Broadband Internet Access, Satellite or Cable TV Ready, Intercom, Other Business and Communication Facilities","Community Lawn or Garden, Community Swimming Pool, Community Gym, First Aid or Medical Centre, Day Care Centre, Kids Play Area, Barbeque Area, Mosque, Community Centre, Other Community Facilities","Sauna, Jacuzzi, Other Healthcare and Recreation Facilities","Nearby Schools, Nearby Hospitals, Nearby Shopping Malls, Nearby Restaurants, Distance From Airport (kms), Nearby Public Transport Service, Other Nearby Places","Maintenance Staff, Security Staff, Facilities for Disabled, Other Facilities",,,
https://www.zameen.com/Property/f_11_f-11_markaz_f-11_abudhabi_tower_1_bed_800_sqft_fully_furnished_apartment_for_sale-45668719-3286-1.html,"F-11 Markaz, F-11",Flat,PKR1.9 Crore,-,4.4 Marla,For Sale,1,1 month ago,"F-11, Islamabad, Islamabad Capital",F-11 Abu Dhabi Tower 1 Bed 1000 Sq Fully Furnished Apartment For Sale F-11 Markaz Prime Location Size 1000 Sqft 1 Bed Fully Furnished Apartment Floor lower ground floor Huge Parking Space Inhouse 2 Basements 98 k Per Month Rent Income final price 2 crore 15lac Fell Free to contact for further information.,"Built in year: 2024, Parking Spaces: 1, Lobby in Building, Double Glazed Windows, Central Air Conditioning, Central Heating, Flooring, Electricity Backup, Waste Disposal, Floor: 1, Floors in Building: 6, Elevators: 1, Service Elevators in Building, Other Main Features, Furnished","Bedrooms: 3, Bathrooms: 4, Servant Quarters: 1, Drawing Room, Dining Room, Kitchens: 2, Study Room, Prayer Room, Powder Room, Gym, Store Rooms: 1, Steam Room, Lounge or Sitting Room, Laundry Room, Other Rooms","Broadband Internet Access, Satellite or Cable TV Ready, Business Center or Media Room in Building, Conference Room in Building, Intercom, ATM Machines, Other Business and Communication Facilities","Community Lawn or Garden, Community Swimming Pool, Community Gym, First Aid or Medical Centre, Day Care Centre, Kids Play Area, Barbeque Area, Mosque, Community Centre, Other Community Facilities","Sauna, Jacuzzi, Other Healthcare and Recreation Facilities","Nearby Schools, Nearby Hospitals, Nearby Shopping Malls, Nearby Restaurants, Distance From Airport (kms), Nearby Public Transport Service, Other Nearby Places","Maintenance Staff, Security Staff, Laundry or Dry Cleaning Facility, Communal/Shared Kitchen, Facilities for Disabled, Other Facilities",,,
https://www.zameen.com/Property/bahria_enclave_bahria_enclave_-_sector_a_luxurious_10_marla_house_with_complete_basement_for_sale_in_bahria_enclave_islamabad-52807821-11970-1.html,"Bahria Enclave - Sector A, Bahria Enclave",House,PKR5.1 Crore,7,10 Marla,For Sale,6,4 days ago,"Bahria Town, Islamabad, Islamabad Capital","Luxurious 10 Marla House with complete basement for Sale in Bahria Enclave, Islamabad Location: Block A, Bahria Enclave, Islamabad (near market, park, and mosque) Features: - 10 Marla beautiful and elegant house with a basement - 6 spacious bedrooms with excellent woodwork - 6+ attached washrooms with outstanding tiles - 2 dining halls for formal and informal gatherings - 3 kitchens for convenience and functionality - 2 car parking spaces for residents and guests - Prime location near park, market, and mosque - Built in 2020, ensuring excellent construction quality Additional Features: - Basement for additional storage or utility space - Excellent natural lighting and ventilation - Secure and gated community - Close proximity to schools, hospitals, and shopping centers Contact: If you're interested in this luxurious property, please contact me at View Contact Detail","Built in year: 2020, Parking Spaces, Double Glazed Windows, Flooring, Waste Disposal, Floors: 3, Other Main Features","Bedrooms: 6, Bathrooms, Servant Quarters: 1, Drawing Room, Dining Room, Kitchens: 3, Study Room, Prayer Room, Powder Room, Gym, Store Rooms: 1, Lounge or Sitting Room, Laundry Room, Other Rooms","Broadband Internet Access, Satellite or Cable TV Ready, Other Business and Communication Facilities","Community Lawn or Garden, Community Gym, First Aid or Medical Centre, Day Care Centre, Kids Play Area, Mosque, Community Centre, Other Community Facilities","Lawn or Garden, Other Healthcare and Recreation Facilities","Nearby Schools, Nearby Hospitals, Nearby Shopping Malls, Nearby Restaurants, Distance From Airport (kms), Nearby Public Transport Service, Other Nearby Places","Maintenance Staff, Security Staff, Other Facilities",,,
https://www.zameen.com/Property/g_10_g-10_4_g-10_4_house_for_sale_14_marla_40_80-53316121-3327-1.html,"G-10/4, G-10",House,PKR9.75 Crore,6,14 Marla,For Sale,6,3 weeks ago,"G-10, Islamabad, Islamabad Capital","G 10 -4 house for sale 14 marla,40*80 5bed 5bath tv lounge 2xkitchen margalla facing car parking 50 ft street well maintained house","Built in year: 2009, Parking Spaces: 2, Double Glazed Windows, Central Air Conditioning, Central Heating, Flooring, Electricity Backup, Waste Disposal, Floors: 2, Other Main Features, Furnished","Bedrooms: 6, Bathrooms: 6, Servant Quarters: 1, Drawing Room, Dining Room, Kitchens: 2, Study Room, Powder Room, Store Rooms: 1, Lounge or Sitting Room, Laundry Room, Other Rooms","Broadband Internet Access, Satellite or Cable TV Ready, Intercom, Other Business and Communication Facilities","Community Lawn or Garden, Community Swimming Pool, Community Gym, First Aid or Medical Centre, Day Care Centre, Kids Play Area, Barbeque Area, Mosque, Community Centre, Other Community Facilities","Lawn or Garden, Swimming Pool, Sauna, Jacuzzi, Other Healthcare and Recreation Facilities","Nearby Schools, Nearby Hospitals, Nearby Shopping Malls, Nearby Restaurants, Distance From Airport (kms), Nearby Public Transport Service, Other Nearby Places","Maintenance Staff, Security Staff, Facilities for Disabled, Other Facilities",,,
https://www.zameen.com/Property/gulberg_greens_block_a_aj_towers_luxury_flat_for_sale_in_aj_towers_gulberg_greens_islamabad-53353455-22358-1.html,"AJ Towers, Gulberg Greens - Block A",Flat,PKR3.2 Crore,2,7.4 Marla,For Sale,2,19 hours ago,"Gulberg, Islamabad, Islamabad Capital","Building name: Aj towers Size : 1670 SQ ft Rental value including maintenance charges are 170000/- monthly Direct meeting with owner. Main road facing with proper Open balcony so you can enjoy the beautiful view as seen in pictures Building has two towers one is complete corporate tower and the 2nd one is complete residency. On the front of aj towers on ground floor all major brands are available like ""Tim Horton, Crusteez , Coffee bean and tea leaf and bank . For more information & visit contact us","Built in year: 2024, Parking Spaces, Lobby in Building, Double Glazed Windows, Central Air Conditioning, Central Heating, Flooring, Electricity Backup, Waste Disposal, Floor: 11, Floors in Building: 14, Elevators, Service Elevators in Building, Other Main Features, Furnished","Bedrooms: 2, Bathrooms: 2, Servant Quarters: 1, Drawing Room, Dining Room, Kitchens: 1, Study Room, Prayer Room, Powder Room, Gym, Store Rooms: 1, Steam Room, Lounge or Sitting Room, Laundry Room, Other Rooms","Broadband Internet Access, Satellite or Cable TV Ready, Business Center or Media Room in Building, Conference Room in Building, Intercom, ATM Machines, Other Business and Communication Facilities","Community Lawn or Garden, Community Swimming Pool, Community Gym, First Aid or Medical Centre, Day Care Centre, Kids Play Area, Barbeque Area, Mosque, Community Centre, Other Community Facilities","Sauna, Other Healthcare and Recreation Facilities","Nearby Schools, Nearby Hospitals, Nearby Shopping Malls, Nearby Restaurants, Distance From Airport (kms), Nearby Public Transport Service, Other Nearby Places","Maintenance Staff, Security Staff, Laundry or Dry Cleaning Facility, Communal/Shared Kitchen, Facilities for Disabled, Other Facilities",,,
https://www.zameen.com/Property/islamabad_f-17_luxury_double_storey_house_for_sale_in_telegarden_f-17_mpchs-53313934-335-1.html,"F-17, Islamabad",House,PKR3 Crore,7,8 Marla,For Sale,6,2 days ago,"F-17, Islamabad, Islamabad Capital","Description Direct Meeting With Owner 08 Marla Double Storey Fresh House For Sale Size 30x60 6 Bedroom With Touch Bathroom Kitchen Tv Loung All Basic Facilitates Are Available In F-17 Multi Islamabad Like Gass,Under Ground Electricity,24 Hour Security,Hospital,Mosques,Play Ground,Schools And Main Markaz Etc. For More Details Plz Contact Us","Built in year: 2025, Parking Spaces, Double Glazed Windows, Flooring, Electricity Backup, Waste Disposal, Floors: 2, Other Main Features","Bedrooms: 6, Bathrooms: 6, Servant Quarters: 1, Drawing Room, Dining Room, Kitchens: 2, Study Room, Prayer Room, Powder Room, Gym, Store Rooms: 1, Steam Room, Lounge or Sitting Room, Laundry Room, Other Rooms","Broadband Internet Access, Satellite or Cable TV Ready, Other Business and Communication Facilities","Community Lawn or Garden, Community Swimming Pool, Community Gym, First Aid or Medical Centre, Day Care Centre, Kids Play Area, Barbeque Area, Mosque, Community Centre, Other Community Facilities","Swimming Pool, Other Healthcare and Recreation Facilities","Nearby Schools, Nearby Hospitals, Nearby Shopping Malls, Nearby Restaurants, Distance From Airport (kms), Nearby Public Transport Service, Other Nearby Places",,,,
https://www.zameen.com/Property/fechs_jinnah_gardens_7_marla_house_for_sale_in_jinnah_garden_islamabad-53355692-1420-1.html,"Jinnah Gardens, FECHS",House,PKR3.4 Crore,6,7 Marla,For Sale,5,4 months ago,"FECHS, Islamabad, Islamabad Capital",JINNAH GARDEN 7 MARLA HOUSE 5 BEDROOM 7 WASHROOM 2 KITCHEN 2 TV LOUNGE 2 DRAWING ROOM WATER SUPPLY DEMAND 340 CRORE CONTACT NO : View Contact Detail,"Built in year: 2025, Parking Spaces: 2, Double Glazed Windows, Central Air Conditioning, Central Heating, Flooring, Electricity Backup, Floors: 2, Other Main Features, Furnished","Bedrooms: 5, Bathrooms: 6, Servant Quarters: 1, Drawing Room, Dining Room, Kitchens: 2, Study Room, Prayer Room, Powder Room, Gym, Steam Room, Lounge or Sitting Room, Laundry Room",,,,"Nearby Schools, Nearby Hospitals, Nearby Shopping Malls, Nearby Restaurants, Distance From Airport (kms), Nearby Public Transport Service, Other Nearby Places","Security Staff, Other Facilities",,,
https://www.zameen.com/Property/fechs_jinnah_gardens_8_marla_brind_new_double_story_house_for_sale-53321260-1420-1.html,"Jinnah Gardens, FECHS",House,PKR3.3 Crore,6,8 Marla,For Sale,5,1 week ago,"FECHS, Islamabad, Islamabad Capital",8 MARLA BRIND NEW DOUBLE STORY HOUSE FOR SALE IN JINNAH GARDEN HOUSING SOCIETY ISLAMABAD Stunning Location Front Wide Road Reasonable Price Fetchers Tile Flooring Sunfacing 5 Bedrooms 7 Bathrooms 2 kitchen Drawing Room TV Lounge Servant Room Attech bathroom All Facilities Available Near to Main High way Islamabad Call Us More Information,"Built in year: 2025, Parking Spaces: 2, Double Glazed Windows, Central Air Conditioning, Central Heating, Flooring, Electricity Backup, Waste Disposal, Floors: 2, Other Main Features, Furnished","Bedrooms: 5, Bathrooms: 6, Servant Quarters: 1, Drawing Room, Dining Room, Kitchens: 2, Study Room, Prayer Room, Powder Room, Gym, Store Rooms: 1, Steam Room, Lounge or Sitting Room, Laundry Room, Other Rooms","Broadband Internet Access, Satellite or Cable TV Ready, Intercom, Other Business and Communication Facilities","Community Lawn or Garden, Community Swimming Pool, Community Gym, First Aid or Medical Centre, Day Care Centre, Kids Play Area, Barbeque Area, Mosque, Community Centre, Other Community Facilities","Lawn or Garden, Swimming Pool, Sauna, Jacuzzi, Other Healthcare and Recreation Facilities","Nearby Schools, Nearby Hospitals, Nearby Shopping Malls, Nearby Restaurants, Distance From Airport (kms), Nearby Public Transport Service, Other Nearby Places","Maintenance Staff, Security Staff, Facilities for Disabled, Other Facilities",,,
https://www.zameen.com/Property/soan_garden_soan_garden_-_block_b_double_story_tile_flooring_house_for_sale-53304541-3492-1.html,"Soan Garden - Block B, Soan Garden",House,PKR4.5 Crore,6,9.3 Marla,For Sale,5,3 months ago,"Soan Garden, Islamabad, Islamabad Capital",DOUBLE STORY HOUSE FOR SALE IN SOAN GARDENS HOUSING SOCIETY ISLAMABAD Stunning Location Front Wide Road Reasonable Price Tile Flooring 5 Bedrooms 7 bathrooms 2 kitchen TV LOUNGE Drawing Room Attech bathroom Car parking space All Facilities Available Best Opportunity best Option for Living Purpose Near to All facilities market high way Schools call Us More Information,"Built in year: 2022, Parking Spaces: 3, Double Glazed Windows, Central Air Conditioning, Central Heating, Flooring, Electricity Backup, Waste Disposal, Floors: 2, Other Main Features","Bedrooms: 5, Bathrooms: 7, Servant Quarters: 1, Drawing Room, Dining Room, Kitchens: 2, Study Room, Prayer Room, Powder Room, Gym, Store Rooms: 1, Steam Room, Lounge or Sitting Room, Laundry Room, Other Rooms","Broadband Internet Access, Satellite or Cable TV Ready, Intercom, Other Business and Communication Facilities","Community Lawn or Garden, Community Swimming Pool, Community Gym, First Aid or Medical Centre, Day Care Centre, Kids Play Area, Barbeque Area, Mosque, Community Centre, Other Community Facilities","Lawn or Garden, Swimming Pool, Sauna, Jacuzzi, Other Healthcare and Recreation Facilities","Nearby Schools, Nearby Hospitals, Nearby Shopping Malls, Nearby Restaurants, Distance From Airport (kms), Nearby Public Transport Service, Other Nearby Places","Maintenance Staff, Security Staff, Facilities for Disabled, Other Facilities",,,
https://www.zameen.com/Property/bahria_enclave_bahria_enclave_-_sector_h_brand_designer_house_for_sale_in_sector_h_a_plus_solid_construction_best_location_for_living_bahria_enclave_islamabad-53320572-11983-1.html,"Bahria Enclave - Sector H, Bahria Enclave",House,PKR2.7 Crore,-,5 Marla,For Sale,-,4 months ago,"Bahria Town, Islamabad, Islamabad Capital","Brand New Designer House for Sale Sector H, Bahria Enclave Islamabad A beautifully crafted brand new designer house is available for sale in Sector H, Bahria Enclave Islamabad. Built with A+ solid construction, this house offers elegance, durability, and modern design making it a perfect choice for comfortable family living. Property Features: Size: 5 Marla 3 Bedrooms with attached baths 1 Modern Kitchen with elegant fittings 1 Spacious TV Lounge for family gatherings 1 Stylish Drawing Room for guests 1 Servant Room on Rooftop Solid Woodwork with strong wooden doors GFC Fans Installed throughout the house Premium finishing with modern architecture Location Highlights: Extreme Top & Heighted Location in Sector H Near School, Hospital, Market, Masjid, and Park Peaceful, secure, and family-friendly environment One of the most desirable sectors of Bahria Enclave with scenic surroundings About Bahria Enclave Islamabad: Bahria Enclave is a prestigious housing society that offers: 24/7 Security and Underground Electricity Wide carpeted roads and modern infrastructure Parks, green spaces, and a world-class zoo Quality schools, healthcare facilities, and commercial areas Beautiful Margalla Hills views and clean environment Demand: PKR 270 Lac Only (Reasonable) This house offers the perfect combination of luxury, comfort, and prime location a golden opportunity for buyers seeking a premium lifestyle in Islamabad. For more details and site visit, contact: Rana Ehtisham","Built in year: 2025, Parking Spaces, Double Glazed Windows, Central Air Conditioning, Central Heating, Flooring, Electricity Backup, Waste Disposal, Floors: 2, Other Main Features","Bedrooms: 3, Bathrooms: 4, Servant Quarters: 1, Drawing Room, Dining Room, Kitchens: 2, Study Room, Prayer Room, Powder Room, Gym, Store Rooms: 2, Steam Room, Lounge or Sitting Room, Laundry Room, Other Rooms","Broadband Internet Access, Satellite or Cable TV Ready, Intercom, Other Business and Communication Facilities","Community Lawn or Garden, Community Swimming Pool, Community Gym, First Aid or Medical Centre, Day Care Centre, Kids Play Area, Barbeque Area, Mosque, Community Centre, Other Community Facilities","Lawn or Garden, Swimming Pool, Sauna, Jacuzzi, Other Healthcare and Recreation Facilities","Nearby Schools, Nearby Hospitals, Nearby Shopping Malls, Nearby Restaurants, Distance From Airport (kms), Nearby Public Transport Service, Other Nearby Places","Maintenance Staff, Security Staff, Facilities for Disabled, Other Facilities",,,
https://www.zameen.com/Property/bahria_enclave_bahria_enclave_-_sector_g_brand_new_corner_boulevard_house_for_sale_in_sector_g_5_bedroom_with_attach_bath_best_location_for_living_bahria_enclave_islamabad-53320515-11984-1.html,"Bahria Enclave - Sector G, Bahria Enclave",House,PKR4.3 Crore,6,8 Marla,For Sale,5,4 months ago,"Bahria Town, Islamabad, Islamabad Capital","Brand New Boulevard Corner House for Sale Sector G, Bahria Enclave Islamabad Presenting a brand new 8 Marla boulevard corner house perfectly located in the prime area of Sector G, Bahria Enclave Islamabad. This two-sided open house is built with A+ grade solid construction and features elegant solid woodwork, offering a perfect blend of luxury, comfort, and durability. Property Features: Size: 8 Marla (Boulevard Corner, 2 Side Open) Solid A+ Grade Construction with premium finishing 5 Spacious Bedrooms with attached baths 2 Modern Kitchens with high-quality fittings 2 Stylish TV Lounges for comfortable family living 1 Elegant Drawing Room for guests 1 Servant Room with attached bath Heighted Location with beautiful surroundings and excellent airflow Near to Park, Masjid, School, and Commercial Market Located in one of Islamabads most secure and developed communities, Bahria Enclave offers a luxurious lifestyle with wide roads, underground utilities, 24/7 security, parks, schools, hospitals, commercial zones, and uninterrupted electricity. The area is ideal for both living and investment due to its growing demand and premium development standards. Demand: 4.30 Crore PKR Only Location: Sector G, Bahria Enclave Islamabad For more details or to schedule a visit, contact:","Built in year: 2025, Parking Spaces, Double Glazed Windows, Central Air Conditioning, Central Heating, Flooring, Electricity Backup, Waste Disposal, Floors: 2, Other Main Features","Bedrooms: 5, Bathrooms: 6, Servant Quarters: 1, Drawing Room, Dining Room, Kitchens: 2, Study Room, Prayer Room, Powder Room, Gym, Store Rooms: 2, Steam Room, Lounge or Sitting Room, Laundry Room, Other Rooms","Broadband Internet Access, Satellite or Cable TV Ready, Intercom, Other Business and Communication Facilities","Community Lawn or Garden, Community Swimming Pool, Community Gym, First Aid or Medical Centre, Day Care Centre, Kids Play Area, Barbeque Area, Mosque, Community Centre, Other Community Facilities","Lawn or Garden, Swimming Pool, Sauna, Jacuzzi, Other Healthcare and Recreation Facilities","Nearby Schools, Nearby Hospitals, Nearby Shopping Malls, Nearby Restaurants, Distance From Airport (kms), Nearby Public Transport Service, Other Nearby Places","Maintenance Staff, Security Staff, Facilities for Disabled, Other Facilities",,,
https://www.zameen.com/Property/jinnah_gardens_mall_of_imarat_elegant_2-bedroom_luxury_apartment_with_stunning_margalla_hills_view_imarat_residences_2-53098934-22031-1.html,"Mall of Imarat, Jinnah Gardens",Flat,PKR3.43 Crore,3,7.8 Marla,For Sale,2,5 months ago,"FECHS, Islamabad, Islamabad Capital","IMARAT Residences 2 CDA Approved Luxury Apartments Discover a world of elegance and sophistication at IMARAT Residences 2, ideally located in the heart of IMARAT Downtown the greenest downtown in the world. Designed to set new benchmarks in modern living, this project combines luxury, convenience, and long-term investment value. CDA Approved Project 2-Bedroom Luxury Apartment with Breathtaking Margalla Hills View Flexible 5-Year Installment Plan Investment Details: Total Price: PKR 34,338,383 Booking Amount: PKR 8,584,595 Balance: Payable in easy installments over 5 years Why Choose IMARAT Residences 2? Prime location in Islamabads most iconic lifestyle destination Secure, gated, and state-of-the-art community living Guaranteed potential for high capital appreciation Exclusive lifestyle with world-class amenities A perfect blend of luxury living & smart investment Book now and own your dream apartment in Islamabads landmark project IMARAT Residences 2.","Built in year, Parking Spaces, Lobby in Building, Double Glazed Windows, Central Air Conditioning, Central Heating, Flooring, Electricity Backup, Waste Disposal, Floor: 6, Floors in Building: 15, Elevators, Service Elevators in Building, Other Main Features, Furnished","Bedrooms: 2, Bathrooms: 3, Servant Quarters, Drawing Room, Dining Room, Kitchens: 1, Study Room, Prayer Room, Powder Room, Gym, Store Rooms: 1, Steam Room, Lounge or Sitting Room, Other Rooms","Broadband Internet Access, Satellite or Cable TV Ready, Business Center or Media Room in Building, Conference Room in Building, Intercom, ATM Machines, Other Business and Communication Facilities","Community Lawn or Garden, Community Swimming Pool, Community Gym, First Aid or Medical Centre, Day Care Centre, Kids Play Area, Barbeque Area, Mosque, Community Centre, Other Community Facilities","Sauna, Jacuzzi, Other Healthcare and Recreation Facilities","Nearby Schools, Nearby Hospitals, Nearby Shopping Malls, Nearby Restaurants, Distance From Airport (kms), Nearby Public Transport Service, Other Nearby Places","Maintenance Staff, Security Staff, Laundry or Dry Cleaning Facility, Communal/Shared Kitchen, Facilities for Disabled, Pets Not Allowed, Other Facilities",PKR85.85 Lakh,PKR4.29 Lakh,60 Months
https://www.zameen.com/Property/fechs_jinnah_gardens_7_marla_house_for_sale_in_jinnah_garden_islamabad-53355643-1420-1.html,"Jinnah Gardens, FECHS",House,PKR3.3 Crore,6,7 Marla,For Sale,5,1 month ago,"FECHS, Islamabad, Islamabad Capital",JINNAH GARDEN 7 MARLA HOUSE 5 BEDROOM 7 WASHROOM 2 KITCHEN 2 TV LOUNGE 2 DRAWING ROOM WATER SUPPLY DEMAND 350 CRORE CONTACT NO :,"Built in year: 2025, Parking Spaces: 2, Double Glazed Windows, Central Air Conditioning, Central Heating, Flooring, Electricity Backup, Waste Disposal, Floors: 2, Other Main Features, Furnished","Bedrooms: 5, Bathrooms: 6, Servant Quarters: 1, Drawing Room, Dining Room, Kitchens: 2, Study Room, Prayer Room, Powder Room, Gym, Store Rooms: 01, Steam Room, Lounge or Sitting Room, Laundry Room, Other Rooms","Broadband Internet Access, Satellite or Cable TV Ready, Intercom, Other Business and Communication Facilities","Community Lawn or Garden, Community Swimming Pool, Community Gym, First Aid or Medical Centre, Day Care Centre, Kids Play Area, Barbeque Area, Mosque, Community Centre, Other Community Facilities","Lawn or Garden, Swimming Pool, Sauna, Jacuzzi, Other Healthcare and Recreation Facilities","Nearby Schools, Nearby Hospitals, Nearby Shopping Malls, Nearby Restaurants, Distance From Airport (kms), Nearby Public Transport Service, Other Nearby Places","Maintenance Staff, Security Staff, Facilities for Disabled, Other Facilities",,,
https://www.zameen.com/Property/top_city_1_top_city_1_-_block_d_10_marla_brand_new_house_for_sale_in_top_city-1_islamabad-51961132-9233-1.html,"Top City 1 - Block D, Top City 1",House,PKR4.3 Crore,6,10 Marla,For Sale,5,4 days ago,"Top City 1, Islamabad, Islamabad Capital","Brand New 10 Marla House For Sale We Are Pleased To Offer This Meticulously Designed And Brand New 10 Marla House, Located In A Prime Residential Area. This Modern Home Combines Elegance, Functionality, And Comfort, Making It The Ideal Choice For Families Looking For A Luxurious Living Experience. Key Features: Spacious Layout: The House Features A Well-Planned Layout With Large Living Spaces, Including 5 Bedrooms, 6 Bathrooms, A Study Room, And A Spacious Drawing And Dining Area. High-Quality Finishes: Premium Materials Have Been Used Throughout, Including High-End Tiles, Wooden Flooring, And Top-Quality Fixtures. Modern Kitchen: A Fully Equipped, Contemporary Kitchen With Modern Appliances, Sleek Cabinetry, And Ample Counter Space. Contemporary Design: The House Boasts A Stylish And Modern Facade With Large Windows, Allowing For Plenty Of Natural Light. Prime Location: Situated In A Highly Sought-After Neighborhood, With Easy Access To Major Roads, Schools, Hospitals, Shopping Centers, And Other Amenities. Parking &Amp; Security: Spacious Car Parking Area With Secure Boundary Walls And 24/7 Security For Peace Of Mind. This Brand New 10 Marla House Is An Excellent Opportunity For Those Seeking A Comfortable And Luxurious Home. Don'T Miss Out On The Chance To Purchase This House!","Built in year: 2024, Parking Spaces, Double Glazed Windows, Central Air Conditioning, Central Heating, Flooring, Electricity Backup, Waste Disposal, Floors: 2, Other Main Features, Furnished","Bedrooms, Bathrooms, Servant Quarters, Drawing Room, Dining Room, Kitchens, Study Room, Prayer Room, Powder Room, Gym, Store Rooms, Steam Room, Lounge or Sitting Room, Laundry Room, Other Rooms","Broadband Internet Access, Satellite or Cable TV Ready, Intercom, Other Business and Communication Facilities","Community Lawn or Garden, Community Swimming Pool, Community Gym, First Aid or Medical Centre, Day Care Centre, Kids Play Area, Barbeque Area, Mosque, Community Centre, Other Community Facilities","Lawn or Garden, Swimming Pool, Sauna, Jacuzzi, Other Healthcare and Recreation Facilities","Nearby Schools, Nearby Hospitals, Nearby Shopping Malls, Nearby Restaurants, Distance From Airport (kms), Nearby Public Transport Service, Other Nearby Places","Maintenance Staff, Security Staff, Facilities for Disabled, Other Facilities",,,
https://www.zameen.com/Property/top_city_1_top_city_1_-_block_a_brand_new_house_for_sale_in_top_city-1_islamabad-51961233-9231-1.html,"Top City 1 - Block A, Top City 1",House,PKR4.5 Crore,6,10 Marla,For Sale,5,2 days ago,"Top City 1, Islamabad, Islamabad Capital","Brand New 10 Marla House for Sale We are pleased to offer this meticulously designed and brand new 10 Marla house, located in a prime residential area. This modern home combines elegance, functionality, and comfort, making it the ideal choice for families looking for a luxurious living experience. Key Features: Spacious Layout: The house features a well-planned layout with large living spaces, including 5 bedrooms, 6 bathrooms, a study room, and a spacious drawing and dining area. High-Quality Finishes: Premium materials have been used throughout, including high-end tiles, wooden flooring, and top-quality fixtures. Modern Kitchen: A fully equipped, contemporary kitchen with modern appliances, sleek cabinetry, and ample counter space. Contemporary Design: The house boasts a stylish and modern facade with large windows, allowing for plenty of natural light. Prime Location: Situated in a highly sought-after neighborhood, with easy access to major roads, schools, hospitals, shopping centers, and other amenities. Parking & Security: Spacious car parking area with secure boundary walls and 24/7 security for peace of mind. This brand new 10 Marla house is an excellent opportunity for those seeking a comfortable and luxurious home. Don't miss out on the chance to Purchase this House! For more details or to schedule a viewing, please contact us.","Built in year: 2022, Parking Spaces, Double Glazed Windows, Central Air Conditioning, Central Heating, Flooring, Electricity Backup, Waste Disposal, Floors: 2, Other Main Features, Furnished","Bedrooms: 1, Bathrooms: 6, Servant Quarters: 1, Drawing Room, Dining Room, Kitchens: 2, Study Room, Prayer Room, Powder Room, Gym, Store Rooms: 1, Steam Room, Lounge or Sitting Room, Laundry Room, Other Rooms","Broadband Internet Access, Satellite or Cable TV Ready, Intercom, Other Business and Communication Facilities","Community Lawn or Garden, Community Swimming Pool, Community Gym, First Aid or Medical Centre, Day Care Centre, Kids Play Area, Barbeque Area, Mosque, Community Centre, Other Community Facilities","Lawn or Garden, Sauna, Jacuzzi, Other Healthcare and Recreation Facilities","Nearby Schools, Nearby Hospitals, Nearby Shopping Malls, Nearby Restaurants, Distance From Airport (kms), Nearby Public Transport Service, Other Nearby Places","Maintenance Staff, Security Staff, Facilities for Disabled, Other Facilities",,,
https://www.zameen.com/Property/islamabad_b-17_studio_apartment_available_in_j7_emporium_on_29_lac_booking-45469037-616-1.html,"B-17, Islamabad",Flat,PKR1.47 Crore,1,4.1 Marla,For Sale,-,3 weeks ago,"B-17, Islamabad, Islamabad Capital","J7 Emporium Features: 1: First Skywalk in Pakistan 2: First ever proper smart mall in Pakistan 3: Intelligent 3 Level underground Parking 4: Three side corner plot 5: Separate parking entrance for apartments, mall and corporate tower 6: 5 Story around 4, 50,000 sq ft mega mall 7: Widest and highest atrium 8: Mall with only 40% saleable area. 60% common area 9: Multiple Escalators, Elevators and Travellators for vertical access 10: Mall solely dedicated for national and international brands 11: Ultra Lavish mall interior 12: J7 Business center 13: Complete building free Wi-Fi facility 14 :J7 Customer care center 15: Mall Centrally Air conditioned 16: Banking facility as per mall timings 17: Stand by Power Generation 18: Kids Play area in Mall 19: Mall with two entrances at ground level 20: CCTV surveillance 21: Extra Heighted shops 22: Two screen 4-D cinema 23: Banquet halls 24: Food courts with double height gaming zone 25: Terris Hotels 26: Three mega swimming pools 27: Gym, spa, sauna etc. 28: Ultra luxury Hotel apartments 29: Three star dinning hotel 30: Duplex apartments 31: Pent Houses 32: 16 story hotel Tower For further Information, contact us on given numbers: Call or WhatsApp for a detailed briefing.","Built in year: 2025, Parking Spaces, Lobby in Building, Double Glazed Windows, Central Air Conditioning, Central Heating, Flooring, Electricity Backup, Waste Disposal, Floor, Floors in Building, Elevators, Service Elevators in Building, Other Main Features, Furnished","Bedrooms: 1, Bathrooms: 1, Servant Quarters: 1, Drawing Room, Dining Room, Kitchens: 1, Study Room, Prayer Room, Powder Room, Gym, Store Rooms: 1, Steam Room, Lounge or Sitting Room, Laundry Room, Other Rooms","Broadband Internet Access, Satellite or Cable TV Ready, Business Center or Media Room in Building, Conference Room in Building, Intercom, ATM Machines, Other Business and Communication Facilities","Community Lawn or Garden, Community Swimming Pool, Community Gym, First Aid or Medical Centre, Day Care Centre, Kids Play Area, Barbeque Area, Mosque, Community Centre, Other Community Facilities","Sauna, Jacuzzi, Other Healthcare and Recreation Facilities","Nearby Schools, Nearby Hospitals, Nearby Shopping Malls, Nearby Restaurants, Distance From Airport (kms), Nearby Public Transport Service, Other Nearby Places","Maintenance Staff, Security Staff, Facilities for Disabled, Other Facilities",,,
https://www.zameen.com/Property/g_10_g-10_2_on_excellent_location_12_marla_spacious_house_is_available_in_g-10_2_for_sale-53269517-3325-1.html,"G-10/2, G-10",House,PKR12.25 Crore,6,12 Marla,For Sale,8,13 hours ago,"G-10, Islamabad, Islamabad Capital","Brand New Triple Storey House with Basement Is Available for Sale In Prime Location G-10/2 Islamabad Ideal Location | 50 Ft Front Road | Backside Double Road Access This spacious and well-constructed Triple Storey House with Proper Basement is perfect for large families or investment purposes. Located on a 50 ft wide main road with double road access at the back, offering easy entry and exit. Property Features: 8 Bedrooms with Attached Bathrooms Triple Storey + Proper Basement Spacious and Well-Ventilated Layout 2 Gas Meters Installed 2 Electricity Meters Installed Ideal for Dual Family Living or Rental Income Solid Construction Peaceful & Prime Location Ready for Immediate Possession","Built in year: 2025, Parking Spaces: 2, Double Glazed Windows, Flooring, Electricity Backup, Waste Disposal, Floors: 2, Other Main Features, Furnished","Bedrooms: 8, Bathrooms: 10, Servant Quarters: 1, Drawing Room, Dining Room, Kitchens: 3, Powder Room, Store Rooms: 1, Lounge or Sitting Room, Laundry Room","Broadband Internet Access, Satellite or Cable TV Ready, Intercom, Other Business and Communication Facilities","Community Lawn or Garden, Community Swimming Pool, Community Gym, First Aid or Medical Centre, Day Care Centre, Kids Play Area, Barbeque Area, Mosque, Community Centre, Other Community Facilities","Lawn or Garden, Other Healthcare and Recreation Facilities","Nearby Schools, Nearby Hospitals, Nearby Shopping Malls, Nearby Restaurants, Distance From Airport (kms), Nearby Public Transport Service, Other Nearby Places","Maintenance Staff, Security Staff, Facilities for Disabled, Other Facilities",,,
https://www.zameen.com/Property/islamabad_i-8_a_spacious_40x80_triple_storey_corner_house_available_for_sale_near_kachnar_park-53266307-174-1.html,"I-8, Islamabad",House,PKR19 Crore,7,14.2 Marla,For Sale,-,5 months ago,"I-8, Islamabad, Islamabad Capital",Like Brand New One House Near Kachnar Park 02 DD & TV Lounge 06 Bed Room 08 Bath Room Servant Room With Attach Bath One Big Hall In Basement & Huge Parking Space,"Built in year: 2025, Parking Spaces: 1, Double Glazed Windows, Central Air Conditioning, Central Heating, Flooring, Electricity Backup, Waste Disposal, Floors: 1, Other Main Features, Furnished","Bedrooms: 2, Bathrooms: 2, Servant Quarters: 1, Drawing Room, Dining Room, Kitchens: 1, Study Room, Prayer Room, Powder Room, Gym, Store Rooms: 1, Steam Room, Lounge or Sitting Room, Laundry Room, Other Rooms","Broadband Internet Access, Satellite or Cable TV Ready, Intercom, Other Business and Communication Facilities","Community Lawn or Garden, Community Swimming Pool, Community Gym, First Aid or Medical Centre, Day Care Centre, Kids Play Area, Barbeque Area, Mosque, Community Centre, Other Community Facilities","Lawn or Garden, Sauna, Jacuzzi, Other Healthcare and Recreation Facilities","Nearby Schools, Nearby Hospitals, Nearby Shopping Malls, Nearby Restaurants, Distance From Airport (kms), Nearby Public Transport Service, Other Nearby Places","Maintenance Staff, Security Staff, Facilities for Disabled, Other Facilities",,,
https://www.zameen.com/Property/islamabad_b-17_house_available_for_sale_c-1_size_9_5_marla_in_multi_gardens_b-17_islamabad-53321855-616-1.html,"B-17, Islamabad",House,PKR4.7 Crore,5,9 Marla,For Sale,4,4 months ago,"B-17, Islamabad, Islamabad Capital",9.5 Marla Brand New House Available For Sale. Presenting U 9.5 Marla Brand New Decent Look House Located At Prime Location Of Block C-1 Islamabad CDA SECTOR B-17 Multigardens . Accommodation Of Rooms 4 Master Bed Rooms 5 Bathrooms Huge Storage Water Tank Underground Full White Tiles Used In Whole House Near To Family Park Complete Finishing Including Kitchen Stove And Hood,"Built in year: 2025, Parking Spaces: 1, Double Glazed Windows, Central Air Conditioning, Central Heating, Flooring, Electricity Backup, Waste Disposal, Floors: 2, Other Main Features, Furnished","Bedrooms: 4, Bathrooms: 5, Servant Quarters: 1, Drawing Room, Dining Room, Kitchens: 2, Study Room, Prayer Room, Powder Room, Gym, Store Rooms: 1, Steam Room, Lounge or Sitting Room, Laundry Room, Other Rooms","Broadband Internet Access, Satellite or Cable TV Ready, Intercom, Other Business and Communication Facilities","Community Lawn or Garden, Community Swimming Pool, Community Gym, First Aid or Medical Centre, Day Care Centre, Kids Play Area, Barbeque Area, Mosque, Community Centre, Other Community Facilities","Lawn or Garden, Swimming Pool, Sauna, Jacuzzi, Other Healthcare and Recreation Facilities","Nearby Schools, Nearby Hospitals, Nearby Shopping Malls, Nearby Restaurants, Distance From Airport (kms), Nearby Public Transport Service, Other Nearby Places","Maintenance Staff, Security Staff, Facilities for Disabled, Other Facilities",,,
https://www.zameen.com/Property/soan_garden_soan_garden_-_block_b_10_marla_single_story_house_for-53266384-3492-1.html,"Soan Garden - Block B, Soan Garden",House,PKR2.75 Crore,3,10.1 Marla,For Sale,2,2 days ago,"Soan Garden, Islamabad, Islamabad Capital","10 MARLA SINGLE STORY HOUSE FOR SALE IN SOAN GARDEN HOUSING SOCIETY ISLAMABAD BLOCK H Stunning Location Front Wide Road Reasonable Price 2 Bedrooms Master 3 Bathroom 1 Kitchen Drawing Room TV Lounge Car Porch Electric Gas Meter Available Water Siply Available Water Ka Koi Issue Nhe Hy Best Opportunity Best Option For Living Purpose Near To Main High Way Islamabad Masjid Park Water Filter Schools, Hospitals All Facilities Available CONTACT US PLEASE SERIOUS BUYERS Call Us More Information","Built in year: 2020, Parking Spaces: 1, Double Glazed Windows, Central Air Conditioning, Central Heating, Flooring, Electricity Backup, Waste Disposal, Floors: 1, Other Main Features, Furnished","Bedrooms: 2, Bathrooms: 3, Servant Quarters: 1, Drawing Room, Dining Room, Kitchens: 1, Study Room, Prayer Room, Powder Room, Gym, Store Rooms: 2, Steam Room, Lounge or Sitting Room, Laundry Room, Other Rooms","Broadband Internet Access, Satellite or Cable TV Ready, Intercom, Other Business and Communication Facilities","Community Lawn or Garden, Community Swimming Pool, Community Gym, First Aid or Medical Centre, Day Care Centre, Kids Play Area, Barbeque Area, Mosque, Community Centre, Other Community Facilities","Lawn or Garden, Swimming Pool, Sauna, Jacuzzi, Other Healthcare and Recreation Facilities","Nearby Schools, Nearby Hospitals, Nearby Shopping Malls, Nearby Restaurants, Distance From Airport (kms), Nearby Public Transport Service, Other Nearby Places","Maintenance Staff, Security Staff, Facilities for Disabled, Other Facilities",,,
https://www.zameen.com/Property/bahria_enclave_bahria_enclave_-_sector_h_1_bedroom_apartment_on_easy_installments_mideast_29_sector_h_bahria_enclave_islamabad-53262960-11983-1.html,"Bahria Enclave - Sector H, Bahria Enclave",Flat,PKR1.04 Crore,1,2.6 Marla,For Sale,1,4 weeks ago,"Bahria Town, Islamabad, Islamabad Capital","Discover **Mideast 29**, a premium mixed-use project by trusted developers, offering commercial shops, corporate offices, and luxury residential apartments in the heart of **Bahria Enclave Islamabad**. --- ### **Apartment Details** * **Type:** 1 Bedroom Apartment (1 BHK) * **Total Price:** PKR 10,386,000 * **Down Payment (20%):** PKR 2,077,200 * **Quarterly Installments:** PKR 605,850 * **Possession Payment:** PKR 1,038,600 * **Payment Plan:** 3 Years (Quarterly Installments) --- ### **Project Overview** * **Location:** Sector H, Bahria Enclave Islamabad * **Lower & Ground Floors:** Commercial Shops * **First Floor:** Corporate Offices * **2nd to 4th Floors:** Residential Apartments * **Top Floor:** Luxurious Penthouses --- ### **Features & Amenities** * Elegant architecture & premium finishes * High-speed elevators & power backup * 24/7 security with CCTV surveillance * Dedicated parking space * Rooftop leisure area and fitness zone * Peaceful environment with scenic views --- ### **Why Invest in Mideast 29?** * Prime location in Sector H, Bahria Enclave * Strong rental and resale potential * Flexible 3-year installment plan * Perfect for residence or investment ---","Built in year: 2025, Parking Spaces, Lobby in Building, Flooring, Electricity Backup, Floor, Floors in Building: 6",,,,,,,PKR20.77 Lakh,PKR2.31 Lakh,36 Months
https://www.zameen.com/Property/islamabad_b-17_house_available_for_sale_f_size_5_marla_in_multi_gardens_b-17_islamabad-53321857-616-1.html,"B-17, Islamabad",House,PKR2.3 Crore,5,5 Marla,For Sale,4,4 months ago,"B-17, Islamabad, Islamabad Capital",5 Marla Brand New House Available For Sale. Presenting U 5 Marla Brand New Decent Look House Located At Prime Location Of Block F Islamabad CDA SECTOR B-17 Multigardens . Accommodation Of Rooms 4 Master Bed Rooms 5 Bathrooms Huge Storage Water Tank Underground Full White Tiles Used In Whole House Near To Family Park Complete Finishing Including Kitchen Stove And Hood,"Built in year: 2025, Parking Spaces: 1, Double Glazed Windows, Central Air Conditioning, Central Heating, Flooring, Electricity Backup, Waste Disposal, Other Main Features, Furnished","Bedrooms: 4, Bathrooms: 5, Servant Quarters: 1, Drawing Room, Dining Room, Kitchens: 2, Study Room, Prayer Room, Powder Room, Gym, Store Rooms: 1, Steam Room, Lounge or Sitting Room, Laundry Room, Other Rooms","Broadband Internet Access, Satellite or Cable TV Ready, Intercom, Other Business and Communication Facilities","Community Lawn or Garden, Community Swimming Pool, Community Gym, First Aid or Medical Centre, Day Care Centre, Kids Play Area, Barbeque Area, Mosque, Community Centre, Other Community Facilities","Sauna, Jacuzzi, Other Healthcare and Recreation Facilities","Nearby Schools, Nearby Hospitals, Nearby Shopping Malls, Nearby Restaurants, Distance From Airport (kms), Nearby Public Transport Service, Other Nearby Places","Maintenance Staff, Security Staff, Facilities for Disabled, Other Facilities",,,
https://www.zameen.com/Property/islamabad_faisal_town_-_f-18_f-18_faisal_town_a_block_luxury_house_for_sale-53294187-8260-1.html,"Faisal Town - F-18, Islamabad",House,PKR3.5 Crore,7,8 Marla,For Sale,6,3 months ago,"Faisal Town - F-18, Islamabad, Islamabad Capital","Description Direct Meeting With Owner 08 Marla Double Storey Fresh House For Sale Size 30x60 6 bedroom with touch bathroom Kitchen Tv loung All Basic Facilitates Are Available In F-18 Faisal Town A Block Islamabad Like Gass,Under Ground Electricity,24 Hour Security,Hospital,Mosques,Play Ground,Schools And Main Markaz Etc. For More Details Plz Contact Us","Built in year: 2025, Parking Spaces, Double Glazed Windows, Central Air Conditioning, Central Heating, Flooring, Electricity Backup, Waste Disposal, Floors: 2, Other Main Features","Bedrooms: 6, Bathrooms: 6, Servant Quarters: 1, Drawing Room, Dining Room, Kitchens: 2, Study Room, Prayer Room, Store Rooms, Other Rooms","Broadband Internet Access, Satellite or Cable TV Ready, Intercom, Other Business and Communication Facilities","Community Lawn or Garden, Community Swimming Pool, Community Gym, First Aid or Medical Centre, Day Care Centre, Kids Play Area, Barbeque Area, Mosque, Community Centre, Other Community Facilities","Lawn or Garden, Swimming Pool, Sauna, Other Healthcare and Recreation Facilities","Nearby Schools, Nearby Hospitals, Nearby Shopping Malls, Nearby Restaurants, Distance From Airport (kms), Nearby Public Transport Service, Other Nearby Places","Maintenance Staff, Security Staff, Facilities for Disabled, Other Facilities",,,
https://www.zameen.com/Property/bahria_enclave_bahria_enclave_-_sector_c1_elegant_designer_10_marla_house_for_sale-53181447-11987-1.html,"Bahria Enclave - Sector C1, Bahria Enclave",House,PKR6.25 Crore,6,10 Marla,For Sale,5,3 months ago,"Bahria Town, Islamabad, Islamabad Capital","Designer home 10 Marla for Sale * Tittles are installed outside in front elevation. * Applience installed * Walking Wadrobe Closet * Single unit House with one kitchen * Beautiful Combination of dark colors * Painting Installed * Consealed Kamots installed Ground Floor: - 2 Bedroom with Attached Bathroom - Kitchen - Powder Room - TV Longue - Draing room - Dining Area - Car poarch 1st Floor: - 3 Bedrooms with attcahed bathrooms - Tv longue - Kichen - Spacious Terace Rooftop: - Servent Quater - Washroom Gysers and Kitchen appliances, including Fridge installed! Call us for more details and visit!","Built in year: 2025, Parking Spaces: 2, Double Glazed Windows, Flooring, Electricity Backup, Waste Disposal, Floors: 2, Other Main Features, Furnished","Bedrooms: 5, Bathrooms: 5, Servant Quarters, Drawing Room, Dining Room, Kitchens: 2, Powder Room, Lounge or Sitting Room, Laundry Room","Broadband Internet Access, Satellite or Cable TV Ready","Community Lawn or Garden, First Aid or Medical Centre, Day Care Centre, Kids Play Area, Barbeque Area, Mosque, Community Centre",Lawn or Garden,"Nearby Schools, Nearby Hospitals, Nearby Shopping Malls, Nearby Restaurants, Distance From Airport (kms), Nearby Public Transport Service, Other Nearby Places","Maintenance Staff, Security Staff, Facilities for Disabled",,,
https://www.zameen.com/Property/bahria_town_bahria_enclave_one_bed_apartment_for_sale-53206187-1705-1.html,"Bahria Enclave, Bahria Town",Flat,PKR59 Lakh,1,2 Marla,For Sale,1,3 months ago,"Bahria Town, Islamabad, Islamabad Capital","One Bed Apartment for Sale , Bahria Enclave Islamabad Floor: 3rd Floor Property Details: Fully Furnished One Bed Apartment Size: 440 Sqft Features: - 1 Bedroom with Sitting Area - Modern Kitchen - Attached Bathroom - Elegant Furnishing Located in a Prime Business & Residential Hub Rental Value: 55,000 PKR Demand: 59 Lakh - Excellent investment opportunity with strong rental yield - Perfect for professionals or small families Contact now for more details & viewing!","Built in year: 2012, Parking Spaces, Double Glazed Windows, Central Air Conditioning, Central Heating, Flooring, Electricity Backup, Waste Disposal, Floor, Elevators, Other Main Features, Furnished","Bedrooms: 1, Bathrooms: 1, Servant Quarters: 1, Drawing Room, Dining Room, Kitchens: 1, Study Room, Prayer Room, Powder Room, Gym, Store Rooms: 1, Steam Room, Lounge or Sitting Room, Laundry Room","Broadband Internet Access, Satellite or Cable TV Ready, Intercom, Other Business and Communication Facilities","Community Lawn or Garden, Community Swimming Pool, Community Gym, First Aid or Medical Centre, Day Care Centre, Kids Play Area, Barbeque Area, Mosque, Community Centre, Other Community Facilities","Sauna, Jacuzzi, Other Healthcare and Recreation Facilities","Nearby Schools, Nearby Hospitals, Nearby Shopping Malls, Nearby Restaurants, Distance From Airport (kms), Nearby Public Transport Service, Other Nearby Places","Maintenance Staff, Security Staff, Facilities for Disabled, Other Facilities",,,
https://www.zameen.com/Property/bahria_town_bahria_enclave_fully_furnished_studio_apartment_for_sale-53205784-1705-1.html,"Bahria Enclave, Bahria Town",Flat,PKR46 Lakh,1,1.5 Marla,For Sale,-,3 months ago,"Bahria Town, Islamabad, Islamabad Capital","Studio Apartment for Sale , Bahria Enclave Islamabad Floor: 3rd Floor Property Details: Fully Furnished Studio Apartment Size: 327 Sqft Includes: - Small Kitchen - One Bathroom - Sitting Area within the room - Modern & Elegant Interior Rental Value: 45,000 PKR Demand: 46 Lakh Ideal for investment with guaranteed rental income Perfect for professionals seeking a modern living space Contact today for details & viewing!","Built in year: 2024, Parking Spaces, Central Air Conditioning, Flooring, Electricity Backup, Floor: 3, Elevators, Furnished","Bedrooms: 1, Bathrooms: 1, Servant Quarters: 1, Dining Room, Kitchens: 1, Powder Room","Broadband Internet Access, Satellite or Cable TV Ready","Community Lawn or Garden, First Aid or Medical Centre, Kids Play Area, Barbeque Area, Mosque, Other Community Facilities",Jacuzzi,"Nearby Schools, Nearby Hospitals, Nearby Shopping Malls, Nearby Restaurants, Distance From Airport (kms), Nearby Public Transport Service, Other Nearby Places","Maintenance Staff, Security Staff, Other Facilities",,,
https://www.zameen.com/Property/islamabad_g-13_50_90_1_kanal_house_for_sale_in_g-13-53333174-330-1.html,"G-13, Islamabad",House,PKR15.5 Crore,7,1 Kanal,For Sale,6,4 months ago,"G-13, Islamabad, Islamabad Capital","Tri star marketing Brand New House For Sale Located At Prime Location Of G-13 Islamabad Size ( 50x90 ) 1Kanal about The Property: 6 Bedrooms 7 Washrooms 2 Drawing Room 2 Kitchens 2 Tv Lounge Car Parking Tile Flooring 1 Double Unit House Ideal Locality Electricity & Gas Meters Are Available Water Boring Running & Also Water Supply Facility Available All Facilities Are Available Which Is The Need Of Living Near To Main Double Road And Kashmir Highway Near To School, college, market, masjid public Transport, hospitals And Etc. Located In One Of The Best Locations Of G-13",Flooring,,"Broadband Internet Access, Satellite or Cable TV Ready","First Aid or Medical Centre, Mosque, Community Centre",,,,,,
https://www.zameen.com/Property/dha_defence_dha_defence_phase_2_1_kanal_spanish_themed_house_for_sale_in_dha-2_islamabad-52879162-339-1.html,"DHA Defence Phase 2, DHA Defence",House,PKR13 Crore,5,1 Kanal,For Sale,5,1 week ago,"DHA Defence, Islamabad, Islamabad Capital","Presenting This Exceptional 1 Kanal Masterpiece, one of the most sought-after houses for sale in DHA. Situated near a park and close to all essential amenities, this property offers luxurious living at its finest. Here are some key features of this remarkable house: 5 spacious bedrooms, each with attached bathrooms All bathrooms equipped with high-quality imported fittings, including Grohe fittings Impeccable woodwork throughout the house, using teak wood and ash wood Imported fittings installed in every washroom Conveniently located near a park and mosque Commercial area in close proximity Total covered area of approximately 5000 sq ft Double-story structure Wiring for UPS and generator completed Provision for CCTV cameras Solid steel work for the main gate Sliding doors for ease of access Elegant marble-tiled wooden flooring Spanish tiles used to cover all washrooms Contact Us For Further Details","Built in year: 2025, Parking Spaces: 3, Double Glazed Windows, Central Air Conditioning, Central Heating, Flooring, Electricity Backup, Waste Disposal, Floors: 2, Other Main Features","Bedrooms: 5, Bathrooms: 5, Servant Quarters: 2, Drawing Room, Dining Room, Kitchens: 2, Study Room, Prayer Room, Powder Room, Gym, Store Rooms: 2, Steam Room, Lounge or Sitting Room, Laundry Room","Broadband Internet Access, Satellite or Cable TV Ready, Intercom","Community Lawn or Garden, Community Swimming Pool, Community Gym, First Aid or Medical Centre, Day Care Centre, Kids Play Area, Barbeque Area, Mosque, Community Centre","Lawn or Garden, Swimming Pool, Sauna, Jacuzzi","Nearby Schools, Nearby Hospitals, Nearby Shopping Malls, Nearby Restaurants, Distance From Airport (kms), Nearby Public Transport Service, Other Nearby Places","Maintenance Staff, Security Staff, Facilities for Disabled",,,
https://www.zameen.com/Property/dha_defence_dha_defence_phase_2_1_kanal_elegant_designed_house_for_sale_in_dha_i_r-52384560-339-1.html,"DHA Defence Phase 2, DHA Defence",House,PKR14 Crore,6,1 Kanal,For Sale,7,4 days ago,"DHA Defence, Islamabad, Islamabad Capital","Presenting This Exceptional 1 Kanal Masterpiece, one of the most sought-after houses for sale in DHA. Situated near a park and close to all essential amenities, this property offers luxurious living at its finest. Here are some key features of this remarkable house: 7 spacious bedrooms, each with attached bathrooms All bathrooms equipped with high-quality imported fittings, including Grohe fittings Impeccable woodwork throughout the house, using teak wood and ash wood Imported fittings installed in every washroom Conveniently located near a park and mosque Commercial area in close proximity Total covered area of approximately 8000 sq ft triple-story structure Wiring for UPS and generator completed Provision for CCTV cameras Solid steel work for the main gate Sliding doors for ease of access Elegant marble-tiled wooden flooring Spanish tiles used to cover all washrooms","Built in year: 2025, Parking Spaces: 3, Double Glazed Windows, Central Air Conditioning, Central Heating, Flooring, Electricity Backup, Waste Disposal, Floors: 3, Other Main Features, Furnished","Bedrooms: 7, Bathrooms: 7, Servant Quarters: 2, Drawing Room, Dining Room, Kitchens: 5, Study Room, Prayer Room, Powder Room, Gym, Store Rooms: 2, Steam Room, Lounge or Sitting Room, Laundry Room, Other Rooms","Broadband Internet Access, Satellite or Cable TV Ready, Intercom, Other Business and Communication Facilities","Community Lawn or Garden, Community Swimming Pool, Community Gym, First Aid or Medical Centre, Day Care Centre, Kids Play Area, Barbeque Area, Mosque, Community Centre, Other Community Facilities","Lawn or Garden, Swimming Pool, Sauna, Jacuzzi, Other Healthcare and Recreation Facilities","Nearby Schools, Nearby Hospitals, Nearby Shopping Malls, Nearby Restaurants, Distance From Airport (kms), Nearby Public Transport Service, Other Nearby Places","Maintenance Staff, Security Staff, Facilities for Disabled, Other Facilities",,,
https://www.zameen.com/Property/fechs_jinnah_gardens_7_marla_house_for_sale_in_jinnah_garden_islamabad-53355552-1420-1.html,"Jinnah Gardens, FECHS",House,PKR3.4 Crore,6,7 Marla,For Sale,5,1 month ago,"FECHS, Islamabad, Islamabad Capital",JINNAH GARDEN 7 MARLA HOUSE 5 BEDROOM 7 WASHROOM 2 KITCHEN 2 TV LOUNGE 2 DRAWING ROOM WATER SUPPLY DEMAND 350 CRORE CONTACT NO :,"Built in year: 2025, Parking Spaces: 2, Double Glazed Windows, Central Air Conditioning, Central Heating, Flooring, Electricity Backup, Floors: 2, Other Main Features, Furnished","Bedrooms: 5, Bathrooms: 6, Servant Quarters: 1, Drawing Room, Dining Room, Kitchens: 2, Store Rooms: 1",,,,"Nearby Schools, Nearby Hospitals, Nearby Shopping Malls, Nearby Restaurants, Distance From Airport (kms), Nearby Public Transport Service, Other Nearby Places","Security Staff, Other Facilities",,,
https://www.zameen.com/Property/islamabad_e-11_in_e-11_of_e-11_a_20_marla_house_is_available-52873534-329-1.html,"E-11, Islamabad",House,PKR14.5 Crore,6,1 Kanal,For Sale,6,5 months ago,"E-11, Islamabad, Islamabad Capital",E-11/3 MPCHS kanal house for sale 6 bedroom with washroom drawing Dining tv lounge kitchen Demand 14.50,"Built in year: 2024, Parking Spaces, Double Glazed Windows, Central Air Conditioning, Central Heating, Flooring, Electricity Backup, Waste Disposal, Floors: 1, Other Main Features, Furnished","Bedrooms: 2, Bathrooms: 2, Drawing Room, Dining Room, Kitchens, Study Room, Prayer Room, Powder Room, Gym, Steam Room, Lounge or Sitting Room, Laundry Room, Other Rooms","Broadband Internet Access, Satellite or Cable TV Ready, Intercom, Other Business and Communication Facilities","Community Lawn or Garden, Community Swimming Pool, Community Gym, First Aid or Medical Centre, Day Care Centre, Kids Play Area, Barbeque Area, Mosque, Community Centre, Other Community Facilities","Sauna, Jacuzzi","Nearby Schools, Nearby Hospitals, Nearby Shopping Malls, Nearby Restaurants, Distance From Airport (kms), Nearby Public Transport Service, Other Nearby Places","Maintenance Staff, Security Staff, Facilities for Disabled, Other Facilities",,,
https://www.zameen.com/Property/islamabad_e-11_e-11_1_kanal_3_storey_house_for_sale-52873535-329-1.html,"E-11, Islamabad",House,PKR14 Crore,-,1 Kanal,For Sale,10,4 months ago,"E-11, Islamabad, Islamabad Capital",E-11/1 MPCHS kanal 3 story 10 bedroom with washroom drawing Dining tv lounge kitchen 2 gate 2 kitchen Demand 14 crore,"Built in year: 2018, Parking Spaces, Double Glazed Windows, Central Air Conditioning, Central Heating, Flooring, Electricity Backup, Waste Disposal, Floors: 1, Other Main Features, Furnished","Bedrooms: 4, Bathrooms: 6, Servant Quarters: 1, Drawing Room, Dining Room, Kitchens: 2, Study Room, Prayer Room, Powder Room, Gym, Store Rooms: 1, Steam Room, Lounge or Sitting Room, Laundry Room, Other Rooms","Broadband Internet Access, Satellite or Cable TV Ready, Intercom, Other Business and Communication Facilities","Community Lawn or Garden, Community Swimming Pool, Community Gym, First Aid or Medical Centre, Day Care Centre, Kids Play Area, Barbeque Area, Mosque, Community Centre, Other Community Facilities","Lawn or Garden, Sauna, Jacuzzi, Other Healthcare and Recreation Facilities","Nearby Schools, Nearby Hospitals, Nearby Shopping Malls, Nearby Restaurants, Distance From Airport (kms), Nearby Public Transport Service, Other Nearby Places","Maintenance Staff, Security Staff, Facilities for Disabled, Other Facilities",,,
https://www.zameen.com/Property/islamabad_f-7_investor_alert_f7_2000_square_yard_old_livable_house_best_location_cda_transfer_main_location_20_bedroom_d_d_tv_lounge_3hall_specious_parking_for_sale-53175903-165-1.html,"F-7, Islamabad",House,PKR95 Crore,7,4 Kanal,For Sale,11,5 months ago,"F-7, Islamabad, Islamabad Capital","Investor Alert F7 2000 Syd Old Liveable House Best Location CDA Transfer Main Location 20 Bedroom D/D TV Lounge 3hall. Specious parking for sale 20 bed rooms house CDA Transfer Main Location TV Lounge Drawing Dining Kitchen Lawn Servant Quarter Bright Homes Luxury Real Estate Deals in, Luxury Houses F6, F7, F8, G6, E7 Islamabad We also Deal in Commercial and Industrial Properties All CDA Sectors","Built in year, Parking Spaces, Double Glazed Windows, Central Air Conditioning, Central Heating, Flooring, Electricity Backup, Waste Disposal, Floors, Other Main Features, Furnished","Bedrooms, Bathrooms, Servant Quarters, Drawing Room, Dining Room, Kitchens, Study Room, Prayer Room, Powder Room, Gym, Store Rooms, Steam Room, Lounge or Sitting Room, Laundry Room, Other Rooms","Broadband Internet Access, Satellite or Cable TV Ready, Intercom, Other Business and Communication Facilities","Community Lawn or Garden, Community Swimming Pool, Community Gym, First Aid or Medical Centre, Day Care Centre, Kids Play Area, Barbeque Area, Mosque, Community Centre, Other Community Facilities","Lawn or Garden, Swimming Pool, Sauna, Jacuzzi, Other Healthcare and Recreation Facilities","Nearby Schools, Nearby Hospitals, Nearby Shopping Malls, Nearby Restaurants, Distance From Airport (kms), Nearby Public Transport Service, Other Nearby Places","Maintenance Staff, Security Staff, Facilities for Disabled, Other Facilities",,,
https://www.zameen.com/Property/g_11_g-11_3_8_marla_front_open_house_for_sale_in_g11_3-52869214-3332-1.html,"G-11/3, G-11",House,PKR7 Crore,6,8 Marla,For Sale,6,1 week ago,"G-11, Islamabad, Islamabad Capital",6bed Rooms With Attached Washrooms Front Open Extra Land 5 Car Parking Space Closed End Street Double Riad Back Fully Renovated House,"Built in year: 2025, Parking Spaces: 5, Double Glazed Windows, Central Air Conditioning, Central Heating, Flooring, Electricity Backup, Waste Disposal, Floors: 2, Furnished","Bedrooms: 6, Bathrooms: 9, Servant Quarters: 1, Drawing Room, Dining Room, Kitchens: 2, Study Room, Prayer Room, Powder Room, Gym, Store Rooms: 1, Steam Room","Broadband Internet Access, Satellite or Cable TV Ready, Intercom","Community Lawn or Garden, Community Swimming Pool, Community Gym, First Aid or Medical Centre, Day Care Centre, Kids Play Area, Barbeque Area, Mosque, Community Centre","Lawn or Garden, Sauna, Jacuzzi","Nearby Schools, Nearby Hospitals, Nearby Shopping Malls, Nearby Restaurants, Distance From Airport (kms), Nearby Public Transport Service, Other Nearby Places","Maintenance Staff, Security Staff, Facilities for Disabled, Other Facilities",,,
https://www.zameen.com/Property/bahria_enclave_bahria_enclave_-_sector_c1_10_marla_brand_new_house_is_available_for_sale_in_sector_c1_bahria_enclave_islamabad-52930156-11987-1.html,"Bahria Enclave - Sector C1, Bahria Enclave",House,PKR5.35 Crore,5,10 Marla,For Sale,5,2 months ago,"Bahria Town, Islamabad, Islamabad Capital","Sector C1, Bahria Enclave Islamabad Plot Size: 10 Marla Type: Brand New Double Storey House Demand: 5 Crore 35 Lac Key Features: 5 Spacious Bedrooms with Attached Modern Bathrooms 2 Stylish Kitchens with High-Quality Fittings 2 Elegant TV Lounges Drawing & Dining Room Store Room & Servant Quarter Laundry Area Car Parking Space for 2 Vehicles Premium Finishing Includes: Beautiful False Ceilings & Feature Walls Imported Sanitary Fittings Solid Wood Doors and Cabinets Tile Flooring Throughout Modern Elevation Design Location Benefits: Walking Distance to Commercial Market Close to Masjid, Park & School 24/7 Security & Gated Community Underground Electricity, Gas & Water Supply Contact Now for Visit & Details:","Built in year: 2025, Parking Spaces: 3, Double Glazed Windows, Central Air Conditioning, Central Heating, Flooring, Electricity Backup, Waste Disposal, Floors: 2, Other Main Features, Furnished","Bedrooms: 5, Bathrooms: 5, Servant Quarters: 1, Drawing Room, Dining Room, Kitchens: 2, Study Room, Prayer Room, Powder Room, Gym, Store Rooms: 1, Steam Room, Lounge or Sitting Room, Laundry Room, Other Rooms","Broadband Internet Access, Satellite or Cable TV Ready, Intercom, Other Business and Communication Facilities","Community Lawn or Garden, Community Swimming Pool, Community Gym, First Aid or Medical Centre, Day Care Centre, Kids Play Area, Barbeque Area, Mosque, Community Centre, Other Community Facilities","Lawn or Garden, Swimming Pool, Sauna, Jacuzzi, Other Healthcare and Recreation Facilities","Nearby Schools, Nearby Hospitals, Nearby Shopping Malls, Nearby Restaurants, Distance From Airport (kms), Nearby Public Transport Service, Other Nearby Places","Maintenance Staff, Security Staff, Facilities for Disabled, Other Facilities",,,
https://www.zameen.com/Property/d_12_d-12_4_4_marla_prime_location_house_for_sale-52922558-3157-1.html,"D-12/4, D-12",House,PKR4.3 Crore,4,4 Marla,For Sale,4,4 months ago,"D-12, Islamabad, Islamabad Capital","Location: D-12/4, Islamabad Property Type: Double Storey House Size: 4 Marla 4 Bedrooms With Attached Bathrooms 2 TV Lounges 1 Kitchens Drawing/Dining Room Stylish Tiles Flooring Solid Construction With Elegant Finishes Wide Car Porch Beautiful Front Elevation All Basic Utilities: Electricity, Gas, Water 30 Ft Wide Street Near Park And Masjid Walking Distance To School &Amp; Market Ideal For Living Or Investment Demand: [4Crore 30lac] For More Details Feel Free To Contact Fair Deal D-12","Built in year: 2025, Parking Spaces: 1, Double Glazed Windows, Central Air Conditioning, Central Heating, Flooring, Electricity Backup, Waste Disposal, Floors: 2, Other Main Features, Furnished","Bedrooms: 4, Bathrooms: 4, Servant Quarters: 1, Drawing Room, Dining Room, Kitchens: 1, Study Room, Prayer Room, Powder Room, Gym, Store Rooms: 1, Steam Room, Lounge or Sitting Room, Laundry Room, Other Rooms","Broadband Internet Access, Satellite or Cable TV Ready, Intercom, Other Business and Communication Facilities","Community Lawn or Garden, Community Swimming Pool, Community Gym, First Aid or Medical Centre, Day Care Centre, Kids Play Area, Barbeque Area, Mosque, Community Centre, Other Community Facilities","Lawn or Garden, Sauna, Jacuzzi, Other Healthcare and Recreation Facilities","Nearby Schools, Nearby Hospitals, Nearby Shopping Malls, Nearby Restaurants, Distance From Airport (kms), Nearby Public Transport Service, Other Nearby Places","Maintenance Staff, Security Staff, Facilities for Disabled, Other Facilities",,,
https://www.zameen.com/Property/kashmir_highway_eighteen_a_good_option_for_sale_is_the_house_available_in_eighteen_in_islamabad-45543576-12602-1.html,"Eighteen, Kashmir Highway",House,PKR12.5 Crore,-,1 Kanal,For Sale,-,2 days ago,"Kashmir Highway, Islamabad, Islamabad Capital","LUXURY VILLAS FOR SALE EIGHTEEN KASHMIR HIGHWAY ISLAMABAD A modern look House in a posh location is all you need to live your best life. Book your dream home from our endless property options available for sale. The 1 Kanal property is great for a comfortable family life. You will be hard-pressed to find such a price of Rs. 110,000,000 in the area. Eighteen offers a serene environment and comfort, what more could you be asking for? Islamabad has a thriving real estate market so you can be certain of finding the home of your dreams. Following are some of the notable features of this property. The House features state-of-the-art amenities for the differently-abled. The building has a sauna where you can relax after a long day. Feeling stressed? Take a dip in the Jacuzzi and you will be fine in no time. Enjoy fast speed broadband internet access available in the property. Your kids can play to their heart's content in the play area adjoining the property. In summers, you can enjoy your tea inside with central air-conditioning in the House. A beautifully designed prayer room is another feature of the House that you will come to love. We are just a phone call away, contact us now!","Built in year: 2021, Double Glazed Windows, Central Air Conditioning, Central Heating, Flooring, Electricity Backup, Waste Disposal",,"Broadband Internet Access, Satellite or Cable TV Ready, Intercom, Other Business and Communication Facilities","Community Lawn or Garden, Community Swimming Pool, Community Gym, First Aid or Medical Centre, Day Care Centre, Kids Play Area, Barbeque Area, Mosque, Community Centre, Other Community Facilities","Sauna, Jacuzzi, Other Healthcare and Recreation Facilities","Nearby Schools, Nearby Hospitals, Nearby Shopping Malls, Nearby Restaurants, Distance From Airport (kms), Nearby Public Transport Service, Other Nearby Places","Maintenance Staff, Security Staff, Facilities for Disabled, Other Facilities",,,
https://www.zameen.com/Property/islamabad_lehtrar_road_this_is_your_chance_to_buy_house_in_lehtrar_road-53319774-3461-1.html,"Lehtrar Road, Islamabad",House,PKR1.35 Crore,3,5 Marla,For Sale,3,2 weeks ago,"Lehtrar Road, Islamabad, Islamabad Capital","Royal Home Society with 80 feet double road All of us go home, not for money, call directly and come Search for more details on Google. reasonable quailty Gas connection, electricity, water, green area All video is available Total Construction has a lot of ACI location, don't delay","Built in year: 2022, Parking Spaces: 2, Central Air Conditioning, Central Heating, Flooring, Electricity Backup, Waste Disposal, Other Main Features","Bedrooms: 2, Bathrooms: 2, Drawing Room, Dining Room, Kitchens: 1, Gym, Laundry Room","Broadband Internet Access, Satellite or Cable TV Ready, Intercom, Other Business and Communication Facilities","Community Lawn or Garden, Community Swimming Pool, Community Gym, First Aid or Medical Centre, Day Care Centre, Kids Play Area, Barbeque Area, Mosque, Community Centre, Other Community Facilities",,"Nearby Schools, Nearby Hospitals, Nearby Shopping Malls, Nearby Restaurants, Distance From Airport (kms), Nearby Public Transport Service, Other Nearby Places","Maintenance Staff, Security Staff, Other Facilities",,,
https://www.zameen.com/Property/dha_defence_dha_defence_phase_2_1_kanal_luxury_smart_home_available_for_sale_in_dha_phase_02_islamabad-53319776-339-1.html,"DHA Defence Phase 2, DHA Defence",House,PKR12.8 Crore,6,1 Kanal,For Sale,5,5 months ago,"DHA Defence, Islamabad, Islamabad Capital","1 Kanal Luxury Smart Home Available For Sale In DHA Phase 02 Islamabad. - Area - DHA-2 ISLAMABAD - Property Size - 1 Kanal - House Details - Modern Design Brand New House Owner build House Details - 05 bedrooms with attached washrooms - 2(ground floor) + 3 (upper floor) - Drawing & Dining area - Powder Room - Double-High Lobby - Tv Lounge - Kitchen (2 ) - Servant Quarter House Aesthetics - All Doors made of Solid Wood (Mohangni wood) - Double Height Lobby - Windows of UPVC (single-glazed) - Imported Tiles - Grohe, Roca, ceramics fittings. - Car Porch for 2 Cars(SUVs) - All electric appliances are installed in it. . - inverter and ACs etc. . - touch panels are installed in it Italian gate motor - (solar not installed) DEMAND 12.80 CRORE","Built in year: 2025, Parking Spaces: 3, Double Glazed Windows, Central Air Conditioning, Central Heating, Flooring, Electricity Backup, Waste Disposal, Floors: 2, Other Main Features, Furnished","Bedrooms: 5, Bathrooms: 6, Servant Quarters: 2, Drawing Room, Dining Room, Kitchens: 2, Study Room, Prayer Room, Store Rooms: 2, Other Rooms","Broadband Internet Access, Satellite or Cable TV Ready","Community Lawn or Garden, Community Gym, First Aid or Medical Centre, Day Care Centre, Kids Play Area, Barbeque Area, Mosque, Community Centre, Other Community Facilities",Lawn or Garden,"Nearby Schools, Nearby Hospitals, Nearby Shopping Malls, Nearby Restaurants, Distance From Airport (kms), Nearby Public Transport Service, Other Nearby Places","Security Staff, Other Facilities",,,
https://www.zameen.com/Property/d_12_d-12_4_brand_new_fully_luxury_furnished_5_bedroom_house_for_sale-53183267-3157-1.html,"D-12/4, D-12",House,PKR13.5 Crore,6,10 Marla,For Sale,5,3 months ago,"D-12, Islamabad, Islamabad Capital",Brand New House For Sale Fully Luxury Furnished * 5 Bedroom * 6 Bath * TV Lounge * Kitchen * Drawing Dining * Size 10 Marla * 70 Feet Road * Demand 14 Crore,"Built in year: 2025, Parking Spaces: 2, Double Glazed Windows, Central Air Conditioning, Central Heating, Flooring, Electricity Backup, Waste Disposal, Floors: 2, Other Main Features, Furnished","Bedrooms: 5, Bathrooms: 6, Servant Quarters: 1, Drawing Room, Dining Room, Kitchens: 1, Study Room, Prayer Room, Powder Room, Gym, Store Rooms: 1, Steam Room, Lounge or Sitting Room, Laundry Room, Other Rooms","Broadband Internet Access, Satellite or Cable TV Ready, Intercom, Other Business and Communication Facilities","Community Lawn or Garden, Community Swimming Pool, Community Gym, First Aid or Medical Centre, Day Care Centre, Kids Play Area, Barbeque Area, Mosque, Community Centre, Other Community Facilities","Lawn or Garden, Swimming Pool, Sauna, Jacuzzi, Other Healthcare and Recreation Facilities","Nearby Schools, Nearby Hospitals, Nearby Shopping Malls, Nearby Restaurants, Distance From Airport (kms), Nearby Public Transport Service, Other Nearby Places","Maintenance Staff, Security Staff, Facilities for Disabled, Other Facilities",,,
https://www.zameen.com/Property/jinnah_gardens_jinnah_gardens_phase_1_1-_kanal_luxury_designer_brand_new_double_storey_house_for_sale_at_reasonable_price-53183148-1421-1.html,"Jinnah Gardens Phase 1, Jinnah Gardens",House,PKR7.5 Crore,7,1 Kanal,For Sale,6,2 weeks ago,"FECHS, Islamabad, Islamabad Capital","Size: (50 x 90), Near to Market and Masjid Sun Facing Heighted and Excellent Location, Brand New Double Storey Sun Facing House. Map Approved From CDA, 40ft Carpeted Street, Under Ground Electricity, This House Has Proper 7-Bedroom's With Washroom's. 2- Kitchen Plus Dirty Kitchen On Each Floor. 2- T. V Lounge and Drawing Room Plus Powder Room . Study & Servant Quarter Room is Available in This House. 3 to 4 Car Parking Space. The Best Views are From The Top Floor. Basic Facilities Including GAS, Electricity, Society Water Supply is Available So You Can Buy This House & Start Living From Very First Day. Owner Build Home with A+ Construction. Call For More Detail's and Option's. Owner Asking Price 7- Crore, 50- Lac in Demand, (Price Negotiable)","Built in year: 2025, Parking Spaces: 3, Double Glazed Windows, Central Air Conditioning, Central Heating, Flooring, Electricity Backup, Waste Disposal, Floors: 2, Other Main Features, Furnished","Bedrooms: 6, Bathrooms: 8, Servant Quarters: 1, Drawing Room, Dining Room, Kitchens: 2, Study Room, Prayer Room, Powder Room, Gym, Store Rooms: 1, Steam Room, Lounge or Sitting Room, Laundry Room","Broadband Internet Access, Satellite or Cable TV Ready, Intercom","Community Lawn or Garden, Community Swimming Pool, Community Gym, First Aid or Medical Centre, Day Care Centre, Kids Play Area, Barbeque Area, Mosque, Community Centre","Lawn or Garden, Swimming Pool, Sauna, Jacuzzi","Nearby Schools, Nearby Hospitals, Nearby Shopping Malls, Nearby Restaurants, Distance From Airport (kms), Nearby Public Transport Service, Other Nearby Places","Maintenance Staff, Security Staff, Facilities for Disabled",,,
https://www.zameen.com/Property/islamabad_g-15_a_beautiful_house_available_for_sale-53124467-764-1.html,"G-15, Islamabad",House,PKR3.4 Crore,5,8 Marla,For Sale,5,4 months ago,"G-15, Islamabad, Islamabad Capital","A Beautiful House Available For Sale At Investor Rate. Accommodation: 4 Master Bed With Attach Bath, 5 Washrooms 2 TV Lounge 2 Drawing Room 2 Kitchen Store Room All Facilities Available Like Gas, Water, Bore Etc. Near To Markaz, School, Hospital, Mosque, Park, And Very Near To Roots School. For Further Information Contact Us","Built in year: 2, Parking Spaces: 2, Double Glazed Windows, Central Air Conditioning, Central Heating, Flooring, Electricity Backup, Floors: 2","Bedrooms: 4, Bathrooms: 5, Servant Quarters: 1, Drawing Room, Dining Room, Kitchens: 2, Store Rooms: 2, Lounge or Sitting Room","Broadband Internet Access, Satellite or Cable TV Ready, Intercom","Community Gym, Kids Play Area, Barbeque Area, Mosque",,"Nearby Schools, Nearby Hospitals, Nearby Shopping Malls, Nearby Restaurants, Distance From Airport (kms), Nearby Public Transport Service, Other Nearby Places","Security Staff, Other Facilities",,,
https://www.zameen.com/Property/g_14_g-14_4_gali_corner_house_for_sale_in_g-14_4_islamabad-53089793-3346-1.html,"G-14/4, G-14",House,PKR4.1 Crore,5,5 Marla,For Sale,4,3 months ago,"G-14, Islamabad, Islamabad Capital","Gali Corner House For Sale in G-14/4 Islamabad Size. 25x50(5-Marla) 4 Bedrooms attached Washrooms Double Kitchen Double Tv Lounge and Dining Rooms Servant Quarter on Mumty Attached Washroom 1 Car Parking space *Located on Prime Location of G-14/4 *Solid Constructed House (Gali Corner) *Near To All Facilities (Market,Filter,Plant,Masque,etc) *Direct Deal with Owner *investor Rate House Demand. 4 Crore 25 Lac Note. front picture is not original","Built in year: 2, Parking Spaces: 1, Double Glazed Windows, Central Air Conditioning, Central Heating, Flooring, Electricity Backup, Waste Disposal, Floors: 2, Other Main Features, Furnished","Bedrooms: 4, Bathrooms: 5, Servant Quarters, Drawing Room, Dining Room, Kitchens: 2, Study Room, Prayer Room, Powder Room, Gym, Store Rooms: 1, Steam Room, Lounge or Sitting Room, Laundry Room, Other Rooms","Broadband Internet Access, Satellite or Cable TV Ready, Intercom, Other Business and Communication Facilities","Community Lawn or Garden, Community Swimming Pool, Community Gym, First Aid or Medical Centre, Day Care Centre, Kids Play Area, Barbeque Area, Mosque, Community Centre, Other Community Facilities","Lawn or Garden, Swimming Pool, Sauna, Jacuzzi, Other Healthcare and Recreation Facilities","Nearby Schools, Nearby Hospitals, Nearby Shopping Malls, Nearby Restaurants, Distance From Airport (kms), Nearby Public Transport Service, Other Nearby Places","Maintenance Staff, Security Staff, Facilities for Disabled, Other Facilities",,,
https://www.zameen.com/Property/gulberg_greens_gulberg_greens_-_block_c_4_kanal_corner_plot_develop_possession_for_farm_house_in_gulberg_greens-53150467-8315-1.html,"Gulberg Greens - Block C, Gulberg Greens",Farm House,PKR12 Crore,-,4 Kanal,For Sale,-,4 months ago,"Gulberg, Islamabad, Islamabad Capital",4 Kanal Corner Plot Develop Possession For Farm House In Gulberg Greens Available For Sale Category: Corner Sun Face + Lake View 50 Ft Wide Road,"Built in year: 2025, Parking Spaces: 2, Double Glazed Windows, Central Air Conditioning, Central Heating, Flooring, Electricity Backup, Waste Disposal, Other Main Features","Bedrooms: 4, Bathrooms: 5, Servant Quarters: 1, Drawing Room, Dining Room, Kitchens: 1, Study Room, Prayer Room, Store Rooms: 1, Other Rooms","Broadband Internet Access, Satellite or Cable TV Ready, Intercom, Other Business and Communication Facilities","Community Lawn or Garden, Community Swimming Pool, Community Gym, First Aid or Medical Centre, Day Care Centre, Kids Play Area, Barbeque Area, Mosque, Community Centre, Other Community Facilities","Sauna, Jacuzzi","Nearby Schools, Nearby Hospitals, Nearby Shopping Malls, Nearby Restaurants, Distance From Airport (kms), Nearby Public Transport Service, Other Nearby Places","Maintenance Staff, Security Staff, Facilities for Disabled, Other Facilities",,,
https://www.zameen.com/Property/gulberg_greens_karakoram_greens_2_bedroom_apartment_available_for_sale_in_karakoram_greens_gulberg-53183775-11832-1.html,"Karakoram Greens, Gulberg Greens",Flat,PKR3.2 Crore,2,6.9 Marla,For Sale,2,3 months ago,"Gulberg, Islamabad, Islamabad Capital",2 bedroom apartment available for sale in karakoram greens gulberg.,"Built in year: 2024, Parking Spaces, Lobby in Building, Double Glazed Windows, Flooring, Electricity Backup, Waste Disposal, Floors in Building: 18, Elevators, Service Elevators in Building, Other Main Features",,,,,,,,,
https://www.zameen.com/Property/gulberg_greens_gulberg_heights_1_bedroom_flat_available_for_sale_in_gulberg_heights_gulberg_greens_islamabad_greens-53217795-19298-1.html,"Gulberg Heights, Gulberg Greens",Flat,PKR1.15 Crore,1,3 Marla,For Sale,1,4 months ago,"Gulberg, Islamabad, Islamabad Capital",1 bedroom apartment available for sale in gulberg heights gulberg greens.,"Built in year: 2023, Parking Spaces, Double Glazed Windows, Flooring, Electricity Backup, Waste Disposal, Floors in Building: 6, Elevators, Service Elevators in Building","Bedrooms: 3, Bathrooms: 3, Drawing Room, Dining Room, Kitchens: 1",,"Community Lawn or Garden, Community Swimming Pool, Community Gym, First Aid or Medical Centre, Day Care Centre, Kids Play Area, Barbeque Area, Mosque, Community Centre",,"Nearby Schools, Nearby Hospitals, Nearby Shopping Malls, Nearby Restaurants, Distance From Airport (kms), Nearby Public Transport Service, Other Nearby Places","Security Staff, Other Facilities",,,
https://www.zameen.com/Property/islamabad_f-6_investor_alert_f6_1600_syd_old_house_main_location_cda_transfer_near_to_markaz_margalla_view_4_bed_rooms_d_d_tv_lounge_with_sqr_front_big_lawn-53175039-164-1.html,"F-6, Islamabad",House,PKR75 Crore,5,3.2 Kanal,For Sale,4,5 months ago,"F-6, Islamabad, Islamabad Capital","Investor Alert F6 1600 Syd Old House Main Location CDA Transfer Near to Markaz Margalla View 4 Bed Rooms D/D TV Lounge with Sqr Front Big Lawn 4 bed rooms house Near to Markaz Margalla View CDA Transfer Main Location TV Lounge Drawing Dining Kitchen Lawn Servant Quarter Bright Homes Luxury Real Estate Deals in, Luxury Houses F6, F7, F8, G6, E7 Islamabad We also Deal in Commercial and Industrial Properties All CDA Sectors","Built in year, Parking Spaces, Double Glazed Windows, Central Air Conditioning, Central Heating, Flooring, Electricity Backup, Waste Disposal, Floors, Other Main Features, Furnished","Bedrooms, Bathrooms, Servant Quarters, Drawing Room, Dining Room, Kitchens, Study Room, Prayer Room, Powder Room, Gym, Store Rooms, Steam Room, Lounge or Sitting Room, Laundry Room, Other Rooms","Broadband Internet Access, Satellite or Cable TV Ready, Intercom, Other Business and Communication Facilities","Community Lawn or Garden, Community Swimming Pool, Community Gym, First Aid or Medical Centre, Day Care Centre, Kids Play Area, Barbeque Area, Mosque, Community Centre, Other Community Facilities",,"Nearby Schools, Nearby Hospitals, Nearby Shopping Malls, Nearby Restaurants, Distance From Airport (kms), Nearby Public Transport Service, Other Nearby Places","Maintenance Staff, Security Staff, Facilities for Disabled, Other Facilities",,,
https://www.zameen.com/Property/islamabad_e-11_buy_2300_square_feet_flat_at_highly_affordable_price-53234071-329-1.html,"E-11, Islamabad",Flat,PKR3.3 Crore,4,10.2 Marla,For Sale,4,5 months ago,"E-11, Islamabad, Islamabad Capital",Capital residencia 4 bedroom with washroom drawing Dining tv lounge kitchen under ground car parking Servant room 11th floor Margalla view Demand 3.3 cr Size 10 marla,"Built in year: 2025, Parking Spaces: 1, Lobby in Building, Double Glazed Windows, Central Air Conditioning, Central Heating, Flooring, Waste Disposal, Floor: 3, Floors in Building: 4, Elevators: 1, Service Elevators in Building, Other Main Features, Furnished","Bedrooms: 1, Bathrooms: 1, Drawing Room, Dining Room, Kitchens: 1, Study Room, Prayer Room, Powder Room, Gym, Steam Room, Lounge or Sitting Room, Laundry Room","Broadband Internet Access, Satellite or Cable TV Ready, Business Center or Media Room in Building, Conference Room in Building, Intercom, ATM Machines, Other Business and Communication Facilities","Community Lawn or Garden, Community Swimming Pool, Community Gym, First Aid or Medical Centre, Day Care Centre, Kids Play Area, Barbeque Area, Mosque, Community Centre, Other Community Facilities","Sauna, Jacuzzi, Other Healthcare and Recreation Facilities","Nearby Schools, Nearby Hospitals, Nearby Shopping Malls, Nearby Restaurants, Distance From Airport (kms), Nearby Public Transport Service, Other Nearby Places","Maintenance Staff, Security Staff, Laundry or Dry Cleaning Facility, Communal/Shared Kitchen, Facilities for Disabled",,,
https://www.zameen.com/Property/e_11_e-11_1_centrally_located_flat_for_sale_in_e-11_1_available-53234974-3230-1.html,"E-11/1, E-11",Flat,PKR4.5 Crore,4,10.7 Marla,For Sale,4,4 months ago,"E-11, Islamabad, Islamabad Capital","Luxury 4 bedroom Appartment for Sale, Margalla Hills-1, MPCHS, E-11/1, 04 Bedrooms with Attached Washrooms, TV Lounge, Drawing/Dinning, Servent Quater with attached Washroom & Seperate Enterence, Margalla Facing, Proper Corner, Margala View from all Bedrooms & TV Lounge, 05 Airconditioners & Microwave installed. Exclusive underground parking. Demand : Rs 4.5 Cror","Built in year: 2025, Parking Spaces, Lobby in Building, Double Glazed Windows, Central Air Conditioning, Central Heating, Flooring, Electricity Backup, Waste Disposal, Service Elevators in Building, Other Main Features, Furnished","Bedrooms: 4, Bathrooms: 5, Servant Quarters: 1, Drawing Room, Dining Room, Kitchens: 2, Study Room, Prayer Room, Powder Room, Gym, Store Rooms: 1, Steam Room, Lounge or Sitting Room, Laundry Room, Other Rooms","Broadband Internet Access, Satellite or Cable TV Ready, Business Center or Media Room in Building, Conference Room in Building, Intercom, ATM Machines, Other Business and Communication Facilities","Community Lawn or Garden, Community Swimming Pool, Community Gym, First Aid or Medical Centre, Day Care Centre, Kids Play Area, Barbeque Area, Mosque, Community Centre, Other Community Facilities","Sauna, Jacuzzi, Other Healthcare and Recreation Facilities","Nearby Schools, Nearby Hospitals, Nearby Shopping Malls, Nearby Restaurants, Distance From Airport (kms), Nearby Public Transport Service, Other Nearby Places","Maintenance Staff, Security Staff, Laundry or Dry Cleaning Facility, Communal/Shared Kitchen, Facilities for Disabled, Other Facilities",,,
https://www.zameen.com/Property/dha_defence_phase_2_dha_phase_2_-_sector_j_dha_phase_2_5_marla_brand_new_house_available_for_sale-52694594-8399-1.html,"DHA Phase 2 - Sector J, DHA Defence Phase 2",House,PKR4.5 Crore,5,5 Marla,For Sale,4,1 month ago,"DHA Defence, Islamabad, Islamabad Capital","If you are looking to buy a property in Islamabad, this one might please you. Properties in the best locations sell fast, so be quick if you want to own one yourself. You don't want to miss the opportunity of booking your unit at a price of PKR Rs. 45000000 as it is quite lucrative. This House available for sale is perfect for investment purposes. 5 Marla units are available for sale in the best location, located near the city centre. Also, you'd be hard pressed to find a property in DHA Phase 2 - Sector J which offers the same package. We are just a call away.","Built in year: 2024, Parking Spaces, Double Glazed Windows, Central Air Conditioning, Central Heating, Flooring, Electricity Backup, Waste Disposal, Floors: 2, Other Main Features, Furnished","Bedrooms: 6, Bathrooms: 7, Servant Quarters: 1, Drawing Room, Dining Room, Kitchens: 2, Study Room, Prayer Room, Powder Room, Gym, Store Rooms, Steam Room, Lounge or Sitting Room, Laundry Room, Other Rooms","Broadband Internet Access, Satellite or Cable TV Ready, Intercom, Other Business and Communication Facilities","Community Lawn or Garden, Community Swimming Pool, Community Gym, First Aid or Medical Centre, Day Care Centre, Kids Play Area, Barbeque Area, Mosque, Community Centre, Other Community Facilities","Lawn or Garden, Swimming Pool, Sauna, Jacuzzi, Other Healthcare and Recreation Facilities","Nearby Schools, Nearby Hospitals, Nearby Shopping Malls, Nearby Restaurants, Distance From Airport (kms), Nearby Public Transport Service, Other Nearby Places","Maintenance Staff, Security Staff, Facilities for Disabled, Other Facilities",,,
https://www.zameen.com/Property/mpchs_multi_gardens_mpchs_-_block_f_5_marla_corner_designer_house_for_sale-53355474-8527-1.html,"MPCHS - Block F, MPCHS - Multi Gardens",House,PKR2.6 Crore,3,5.6 Marla,For Sale,3,4 months ago,"B-17, Islamabad, Islamabad Capital","5 Marla Corner Designer House for Sale in Block F B-17 Amenities & Features: 3 Spacious Bedrooms with Attached Bathrooms Stylish TV Lounge Modern Open Kitchen Drawing Room Dining Area Store Room Powder Room 1 Car Parking Space Front Open View Tiled Flooring Solid Wood Doors & Cupboards Electricity, Water & Gas Connections Available Laundry Area Excellent Ventilation & Natural Light Nearby Facilities Masjid within Walking Distance Parks & Green Belts Commercial Market Nearby Schools & Colleges in Vicinity Easy Access to Main Road & Public Transport For more details contact Us","Built in year: 2025, Parking Spaces: 1, Flooring, Electricity Backup, Waste Disposal, Floors: 2","Bedrooms: 3, Bathrooms: 3, Servant Quarters: 1, Drawing Room, Dining Room, Kitchens: 2, Store Rooms: 1, Lounge or Sitting Room, Laundry Room","Broadband Internet Access, Satellite or Cable TV Ready, Intercom","Community Lawn or Garden, Community Swimming Pool, Community Gym, First Aid or Medical Centre, Day Care Centre, Kids Play Area, Barbeque Area, Mosque, Community Centre",Lawn or Garden,"Nearby Schools, Nearby Hospitals, Nearby Shopping Malls, Nearby Restaurants, Distance From Airport (kms), Nearby Public Transport Service, Other Nearby Places","Security Staff, Other Facilities",,,
https://www.zameen.com/Property/f_10_f-10_markaz_f_10_markaz_3rd_floor_corner_flat_available_for_sale-52976291-3280-1.html,"F-10 Markaz, F-10",Flat,PKR2.25 Crore,1,3.3 Marla,For Sale,2,2 months ago,"F-10, Islamabad, Islamabad Capital","F'10 Markaz 3rd Floor CORNER Flat available for Sale 741 sqft 2 bedroom 1 washroom 1kitchen CDA Transfer Rent income 80,k Near al maroof INT hospital plz contact. . . . . for more details. .",,,,,,"Nearby Schools, Nearby Hospitals, Nearby Shopping Malls, Nearby Restaurants, Distance From Airport (kms), Nearby Public Transport Service, Other Nearby Places","Security Staff, Other Facilities",,,
https://www.zameen.com/Property/dha_defence_phase_2_dha_phase_2_-_sector_g_dha_phase_2_one_kanal_designer_house_near_roundabout-53031426-3202-1.html,"DHA Phase 2 - Sector G, DHA Defence Phase 2",House,PKR13.95 Crore,6,1 Kanal,For Sale,5,4 months ago,"DHA Defence, Islamabad, Islamabad Capital","The spacious and centrally located House is ideal to live a luxurious lifestyle. With real estate on the boom, investing in Islamabad is no less than an opportunity. The price tag is set quite reasonably at Rs. 139500000. This 20 Marla property is easily the most sought-after one in the locale. Ideally located on DHA Phase 2 - Sector G, this is a rare and golden real estate opportunity. A solid property is the best investment. We can help you buy the house of your dreams, so stop waiting and book your meeting today.","Built in year: 2025, Parking Spaces, Double Glazed Windows, Central Heating, Flooring, Electricity Backup, Waste Disposal, Floors: 2, Other Main Features",,,,,,,,,
https://www.zameen.com/Property/dha_defence_dha_defence_phase_2_1_kanal_beautiful_designer_house_for_sale_in_dha_2-53324959-339-1.html,"DHA Defence Phase 2, DHA Defence",House,PKR11.25 Crore,6,1 Kanal,For Sale,6,1 week ago,"DHA Defence, Islamabad, Islamabad Capital",1 kanal beautiful designer house for sale in DHA 2 5 Bedroom 6 washroom Double Unit 2 Drawing+Dinning 2 TV lounge 2 kitchen Demand 1125lac. . . . .,"Built in year: 2025, Parking Spaces, Double Glazed Windows, Central Air Conditioning, Central Heating, Flooring, Electricity Backup, Waste Disposal, Floors: 2, Other Main Features, Furnished","Bedrooms: 4, Bathrooms: 6, Servant Quarters, Drawing Room, Dining Room, Kitchens: 2, Study Room, Prayer Room, Powder Room, Gym, Store Rooms, Steam Room, Lounge or Sitting Room, Laundry Room, Other Rooms","Broadband Internet Access, Satellite or Cable TV Ready, Intercom, Other Business and Communication Facilities","Community Lawn or Garden, Community Swimming Pool, Community Gym, First Aid or Medical Centre, Day Care Centre, Kids Play Area, Barbeque Area, Mosque, Community Centre, Other Community Facilities","Lawn or Garden, Swimming Pool, Sauna, Jacuzzi, Other Healthcare and Recreation Facilities","Nearby Schools, Nearby Hospitals, Nearby Shopping Malls, Nearby Restaurants, Distance From Airport (kms), Nearby Public Transport Service, Other Nearby Places","Maintenance Staff, Security Staff, Facilities for Disabled, Other Facilities",,,
https://www.zameen.com/Property/d_12_d-12_3_d-12_3_house_sized_4_marla_for_sale-53260487-3156-1.html,"D-12/3, D-12",House,PKR4 Crore,4,4 Marla,For Sale,3,6 months ago,"D-12, Islamabad, Islamabad Capital","25x40 Brand New House for Sale D-12/3, Islamabad Prime Location D-12/3 (Owner-Built) A beautifully constructed, brand new 25x40 house available for sale in the highly sought-after sector D-12/3. This owner-made home is perfect for families seeking comfort, convenience, and a central location. Property Features: Size: 25x40 (1000 sq. ft. ) 3 Spacious Bedrooms with Attached Bathrooms Drawing Room & Sitting Area Modern Kitchen Servant Quarter 1 Car Parking Space Location Highlights: Top location in D-12/3 Walking distance to Main Double Road, KFC, Carrefour Close to Hill Park and Main Markaz Demand: PKR 4.00 Crore","Built in year: 2025, Parking Spaces: 1, Double Glazed Windows, Flooring, Electricity Backup, Waste Disposal, Other Main Features","Bedrooms: 3, Bathrooms: 4, Servant Quarters: 1, Kitchens: 1, Lounge or Sitting Room","Broadband Internet Access, Satellite or Cable TV Ready, Intercom, Other Business and Communication Facilities","Community Lawn or Garden, Community Swimming Pool, Community Gym, First Aid or Medical Centre, Day Care Centre, Kids Play Area, Barbeque Area, Mosque, Community Centre, Other Community Facilities","Sauna, Other Healthcare and Recreation Facilities","Nearby Schools, Nearby Hospitals, Nearby Shopping Malls, Nearby Restaurants, Distance From Airport (kms), Nearby Public Transport Service, Other Nearby Places","Security Staff, Other Facilities",,,
https://www.zameen.com/Property/kashmir_highway_eighteen_luxury_semi_furnished_ready_to_move_in_10_marla_villa_park_face_with_extra_land_in_eighteen_available-51800500-12602-1.html,"Eighteen, Kashmir Highway",House,PKR6.2 Crore,5,10 Marla,For Sale,4,2 days ago,"Kashmir Highway, Islamabad, Islamabad Capital","The villas of Eighteen are designed for those with a taste of finer things in life. Available in a variety of sizes, architectural styles and interior layouts, these fully-fitted residence units combine elements of luxury, comfort and sustainability. In keeping with the strong tradition of elite designs and Italian craftsmanship in the interiors, the masterminds of Eighteen have created homes that are at par with international standards.","Built in year: 2024, Parking Spaces: 2, Double Glazed Windows, Central Air Conditioning, Central Heating, Flooring, Electricity Backup, Waste Disposal, Floors: 2, Other Main Features, Furnished","Bedrooms: 2, Bathrooms: 2, Servant Quarters, Drawing Room, Dining Room, Kitchens, Study Room, Prayer Room, Powder Room, Gym, Store Rooms: 1, Steam Room, Lounge or Sitting Room, Laundry Room, Other Rooms","Broadband Internet Access, Satellite or Cable TV Ready, Intercom, Other Business and Communication Facilities","Community Lawn or Garden, Community Swimming Pool, Community Gym, First Aid or Medical Centre, Day Care Centre, Kids Play Area, Barbeque Area, Mosque, Community Centre, Other Community Facilities","Lawn or Garden, Swimming Pool, Sauna, Jacuzzi, Other Healthcare and Recreation Facilities","Nearby Schools, Nearby Hospitals, Nearby Shopping Malls, Nearby Restaurants, Distance From Airport (kms), Nearby Public Transport Service, Other Nearby Places","Maintenance Staff, Security Staff, Facilities for Disabled, Other Facilities",,,
https://www.zameen.com/Property/kashmir_highway_eighteen_8_kanal_luxurious_villa_for_sale_in_eighteen_islamabad-50470334-12602-1.html,"Eighteen, Kashmir Highway",House,PKR65 Crore,6,8 Kanal,For Sale,7,2 days ago,"Kashmir Highway, Islamabad, Islamabad Capital","The Villas Of Eighteen Are Designed For Those With A Taste Of Finer Things In Life. Architectural Styles And Interior Layouts, These Fully-Fitted Residence Units Combine Elements Of Luxury, Comfort And Sustainability. In Keeping With The Strong Tradition Of Elite Designs And Italian Craftsmanship In The Interiors, The Masterminds Of Eighteen Have Created Homes That Are At Par With International Standards.","Built in year: 2024, Parking Spaces: 8, Double Glazed Windows, Central Air Conditioning, Central Heating, Flooring, Electricity Backup, Waste Disposal, Floors: 2, Furnished","Bathrooms: 7, Servant Quarters, Drawing Room, Dining Room, Kitchens: 1, Study Room, Prayer Room, Powder Room, Gym, Store Rooms, Steam Room, Lounge or Sitting Room, Laundry Room","Broadband Internet Access, Satellite or Cable TV Ready, Intercom, Other Business and Communication Facilities","Community Lawn or Garden, Community Swimming Pool, Community Gym, First Aid or Medical Centre, Day Care Centre, Kids Play Area, Barbeque Area, Mosque, Other Community Facilities","Lawn or Garden, Swimming Pool, Sauna, Jacuzzi, Other Healthcare and Recreation Facilities","Nearby Schools, Nearby Hospitals, Nearby Shopping Malls, Nearby Restaurants, Distance From Airport (kms), Nearby Public Transport Service, Other Nearby Places","Maintenance Staff, Security Staff, Other Facilities",,,
https://www.zameen.com/Property/bahria_town_bahria_enclave_bahria_enclave_islamabad_5marla_designer_house_available_for_sale-53287700-1705-1.html,"Bahria Enclave, Bahria Town",House,PKR2.35 Crore,4,5 Marla,For Sale,3,5 months ago,"Bahria Town, Islamabad, Islamabad Capital",bahria enclave Islamabad 5marla designer house available for sale 3bed room 4 wash room 2 TV Dining 1 Drwing room 1 kitchen 1 powder room sarvant attach wash room car parking 3 car space prime location beautiful view near to commercial near to family park main boulevard house watar electric internet 24 hours available solid wood designer washroom family park school waking distance full develop sector,"Built in year: 2025, Parking Spaces: 1, Double Glazed Windows, Central Air Conditioning, Central Heating, Flooring, Electricity Backup, Waste Disposal, Floors: 2, Other Main Features, Furnished","Bedrooms: 3, Bathrooms: 4, Servant Quarters: 1, Drawing Room, Dining Room, Kitchens: 1, Study Room, Prayer Room, Powder Room, Gym, Store Rooms: 1, Steam Room, Lounge or Sitting Room, Laundry Room, Other Rooms","Broadband Internet Access, Satellite or Cable TV Ready, Intercom, Other Business and Communication Facilities","Community Lawn or Garden, Community Swimming Pool, Community Gym, First Aid or Medical Centre, Day Care Centre, Kids Play Area, Barbeque Area, Mosque, Community Centre, Other Community Facilities","Lawn or Garden, Swimming Pool, Sauna, Jacuzzi, Other Healthcare and Recreation Facilities","Nearby Schools, Nearby Hospitals, Nearby Shopping Malls, Nearby Restaurants, Distance From Airport (kms), Nearby Public Transport Service, Other Nearby Places","Maintenance Staff, Security Staff, Facilities for Disabled, Other Facilities",,,
https://www.zameen.com/Property/d_12_d-12_1_centrally_located_prime_location_house_in_d-12_1_is_available_for_sale-53259805-3154-1.html,"D-12/1, D-12",House,PKR4.9 Crore,4,4 Marla,For Sale,3,3 weeks ago,"D-12, Islamabad, Islamabad Capital","Prime Location: Situated in the heart of D-12/1, A highly demanded CDA sector of Islamabad Plot Size: 4 Marla (25*40) Bedrooms: 3 Spacious bedrooms with attached modern bathrooms Living Spaces Elegant drawing room, dining area, Spacious TV lounge Kitchen: Stylish modular kitchen with high-quality fixtures & cabinets Finishing: Premium woodwork, modern ceiling designs & imported tiles Ventilation: Open, airy design with ample natural light Parking: Car porch for secure parking Construction: Solid structure with top-quality material used Nearby: Walking distance to mosque, park & market Accessibility: Easy approach to main double road & Margalla Avenue Surroundings: Peaceful environment with stunning Margalla Hills view Ideal For: Families looking for a comfortable residence or long-term investment For more details Feel free to contact","Built in year: 2025, Parking Spaces: 1, Double Glazed Windows, Central Air Conditioning, Central Heating, Flooring, Electricity Backup, Waste Disposal, Floors: 2, Other Main Features","Bedrooms: 3, Bathrooms: 4, Servant Quarters: 1, Drawing Room, Dining Room, Kitchens: 1, Study Room, Prayer Room, Powder Room, Gym, Store Rooms: 1, Steam Room, Lounge or Sitting Room, Laundry Room, Other Rooms","Broadband Internet Access, Satellite or Cable TV Ready, Intercom, Other Business and Communication Facilities","Community Lawn or Garden, Community Swimming Pool, Community Gym, First Aid or Medical Centre, Day Care Centre, Kids Play Area, Barbeque Area, Mosque, Community Centre, Other Community Facilities","Lawn or Garden, Swimming Pool, Sauna, Jacuzzi, Other Healthcare and Recreation Facilities","Nearby Schools, Nearby Hospitals, Nearby Shopping Malls, Nearby Restaurants, Distance From Airport (kms), Nearby Public Transport Service, Other Nearby Places","Maintenance Staff, Security Staff, Facilities for Disabled, Other Facilities",,,
https://www.zameen.com/Property/fechs_jinnah_gardens_7_marla_beautiful_designer_house_jinnah_garden_phase_1_near_80-foot_road_non-lop_luxury_single_story-53316902-1420-1.html,"Jinnah Gardens, FECHS",House,PKR2.2 Crore,3,7 Marla,For Sale,2,1 week ago,"FECHS, Islamabad, Islamabad Capital","A 7 Marla beautiful designer single-story house for sale in Jinnah Garden Phase 1, ideally located near the 80-foot wide main road on a 40-foot wide street. A modern, stylish, and well-built home perfect for families or investors looking for comfort and class in a prime location. Property Details & Features: 7 Marla Single-Story Luxury House Non-LOP Status (All paperwork and dues clear) 2 Spacious Bedrooms 3 Stylish Bathrooms Modern Kitchen with Premium Finishing Beautiful LED Ceiling Lights (Automatic) Luxury Washrooms & Designer Interior Sliding Glass Doors & Elegant Fixtures Laundry Area at Back 24/7 Water Supply (Boring Available) 2 Car Parking Spaces in Porch Decent & Peaceful Location Situated on 40-Foot Wide Street, Near 80-Foot Main Road This house offers modern architecture, luxury fittings, and a comfortable layout, making it an ideal choice for a small family or a smart investor. Every corner of this home reflects class, design, and practicality. Deal Details: Direct meeting with the owner (our close friend) can be arranged face-to-face deal guaranteed. The demand is very reasonable and negotiable, and well make sure you get the best possible deal. Note: A Jinnah Garden plot can also be merged in this deal if the buyer is interested offering excellent flexibility and investment value.","Built in year: 2025, Parking Spaces: 2, Double Glazed Windows, Central Air Conditioning, Central Heating, Flooring, Electricity Backup, Waste Disposal, Floors: 1, Other Main Features","Bedrooms: 2, Bathrooms: 3, Drawing Room, Dining Room, Kitchens: 1, Study Room, Prayer Room, Powder Room, Gym, Store Rooms: 1, Steam Room, Lounge or Sitting Room, Laundry Room, Other Rooms","Broadband Internet Access, Satellite or Cable TV Ready, Intercom, Other Business and Communication Facilities","Community Lawn or Garden, Community Swimming Pool, Community Gym, First Aid or Medical Centre, Day Care Centre, Kids Play Area, Barbeque Area, Mosque, Community Centre, Other Community Facilities","Lawn or Garden, Swimming Pool, Sauna, Jacuzzi, Other Healthcare and Recreation Facilities","Nearby Schools, Nearby Hospitals, Nearby Shopping Malls, Nearby Restaurants, Nearby Public Transport Service, Other Nearby Places","Maintenance Staff, Security Staff, Facilities for Disabled, Other Facilities",,,
https://www.zameen.com/Property/d_12_d-12_4_prime_location_house_for_sale_in_beautiful_d-12_4-53298752-3157-1.html,"D-12/4, D-12",House,PKR4.4 Crore,5,4 Marla,For Sale,4,1 week ago,"D-12, Islamabad, Islamabad Capital","4 Marla Brand New House For Sale D-12/4 Islamabad Prime Location: Located In The Heart Of D-12/4, One Of Islamabads Most Sought-After CDA Sectors. Property Details: Plot Size: 4 Marla (25x40) Bedrooms: 3 Spacious Bedrooms With Attached Modern Bathrooms Living Spaces: Elegant Drawing Room, Dining Area &Amp; Spacious TV Lounge Kitchen: Stylish Modular Kitchen With High-Quality Fixtures And Cabinets Finishing: Premium Woodwork, Modern Ceiling Designs &Amp; Imported Tiles Ventilation: Open, Airy Layout With Abundant Natural Light Parking: Secure Car Porch Construction: Solid Structure With Top-Quality Materials Used Nearby Amenities: Walking Distance To Mosque, Park, And Market Easy Access To Main Double Road &Amp; Margalla Avenue Peaceful Surroundings With Breathtaking Margalla Hills Views Ideal For: Families Seeking A Comfortable Home Or Investors Looking For A Long-Term, High-Value Property. For More Details: Feel Free To Contact For Pricing, Visit, Or Further Information.","Built in year: 2025, Parking Spaces: 1, Flooring, Electricity Backup, Waste Disposal, Other Main Features","Bedrooms: 4, Bathrooms: 5, Kitchens: 1, Powder Room, Lounge or Sitting Room","Broadband Internet Access, Satellite or Cable TV Ready, Intercom, Other Business and Communication Facilities","Community Lawn or Garden, Community Swimming Pool, Community Gym, First Aid or Medical Centre, Day Care Centre, Kids Play Area, Barbeque Area, Mosque, Community Centre, Other Community Facilities",Other Healthcare and Recreation Facilities,"Nearby Schools, Nearby Hospitals, Nearby Shopping Malls, Nearby Restaurants, Distance From Airport (kms), Nearby Public Transport Service, Other Nearby Places",,,,
https://www.zameen.com/Property/g_13_g-13_4_brand_new_house_for_sale_size_2540_in_g13_4_islamabad-52897727-3340-1.html,"G-13/4, G-13",House,PKR4.1 Crore,5,4 Marla,For Sale,4,3 days ago,"G-13, Islamabad, Islamabad Capital","Brand new House for sale in G13/4: Size 2540 or 4 Marla House. 4 Bedrooms Attached Bathrooms, 2 Kitchens, 2 Tv lounge And 1 Car parking. Electric and gas meter, Government Water Supply and Bore Install. Near To Market, Parks, School's, Nust University, Quiad azam hospital,Shifa International Hospital And Kashmir highy wahy.","Built in year: 2025, Parking Spaces: 1, Double Glazed Windows, Central Air Conditioning, Central Heating, Flooring, Electricity Backup, Floors: 2, Other Main Features","Bedrooms: 4, Bathrooms: 5, Servant Quarters: 1, Drawing Room, Dining Room, Kitchens: 2, Study Room, Prayer Room, Powder Room, Store Rooms: 1, Steam Room, Lounge or Sitting Room, Other Rooms","Broadband Internet Access, Satellite or Cable TV Ready, Other Business and Communication Facilities","Community Lawn or Garden, Community Swimming Pool, Community Gym, First Aid or Medical Centre, Day Care Centre, Kids Play Area, Barbeque Area, Mosque, Community Centre, Other Community Facilities","Lawn or Garden, Swimming Pool, Sauna, Other Healthcare and Recreation Facilities","Nearby Schools, Nearby Hospitals, Nearby Shopping Malls, Nearby Restaurants, Distance From Airport (kms), Nearby Public Transport Service, Other Nearby Places",,,,
https://www.zameen.com/Property/g_14_g-14_4_house_for_sale_size_25_40_in_g_14_4-53123093-3346-1.html,"G-14/4, G-14",House,PKR3.6 Crore,5,4 Marla,For Sale,4,3 days ago,"G-14, Islamabad, Islamabad Capital","House For Sale Size 25*40. 4 Bedrooms, Bathrooms, 2 kitchen, 2 Tv lounge and 1 car parking. Electric, Gas ,water Supply And Water Bore Available. Near To Market,Parks, School's ,Nust University,Quiad azam hospital, Shifa International and Airport . Location G14/4","Built in year: 2023, Parking Spaces: 1, Double Glazed Windows, Central Air Conditioning, Central Heating, Flooring, Electricity Backup, Waste Disposal, Floors: 2, Other Main Features, Furnished","Bedrooms: 5, Bathrooms: 4, Servant Quarters: 1, Drawing Room, Dining Room, Kitchens: 2, Study Room, Prayer Room, Powder Room, Gym, Store Rooms: 1, Steam Room, Lounge or Sitting Room, Laundry Room, Other Rooms","Broadband Internet Access, Satellite or Cable TV Ready, Intercom, Other Business and Communication Facilities","Community Lawn or Garden, Community Swimming Pool, Community Gym, First Aid or Medical Centre, Day Care Centre, Kids Play Area, Barbeque Area, Mosque, Community Centre, Other Community Facilities","Lawn or Garden, Swimming Pool, Sauna, Jacuzzi, Other Healthcare and Recreation Facilities","Nearby Schools, Nearby Hospitals, Nearby Shopping Malls, Nearby Restaurants, Distance From Airport (kms), Nearby Public Transport Service, Other Nearby Places",Security Staff,,,
https://www.zameen.com/Property/islamabad_g-13_house_for_sale_size_25_40_g_13_1_islamabad-53122976-330-1.html,"G-13, Islamabad",House,PKR3.3 Crore,5,4 Marla,For Sale,4,3 days ago,"G-13, Islamabad, Islamabad Capital","Brand New House For sale: 4 Bedrooms Attached Bathrooms, 2 kitchen, 2 Tv lounge, And Mumti Room Attached Bathroom. Gas and Electric Meter Install in this House. Government Water Supply and Water Bore Install. Near To Market,School's, Nust University,Quiad azam hospital , Shifa International Hospital And Kashmir highy whay. Location G13/1 This Location is best your Family. It's CDA sector. Size 2540.","Built in year: 2022, Parking Spaces: 1, Double Glazed Windows, Central Air Conditioning, Central Heating, Flooring, Electricity Backup, Waste Disposal, Floors: 2, Other Main Features, Furnished","Bedrooms: 4, Bathrooms: 5, Drawing Room, Dining Room, Kitchens: 2, Study Room, Prayer Room, Powder Room, Gym, Store Rooms: 1, Steam Room, Lounge or Sitting Room, Laundry Room, Other Rooms","Broadband Internet Access, Satellite or Cable TV Ready, Intercom, Other Business and Communication Facilities","Community Lawn or Garden, Community Swimming Pool, Community Gym, First Aid or Medical Centre, Day Care Centre, Kids Play Area, Barbeque Area, Mosque, Other Community Facilities","Lawn or Garden, Swimming Pool, Sauna, Jacuzzi, Other Healthcare and Recreation Facilities","Nearby Schools, Nearby Hospitals, Nearby Shopping Malls, Nearby Restaurants, Distance From Airport (kms), Nearby Public Transport Service, Other Nearby Places","Maintenance Staff, Security Staff, Other Facilities",,,
https://www.zameen.com/Property/g_13_g-13_1_brand_new_house_for_sale_in_g13_1_islamabad-52897403-3337-1.html,"G-13/1, G-13",House,PKR4.1 Crore,5,4 Marla,For Sale,4,3 days ago,"G-13, Islamabad, Islamabad Capital","Brand New House For Sale: 4 Bedrooms Attached Bathrooms, 2 Kitchen, 2 Tv Lounge, And Mumti Room Attached Bathroom. Gas And Electric Meter Install In This House. Government Water Supply And Water Bore Install. Near To Market,School'S, Nust University,Quiad Azam Hospital , Shifa International Hospital And Kashmir Highy Whay. Location G13/1 This Location Is Best Your Family. It'S CDA Sector. Size 2540.","Built in year: 2025, Parking Spaces: 1, Double Glazed Windows, Central Air Conditioning, Central Heating, Flooring, Electricity Backup, Waste Disposal, Floors: 2, Other Main Features, Furnished","Bedrooms: 4, Bathrooms: 5, Servant Quarters: 1, Drawing Room, Dining Room, Kitchens: 2, Study Room, Prayer Room, Powder Room, Gym, Store Rooms: 1, Steam Room, Lounge or Sitting Room, Laundry Room, Other Rooms","Broadband Internet Access, Satellite or Cable TV Ready, Intercom, Other Business and Communication Facilities","Community Lawn or Garden, Community Swimming Pool, Community Gym, First Aid or Medical Centre, Day Care Centre, Kids Play Area, Barbeque Area, Mosque, Community Centre, Other Community Facilities","Lawn or Garden, Swimming Pool, Sauna, Jacuzzi, Other Healthcare and Recreation Facilities","Nearby Schools, Nearby Hospitals, Nearby Shopping Malls, Nearby Restaurants, Distance From Airport (kms), Nearby Public Transport Service, Other Nearby Places","Maintenance Staff, Security Staff, Facilities for Disabled, Other Facilities",,,
https://www.zameen.com/Property/islamabad_g-13_35_70_10_marla_brand_new_house_available_for_sale_in_g13_rent_value_3_lakh-53301116-330-1.html,"G-13, Islamabad",House,PKR8.3 Crore,6,10 Marla,For Sale,6,5 months ago,"G-13, Islamabad, Islamabad Capital","*Original Pictures attached**** About the Property: - 6 Bedrooms - 8 Washrooms - 2 Kitchens - 2 TV Lounge - 2 drawing room - 2Servant Quarter With attached Washroom - 3 Car Parking - Tile Flooring - Green Lawn - Double Unit House - Ideal Locality - Electricity & Gas Meters are Available - Water Boring Running & also Water Supply Facility available - All Facilities Are Available Which Is The Need OF Living . . - Near to Main Double Road and Kashmir Highway - Near to School,College,University,Market,Masjid Public Transport,Hospitals and ETC. - located in one of the best locations of G-13 lslamabad Just Call Us For Visit. . . Office information also edit Below","Built in year: 2025, Parking Spaces: 3, Double Glazed Windows, Central Air Conditioning, Central Heating, Flooring, Electricity Backup, Waste Disposal, Floors: 2, Other Main Features","Bedrooms: 6, Bathrooms: 8, Servant Quarters: 2, Drawing Room, Dining Room, Kitchens: 2, Study Room, Prayer Room, Powder Room, Gym, Store Rooms: 1, Steam Room, Lounge or Sitting Room, Laundry Room, Other Rooms","Broadband Internet Access, Satellite or Cable TV Ready, Intercom, Other Business and Communication Facilities","Community Lawn or Garden, Community Swimming Pool, Community Gym, First Aid or Medical Centre, Day Care Centre, Kids Play Area, Barbeque Area, Mosque, Community Centre, Other Community Facilities","Lawn or Garden, Swimming Pool, Sauna, Jacuzzi, Other Healthcare and Recreation Facilities","Nearby Schools, Nearby Hospitals, Nearby Shopping Malls, Nearby Restaurants, Distance From Airport (kms), Nearby Public Transport Service, Other Nearby Places","Maintenance Staff, Security Staff, Facilities for Disabled, Other Facilities",,,
https://www.zameen.com/Property/islamabad_top_city_1_brand_new_flat_for_sale-47177548-1383-1.html,"Top City 1, Islamabad",Flat,PKR1.35 Crore,2,5.5 Marla,For Sale,2,1 week ago,"Top City 1, Islamabad, Islamabad Capital",Top City one Time Square Residential plaza Flat 1240 sq/ft 2 bed attached bath Tv lounge open kitchen Car Parking Modern Design latest appliances Water Available Electricity Meter Electricity Back up generator 2 capsule lift 1 cargo lift CCTV cameras Sale 1 crore 60 lac Land point Pvt Ltd Orion Maximums Top city Islamabad,"Built in year, Parking Spaces, Double Glazed Windows, Central Air Conditioning, Central Heating, Flooring, Electricity Backup, Waste Disposal, Other Main Features, Furnished","Bedrooms: 2, Bathrooms: 2, Servant Quarters: 4, Drawing Room, Dining Room, Kitchens: 1, Study Room, Prayer Room, Powder Room, Gym, Store Rooms: 1, Steam Room, Lounge or Sitting Room, Laundry Room, Other Rooms","Broadband Internet Access, Satellite or Cable TV Ready, Intercom, Other Business and Communication Facilities","Community Lawn or Garden, Community Swimming Pool, Community Gym, First Aid or Medical Centre, Day Care Centre, Kids Play Area, Barbeque Area, Community Centre, Other Community Facilities","Sauna, Jacuzzi, Other Healthcare and Recreation Facilities","Nearby Schools, Nearby Hospitals, Nearby Shopping Malls, Nearby Restaurants, Distance From Airport (kms), Nearby Public Transport Service, Other Nearby Places","Maintenance Staff, Security Staff, Facilities for Disabled, Other Facilities",,,
https://www.zameen.com/Property/islamabad_top_city_1_brand_new_flat_for_sale-47176780-1383-1.html,"Top City 1, Islamabad",Flat,PKR75 Lakh,1,2.7 Marla,For Sale,1,1 month ago,"Top City 1, Islamabad, Islamabad Capital",Top City one Time Square Residentcial plaza Flat 600sqfts 1 bed attached bath Tv lounge open kitchen Car Parking Modern Design latest appliances Water Available Electricity Meter Electricity Back up generator 2 capsule lift 1 cargo lift CCTV cameras Sale 75lac Abdurehman Land point Pvt Ltd Orion Maximus Top city islamabad,"Built in year, Parking Spaces, Flooring, Electricity Backup, Floor, Floors in Building: 9, Elevators","Bedrooms: 1, Bathrooms: 1, Servant Quarters: 1, Kitchens: 1","Broadband Internet Access, Satellite or Cable TV Ready",,,"Nearby Schools, Nearby Hospitals, Nearby Shopping Malls, Nearby Restaurants, Distance From Airport (kms), Nearby Public Transport Service, Other Nearby Places","Maintenance Staff, Security Staff, Other Facilities",,,
https://www.zameen.com/Property/gulberg_gulberg_greens_1_bed_non-furnished_apartment_for_sale_gulberg_mall_signature_living_islamabad_gulberg_green_islamabad-53310574-8312-1.html,"Gulberg Greens, Gulberg",Flat,PKR1.65 Crore,1,3.3 Marla,For Sale,1,4 months ago,"Gulberg, Islamabad, Islamabad Capital","1 Bed Non-Furnished Apartment for Sale Gulberg Mall & Signature Living, Islamabad A 1-bedroom non-furnished apartment is available for sale in the prestigious Gulberg Mall, located in the heart of Gulberg Green, Islamabad. Perfect opportunity for investors or home buyers looking for a prime location and modern living environment. Location: Gulberg Mall & Signature Living, Gulberg Green, Islamabad Apartment Details: Size: 750 sq. ft. Floor: 5th Floor 1 Bedroom with attached bathroom TV lounge / Living area Kitchen space Non-furnished unit (ideal for customizing to your taste) Building features elevators, 24/7 security, and modern facilities Price Details: Demand: Rs. 24,000 per sq. ft. (Total approx. Rs. 18,000,000) Price slightly negotiable Contact for More Information:","Built in year: 2026, Parking Spaces: 1, Lobby in Building, Double Glazed Windows, Central Air Conditioning, Central Heating, Flooring, Electricity Backup, Waste Disposal, Floor: 5, Floors in Building: 8, Elevators: 2, Service Elevators in Building, Other Main Features, Furnished","Bathrooms: 1, Drawing Room, Dining Room, Kitchens: 1, Study Room, Prayer Room, Powder Room, Gym, Steam Room, Lounge or Sitting Room, Laundry Room, Other Rooms","Broadband Internet Access, Satellite or Cable TV Ready, Business Center or Media Room in Building, Conference Room in Building, Intercom, ATM Machines, Other Business and Communication Facilities","Community Lawn or Garden, Community Swimming Pool, Community Gym, First Aid or Medical Centre, Day Care Centre, Kids Play Area, Barbeque Area, Mosque, Community Centre","Sauna, Jacuzzi, Other Healthcare and Recreation Facilities","Nearby Schools, Nearby Hospitals, Nearby Shopping Malls, Nearby Restaurants, Distance From Airport (kms), Nearby Public Transport Service, Other Nearby Places","Maintenance Staff, Security Staff, Laundry or Dry Cleaning Facility, Communal/Shared Kitchen, Facilities for Disabled, Pets Not Allowed, Other Facilities",,,
https://www.zameen.com/Property/gulberg_gulberg_greens_1_bed_furnished_apartment_available_for_sale_in_gulberg_green_islamabad-53310059-8312-1.html,"Gulberg Greens, Gulberg",Flat,PKR1 Crore,1,2.4 Marla,For Sale,1,4 months ago,"Gulberg, Islamabad, Islamabad Capital","1 Bed Fully Furnished Apartment for Sale Akber Arcade, Gulberg Green, Islamabad A beautifully furnished 1-bedroom apartment is available for sale in Akber Arcade, located in the prime area of Gulberg Green, Islamabad. Ideal for investors or small families looking for a ready-to-move-in option. Location: Akber Arcade, Gulberg Green, Islamabad Apartment Details: Size: 540 sq. ft. Floor: 1st Floor (Corner Apartment) 1 Bedroom with attached bathroom Modern kitchen and spacious TV lounge Fully furnished with elegant furniture and appliances Corner unit with excellent ventilation and natural light Building equipped with elevator, parking, and 24/7 security Price: Reasonable and negotiable (Contact for details) Contact for More Information:","Built in year: 2022, Parking Spaces: 1, Lobby in Building, Double Glazed Windows, Central Air Conditioning, Central Heating, Flooring, Electricity Backup, Waste Disposal, Floor: 1, Floors in Building: 8, Elevators: 2, Service Elevators in Building, Other Main Features, Furnished","Bedrooms: 1, Bathrooms: 1, Servant Quarters, Drawing Room, Dining Room, Kitchens: 1, Study Room, Prayer Room, Powder Room, Gym, Store Rooms, Steam Room, Lounge or Sitting Room, Laundry Room, Other Rooms","Broadband Internet Access, Satellite or Cable TV Ready, Business Center or Media Room in Building, Conference Room in Building, Intercom, ATM Machines, Other Business and Communication Facilities","Community Lawn or Garden, Community Swimming Pool, Community Gym, First Aid or Medical Centre, Day Care Centre, Kids Play Area, Barbeque Area, Mosque, Community Centre","Sauna, Jacuzzi, Other Healthcare and Recreation Facilities","Nearby Schools, Nearby Hospitals, Nearby Shopping Malls, Nearby Restaurants, Distance From Airport (kms), Nearby Public Transport Service, Other Nearby Places","Maintenance Staff, Security Staff, Laundry or Dry Cleaning Facility, Communal/Shared Kitchen, Facilities for Disabled, Pets Not Allowed, Other Facilities",,,
https://www.zameen.com/Property/gulberg_gulberg_greens_one_bed_luxury_furnished_apartment_available_for_sale_in_gulberg_greens_islamabad-53296187-8312-1.html,"Gulberg Greens, Gulberg",Flat,PKR95 Lakh,1,2.4 Marla,For Sale,1,4 months ago,"Gulberg, Islamabad, Islamabad Capital","Location: Gulberg Greens, Block C, Islamabad a modern, well-planned society off the Islamabad Expressway, offering good access to the twin cities. Unit Type: 1 bedroom + 1 bathroom furnished apartment. Size: Approx. 540 sq ft (you specified 540 sqft) typical 1-bed flat size in this sector. Status: For Sale. Property Details & Features Bedroom: Master with attached bathroom. Living Area: Combined living / lounge area, enough space for sofa + TV. Kitchen: Fully fitted kitchen with appliances (fridge, stove/oven, maybe microwave) since furnished. Furnishings & Fixtures: Bedroom: Bed (double or queen ), wardrobe/closet, side tables. Living room: Sofa set, coffee table, TV stand / entertainment console. Kitchen appliances and cabinetry. Installed air-conditioning (split or window type) and basic lighting. Condition: Move-in ready, since furnished. Building / Tower: (Specify tower name if available) in Block C, good quality construction, lift, 24/7 security, parking space (reserved or visitor). View & orientation: (If known) e. g. , facing green belt, or overlooking Boulevard, or side-view of Expressway. Parking: Likely included confirm if dedicated slot. Utilities & maintenance: Confirm whether water, electricity, building maintenance/association fees are included or extra.","Built in year: 2022, Parking Spaces: 1, Lobby in Building, Double Glazed Windows, Central Air Conditioning, Central Heating, Flooring, Electricity Backup, Waste Disposal, Floor: 5, Floors in Building: 8, Elevators: 2, Service Elevators in Building, Other Main Features, Furnished","Bedrooms: 1, Bathrooms: 1, Servant Quarters, Drawing Room, Dining Room, Kitchens: 1, Study Room, Prayer Room, Powder Room, Gym, Store Rooms, Steam Room, Lounge or Sitting Room, Laundry Room, Other Rooms","Broadband Internet Access, Satellite or Cable TV Ready, Business Center or Media Room in Building, Conference Room in Building, Intercom, ATM Machines, Other Business and Communication Facilities","Community Lawn or Garden, Community Swimming Pool, Community Gym, First Aid or Medical Centre, Day Care Centre, Kids Play Area, Barbeque Area, Mosque, Community Centre","Sauna, Jacuzzi, Other Healthcare and Recreation Facilities","Nearby Schools, Nearby Hospitals, Nearby Shopping Malls, Nearby Restaurants, Distance From Airport (kms), Nearby Public Transport Service, Other Nearby Places","Maintenance Staff, Security Staff, Laundry or Dry Cleaning Facility, Communal/Shared Kitchen, Facilities for Disabled, Pets Not Allowed, Other Facilities",,,
https://www.zameen.com/Property/top_city_1_top_city_1_-_block_a_corner_house_brand_new_house_for_sale_in_a_block-53047320-9231-1.html,"Top City 1 - Block A, Top City 1",House,PKR5.5 Crore,6,10 Marla,For Sale,6,3 months ago,"Top City 1, Islamabad, Islamabad Capital","Ideal Location corner Brand new house Is Available For Sale In Top City A Block At Very Reasonable Price. Solid Construction. Direct Access From Kashmir Highway. Walking Distance From Masjid ,Parks commercial Market. Lush Green Surrounding And Natural Beauty. Proximity To Top Amenities And Attraction Ready For Move. For More Information Contact Us.","Built in year: 2026, Parking Spaces: 1, Double Glazed Windows, Central Air Conditioning, Central Heating, Flooring, Electricity Backup, Waste Disposal, Other Main Features, Furnished","Bedrooms: 1, Bathrooms: 1, Servant Quarters: 1, Drawing Room, Dining Room, Kitchens: 1, Study Room, Prayer Room, Powder Room, Gym, Store Rooms: 1, Steam Room, Lounge or Sitting Room, Laundry Room, Other Rooms","Broadband Internet Access, Satellite or Cable TV Ready, Intercom, Other Business and Communication Facilities","Community Lawn or Garden, Community Swimming Pool, Community Gym, First Aid or Medical Centre, Day Care Centre, Kids Play Area, Barbeque Area, Mosque, Community Centre, Other Community Facilities","Sauna, Jacuzzi, Other Healthcare and Recreation Facilities","Nearby Schools, Nearby Hospitals, Nearby Shopping Malls, Nearby Restaurants, Distance From Airport (kms), Nearby Public Transport Service, Other Nearby Places","Maintenance Staff, Security Staff, Facilities for Disabled, Other Facilities",,,
https://www.zameen.com/Property/gulberg_gulberg_residencia_1_bed_non_furnished_flat_for_sale_in_gulberg_residencia-53288883-8319-1.html,"Gulberg Residencia, Gulberg",Flat,PKR1 Crore,1,3.3 Marla,For Sale,1,4 months ago,"Gulberg, Islamabad, Islamabad Capital","Location: Gulberg Residencia, Islamabad a residential development adjacent/alongside Gulberg Greens. Reddit +1 Unit Type: 1 bedroom apartment, 1bathroom. Apartment Finder Pakistan +1 Size: Approximately 535sqft (one listing in GulbergResidencia uses that figure). Feeta. pk By RSi Advertising Pvt Ltd Features: Open kitchen / living area combined with lounge space. iReal Projects +1 Apartment building amenities such as dedicated parking, lift access, 24/7 security. (In one listing: Hello, 1Bed Apartment with Attached Bath Dedicated Parking 24/7 Security. ) Apartment Finder Pakistan Price Estimate: One listing: ~ PKR96lacs for a 1bed, 527sqft in Samama (within Gulberg Greens) which is very close in size and location context. Apartment Finder Pakistan Why It Looks Like a Good Option The size (~500550sqft) is manageable and efficient for a onebed apartment could appeal to singles, couples, or investors. Gord location: GulbergResidencia is in a developing but modern area, with infrastructure improving and good connectivity. The combination of features (parking, security, lift) adds value to such units in this area. What To Check / Ask Before Proceeding Confirm exact size, floor level, condition of the apartment (finishes, wiring/plumbing, lift working condition). Furnishing status: Is the apartment being sold furnished, semifurnished, or unfurnished? That affects value. Building & project status: Has full possession been given? Are there any pending dues, maintenance issues? Parking: Is a dedicated parking space included in the sale or is it extra? Legal & approvals: Ensure the building and unit have necessary approvals from the relevant authority (e. g. , CapitalDevelopmentAuthority) and there are no encumbrances. Rental/investment potential: If youre buying for investment, ask what similar 1bed apartments are renting for in that area. Surroundings & amenities: How developed is the locality? What shops, supermarkets, transport links are nearby? Price comparison: Check how the asking price compares with other 1bed units in the same building/address and block to ensure youre not overpaying.","Built in year: 2022, Parking Spaces: 1, Lobby in Building, Double Glazed Windows, Central Air Conditioning, Central Heating, Flooring, Waste Disposal, Floor: 5, Floors in Building: 8, Elevators: 2, Service Elevators in Building, Other Main Features","Bedrooms: 1, Bathrooms: 1, Servant Quarters, Drawing Room, Dining Room, Kitchens: 1, Study Room, Prayer Room, Powder Room, Gym, Store Rooms, Steam Room, Lounge or Sitting Room, Laundry Room, Other Rooms","Broadband Internet Access, Satellite or Cable TV Ready, Business Center or Media Room in Building, Conference Room in Building, Intercom, ATM Machines, Other Business and Communication Facilities","Community Lawn or Garden, Community Swimming Pool, Community Gym, First Aid or Medical Centre, Day Care Centre, Kids Play Area, Barbeque Area, Mosque, Community Centre","Sauna, Jacuzzi, Other Healthcare and Recreation Facilities","Nearby Schools, Nearby Hospitals, Nearby Shopping Malls, Nearby Restaurants, Distance From Airport (kms), Nearby Public Transport Service, Other Nearby Places","Maintenance Staff, Security Staff, Laundry or Dry Cleaning Facility, Communal/Shared Kitchen, Facilities for Disabled, Pets Not Allowed, Other Facilities",,,
https://www.zameen.com/Property/islamabad_e-7_house_for_sale_in_e-7-52953729-343-1.html,"E-7, Islamabad",House,PKR65 Crore,-,1.9 Kanal,For Sale,-,2 days ago,"E-7, Islamabad, Islamabad Capital","When you have a property of 933 Square Yards with maximum utilization of space, it will allow you to be truly creative with your furniture placement. The House comes with excellent features with a reasonable Rs. 650000000. You cannot find a better deal than this for House available at a busy and central location. Whether you want to purchase or rent a home, E-7 offers some good options to experience urban life. This can be the right property for you to buy from our inventory. E-7 is perfect to own a home as it is surrounded by all kinds of facilities. Some of the prominent features of this property are as follows. This project features broadband internet access among other facilities. The premises is well-guarded with an active and vigilant security services staff that is available seven days a week. Having a community swimming pool is an amenity that one can't deny. Your kids can play to their heart's content in the play area adjoining the property. The building has a sauna where you can relax after a long day. Having a mosque nearby is a blessing and you can conveniently reach it in a few minutes. The House features state-of-the-art amenities for the differently-abled. Confused about a listing? Call us today to have all concerns answered.","Built in year: 2025, Parking Spaces: 6, Double Glazed Windows, Central Air Conditioning, Central Heating, Flooring, Electricity Backup, Waste Disposal, Floors: 2, Other Main Features, Furnished","Bedrooms: 3, Bathrooms: 3, Servant Quarters: 1, Drawing Room, Dining Room, Kitchens: 1, Study Room, Prayer Room, Powder Room, Gym, Store Rooms: 1, Steam Room, Lounge or Sitting Room, Laundry Room, Other Rooms","Broadband Internet Access, Satellite or Cable TV Ready, Intercom, Other Business and Communication Facilities","Community Lawn or Garden, Community Swimming Pool, Community Gym, First Aid or Medical Centre, Day Care Centre, Kids Play Area, Barbeque Area, Mosque, Community Centre, Other Community Facilities","Lawn or Garden, Swimming Pool, Sauna, Jacuzzi, Other Healthcare and Recreation Facilities","Nearby Schools, Nearby Hospitals, Nearby Shopping Malls, Nearby Restaurants, Distance From Airport (kms), Nearby Public Transport Service, Other Nearby Places","Maintenance Staff, Security Staff, Facilities for Disabled, Other Facilities",,,
https://www.zameen.com/Property/e_16_e-16_3_you_can_find_a_gorgeous_house_for_sale_in_e-16_3-53254040-3249-1.html,"E-16/3, E-16",House,PKR2.9 Crore,6,10 Marla,For Sale,5,6 months ago,"E-16, Islamabad, Islamabad Capital","Spacious Bedrooms: 5 large bedrooms, all with attached, modern washrooms. Flexible Double-Unit Layout: Ideal for extended family or guests, offering privacy and togetherness. Dual Living Areas: Features 2 separate drawing and dining rooms, ideal for large families and elegant entertainment. Two Fully-Equipped Kitchens: Designed for convenience and ample culinary space. Servant Quarters: Includes a servant room with an attached washroom. Generous Parking: Dedicated space for 2 cars. Designer Touches: This is not just a new house, but a custom-designed home with premium fixtures and thoughtful details throughout.","Built in year: 2025, Parking Spaces: 1, Double Glazed Windows, Central Air Conditioning, Central Heating, Flooring, Electricity Backup, Waste Disposal, Other Main Features, Furnished","Bedrooms: 2, Bathrooms: 2, Servant Quarters: 1, Drawing Room, Dining Room, Kitchens: 1, Study Room, Prayer Room, Powder Room, Gym, Store Rooms: 1, Steam Room, Lounge or Sitting Room, Laundry Room, Other Rooms","Broadband Internet Access, Satellite or Cable TV Ready, Intercom, Other Business and Communication Facilities","Community Lawn or Garden, Community Swimming Pool, Community Gym, First Aid or Medical Centre, Day Care Centre, Kids Play Area, Barbeque Area, Mosque, Community Centre, Other Community Facilities","Sauna, Jacuzzi, Other Healthcare and Recreation Facilities","Nearby Schools, Nearby Hospitals, Nearby Shopping Malls, Nearby Restaurants, Distance From Airport (kms), Nearby Public Transport Service, Other Nearby Places","Maintenance Staff, Security Staff, Facilities for Disabled, Other Facilities",,,
https://www.zameen.com/Property/mpchs_multi_gardens_mpchs_-_block_e_brand_new_8_marla_double_unit_house_for_sale_in_e_block_b-17_islamabad-53289489-3120-1.html,"MPCHS - Block E, MPCHS - Multi Gardens",House,PKR3.3 Crore,6,8 Marla,For Sale,6,5 months ago,"B-17, Islamabad, Islamabad Capital","Brand New 8 Marla Double Unit House for Sale in E Block, B-17 Islamabad A beautifully constructed brand new 8 Marla house is available for sale in E Block, MPCHS B-17 Islamabad at an attractive investor rate. Property Features: Double Unit (Ideal for two families or rental income) 60ft front front 3 Rd plot From main Double Road Very Near To Main Markaz,Mosque 4 Spacious Bedrooms 6 Modern Washrooms 2 Stylish Drawing Rooms 2 Fully Equipped Kitchens Mumti Room with attached washroom Prime Location in E Block Solid Construction with Quality Finishes Demand: 3.30 crore Perfect choice for investment or personal living ready to move, peaceful environment, and secure society with all modern amenities. Location: B-17, E Block, Islamabad Contact for more details and visit","Built in year: 2024, Parking Spaces: 2, Double Glazed Windows, Central Air Conditioning, Central Heating, Flooring, Electricity Backup, Waste Disposal, Floors, Other Main Features, Furnished","Bedrooms: 3, Bathrooms: 3, Servant Quarters: 1, Drawing Room, Dining Room, Kitchens: 1, Study Room, Prayer Room, Powder Room, Gym, Store Rooms: 1, Steam Room, Lounge or Sitting Room, Laundry Room, Other Rooms","Broadband Internet Access, Satellite or Cable TV Ready, Intercom, Other Business and Communication Facilities","Community Lawn or Garden, Community Swimming Pool, Community Gym, First Aid or Medical Centre, Day Care Centre, Kids Play Area, Barbeque Area, Mosque, Community Centre, Other Community Facilities","Lawn or Garden, Swimming Pool, Sauna, Jacuzzi, Other Healthcare and Recreation Facilities","Nearby Schools, Nearby Hospitals, Nearby Shopping Malls, Nearby Restaurants, Distance From Airport (kms), Nearby Public Transport Service, Other Nearby Places","Maintenance Staff, Security Staff, Facilities for Disabled",,,
https://www.zameen.com/Property/islamabad_mumtaz_city_8_marla_double_storey_house_available_for_sale_in_mumtaz_city_islamabad-49871420-3464-1.html,"Mumtaz City, Islamabad",House,PKR2.95 Crore,6,8 Marla,For Sale,7,3 weeks ago,"Mumtaz City, Islamabad, Islamabad Capital","1. Size: The total land area would be approximately 8 Marlas or 1800 square feet. 2. Structure: It could be a single-family dwelling or a portion of a larger building. The structure may include multiple floors, such as ground floor, first floor, etc. 3. Rooms: The number of rooms can vary, but an 8 Marla house might typically have multiple bedrooms, a living room, dining area, kitchen, and bathrooms. 4. Amenities: The house might include amenities like parking space, a backyard, and possibly a small garden. 5. Architectural Style: Architectural styles can vary based on the region and individual preferences. Houses might be designed in contemporary, traditional, or a blend of architectural styles. 6. Location: The location of an 8 Marla house can significantly influence its value and appeal. It could be situated in a residential area, close to amenities like schools, markets, and transportation. 7. Construction Quality: The quality of construction materials and workmanship can vary. High-quality houses typically use durable materials and are constructed with attention to detail. 8. Price: The price of an 8 Marla house depends on factors like location, amenities, and overall quality. Real estate markets fluctuate, so prices can vary over time. Keep in mind that this is a general description, and the specifics can vary widely based on local building practices, cultural preferences, and regional real estate markets. If you're interested in a particular 8 Marla house, it's advisable to inspect the property in person or consult with a local real estate agent for more accurate and detailed information.","Built in year: 2024, Parking Spaces, Double Glazed Windows, Central Air Conditioning, Central Heating, Flooring, Electricity Backup, Floors: 2, Other Main Features","Bedrooms: 7, Bathrooms: 7, Servant Quarters: 1, Drawing Room, Dining Room, Kitchens: 2, Study Room, Prayer Room, Powder Room, Gym, Store Rooms: 1, Steam Room, Lounge or Sitting Room, Laundry Room, Other Rooms","Broadband Internet Access, Satellite or Cable TV Ready, Intercom, Other Business and Communication Facilities","Community Lawn or Garden, Community Swimming Pool, Community Gym, First Aid or Medical Centre, Day Care Centre, Kids Play Area, Barbeque Area, Mosque, Community Centre, Other Community Facilities","Lawn or Garden, Other Healthcare and Recreation Facilities","Nearby Schools, Nearby Hospitals, Nearby Shopping Malls, Nearby Restaurants, Distance From Airport (kms), Nearby Public Transport Service, Other Nearby Places","Security Staff, Other Facilities",,,
https://www.zameen.com/Property/g_11_g-11_2_corner_8_marla_house_available_in_g-11_2-52976261-3331-1.html,"G-11/2, G-11",House,PKR8.5 Crore,6,8 Marla,For Sale,5,2 months ago,"G-11, Islamabad, Islamabad Capital","Proper Corner Brand New Designer Double Story House Is Available For Sale In G-11/2 Islamabad Oregnal Pictures And Video Are Attached 5 Bedrooms With Attach Bath 2 Tv Lounge 2 Kitchen 1 Drawing Room Servent Fully Tille Flooring Ideal And Peacefull Location Nice House Near By Park, Masjid, School, Hospital, Market Easy Access By Sirinagar Highway More Details Please Contact Us","Built in year: 2025, Parking Spaces: 1, Double Glazed Windows, Central Air Conditioning, Central Heating, Flooring, Electricity Backup, Waste Disposal, Floors: 2, Other Main Features, Furnished","Bedrooms: 5, Bathrooms: 6, Servant Quarters: 1, Drawing Room, Dining Room, Kitchens: 2, Study Room, Prayer Room, Powder Room, Gym, Store Rooms: 1, Steam Room, Lounge or Sitting Room, Laundry Room, Other Rooms","Broadband Internet Access, Satellite or Cable TV Ready, Intercom, Other Business and Communication Facilities","Community Lawn or Garden, Community Swimming Pool, Community Gym, First Aid or Medical Centre, Day Care Centre, Kids Play Area, Barbeque Area, Mosque, Community Centre, Other Community Facilities","Lawn or Garden, Swimming Pool, Sauna, Jacuzzi, Other Healthcare and Recreation Facilities","Nearby Schools, Nearby Hospitals, Nearby Shopping Malls, Nearby Restaurants, Distance From Airport (kms), Nearby Public Transport Service, Other Nearby Places","Maintenance Staff, Security Staff, Facilities for Disabled, Other Facilities",,,
https://www.zameen.com/Property/islamabad_g-13_proper_corner_triple_story_1_kanal_house_for_sale_in_g-13_islamabad-53316660-330-1.html,"G-13, Islamabad",House,PKR10 Crore,6,1 Kanal,For Sale,9,3 weeks ago,"G-13, Islamabad, Islamabad Capital","House For Sale in G-13 Islamabad >Size. 50x90, 1-Kanal Near To Park,Market,Masjid,Main Double Road,etc Ideally located in the heart of the sector Owner-built home with elegance and dedication >Electricity,Water Supply,Water Boring & Gas Are Available Note. Front Picture is not Original.","Built in year, Parking Spaces: 3, Double Glazed Windows, Central Air Conditioning, Central Heating, Flooring, Electricity Backup, Waste Disposal, Floors: 3, Other Main Features, Furnished","Bedrooms: 9, Bathrooms: 9, Servant Quarters: 1, Drawing Room, Dining Room, Kitchens: 2, Study Room, Prayer Room, Powder Room, Gym, Store Rooms: 1, Steam Room, Lounge or Sitting Room, Laundry Room, Other Rooms","Broadband Internet Access, Satellite or Cable TV Ready, Intercom, Other Business and Communication Facilities","Community Lawn or Garden, Community Swimming Pool, Community Gym, First Aid or Medical Centre, Day Care Centre, Kids Play Area, Barbeque Area, Mosque, Community Centre, Other Community Facilities","Sauna, Jacuzzi","Nearby Schools, Nearby Hospitals, Nearby Shopping Malls, Nearby Restaurants, Distance From Airport (kms), Nearby Public Transport Service, Other Nearby Places","Maintenance Staff, Security Staff, Facilities for Disabled, Other Facilities",,,
https://www.zameen.com/Property/dha_defence_phase_5_askari_tower_4_flat_in_askari_heights_4_dha_phase_5-53233854-21810-1.html,"Askari Tower 4, DHA Defence Phase 5",Flat,PKR2.7 Crore,3,11 Marla,For Sale,3,4 months ago,"DHA Defence, Islamabad, Islamabad Capital","For Sale 3 Bedroom Apartment in Askari Tower 4, DHA Phase 5, Islamabad Discover luxury living in one of Islamabads most secure and sought-after communities. This beautifully maintained 3-bedroom apartment offers an exceptional combination of comfort, space, and scenic beauty perfect for families or investors seeking high returns. Property Details: Bedrooms: 3 spacious rooms with attached modern washrooms Drawing Room: Elegant and well-designed for guests and gatherings TV Lounge: Large family area with abundant natural light Balconies: Two wide balconies with panoramic views of DHA and the Margalla skyline Kitchen: Contemporary modular kitchen with high-quality fittings and cabinets Servant Quarter: Separate room with attached bath for staff convenience Covered Area: Approximately 10.5 Marla (24002600 sqft) Rental Income: PKR 70,000 / month Demand: PKR 27 Million Additional Features: 24/7 security and surveillance under DHA & Askari management Fast elevators and dedicated parking Backup power and continuous water supply Family-friendly and peaceful environment High resale value with steady rental demand Located in Askari Tower 4, DHA Phase 5, this apartment ensures a lifestyle of comfort and class within a fully maintained gated community by Askari & DHA authorities. If youre looking to sell or buy property in Askari Towers, Unique Real Estate provides the best platform to secure your deal at the most deserving price.","Built in year: 2025, Parking Spaces, Double Glazed Windows, Central Air Conditioning, Central Heating, Flooring, Electricity Backup, Waste Disposal, Other Main Features, Furnished","Bedrooms: 3, Bathrooms: 3, Servant Quarters: 1, Drawing Room, Dining Room, Kitchens: 1, Study Room, Prayer Room, Powder Room, Gym, Store Rooms: 1, Steam Room, Lounge or Sitting Room, Laundry Room, Other Rooms","Broadband Internet Access, Satellite or Cable TV Ready, Intercom, ATM Machines, Other Business and Communication Facilities","Community Lawn or Garden, Community Swimming Pool, Community Gym, First Aid or Medical Centre, Day Care Centre, Kids Play Area, Barbeque Area, Mosque, Community Centre","Sauna, Jacuzzi",,"Maintenance Staff, Security Staff, Laundry or Dry Cleaning Facility, Facilities for Disabled",,,
https://www.zameen.com/Property/islamabad_d-12_beautiful_modern_design_8_marla_house_available_for_sale_on_prime_location_of_d-12_3-53313487-160-1.html,"D-12, Islamabad",House,PKR10.75 Crore,6,8 Marla,For Sale,6,18 hours ago,"D-12, Islamabad, Islamabad Capital","Brand New Triple Storey House for Sale D-12/3, Islamabad Plot Size: 8 Marla (30x60) Construction: Brand New, Triple Storey Demand: 11.50 Crore Property Details: 6 Spacious Bedrooms All with attached modern bathrooms 3 Drawing/Dining Rooms (one on each floor) 3 Stylish TV Lounges 3 Fully Equipped Kitchens Servant Quarter + Store Room Parking Space for 2 Cars Prime Location of D-12/3 Completion Certificate Already Issued Gas Connection Expected Within 2 Months Highlights: Elegant design with premium fittings Solid construction and beautiful front elevation Peaceful neighborhood with easy access to main road and commercial area Contact Us Details or Visit.","Built in year: 2025, Parking Spaces: 1, Double Glazed Windows, Flooring, Electricity Backup, Waste Disposal, Other Main Features","Bedrooms: 6, Bathrooms: 6, Servant Quarters: 1, Drawing Room, Dining Room, Kitchens: 3, Lounge or Sitting Room","Broadband Internet Access, Satellite or Cable TV Ready, Intercom, Other Business and Communication Facilities","Community Lawn or Garden, Community Swimming Pool, Community Gym, First Aid or Medical Centre, Day Care Centre, Kids Play Area, Barbeque Area, Mosque, Community Centre, Other Community Facilities",Other Healthcare and Recreation Facilities,"Nearby Schools, Nearby Hospitals, Nearby Shopping Malls, Nearby Restaurants, Distance From Airport (kms), Nearby Public Transport Service, Other Nearby Places","Security Staff, Other Facilities",,,
https://www.zameen.com/Property/dha_defence_dha_defence_phase_2_one_kanal_ultra_luxury_designer_house_available_in_dha_phase_2_islamabad-53348273-339-1.html,"DHA Defence Phase 2, DHA Defence",House,PKR6.6 Crore,6,1 Kanal,For Sale,5,1 week ago,"DHA Defence, Islamabad, Islamabad Capital","Get a 1 kanal house built with us today in DHA Phase 3 for only 6.60 Crore , DHA Phase 2 for only 8.60 Crore and DHA Phase 5 for only 7.60 Crore , including the plot and all taxes. It includes: 5 bedrooms with attached washrooms Drawing and dining rooms TV lounge Kitchen Servant room Lawn Space for 3 car parking","Built in year: 2025, Parking Spaces: 3, Double Glazed Windows, Central Air Conditioning, Central Heating, Flooring, Electricity Backup, Waste Disposal, Floors: 2, Other Main Features, Furnished","Bedrooms: 5, Bathrooms: 6, Servant Quarters: 2, Drawing Room, Dining Room, Kitchens: 2, Study Room, Prayer Room, Powder Room, Gym, Store Rooms: 1, Steam Room, Lounge or Sitting Room, Laundry Room, Other Rooms","Broadband Internet Access, Satellite or Cable TV Ready, Intercom, Other Business and Communication Facilities","Community Lawn or Garden, Community Swimming Pool, Community Gym, First Aid or Medical Centre, Day Care Centre, Kids Play Area, Barbeque Area, Mosque, Community Centre, Other Community Facilities","Lawn or Garden, Swimming Pool, Sauna, Jacuzzi, Other Healthcare and Recreation Facilities","Nearby Schools, Nearby Hospitals, Nearby Shopping Malls, Nearby Restaurants, Distance From Airport (kms), Nearby Public Transport Service, Other Nearby Places","Maintenance Staff, Security Staff, Facilities for Disabled, Other Facilities",,,
https://www.zameen.com/Property/soan_garden_soan_garden_-_block_b_5_marla_like_a_brand_new_house_for_sale_in_soan_garden_islamabad-53298895-3492-1.html,"Soan Garden - Block B, Soan Garden",House,PKR2.65 Crore,6,5 Marla,For Sale,5,4 months ago,"Soan Garden, Islamabad, Islamabad Capital",5 spacious Bedrooms. 6 washrooms. 2 TV lounge 2 kitchens. 2 Drawing Rooms. 1 Gas meter 2 electric meter. Ideal location peaceful Environment. Near to masjid park and commercial.,"Built in year: 2025, Parking Spaces: 4, Double Glazed Windows, Central Air Conditioning, Central Heating, Flooring, Electricity Backup, Waste Disposal, Floors: 2, Other Main Features, Furnished","Bedrooms: 5, Bathrooms: 6, Servant Quarters: 1, Drawing Room, Dining Room, Kitchens: 2, Study Room, Prayer Room, Powder Room, Gym, Store Rooms: 1, Steam Room, Lounge or Sitting Room, Laundry Room, Other Rooms","Broadband Internet Access, Satellite or Cable TV Ready, Intercom, Other Business and Communication Facilities","Community Lawn or Garden, Community Swimming Pool, Community Gym, First Aid or Medical Centre, Day Care Centre, Kids Play Area, Barbeque Area, Mosque, Community Centre, Other Community Facilities","Lawn or Garden, Swimming Pool, Sauna, Jacuzzi, Other Healthcare and Recreation Facilities","Nearby Schools, Nearby Hospitals, Nearby Shopping Malls, Nearby Restaurants, Distance From Airport (kms), Nearby Public Transport Service, Other Nearby Places","Maintenance Staff, Security Staff, Facilities for Disabled, Other Facilities",,,
https://www.zameen.com/Property/islamabad_soan_garden_1_kanal_brand_new_house_for_sale_in_soan_garden_islamabad-53310142-338-1.html,"Soan Garden, Islamabad",House,PKR7.25 Crore,7,1 Kanal,For Sale,7,5 months ago,"Soan Garden, Islamabad, Islamabad Capital",7 Bedrooms attach Bath. 2 TV lounge. 2 stylish kitchens. 2 Drawing Rooms. Servant Room attach Bath. 3 space for car parking. Ideal location peaceful Environment. Near to masjid park and commercial.,"Built in year: 2010, Parking Spaces: 4, Double Glazed Windows, Central Air Conditioning, Central Heating, Flooring, Electricity Backup, Waste Disposal, Floors: 2, Other Main Features","Bedrooms: 4, Bathrooms: 5, Servant Quarters: 2, Drawing Room, Dining Room, Kitchens: 3, Study Room, Prayer Room, Powder Room, Gym, Store Rooms: 2, Steam Room, Lounge or Sitting Room, Laundry Room, Other Rooms","Broadband Internet Access, Satellite or Cable TV Ready, Intercom, Other Business and Communication Facilities","Community Lawn or Garden, Community Swimming Pool, Community Gym, First Aid or Medical Centre, Day Care Centre, Kids Play Area, Barbeque Area, Mosque, Community Centre, Other Community Facilities","Lawn or Garden, Swimming Pool, Sauna, Jacuzzi, Other Healthcare and Recreation Facilities","Nearby Schools, Nearby Hospitals, Nearby Shopping Malls, Nearby Restaurants, Distance From Airport (kms), Nearby Public Transport Service, Other Nearby Places",,,,
https://www.zameen.com/Property/gulberg_gulberg_residencia_1_bed_apartment_available_for_sale_in_gulberg_residencia-53288702-8319-1.html,"Gulberg Residencia, Gulberg",Flat,PKR68 Lakh,1,2.2 Marla,For Sale,1,4 months ago,"Gulberg, Islamabad, Islamabad Capital","Property Description Location: GulbergResidencia, Islamabad a residential development adjacent/alongside Gulberg Greens. Reddit +1 Unit Type: 1bedroom apartment, 1bathroom. Apartment Finder Pakistan +1 Size: Approximately 535sqft (one listing in GulbergResidencia uses that figure). Feeta. pk By RSi Advertising Pvt Ltd Features: Open kitchen / living area combined with lounge space. iReal Projects +1 Apartment building amenities such as dedicated parking, lift access, 24/7 security. (In one listing: Hello, 1Bed Apartment with Attached Bath Dedicated Parking 24/7 Security. ) Apartment Finder Pakistan Price Estimate: One listing: ~ PKR96lacs for a 1bed, 527sqft in Samama (within Gulberg Greens) which is very close in size and location context. Apartment Finder Pakistan Why It Looks Like a Good Option The size (~500550sqft) is manageable and efficient for a onebed apartment could appeal to singles, couples, or investors. Gord location: GulbergResidencia is in a developing but modern area, with infrastructure improving and good connectivity. The combination of features (parking, security, lift) adds value to such units in this area. What To Check / Ask Before Proceeding Confirm exact size, floor level, condition of the apartment (finishes, wiring/plumbing, lift working condition). Furnishing status: Is the apartment being sold furnished, semifurnished, or unfurnished? That affects value. Building & project status: Has full possession been given? Are there any pending dues, maintenance issues? Parking: Is a dedicated parking space included in the sale or is it extra? Legal & approvals: Ensure the building and unit have necessary approvals from the relevant authority (e. g. , CapitalDevelopmentAuthority) and there are no encumbrances. Rental/investment potential: If youre buying for investment, ask what similar 1bed apartments are renting for in that area. Surroundings & amenities: How developed is the locality? What shops, supermarkets, transport links are nearby? Price comparison: Check how the asking price compares with other 1bed units in the same building/address and block to ensure youre not overpaying.","Built in year: 2022, Parking Spaces: 1, Lobby in Building, Double Glazed Windows, Central Air Conditioning, Central Heating, Flooring, Electricity Backup, Waste Disposal, Floor: 5, Floors in Building: 8, Elevators: 2, Service Elevators in Building, Other Main Features","Bedrooms: 1, Bathrooms: 1, Servant Quarters, Drawing Room, Dining Room, Kitchens: 1, Study Room, Prayer Room, Powder Room, Gym, Store Rooms, Steam Room, Lounge or Sitting Room, Laundry Room, Other Rooms","Broadband Internet Access, Satellite or Cable TV Ready, Business Center or Media Room in Building, Conference Room in Building, Intercom, ATM Machines, Other Business and Communication Facilities","Community Lawn or Garden, Community Swimming Pool, Community Gym, First Aid or Medical Centre, Day Care Centre, Kids Play Area, Barbeque Area, Mosque, Community Centre","Sauna, Jacuzzi, Other Healthcare and Recreation Facilities","Nearby Schools, Nearby Hospitals, Nearby Shopping Malls, Nearby Restaurants, Distance From Airport (kms), Nearby Public Transport Service, Other Nearby Places","Maintenance Staff, Security Staff, Laundry or Dry Cleaning Facility, Communal/Shared Kitchen, Facilities for Disabled, Pets Not Allowed, Other Facilities",,,
https://www.zameen.com/Property/gulberg_gulberg_greens_1_bed_furnished_apartment_available_for_sale_in_gulberg_green_islamabad-53288553-8312-1.html,"Gulberg Greens, Gulberg",Flat,PKR1.15 Crore,1,2.4 Marla,For Sale,1,4 months ago,"Gulberg, Islamabad, Islamabad Capital","Listing Overview Location: Gulberg Greens, Islamabad; for instance in the project Diamond Mall & Residency (one of the mixeduse towers in the society). gulbergdeals. com +2 gulberggreens. com. pk +2 Unit Type: 1bedroom apartment (1bedroom + 1bathroom) in a tower in Gulberg Greens. property1. pk +1 Size: Around 550sqft (approximate) for many 1bed units in this area. Example: the listing in Samama Mall shows 527sqft for a 1bed. property1. pk Price: As per market listings, furnished 1bed units in this area are listed at around PKR11,500,000 ( 1.15crore) for 1bed furnished. gulbergdeals. com Key Features: Fully furnished / luxury furnished in some listings. gulbergdeals. com Suitable for owneroccupant or investment (many listings mention rental potential). In a modern tower/mixed use building within the society (giving access to amenities & expressway). Example Listing: 1bed apartment for sale in Samama Mall, Gulberg Greens: size 527sqft, 1 bedroom/1 bath, modern kitchen & location near shopping. property1. pk Why Its a Good Opportunity The size (500600sqft) is efficient and manageable for one person or couple, or as an investment rental. The location (Gulberg Greens) is relatively new, along the Islamabad Expressway, which tends to have good connectivity and increasing demand. A furnished apartment means less upfront work to move in or rent out the furniture/appliances are already in place. The price point (~PKR11.5million for furnished 1bed) appears consistent with several listings in the area, which indicates youre looking in the right ballpark.","Built in year: 2022, Parking Spaces: 1, Lobby in Building, Double Glazed Windows, Central Air Conditioning, Central Heating, Flooring, Electricity Backup, Waste Disposal, Floor: 5, Floors in Building: 8, Elevators: 2, Service Elevators in Building, Other Main Features","Bedrooms: 1, Bathrooms: 1, Servant Quarters, Drawing Room, Dining Room, Kitchens: 1, Study Room, Prayer Room, Powder Room, Gym, Store Rooms, Steam Room, Lounge or Sitting Room, Laundry Room, Other Rooms","Broadband Internet Access, Satellite or Cable TV Ready, Business Center or Media Room in Building, Conference Room in Building, Intercom, ATM Machines, Other Business and Communication Facilities","Community Lawn or Garden, Community Swimming Pool, Community Gym, First Aid or Medical Centre, Day Care Centre, Kids Play Area, Barbeque Area, Mosque, Community Centre","Sauna, Jacuzzi, Other Healthcare and Recreation Facilities","Nearby Schools, Nearby Hospitals, Nearby Shopping Malls, Nearby Restaurants, Distance From Airport (kms), Nearby Public Transport Service, Other Nearby Places","Maintenance Staff, Security Staff, Laundry or Dry Cleaning Facility, Communal/Shared Kitchen, Facilities for Disabled, Pets Not Allowed, Other Facilities",,,
https://www.zameen.com/Property/gulberg_gulberg_greens_1_bed_furnished_apartment_available_for_sale_in_diamond_mall_on_4_floor_gulberg_green_islamabad-53282459-8312-1.html,"Gulberg Greens, Gulberg",Flat,PKR1.15 Crore,1,2.4 Marla,For Sale,1,4 months ago,"Gulberg, Islamabad, Islamabad Capital","Why This Looks Like a Good Option Prime Location: Gulberg Greens is a modern housing society along the Islamabad Expressway with decent infrastructure and rising demand for apartments. Size: ~540sqft is efficient for one person or a couple, manageable maintenance. Fully Furnished: This can be a major benefit if you want a readytomove property or are buying for rental/investment. Resale / Rental Potential: Onebed flats of this size in projects like Diamond Mall & Residency appear to be listed around the 1.11. 2Crore mark for furnished. So the price seems in line with market norms. Amenities & Building Standard: Project is mixed commercial + residential, first few floors commercial (shops/food courts) and upper floors residential good for convenienc","Built in year: 2022, Parking Spaces: 1, Lobby in Building, Double Glazed Windows, Central Air Conditioning, Central Heating, Flooring, Electricity Backup, Waste Disposal, Floor: 4, Floors in Building: 8, Elevators: 2, Service Elevators in Building, Other Main Features, Furnished","Bathrooms: 1, Servant Quarters, Drawing Room, Dining Room, Kitchens: 1, Study Room, Prayer Room, Powder Room, Gym, Store Rooms, Steam Room, Lounge or Sitting Room, Laundry Room, Other Rooms","Broadband Internet Access, Satellite or Cable TV Ready, Business Center or Media Room in Building, Conference Room in Building, Intercom, ATM Machines, Other Business and Communication Facilities","Community Lawn or Garden, Community Swimming Pool, Community Gym, First Aid or Medical Centre, Day Care Centre, Kids Play Area, Barbeque Area, Mosque, Community Centre, Other Community Facilities","Sauna, Jacuzzi, Other Healthcare and Recreation Facilities","Nearby Schools, Nearby Hospitals, Nearby Shopping Malls, Nearby Restaurants, Distance From Airport (kms), Nearby Public Transport Service, Other Nearby Places","Maintenance Staff, Security Staff, Laundry or Dry Cleaning Facility, Communal/Shared Kitchen, Facilities for Disabled, Pets Not Allowed, Other Facilities",,,
https://www.zameen.com/Property/gulberg_gulberg_greens_2_bed_non_furnished_apartment_available_for_sale_in_gulberg_green_islamabad-53277021-8312-1.html,"Gulberg Greens, Gulberg",Flat,PKR1.4 Crore,3,3.9 Marla,For Sale,2,4 months ago,"Gulberg, Islamabad, Islamabad Capital","ghousing societies in Rawalpindi and Islamabad, But the beautiful location of GulbergIslamabad is as beautiful as Islamabad . It is just 15 minutes drive from gulberg to other parts of Islamabad ,and 10 minutes drive towards airport and 5 minutes drive to G. T road . Gulberg green and Gulberg residential were a beautiful dreams that becomes now a reality. In Gulberg knowledge village there are many schools, colleges and universities which are under constructions. 5 star hotels ,shopping malls are also under construction Gulberg Islamabad is a place, where yours dreams become true. The project was launched in 2005 and in 2009 its NOC from CDA was approved with Ref# CDA/PLW-HS(127)/2009/257. The MOU with IESCO and SNGPL were also duly signed. Development work Guon the project started in 2009.","Built in year: 2022, Parking Spaces, Lobby in Building, Double Glazed Windows, Central Air Conditioning, Central Heating, Flooring, Electricity Backup, Waste Disposal, Floor, Floors in Building: 8, Elevators: 2, Service Elevators in Building, Other Main Features","Bedrooms: 3, Bathrooms: 2, Servant Quarters, Drawing Room, Dining Room, Kitchens: 1, Study Room, Prayer Room, Powder Room, Gym, Store Rooms, Steam Room, Lounge or Sitting Room, Laundry Room, Other Rooms","Broadband Internet Access, Satellite or Cable TV Ready, Business Center or Media Room in Building, Conference Room in Building, Intercom, ATM Machines, Other Business and Communication Facilities","Community Lawn or Garden, Community Swimming Pool, Community Gym, First Aid or Medical Centre, Day Care Centre, Kids Play Area, Barbeque Area, Mosque, Community Centre, Other Community Facilities","Sauna, Jacuzzi, Other Healthcare and Recreation Facilities","Nearby Schools, Nearby Hospitals, Nearby Shopping Malls, Nearby Restaurants, Distance From Airport (kms), Nearby Public Transport Service, Other Nearby Places","Maintenance Staff, Security Staff, Laundry or Dry Cleaning Facility, Communal/Shared Kitchen, Facilities for Disabled, Pets Allowed, Other Facilities",,,
https://www.zameen.com/Property/gulberg_gulberg_greens_1_bed_non_furnished_apartment_available_for_sale_in_gulberg_green_islamabad-53276978-8312-1.html,"Gulberg Greens, Gulberg",Flat,PKR1.05 Crore,1,2.4 Marla,For Sale,1,4 months ago,"Gulberg, Islamabad, Islamabad Capital","ghousing societies in Rawalpindi and Islamabad, But the beautiful location of GulbergIslamabad is as beautiful as Islamabad . It is just 15 minutes drive from gulberg to other parts of Islamabad ,and 10 minutes drive towards airport and 5 minutes drive to G. T road . Gulberg green and Gulberg residential were a beautiful dreams that becomes now a reality. In Gulberg knowledge village there are many schools, colleges and universities which are under constructions. 5 star hotels ,shopping malls are also under construction Gulberg Islamabad is a place, where yours dreams become true. The project was launched in 2005 and in 2009 its NOC from CDA was approved with Ref# CDA/PLW-HS(127)/2009/257. The MOU with IESCO and SNGPL were also duly signed. Development work Guon the project started in 2009.","Built in year: 2022, Parking Spaces, Lobby in Building, Double Glazed Windows, Central Air Conditioning, Central Heating, Flooring, Electricity Backup, Waste Disposal, Floor, Floors in Building: 8, Elevators: 2, Service Elevators in Building, Other Main Features","Bedrooms: 1, Bathrooms: 1, Servant Quarters, Drawing Room, Dining Room, Kitchens: 1, Study Room, Prayer Room, Powder Room, Gym, Store Rooms, Steam Room, Lounge or Sitting Room, Laundry Room, Other Rooms","Broadband Internet Access, Satellite or Cable TV Ready, Business Center or Media Room in Building, Conference Room in Building, Intercom, ATM Machines, Other Business and Communication Facilities","Community Lawn or Garden, Community Swimming Pool, Community Gym, First Aid or Medical Centre, Day Care Centre, Kids Play Area, Barbeque Area, Mosque, Community Centre, Other Community Facilities","Sauna, Jacuzzi, Other Healthcare and Recreation Facilities","Nearby Schools, Nearby Hospitals, Nearby Shopping Malls, Nearby Restaurants, Distance From Airport (kms), Nearby Public Transport Service, Other Nearby Places","Maintenance Staff, Security Staff, Laundry or Dry Cleaning Facility, Communal/Shared Kitchen, Facilities for Disabled, Pets Allowed, Other Facilities",,,
https://www.zameen.com/Property/gulberg_gulberg_greens_1_bed_non_furnished_apartment_available_for_sale_in_gulberg_green_office_use-53262360-8312-1.html,"Gulberg Greens, Gulberg",Flat,PKR85 Lakh,1,2.2 Marla,For Sale,1,4 months ago,"Gulberg, Islamabad, Islamabad Capital","1-Bed Non-Furnished Apartment for Sale 460 Sq. Ft | Office Use Gulberg Green, Islamabad A well-located and compact 1-bedroom non-furnished apartment is available for sale in the prime area of Gulberg Green, Islamabad. Ideal for office or small commercial use, this 460 sq. ft unit offers a clean layout and great visibility within a rapidly developing commercial zone. Property Details: Size: 460 sq. ft 1 bedroom (can be used as an office room) 1 attached bathroom Small reception or waiting/lounge area Kitchenette space Non-furnished ready for customization Reserved parking space available Elevator, security, and backup power in the building Location Highlights: Located in a commercial-friendly area of Gulberg Green Ideal for office, consultancy, small business setup Easy access to Islamabad Expressway Nearby banks, cafes, and other commercial offices Asking Price: [Insert Price] Possession: Ready for transfer Ideal for: Office, studio, startup space, or long-term investment For details or viewing: [Insert Contact Number View Contact Detail \","Built in year: 2022, Parking Spaces: 1, Lobby in Building, Double Glazed Windows, Central Air Conditioning, Central Heating, Flooring, Electricity Backup, Waste Disposal, Floor: 5, Floors in Building: 8, Elevators: 2, Service Elevators in Building, Other Main Features, Furnished","Bedrooms: 1, Bathrooms: 1, Servant Quarters, Drawing Room, Dining Room, Kitchens: 1, Study Room, Prayer Room, Powder Room, Gym, Store Rooms, Steam Room, Lounge or Sitting Room, Laundry Room, Other Rooms","Broadband Internet Access, Satellite or Cable TV Ready, Business Center or Media Room in Building, Conference Room in Building, Intercom, ATM Machines, Other Business and Communication Facilities","Community Lawn or Garden, Community Swimming Pool, Community Gym, First Aid or Medical Centre, Day Care Centre, Kids Play Area, Barbeque Area, Mosque, Community Centre, Other Community Facilities","Sauna, Jacuzzi, Other Healthcare and Recreation Facilities","Nearby Schools, Nearby Hospitals, Nearby Shopping Malls, Nearby Restaurants, Distance From Airport (kms), Nearby Public Transport Service, Other Nearby Places","Maintenance Staff, Security Staff, Laundry or Dry Cleaning Facility, Communal/Shared Kitchen, Facilities for Disabled, Pets Not Allowed, Other Facilities",,,
https://www.zameen.com/Property/gulberg_gulberg_greens_studio_apartment_available_for_sale_in_gulberg_greens_islamabad-53252929-8312-1.html,"Gulberg Greens, Gulberg",Flat,PKR55 Lakh,1,1.4 Marla,For Sale,-,5 months ago,"Gulberg, Islamabad, Islamabad Capital","Studio Apartment for Sale Gulberg Green, Islamabad A modern, fully furnished studio apartment is now available for sale in the prestigious Gulberg Green, Islamabad. Ideal for individuals, couples, or investors, this compact yet elegant unit offers a convenient and secure lifestyle in one of the city's most rapidly developing areas. Property Features: Well-designed open-plan studio layout Furnished living/sleeping area with bed, sofa, and TV Modern kitchenette with appliances (stove, fridge, microwave) Stylish bathroom with quality fittings Air conditioning & heating Built-in storage and laundry setup Secure car parking 24/7 security, CCTV, elevator, and standby power Location Advantages: Prime location in Gulberg Green Islamabad Quick access to Islamabad Expressway Peaceful environment within a gated community Close to shopping centers, schools, restaurants, and hospitals Asking Price: [Insert Price] Size: [Insert area in sq. ft] Possession: Ready to move Legal Status: All documents available and verified Contact now for more details or to schedule a visit. View Contact Detail Mohsinkhan","Built in year, Parking Spaces: 1, Lobby in Building, Double Glazed Windows, Central Air Conditioning, Central Heating, Flooring, Electricity Backup, Waste Disposal, Floor: 5, Floors in Building: 8, Elevators: 1, Service Elevators in Building, Other Main Features, Furnished","Bedrooms: 1, Bathrooms: 1, Servant Quarters, Drawing Room, Dining Room, Kitchens: 1, Study Room, Prayer Room, Powder Room, Gym, Store Rooms, Steam Room, Lounge or Sitting Room, Laundry Room, Other Rooms","Broadband Internet Access, Satellite or Cable TV Ready, Business Center or Media Room in Building, Conference Room in Building, Intercom, ATM Machines, Other Business and Communication Facilities","Community Lawn or Garden, Community Swimming Pool, Community Gym, First Aid or Medical Centre, Day Care Centre, Kids Play Area, Barbeque Area, Mosque, Community Centre, Other Community Facilities","Sauna, Jacuzzi, Other Healthcare and Recreation Facilities","Nearby Schools, Nearby Hospitals, Nearby Shopping Malls, Nearby Restaurants, Distance From Airport (kms), Nearby Public Transport Service, Other Nearby Places","Maintenance Staff, Security Staff, Laundry or Dry Cleaning Facility, Communal/Shared Kitchen, Facilities for Disabled, Pets Not Allowed, Other Facilities",,,
https://www.zameen.com/Property/f_8_the_centaurus_luxury_designer_1_bed_study_apartment-52960749-8349-1.html,"The Centaurus, F-8",Flat,PKR7.86 Crore,2,6.7 Marla,For Sale,2,4 months ago,"F-8, Islamabad, Islamabad Capital",Beautiful Luxurious Apartment 1512sqft 1 Bedroom Attached Powder Room Study Room TV Lounge Kitchen Swimming Pool Gym Etc,"Built in year: 2020, Parking Spaces: 2, Double Glazed Windows, Central Air Conditioning, Central Heating, Flooring, Electricity Backup, Waste Disposal, Other Main Features, Furnished","Bedrooms: 2, Bathrooms: 2, Servant Quarters: 1, Drawing Room, Dining Room, Kitchens: 1, Study Room, Prayer Room, Powder Room, Gym, Steam Room, Lounge or Sitting Room, Laundry Room","Broadband Internet Access, Satellite or Cable TV Ready, Intercom","Community Lawn or Garden, Community Swimming Pool, Community Gym, First Aid or Medical Centre, Day Care Centre, Kids Play Area, Barbeque Area, Mosque, Community Centre","Sauna, Jacuzzi","Nearby Schools, Nearby Hospitals, Nearby Shopping Malls, Nearby Restaurants, Distance From Airport (kms), Nearby Public Transport Service, Other Nearby Places","Maintenance Staff, Security Staff, Facilities for Disabled, Other Facilities",,,
https://www.zameen.com/Property/islamabad_g-13_g-13_size_30x60_bran_new_luxury_house_available_for_sale-53315316-330-1.html,"G-13, Islamabad",House,PKR7.1 Crore,6,7 Marla,For Sale,5,5 months ago,"G-13, Islamabad, Islamabad Capital","Tri star marketing Brand New House For Sale Located At Prime Location Of G-13 Islamabad Size ( 30x60 )7Marla Great Opportunity For You, Don't Miss It. . . original Pictures Attached about The Property: 5 Bedrooms 5 Washrooms 2 Drawing Room 2 Kitchens 2 Tv Lounge Car Parking Tile Flooring Double Unit House Ideal Locality Electricity & Gas Meters Are Available Water Boring Running & Also Water Supply Facility Available All Facilities Are Available Which Is The Need Of Living Near To Main Double Road And Kashmir Highway Near To School, college, market, masjid public Transport, hospitals And Etc. Located In One Of The Best Locations Of G-13 Islamabad","Double Glazed Windows, Central Air Conditioning, Central Heating, Waste Disposal","Drawing Room, Dining Room, Study Room, Prayer Room, Powder Room, Gym, Steam Room, Laundry Room","Broadband Internet Access, Satellite or Cable TV Ready, Intercom","Community Lawn or Garden, Community Swimming Pool, Community Gym, First Aid or Medical Centre, Day Care Centre, Kids Play Area, Barbeque Area, Mosque, Community Centre","Lawn or Garden, Swimming Pool, Sauna, Jacuzzi","Nearby Schools, Nearby Hospitals, Nearby Shopping Malls, Nearby Restaurants, Distance From Airport (kms), Nearby Public Transport Service, Other Nearby Places","Security Staff, Other Facilities",,,
https://www.zameen.com/Property/bahria_town_bahria_enclave_10_marla_brand_new_designer_house_available_for_sale_just_1_mnt_drive_from_the_main_gate-53315200-1705-1.html,"Bahria Enclave, Bahria Town",House,PKR5.25 Crore,-,10 Marla,For Sale,5,4 weeks ago,"Bahria Town, Islamabad, Islamabad Capital",Bahria Enclave Islamabad Sector C1 10 Marla Beautiful Modern Design House is Available For Sale Owner Built House Heighted And Margalla facing view A plus Construction with Branded fittings Most prime And ideal Location for living All basic facilities Available such as; Water Gas Electricity Maintenance Security 24/7. Near to Main Entrance Farooq Hospital Beacon house School park Mosque & Commercial Market. Beautiful Front Elevation with tiles work done 5 Master Bedroom's with attached bath Drawing room Tv Lounge 2 Stylish kitchens 3 Car parking space 2 Servant rooms with attached bath Water bore also Available Reasonable price Contact us for more details,"Built in year: 2025, Parking Spaces: 3, Double Glazed Windows, Central Air Conditioning, Central Heating, Flooring, Electricity Backup, Waste Disposal, Floors: 2, Other Main Features, Furnished","Bedrooms: 5, Bathrooms: 7, Servant Quarters: 2, Drawing Room, Dining Room, Kitchens: 2, Study Room, Prayer Room, Powder Room, Gym, Store Rooms: 1, Steam Room, Lounge or Sitting Room, Laundry Room","Broadband Internet Access, Satellite or Cable TV Ready, Intercom, Other Business and Communication Facilities","Community Lawn or Garden, Community Swimming Pool, Community Gym, First Aid or Medical Centre, Day Care Centre, Kids Play Area, Barbeque Area, Mosque, Community Centre, Other Community Facilities","Lawn or Garden, Swimming Pool, Sauna, Jacuzzi, Other Healthcare and Recreation Facilities","Nearby Schools, Nearby Hospitals, Nearby Shopping Malls, Nearby Restaurants, Distance From Airport (kms), Nearby Public Transport Service, Other Nearby Places","Maintenance Staff, Security Staff, Facilities for Disabled",,,
https://www.zameen.com/Property/bahria_enclave_the_galleria_exclusive_3_bed_gold_apartment_park_facing_the_galleria_bahria_enclave-53247251-10002-1.html,"The Galleria, Bahria Enclave",Flat,PKR1.43 Crore,3,7.5 Marla,For Sale,3,4 months ago,"Bahria Town, Islamabad, Islamabad Capital","Discover unparalleled luxury living at The Galleria, Bahria Enclave's most prestigious address. This exquisite 1695 Sq-Ft, 3-Bedroom ""Gold"" apartment offers a park-facing view and is designed for those who seek the finest lifestyle amenities and absolute comfort. Apartment Features: 3 Master Bedrooms: All with attached, modern bathrooms. Spacious Layout: A comfortable TV lounge, a well-appointed kitchen, and a combined dining & terrace area for perfect relaxation and entertainment. Premium Finishes: As a ""Gold"" category unit, expect high-end fixtures and superior quality. Designated Car Parking: Secure basement parking for your convenience. World-Class Building Amenities: Set within a magnificent 40 Kanal complex. Direct access to a dedicated 8 Kanal private park for residents. Massive 4 Kanal Indoor Gaming Zone. High-Speed Elevators with generator backup. Separate Ladies & Gents Gym, Mosque, and a dedicated Shopping Mall. This is more than an apartment; it's a secure, luxurious lifestyle in the heart of Islamabad. Contact us for Pricing, Viewing, and Detailed Floor Plans.","Built in year: 2022, Parking Spaces: 2, Lobby in Building, Double Glazed Windows, Central Air Conditioning, Central Heating, Flooring, Electricity Backup, Waste Disposal, Floors in Building: 9, Elevators, Service Elevators in Building, Other Main Features, Furnished","Bedrooms: 3, Bathrooms: 3, Servant Quarters: 1, Drawing Room, Dining Room, Kitchens: 1, Study Room, Prayer Room, Powder Room, Store Rooms: 1, Steam Room, Lounge or Sitting Room, Laundry Room","Broadband Internet Access, Satellite or Cable TV Ready, Business Center or Media Room in Building, Intercom, ATM Machines, Other Business and Communication Facilities","Community Lawn or Garden, First Aid or Medical Centre, Day Care Centre, Kids Play Area, Barbeque Area, Mosque, Community Centre",,"Nearby Schools, Nearby Hospitals, Nearby Shopping Malls, Nearby Restaurants, Distance From Airport (kms), Nearby Public Transport Service, Other Nearby Places","Maintenance Staff, Security Staff, Laundry or Dry Cleaning Facility, Facilities for Disabled, Other Facilities",,,
https://www.zameen.com/Property/d_12_d-12_4_50x90_luxury_house_for_sale-53185749-3157-1.html,"D-12/4, D-12",House,PKR26 Crore,-,1 Kanal,For Sale,8,3 months ago,"D-12, Islamabad, Islamabad Capital","""Luxury House for Sale in Islamabad - House No. : 188-D - Street No. : 119 - Sector: D-12/4 - Size: 50x90 Experience luxury living in this brand-new house, featuring: - Spacious basement - 8 lavish bedrooms - 8 modern bathrooms - Drying room for added convenience - Elegant dining room with powder bath - Guest room for visitors - 2 servant quarters for staff - Luxury kitchen with dirty kitchen - TV lounge for entertainment - Laundry area for ease -Prime Location All essential facilities are available, including: - Electricity - CDA water - Boring - PTCL/Nayatel electric wire This is a direct deal with the owner, offering the best chance for investment. Don't miss out on this incredible opportunity! For further details, call with confidence:","Built in year: 2025, Parking Spaces: 3, Double Glazed Windows, Flooring, Electricity Backup, Waste Disposal, Floors: 3","Bedrooms: 8, Bathrooms: 8, Servant Quarters: 2, Drawing Room, Dining Room, Kitchens: 2, Study Room, Prayer Room, Powder Room, Gym, Store Rooms: 1, Lounge or Sitting Room, Laundry Room, Other Rooms",Broadband Internet Access,"Community Lawn or Garden, Kids Play Area, Barbeque Area",Lawn or Garden,"Nearby Schools, Nearby Hospitals, Nearby Shopping Malls, Nearby Restaurants, Distance From Airport (kms), Nearby Public Transport Service, Other Nearby Places","Maintenance Staff, Security Staff, Other Facilities",,,
https://www.zameen.com/Property/cbr_town_cbr_town_phase_1_7_marla_double_story_house_available_in_cbr_town-53352664-3147-1.html,"CBR Town Phase 1, CBR Town",House,PKR3.25 Crore,5,7 Marla,For Sale,5,2 months ago,"CBR Town, Islamabad, Islamabad Capital","CBR Town Phase 1 is known for its easy access to amenities and public transport, so you should definitely check it out. The city of Islamabad offers it all; the culture, the opportunities and a coveted suburban backdrop. The deal for 7 Marla House is a treat for serious buyers. You'll thank your future self for investing in property at PKR Rs. 32500000 today. A well designed House in a posh location is all you need to live your best life. There is nothing better than purchasing your property in a thriving locality and we have just the options for you. All your queries concerned with this property are welcome, so please contact us.","Built in year: 2023, Parking Spaces: 2, Double Glazed Windows, Central Air Conditioning, Central Heating, Flooring, Electricity Backup, Waste Disposal, Floors, Other Main Features, Furnished","Bedrooms: 2, Bathrooms: 2, Servant Quarters: 1, Drawing Room, Dining Room, Kitchens: 1, Study Room, Prayer Room, Powder Room, Gym, Store Rooms: 1, Steam Room, Lounge or Sitting Room, Laundry Room, Other Rooms","Broadband Internet Access, Satellite or Cable TV Ready, Intercom, Other Business and Communication Facilities","Community Lawn or Garden, Community Swimming Pool, Community Gym, First Aid or Medical Centre, Day Care Centre, Kids Play Area, Barbeque Area, Mosque, Community Centre, Other Community Facilities","Lawn or Garden, Swimming Pool, Sauna, Jacuzzi, Other Healthcare and Recreation Facilities","Nearby Schools, Nearby Hospitals, Nearby Shopping Malls, Nearby Restaurants, Distance From Airport (kms), Nearby Public Transport Service, Other Nearby Places","Maintenance Staff, Security Staff, Facilities for Disabled, Other Facilities",,,
https://www.zameen.com/Property/islamabad_naval_anchorage_5marla_luxury_house_for_sale_in_naval_anchorage_islamabad_block_g_25_50-53256984-375-1.html,"Naval Anchorage, Islamabad",House,PKR2.65 Crore,4,5 Marla,For Sale,4,5 months ago,"Naval Anchorage, Islamabad, Islamabad Capital",*5Marla Luxury House For Sale In Naval Anchorage Islamabad Block G (25*50)* Best Opportunity to Investment and Living Purpose A+ SOLID CONSTRUCTION SOCIETY FEATURES Brand New Double Story Double Unit House Sunface Location CDA Approved Area Near to park market and Mosque *ACCOMMODATION* *Ground Floor* 2 Bedrooms 2 washroom 1 Kitchens 1 TV Lounge 1 Drawing Room *1st Floor* 2 Bedrooms 2 washroom 1 Kitchens 1 TV Lounge 1 Drawing Room 1 Momty 1 Small Washing Room Top of Roof Visit Possible any time Direct Deal with owner Demand 2.80 Serious and Interested Buyer Contact With Us,"Built in year: 2024, Parking Spaces: 1, Flooring, Electricity Backup, Waste Disposal, Other Main Features","Bedrooms: 4, Bathrooms: 4, Drawing Room, Dining Room, Kitchens: 2, Store Rooms: 1, Lounge or Sitting Room, Laundry Room","Broadband Internet Access, Satellite or Cable TV Ready, Other Business and Communication Facilities","Community Lawn or Garden, Community Gym, First Aid or Medical Centre, Day Care Centre, Kids Play Area, Mosque, Community Centre","Lawn or Garden, Other Healthcare and Recreation Facilities","Nearby Schools, Nearby Hospitals, Nearby Shopping Malls, Nearby Restaurants, Distance From Airport (kms), Nearby Public Transport Service, Other Nearby Places","Maintenance Staff, Security Staff, Other Facilities",,,
https://www.zameen.com/Property/top_city_1_top_city_1_-_block_d_10_marla_corner_luxury_house_for_sale_in_topcity-1_block_d-53352635-9233-1.html,"Top City 1 - Block D, Top City 1",House,PKR5.65 Crore,6,10 Marla,For Sale,6,1 month ago,"Top City 1, Islamabad, Islamabad Capital","10 Marla Luxury House for Sale Discover your dream home with this beautifully designed 10 Marla house, offering a perfect blend of modern architecture, premium finishes, and ultimate comfort. Located in a prime and peaceful area, this home is ideal for families seeking style, space, and convenience. Property Features: 5 Spacious Bedrooms with attached modern bathrooms 2 Stylish Kitchens with high-quality fittings and cabinetry 2 Elegant TV Lounges for family entertainment Drawing & Dining Room for formal gatherings Servant Quarter with separate entrance Car Porch with parking space for 2 vehicles Beautiful Lawn & Terrace for outdoor relaxation Imported Tiles, Premium Sanitary & Wooden Work Solid Construction & Elegant Front Elevation Location Highlights: Situated in a highly sought-after area Near top schools, parks, and shopping centers Easy access to main roads and city facilities This house offers luxury, functionality, and long-term value a perfect investment for your familys future.","Built in year: 2025, Floors: 2","Bedrooms: 6, Bathrooms: 6, Drawing Room, Dining Room, Kitchens: 2, Study Room",,,,"Nearby Schools, Nearby Hospitals, Nearby Shopping Malls, Nearby Restaurants, Distance From Airport (kms), Nearby Public Transport Service, Other Nearby Places","Security Staff, Other Facilities",,,
https://www.zameen.com/Property/islamabad_faisal_town_-_f-18_380_sq_ft_studio_apartment_available_for_sale_in_faisal_town_f-18_islamabad-52353607-8260-1.html,"Faisal Town - F-18, Islamabad",Flat,PKR60 Lakh,1,1.7 Marla,For Sale,-,1 week ago,"Faisal Town - F-18, Islamabad, Islamabad Capital","380 SQ Ft Studio Apartment Available For Sale. In Faisal Town F-18 Islamabad. 1st Floor Size 380 Sq Ft. 1 Bedrooms. 1 Baths. Kitchen Double Road Facing. Rental Value Rs 30,000. Near to Park. Near to Masjid. Near to Markaz. All Facilities Available.","Built in year: 2024, Parking Spaces, Double Glazed Windows, Central Air Conditioning, Central Heating, Flooring, Electricity Backup, Waste Disposal, Floor, Other Main Features, Furnished","Bedrooms: 3, Bathrooms: 3, Servant Quarters: 3, Drawing Room, Dining Room, Kitchens: 2, Study Room, Prayer Room, Powder Room, Gym, Store Rooms: 1, Steam Room, Lounge or Sitting Room, Laundry Room, Other Rooms","Broadband Internet Access, Satellite or Cable TV Ready, Intercom, Other Business and Communication Facilities","Community Lawn or Garden, Community Swimming Pool, Community Gym, First Aid or Medical Centre, Day Care Centre, Kids Play Area, Barbeque Area, Mosque, Community Centre, Other Community Facilities","Sauna, Jacuzzi, Other Healthcare and Recreation Facilities","Nearby Schools, Nearby Hospitals, Nearby Shopping Malls, Nearby Restaurants, Distance From Airport (kms), Nearby Public Transport Service, Other Nearby Places","Maintenance Staff, Security Staff, Facilities for Disabled, Other Facilities",,,
https://www.zameen.com/Property/islamabad_h-13_h-13_5_marla_single_story_house_for_sale_top_location-53339584-1039-1.html,"H-13, Islamabad",House,PKR1.3 Crore,2,5 Marla,For Sale,2,2 months ago,"H-13, Islamabad, Islamabad Capital",H-13 5 Marla Single Story House For sale top location 2 room Attached Bath Tv Lounge Kitchen and Store deal With Owner more options also Available just contact us thanks,Double Glazed Windows,"Bedrooms: 2, Bathrooms: 2, Drawing Room, Dining Room, Kitchens: 1, Powder Room, Store Rooms: 1, Lounge or Sitting Room, Laundry Room","Broadband Internet Access, Satellite or Cable TV Ready, Intercom, Other Business and Communication Facilities","Community Lawn or Garden, Community Gym, First Aid or Medical Centre, Day Care Centre, Kids Play Area, Mosque, Community Centre, Other Community Facilities",,"Nearby Schools, Nearby Hospitals, Nearby Shopping Malls, Nearby Restaurants, Distance From Airport (kms), Nearby Public Transport Service, Other Nearby Places","Maintenance Staff, Security Staff, Facilities for Disabled, Other Facilities",,,
https://www.zameen.com/Property/dha_valley_dha_valley_-_oleander_sector_5_marla_corner_with_extra_land_brand_new_home-52247129-3213-1.html,"DHA Valley - Oleander Sector, DHA Valley",House,PKR82 Lakh,2,5 Marla,For Sale,2,19 hours ago,"DHA Defence, Islamabad, Islamabad Capital","On a quest to find something remarkable in Islamabad? Here are a few options for you. Your future self will thank you for investing in 5 Square Feet property today. Our data reveals that price of PKR Rs. 8200000 can't get better than this for the property on sale. Spacious properties for sale can be hard to come by so make a move while they're available. Start a new life in one of the most sought after areas in the city, DHA Valley - Oleander Sector. This House is located in DHA Valley - Oleander Sector Islamabad and seems to be a profitable investment in the long run. Pick your phone and call us today.","Built in year: 0000, Parking Spaces: 2, Double Glazed Windows, Central Air Conditioning, Central Heating, Flooring, Electricity Backup, Waste Disposal, Other Main Features","Bedrooms: 4, Bathrooms: 5, Servant Quarters: 1, Drawing Room, Dining Room, Kitchens: 2, Study Room, Prayer Room, Powder Room, Gym, Store Rooms: 1, Steam Room, Lounge or Sitting Room, Laundry Room, Other Rooms","Broadband Internet Access, Satellite or Cable TV Ready, Intercom, Other Business and Communication Facilities","Community Lawn or Garden, Community Swimming Pool, Community Gym, First Aid or Medical Centre, Day Care Centre, Kids Play Area, Barbeque Area, Mosque, Community Centre, Other Community Facilities","Sauna, Jacuzzi, Other Healthcare and Recreation Facilities","Nearby Schools, Nearby Hospitals, Nearby Shopping Malls, Nearby Restaurants, Distance From Airport (kms), Nearby Public Transport Service, Other Nearby Places","Maintenance Staff, Security Staff, Facilities for Disabled",,,
https://www.zameen.com/Property/dha_valley_oleander_sector_oleander_sector_-_dha_homes_5_marla_house_in_oleander_sector_-_dha_homes_is_available_for_sale-52826814-16825-1.html,"Oleander Sector - DHA Homes, DHA Valley - Oleander Sector",House,PKR75 Lakh,2,5 Marla,For Sale,2,3 months ago,"DHA Defence, Islamabad, Islamabad Capital","House no 18 street 75 sector oleander block D The convenient and stunning neighbourhood of Oleander Sector - DHA Homes is offering a number of properties for investment. A high-end property for sale doesn't become available easily, so take benefit while you can. You're in for luck, as House is available at affordable prices. Ideal 5 Marla unit is available for sale in your desired location. This property at Rs. 7500000 comes with modern features and latest fittings. What is stopping you from investing in House in Islamabad? The details of the property are listed down below. It is no longer difficult to complete assignments after school or work with the high-speed broadband internet access that comes with this property. Differently-abled people will find this House easy to navigate, as it is developed to incorporate their needs. The building has a sauna where you can relax after a long day. The call to prayer can be heard clearly from the mosque near the House. Kids can freely play at the garden near the House. All security concerns are taken into account with the availability of 24/7 security services. A Jacuzzi session is a great way to quiet your mind and unwind. Reach out to us and our team can answer all your queries.","Waste Disposal, Other Main Features",,"Broadband Internet Access, Satellite or Cable TV Ready, Intercom, Other Business and Communication Facilities","Community Lawn or Garden, Community Swimming Pool, Community Gym, First Aid or Medical Centre, Day Care Centre, Kids Play Area, Barbeque Area, Mosque, Community Centre, Other Community Facilities","Sauna, Jacuzzi, Other Healthcare and Recreation Facilities","Nearby Schools, Nearby Hospitals, Nearby Shopping Malls, Nearby Restaurants, Distance From Airport (kms), Nearby Public Transport Service, Other Nearby Places","Maintenance Staff, Security Staff, Facilities for Disabled",,,
https://www.zameen.com/Property/islamabad_h-13_h-13_paris_city_f-block_5_marla_2_5_story_house_for_sale_top_location-53355198-1039-1.html,"H-13, Islamabad",House,PKR2.4 Crore,6,5 Marla,For Sale,5,1 month ago,"H-13, Islamabad, Islamabad Capital",H-13 Paris City F-Block 5 Marla 2.5 story House For sale Top Location Near Nust Double Road 5 room Attached Bath Tv Lounge Kitchen and Store Deal With Owner more options also Available just contact us thanks,,"Bedrooms: 5, Bathrooms: 6, Drawing Room, Dining Room, Kitchens: 3, Steam Room, Lounge or Sitting Room, Laundry Room",,,,"Nearby Schools, Nearby Hospitals, Nearby Shopping Malls, Nearby Restaurants, Distance From Airport (kms), Nearby Public Transport Service, Other Nearby Places","Security Staff, Other Facilities",,,
https://www.zameen.com/Property/islamabad_g-11_beautiful_1kanal_house_available_for_sale_in_g11_islamabad-53282038-168-1.html,"G-11, Islamabad",House,PKR16 Crore,-,1.1 Kanal,For Sale,-,2 months ago,"G-11, Islamabad, Islamabad Capital",Kanal+ Big and Elegant House is available for Sale in G11 Islamabad Size 60x90 14 Bedrooms 16 Washrooms 6 Drwaing Dinings 6 TVLs 6 Kitchens 3 Gates 4 Gas Meters 4 Electric Meters Ample parking space Corner with extra land and basement Wide streets Near by Masjid and Market CDA Transfer P. S. : Pictures are real,"Built in year: 2025, Parking Spaces: 6, Flooring, Floors: 3","Bedrooms: 14, Bathrooms: 16, Servant Quarters: 3, Drawing Room, Dining Room, Kitchens: 6, Study Room, Prayer Room, Powder Room, Store Rooms: 2, Laundry Room","Broadband Internet Access, Satellite or Cable TV Ready","Community Lawn or Garden, Kids Play Area, Mosque",Lawn or Garden,"Nearby Schools, Nearby Hospitals, Nearby Shopping Malls, Nearby Restaurants, Distance From Airport (kms), Nearby Public Transport Service, Other Nearby Places","Security Staff, Other Facilities",,,
