Scraped_URL,Real Location,Type,Price,Bath(s),Area,Purpose,Bedroom(s),Added,Location,Description,Amenities: Main Features,Amenities: Rooms,Amenities: Business and Communication,Amenities: Community Features,Amenities: Healthcare Recreational,Amenities: Nearby Locations and Other Facilities,Amenities: Other Facilities,Initial Amount,Monthly Installment,Remaining Installments
https://www.zameen.com/Property/bahria_enclave_cube_apartments_sun_facing_apartment_for_sale_with_inner_parking-53251631-21520-1.html,"Cube Apartments, Bahria Enclave",Flat,PKR76 Lakh,1,2.9 Marla,For Sale,-,5 months ago,"Bahria Town, Islamabad, Islamabad Capital","Experience premium living in this Studio apartment located in Cube Apartments, Sector A, Bahria Enclave Islamabad. This stylish apartment offers a beautiful view of the Hills, combining modern comfort with a serene natural backdrop. Designed with an open layout, this studio features a spacious living area, modern kitchen, and attached bathroom, making it perfect for singles, couples, or short-term rentals. The large windows fill the apartment with natural light and provide stunning scenic views. Key Features: Sun Facing apartment with excellent natural light and ventilation Enjoy panoramic hill views from your window Located in Sector A, near the main entrance of Bahria Enclave Ideal for daily rental (Airbnb) or long-term investment 24/7 security, lifts, standby power, and dedicated parking Walking distance to commercial area, restaurants, and parks Peaceful environment with clean and secure surroundings This apartment offers the perfect blend of luxury, location, and lifestyle ideal for investors or residents seeking modern living with a scenic touch.","Built in year: 2, Parking Spaces: 1, Double Glazed Windows, Central Air Conditioning, Central Heating, Flooring, Electricity Backup, Waste Disposal, Floor: 7, Floors in Building: 10, Elevators: 4, Service Elevators in Building, Other Main Features, Furnished","Bedrooms: 1, Bathrooms: 1, Servant Quarters, Drawing Room, Dining Room, Kitchens: 1, Study Room, Prayer Room, Powder Room, Gym, Store Rooms, Steam Room, Lounge or Sitting Room, Laundry Room, Other Rooms","Broadband Internet Access, Satellite or Cable TV Ready, Intercom, ATM Machines, Other Business and Communication Facilities","Community Lawn or Garden, Community Swimming Pool, Community Gym, First Aid or Medical Centre, Day Care Centre, Kids Play Area, Barbeque Area, Mosque, Community Centre, Other Community Facilities","Sauna, Jacuzzi, Other Healthcare and Recreation Facilities","Nearby Schools, Nearby Hospitals, Nearby Shopping Malls, Nearby Restaurants, Distance From Airport (kms), Nearby Public Transport Service, Other Nearby Places","Maintenance Staff, Security Staff, Facilities for Disabled, Other Facilities",,,
https://www.zameen.com/Property/d_12_d-12_4_brand_new_house_for_sale_size_25_40-53237768-3157-1.html,"D-12/4, D-12",House,PKR4.25 Crore,3,4 Marla,For Sale,3,5 months ago,"D-12, Islamabad, Islamabad Capital",BRAND NEW HOUSE FOR SALE IN D 12/4 SIZE 25*40 3 BEDROOM 4 BATHROOM 1 KITCHEN TV LUNACH NEAR TO MARKAZ,"Built in year: 2025, Parking Spaces: 2, Double Glazed Windows, Central Air Conditioning, Central Heating, Flooring, Electricity Backup, Waste Disposal, Floors: 2, Other Main Features, Furnished","Bedrooms: 5, Bathrooms: 5, Servant Quarters: 1, Drawing Room, Dining Room, Kitchens: 3, Study Room, Prayer Room, Powder Room, Gym, Store Rooms: 3, Steam Room, Lounge or Sitting Room, Laundry Room, Other Rooms","Broadband Internet Access, Satellite or Cable TV Ready, Intercom, Other Business and Communication Facilities","Community Lawn or Garden, Community Swimming Pool, Community Gym, First Aid or Medical Centre, Day Care Centre, Kids Play Area, Barbeque Area, Mosque, Community Centre, Other Community Facilities","Lawn or Garden, Swimming Pool, Sauna, Jacuzzi, Other Healthcare and Recreation Facilities","Nearby Schools, Nearby Hospitals, Nearby Shopping Malls, Nearby Restaurants, Distance From Airport (kms), Nearby Public Transport Service, Other Nearby Places","Maintenance Staff, Security Staff, Facilities for Disabled, Other Facilities",,,
https://www.zameen.com/Property/islamabad_mumtaz_city_8_marla_brand_new_house_for_sale-53086808-3464-1.html,"Mumtaz City, Islamabad",House,PKR2.85 Crore,5,8 Marla,For Sale,5,4 months ago,"Mumtaz City, Islamabad, Islamabad Capital",8 Marla Brand New House For Sale Near New Airport Islamabad Call Us,"Built in year: 2024, Parking Spaces: 1, Double Glazed Windows, Central Air Conditioning, Central Heating, Flooring, Electricity Backup, Waste Disposal, Floors: 2, Other Main Features, Furnished","Bedrooms: 5, Bathrooms: 4, Servant Quarters: 1, Drawing Room, Dining Room, Kitchens: 2, Study Room, Prayer Room, Powder Room, Gym, Store Rooms: 1, Steam Room, Lounge or Sitting Room, Laundry Room, Other Rooms","Broadband Internet Access, Satellite or Cable TV Ready, Intercom, Other Business and Communication Facilities","Community Lawn or Garden, Community Swimming Pool, Community Gym, First Aid or Medical Centre, Day Care Centre, Kids Play Area, Barbeque Area, Mosque, Community Centre, Other Community Facilities","Lawn or Garden, Swimming Pool, Sauna, Jacuzzi, Other Healthcare and Recreation Facilities","Nearby Schools, Nearby Hospitals, Nearby Shopping Malls, Nearby Restaurants, Distance From Airport (kms), Nearby Public Transport Service, Other Nearby Places","Maintenance Staff, Security Staff, Facilities for Disabled, Other Facilities",,,
https://www.zameen.com/Property/dha_defence_dha_defence_phase_2_designer_house_top_location-52976139-339-1.html,"DHA Defence Phase 2, DHA Defence",House,PKR10.5 Crore,6,1 Kanal,For Sale,5,2 weeks ago,"DHA Defence, Islamabad, Islamabad Capital",KANAL HOUSE 5 Bed Rooms Drawing Room Dining Room Kitchen Dirty Kitchen Store 2 Servant Quarters Fully Furnished House Most Reasonable House,"Built in year: 2018, Parking Spaces: 3, Double Glazed Windows, Central Air Conditioning, Central Heating, Flooring, Electricity Backup, Waste Disposal, Floors: 2, Furnished","Bedrooms: 5, Bathrooms: 6, Servant Quarters: 2, Drawing Room, Dining Room, Kitchens: 2, Study Room, Prayer Room, Powder Room, Gym, Store Rooms: 1, Lounge or Sitting Room, Laundry Room",,"Community Lawn or Garden, Community Gym, Kids Play Area, Barbeque Area",,"Nearby Schools, Nearby Hospitals, Nearby Shopping Malls, Nearby Restaurants, Distance From Airport (kms), Nearby Public Transport Service, Other Nearby Places","Security Staff, Other Facilities",,,
https://www.zameen.com/Property/islamabad_bani_gala_4_bed_brand_new_designer_house_for_sale_on_7_50_marla-52053428-340-1.html,"Bani Gala, Islamabad",House,PKR3 Crore,6,7.5 Marla,For Sale,4,3 months ago,"Bani Gala, Islamabad, Islamabad Capital",7.50 Marla Beautiful Double Unit House . 7.50 Marla Brand New Super Luxury Spanish Design Double unit House For sale in Banigala Islamabad Nearby Banigala Allied Bank . 2 minutes drive from: - Private Hospital - 5 Minutes Drive From Quaid e Azam University - 2 Minutes Drive From Banks Allied and Mezan Bank . 4 Bedrooms 6 bathrooms 2 Kitchens 2 TV lounge Dining Rooms 2 Drawing room Beautiful Terrace 2 Car parking Electric Meter Available Water Boring Available Street Dead End.,"Built in year: 2025, Parking Spaces: 2, Flooring","Bedrooms: 4, Bathrooms: 6, Drawing Room, Dining Room, Kitchens: 2, Prayer Room, Powder Room, Store Rooms: 1, Lounge or Sitting Room, Laundry Room","Broadband Internet Access, Satellite or Cable TV Ready","Kids Play Area, Barbeque Area, Mosque",,"Nearby Schools, Nearby Hospitals, Nearby Shopping Malls, Nearby Restaurants, Distance From Airport (kms), Nearby Public Transport Service, Other Nearby Places",,,,
https://www.zameen.com/Property/dha_defence_phase_5_dha_phase_5_-_sector_b_heighted_location_south_face_house_dha_phase_05_prime_location-52717862-8401-1.html,"DHA Phase 5 - Sector B, DHA Defence Phase 5",House,PKR6.5 Crore,6,10 Marla,For Sale,5,3 months ago,"DHA Defence, Islamabad, Islamabad Capital",Heighted Location South Face House DHA Phase 05 Prime Location Near To Mosque Near To Park Near To Commercial More Details On Call.,"Built in year: 2025, Parking Spaces: 2, Double Glazed Windows, Central Air Conditioning, Central Heating, Flooring, Electricity Backup, Waste Disposal, Floors: 1, Other Main Features, Furnished","Bedrooms: 5, Bathrooms: 7, Servant Quarters: 1, Drawing Room, Dining Room, Kitchens: 2, Study Room, Prayer Room, Powder Room, Gym, Store Rooms: 1, Steam Room, Lounge or Sitting Room, Laundry Room, Other Rooms","Broadband Internet Access, Satellite or Cable TV Ready, Intercom, Other Business and Communication Facilities","Community Lawn or Garden, Community Swimming Pool, Community Gym, First Aid or Medical Centre, Day Care Centre, Kids Play Area, Barbeque Area, Mosque, Community Centre, Other Community Facilities","Lawn or Garden, Swimming Pool, Sauna, Jacuzzi, Other Healthcare and Recreation Facilities","Nearby Schools, Nearby Hospitals, Nearby Shopping Malls, Nearby Restaurants, Distance From Airport (kms), Nearby Public Transport Service, Other Nearby Places","Maintenance Staff, Security Staff, Facilities for Disabled, Other Facilities",,,
https://www.zameen.com/Property/dha_defence_dha_defence_phase_2_dha_phase_2_one_kanal_luxurious_designer_house_for_sale-52491001-339-1.html,"DHA Defence Phase 2, DHA Defence",House,PKR10.5 Crore,6,1 Kanal,For Sale,5,2 days ago,"DHA Defence, Islamabad, Islamabad Capital","A well designed House in a posh location is all you need to live your best life. Live your dream life in Islamabad. This 1 Kanal property is easily the most sought-after one in the locale. DHA Defence Phase 2 is surrounded with all kinds of facilities, so hurry up and book your property today. You can be an owner of a well-fitted property that is available for sale in a posh area. Priced at Rs. 119000000, what more could you ask for? Know more about the property with the details given below. A Jacuzzi adds a whole new level of luxury to this residence. Looking for a House? Contact us today and we'll make it happen for you. Waste disposal management services ensures the premise is kept clean. The community swimming pool in the building/society proves to be great during summers. The mosques near the House supports religious learning for all age groups. Your kids can play to their heart's content in the play area adjoining the property. The drawing opens into a spacious dining room, making it convenient to entertain guests. All your queries concerned with this property are welcome, so please contact us.","Built in year: 2025, Parking Spaces: 3, Double Glazed Windows, Central Air Conditioning, Central Heating, Flooring, Electricity Backup, Waste Disposal, Floors: 2, Other Main Features, Furnished","Bedrooms: 5, Bathrooms: 7, Servant Quarters: 2, Drawing Room, Dining Room, Kitchens: 2, Study Room, Prayer Room, Powder Room, Gym, Store Rooms: 2, Steam Room, Lounge or Sitting Room, Laundry Room, Other Rooms","Broadband Internet Access, Satellite or Cable TV Ready, Intercom, Other Business and Communication Facilities","Community Lawn or Garden, Community Swimming Pool, Community Gym, First Aid or Medical Centre, Day Care Centre, Kids Play Area, Barbeque Area, Mosque, Community Centre, Other Community Facilities","Lawn or Garden, Swimming Pool, Sauna, Jacuzzi, Other Healthcare and Recreation Facilities","Nearby Schools, Nearby Hospitals, Nearby Shopping Malls, Nearby Restaurants, Distance From Airport (kms), Nearby Public Transport Service, Other Nearby Places","Maintenance Staff, Security Staff, Facilities for Disabled, Other Facilities",,,
https://www.zameen.com/Property/dha_defence_dha_defence_phase_1_luxury_studio_for_sale-52840922-376-1.html,"DHA Defence Phase 1, DHA Defence",Flat,PKR90.64 Lakh,1,1.8 Marla,For Sale,-,5 months ago,"DHA Defence, Islamabad, Islamabad Capital","LUXURY STUDIO APARTMENT FOR SALE DHA PHASE 1 ""B "" ORCHARD SIZE APARTMENT; 412 SQ. FT 1 YEAR INSTALLMENT PLAN 1 YEAR INSTALLMENT PLAN 50 % WORK COMPLETE DHA TRANSFER, MORE OPTIONS AVAILABLE MORE DETAILS TO CONTACT US","Built in year: 2026, Parking Spaces: 3, Lobby in Building, Double Glazed Windows, Central Air Conditioning, Central Heating, Flooring, Electricity Backup, Waste Disposal, Floor: 3, Floors in Building: 7, Elevators: 1, Service Elevators in Building, Other Main Features, Furnished","Bedrooms: 1, Bathrooms: 1, Servant Quarters: 5, Drawing Room, Dining Room, Kitchens: 1, Study Room, Prayer Room, Powder Room, Gym, Store Rooms: 2, Steam Room, Lounge or Sitting Room, Laundry Room, Other Rooms","Broadband Internet Access, Satellite or Cable TV Ready, Business Center or Media Room in Building, Conference Room in Building, Intercom, ATM Machines, Other Business and Communication Facilities","Community Lawn or Garden, Community Swimming Pool, Community Gym, First Aid or Medical Centre, Day Care Centre, Kids Play Area, Barbeque Area, Mosque, Community Centre, Other Community Facilities","Sauna, Jacuzzi, Other Healthcare and Recreation Facilities","Nearby Schools, Nearby Hospitals, Nearby Shopping Malls, Nearby Restaurants, Distance From Airport (kms), Nearby Public Transport Service, Other Nearby Places","Maintenance Staff, Security Staff, Laundry or Dry Cleaning Facility, Communal/Shared Kitchen, Facilities for Disabled, Pets Not Allowed, Other Facilities",PKR36.26 Lakh,PKR4.53 Lakh,12 Months
https://www.zameen.com/Property/jinnah_gardens_jinnah_gardens_phase_1_7_marla_double_unit_house_for_sale-53101379-1421-1.html,"Jinnah Gardens Phase 1, Jinnah Gardens",House,PKR3.4 Crore,6,7 Marla,For Sale,5,2 months ago,"FECHS, Islamabad, Islamabad Capital",Prime Location Ready For Possession CDA Approved 5 Bed Rooms Modern Construction Parking Space For 2 Cars 2 Kitchens 1 Servant Wapda Meter Water Supply Meeting With Direct Owner Also Have Many Other Options In Different Price,"Built in year: 2025, Parking Spaces: 2, Double Glazed Windows, Central Air Conditioning, Central Heating, Flooring, Electricity Backup, Waste Disposal, Floors: 2, Other Main Features","Bedrooms: 5, Bathrooms: 6, Servant Quarters: 1, Drawing Room, Dining Room, Kitchens: 2, Study Room, Prayer Room, Powder Room, Gym, Store Rooms: 2, Steam Room, Other Rooms","Broadband Internet Access, Satellite or Cable TV Ready, Other Business and Communication Facilities","Community Lawn or Garden, Community Swimming Pool, Community Gym, First Aid or Medical Centre, Day Care Centre, Kids Play Area, Barbeque Area, Other Community Facilities","Lawn or Garden, Swimming Pool, Other Healthcare and Recreation Facilities","Nearby Schools, Nearby Hospitals, Nearby Shopping Malls, Nearby Restaurants, Distance From Airport (kms)",,,,
https://www.zameen.com/Property/top_city_1_top_city_1_-_block_b_1_kanal_double_story_elegant_designer_house_available_for_sale_in_topcity-1_islamabad-53260977-9230-1.html,"Top City 1 - Block B, Top City 1",House,PKR8.5 Crore,6,1 Kanal,For Sale,6,4 weeks ago,"Top City 1, Islamabad, Islamabad Capital","* 1 Kanal Double Story Elegant Designer House Available for Sale in Topcity-1 Islamabad! * **Solid Construction** **Location**: Topcity-1, Islamabad Near to New Islamabad International Airport, **Size**: *1 Kanal Sunface House* **Detail**: - **Bedrooms**: 5 + 1 Servant Room - **Bathrooms**: 7 - **Kitchens**: 2 - **Drawing Room**: 2 - **TV Lounch**: 2 - **Tiles Flooring** - **3 Big Car parking Inside the House** **Amenities**: - Electricity,Water - Nearby Mosque - Nearby Market - Nearby School - Nearby Metro Station - Nearby Park **Completion Done. ** **Demand* 850 Lacs **Contact Us Now to Schedule a Visit!** Nouman Khan Call/WhatsApp: View Contact Detail","Built in year: 2025, Parking Spaces: 3, Flooring, Electricity Backup, Waste Disposal, Floors: 2, Other Main Features","Bedrooms: 5, Bathrooms: 5, Servant Quarters: 1, Drawing Room, Dining Room, Kitchens: 2, Powder Room, Store Rooms: 1, Lounge or Sitting Room, Laundry Room","Broadband Internet Access, Satellite or Cable TV Ready, Intercom, Other Business and Communication Facilities","Community Lawn or Garden, Community Swimming Pool, Community Gym, First Aid or Medical Centre, Day Care Centre, Kids Play Area, Barbeque Area, Mosque, Community Centre, Other Community Facilities",,"Nearby Schools, Nearby Hospitals, Nearby Shopping Malls, Nearby Restaurants, Distance From Airport (kms), Nearby Public Transport Service, Other Nearby Places","Maintenance Staff, Security Staff, Other Facilities",,,
https://www.zameen.com/Property/dha_valley_oleander_sector_oleander_sector_-_dha_homes_block_a_home_for_sale_8_marla-52718181-16792-1.html,"Oleander Sector - DHA Homes Block A, DHA Valley - Oleander Sector",House,PKR1.5 Crore,4,8 Marla,For Sale,3,2 days ago,"DHA Defence, Islamabad, Islamabad Capital","Ready To Key Home Buy A Property Today To Secure Your Family'S Future. In Case You Are Seeking Good Investment Opportunities In The Price Range Of Rs. 15000000 Then Look No Further. Ideally Situated In Oleander Sector - DHA Homes Block A, This Is An Investment Opportunity Like No Other. You Can Find Single And Double-Storey Properties Easily In Islamabad. Buy Best Houses In Islamabad. The Property Covers An Area Of 8 Marla For You And Your Family. You Can Contact Us Right Now For Detailed Investment Options.","Built in year: 2024, Parking Spaces: 1, Double Glazed Windows, Central Air Conditioning, Central Heating, Flooring, Electricity Backup, Waste Disposal, Other Main Features","Bedrooms: 5, Bathrooms: 6, Servant Quarters, Drawing Room, Dining Room, Kitchens: 2, Study Room, Prayer Room, Powder Room, Gym, Store Rooms: 2, Steam Room, Lounge or Sitting Room, Laundry Room, Other Rooms","Broadband Internet Access, Satellite or Cable TV Ready, Intercom, Other Business and Communication Facilities","Community Lawn or Garden, Community Swimming Pool, Community Gym, First Aid or Medical Centre, Day Care Centre, Kids Play Area, Barbeque Area, Mosque, Community Centre, Other Community Facilities","Lawn or Garden, Swimming Pool, Sauna, Jacuzzi, Other Healthcare and Recreation Facilities","Nearby Schools, Nearby Hospitals, Nearby Shopping Malls, Nearby Restaurants, Distance From Airport (kms), Nearby Public Transport Service, Other Nearby Places","Maintenance Staff, Security Staff, Facilities for Disabled, Other Facilities",,,
https://www.zameen.com/Property/dha_valley_lilly_sector_lilly_sector_-_block_a_dha_valley_lily_block_a_5_marla_home_for_sale-53291840-16475-1.html,"Lilly Sector - Block A, DHA Valley - Lilly Sector",House,PKR72 Lakh,2,5 Marla,For Sale,2,2 days ago,"DHA Defence, Islamabad, Islamabad Capital",2 Bedroom 2 Washroom Tv lounge kitchen laundry Car Parking,"Built in year: 2, Parking Spaces: 1, Flooring, Floors: 1","Bedrooms: 2, Bathrooms: 2, Kitchens: 1, Laundry Room",,,,"Nearby Schools, Nearby Hospitals, Nearby Shopping Malls, Nearby Restaurants, Distance From Airport (kms), Nearby Public Transport Service","Maintenance Staff, Security Staff",,,
https://www.zameen.com/Property/f_11_f-11_3_house_for_sale_f11-53160075-3284-1.html,"F-11/3, F-11",House,PKR11 Crore,5,10 Marla,For Sale,4,3 months ago,"F-11, Islamabad, Islamabad Capital",10 Marla House for Sale CDA Sectors Islamabad 30/70 outstanding location single owner CDA Transfer 4 Bedrooms Asking 11 cror Further information Call MUHAMMAD Atif View Contact Detail,,,,,,"Nearby Schools, Nearby Hospitals, Nearby Shopping Malls, Nearby Restaurants, Distance From Airport (kms), Nearby Public Transport Service, Other Nearby Places","Security Staff, Other Facilities",,,
https://www.zameen.com/Property/dha_valley_lilly_sector_lilly_sector_-_block_b_5_marla_house_for_sale-51495102-16474-1.html,"Lilly Sector - Block B, DHA Valley - Lilly Sector",House,PKR65 Lakh,2,5 Marla,For Sale,2,2 days ago,"DHA Defence, Islamabad, Islamabad Capital","Corner Home And General Home Available Brand New Key In Hand Islamabad has a thriving real estate market so you can be certain of finding the home of your dreams. You can expect good returns on investment by booking your property at PKR Rs. 6050000 in the upcoming project. We have got just the right property for you. So, stop whatever you're doing and grab your share as soon as possible. 5 Marla sized property options are limited, so make your decision while it's still available. Ideally located on Lilly Sector - Block B, this is a rare and golden real estate opportunity. A House like this can be hard to come by, so hurry up and book now. Call us today to find out more.","Built in year: 2024, Parking Spaces: 4, Double Glazed Windows, Central Air Conditioning, Central Heating, Flooring, Electricity Backup, Waste Disposal, Floors, Other Main Features, Furnished","Bedrooms: 5, Bathrooms: 6, Servant Quarters: 1, Drawing Room, Dining Room, Kitchens: 2, Study Room, Prayer Room, Powder Room, Gym, Store Rooms: 1, Steam Room, Lounge or Sitting Room, Laundry Room, Other Rooms","Broadband Internet Access, Satellite or Cable TV Ready, Intercom, Other Business and Communication Facilities","Community Lawn or Garden, Community Swimming Pool, Community Gym, First Aid or Medical Centre, Day Care Centre, Kids Play Area, Barbeque Area, Mosque, Community Centre, Other Community Facilities","Lawn or Garden, Swimming Pool, Sauna, Jacuzzi, Other Healthcare and Recreation Facilities","Nearby Schools, Nearby Hospitals, Nearby Shopping Malls, Nearby Restaurants, Distance From Airport (kms), Nearby Public Transport Service, Other Nearby Places","Maintenance Staff, Security Staff, Facilities for Disabled, Other Facilities",,,
https://www.zameen.com/Property/dha_valley_oleander_sector_oleander_sector_-_block_b_5_marla_home_for_sale-52460592-16477-1.html,"Oleander Sector - Block B, DHA Valley - Oleander Sector",House,PKR63 Lakh,2,5 Marla,For Sale,2,2 days ago,"DHA Defence, Islamabad, Islamabad Capital","You can own your home at a price of PKR Rs. 6300000 at the best location. You can find abundant options for sale or rent in Islamabad. Looking to buy property? We have the best options for you. The property covers an area of 5 Marla which is the perfect size for any family. Oleander Sector - Block B is most sought-after for properties due to access to access to all kinds of facilities, so hurry up! Your best investment could be in House that is both good for sale or rent in the long run. We will guide you through the booking process, all you have to do is contact us via given numbers.","Built in year: 2026, Parking Spaces, Double Glazed Windows, Central Air Conditioning, Central Heating, Flooring, Electricity Backup, Waste Disposal, Other Main Features","Bedrooms: 1, Bathrooms: 1, Servant Quarters: 1, Drawing Room, Dining Room, Kitchens: 1, Study Room, Prayer Room, Powder Room, Gym, Store Rooms: 1, Steam Room, Lounge or Sitting Room, Laundry Room, Other Rooms","Broadband Internet Access, Satellite or Cable TV Ready, Intercom, Other Business and Communication Facilities","Community Lawn or Garden, Community Swimming Pool, Community Gym, First Aid or Medical Centre, Day Care Centre, Kids Play Area, Barbeque Area, Mosque, Community Centre, Other Community Facilities","Sauna, Jacuzzi, Other Healthcare and Recreation Facilities","Nearby Schools, Nearby Hospitals, Nearby Shopping Malls, Nearby Restaurants, Distance From Airport (kms), Nearby Public Transport Service, Other Nearby Places","Maintenance Staff, Security Staff, Facilities for Disabled, Other Facilities",,,
https://www.zameen.com/Property/dha_valley_lilly_sector_lilly_sector_-_block_a_8_marla_home_for_sale-53079540-16475-1.html,"Lilly Sector - Block A, DHA Valley - Lilly Sector",House,PKR1.4 Crore,3,8 Marla,For Sale,3,2 days ago,"DHA Defence, Islamabad, Islamabad Capital",8 Marla Home For Sale All Facilities Available Near School Near Masjid Near Mart Near Gym Peaceful Environment. Reasonable Demand. Interested Persons Are Welcome To Visit The Property. Please Feel Free To Call Us If You Need Further Details About this. We Request That Only Serious Individuals Contact Us To Make An Immediate Deal. Please Remember To Mention Zameen. Com When Calling.,"Parking Spaces: 5, Central Air Conditioning, Flooring, Electricity Backup, Furnished","Bedrooms: 3, Bathrooms: 3, Servant Quarters: 1, Drawing Room, Dining Room, Kitchens: 1, Study Room","Broadband Internet Access, Satellite or Cable TV Ready, Intercom","Community Lawn or Garden, Community Gym, Mosque",,"Nearby Schools, Nearby Hospitals, Nearby Shopping Malls, Nearby Restaurants, Distance From Airport (kms), Nearby Public Transport Service, Other Nearby Places","Security Staff, Other Facilities",,,
https://www.zameen.com/Property/islamabad_d-12_brand_new_corner_triple_storey_white_house_available_for_sale_located_d-12_islamabad-53080390-160-1.html,"D-12, Islamabad",House,PKR9.75 Crore,6,8 Marla,For Sale,7,3 weeks ago,"D-12, Islamabad, Islamabad Capital",DETAILS Size 30-60 (8marla) Proper Corner Murree facing Triple Story White House 5 KVA Solar Panal Installed On Roof 15 KVA Solar Inverter 10 KVA Solar Space Available Sami Furnished Tile Flooring Attached picture original ACCOMMODATIONS AND FACILITIES Having 7-Specious Bedrooms With Attached Bathrooms Drawing Dinning With attached Bath 3-TV Lounge 3-Modran Style Kitchens Sarvant Quarters with attached Bath Tile Flooring Water Boring and CDA supply available Solid Construction Best Quality windows wooden Doors Stylish Roof Selling Best Sanitary work etc Top location Vip area near by family hills parks Markaz Mosque service road and many more neat and clean environment best options for living For Further Details And Viewing Please contact us Asif Bangash D12 Markaz Islamabad,"Built in year: 2025, Parking Spaces: 5, Double Glazed Windows, Central Air Conditioning, Central Heating, Flooring, Electricity Backup, Waste Disposal, Floors: 3, Other Main Features, Furnished","Bedrooms: 7, Bathrooms: 8, Servant Quarters: 1, Drawing Room, Dining Room, Kitchens: 3, Study Room, Prayer Room, Powder Room, Gym, Store Rooms: 1, Steam Room, Lounge or Sitting Room, Laundry Room, Other Rooms","Broadband Internet Access, Satellite or Cable TV Ready, Intercom, Other Business and Communication Facilities","Community Lawn or Garden, Community Swimming Pool, Community Gym, First Aid or Medical Centre, Day Care Centre, Kids Play Area, Barbeque Area, Mosque, Community Centre, Other Community Facilities","Lawn or Garden, Swimming Pool, Sauna, Jacuzzi, Other Healthcare and Recreation Facilities","Nearby Schools, Nearby Hospitals, Nearby Shopping Malls, Nearby Restaurants, Distance From Airport (kms), Nearby Public Transport Service, Other Nearby Places","Maintenance Staff, Security Staff, Facilities for Disabled, Other Facilities",,,
https://www.zameen.com/Property/islamabad_f-8_cda_transfer_prime_location_old_house_is_for_sale-52651642-166-1.html,"F-8, Islamabad",House,PKR33 Crore,6,1.3 Kanal,For Sale,5,5 months ago,"F-8, Islamabad, Islamabad Capital","Attached Images Are Just for Reference Purpose Only Chohan HAY Estate Offers: - 666 SQYD - Prime Location - F-8/3 - Demolishable House - Perfect Plot for New Construction - Great Opportunity for Custom-built Home or Investment - Easy Access from Margalla Road - CDA Transfer - Dont Waste Your Time, just grab this Fantastic Opportunity For more information and Additional options, kindly contact at mentioned numbers or visit CHOHAN HAY ESTATE","Built in year: 2022, Parking Spaces, Double Glazed Windows, Central Air Conditioning, Central Heating, Flooring, Electricity Backup, Waste Disposal, Furnished","Bedrooms: 1, Bathrooms: 1, Kitchens: 1","Broadband Internet Access, Satellite or Cable TV Ready, Intercom, Other Business and Communication Facilities","Community Lawn or Garden, Community Swimming Pool, Community Gym, First Aid or Medical Centre, Day Care Centre, Kids Play Area, Barbeque Area, Mosque, Community Centre, Other Community Facilities","Lawn or Garden, Swimming Pool, Sauna, Jacuzzi, Other Healthcare and Recreation Facilities","Nearby Schools, Nearby Hospitals, Nearby Shopping Malls, Nearby Restaurants, Distance From Airport (kms), Nearby Public Transport Service, Other Nearby Places","Maintenance Staff, Security Staff, Facilities for Disabled, Other Facilities",,,
https://www.zameen.com/Property/islamabad_e-7_luxurious_modern_brand_new_house_with_elevator_pool-52561937-343-1.html,"E-7, Islamabad",House,PKR75 Crore,7,1.6 Kanal,For Sale,6,2 months ago,"E-7, Islamabad, Islamabad Capital","Chohan HAY Estate Offers: - E-7 Brand New House - Basement, Ground, and Upper Floor - 6 Bedrooms with Modern Attached Bathrooms - Drawing, Dining, and TV Lounge - High-quality Finishes, Enriching Interiors, and Family Rooms with Walk-in Closets - Elegant Modern Kitchens with Quartz Countertops, Cabinetry, and Appliances (Refrigerator, Garbage Disposal, Microwave) - Luxurious Bathrooms with Roman Showers, Separate Shower Cabins, Vanities, and Premium Fixtures - Enjoyable Swimming Pool - Elevator Lift - Ceiling Roof - Flooring with Imported Tiles - Outdoor Lawn - Servant Quarters - Parking Area - Rooftop - Views of Margalla Hills and Sunset - Serene and Highly Secure Living Environment - An Outstanding Opportunity: Seize It Without Delay For Further Details and Additional Choices, Feel Free to Contact the Provided Numbers or Visit Chohan HAY Estate","Built in year: 2025, Parking Spaces, Double Glazed Windows, Central Air Conditioning, Central Heating, Flooring, Electricity Backup, Waste Disposal, Floors: 3, Other Main Features, Furnished","Bedrooms: 6, Bathrooms: 7, Servant Quarters, Drawing Room, Dining Room, Kitchens, Study Room, Prayer Room, Powder Room, Gym, Store Rooms, Steam Room, Lounge or Sitting Room, Laundry Room, Other Rooms","Broadband Internet Access, Satellite or Cable TV Ready, Intercom, Other Business and Communication Facilities","Community Lawn or Garden, Community Swimming Pool, Community Gym, First Aid or Medical Centre, Day Care Centre, Kids Play Area, Barbeque Area, Mosque, Community Centre, Other Community Facilities","Lawn or Garden, Swimming Pool, Sauna, Jacuzzi, Other Healthcare and Recreation Facilities","Nearby Schools, Nearby Hospitals, Nearby Shopping Malls, Nearby Restaurants, Distance From Airport (kms), Nearby Public Transport Service, Other Nearby Places","Maintenance Staff, Security Staff, Facilities for Disabled, Other Facilities",,,
https://www.zameen.com/Property/islamabad_f-6_renovated_house_for_sale_in_f-6-52617250-164-1.html,"F-6, Islamabad",House,PKR23.5 Crore,5,17.8 Marla,For Sale,4,5 months ago,"F-6, Islamabad, Islamabad Capital","Attached Images Are Just for Reference Purpose Only Chohan HAY Estate Offers: - 444 SQYD - Renovated House - Three Bedrooms with Attached Washrooms - Drawing Dinning and TV Lounge - Kitchen - Lawn - Parking Space - Servant Quarters - Dont Waste Your Time, just grab this Fantastic Opportunity For more information and Additional options, kindly contact at mentioned numbers or visit CHOHAN HAY ESTATE","Parking Spaces, Double Glazed Windows, Central Air Conditioning, Central Heating, Flooring, Electricity Backup, Waste Disposal, Floors","Bedrooms: 4, Bathrooms: 5, Servant Quarters, Drawing Room, Dining Room, Kitchens, Study Room, Prayer Room, Powder Room, Gym, Store Rooms, Steam Room, Lounge or Sitting Room, Laundry Room, Other Rooms","Broadband Internet Access, Satellite or Cable TV Ready, Intercom, Other Business and Communication Facilities","Community Lawn or Garden, Community Swimming Pool, Community Gym, First Aid or Medical Centre, Day Care Centre, Kids Play Area, Barbeque Area, Mosque, Community Centre, Other Community Facilities","Lawn or Garden, Swimming Pool, Sauna, Jacuzzi, Other Healthcare and Recreation Facilities","Nearby Schools, Nearby Hospitals, Nearby Shopping Malls, Nearby Restaurants, Distance From Airport (kms), Nearby Public Transport Service, Other Nearby Places","Maintenance Staff, Security Staff, Facilities for Disabled, Other Facilities",,,
https://www.zameen.com/Property/f_11_markaz_al-safa_heights_fully_renovated_3_bed_apartment_with_washrooms-52898427-12044-1.html,"Al-Safa Heights, F-11 Markaz",Flat,PKR4.05 Crore,3,12.2 Marla,For Sale,3,2 weeks ago,"F-11, Islamabad, Islamabad Capital",Fully Furnished 3 Bed With Attached Washrooms With Washrooms Kitchen Lounge Drawing Dining Lower Ground Imges Are Not Real,"Built in year: 2025, Parking Spaces: 1, Lobby in Building, Double Glazed Windows, Central Air Conditioning, Central Heating, Flooring, Electricity Backup, Waste Disposal, Floor: 1, Floors in Building: 8, Elevators: 4, Service Elevators in Building","Bedrooms: 3, Bathrooms: 4, Servant Quarters: 2, Drawing Room, Dining Room, Kitchens: 1, Study Room, Prayer Room, Powder Room, Store Rooms: 2, Steam Room, Lounge or Sitting Room, Laundry Room","Broadband Internet Access, Satellite or Cable TV Ready, Business Center or Media Room in Building, Intercom, Other Business and Communication Facilities","Community Lawn or Garden, Community Swimming Pool, Community Gym, First Aid or Medical Centre, Day Care Centre, Kids Play Area, Barbeque Area, Mosque","Sauna, Jacuzzi, Other Healthcare and Recreation Facilities","Nearby Schools, Nearby Hospitals, Nearby Shopping Malls, Nearby Restaurants, Distance From Airport (kms), Nearby Public Transport Service, Other Nearby Places","Maintenance Staff, Security Staff, Laundry or Dry Cleaning Facility, Communal/Shared Kitchen, Facilities for Disabled, Other Facilities",,,
https://www.zameen.com/Property/islamabad_d-12_d_12_-3_good_location_house_for_sale-52459545-160-1.html,"D-12, Islamabad",House,PKR3.5 Crore,5,4 Marla,For Sale,4,4 months ago,"D-12, Islamabad, Islamabad Capital","You can find your dream house in this locality at a price of PKR Rs. 35000000. Here's the House, we believe will be perfect for your needs. Hopefully, this is the perfect 4 Marla House matching your requirements. A well-constructed property is up for sale, have a look today. A central location like D-12 is the best choice for living as it's close to all necessities. The historic city of D-12 is blending with modernism, and you can benefit from it. Property details are listed as follows. The advantages of double-glazed windows in the House are many. The drawing room in this house lets you entertain your guests in a neat and beautiful space. You can easily offer your five daily prayers in the prayer room that is part of the House. A spacious laundry room is part of the House where you can install your washing machine. Having a garden in the House adds to the beauty and proves to be healthy for the family. The daily waste disposal service ensures a clean environment. Your guests can conveniently use the powder room as opposed to personal washrooms. For pricing and other details, contact us today.","Built in year: 3, Parking Spaces: 1, Double Glazed Windows, Flooring, Electricity Backup, Waste Disposal, Floors: 2, Other Main Features","Bedrooms: 4, Bathrooms: 5, Servant Quarters: 1, Drawing Room, Dining Room, Kitchens: 2, Study Room, Prayer Room, Powder Room, Gym, Store Rooms: 1, Laundry Room, Other Rooms","Broadband Internet Access, Satellite or Cable TV Ready, Intercom","Community Lawn or Garden, Community Swimming Pool, Community Gym, First Aid or Medical Centre, Day Care Centre, Kids Play Area, Barbeque Area, Mosque, Community Centre",,"Nearby Schools, Nearby Hospitals, Nearby Shopping Malls, Nearby Restaurants, Distance From Airport (kms), Nearby Public Transport Service, Other Nearby Places","Maintenance Staff, Security Staff, Facilities for Disabled, Other Facilities",,,
https://www.zameen.com/Property/dha_defence_dha_defence_phase_2_most_beautiful_designer_40_marla_house_for_sale-52503202-339-1.html,"DHA Defence Phase 2, DHA Defence",House,PKR16.5 Crore,6,2 Kanal,For Sale,6,5 days ago,"DHA Defence, Islamabad, Islamabad Capital",House Features 40 Marla 2 Portions 6 Spacious Bedrooms with Luxury Washrooms Big Lawn 2 Beautiful TV-Lounge Drawing and Dining Room 2 Stylish Kitchens with Greece Kitchen Store Room and Servant Room With Attached Bath 6 Car Parking Space With Lawn,"Built in year: 2025, Parking Spaces: 4, Double Glazed Windows, Central Air Conditioning, Central Heating, Flooring, Electricity Backup, Waste Disposal, Other Main Features","Bedrooms: 6, Bathrooms: 7, Servant Quarters: 2, Drawing Room, Dining Room, Kitchens: 2, Study Room, Prayer Room, Powder Room, Gym, Steam Room, Lounge or Sitting Room, Laundry Room","Broadband Internet Access, Satellite or Cable TV Ready, Intercom, Other Business and Communication Facilities","Community Lawn or Garden, Community Swimming Pool, Community Gym, First Aid or Medical Centre, Day Care Centre, Kids Play Area, Barbeque Area, Mosque, Community Centre, Other Community Facilities","Lawn or Garden, Swimming Pool, Sauna, Jacuzzi","Nearby Schools, Nearby Hospitals, Nearby Shopping Malls, Nearby Restaurants, Distance From Airport (kms), Nearby Public Transport Service, Other Nearby Places","Maintenance Staff, Security Staff, Facilities for Disabled, Other Facilities",,,
https://www.zameen.com/Property/islamabad_pwd_housing_scheme_pwd_double_storey_house_for_sale-53273027-424-1.html,"PWD Housing Scheme, Islamabad",House,PKR5.25 Crore,6,12 Marla,For Sale,6,4 months ago,"PWD Housing Scheme, Islamabad, Islamabad Capital",Near Main PWD Road Near Mosque School. All Facilities Available In The Area. Newly Renovated. Ideal Location.,"Built in year: 2025, Parking Spaces, Double Glazed Windows, Central Air Conditioning, Central Heating, Flooring, Electricity Backup, Floors: 3, Other Main Features","Bedrooms: 5, Bathrooms: 6, Servant Quarters: 2, Drawing Room, Dining Room, Kitchens: 2, Study Room, Prayer Room, Store Rooms: 1, Other Rooms","Broadband Internet Access, Satellite or Cable TV Ready, Intercom, Other Business and Communication Facilities","Community Lawn or Garden, Community Swimming Pool, Community Gym, First Aid or Medical Centre, Day Care Centre, Kids Play Area, Barbeque Area, Mosque, Community Centre, Other Community Facilities","Lawn or Garden, Sauna, Jacuzzi, Other Healthcare and Recreation Facilities","Nearby Schools, Nearby Hospitals, Nearby Shopping Malls, Nearby Restaurants, Distance From Airport (kms), Nearby Public Transport Service, Other Nearby Places","Security Staff, Other Facilities",,,
https://www.zameen.com/Property/dha_defence_dha_defence_phase_2_22_marla_corner_spanish_brand_new_house_for_sale_9_bed_11_washroom_3_storey_3_unit_top_location_dha_phases_2_islamabad-53311175-339-1.html,"DHA Defence Phase 2, DHA Defence",House,PKR16.5 Crore,6,1 Kanal,For Sale,9,5 months ago,"DHA Defence, Islamabad, Islamabad Capital",22 MARLA CORNER SPANISH BRAND NEW HOUSE FOR SALE 9 BED 3 STOREY 3 UNIT TOP LOCATION DHA PHASES 2 ISLAMABAD,"Built in year: 2025, Parking Spaces: 4, Double Glazed Windows, Central Air Conditioning, Central Heating, Flooring, Electricity Backup, Waste Disposal, Floors: 3, Other Main Features, Furnished","Bedrooms: 9, Bathrooms: 11, Servant Quarters: 1, Drawing Room, Dining Room, Kitchens: 5, Study Room, Prayer Room, Powder Room, Gym, Store Rooms: 5, Steam Room, Lounge or Sitting Room, Laundry Room, Other Rooms","Broadband Internet Access, Satellite or Cable TV Ready, Intercom, Other Business and Communication Facilities","Community Lawn or Garden, Community Swimming Pool, Community Gym, First Aid or Medical Centre, Day Care Centre, Kids Play Area, Barbeque Area, Mosque, Community Centre, Other Community Facilities","Lawn or Garden, Swimming Pool, Sauna, Jacuzzi, Other Healthcare and Recreation Facilities","Nearby Schools, Nearby Hospitals, Nearby Shopping Malls, Nearby Restaurants, Distance From Airport (kms), Nearby Public Transport Service, Other Nearby Places","Maintenance Staff, Security Staff, Facilities for Disabled, Other Facilities",,,
https://www.zameen.com/Property/g_15_zarkon_heights_beautiful_3bed_apartment_available_for_sale_in_zarkon_heights-53276452-10169-1.html,"Zarkon Heights, G-15",Flat,PKR1.9 Crore,3,6.9 Marla,For Sale,3,5 months ago,"G-15, Islamabad, Islamabad Capital",Beautiful 3 Bed Apartment Available For Sale In Zarkon Heights G-15 Islamabad 3 Bedroom Attached Bath Room TV Lounge Kitchen Laundry Area Car Parking Space 24 Hours Security Neat and Clean Nearly Park Market Masjid Electricity Gas Separate Meter Contact Us For More Information,"Built in year: 2000, Parking Spaces: 1, Lobby in Building, Double Glazed Windows, Central Air Conditioning, Central Heating, Flooring, Electricity Backup, Waste Disposal, Elevators: 4, Service Elevators in Building","Bedrooms: 3, Bathrooms: 3, Servant Quarters: 1, Drawing Room, Dining Room, Kitchens: 1, Study Room, Prayer Room, Powder Room, Gym, Store Rooms: 1, Steam Room, Lounge or Sitting Room, Laundry Room","Broadband Internet Access, Satellite or Cable TV Ready, Business Center or Media Room in Building, Conference Room in Building, Intercom, ATM Machines","Community Lawn or Garden, Community Swimming Pool, Community Gym, First Aid or Medical Centre, Day Care Centre, Kids Play Area, Barbeque Area, Mosque, Community Centre","Sauna, Jacuzzi","Nearby Schools, Nearby Hospitals, Nearby Shopping Malls, Nearby Restaurants, Distance From Airport (kms), Nearby Public Transport Service, Other Nearby Places","Maintenance Staff, Security Staff, Laundry or Dry Cleaning Facility, Communal/Shared Kitchen, Facilities for Disabled, Pets Allowed, Other Facilities",,,
https://www.zameen.com/Property/jinnah_gardens_jinnah_gardens_phase_1_7_marla_double_unit_house_for_sale-53331460-1421-1.html,"Jinnah Gardens Phase 1, Jinnah Gardens",House,PKR3.2 Crore,7,7 Marla,For Sale,5,2 months ago,"FECHS, Islamabad, Islamabad Capital",Prime Location 30x60 Ready For Possession CDA Approved Lop clear Wapda meter Water bor + water supply 5 bed rooms 2 kitchens 7 washroom Owner built house Meeting with direct owner Sun face Best option in this budget with perfect location Also have many other options in different price range .,"Built in year: 2021, Parking Spaces, Double Glazed Windows, Central Air Conditioning, Central Heating, Flooring, Electricity Backup, Waste Disposal, Floors: 2, Other Main Features, Furnished","Bedrooms: 5, Bathrooms: 7, Servant Quarters: 1, Drawing Room, Dining Room, Kitchens: 2, Study Room, Prayer Room, Powder Room, Gym, Store Rooms: 1, Steam Room, Lounge or Sitting Room, Laundry Room, Other Rooms","Broadband Internet Access, Satellite or Cable TV Ready, Intercom, Other Business and Communication Facilities","Community Lawn or Garden, Community Swimming Pool, Community Gym, First Aid or Medical Centre, Day Care Centre, Kids Play Area, Barbeque Area, Mosque, Community Centre, Other Community Facilities","Lawn or Garden, Swimming Pool, Sauna, Jacuzzi, Other Healthcare and Recreation Facilities","Nearby Schools, Nearby Hospitals, Nearby Shopping Malls, Nearby Restaurants, Distance From Airport (kms), Nearby Public Transport Service, Other Nearby Places","Maintenance Staff, Security Staff, Facilities for Disabled, Other Facilities",,,
https://www.zameen.com/Property/margalla_hills_2_capital_residencia_one_bedroom_apartment_available_for_sale_in_capital_residencia_e-11_4-53291217-10573-1.html,"Capital Residencia, Margalla Hills-2",Flat,PKR1.3 Crore,1,3.1 Marla,For Sale,1,18 hours ago,"E-11, Islamabad, Islamabad Capital","Discover your perfect urban retreat in the Blueline Tower Building, located in the sought-after Capital Residencia sector E-11/4. This charming one-bedroom apartment features an attached bathroom and a delightful balcony, ideal for relaxation. The spacious TV lounge offers a comfortable space for both lounging and dining, while the modern American open kitchen enhances the apartment's appeal. Priced competitively, this property promises high rental income, making it an excellent investment opportunity. Dont miss out on this chance to own a prime piece of real estatecontact us today for more details!","Built in year: 2020, Parking Spaces: 1, Lobby in Building, Double Glazed Windows, Flooring, Electricity Backup, Waste Disposal, Floor, Floors in Building: 15, Elevators: 3, Service Elevators in Building","Bedrooms: 1, Bathrooms: 1, Dining Room, Kitchens: 1, Lounge or Sitting Room","Broadband Internet Access, Satellite or Cable TV Ready","Community Lawn or Garden, Community Swimming Pool",,"Nearby Schools, Nearby Hospitals, Nearby Shopping Malls, Nearby Restaurants, Distance From Airport (kms), Nearby Public Transport Service","Maintenance Staff, Security Staff, Laundry or Dry Cleaning Facility, Communal/Shared Kitchen, Pets Allowed",,,
https://www.zameen.com/Property/dha_valley_oleander_sector_oleander_sector_-_dha_homes_block_a_8_maral_house_for_sale-53287789-16792-1.html,"Oleander Sector - DHA Homes Block A, DHA Valley - Oleander Sector",House,PKR1.32 Crore,3,8 Marla,For Sale,3,2 days ago,"DHA Defence, Islamabad, Islamabad Capital",8 Marla oleander Sector A Home 3 Bedroom attach Bathroom 1 TV lounge 1 Kitchen 1 Laundry Area 2 Car Parking Space Porch 1 Lawn Neat and Clean Community Gated Community Near Masjid Near School Near Park Near Market Near Community Center Near Riding Club Near Bank Near Maintainance Office Near Bakery Near Mart Near Gym All Facilities Available Contact for more Details and Visit Feel Free to Contact Us,"Built in year: 2021, Parking Spaces: 3, Double Glazed Windows, Central Air Conditioning, Central Heating, Flooring, Electricity Backup, Waste Disposal, Floors: 2, Other Main Features","Bedrooms: 5, Bathrooms: 6, Servant Quarters: 2, Drawing Room, Dining Room, Kitchens: 2, Study Room, Prayer Room, Powder Room, Gym, Store Rooms: 2, Steam Room, Lounge or Sitting Room, Laundry Room","Broadband Internet Access, Satellite or Cable TV Ready, Intercom","Community Lawn or Garden, Community Swimming Pool, Community Gym, First Aid or Medical Centre, Day Care Centre, Kids Play Area, Barbeque Area, Mosque, Community Centre","Lawn or Garden, Swimming Pool, Sauna, Jacuzzi","Nearby Schools, Nearby Hospitals, Nearby Shopping Malls, Nearby Restaurants, Distance From Airport (kms), Nearby Public Transport Service, Other Nearby Places","Maintenance Staff, Security Staff, Facilities for Disabled, Other Facilities",,,
https://www.zameen.com/Property/dha_valley_oleander_sector_oleander_sector_-_dha_homes_block_b_8_marla_home_for_sale_oleander_block_a-53287716-16839-1.html,"Oleander Sector - DHA Homes Block B, DHA Valley - Oleander Sector",House,PKR1.35 Crore,3,8 Marla,For Sale,3,2 days ago,"DHA Defence, Islamabad, Islamabad Capital",5 Marla Lily Sector A Home 2 Bedroom attach Bathroom 1 TV lounge 1 Kitchen 1 Laundry Area 1 Car Parking Space Porch 1 Lawn Neat and Clean Community Gated Community Near Masjid Near School Near Park Near Market Near Community Center Near Riding Club Near Bank Near Maintainance Office Near Bakery Near Mart Near Gym All Facilities Available Contact for more Details and Visit Feel Free to Contact Us,,"Bedrooms: 3, Bathrooms: 3, Servant Quarters: 1, Drawing Room, Dining Room, Kitchens: 1, Store Rooms: 1, Lounge or Sitting Room",,Mosque,,"Nearby Schools, Nearby Hospitals, Nearby Shopping Malls, Nearby Restaurants, Distance From Airport (kms), Nearby Public Transport Service, Other Nearby Places","Maintenance Staff, Security Staff, Other Facilities",,,
https://www.zameen.com/Property/dha_defence_phase_2_askari_tower_1_askari_tower_1_3_bed_apartment_for_sale-53291167-10663-1.html,"Askari Tower 1, DHA Defence Phase 2",Flat,PKR3.4 Crore,3,9.8 Marla,For Sale,3,2 days ago,"DHA Defence, Islamabad, Islamabad Capital",3 Bedrooms 3 Washrooms Drawing Dining Tv lounge kitchen laundry Car Parking,Flooring,"Bedrooms: 3, Bathrooms: 3, Servant Quarters: 1, Drawing Room, Dining Room, Kitchens: 11, Powder Room, Store Rooms: 1, Lounge or Sitting Room, Laundry Room",,,,"Nearby Schools, Nearby Hospitals, Nearby Shopping Malls","Maintenance Staff, Security Staff, Laundry or Dry Cleaning Facility",,,
https://www.zameen.com/Property/dha_valley_oleander_sector_oleander_sector_-_dha_homes_block_a_dha_valley_oleander_block_a_8_marla_corner_home_for_sale-53296813-16792-1.html,"Oleander Sector - DHA Homes Block A, DHA Valley - Oleander Sector",House,PKR1.55 Crore,3,8 Marla,For Sale,3,2 days ago,"DHA Defence, Islamabad, Islamabad Capital",3 Bedroom 3 Washroom Drawing Dinning Tv Lounge Kitchen Store Servent Quarter 2 Car Parking,"Built in year: 2025, Parking Spaces: 1, Double Glazed Windows, Central Air Conditioning, Central Heating, Flooring, Electricity Backup, Waste Disposal, Floors: 1, Other Main Features, Furnished","Bedrooms: 3, Bathrooms: 3, Servant Quarters: 1, Drawing Room, Dining Room, Kitchens: 1, Study Room, Prayer Room, Powder Room, Gym, Store Rooms: 1, Steam Room, Lounge or Sitting Room, Laundry Room, Other Rooms","Broadband Internet Access, Satellite or Cable TV Ready, Intercom, Other Business and Communication Facilities","Community Lawn or Garden, Community Swimming Pool, Community Gym, First Aid or Medical Centre, Day Care Centre, Kids Play Area, Barbeque Area, Mosque, Community Centre, Other Community Facilities","Lawn or Garden, Swimming Pool, Sauna, Jacuzzi, Other Healthcare and Recreation Facilities","Nearby Schools, Nearby Hospitals, Nearby Shopping Malls, Nearby Restaurants, Distance From Airport (kms), Nearby Public Transport Service, Other Nearby Places","Maintenance Staff, Security Staff, Facilities for Disabled, Other Facilities",,,
https://www.zameen.com/Property/islamabad_i-14_7_marla_brand_new_double_storey_house_for_sale-53333758-1045-1.html,"I-14, Islamabad",House,PKR3.7 Crore,6,7 Marla,For Sale,6,5 months ago,"I-14, Islamabad, Islamabad Capital",Best Location I14 Brand New Double Storey House For Sale Beautiful House 6 Bedrooms Attach Bath And 2 Drawing Room Tv lounge Kitchen Available Facility Water Boring 24 Hours Working Electricity Available Details Contact With Me Only WhatsApp,,,,,,"Nearby Schools, Nearby Hospitals, Nearby Shopping Malls, Nearby Restaurants, Distance From Airport (kms), Nearby Public Transport Service, Other Nearby Places","Security Staff, Other Facilities",,,
https://www.zameen.com/Property/gulberg_greens_gulberg_greens_-_block_a_a_j_tower_two_bed_non_furnished_apartments_available_for_sale_more_options_available_in_different_floor_different_facing-53117465-8313-1.html,"Gulberg Greens - Block A, Gulberg Greens",Flat,PKR3.4 Crore,3,8.2 Marla,For Sale,2,5 months ago,"Gulberg, Islamabad, Islamabad Capital",A. J tower two bed furnished r non furnished apparments available for sale full floor available for sale direct allotte meeting,"Built in year: 2024, Parking Spaces: 4, Lobby in Building, Double Glazed Windows, Central Air Conditioning, Central Heating, Flooring, Electricity Backup, Waste Disposal, Floor: 22, Floors in Building: 13, Elevators: 5, Service Elevators in Building, Other Main Features, Furnished","Bedrooms: 2, Bathrooms: 2, Servant Quarters: 1, Drawing Room, Dining Room, Kitchens: 1, Study Room, Prayer Room, Powder Room, Gym, Store Rooms: 1, Steam Room, Lounge or Sitting Room, Laundry Room, Other Rooms","Broadband Internet Access, Satellite or Cable TV Ready, Business Center or Media Room in Building, Conference Room in Building, Intercom, ATM Machines, Other Business and Communication Facilities","Community Lawn or Garden, Community Swimming Pool, Community Gym, First Aid or Medical Centre, Day Care Centre, Kids Play Area, Barbeque Area, Mosque, Community Centre, Other Community Facilities","Sauna, Jacuzzi, Other Healthcare and Recreation Facilities","Nearby Schools, Nearby Hospitals, Nearby Shopping Malls, Nearby Restaurants, Distance From Airport (kms), Nearby Public Transport Service, Other Nearby Places","Maintenance Staff, Security Staff, Laundry or Dry Cleaning Facility, Communal/Shared Kitchen, Facilities for Disabled, Pets Allowed, Other Facilities",,,
https://www.zameen.com/Property/gulberg_greens_gulberg_greens_-_block_a_a_block_gulberg_greens_furnished_farm_house_available_for_sale-53118529-8313-1.html,"Gulberg Greens - Block A, Gulberg Greens",Farm House,PKR26 Crore,6,5 Kanal,For Sale,10,2 days ago,"Gulberg, Islamabad, Islamabad Capital",Furnished farm house available for sale A block gulberg greens Islamabad more options available in different block different categories plots r constructed farm house options available in All block wid swimming pool,"Built in year: 2025, Parking Spaces: 10, Double Glazed Windows, Central Air Conditioning, Central Heating, Flooring, Electricity Backup, Waste Disposal, Floors: 3, Other Main Features, Furnished","Bedrooms: 13, Bathrooms: 17, Servant Quarters: 3, Drawing Room, Dining Room, Kitchens: 4, Study Room, Prayer Room, Powder Room, Gym, Store Rooms: 3, Steam Room, Lounge or Sitting Room, Laundry Room, Other Rooms","Broadband Internet Access, Satellite or Cable TV Ready, Intercom, Other Business and Communication Facilities","Community Lawn or Garden, Community Swimming Pool, Community Gym, First Aid or Medical Centre, Day Care Centre, Kids Play Area, Barbeque Area, Mosque, Community Centre, Other Community Facilities","Lawn or Garden, Swimming Pool, Sauna, Jacuzzi, Other Healthcare and Recreation Facilities","Nearby Schools, Nearby Hospitals, Nearby Shopping Malls, Nearby Restaurants, Distance From Airport (kms), Nearby Public Transport Service, Other Nearby Places","Maintenance Staff, Security Staff, Facilities for Disabled, Other Facilities",,,
https://www.zameen.com/Property/dha_defence_dha_defence_phase_2_used_owner_build_house_for_sale-52502307-339-1.html,"DHA Defence Phase 2, DHA Defence",House,PKR8.7 Crore,6,1 Kanal,For Sale,5,3 days ago,"DHA Defence, Islamabad, Islamabad Capital",House Features 20 Marla 2 Portions 5 Spacious Bedrooms with Luxury Washrooms 2 Beautiful TV-Lounge Drawing and Dining Room 2 Stylish Kitchens with Greece Kitchen Store Room and Servant Room With Attached Bath 3 Car Parking Space With Lawn,"Built in year, Parking Spaces, Double Glazed Windows, Central Air Conditioning, Central Heating, Flooring, Electricity Backup, Waste Disposal, Floors, Other Main Features, Furnished","Bedrooms: 5, Bathrooms: 6, Servant Quarters: 2, Drawing Room, Dining Room, Kitchens: 2, Study Room, Prayer Room, Powder Room, Gym, Store Rooms: 1, Steam Room, Lounge or Sitting Room, Laundry Room, Other Rooms","Broadband Internet Access, Satellite or Cable TV Ready, Intercom, Other Business and Communication Facilities","Community Lawn or Garden, Community Swimming Pool, Community Gym, First Aid or Medical Centre, Day Care Centre, Kids Play Area, Barbeque Area, Mosque, Community Centre, Other Community Facilities","Lawn or Garden, Swimming Pool, Sauna, Jacuzzi, Other Healthcare and Recreation Facilities","Nearby Schools, Nearby Hospitals, Nearby Shopping Malls, Nearby Restaurants, Distance From Airport (kms), Nearby Public Transport Service, Other Nearby Places","Maintenance Staff, Security Staff, Facilities for Disabled, Other Facilities",,,
https://www.zameen.com/Property/islamabad_b-17_designer_house_double_heighted_looby_sun_face_luxury_house_for_sale_in_b_17_c_block-53275995-616-1.html,"B-17, Islamabad",House,PKR8.3 Crore,6,1 Kanal,For Sale,8,3 months ago,"B-17, Islamabad, Islamabad Capital","Category: Designer House, Double Heighted Lobby, Sunfacing *Asking Price* 8.30 Cr Only/- *Features:* - Grand Entrance - Luxurious Finishing - Single Unit - 15 KV Solar with Green Meter - Electric Fencing - CCTV Cameras - Curtains - 4 Cars Parking Space - 1 Drawing Room - 2 TV Lounges - 6 Bedrooms - 1 Designer Kitchen - 1 Designer kitchnet - 1 Room on Mumty - Sitting Space on Mumty - Open Terrace - Near to Masjid, B-1 Markaz, Parks, Multi Club, J7 Emporium and Capital Square","Built in year: 2025, Parking Spaces: 4, Double Glazed Windows, Central Air Conditioning, Central Heating, Flooring, Electricity Backup, Waste Disposal, Floors: 3","Bedrooms: 6, Bathrooms: 9, Servant Quarters: 1, Drawing Room, Dining Room, Kitchens: 1, Study Room, Prayer Room, Powder Room, Store Rooms: 2, Lounge or Sitting Room, Laundry Room","Broadband Internet Access, Satellite or Cable TV Ready","Community Lawn or Garden, Community Swimming Pool, Community Gym, First Aid or Medical Centre, Day Care Centre, Kids Play Area, Barbeque Area, Mosque, Community Centre",Lawn or Garden,"Nearby Schools, Nearby Hospitals, Nearby Shopping Malls, Nearby Restaurants, Distance From Airport (kms), Nearby Public Transport Service, Other Nearby Places","Security Staff, Other Facilities",,,
https://www.zameen.com/Property/f_6_f-6_3_demolishable_property_in_hot_f-6_3_location-53118922-3301-1.html,"F-6/3, F-6",House,PKR55 Crore,7,2.2 Kanal,For Sale,6,4 months ago,"F-6, Islamabad, Islamabad Capital","Images are just for reference only. Chohan HAY Estate Offers: - Prime location in F-6/3, Islamabad - Demolishable house - Perfect for your dream project - Beautiful street with lush greenery - Stunning views of the Margalla Hills - Close proximity to Kohsar Market and Margalla Road - Spacious plot for new construction - Secure and peaceful neighborhood - Excellent investment potential due to the prime location - Convenient access to top schools, hospitals, and shopping centers - Don't miss out on this incredible opportunity For more information and other options, please contact us at the provided numbers or visit CHOHAN HAY ESTATE.","Parking Spaces, Double Glazed Windows, Waste Disposal, Other Main Features","Bedrooms: 6, Bathrooms: 7, Servant Quarters, Drawing Room, Dining Room, Kitchens, Lounge or Sitting Room","Broadband Internet Access, Satellite or Cable TV Ready, Intercom",,Lawn or Garden,"Nearby Schools, Nearby Hospitals, Nearby Shopping Malls, Nearby Restaurants, Distance From Airport (kms), Nearby Public Transport Service, Other Nearby Places","Maintenance Staff, Security Staff, Other Facilities",,,
https://www.zameen.com/Property/dha_defence_dha_defence_phase_2_prime_location_near_to_commercial_near_to_aps_school_near_to_park_near_to_hospital-53271918-339-1.html,"DHA Defence Phase 2, DHA Defence",House,PKR13.5 Crore,6,1 Kanal,For Sale,5,5 months ago,"DHA Defence, Islamabad, Islamabad Capital",House For Sale Your Dream Home Awaits! Location: Prime & Peaceful Area Size: Spacious Design With Modern Architecture,"Built in year: 2025, Parking Spaces: 03, Double Glazed Windows, Central Air Conditioning, Central Heating, Flooring, Electricity Backup, Waste Disposal, Floors: 01, Other Main Features","Bedrooms: 5, Bathrooms: 6, Servant Quarters: 02, Drawing Room, Dining Room, Kitchens: 02, Study Room, Prayer Room, Powder Room, Gym, Store Rooms: 01, Steam Room, Lounge or Sitting Room, Laundry Room","Broadband Internet Access, Satellite or Cable TV Ready, Intercom, Other Business and Communication Facilities","Community Lawn or Garden, Community Swimming Pool, Community Gym, First Aid or Medical Centre, Day Care Centre, Kids Play Area, Barbeque Area, Mosque, Community Centre, Other Community Facilities","Lawn or Garden, Swimming Pool, Sauna, Jacuzzi, Other Healthcare and Recreation Facilities","Nearby Schools, Nearby Hospitals, Nearby Shopping Malls, Nearby Restaurants, Distance From Airport (kms), Nearby Public Transport Service, Other Nearby Places","Maintenance Staff, Security Staff, Facilities for Disabled, Other Facilities",,,
https://www.zameen.com/Property/f_8_the_centaurus_apartment_is_for_sale_in_the_centaurus-53163758-8349-1.html,"The Centaurus, F-8",Flat,PKR14.5 Crore,4,11.6 Marla,For Sale,3,6 months ago,"F-8, Islamabad, Islamabad Capital","CHOHAN HAY ESTATE OFFERS: - 2600 sqft - 3 Bedrooms with Attached Bathroom - Drawing Dining - Kitchen - City Veiw - Powder Room - Maid Room - Elevator - Dont Miss this Excellent opportunity For more information and additional options, kindly contact at the mentioned numbers or visit CHOHAN HAY ESTATE","Built in year: 2025, Parking Spaces, Double Glazed Windows, Central Air Conditioning, Central Heating, Flooring, Electricity Backup, Waste Disposal, Elevators, Other Main Features, Furnished","Bedrooms: 3, Bathrooms: 4, Servant Quarters: 1, Drawing Room, Dining Room, Kitchens, Study Room, Prayer Room, Powder Room, Gym, Store Rooms: 1, Steam Room, Lounge or Sitting Room, Laundry Room, Other Rooms","Broadband Internet Access, Satellite or Cable TV Ready, Business Center or Media Room in Building, Intercom, Other Business and Communication Facilities","Community Lawn or Garden, Community Swimming Pool, Community Gym, First Aid or Medical Centre, Day Care Centre, Kids Play Area, Barbeque Area, Mosque, Community Centre","Sauna, Jacuzzi, Other Healthcare and Recreation Facilities","Nearby Schools, Nearby Hospitals, Nearby Shopping Malls, Nearby Restaurants, Distance From Airport (kms), Nearby Public Transport Service, Other Nearby Places","Maintenance Staff, Security Staff, Facilities for Disabled, Other Facilities",,,
https://www.zameen.com/Property/f_8_the_centaurus_corner_apartment_is_for_sale_in_centaurus_mall-53163697-8349-1.html,"The Centaurus, F-8",Flat,PKR14.5 Crore,4,11.6 Marla,For Sale,3,6 months ago,"F-8, Islamabad, Islamabad Capital","- 2600 sqft - 3 Bedrooms with Attached Bathroom - Drawing and Dining Room - Kitchen - Powder Room - Maid Room - Elevator - Dont Miss this Excellent opportunity For more information and additional options, kindly contact at the mentioned numbers or visit CHOHAN HAY ESTATE","Parking Spaces, Central Air Conditioning, Central Heating, Elevators, Other Main Features","Bedrooms: 3, Bathrooms: 4, Drawing Room, Dining Room, Kitchens, Lounge or Sitting Room, Laundry Room","Broadband Internet Access, Satellite or Cable TV Ready, Business Center or Media Room in Building, Conference Room in Building, Intercom",,Jacuzzi,"Nearby Schools, Nearby Hospitals, Nearby Shopping Malls, Nearby Restaurants, Distance From Airport (kms), Nearby Public Transport Service, Other Nearby Places","Maintenance Staff, Security Staff, Other Facilities",,,
https://www.zameen.com/Property/islamabad_bani_gala_10_bed_4_storey_house_for_sale_on_1_kanal-52291836-340-1.html,"Bani Gala, Islamabad",House,PKR7.5 Crore,-,1 Kanal,For Sale,10,1 week ago,"Bani Gala, Islamabad, Islamabad Capital","Basement ""3 Bed With At Bath , Kitchen, Tv lounge , Drawing Room . . . Ground Floor ""3 Bed With At Bath , Kitchen , Tv lounge , Drawing Room, Car Porch , Lawan 1st Floor ""3 Bed With At Bath , Kitchen , Tv lounge , Drawing Room , Tarrece. . . 2nd Floor "" 1 Bed With Bath ,Living Room , Lobby , Kitchen & Roof Top 30 Ft Street Near To Main Road Easy Access To Muree Rd","Built in year: 2023, Parking Spaces: 3, Double Glazed Windows, Central Air Conditioning, Central Heating, Flooring, Electricity Backup, Waste Disposal, Floors: 2, Other Main Features, Furnished","Bedrooms: 10, Bathrooms: 12, Servant Quarters: 1, Drawing Room, Dining Room, Kitchens: 1, Study Room, Prayer Room, Powder Room, Gym, Store Rooms: 1, Steam Room, Lounge or Sitting Room, Laundry Room, Other Rooms","Broadband Internet Access, Satellite or Cable TV Ready, Intercom, Other Business and Communication Facilities","Community Lawn or Garden, Community Swimming Pool, Community Gym, First Aid or Medical Centre, Day Care Centre, Kids Play Area, Barbeque Area, Mosque, Community Centre, Other Community Facilities","Lawn or Garden, Swimming Pool, Sauna, Jacuzzi, Other Healthcare and Recreation Facilities","Nearby Schools, Nearby Hospitals, Nearby Shopping Malls, Nearby Restaurants, Distance From Airport (kms), Nearby Public Transport Service, Other Nearby Places","Maintenance Staff, Security Staff, Facilities for Disabled, Other Facilities",,,
https://www.zameen.com/Property/dha_defence_phase_2_dha_phase_2_-_sector_g_1_kanal_prime_location_slightly_used_house_in_excellent_condition_is_up_for_sale-53244948-3202-1.html,"DHA Phase 2 - Sector G, DHA Defence Phase 2",House,PKR9.3 Crore,6,1 Kanal,For Sale,5,5 months ago,"DHA Defence, Islamabad, Islamabad Capital","Become the owner of 20 Marla property in few easy steps. Endless property options are available in Islamabad for you to choose one that suits your family. You won't find a better price than the current Rs. 93000000 for these kind of properties. The newly constructed House is built keeping in mind the modern day needs. Looking to buy a house or apartment? You have come to the right place as we have the best options for any location that you're looking in. This DHA Phase 2 - Sector G is currently at the top of our listings. Take our word, and sign up for it quickly. The details of the property are listed down below. You and your family can have the time of your lives with private access to this swimming pool. Double glazed windows prevent harsh sunlight from destroying interiors. You and your children can plan a study routine, utilizing the study room in the House without worrying about space. Prayers can be offered in the spacious prayer room that is part of the House. The House has a steam room where you can sit and relax while it improves blood circulation and better your health. Laundry room in the House provides a dedicated space for washing clothes. Enjoy your evening walks in the community park located at a walking distance from the House. Have questions? Get in contact with us.","Built in year: 2021, Parking Spaces: 3, Double Glazed Windows, Central Air Conditioning, Central Heating, Flooring, Electricity Backup, Waste Disposal, Floors: 2, Other Main Features","Bedrooms, Bathrooms, Servant Quarters, Drawing Room, Dining Room, Kitchens: 3, Study Room, Prayer Room, Powder Room, Gym, Store Rooms, Steam Room, Lounge or Sitting Room, Laundry Room, Other Rooms","Broadband Internet Access, Satellite or Cable TV Ready, Intercom, Other Business and Communication Facilities","Community Lawn or Garden, Community Swimming Pool, Community Gym, First Aid or Medical Centre, Day Care Centre, Kids Play Area, Barbeque Area, Mosque, Community Centre, Other Community Facilities","Lawn or Garden, Swimming Pool, Sauna, Jacuzzi, Other Healthcare and Recreation Facilities","Nearby Schools, Nearby Hospitals, Nearby Shopping Malls, Nearby Restaurants, Distance From Airport (kms), Nearby Public Transport Service, Other Nearby Places","Maintenance Staff, Security Staff, Other Facilities",,,
https://www.zameen.com/Property/g_14_g-14_4_g_14-4_rented_property_for_sale-53174298-3346-1.html,"G-14/4, G-14",House,PKR3.1 Crore,2,4.4 Marla,For Sale,2,2 months ago,"G-14, Islamabad, Islamabad Capital",Owner made well maintain beat location all facilitates Gas 2: electricity,"Built in year: 2022, Parking Spaces: 1, Double Glazed Windows, Central Air Conditioning, Central Heating, Flooring, Electricity Backup, Waste Disposal, Floors: 2, Other Main Features, Furnished","Bedrooms: 3, Bathrooms: 3, Servant Quarters: 1, Drawing Room, Dining Room, Kitchens: 1, Study Room, Prayer Room, Powder Room, Gym, Store Rooms: 1, Steam Room, Lounge or Sitting Room, Laundry Room, Other Rooms","Broadband Internet Access, Satellite or Cable TV Ready, Intercom, Other Business and Communication Facilities","Community Lawn or Garden, Community Swimming Pool, Community Gym, First Aid or Medical Centre, Day Care Centre, Kids Play Area, Barbeque Area, Mosque, Community Centre, Other Community Facilities","Lawn or Garden, Swimming Pool, Sauna, Jacuzzi, Other Healthcare and Recreation Facilities","Nearby Schools, Nearby Hospitals, Nearby Shopping Malls, Nearby Restaurants, Distance From Airport (kms), Nearby Public Transport Service, Other Nearby Places","Maintenance Staff, Security Staff, Facilities for Disabled, Other Facilities",,,
https://www.zameen.com/Property/soan_garden_soan_garden_-_block_h_2_bed_flat_for_sale_in_soan_garden-53307678-3498-1.html,"Soan Garden - Block H, Soan Garden",Flat,PKR60 Lakh,2,2.9 Marla,For Sale,2,4 months ago,"Soan Garden, Islamabad, Islamabad Capital","two bed family flat for sale SOAN Garden 2nd floor 650 ft. 2 bedroom with attach bath TV lounge open kitchen electricity gas available water supply and boring near to Highway masjid market park For more information, please contact us","Built in year: 2020, Parking Spaces, Flooring, Electricity Backup, Floor, Floors in Building","Bedrooms: 2, Bathrooms: 2, Drawing Room, Dining Room, Kitchens: 1, Study Room, Prayer Room, Laundry Room, Other Rooms",,Mosque,,"Nearby Schools, Nearby Hospitals, Nearby Shopping Malls, Nearby Restaurants",Security Staff,,,
https://www.zameen.com/Property/dha_valley_lilly_sector_lilly_sector_-_dha_homes_5_marla_new_build_house_for_sale_in_dha_homes-53293105-16826-1.html,"Lilly Sector - DHA Homes, DHA Valley - Lilly Sector",House,PKR67 Lakh,2,5 Marla,For Sale,2,4 months ago,"DHA Defence, Islamabad, Islamabad Capital","Heres your updated and professional property description: DHA Valley Islamabad Phase 7 Block: DHA Homes Size: 8 Marla Property Features: 2Bedrooms 2 Bathrooms Drawing & Dining Room Store Room Beautiful Kitchen Location: Situated on a DHA Phase 6, easy access from Kallar Syedan Road, only 4 km from Rawalpindi rawat Ideal for living or investment Peaceful and fully developed area Ready-to-move house Contact: Abbas Hussain DHA Authorized Agent","Built in year: 8, Parking Spaces: 2, Flooring, Electricity Backup, Other Main Features",,,,,"Nearby Schools, Nearby Hospitals, Nearby Shopping Malls, Nearby Restaurants, Distance From Airport (kms), Nearby Public Transport Service, Other Nearby Places","Security Staff, Other Facilities",,,
https://www.zameen.com/Property/islamabad_f-6_488_sq_yd_modern_triple_portion_house_for_sale_prime_location_f-6_1_islamabad-53130358-164-1.html,"F-6, Islamabad",House,PKR40 Crore,6,19.5 Marla,For Sale,5,4 months ago,"F-6, Islamabad, Islamabad Capital","488 Sq. Yd Modern Triple Portion House For Sale Prime Location F-6/1 Islamabad Presenting a newly built, modern 488 square yards house in the heart of F-6/1 Islamabad. Designed for comfort and elegance, this spacious property is ideal for families seeking luxury and convenience. Property Details: Basement: 1 Spacious Bedroom 2 Large Halls (ideal for gatherings or entertainment) Ground Floor: Stylish Modern Kitchen + Separate Dirty Kitchen 1 Bedroom with Attached Bath Living Room TV Lounge First Floor: 3 Bedrooms with Attached Baths Additional Living Room Pantry Top Floor: Servant Quarter Additional Features: Small Beautiful Garden Spacious Layout with Natural Light Modern Design & High-Quality Finishing Peaceful and Secure Location in F-6/1 This property is perfect investment it can easily rented out for 5000USd to embassy staff, diplomats, and families looking for a premium residence in Islamabads most prestigious sector. Location: F-6/1, Islamabad central, secure, and highly demanded. Ready to Move.","Built in year: 2023, Parking Spaces: 2, Double Glazed Windows, Flooring, Electricity Backup, Floors: 3","Bedrooms: 5, Bathrooms: 7, Servant Quarters: 1, Drawing Room, Dining Room, Kitchens: 2","Broadband Internet Access, Satellite or Cable TV Ready","Community Lawn or Garden, Mosque","Lawn or Garden, Jacuzzi","Nearby Schools, Nearby Hospitals, Nearby Shopping Malls, Nearby Restaurants, Distance From Airport (kms), Nearby Public Transport Service",,,,
https://www.zameen.com/Property/i_14_i-14_1_brand_new_house_for_sale-52757639-8340-1.html,"I-14/1, I-14",House,PKR2.95 Crore,-,6 Marla,For Sale,-,4 months ago,"I-14, Islamabad, Islamabad Capital","CDA Developing Sector I-14 Connected With PESHAWAR ROAD/G. T ROAD 25min Drive From New Islamabad Airport 15min Drive From Saddar , RWP Safe & Profitable Investment Possession Plots Gas & Electricity Available GOLRA MOR UNDERPASS WORK OPERATIONAL NOW OPPORTUNITY FOR INVESTORS SIZE OF PLOTS 20*40 30*40 25*50 25*60 30*60 45*40 30*70 35*60 ITS 6marla Brand New House Available for Sale HOUSE FEATURES: 25*60 OUTCLASS CONSTRUCTION BEAUTIFUL DESIGN DOUBLE STORY HOUSE 30FT WIDE ROAD FACING WATER BORING AVAILABLE NEAR MAIN DOUBLE ROAD NEAR MASJID & MINI COMMERCIAL POPULATED STREET. WATER BORING AVAILABLE ALL SIZE HOUSE AVAILABLE FOR SALE & RENT. All Size Category Non-Category 50ft,70ft Road Double Rd OR Double Rd Back Plots Available ALLOTEES/OWNERS CONTACT FOR BEST OFFER OF THEIR PLOTS DEALS IN CDA SECTORS TOPCITY-1 PARK VIEW CITY TAJ RESIDENCIA B-17","Built in year: 2024, Parking Spaces: 1, Double Glazed Windows, Central Air Conditioning, Central Heating, Flooring, Electricity Backup, Waste Disposal, Floors: 2, Other Main Features, Furnished","Bedrooms: 3, Bathrooms: 4, Servant Quarters, Drawing Room, Dining Room, Kitchens: 2, Prayer Room, Powder Room, Store Rooms: 1, Steam Room, Lounge or Sitting Room, Laundry Room, Other Rooms","Broadband Internet Access, Satellite or Cable TV Ready, Intercom, Other Business and Communication Facilities","Community Lawn or Garden, Community Swimming Pool, Community Gym, First Aid or Medical Centre, Day Care Centre, Kids Play Area, Barbeque Area, Mosque, Community Centre, Other Community Facilities","Lawn or Garden, Sauna, Jacuzzi, Other Healthcare and Recreation Facilities","Nearby Schools, Nearby Hospitals, Nearby Shopping Malls, Nearby Restaurants, Distance From Airport (kms), Nearby Public Transport Service, Other Nearby Places","Maintenance Staff, Security Staff, Facilities for Disabled, Other Facilities",,,
https://www.zameen.com/Property/f_10_f-10_4_house_double_storey_f-10_4-52736864-3279-1.html,"F-10/4, F-10",House,PKR33 Crore,-,2 Kanal,For Sale,5,5 months ago,"F-10, Islamabad, Islamabad Capital",House Double Storey F-10/4 street 51 available for urgent sale,"Built in year: 2006, Parking Spaces: 1, Double Glazed Windows, Central Air Conditioning, Central Heating, Flooring, Electricity Backup, Waste Disposal, Other Main Features, Furnished","Bedrooms: 3, Bathrooms: 4, Servant Quarters: 1, Drawing Room, Dining Room, Kitchens: 1, Study Room, Prayer Room, Powder Room, Gym, Store Rooms: 1, Steam Room, Lounge or Sitting Room, Laundry Room, Other Rooms","Broadband Internet Access, Satellite or Cable TV Ready, Intercom, Other Business and Communication Facilities","Community Lawn or Garden, Community Swimming Pool, Community Gym, First Aid or Medical Centre, Day Care Centre, Kids Play Area, Barbeque Area, Mosque, Community Centre, Other Community Facilities","Sauna, Jacuzzi, Other Healthcare and Recreation Facilities","Nearby Schools, Nearby Hospitals, Nearby Shopping Malls, Nearby Restaurants, Distance From Airport (kms), Nearby Public Transport Service, Other Nearby Places","Maintenance Staff, Security Staff, Facilities for Disabled, Other Facilities",,,
https://www.zameen.com/Property/dha_valley_oleander_sector_oleander_sector_-_dha_homes_dha_home_5_marla_corner_house_for_sale_with_big_extra_land-52948123-16825-1.html,"Oleander Sector - DHA Homes, DHA Valley - Oleander Sector",House,PKR92 Lakh,2,5 Marla,For Sale,2,4 months ago,"DHA Defence, Islamabad, Islamabad Capital","You Simply Cannot Say No To This House. Better Yet, It Comes With Tonnes Of Exciting Features That Distinguish It From Other Properties. Hurry Up Before This 5 Marla House In Oleander Sector - DHA Homes, Islamabad Gets Sold Out. Buying This Property Today Can Save You From Future Hassles. Given The Prime Location Of Oleander Sector - DHA Homes, You Will Be Placed In An Ideally Placed In A Happening Neighborhood. A Luxurious Life Awaits You In This 5 Marla Property. Priced At Rs. 9200000, What More Could You Ask For? You Can Contact On Our Given Details Below To Book Your Appointment.","Built in year: 1999, Parking Spaces: 5, Double Glazed Windows, Central Air Conditioning, Central Heating, Flooring, Electricity Backup, Waste Disposal, Other Main Features, Furnished","Bedrooms: 2, Bathrooms: 05, Servant Quarters: 02, Drawing Room, Dining Room, Kitchens: 1, Study Room, Prayer Room, Powder Room, Gym, Store Rooms: 01, Steam Room, Lounge or Sitting Room, Laundry Room, Other Rooms","Broadband Internet Access, Satellite or Cable TV Ready, Intercom, Other Business and Communication Facilities","Community Lawn or Garden, Community Swimming Pool, Community Gym, First Aid or Medical Centre, Day Care Centre, Kids Play Area, Barbeque Area, Mosque, Community Centre, Other Community Facilities","Sauna, Jacuzzi, Other Healthcare and Recreation Facilities","Nearby Schools, Nearby Hospitals, Nearby Shopping Malls, Nearby Restaurants, Distance From Airport (kms), Nearby Public Transport Service, Other Nearby Places","Maintenance Staff, Security Staff, Facilities for Disabled, Other Facilities",,,
https://www.zameen.com/Property/jinnah_gardens_jinnah_gardens_phase_1_brand_new_double_storey_cda_lop_clear_house_in_jinnah_garden_phase_1_islamabad-52621541-1421-1.html,"Jinnah Gardens Phase 1, Jinnah Gardens",House,PKR3.9 Crore,6,7 Marla,For Sale,4,3 days ago,"FECHS, Islamabad, Islamabad Capital","Brand new double storey CDA LOP Approved 7 Marla house in Jinnah garden phase 1 Islamabad . Size:7 Marla(30x60) Category Main boulevard house. Accommodation: 5 bedrooms with Attached washrooms Kitchen,Tv lounge,Drawing room on each floor Servant room with bath Powder Bath Electricity and water Available Basic Amenities like School,Market and Masjid near this house. Price is Negotiable. For more details and visit please contact me.","Built in year: 2026, Parking Spaces: 2, Double Glazed Windows, Central Air Conditioning, Central Heating, Flooring, Electricity Backup, Waste Disposal, Floors: 2, Other Main Features, Furnished","Bedrooms: 5, Bathrooms: 7, Servant Quarters: 1, Drawing Room, Dining Room, Kitchens: 2, Study Room, Prayer Room, Powder Room, Gym, Store Rooms: 2, Steam Room, Lounge or Sitting Room, Laundry Room, Other Rooms","Broadband Internet Access, Satellite or Cable TV Ready, Intercom, Other Business and Communication Facilities","Community Lawn or Garden, Community Swimming Pool, Community Gym, First Aid or Medical Centre, Day Care Centre, Kids Play Area, Barbeque Area, Mosque, Community Centre, Other Community Facilities","Lawn or Garden, Swimming Pool, Sauna, Jacuzzi, Other Healthcare and Recreation Facilities","Nearby Schools, Nearby Hospitals, Nearby Shopping Malls, Nearby Restaurants, Distance From Airport (kms), Nearby Public Transport Service, Other Nearby Places","Maintenance Staff, Security Staff, Facilities for Disabled, Other Facilities",,,
https://www.zameen.com/Property/i_11_i-11_2_brand_new_double_story_house_is_available_for_sale-52994714-9879-1.html,"I-11/2, I-11",House,PKR4.1 Crore,5,6 Marla,For Sale,5,4 weeks ago,"I-11, Islamabad, Islamabad Capital",Sector I-11/2 Size 25x60 Best Located Brand New Double Story House is available for Sale for the best investment of your future in reasonable price. Contact with us for more information.,,,"Broadband Internet Access, Satellite or Cable TV Ready, Intercom",,,"Nearby Schools, Nearby Hospitals, Nearby Shopping Malls, Nearby Restaurants, Distance From Airport (kms), Nearby Public Transport Service, Other Nearby Places","Maintenance Staff, Security Staff, Facilities for Disabled, Other Facilities",,,
https://www.zameen.com/Property/i_11_i-11_2_beautiful_double_story_house_is_available_for_sale-52994688-9879-1.html,"I-11/2, I-11",House,PKR2.7 Crore,5,4.4 Marla,For Sale,5,1 week ago,"I-11, Islamabad, Islamabad Capital",Sector I-11/2 Size 25x40 Beautiful Double Story House is available for Sale for the best investment of your future in reasonable price. Contact with us for more information.,,,,,,"Nearby Schools, Nearby Hospitals, Nearby Shopping Malls, Nearby Restaurants, Distance From Airport (kms), Nearby Public Transport Service, Other Nearby Places","Maintenance Staff, Security Staff, Facilities for Disabled, Other Facilities",,,
https://www.zameen.com/Property/f_10_silver_oaks_apartments_corner_3_bedrooms_flat_for_sale-52130635-11308-1.html,"Silver Oaks Apartments, F-10",Flat,PKR6.24 Crore,3,9.3 Marla,For Sale,3,5 months ago,"F-10, Islamabad, Islamabad Capital","Silver Oaks Apartments is surrounded with all kinds of facilities, so hurry up and book your property today. So if you're interested in buying this property, we would advise you to book it today. Skim through our list for all the Flat available for investment. The Flat comes with excellent features with a reasonable Rs. 59500000. Don't miss the chance of having your own 1750 Square Feet property. If you are looking for property in Islamabad you don't want to miss the opportunity to buy this. Details of the property are mentioned below. The Flat comes with central air-conditioning which keeps the inside temperature pleasant. A well-furnished powder room spells convenience when you have guests over. A Jacuzzi session is a great way to quiet your mind and unwind. Double glazed windows are a stylish addition to the Flat that comes with several benefits. Central heating in the Flat makes the space cozier and perfect for winter night parties. The Flat has a well-designed prayer room to offer prayers. The lobby and reception in the apartment building contributes to the resident's security. For pricing and other details, contact us today.","Built in year: 2014, Parking Spaces: 1, Lobby in Building, Double Glazed Windows, Central Air Conditioning, Central Heating, Flooring, Electricity Backup, Waste Disposal, Floor: 3, Floors in Building: 10, Elevators: 20, Service Elevators in Building, Other Main Features, Furnished","Bedrooms: 3, Bathrooms: 3, Servant Quarters: 1, Drawing Room, Dining Room, Kitchens: 1, Study Room, Prayer Room, Powder Room, Gym, Store Rooms: 1, Steam Room, Lounge or Sitting Room, Laundry Room","Broadband Internet Access, Satellite or Cable TV Ready, Business Center or Media Room in Building, Conference Room in Building, Intercom, ATM Machines","Community Lawn or Garden, Community Swimming Pool, Community Gym, First Aid or Medical Centre, Day Care Centre, Kids Play Area, Barbeque Area, Mosque, Community Centre","Sauna, Jacuzzi","Nearby Schools, Nearby Hospitals, Nearby Shopping Malls, Nearby Restaurants, Distance From Airport (kms), Nearby Public Transport Service, Other Nearby Places","Maintenance Staff, Security Staff, Laundry or Dry Cleaning Facility, Communal/Shared Kitchen, Facilities for Disabled, Other Facilities",,,
https://www.zameen.com/Property/f_10_silver_oaks_apartments_350_square_feet_flat_in_beautiful_location_of_silver_oaks_apartments_in_islamabad-51321775-11308-1.html,"Silver Oaks Apartments, F-10",Flat,PKR2.65 Crore,1,1.6 Marla,For Sale,-,5 months ago,"F-10, Islamabad, Islamabad Capital","Studio Apartment The perfect 350 Square Feet listing for your property needs are right within your reach. Your search for a house in Islamabad can end here. Your search for, for sale units can end here with these well-fitted and spacious properties. The Flat comes with excellent features with a reasonable Rs. 21500000. Live in a Flat that compliments your lifestyle. Silver Oaks Apartments is trending in top searches for a home location, so make a move today to benefit. You can read more about the property features below. For the ultimate luxury experience, the property also has a sauna for a healthier and relaxed state of body and mind. The Flat has a central heating system installed which is especially useful during winters. A central lounge area that comes with this property makes it easy for everyone to hang in one place and enjoy family time. You can run your business conveniently with high-speed broadband internet access that comes with this commercial centre. The Flat has several mosques nearby that you can reach at a short walk. Having a washing area in the home is a great plus and this Flat gives you that. You can relax whenever you want with access to the Jacuzzi. Our experts will respond to your questions as soon as possible.","Built in year: 2014, Parking Spaces, Lobby in Building, Double Glazed Windows, Central Air Conditioning, Central Heating, Flooring, Electricity Backup, Waste Disposal, Floor: 1, Floors in Building: 10, Elevators: 15, Service Elevators in Building, Other Main Features","Bedrooms: 1, Bathrooms: 1, Servant Quarters: 1, Drawing Room, Dining Room, Kitchens: 1, Study Room, Prayer Room, Gym, Store Rooms: 1, Steam Room, Lounge or Sitting Room, Laundry Room, Other Rooms","Broadband Internet Access, Satellite or Cable TV Ready, Business Center or Media Room in Building, Conference Room in Building, Intercom, ATM Machines, Other Business and Communication Facilities","Community Lawn or Garden, Community Swimming Pool, Community Gym, First Aid or Medical Centre, Day Care Centre, Kids Play Area, Barbeque Area, Mosque, Community Centre, Other Community Facilities","Sauna, Jacuzzi, Other Healthcare and Recreation Facilities","Nearby Schools, Nearby Hospitals, Nearby Shopping Malls, Nearby Restaurants, Distance From Airport (kms), Nearby Public Transport Service, Other Nearby Places","Maintenance Staff, Security Staff, Laundry or Dry Cleaning Facility, Communal/Shared Kitchen, Facilities for Disabled, Other Facilities",,,
https://www.zameen.com/Property/f_10_silver_oaks_apartments_corner_three_bedrooms_with_full_long_terrace-48674407-11308-1.html,"Silver Oaks Apartments, F-10",Flat,PKR5.49 Crore,3,7.8 Marla,For Sale,3,4 days ago,"F-10, Islamabad, Islamabad Capital","Three Bedrooms Corner Apartment With Long Terrace. It'S Kind Of Only 6 Apartments In Silveroaks. Peaceful Environment. Reasonable Demand. Interested Persons Welcome To Visit The Property. Please Feel Free To Call Us If You Need Further Details About It. We Request That Only Serious Individuals Contact Us To Make An Immediate Deal, And Please Do Not Forget To Mention Zameen. com When Calling.","Built in year: 2012, Parking Spaces: 1, Lobby in Building, Double Glazed Windows, Flooring, Electricity Backup, Waste Disposal, Floor: 5, Floors in Building: 10, Elevators: 14, Service Elevators in Building, Other Main Features","Bedrooms: 3, Bathrooms: 3, Drawing Room, Dining Room, Kitchens: 1, Study Room, Prayer Room, Powder Room, Gym, Steam Room, Lounge or Sitting Room, Laundry Room","Broadband Internet Access, Satellite or Cable TV Ready, Business Center or Media Room in Building, Conference Room in Building, Intercom, ATM Machines","Community Lawn or Garden, Community Swimming Pool, Community Gym, First Aid or Medical Centre, Day Care Centre, Kids Play Area, Mosque, Community Centre","Sauna, Jacuzzi","Nearby Schools, Nearby Hospitals, Nearby Shopping Malls, Nearby Restaurants, Distance From Airport (kms), Nearby Public Transport Service, Other Nearby Places","Security Staff, Other Facilities",,,
https://www.zameen.com/Property/e_16_e-16_3_1_kanal_house_is_available_for_sale_in_e-16_3-53255254-3249-1.html,"E-16/3, E-16",House,PKR4.5 Crore,-,1 Kanal,For Sale,-,6 months ago,"E-16, Islamabad, Islamabad Capital","Considering buying property? Explore your options here with the best offers listed. We do not have to tell you that anything located on the E-16/3 will make a sound long-term investment. Owning a House like this one is a dream come true for any home owner. Book your dream 1 Kanal property today and surprise your family. A dream life awaits you in Islamabad. You can find your dream house in this locality at a price of PKR Rs. 45000000. Some of the prominent features of this property are as follows. Anyone can use the laundry space in the House to wash their clothes. Make your meal times more special, with this beautifully designed dining area that is part of this House. You can host your guests conveniently in winters with central heating keeping the House warm. The property comes with a powder room - adding to its many convenient features. You can work out at the gym within premises to make up for the physical activity lag created by the urban life. Double glazed windows are a stylish addition to the House that comes with several benefits. The House comes with a steam room that is good for your skin and overall health. No matter what your property queries are, contact us to get the best answers.","Double Glazed Windows, Central Air Conditioning, Central Heating, Flooring, Electricity Backup, Waste Disposal, Furnished","Drawing Room, Dining Room, Study Room, Prayer Room, Powder Room, Gym, Steam Room, Lounge or Sitting Room, Laundry Room","Broadband Internet Access, Satellite or Cable TV Ready, Other Business and Communication Facilities","Kids Play Area, Mosque, Other Community Facilities",Other Healthcare and Recreation Facilities,"Nearby Schools, Nearby Hospitals, Nearby Shopping Malls, Nearby Restaurants, Distance From Airport (kms), Nearby Public Transport Service, Other Nearby Places","Maintenance Staff, Security Staff, Other Facilities",,,
https://www.zameen.com/Property/islamabad_d-12_8_marla_brand_new_double_storey_house-53236448-160-1.html,"D-12, Islamabad",House,PKR10 Crore,5,8 Marla,For Sale,4,4 months ago,"D-12, Islamabad, Islamabad Capital",good location close to double road margla facing.,"Built in year: 2025, Parking Spaces: 2, Double Glazed Windows, Central Air Conditioning, Central Heating, Flooring, Electricity Backup, Waste Disposal, Floors: 2, Furnished","Bedrooms: 4, Bathrooms: 5, Servant Quarters: 1, Drawing Room, Dining Room, Kitchens: 2",Broadband Internet Access,,,,,,,
https://www.zameen.com/Property/islamabad_d-12_4_marla_house_for_sale-53252916-160-1.html,"D-12, Islamabad",House,PKR3.9 Crore,4,4 Marla,For Sale,3,4 months ago,"D-12, Islamabad, Islamabad Capital",good location close to markaz park and double road Like brand new. original picture available Whatsapp.,"Built in year: 2022, Parking Spaces: 1, Double Glazed Windows, Central Air Conditioning, Central Heating, Flooring, Electricity Backup, Waste Disposal, Floors: 2, Other Main Features, Furnished","Bedrooms: 3, Bathrooms: 4, Servant Quarters: 1, Drawing Room, Dining Room, Kitchens: 2","Broadband Internet Access, Satellite or Cable TV Ready",,,"Nearby Schools, Nearby Hospitals, Nearby Shopping Malls, Nearby Restaurants, Distance From Airport (kms), Nearby Public Transport Service, Other Nearby Places","Security Staff, Other Facilities",,,
https://www.zameen.com/Property/islamabad_d-12_10_marla_corner_house_for_sale-53252927-160-1.html,"D-12, Islamabad",House,PKR11.5 Crore,6,10 Marla,For Sale,5,4 months ago,"D-12, Islamabad, Islamabad Capital",good location proper corner used house gas available fake picture only family visit,"Built in year: 2020, Parking Spaces: 3, Double Glazed Windows, Central Air Conditioning, Central Heating, Flooring, Electricity Backup, Waste Disposal, Floors: 2","Bedrooms: 5, Bathrooms: 6, Servant Quarters: 1, Drawing Room, Dining Room, Kitchens: 2, Study Room, Powder Room, Store Rooms, Lounge or Sitting Room","Broadband Internet Access, Satellite or Cable TV Ready","Community Lawn or Garden, Kids Play Area, Barbeque Area, Mosque",Lawn or Garden,"Nearby Schools, Nearby Hospitals, Nearby Shopping Malls, Nearby Restaurants","Maintenance Staff, Security Staff",,,
https://www.zameen.com/Property/islamabad_bani_gala_5_marla_double_storey_house-52464482-340-1.html,"Bani Gala, Islamabad",House,PKR1.9 Crore,4,5 Marla,For Sale,3,5 months ago,"Bani Gala, Islamabad, Islamabad Capital","A beautiful and solid-constructed double-story house is available for sale in a peaceful environment in Bani Gala, Islamabad. It has five marlas of land. It contains Three bedrooms attached with bathrooms. Two Tv lounges. Two drawing rooms with powder room. Two decent and beautiful kitchens. Laundry area. One large car parking. Mumty. Beautiful Gazebo. Very peaceful location. Near zoom petrol pump. Contact us for more details and All about Real estate we are available anytime for you.","Built in year: 2025, Parking Spaces, Double Glazed Windows, Central Air Conditioning, Central Heating, Flooring, Electricity Backup, Waste Disposal, Floors: 2, Other Main Features, Furnished","Bedrooms: 3, Bathrooms: 4, Servant Quarters: 1, Drawing Room, Dining Room, Kitchens: 2, Study Room, Prayer Room, Powder Room, Gym, Store Rooms: 1, Steam Room, Lounge or Sitting Room, Laundry Room, Other Rooms","Broadband Internet Access, Satellite or Cable TV Ready, Intercom, Other Business and Communication Facilities","Community Lawn or Garden, Community Swimming Pool, Community Gym, First Aid or Medical Centre, Day Care Centre, Kids Play Area, Barbeque Area, Mosque, Community Centre, Other Community Facilities","Lawn or Garden, Swimming Pool, Sauna, Jacuzzi, Other Healthcare and Recreation Facilities","Nearby Schools, Nearby Hospitals, Nearby Shopping Malls, Nearby Restaurants, Distance From Airport (kms), Nearby Public Transport Service, Other Nearby Places","Maintenance Staff, Security Staff, Facilities for Disabled, Other Facilities",,,
https://www.zameen.com/Property/dha_valley_oleander_sector_oleander_sector_-_block_b_5_marla_house_for_sale-51493731-16477-1.html,"Oleander Sector - Block B, DHA Valley - Oleander Sector",House,PKR60 Lakh,2,5 Marla,For Sale,2,2 days ago,"DHA Defence, Islamabad, Islamabad Capital","Nothing Is Better Than Scoring The Ultimate Property Deal. And This Islamabad Happens To Have The Best Ones. Make The Most Of The Opportunity Right Now Of Buying A 5 Marla Property That Is Readily. You Will Find Current Market Rates Quite Attractive In Oleander Sector - Block B. The Ideal Place For Family Living Made Available At Only Rs. 5800000. A Well-Constructed House Like This Doesn'T Come Too Often, So Book Yours While You Can. We Have Got Just The Right Property For You. So, Stop Whatever You'Re Doing And Grab Your Share As Soon As Possible. If You Still Want To Get The Full Low-Down On This Offer, Please Connect With Us Today.",,"Bedrooms: 5, Bathrooms: 6, Servant Quarters: 2, Drawing Room, Dining Room, Kitchens: 3, Study Room, Prayer Room, Powder Room, Gym, Lounge or Sitting Room, Laundry Room","Broadband Internet Access, Satellite or Cable TV Ready, Intercom","Community Lawn or Garden, Community Swimming Pool, Community Gym, First Aid or Medical Centre, Day Care Centre, Kids Play Area, Barbeque Area, Mosque, Community Centre",,"Nearby Schools, Nearby Hospitals, Nearby Shopping Malls, Nearby Restaurants, Distance From Airport (kms), Nearby Public Transport Service, Other Nearby Places","Maintenance Staff, Security Staff, Facilities for Disabled, Other Facilities",,,
https://www.zameen.com/Property/dha_valley_oleander_sector_oleander_sector_-_dha_homes_dha_home_size_5_marla_for_sale-51890977-16825-1.html,"Oleander Sector - DHA Homes, DHA Valley - Oleander Sector",House,PKR65 Lakh,2,5 Marla,For Sale,2,2 days ago,"DHA Defence, Islamabad, Islamabad Capital","If You Are Looking For A House, Islamabad Might Have Just The Thing. Investing In A House In Oleander Sector - DHA Homes Is A Profitable Deal, Both On Short As Well As Long Term Basis. Oleander Sector - DHA Homes Is Based Away From The Humdrum Of Urban City Life, Giving You The Peace Of Mind You Need Most. Looking For A Lucrative Investment Or A Shelter? Consider The Following Buy. The Perfect 5 Marla House Is Available For Sale Now In Oleander Sector - DHA Homes. This Property Available For As Low As Rs. 6500000 Right Now Has The Potential To Shoot Up In Value In No Time At All. Find Out Why This Property Is The Best Option For You Below. A Drawing Room Like The One In This 5 Marla House Is Sure To Impress Your Guests. This Project Features Broadband Internet Access Among Other Facilities. The Nearby Mosque Is Only A Few Minutes By Walk From The House. Your Kids Can Play To Their Heart'S Content In The Play Area Adjoining The Property. Safety Is A Top Priority, So Security Staff Will Be Available On The Premise. Socialize, Make Friends And Interact With The Neighbours At The Community Lawn Nearby. A Dedicated Space For Washing, Like A Separate Laundry Room Comes In Handy, Especially When You Have A Large Load. If You Want Details, All You Have To Do Is Contact Us.","Built in year: 2023, Parking Spaces: 3, Double Glazed Windows, Central Air Conditioning, Central Heating, Flooring, Electricity Backup, Waste Disposal, Floors: 1, Other Main Features, Furnished","Bedrooms: 22, Bathrooms: 7, Servant Quarters: 2, Drawing Room, Dining Room, Kitchens: 1, Study Room, Prayer Room, Powder Room, Gym, Store Rooms: 2, Steam Room, Lounge or Sitting Room, Laundry Room, Other Rooms","Broadband Internet Access, Satellite or Cable TV Ready, Intercom, Other Business and Communication Facilities","Community Lawn or Garden, Community Swimming Pool, Community Gym, First Aid or Medical Centre, Day Care Centre, Kids Play Area, Barbeque Area, Mosque, Community Centre, Other Community Facilities","Lawn or Garden, Swimming Pool, Sauna, Jacuzzi, Other Healthcare and Recreation Facilities","Nearby Schools, Nearby Hospitals, Nearby Shopping Malls, Nearby Restaurants, Distance From Airport (kms), Nearby Public Transport Service, Other Nearby Places","Maintenance Staff, Security Staff, Facilities for Disabled, Other Facilities",,,
https://www.zameen.com/Property/dha_valley_dha_valley_-_oleander_sector_5_marla_house_for_sale-53010775-3213-1.html,"DHA Valley - Oleander Sector, DHA Valley",House,PKR75 Lakh,2,5 Marla,For Sale,2,4 months ago,"DHA Defence, Islamabad, Islamabad Capital","5 Marla House For Sale. 2 Bedrooms 2 Atch Washroom Kitchen TV Longe Parking Area Seeking Good Investment Opportunity Starting From Rs. 7000000? Look No Further As This Is The Right Choice For You. Just Know That A Purchasing Opportunity Like This Doesn'T Come Easy. House For A Comfortable Living In The City. The Islamabad Is Perfect For Living And You Can Find The Best Properties Due To A Booming Real Estate Sector. All Your Search For 5 Marla Property For Your Investment Is At The Destination. You Can Find The Best Properties In DHA Valley - Oleander Sector. Interested? Contact Us For Pricing Info, Property Details And More.","Built in year: 2025, Parking Spaces: 1, Double Glazed Windows, Central Air Conditioning, Central Heating, Flooring, Electricity Backup, Waste Disposal, Floors: 2, Other Main Features, Furnished","Bedrooms: 5, Bathrooms: 6, Servant Quarters: 1, Drawing Room, Dining Room, Kitchens: 2, Study Room, Prayer Room, Powder Room, Gym, Store Rooms: 1, Steam Room, Lounge or Sitting Room, Laundry Room, Other Rooms","Broadband Internet Access, Satellite or Cable TV Ready, Intercom, Other Business and Communication Facilities","Community Lawn or Garden, Community Swimming Pool, Community Gym, First Aid or Medical Centre, Day Care Centre, Kids Play Area, Barbeque Area, Mosque, Community Centre, Other Community Facilities","Lawn or Garden, Swimming Pool, Sauna, Jacuzzi, Other Healthcare and Recreation Facilities","Nearby Schools, Nearby Hospitals, Nearby Shopping Malls, Nearby Restaurants, Distance From Airport (kms), Nearby Public Transport Service, Other Nearby Places","Maintenance Staff, Security Staff, Facilities for Disabled, Other Facilities",,,
https://www.zameen.com/Property/dha_valley_oleander_sector_oleander_sector_-_dha_homes_block_a_8_marla_corner_house_for_sale-53287662-16792-1.html,"Oleander Sector - DHA Homes Block A, DHA Valley - Oleander Sector",House,PKR1.55 Crore,3,8 Marla,For Sale,3,2 days ago,"DHA Defence, Islamabad, Islamabad Capital","Brand New Key In Hand 3 Side Open Home Corner With Extra Land Your search for properties sized 8 Marla is now over! Go through this listing. A House in Oleander Sector - DHA Homes Block A comes with many benefits, prime among which is the ease of access to public transport and facilities. It's never too late to own your home, so take that decision by choosing from our many available for sale property options. If you are dreaming about your own House now is the time to take action. There is no lack of real estate avenues in Islamabad. Come and experience for yourself. This property available for as low as Rs. 15500000 right now has the potential to shoot up in value in no time at all. Pick your phone and call us today.","Built in year, Parking Spaces, Double Glazed Windows, Central Air Conditioning, Central Heating, Flooring, Electricity Backup, Waste Disposal, Other Main Features, Furnished",,"Broadband Internet Access, Satellite or Cable TV Ready, Intercom, Other Business and Communication Facilities","Community Lawn or Garden, Community Swimming Pool, Community Gym, First Aid or Medical Centre, Day Care Centre, Kids Play Area, Barbeque Area, Mosque, Community Centre, Other Community Facilities",,"Nearby Schools, Nearby Hospitals, Nearby Shopping Malls, Nearby Restaurants, Distance From Airport (kms), Nearby Public Transport Service, Other Nearby Places","Maintenance Staff, Security Staff, Facilities for Disabled, Other Facilities",,,
https://www.zameen.com/Property/dha_valley_dha_valley_-_oleander_sector_8_marla_house_for_sale-53175567-3213-1.html,"DHA Valley - Oleander Sector, DHA Valley",House,PKR1.7 Crore,3,8 Marla,For Sale,3,2 days ago,"DHA Defence, Islamabad, Islamabad Capital","""8 marla double story home for sale Demand 1 crore 70lack "" 3 bedroom 3 washroom drawing room dining room TV lounge kitchen store front terrace car parking laundry Peaceful Environment. Reasonable Demand. Interested Persons Are Welcome To Visit The Property. Please Feel Free To Call Us If You Need Further Details About this. We Request That Only Serious Individuals Contact Us To Make An Immediate Deal. Please Remember To Mention Zameen. Com When Calling.","Built in year: 2025, Parking Spaces, Double Glazed Windows, Central Air Conditioning, Central Heating, Flooring, Electricity Backup, Waste Disposal, Floors, Other Main Features, Furnished","Bedrooms: 3, Bathrooms: 3, Servant Quarters: 1, Drawing Room, Dining Room, Kitchens: 1, Study Room, Prayer Room, Powder Room, Gym, Store Rooms: 1, Steam Room, Lounge or Sitting Room, Laundry Room, Other Rooms","Broadband Internet Access, Satellite or Cable TV Ready, Intercom, Other Business and Communication Facilities","Community Lawn or Garden, Community Swimming Pool, Community Gym, First Aid or Medical Centre, Day Care Centre, Kids Play Area, Barbeque Area, Mosque, Community Centre, Other Community Facilities","Lawn or Garden, Swimming Pool, Sauna, Jacuzzi, Other Healthcare and Recreation Facilities","Nearby Schools, Nearby Hospitals, Nearby Shopping Malls, Nearby Restaurants, Distance From Airport (kms), Nearby Public Transport Service, Other Nearby Places","Maintenance Staff, Security Staff, Facilities for Disabled, Other Facilities",,,
https://www.zameen.com/Property/dha_defence_dha_valley_5_marla_home_for_sale_oleander_block_b-53287704-1333-1.html,"DHA Valley, DHA Defence",House,PKR65 Lakh,2,5 Marla,For Sale,2,2 days ago,"DHA Defence, Islamabad, Islamabad Capital",5 Marla Lily Sector A Home 2 Bedroom attach Bathroom 1 TV lounge 1 Kitchen 1 Laundry Area 1 Car Parking Space Porch 1 Lawn Neat and Clean Community Gated Community Near Masjid Near School Near Park Near Market Near Community Center Near Riding Club Near Bank Near Maintainance Office Near Bakery Near Mart Near Gym All Facilities Available Contact for more Details and Visit Feel Free to Contact Us,,"Bedrooms: 2, Bathrooms: 2, Drawing Room, Kitchens: 1",,,,"Nearby Schools, Nearby Hospitals, Nearby Shopping Malls, Nearby Restaurants, Distance From Airport (kms), Nearby Public Transport Service, Other Nearby Places","Maintenance Staff, Security Staff, Other Facilities",,,
https://www.zameen.com/Property/f_11_markaz_al-safa_heights_fully_renovated_fully_furnished_2bed_with_attached_washrooms-52898501-12044-1.html,"Al-Safa Heights, F-11 Markaz",House,PKR2.75 Crore,2,7.8 Marla,For Sale,2,5 days ago,"F-11, Islamabad, Islamabad Capital",2bed With Attached Washrooms Fully Furnished Fully Renovated Coming Rent 127000 Lower Ground For Contact International Investments G11 Markaz,"Built in year: 2025, Parking Spaces: 1, Double Glazed Windows, Central Air Conditioning, Central Heating, Flooring, Electricity Backup, Waste Disposal, Other Main Features, Furnished","Bedrooms: 4, Bathrooms: 4, Servant Quarters: 1, Drawing Room, Dining Room, Kitchens: 1, Study Room, Prayer Room, Powder Room, Gym, Store Rooms: 1, Steam Room, Lounge or Sitting Room, Laundry Room, Other Rooms","Broadband Internet Access, Satellite or Cable TV Ready, Intercom, Other Business and Communication Facilities","Community Lawn or Garden, Community Swimming Pool, Community Gym, First Aid or Medical Centre, Day Care Centre, Kids Play Area, Barbeque Area, Mosque, Community Centre, Other Community Facilities","Lawn or Garden, Swimming Pool, Sauna, Jacuzzi, Other Healthcare and Recreation Facilities","Nearby Schools, Nearby Hospitals, Nearby Shopping Malls, Nearby Restaurants, Distance From Airport (kms), Nearby Public Transport Service, Other Nearby Places","Maintenance Staff, Security Staff, Facilities for Disabled, Other Facilities",,,
https://www.zameen.com/Property/bahria_enclave_bahria_enclave_-_sector_c1_bahria_enclave_islamabad_10_marla_brand_new_house_available_for_sale_sector_c1-52930093-11987-1.html,"Bahria Enclave - Sector C1, Bahria Enclave",House,PKR4.8 Crore,6,10 Marla,For Sale,5,5 months ago,"Bahria Town, Islamabad, Islamabad Capital","Bahria enclave Islamabad 10 Marla brand new house available for sale secter Very reasonable price,,,, solid land . 5 bedroom attach bathroom 2 kitchen double unit house,,,,,,,, Drawing room TV lounge servant room attach bathroom,,, car parking space,,,, vs Fully devolved secter prime location,, Waking distance commercial market park masque hospital banks international school Cash and carry Dead end street,,,,,,,,,, Price,,, 4.85 crore ,,, Demand,,,, negotiable More details contact us,,, For more details and visit ,,,,, Different sizes,, house,, plot,,, commercial available reasonable price,,,,,,,,,, ,, For visit contact,,,,,,,,,,,","Built in year: 2024, Parking Spaces: 3, Double Glazed Windows, Flooring, Electricity Backup, Waste Disposal, Floors: 2","Bedrooms: 5, Bathrooms: 6, Servant Quarters: 1, Drawing Room, Dining Room, Kitchens: 2, Study Room, Prayer Room, Powder Room",,,,,,,,
https://www.zameen.com/Property/bahria_enclave_bahria_enclave_-_sector_c_1_kanal_beautiful_owner-built_house_for_sale_sector_c_bahria_enclave_islamabad-52954228-11973-1.html,"Bahria Enclave - Sector C, Bahria Enclave",House,PKR12.5 Crore,6,1 Kanal,For Sale,7,2 months ago,"Bahria Town, Islamabad, Islamabad Capital","1 Kanal Beautiful Owner-Built House for Sale Sector C, Bahria Enclave Islamabad A solidly constructed owner-built house is available for sale in Sector C, Bahria Enclave Islamabad. Designed with care and attention to detail, this spacious home offers luxury and functionality. Property Details: 1 Kanal Solid Construction 7 Bedrooms with Attached Washrooms 2 TV Lounges & 2 Stylish Kitchens Drawing & Dining Rooms Proper Double Unit with Separate Entrances Ideal for Rental Income High-Quality Solid Wood Work Perfect for families or investors looking for rental potential in a prime location. For More Details, Contact: Euro Homes Real Estate & Builders","Built in year: 2025, Parking Spaces: 4, Flooring, Electricity Backup, Waste Disposal, Floors: 2, Other Main Features","Bedrooms: 7, Bathrooms: 8, Servant Quarters: 1, Drawing Room, Dining Room, Kitchens: 2, Study Room, Prayer Room, Powder Room",,,,"Nearby Schools, Nearby Hospitals, Nearby Shopping Malls, Nearby Restaurants, Distance From Airport (kms), Nearby Public Transport Service, Other Nearby Places","Security Staff, Other Facilities",,,
https://www.zameen.com/Property/dha_defence_dha_defence_phase_2_elegant_brand_new_kanal_designer_house_for_sale_in_dha_2_islamabad-52108495-339-1.html,"DHA Defence Phase 2, DHA Defence",House,PKR15 Crore,6,1 Kanal,For Sale,7,21 hours ago,"DHA Defence, Islamabad, Islamabad Capital","This extraordinary property offers a rare combination of elegance sophisticatiom and luxury. weather you are seeking a family home, an entertainors paradise or a peaceful retreat, this stunning state is is sure to exceed your expectations. contact to arrange a private viewing of this incredible property. We deal exclusively inDHA & Bahria Town only. With having the prestige of over a decade of experience, we are authorised Realtors/ Builders and deal in sale/purchase/rent of residential and commercial properties. We offer construction and renovation on demand ( References of handovered projects can be shared with eligible clients) For further info don't hesitate to contact us Tahir Real Estate &Builders Real Estate Consultants - Builders- Advisors","Built in year: 2025, Parking Spaces: 3, Double Glazed Windows, Central Air Conditioning, Central Heating, Flooring, Electricity Backup, Waste Disposal, Floors: 2, Other Main Features","Bedrooms: 5, Bathrooms: 6, Servant Quarters: 1, Drawing Room, Dining Room, Kitchens: 2, Study Room, Prayer Room, Powder Room, Gym, Store Rooms: 1, Steam Room, Lounge or Sitting Room, Laundry Room, Other Rooms","Broadband Internet Access, Satellite or Cable TV Ready, Intercom, Other Business and Communication Facilities","Community Lawn or Garden, Community Swimming Pool, Community Gym, First Aid or Medical Centre, Day Care Centre, Kids Play Area, Barbeque Area, Mosque, Community Centre, Other Community Facilities","Lawn or Garden, Swimming Pool, Sauna, Jacuzzi, Other Healthcare and Recreation Facilities","Nearby Schools, Nearby Hospitals, Nearby Shopping Malls, Nearby Restaurants, Distance From Airport (kms), Nearby Public Transport Service, Other Nearby Places","Maintenance Staff, Security Staff, Facilities for Disabled, Other Facilities",,,
https://www.zameen.com/Property/dha_defence_dha_defence_phase_2_corner_kanal_excellent_condition_house_for_sale_in_dha_2_sector_d-52108415-339-1.html,"DHA Defence Phase 2, DHA Defence",House,PKR8.5 Crore,6,1 Kanal,For Sale,6,21 hours ago,"DHA Defence, Islamabad, Islamabad Capital","Orignal Pictures Attatched Parking, Separate Entrances ,Well Maintained Owner Used, Excellent Condition House For Sale At A Very Reasonable Price, Solid Construction Located In A Very Nice Location Of Sector G, 6bed 2unit Ready To Move House If You Are Looking For A Outstanding Kanal House This Is One Of The Best Options Available Call To Schedule A Visit And Know More About This Property. We Deal Exclusively In DHA, CDA Sector F &Amp; Bahria Town Only. With Having The Prestige Of Over A Decade Of Experience. We Are Authorised Realtors/ Builders And Deal In Sale/Purchase/ Of Residential And Commercial Properties. We Offer Construction(Turnkey/Structure )And Renovation On Demand. ( References Of Handovered Projects Can Be Shared With Eligible Clients). For Further Info Don'T Hesitate To Contact Us Tahir Real Estate &Amp;Builders Real Estate Consultants - Builders- Advisors","Built in year: 6, Parking Spaces: 3, Double Glazed Windows, Central Air Conditioning, Central Heating, Flooring, Electricity Backup, Waste Disposal, Floors: 2, Other Main Features","Bedrooms: 6, Bathrooms: 7, Servant Quarters, Drawing Room, Dining Room, Kitchens: 2, Study Room, Prayer Room, Powder Room, Gym, Store Rooms, Steam Room, Lounge or Sitting Room, Laundry Room, Other Rooms","Broadband Internet Access, Satellite or Cable TV Ready, Intercom, Other Business and Communication Facilities","Community Lawn or Garden, Community Swimming Pool, Community Gym, First Aid or Medical Centre, Day Care Centre, Kids Play Area, Barbeque Area, Mosque, Community Centre, Other Community Facilities","Lawn or Garden, Swimming Pool, Sauna, Jacuzzi, Other Healthcare and Recreation Facilities","Nearby Schools, Nearby Hospitals, Nearby Shopping Malls, Nearby Restaurants, Distance From Airport (kms), Nearby Public Transport Service, Other Nearby Places","Maintenance Staff, Security Staff, Facilities for Disabled, Other Facilities",,,
https://www.zameen.com/Property/dha_defence_phase_2_dha_phase_2_-_sector_e_brand_new_1_kanal_double_storey_house_for_sale_in_dha_phase_2_islamabad-52937963-3200-1.html,"DHA Phase 2 - Sector E, DHA Defence Phase 2",House,PKR13.9 Crore,7,1 Kanal,For Sale,6,3 months ago,"DHA Defence, Islamabad, Islamabad Capital","The Brand New 1 Kanal Double Storey house for sale comes with top-notch fixtures and A construction which means that the home and luxuries it offers is well worth the Available at a Reasonable Price of PKR 13 Crore 90 Lakh. >Ideal Location. >6 Bedrooms >8 Bathrooms >2 Drawing Dining >2 TV lounge >2 Kitchen >Near By amenities School Mosque Hospital Banks Commercial Shops >are just a few steps away. >Other Facilities are also available, >The modern architecture, imported finishing materials, and beautiful >exteriors will make you fall in love with it >The house enjoys a perfect location of DHA 2 Islamabad which >means that you will have access to all the best options for education, >health, shopping, and entertainment just around the corner. >Buying this property will open up options for you. >It has been professionally designed so that both aesthetics and >functionality are at their best. >Take our word of advice and check it out. >This property helps you out for your searches on a House. > Beautifully design & Nice constructed.","Built in year: 2025, Parking Spaces: 3, Flooring, Electricity Backup, Floors","Bedrooms: 6, Bathrooms: 7, Servant Quarters: 2, Drawing Room, Dining Room, Kitchens: 2, Store Rooms, Other Rooms",,"Community Lawn or Garden, Community Swimming Pool, Community Gym, First Aid or Medical Centre, Day Care Centre, Kids Play Area, Barbeque Area, Mosque, Community Centre, Other Community Facilities",,"Nearby Schools, Nearby Hospitals, Nearby Shopping Malls, Nearby Restaurants, Distance From Airport (kms), Nearby Public Transport Service, Other Nearby Places","Security Staff, Other Facilities",,,
https://www.zameen.com/Property/islamabad_b-17_two_bed_apartment_in_j7_emporium-52520663-616-1.html,"B-17, Islamabad",Flat,PKR3.02 Crore,2,8.4 Marla,For Sale,2,5 months ago,"B-17, Islamabad, Islamabad Capital","Get your Luxury Apartment in J7 Emporium Islamabad J7 Emporium is Largest commercial and Residential project of Twin cities by J7 Group. ""Speedy and quality construction in process"" B17 C block. ""Safe investment for secure future J7 Emporium is a landmark project by J7 Group. J7 Emporium is located in Multi Gardens B-17 Islamabad. B 17 is a CDA approved sector of Islamabad, offers its residents an experience that will blend a high living standard with the convenience of having all the necessary facilities in the vicinity. Sector B 17 is directly linked with main G. T road and motorway consisting all the daily facilities that one requires along with the added locational benefits. NOC and Amnesty scheme approved project 46 Kanals & 30 Story Building","Built in year: 2025, Parking Spaces, Lobby in Building, Double Glazed Windows, Flooring, Waste Disposal, Floor: 10, Floors in Building: 32, Elevators: 4, Service Elevators in Building, Other Main Features, Furnished","Bedrooms: 2, Bathrooms: 2, Dining Room, Kitchens: 1, Gym, Steam Room, Lounge or Sitting Room","Broadband Internet Access, Satellite or Cable TV Ready, Business Center or Media Room in Building, Conference Room in Building, Intercom, ATM Machines, Other Business and Communication Facilities","Community Lawn or Garden, Community Swimming Pool, Community Gym, First Aid or Medical Centre, Day Care Centre, Kids Play Area, Barbeque Area, Mosque, Community Centre, Other Community Facilities","Sauna, Jacuzzi, Other Healthcare and Recreation Facilities","Nearby Schools, Nearby Hospitals, Nearby Shopping Malls, Nearby Restaurants, Distance From Airport (kms), Nearby Public Transport Service, Other Nearby Places","Maintenance Staff, Security Staff, Facilities for Disabled, Other Facilities",PKR90.72 Lakh,PKR7.06 Lakh,30 Months
https://www.zameen.com/Property/dha_defence_dha_defence_phase_2_corner_park_facing_house_for_sale_near_central_park-52503557-339-1.html,"DHA Defence Phase 2, DHA Defence",House,PKR14.8 Crore,6,1.2 Kanal,For Sale,8,5 days ago,"DHA Defence, Islamabad, Islamabad Capital",House Features 24 Marla 3 Portions 8 Spacious Bedrooms with Luxury Washrooms 2 Beautiful TV-Lounge 2 Drawing Room 2 Dining Room 2 Stylish Kitchens with Greece Kitchen Store Room and Servant Room With Attached Bath 5 Car Parking Space With Big Lawn,"Built in year: 2024, Parking Spaces: 4, Double Glazed Windows, Central Air Conditioning, Central Heating, Flooring, Electricity Backup, Waste Disposal, Floors: 3, Other Main Features, Furnished","Bedrooms: 8, Bathrooms: 6, Servant Quarters: 2, Drawing Room, Dining Room, Kitchens: 2, Study Room, Prayer Room, Powder Room, Gym, Store Rooms, Steam Room, Lounge or Sitting Room, Laundry Room, Other Rooms","Broadband Internet Access, Satellite or Cable TV Ready, Intercom, Other Business and Communication Facilities","Community Lawn or Garden, Community Swimming Pool, Community Gym, First Aid or Medical Centre, Day Care Centre, Kids Play Area, Barbeque Area, Mosque, Community Centre, Other Community Facilities","Lawn or Garden, Swimming Pool, Sauna, Jacuzzi, Other Healthcare and Recreation Facilities","Nearby Schools, Nearby Hospitals, Nearby Shopping Malls, Nearby Restaurants, Distance From Airport (kms), Nearby Public Transport Service, Other Nearby Places","Maintenance Staff, Security Staff, Facilities for Disabled, Other Facilities",,,
https://www.zameen.com/Property/gulberg_gulberg_business_square_gulberg_greens_2_bed_luxury_apartment_in_business_square_available_for_sale_at_reasonable_price_with_ideal_rental_value-53277920-11450-1.html,"Gulberg Business Square, Gulberg",Flat,PKR1.2 Crore,2,3.6 Marla,For Sale,2,2 months ago,"Gulberg, Islamabad, Islamabad Capital",Gulberg Business Square Plaza Luxury Well Maintained Apartment Size 800sqft For More Details Call Us Now,"Built in year: 2021, Lobby in Building, Double Glazed Windows, Central Air Conditioning, Central Heating, Flooring, Electricity Backup, Waste Disposal, Floor: 3, Floors in Building: 5, Elevators: 2, Service Elevators in Building","Bedrooms: 2, Bathrooms: 2, Drawing Room, Dining Room, Kitchens, Study Room, Gym, Lounge or Sitting Room, Laundry Room","Broadband Internet Access, Satellite or Cable TV Ready, Business Center or Media Room in Building, Conference Room in Building, Intercom, ATM Machines, Other Business and Communication Facilities","Community Lawn or Garden, Community Swimming Pool, Community Gym, First Aid or Medical Centre, Day Care Centre, Kids Play Area, Barbeque Area, Community Centre","Sauna, Jacuzzi, Other Healthcare and Recreation Facilities","Nearby Schools, Nearby Hospitals, Nearby Shopping Malls, Nearby Restaurants, Nearby Public Transport Service, Other Nearby Places","Maintenance Staff, Security Staff, Laundry or Dry Cleaning Facility, Communal/Shared Kitchen, Facilities for Disabled, Pets Allowed, Other Facilities",,,
https://www.zameen.com/Property/mpchs_multi_gardens_mpchs_-_block_c_b-17_c_block_3060_brand_new_luxury_house_for_sale-53109182-3118-1.html,"MPCHS - Block C, MPCHS - Multi Gardens",House,PKR3.7 Crore,6,8 Marla,For Sale,4,2 days ago,"B-17, Islamabad, Islamabad Capital","B-17 C Block 3060 Brand New Luxury House for Sale. Prime Location. A stunning brand new luxury house available for sale in C Block, B-17 Islamabad. Located at a prime location. This beautifully designed home offers modern living with premium features: Plot Size: 3060 (8 Marla) 5 Spacious Bedrooms with attached baths 5 Modern Washrooms 2 Stylish Kitchens with high-quality fittings 2 Elegant Drawing Rooms 2 Comfortable Lounges High-quality construction & finishing Ideal for personal living or investment Demand: 3.70 Crore For serious buyers, contact now to arrangeavisit.","Parking Spaces: 2, Flooring, Floors: 2","Bedrooms: 4, Bathrooms: 6, Drawing Room, Dining Room, Kitchens: 2, Lounge or Sitting Room, Laundry Room","Broadband Internet Access, Satellite or Cable TV Ready, Intercom, Other Business and Communication Facilities","Community Lawn or Garden, Community Swimming Pool, Community Gym, First Aid or Medical Centre, Day Care Centre, Kids Play Area, Barbeque Area, Mosque, Community Centre, Other Community Facilities","Lawn or Garden, Swimming Pool, Sauna, Jacuzzi, Other Healthcare and Recreation Facilities","Nearby Schools, Nearby Hospitals, Nearby Shopping Malls, Nearby Restaurants, Distance From Airport (kms), Nearby Public Transport Service, Other Nearby Places",Security Staff,,,
https://www.zameen.com/Property/gt_road_minara_residence_main_g_t_road_minara_residence_three_bedroom_apartment_available_for_sale-53244256-9641-1.html,"Minara Residence, GT Road",Flat,PKR2.5 Crore,3,9.3 Marla,For Sale,3,5 months ago,"GT Road, Islamabad, Islamabad Capital",Main G. T Road Minara Residence Three Bedroom Apartment Available For Sale 3 Bedroom 3 Washroom Separate Kitchen Spacious T. v Lounge Underground Parking Proper Family Building Good Maintenance Staff Good Opportunity For Investment Separate Electricity Meter Spacious Lobby Please Feel Free To Call Us If You Need Further Details About It. We Request That Only Serious Individuals Contact Us To Make An Immediate Deal.,"Built in year: 2021, Parking Spaces, Lobby in Building, Double Glazed Windows, Central Air Conditioning, Central Heating, Flooring, Electricity Backup, Waste Disposal, Floor, Floors in Building: 15, Elevators: 2, Service Elevators in Building, Other Main Features, Furnished","Bedrooms: 3, Bathrooms: 3, Dining Room, Kitchens: 1, Lounge or Sitting Room, Laundry Room, Other Rooms","Broadband Internet Access, Satellite or Cable TV Ready, Business Center or Media Room in Building, Conference Room in Building, ATM Machines, Other Business and Communication Facilities","Community Lawn or Garden, Community Gym, First Aid or Medical Centre, Kids Play Area, Barbeque Area, Mosque, Community Centre, Other Community Facilities",Other Healthcare and Recreation Facilities,"Nearby Schools, Nearby Hospitals, Nearby Shopping Malls, Nearby Restaurants, Distance From Airport (kms), Nearby Public Transport Service, Other Nearby Places","Maintenance Staff, Security Staff, Laundry or Dry Cleaning Facility, Communal/Shared Kitchen, Facilities for Disabled, Pets Not Allowed, Other Facilities",,,
https://www.zameen.com/Property/top_city_1_top_city_1_-_block_d_brand_new_house_for_ssle-53312403-9233-1.html,"Top City 1 - Block D, Top City 1",House,PKR4 Crore,7,10 Marla,For Sale,6,1 month ago,"Top City 1, Islamabad, Islamabad Capital",A fresh Brand new house for sale 6 bed 7bath 2 tvl 2 DD 2 kitchen sun facing 50 foot road near main road market park and masijid . wood work and electric and pumbling alla qulity v v v reasonable demand . on first offer sale,"Built in year: 2025, Parking Spaces: 2, Double Glazed Windows, Central Air Conditioning, Central Heating, Flooring, Electricity Backup, Waste Disposal, Floors: 2, Other Main Features, Furnished","Bedrooms: 4, Bathrooms: 5, Servant Quarters, Drawing Room, Dining Room, Kitchens: 2, Study Room, Prayer Room, Powder Room, Gym, Store Rooms: 1, Steam Room, Lounge or Sitting Room, Laundry Room, Other Rooms","Broadband Internet Access, Satellite or Cable TV Ready, Intercom, Other Business and Communication Facilities","Community Lawn or Garden, Community Swimming Pool, Community Gym, First Aid or Medical Centre, Day Care Centre, Kids Play Area, Barbeque Area, Mosque, Community Centre, Other Community Facilities","Lawn or Garden, Swimming Pool, Sauna, Jacuzzi, Other Healthcare and Recreation Facilities","Nearby Schools, Nearby Hospitals, Nearby Shopping Malls, Nearby Restaurants, Distance From Airport (kms), Nearby Public Transport Service, Other Nearby Places","Maintenance Staff, Security Staff, Facilities for Disabled, Other Facilities",,,
https://www.zameen.com/Property/islamabad_top_city_1_35x65_main_double_road_back_block_a-53284360-1383-1.html,"Top City 1, Islamabad",House,PKR4.5 Crore,5,10.1 Marla,For Sale,4,1 week ago,"Top City 1, Islamabad, Islamabad Capital","House For Sale In Top City Islamabad 35x65 Tiles Flooring 4 bedrooms 5 Washrooms 2 Kitchen Separates and Combined Portions CCTV and Electric Security wired installed Main Double Road Back Near the Market, Mosque,Parks and Masjid Best Residential Location Near M2 Motorways and Islamabad Airport","Built in year, Parking Spaces, Central Air Conditioning, Flooring, Electricity Backup, Waste Disposal, Floors: 2, Other Main Features","Bedrooms: 4, Bathrooms: 5, Servant Quarters, Drawing Room, Dining Room, Kitchens: 2, Study Room, Prayer Room, Powder Room, Store Rooms, Lounge or Sitting Room, Laundry Room, Other Rooms","Broadband Internet Access, Satellite or Cable TV Ready, Intercom, Other Business and Communication Facilities","Community Lawn or Garden, Community Gym, First Aid or Medical Centre, Day Care Centre, Kids Play Area, Barbeque Area, Mosque, Community Centre, Other Community Facilities","Lawn or Garden, Other Healthcare and Recreation Facilities","Nearby Schools, Nearby Hospitals, Nearby Shopping Malls, Nearby Restaurants, Distance From Airport (kms), Nearby Public Transport Service, Other Nearby Places","Security Staff, Other Facilities",,,
https://www.zameen.com/Property/gulberg_residencia_gulberg_residencia_-_block_l_house_for_sale_in_gulberg_greens_islamabad-53330481-9122-1.html,"Gulberg Residencia - Block L, Gulberg Residencia",House,PKR3.3 Crore,6,7 Marla,For Sale,4,5 days ago,"Gulberg, Islamabad, Islamabad Capital",Plot size 7 Marla Double story brand new house with 2 bed rooms with attach bathroom and a drawing and tv lounge with open kitchen on ground floor and same structure on the 2nd story . And on the top is mumty/servant room with attach bathroom. Just buy and shift your family For details and visit contact us,"Built in year: 2025, Parking Spaces: 400, Double Glazed Windows, Central Air Conditioning, Central Heating, Flooring, Electricity Backup, Waste Disposal, Floors: 2, Other Main Features, Furnished","Bedrooms: 4, Bathrooms: 4, Servant Quarters: 1, Drawing Room, Dining Room, Kitchens: 2, Study Room, Prayer Room, Powder Room, Gym, Store Rooms: 1, Steam Room, Lounge or Sitting Room, Laundry Room, Other Rooms","Broadband Internet Access, Satellite or Cable TV Ready, Intercom, Other Business and Communication Facilities","Community Lawn or Garden, Community Swimming Pool, Community Gym, First Aid or Medical Centre, Day Care Centre, Kids Play Area, Barbeque Area, Mosque, Community Centre, Other Community Facilities","Lawn or Garden, Swimming Pool, Sauna, Jacuzzi, Other Healthcare and Recreation Facilities","Nearby Schools, Nearby Hospitals, Nearby Shopping Malls, Nearby Restaurants, Distance From Airport (kms), Nearby Public Transport Service, Other Nearby Places","Maintenance Staff, Security Staff, Facilities for Disabled, Other Facilities",,,
https://www.zameen.com/Property/mpchs_multi_gardens_mpchs_-_block_f_5_marla_brand_new_house_available_for_sale_in_multi_gardens_islamabad_in_block_f-53156159-8527-1.html,"MPCHS - Block F, MPCHS - Multi Gardens",House,PKR2.78 Crore,5,5 Marla,For Sale,5,4 months ago,"B-17, Islamabad, Islamabad Capital","5 Marla Brand New House Available. For Sale in Multi Gardens Islamabad. In Block F. House Size 25*50. Luxury house A+ construction 4riple highted 5 Bedrooms. 4 Baths. 2 Drawing Dining. 2 Kitchen. Mumty + Washroom. Car Parking Space. Gas, Water Available Double Unit Investor Rate Ideal Location. Reasonable Price. Multi Gardens B-17 is a Good Society for Residence. Because Neat and Clean. 24 Hours Security. All Basic and Necessary Facilities Available. Interested People Can Contact Easily.","Built in year: 2024, Parking Spaces: 2, Double Glazed Windows, Central Air Conditioning, Central Heating, Flooring, Electricity Backup, Waste Disposal, Floors: 2, Other Main Features","Bedrooms: 5, Bathrooms: 6, Servant Quarters: 1, Drawing Room, Dining Room, Kitchens: 2, Study Room, Prayer Room, Powder Room, Gym, Store Rooms: 1, Steam Room, Lounge or Sitting Room, Laundry Room, Other Rooms","Broadband Internet Access, Satellite or Cable TV Ready, Intercom, Other Business and Communication Facilities","Community Lawn or Garden, Community Swimming Pool, Community Gym, First Aid or Medical Centre, Day Care Centre, Kids Play Area, Barbeque Area, Mosque, Community Centre, Other Community Facilities","Lawn or Garden, Swimming Pool, Sauna, Jacuzzi, Other Healthcare and Recreation Facilities","Nearby Schools, Nearby Hospitals, Nearby Shopping Malls, Nearby Restaurants, Distance From Airport (kms), Nearby Public Transport Service, Other Nearby Places","Maintenance Staff, Security Staff, Facilities for Disabled, Other Facilities",,,
https://www.zameen.com/Property/dha_valley_oleander_sector_oleander_sector_-_dha_homes_block_a_dha_valley_oleander_block_a_8_marla_home_for_sale-53291984-16792-1.html,"Oleander Sector - DHA Homes Block A, DHA Valley - Oleander Sector",House,PKR1.4 Crore,3,8 Marla,For Sale,3,2 days ago,"DHA Defence, Islamabad, Islamabad Capital",3 Bedroom 3 Washroom Drawing Dinning Tv lounge kitchen Store Servent Quarter Car Parking,"Built in year: 1, Parking Spaces: 2, Flooring, Floors: 2","Bedrooms: 3, Bathrooms: 3, Servant Quarters: 1, Drawing Room, Dining Room, Kitchens: 1, Store Rooms: 1",,,,"Nearby Schools, Nearby Hospitals, Nearby Shopping Malls, Nearby Restaurants, Nearby Public Transport Service, Other Nearby Places","Maintenance Staff, Security Staff",,,
https://www.zameen.com/Property/jinnah_gardens_jinnah_gardens_phase_1_5_marla_designer_house_for_sale_in_jinnah_gardens_phase_1_islamabad-52873312-1421-1.html,"Jinnah Gardens Phase 1, Jinnah Gardens",House,PKR2.6 Crore,4,5 Marla,For Sale,5,4 weeks ago,"FECHS, Islamabad, Islamabad Capital","Your Dream Home AwaitsBuilt & Ready in Just 5 Months! Exclusive LOCATION in Prestigious B-17 DAILY PROGRESS REPORT ON YOUR HOMES WILL BE GIVEN BOQ WILL BE PROVIDED ON EACH STEP Claim Yours Today & Transform Dreams into Reality! 3 Simple Steps to Construct Your DREAM HOME: 1 Choose Your Plot Choose from prime plots in Jinnah Garden Phase 1 sought-after community where luxury meets convenience. Act fast; exclusive locations are selling out! 2 Design With our Architects and Engineers Design Freedom, Expertly Guided Collaborate with award-winning architects to craft a home thats uniquely yours. From modern minimalism to timeless elegance your vision, our expertise. 3 Move In Faster Than You Think No delays, no stress. Our fast-track construction team guarantees your keys in just 5 months! Quality craftsmanship, on time, every time. Why Wait? Stress-free process from start to finish 10-year structural warranty for peace of mind DAILY PROGRESS REPORT ON YOUR HOMES WILL BE GIVEN BOQ WILL BE PROVIDED ON EVERY MONTH Limited-Time Offer: WE HAVE VERY LIMITED SLOTS AVAILABLE TO BOOK --------------------------------------------------------","Built in year: 2025, Parking Spaces, Double Glazed Windows, Central Air Conditioning, Central Heating, Flooring, Electricity Backup, Waste Disposal, Floors: 3, Other Main Features, Furnished","Bedrooms: 4, Bathrooms: 4, Servant Quarters: 1, Drawing Room, Dining Room, Kitchens: 2, Study Room, Prayer Room, Powder Room, Store Rooms: 1, Lounge or Sitting Room, Laundry Room, Other Rooms","Broadband Internet Access, Satellite or Cable TV Ready, Intercom, Other Business and Communication Facilities","Community Lawn or Garden, Community Swimming Pool, Community Gym, First Aid or Medical Centre, Day Care Centre, Kids Play Area, Barbeque Area, Mosque, Community Centre, Other Community Facilities","Lawn or Garden, Swimming Pool, Other Healthcare and Recreation Facilities","Nearby Schools, Nearby Hospitals, Nearby Shopping Malls, Nearby Restaurants, Distance From Airport (kms), Nearby Public Transport Service, Other Nearby Places","Maintenance Staff, Security Staff, Other Facilities",PKR80 Lakh,PKR7.5 Lakh,24 Months
https://www.zameen.com/Property/gulberg_greens_karakoram_greens_karakoram_green_two_beds_apartment_available_for_sale_installment_option_available-53118557-11832-1.html,"Karakoram Greens, Gulberg Greens",Flat,PKR3.5 Crore,3,6.9 Marla,For Sale,2,5 months ago,"Gulberg, Islamabad, Islamabad Capital",Karakoram greens two bed apparments available for sale Installment options available three bed four bed xl plans available different tower different size options available different levels direct allotee meeting any time,"Built in year: 2025, Parking Spaces: 2, Lobby in Building, Double Glazed Windows, Central Air Conditioning, Central Heating, Flooring, Electricity Backup, Waste Disposal, Floor: 22, Floors in Building: 13, Elevators: 8, Service Elevators in Building, Other Main Features, Furnished","Bedrooms: 2, Bathrooms: 2, Servant Quarters: 1, Drawing Room, Dining Room, Kitchens: 1, Study Room, Prayer Room, Powder Room, Gym, Store Rooms: 1, Steam Room, Lounge or Sitting Room, Laundry Room, Other Rooms","Broadband Internet Access, Satellite or Cable TV Ready, Business Center or Media Room in Building, Conference Room in Building, Intercom, ATM Machines, Other Business and Communication Facilities","Community Lawn or Garden, Community Swimming Pool, Community Gym, First Aid or Medical Centre, Day Care Centre, Kids Play Area, Barbeque Area, Mosque, Community Centre, Other Community Facilities","Sauna, Jacuzzi","Nearby Schools, Nearby Hospitals, Nearby Shopping Malls, Nearby Restaurants, Distance From Airport (kms), Nearby Public Transport Service, Other Nearby Places",,,,
https://www.zameen.com/Property/gulberg_greens_gulberg_greens_-_block_a_a_block_furnished_house_available_for_sale_wide_swimming_pool-53117144-8313-1.html,"Gulberg Greens - Block A, Gulberg Greens",House,PKR12 Crore,6,1 Kanal,For Sale,10,2 weeks ago,"Gulberg, Islamabad, Islamabad Capital",A Block Gulberg Greens Islamabad Furnished House Available For Sale More Options Available In Different Blocks Different Categories Farm House Constructed Farm House 10 Kanal Options 5 Kanal Options 4 Kanal Options Available,"Built in year: 2025, Parking Spaces: 10, Double Glazed Windows, Central Air Conditioning, Central Heating, Flooring, Electricity Backup, Waste Disposal, Floors: 3, Other Main Features, Furnished","Bedrooms: 13, Bathrooms: 17, Servant Quarters: 4, Drawing Room, Dining Room, Kitchens: 4, Study Room, Prayer Room, Powder Room, Gym, Store Rooms: 4, Steam Room, Lounge or Sitting Room, Laundry Room, Other Rooms","Broadband Internet Access, Satellite or Cable TV Ready, Intercom, Other Business and Communication Facilities","Community Lawn or Garden, Community Swimming Pool, Community Gym, First Aid or Medical Centre, Day Care Centre, Kids Play Area, Barbeque Area, Mosque, Community Centre, Other Community Facilities","Lawn or Garden, Swimming Pool, Sauna, Jacuzzi, Other Healthcare and Recreation Facilities","Nearby Schools, Nearby Hospitals, Nearby Shopping Malls, Nearby Restaurants, Distance From Airport (kms), Nearby Public Transport Service, Other Nearby Places","Maintenance Staff, Security Staff, Facilities for Disabled, Other Facilities",,,
https://www.zameen.com/Property/gulberg_greens_skypark_one_sky_park_one_two_bed_furnished_available_for_sale-53118434-15266-1.html,"Skypark One, Gulberg Greens",Flat,PKR3.35 Crore,2,7 Marla,For Sale,2,2 days ago,"Gulberg, Islamabad, Islamabad Capital",sky park one two bed furnished farm house facing 350 rent out different categories flats available visit any time direct allotee meeting,"Built in year: 2025, Parking Spaces: 3, Lobby in Building, Double Glazed Windows, Central Air Conditioning, Central Heating, Flooring, Electricity Backup, Waste Disposal, Floor: 4, Floors in Building: 9, Elevators: 8, Service Elevators in Building, Other Main Features, Furnished","Bedrooms: 2, Bathrooms: 2, Servant Quarters: 1, Drawing Room, Dining Room, Kitchens: 1, Study Room, Prayer Room, Powder Room, Gym, Store Rooms: 1, Steam Room, Lounge or Sitting Room, Laundry Room, Other Rooms","Broadband Internet Access, Satellite or Cable TV Ready, Business Center or Media Room in Building, Conference Room in Building, Intercom, ATM Machines, Other Business and Communication Facilities","Community Lawn or Garden, Community Swimming Pool, Community Gym, First Aid or Medical Centre, Day Care Centre, Kids Play Area, Barbeque Area, Mosque, Community Centre, Other Community Facilities","Sauna, Jacuzzi, Other Healthcare and Recreation Facilities","Nearby Schools, Nearby Hospitals, Nearby Shopping Malls, Nearby Restaurants, Distance From Airport (kms), Nearby Public Transport Service, Other Nearby Places","Maintenance Staff, Security Staff, Laundry or Dry Cleaning Facility, Communal/Shared Kitchen, Facilities for Disabled, Pets Allowed, Other Facilities",,,
https://www.zameen.com/Property/gulberg_greens_skypark_one_sky_park_one_two_bed_furnished_apartment_available_for_sale-53118420-15266-1.html,"Skypark One, Gulberg Greens",Flat,PKR3.3 Crore,2,7 Marla,For Sale,2,2 days ago,"Gulberg, Islamabad, Islamabad Capital",two bed furnished apartment available for sale sky park one different level different sizes different categories 1437 sqft to 2761 sqft available flats,"Built in year: 2025, Parking Spaces: 3, Lobby in Building, Double Glazed Windows, Central Air Conditioning, Central Heating, Flooring, Electricity Backup, Waste Disposal, Floor: 5, Floors in Building: 9, Elevators: 7, Service Elevators in Building, Other Main Features, Furnished","Bedrooms: 2, Bathrooms: 2, Servant Quarters: 1, Drawing Room, Dining Room, Kitchens: 1, Study Room, Prayer Room, Powder Room, Gym, Store Rooms: 1, Steam Room, Lounge or Sitting Room, Laundry Room, Other Rooms","Broadband Internet Access, Satellite or Cable TV Ready, Business Center or Media Room in Building, Conference Room in Building, Intercom, ATM Machines, Other Business and Communication Facilities","Community Lawn or Garden, Community Swimming Pool, Community Gym, First Aid or Medical Centre, Day Care Centre, Kids Play Area, Barbeque Area, Mosque, Community Centre, Other Community Facilities","Sauna, Jacuzzi, Other Healthcare and Recreation Facilities","Nearby Schools, Nearby Hospitals, Nearby Shopping Malls, Nearby Restaurants, Distance From Airport (kms), Nearby Public Transport Service, Other Nearby Places","Maintenance Staff, Security Staff, Laundry or Dry Cleaning Facility, Communal/Shared Kitchen, Facilities for Disabled, Pets Allowed, Other Facilities",,,
https://www.zameen.com/Property/gulberg_greens_skypark_one_sky_park_one_two_bed_furnished_non_furnished_option_available-53118428-15266-1.html,"Skypark One, Gulberg Greens",Flat,PKR3.25 Crore,2,7 Marla,For Sale,2,2 days ago,"Gulberg, Islamabad, Islamabad Capital",Two bed non furnished Furnished apartments available for sale different categories flats different level different sizes any time visit direct allotee meeting,"Built in year: 2025, Parking Spaces: 3, Lobby in Building, Double Glazed Windows, Central Air Conditioning, Central Heating, Flooring, Electricity Backup, Waste Disposal, Floor: 6, Floors in Building: 9, Elevators: 7, Service Elevators in Building, Other Main Features, Furnished","Bedrooms: 2, Bathrooms: 2, Servant Quarters: 1, Drawing Room, Dining Room, Kitchens: 1, Study Room, Prayer Room, Powder Room, Gym, Store Rooms: 1, Steam Room, Lounge or Sitting Room, Laundry Room, Other Rooms","Broadband Internet Access, Satellite or Cable TV Ready, Business Center or Media Room in Building, Conference Room in Building, Intercom, ATM Machines, Other Business and Communication Facilities","Community Lawn or Garden, Community Swimming Pool, Community Gym, First Aid or Medical Centre, Day Care Centre, Kids Play Area, Barbeque Area, Mosque, Community Centre, Other Community Facilities","Sauna, Jacuzzi, Other Healthcare and Recreation Facilities","Nearby Schools, Nearby Hospitals, Nearby Shopping Malls, Nearby Restaurants, Distance From Airport (kms), Nearby Public Transport Service, Other Nearby Places","Maintenance Staff, Security Staff, Laundry or Dry Cleaning Facility, Communal/Shared Kitchen, Facilities for Disabled, Pets Allowed, Other Facilities",,,
https://www.zameen.com/Property/mpchs_multi_gardens_mpchs_-_block_b_2_bed_multi_transfer_luxury_apartment_available_for_sale-53109207-3117-1.html,"MPCHS - Block B, MPCHS - Multi Gardens",Flat,PKR70 Lakh,2,3.3 Marla,For Sale,2,1 week ago,"B-17, Islamabad, Islamabad Capital","2 Bed MULTI TRANSFER Luxury Apartment Available. For Sale in Block B. markaz facing lift install 4th Floor. Multi Gardens MPCHS B-17 Islamabad. Apartment Size 750 Sq Ft. 2 Bedrooms. 2 Baths. 1 Kitchen. Car Parking. Electricity , Water Available. Interested People Can Contact Easily.","Built in year: 2023, Double Glazed Windows, Central Air Conditioning, Central Heating, Flooring, Electricity Backup, Waste Disposal, Other Main Features","Bedrooms: 2, Bathrooms: 2, Drawing Room, Dining Room, Kitchens: 1","Broadband Internet Access, Satellite or Cable TV Ready, Business Center or Media Room in Building, Conference Room in Building, Intercom, ATM Machines, Other Business and Communication Facilities","Community Lawn or Garden, Community Swimming Pool, Community Gym, First Aid or Medical Centre, Day Care Centre, Kids Play Area, Barbeque Area, Mosque, Community Centre, Other Community Facilities",Other Healthcare and Recreation Facilities,"Nearby Schools, Nearby Hospitals, Nearby Shopping Malls, Nearby Restaurants, Distance From Airport (kms), Nearby Public Transport Service, Other Nearby Places",,,,
https://www.zameen.com/Property/islamabad_f-17_8_marla_brand_new_house_for_sale_multi_f-17_islamabad_all_facility_available_cda_pproved_sector_mpchs-53117507-335-1.html,"F-17, Islamabad",House,PKR2.8 Crore,6,8 Marla,For Sale,5,6 months ago,"F-17, Islamabad, Islamabad Capital",8 MARLA BRAND NEW HOUSE FOR SALE MULTI F-17 ISLAMABAD ALL FACILITY AVAILABLE 5 BEDROOM 6 BATHROOM 2 KITCHEN DRAWING DINING TV LAUNCH 1 STORE 2 CAR PARKING ELECTRICITY WATER SUPPLY AVAILABLE MEETING WITH OWNER DIRECT DETAIL ALL SIZE HOUSE AND PRICE IN F-17. 1 KANAL HOUSE 5CR TO 650 LAC 14 MARLA HOUSE 4CR TO 450 LAC 10 MARLA HOUSE 320 TO 390 LAC 8 MARLA HOUSE 2CR TO 280 LAC BEAUTIFUL LOCATION. ALL FACILITIES AVAILABLE FULL DEVELOPED SECTOR FINAL NOC APPROVED BY CDA CDA APPROVED SECTOR T&TECHS F-17 ISLAMABAD ALL SIZE RESIDENTIAL AND COMMERCIAL PLOTS AND HOUSE APARTMENT SHOP AVAILABLE FOR SALE AND RENT FACILITIES IN F-17 FULL GATED SOCIETY BEAUTIFUL LOCATION GAS ELECTRICITY WATER SUPPLY BANK SCHOOL BAKERY MOSQUE SHOPPING MALLS HOSPITALS PARK PLAY GROUND PTCL 5G AVAILABLE 24/7 SECURITY CCTV CAMERA NEW NEAR TO ISLAMABAD INTERNATIONAL AIRPORT 6KM METRO BUS 5KM GT ROAD N5 4KM M-1 M-2 MOTORWAY 2KM WE DEAL IN F-17 F-18 B-17 E-17 E-18 AND ALL CDA SECTOR PLOTS HOUSE APARTMENT SHOP FOR SALE F-17 T&TECHS AND MPCHS MORE INFORMATION CONTACT ZIMRI ASSOCIATES F-17 AND F-18 ISLAMABAD,"Built in year: 2024, Parking Spaces: 2, Double Glazed Windows, Central Air Conditioning, Central Heating, Flooring, Electricity Backup, Waste Disposal, Floors: 2, Other Main Features, Furnished","Bedrooms: 5, Bathrooms: 6, Servant Quarters: 1, Drawing Room, Dining Room, Kitchens: 2, Study Room, Prayer Room, Powder Room, Gym, Store Rooms: 1, Steam Room, Lounge or Sitting Room, Laundry Room, Other Rooms","Broadband Internet Access, Satellite or Cable TV Ready, Intercom, Other Business and Communication Facilities","Community Lawn or Garden, Community Swimming Pool, Community Gym, First Aid or Medical Centre, Day Care Centre, Kids Play Area, Barbeque Area, Mosque, Community Centre, Other Community Facilities","Lawn or Garden, Swimming Pool, Sauna, Jacuzzi, Other Healthcare and Recreation Facilities","Nearby Schools, Nearby Hospitals, Nearby Shopping Malls, Nearby Restaurants, Distance From Airport (kms), Nearby Public Transport Service, Other Nearby Places","Maintenance Staff, Security Staff, Facilities for Disabled, Other Facilities",,,
https://www.zameen.com/Property/bahria_enclave_bahria_enclave_-_sector_g_1_bedroom_furnished_apartment_in_sector_g_bahria_enclave_islamabad-53267155-11984-1.html,"Bahria Enclave - Sector G, Bahria Enclave",Flat,PKR71 Lakh,1,2.1 Marla,For Sale,1,6 months ago,"Bahria Town, Islamabad, Islamabad Capital","Discover comfort and convenience with this 1-bedroom apartment located in the heart of Sector G, Bahria Enclave Islamabad. Situated in a residents-only building with a smart entrance system, this apartment offers a secure and peaceful lifestyle in one of the most desirable sectors of Bahria Enclave. The apartment features modern furnishing, a stylish kitchen, a comfortable living area, and elegant finishing perfect for professionals, couples, or small families. Property Features: 1 Spacious Bedroom with Attached Bath Ready to Move In Modern Kitchen & Elegant Living Area Smart Entrance Building (Residents Only) Mart in the Basement for Daily Convenience Location Highlights: Mosque Nearby Walking Distance to Park and Main Commercial Area Peaceful & Secure Environment 24/7 Security and Maintenance Services This apartment combines luxury, comfort, and convenience ideal for those who value a modern lifestyle in a prime Bahria Enclave location.","Parking Spaces: 2, Lobby in Building, Flooring, Electricity Backup, Waste Disposal, Floor: 13, Elevators: 4, Service Elevators in Building","Bedrooms: 4, Bathrooms: 5, Drawing Room, Dining Room, Kitchens: 1, Powder Room, Lounge or Sitting Room","Broadband Internet Access, Satellite or Cable TV Ready, Business Center or Media Room in Building, Conference Room in Building, Intercom","Community Lawn or Garden, Community Swimming Pool, Community Gym, Kids Play Area, Mosque, Community Centre",,"Nearby Schools, Nearby Hospitals, Nearby Shopping Malls, Nearby Restaurants, Distance From Airport (kms), Nearby Public Transport Service, Other Nearby Places","Maintenance Staff, Security Staff, Other Facilities",,,
https://www.zameen.com/Property/mpchs_multi_gardens_mpchs_-_block_f_5_marla_double_unit_house_available_for_sale_in_multi_gardens_mpchs_b-17_block_f_islamabad-53263315-8527-1.html,"MPCHS - Block F, MPCHS - Multi Gardens",House,PKR2.25 Crore,4,5 Marla,For Sale,4,2 days ago,"B-17, Islamabad, Islamabad Capital","5 Marla Double Unit House Available. For Sale in Multi Gardens MPCHS B-17 Block F Islamabad. House Size 25*50. Luxury house. Water Bore. A+ construction Double Story. Near to Park. Near to Commercial. Near to Mosque. 4 Bedrooms. 6 Baths. 2 Drawing Dining. 2 Kitchen. 2 Study Rooms. Mumty + Washroom. Car Parking Space. Gas, Water Available Water Bore. Double Unit Investor Rate Ideal Location. Reasonable Price. Multi Gardens MPCHS B-17 is a Good Society for Residence. Because Neat and Clean. 24 Hours Security. All Basic and Necessary Facilities Available. Interested People CanContactEasily.","Parking Spaces: 1, Flooring, Floors: 2","Bedrooms: 4, Bathrooms: 4, Drawing Room, Dining Room, Kitchens: 2, Lounge or Sitting Room, Laundry Room","Broadband Internet Access, Satellite or Cable TV Ready, Intercom, Other Business and Communication Facilities","Community Lawn or Garden, Community Swimming Pool, Community Gym, First Aid or Medical Centre, Day Care Centre, Kids Play Area, Barbeque Area, Mosque, Community Centre, Other Community Facilities","Lawn or Garden, Other Healthcare and Recreation Facilities","Nearby Schools, Nearby Hospitals, Nearby Shopping Malls, Nearby Restaurants, Distance From Airport (kms), Nearby Public Transport Service, Other Nearby Places",,,,
https://www.zameen.com/Property/bahria_town_bahria_enclave_10_marla_5_bedrooms_brand_new_single_unit_designer_house_available_for_sale_in_bahria_enclave_islamabad_sector_c1-53087768-1705-1.html,"Bahria Enclave, Bahria Town",House,PKR6 Crore,5,10 Marla,For Sale,5,3 weeks ago,"Bahria Town, Islamabad, Islamabad Capital",Luxury Interior&Amp;Excellent Elevation 10 Marla 5bedrooms Brand New House For Sale In Bahria Enclave Islamabad Sector A Newly Constructed At A Very Peaceful Location Excellent Wood Work Quality Fitting And Stylish One Kitchen Near To Masjid Park School Hospital Commercial Market Best Area For Living Beautiful View This House Features 5 Spacious Bedrooms 5 Luxury Bathrooms Tv Lounges Drawing Dining 1 Servant Room With Attached Bathroom Entrance Lobby With Stairs Parking Space Almost 3 Cars For More Details Please Contact Us Muhammad Sohail Euro Homes Real Estate&Amp;Builders,"Built in year: 2025, Parking Spaces: 21, Double Glazed Windows, Central Air Conditioning, Central Heating, Flooring, Electricity Backup, Floors: 2","Bedrooms: 5, Bathrooms: 5, Servant Quarters: 1, Drawing Room, Dining Room, Kitchens: 1, Powder Room, Store Rooms: 1, Lounge or Sitting Room","Broadband Internet Access, Satellite or Cable TV Ready, Intercom","Community Lawn or Garden, Community Swimming Pool, Community Gym, First Aid or Medical Centre, Day Care Centre, Kids Play Area, Barbeque Area, Mosque, Community Centre",Lawn or Garden,"Nearby Schools, Nearby Hospitals, Nearby Shopping Malls, Nearby Restaurants, Distance From Airport (kms), Nearby Public Transport Service","Maintenance Staff, Security Staff",,,
https://www.zameen.com/Property/islamabad_f-17_10_marla_double_story_house_for_sale_multi_f-17_islamabad_all_facility_available_cda_pproved_sector_mpchs-53129168-335-1.html,"F-17, Islamabad",House,PKR3.1 Crore,6,10 Marla,For Sale,6,6 months ago,"F-17, Islamabad, Islamabad Capital",10 MARLA DOUBLE STORY HOUSE FOR SALE MULTI F-17 ISLAMABAD ALL FACILITY AVAILABLE 6 BEDROOM 7 BATHROOM 2 KITCHEN DRAWING DINING TV LAUNCH 1 STORE 3 CAR PARKING SUI GAS ELECTRICITY WATER SUPPLY AVAILABLE NEAR TO MAIN MARKAZ PRICE FULL AND FINAL 310 LAC NO BARGAINING ADD CHECK THEN CALL ME INRVESTOR PRICE HOUSE BEAUTIFUL LOCATION. ALL FACILITIES AVAILABLE FULL DEVELOPED SECTOR FINAL NOC APPROVED BY CDA CDA APPROVED SECTOR T&TECHS F-17 ISLAMABAD ALL SIZE RESIDENTIAL AND COMMERCIAL PLOTS AND HOUSE APARTMENT SHOP AVAILABLE FOR SALE AND RENT FACILITIES IN F-17 FULL GATED SOCIETY BEAUTIFUL LOCATION GAS ELECTRICITY WATER SUPPLY BANK SCHOOL BAKERY MOSQUE SHOPPING MALLS HOSPITALS PARK PLAY GROUND PTCL 5G AVAILABLE 24/7 SECURITY CCTV CAMERA NEW NEAR TO ISLAMABAD INTERNATIONAL AIRPORT 6KM METRO BUS 5KM GT ROAD N5 4KM M-1 M-2 MOTORWAY 2KM WE DEAL IN F-17 F-18 B-17 E-17 E-18 AND ALL CDA SECTOR PLOTS HOUSE APARTMENT SHOP FOR SALE F-17 T&TECHS AND MPCHS MORE INFORMATION CONTACT ZIMRI ASSOCIATES F-17 AND F-18 ISLAMABAD,"Built in year: 2020, Parking Spaces: 2, Double Glazed Windows, Central Air Conditioning, Central Heating, Flooring, Electricity Backup, Waste Disposal, Floors: 2, Other Main Features, Furnished","Bedrooms: 6, Bathrooms: 7, Servant Quarters: 1, Drawing Room, Dining Room, Kitchens: 2, Study Room, Prayer Room, Powder Room, Gym, Store Rooms: 1, Steam Room, Lounge or Sitting Room, Laundry Room, Other Rooms","Broadband Internet Access, Satellite or Cable TV Ready, Intercom, Other Business and Communication Facilities","Community Lawn or Garden, Community Swimming Pool, Community Gym, First Aid or Medical Centre, Day Care Centre, Kids Play Area, Barbeque Area, Mosque, Community Centre, Other Community Facilities","Lawn or Garden, Swimming Pool, Sauna, Jacuzzi, Other Healthcare and Recreation Facilities","Nearby Schools, Nearby Hospitals, Nearby Shopping Malls, Nearby Restaurants, Distance From Airport (kms), Nearby Public Transport Service, Other Nearby Places","Maintenance Staff, Security Staff, Other Facilities",,,
https://www.zameen.com/Property/mpchs_multi_gardens_mpchs_-_block_f_brand_new_5_marla_designer_single_unit_house_for_sale_b-17_f_block_short_corner_plot-53263319-8527-1.html,"MPCHS - Block F, MPCHS - Multi Gardens",House,PKR2.8 Crore,6,5 Marla,For Sale,4,2 days ago,"B-17, Islamabad, Islamabad Capital","Brand New 5 Marla Designer Single Unit House for Sale B-17 F Block (Short Corner Plot) Discover modern living in this beautifully designed house located at a prime location in B-17 F Block. Built with top-quality materials and equipped with the latest fixtures and fittings, this home offers comfort, style, and functionality. Property Details: Ground Floor: Open kitchen with modern fittings Spacious TV lounge 1 large bedroom 2 stylish washrooms Basement: 1 spacious master bedroom Separate entrance from outside (can be used as a drawing room) 1 washroom First Floor: 3 spacious bedrooms 3 attached washrooms Additional Features: Designer architecture with premium finishing Latest model equipment and fixtures used throughout Ideal location on a short corner plot A perfect choice for families looking for a stylish and comfortable home in a peacefulneighborhood.","Built in year, Parking Spaces, Double Glazed Windows, Central Air Conditioning, Central Heating, Flooring, Electricity Backup, Waste Disposal, Floors, Other Main Features, Furnished","Bedrooms: 5, Bathrooms: 6, Servant Quarters: 2, Drawing Room, Dining Room, Kitchens: 3, Study Room, Prayer Room, Powder Room, Gym, Store Rooms, Steam Room, Lounge or Sitting Room, Laundry Room, Other Rooms","Broadband Internet Access, Satellite or Cable TV Ready, Intercom, Other Business and Communication Facilities","Community Lawn or Garden, Community Swimming Pool, Community Gym, First Aid or Medical Centre, Day Care Centre, Kids Play Area, Barbeque Area, Mosque, Community Centre, Other Community Facilities","Lawn or Garden, Swimming Pool, Sauna, Jacuzzi, Other Healthcare and Recreation Facilities","Nearby Schools, Nearby Hospitals, Nearby Shopping Malls, Nearby Restaurants, Distance From Airport (kms), Nearby Public Transport Service, Other Nearby Places",,,,
https://www.zameen.com/Property/dha_defence_phase_5_dha_phase_5_-_sector_b_ten_marla_house_available_for_sale_prime_location-53269006-8401-1.html,"DHA Phase 5 - Sector B, DHA Defence Phase 5",House,PKR6.5 Crore,6,10 Marla,For Sale,5,6 months ago,"DHA Defence, Islamabad, Islamabad Capital",10 Marla Dream House For Sale In Sector B DHA Phase 5 Islamabad Sector B * Sector B 10 Marla House For sale in reasonable Price at this time * Current Maret * 50 Feet Road * Solid Land * Height Location * Its time to build your own Dream house on Top of the hill living environment * Its Best For access from Main GT Road & Also access From Islamabad Highway (Islamabad express way) * 10 Mint Away From GIGA Mall & Super Store * Further Details Feel Free to Contact us * When ever you want to call for visit this plot or more Options Available for Sale.,"Built in year: 2025, Parking Spaces: 2, Double Glazed Windows, Central Air Conditioning, Central Heating, Flooring, Electricity Backup, Floors: 2, Other Main Features","Bedrooms: 5, Bathrooms: 6, Servant Quarters: 1, Drawing Room, Dining Room, Kitchens: 2, Study Room, Prayer Room, Powder Room, Gym, Store Rooms: 1, Steam Room, Lounge or Sitting Room, Laundry Room, Other Rooms","Broadband Internet Access, Satellite or Cable TV Ready, Intercom, Other Business and Communication Facilities","Community Lawn or Garden, Community Swimming Pool, Community Gym, First Aid or Medical Centre, Day Care Centre, Kids Play Area, Barbeque Area, Mosque, Community Centre, Other Community Facilities","Lawn or Garden, Swimming Pool, Sauna, Jacuzzi, Other Healthcare and Recreation Facilities","Nearby Schools, Nearby Hospitals, Nearby Shopping Malls, Nearby Restaurants, Distance From Airport (kms), Nearby Public Transport Service, Other Nearby Places","Maintenance Staff, Security Staff, Facilities for Disabled, Other Facilities",,,
https://www.zameen.com/Property/f_11_executive_heights_4th_floor_corner_apartment_for_sale_in_executive_heights-52898382-10658-1.html,"Executive Heights, F-11",Flat,PKR3.2 Crore,2,5.9 Marla,For Sale,2,2 months ago,"F-11, Islamabad, Islamabad Capital",2bed With Attached Washrooms Lounge Kitchen Store Rental Value 120000,"Built in year: 2015, Parking Spaces: 1, Lobby in Building, Double Glazed Windows, Central Air Conditioning, Central Heating, Flooring, Electricity Backup, Waste Disposal, Floor: 4, Floors in Building: 9, Elevators: 4, Service Elevators in Building, Other Main Features, Furnished","Bedrooms: 2, Bathrooms: 2, Servant Quarters: 2, Drawing Room, Dining Room, Kitchens: 2, Study Room, Prayer Room, Powder Room, Gym, Store Rooms: 1, Steam Room, Lounge or Sitting Room, Laundry Room","Broadband Internet Access, Satellite or Cable TV Ready, Conference Room in Building, Intercom, Other Business and Communication Facilities","Community Lawn or Garden, Community Swimming Pool, Community Gym, First Aid or Medical Centre, Day Care Centre, Kids Play Area, Barbeque Area, Mosque, Community Centre, Other Community Facilities","Sauna, Jacuzzi, Other Healthcare and Recreation Facilities","Nearby Schools, Nearby Hospitals, Nearby Shopping Malls, Nearby Restaurants, Distance From Airport (kms), Nearby Public Transport Service, Other Nearby Places","Maintenance Staff, Security Staff, Laundry or Dry Cleaning Facility, Communal/Shared Kitchen, Facilities for Disabled, Other Facilities",,,
https://www.zameen.com/Property/i_12_i-12_1_i-12_1_flat_available_for_sale_d-type_size_870_square_feet_1st_floor_all_dues_clear_in_pha_apartments_islamabad_top_location_flat-53055572-13800-1.html,"I-12/1, I-12",Flat,PKR68 Lakh,2,3.9 Marla,For Sale,2,4 months ago,"I-12, Islamabad, Islamabad Capital",I-12/1 Flat Available For Sale D-Type Size 870 Square Feet 1st Floor All Dues Clear In PHA Apartments Islamabad Top Location Flat,,,,,,"Nearby Schools, Nearby Hospitals, Nearby Shopping Malls, Nearby Restaurants, Distance From Airport (kms), Nearby Public Transport Service, Other Nearby Places","Security Staff, Other Facilities",,,
https://www.zameen.com/Property/mpchs_multi_gardens_mpchs_-_block_a_2_bed_brand_new_corner_luxury_apartment_on_2nd_floor_available_for_sale_in_block_a_multi_gardens_mpchs_b-17-53298123-3116-1.html,"MPCHS - Block A, MPCHS - Multi Gardens",Flat,PKR70 Lakh,2,3.6 Marla,For Sale,2,4 months ago,"B-17, Islamabad, Islamabad Capital",2 Bed Brand New Corner Luxury Apartment on 2nd floor. Available For Sale in Block A. Multi Gardens MPCHS B-17. Near to University. Pine Arcade Plaza. Builder Trnasfer. Corner Apartment. 2nd Floor. Brand New. 2 Bedrooms. 2 Baths. TV Lounge. Kitchen. Electricity and Water Available. Multi Gardens MPCSH B-17 Main Commercial Market MDR +MOSQUE. . +SCHOOL +ZOO+FAMILY PARK Margalla facing & J7 Facing Interested People Can Contact Easily.,Flooring,"Bedrooms: 5, Bathrooms: 5, Drawing Room, Dining Room, Kitchens: 1","Broadband Internet Access, Satellite or Cable TV Ready, Business Center or Media Room in Building, Conference Room in Building, Intercom, ATM Machines, Other Business and Communication Facilities","Community Lawn or Garden, Community Swimming Pool, Community Gym, First Aid or Medical Centre, Day Care Centre, Kids Play Area, Barbeque Area, Mosque, Community Centre, Other Community Facilities",Other Healthcare and Recreation Facilities,"Nearby Schools, Nearby Hospitals, Nearby Shopping Malls, Nearby Restaurants, Distance From Airport (kms), Nearby Public Transport Service, Other Nearby Places","Security Staff, Other Facilities",,,
https://www.zameen.com/Property/mpchs_multi_gardens_mpchs_-_block_d_11_5_marla_brand_new_house_in_block_d_mpchs_b-17_islamabad-53301931-3119-1.html,"MPCHS - Block D, MPCHS - Multi Gardens",House,PKR5.2 Crore,6,11 Marla,For Sale,5,2 weeks ago,"B-17, Islamabad, Islamabad Capital","*House for Sale* *Location:* House , size 11.5 marla, Block D near main markaz of block E B17, Multi Gardens, Islamabad *Category:* Designer double Unit, Modern Luxury House *Asking Price* 5.25 Lac Only/- *Features:* - 3 Car Parking Space - 2 Open Drawings - 5 Bedrooms - 2 Kitchens - 1 Room on Mumty - Near to Masjid, Main Markaz & Parks Masjid & petrol pump","Built in year: 2025, Parking Spaces: 1, Central Air Conditioning, Central Heating, Flooring, Electricity Backup, Waste Disposal, Other Main Features","Bedrooms: 4, Bathrooms: 4, Drawing Room, Dining Room, Kitchens: 2, Study Room, Prayer Room, Powder Room, Gym, Store Rooms: 1, Lounge or Sitting Room, Other Rooms","Broadband Internet Access, Satellite or Cable TV Ready, Intercom, Other Business and Communication Facilities","Community Lawn or Garden, Community Swimming Pool, Community Gym, First Aid or Medical Centre, Day Care Centre, Kids Play Area, Barbeque Area, Mosque, Community Centre, Other Community Facilities","Lawn or Garden, Other Healthcare and Recreation Facilities","Nearby Schools, Nearby Hospitals, Nearby Shopping Malls, Nearby Restaurants, Distance From Airport (kms), Nearby Public Transport Service, Other Nearby Places","Maintenance Staff, Security Staff, Facilities for Disabled, Other Facilities",,,
https://www.zameen.com/Property/mpchs_multi_gardens_mpchs_-_block_e_8_marla_30_60_in_block_e_corner_double_unit_brand_new_house_available_for_sale_in_multi_gardens_islamabad-53168705-3120-1.html,"MPCHS - Block E, MPCHS - Multi Gardens",House,PKR2.65 Crore,6,8 Marla,For Sale,4,4 months ago,"B-17, Islamabad, Islamabad Capital","8 Marla Corner Double Unit Brand New House Available. For Sale in Multi Gardens Islamabad. In Block E. House Size 30*60. Luxury house A+ construction Double Story. 4 Bedrooms. 6 Baths. 2 Drawing Dining. 2 Kitchen. Mumty + Washroom. 2 Car Parking Space. Gas, Water Available Investor Rate Ideal Location. Reasonable Price. Multi Gardens B-17 is a Good Society for Residence. Because Neat and Clean. 24 Hours Security. All Basic and Necessary Facilities Available. Interested People Can Contact Easily.",Flooring,,"Broadband Internet Access, Satellite or Cable TV Ready, Intercom, Other Business and Communication Facilities","Community Lawn or Garden, Community Swimming Pool, Community Gym, First Aid or Medical Centre, Day Care Centre, Kids Play Area, Barbeque Area, Mosque, Community Centre, Other Community Facilities","Lawn or Garden, Other Healthcare and Recreation Facilities","Nearby Schools, Nearby Hospitals, Nearby Shopping Malls, Nearby Restaurants, Distance From Airport (kms), Nearby Public Transport Service, Other Nearby Places","Security Staff, Other Facilities",,,
https://www.zameen.com/Property/mpchs_multi_gardens_mpchs_-_block_c_1_kanal_designer_house_for_sale_in_block_c_mpchs_b-17_islamabad-53268163-3118-1.html,"MPCHS - Block C, MPCHS - Multi Gardens",House,PKR8.28 Crore,7,1 Kanal,For Sale,6,2 months ago,"B-17, Islamabad, Islamabad Capital","Designer House for Sale Residential Projects. ماشاءاللہ تبارک اللہ، الحمدُللہ Location: Block C, B17, Multi Gardens, Islamabad Category: Designer House, Sunfacing, Easy Access to Multi Club, Multi Zoo and Safari Park Features: - Double Heighted Lobby - Grand Entrance - Luxurious Finishing - Single Unit - Ground, 1st Floor - Open Veranda with Sitting Space - 15 KV Solar with Green Meter - Electric Fencing - CCTV Cameras - Curtains - 2 Cars Parking Space - 1 Drawing Room - 1 TV Lounge - 6 Bedrooms - 2 Sitting Spaces in 1st Floor - 1 Designer Kitchen - 1 Designer kitchnet - 1 Servant Quarter - 1 Room on Mumty - Sitting Space on Mumty - Near to Masjid, Markaz, Parks, Multi Club and Grounds For More Details contact us Al Hadi real estate We are excited to share with you the completion of our yet another construction project in just located at B17, Multi Gardens, which is availableforsalenow.",,,"Broadband Internet Access, Satellite or Cable TV Ready, Intercom, Other Business and Communication Facilities","Community Lawn or Garden, Community Swimming Pool, Community Gym, First Aid or Medical Centre, Day Care Centre, Kids Play Area, Barbeque Area, Mosque, Community Centre, Other Community Facilities","Lawn or Garden, Other Healthcare and Recreation Facilities","Nearby Schools, Nearby Hospitals, Nearby Shopping Malls, Nearby Restaurants, Distance From Airport (kms), Nearby Public Transport Service, Other Nearby Places","Security Staff, Other Facilities",,,
https://www.zameen.com/Property/top_city_1_top_city_1_-_block_d_brand_new_10_marla_house_with_classical_design_for_sale-52277310-9233-1.html,"Top City 1 - Block D, Top City 1",House,PKR4.29 Crore,7,10 Marla,For Sale,7,5 months ago,"Top City 1, Islamabad, Islamabad Capital","Classical Elegance Brand New 10 Marla Villa For Sale In Top City Islamabad Top-Notch Finishing And Superior Quality Material The bathrooms are equipped with high-end fixtures from renowned brands like Pota and Faisal. The PPR and PVC pipes used throughout the property are from trusted manufacturers, popular and Master-Fit. Additionally, the reinforcement used is 60-grade steel, ensuring maximum durability.","Built in year: 2025, Parking Spaces, Double Glazed Windows, Central Air Conditioning, Central Heating, Flooring, Electricity Backup, Waste Disposal, Floors, Other Main Features","Bedrooms: 6, Bathrooms: 8, Servant Quarters: 1, Drawing Room, Dining Room, Kitchens: 3, Study Room, Prayer Room, Powder Room, Gym, Store Rooms: 2, Steam Room, Lounge or Sitting Room, Laundry Room, Other Rooms","Broadband Internet Access, Satellite or Cable TV Ready, Intercom, Other Business and Communication Facilities","Community Lawn or Garden, Community Swimming Pool, Community Gym, First Aid or Medical Centre, Day Care Centre, Kids Play Area, Barbeque Area, Mosque, Community Centre, Other Community Facilities","Lawn or Garden, Sauna, Jacuzzi, Other Healthcare and Recreation Facilities","Nearby Schools, Nearby Hospitals, Nearby Shopping Malls, Nearby Restaurants, Distance From Airport (kms), Nearby Public Transport Service, Other Nearby Places","Maintenance Staff, Security Staff, Facilities for Disabled, Other Facilities",,,
https://www.zameen.com/Property/top_city_1_top_city_1_-_block_d_brand_new_house_with_classical_design_for_sale_10_marla-52432922-9233-1.html,"Top City 1 - Block D, Top City 1",House,PKR4.29 Crore,7,10 Marla,For Sale,7,5 months ago,"Top City 1, Islamabad, Islamabad Capital","Classical Elegance Brand New 10 Marla Villa For Sale In Top City Islamabad Top-Notch Finishing And Superior Quality Material The bathrooms are equipped with high-end fixtures from renowned brands like Pota and Faisal. The PPR and PVC pipes used throughout the property are from trusted manufacturers, popular and Master-Fit. Additionally, the reinforcement used is 60-grade steel, ensuring maximum durability. The interior features stunning 2x4 feet tiles from Times Company, adding a touch of elegance to every room. The aluminium work is expertly crafted using premium Diamond aluminium, complemented by sleek grills for added security. The kitchen is equipped with high-quality accessories, including Nas Gas hoods and hubs, as well as electric ovens for convenient cooking. The brass mixer grinders in golden finish add a luxurious touch. For outdoor entertainment, a BBQ point With Kitechate has been thoughtfully incorporated into the design. Every aspect of this property reflects an A+ category construction, guaranteeing a luxurious living experience. Schedule a viewing today to witness the exceptional quality firsthand. "" Feel free to modify it according to your needs and preferences!","Built in year: 2024, Flooring, Floors","Bedrooms: 4, Bathrooms: 8, Servant Quarters: 1, Drawing Room, Dining Room, Kitchens: 3, Powder Room, Store Rooms: 1, Lounge or Sitting Room",,,,"Nearby Schools, Nearby Hospitals, Nearby Shopping Malls, Nearby Restaurants, Distance From Airport (kms), Nearby Public Transport Service, Other Nearby Places","Security Staff, Other Facilities",,,
https://www.zameen.com/Property/faisal_town_phase_1_faisal_town_phase_1_-_block_a_brand_new_luxurious_double_storey_house_for_sale_block-a_size_30_x_60_faisal_town_phase_1_islamabad-53326331-16416-1.html,"Faisal Town Phase 1 - Block A, Faisal Town Phase 1",House,PKR3.85 Crore,6,8 Marla,For Sale,5,4 days ago,"Faisal Town - F-18, Islamabad, Islamabad Capital","Brand New Luxurious Double Story House for Sale Block-A, Size (30 x 60) Faisal Town Phase 1, Islamabad. Walking distance to main Markaz, mosque, and park. 5 spacious master bedrooms 7 modern bathrooms 2 TV lounges 2 kitchens 2 drawing rooms Car porch for 2 cars Mumty on top floor Solid construction with high quality materials All facilities available Call for visit: View Contact Detail and View Contact Detail","Built in year: 2025, Parking Spaces: 2, Double Glazed Windows, Central Air Conditioning, Central Heating, Flooring, Electricity Backup, Waste Disposal, Floors: 2, Other Main Features","Bedrooms: 5, Bathrooms: 7, Servant Quarters: 1, Drawing Room, Dining Room, Kitchens: 2, Study Room, Prayer Room, Powder Room, Steam Room, Lounge or Sitting Room, Laundry Room, Other Rooms","Broadband Internet Access, Satellite or Cable TV Ready, Intercom, Other Business and Communication Facilities","Community Lawn or Garden, Community Swimming Pool, Community Gym, First Aid or Medical Centre, Day Care Centre, Kids Play Area, Barbeque Area, Mosque, Community Centre, Other Community Facilities","Lawn or Garden, Swimming Pool, Other Healthcare and Recreation Facilities","Nearby Schools, Nearby Hospitals, Nearby Shopping Malls, Nearby Restaurants, Distance From Airport (kms), Nearby Public Transport Service, Other Nearby Places","Maintenance Staff, Security Staff, Facilities for Disabled, Other Facilities",,,
https://www.zameen.com/Property/d_12_d-12_3_brand_new_house_available_for_sale_in_d12-53228085-3156-1.html,"D-12/3, D-12",House,PKR6.75 Crore,3,4 Marla,For Sale,3,3 months ago,"D-12, Islamabad, Islamabad Capital",This is brand new house available for sale in D12 near to markaz Corner house with 2gates Extra Land 4 cars parking Green Lawn Vip Location In Front of Margalla Hills Accommodation 3Bedrooms 3Bathrooms 2kitchens 1Daring Room 1Daining Servant Room With washroom on roof top contact us for more details thank you very much,"Built in year: 2025, Parking Spaces: 4, Double Glazed Windows, Central Air Conditioning, Central Heating, Flooring, Electricity Backup, Waste Disposal, Floors: 2, Other Main Features, Furnished","Bedrooms: 3, Bathrooms: 3, Servant Quarters: 1, Drawing Room, Dining Room, Kitchens: 2, Study Room, Prayer Room, Powder Room, Gym, Store Rooms: 1, Steam Room, Lounge or Sitting Room, Laundry Room, Other Rooms","Broadband Internet Access, Satellite or Cable TV Ready, Intercom, Other Business and Communication Facilities","Community Lawn or Garden, Community Swimming Pool, Community Gym, First Aid or Medical Centre, Day Care Centre, Kids Play Area, Barbeque Area, Mosque, Community Centre, Other Community Facilities","Lawn or Garden, Swimming Pool, Sauna, Jacuzzi, Other Healthcare and Recreation Facilities","Nearby Schools, Nearby Hospitals, Nearby Shopping Malls, Nearby Restaurants, Distance From Airport (kms), Nearby Public Transport Service, Other Nearby Places","Maintenance Staff, Security Staff, Facilities for Disabled, Other Facilities",,,
https://www.zameen.com/Property/islamabad_b-17_8_marla_brand_new_house_for_sale_in_multi_gardens_b17islamabad_c_block-53216174-616-1.html,"B-17, Islamabad",House,PKR3.7 Crore,6,8 Marla,For Sale,4,3 months ago,"B-17, Islamabad, Islamabad Capital","8 Marla Brand New House for Sale Multi Gardens B-17 Islamabad, C Block 4 Spacious Bedrooms 6 Modern Washrooms 2 Stylish Kitchens 2 Elegant Drawing Rooms 2 Car Parking Spaces Prime Location | Solid Construction All Facilities Available (Gas, Electricity, Water) Contact for More Details: Elaaf Properties & Builders",,,,,,"Nearby Schools, Nearby Hospitals, Nearby Shopping Malls, Nearby Restaurants, Distance From Airport (kms), Nearby Public Transport Service, Other Nearby Places","Security Staff, Other Facilities",,,
https://www.zameen.com/Property/b_17_mpchs_-_multi_gardens_house_for_sale_in_mpchs_-_multi_gardens-53253740-3115-1.html,"MPCHS - Multi Gardens, B-17",House,PKR2.7 Crore,5,5 Marla,For Sale,4,5 months ago,"B-17, Islamabad, Islamabad Capital","5 Marla Brand New Double Storey House Is Available For Sale MPCHS B_17 Islamabad, Master Bedrooms Washrooms Tv Launch Kitchen Drawing Rooms 1 Mumty Car Parking Electricity 24/7 Security System All Basic Facilities Are Available Here And Best Chance Of Investment Here, For Future Generation,","Double Glazed Windows, Central Air Conditioning, Central Heating, Flooring, Electricity Backup, Waste Disposal, Furnished",,"Broadband Internet Access, Satellite or Cable TV Ready, Other Business and Communication Facilities","Mosque, Other Community Facilities",Other Healthcare and Recreation Facilities,"Nearby Schools, Nearby Hospitals, Nearby Shopping Malls, Nearby Restaurants, Distance From Airport (kms), Nearby Public Transport Service, Other Nearby Places","Maintenance Staff, Security Staff, Other Facilities",,,
https://www.zameen.com/Property/b_17_mpchs_-_multi_gardens_5_marla_house_situated_in_mpchs_-_multi_gardens_for_sale-53253741-3115-1.html,"MPCHS - Multi Gardens, B-17",House,PKR2.35 Crore,5,5 Marla,For Sale,4,5 months ago,"B-17, Islamabad, Islamabad Capital","5 Marla Brand New Double Storey House Is Available For Sale MPCHS B_17 Islamabad, Master Bedrooms Washrooms Tv launch Kitchen Dring rooms 1 mumty car parking Electricity 24/7 Security system All basic facilities are availabrl here and best chance of investment here,For future genration,","Double Glazed Windows, Central Air Conditioning, Central Heating, Flooring, Electricity Backup, Waste Disposal, Furnished",,"Broadband Internet Access, Satellite or Cable TV Ready, Other Business and Communication Facilities","Mosque, Other Community Facilities",Other Healthcare and Recreation Facilities,"Nearby Schools, Nearby Hospitals, Nearby Shopping Malls, Nearby Restaurants, Distance From Airport (kms), Nearby Public Transport Service, Other Nearby Places","Maintenance Staff, Security Staff, Other Facilities",,,
https://www.zameen.com/Property/b_17_mpchs_-_multi_gardens_house_for_sale_in_rs_23000000-53253742-3115-1.html,"MPCHS - Multi Gardens, B-17",House,PKR2.3 Crore,5,5 Marla,For Sale,4,5 months ago,"B-17, Islamabad, Islamabad Capital","5 Marla Brand New Double Storey House Is Available For Sale MPCHS B_17 Islamabad, Master Bedrooms Washrooms Tv launch Kitchen Dring rooms 1 mumty car parking Electricity 24/7 Security system All basic facilities are availabrl here and best chance of investment here,For future genration,","Built in year: 2025, Parking Spaces, Double Glazed Windows, Central Air Conditioning, Central Heating, Flooring, Electricity Backup, Waste Disposal, Floors: 2, Other Main Features, Furnished","Bedrooms: 6, Bathrooms: 8, Servant Quarters: 2, Drawing Room, Dining Room, Kitchens: 2, Study Room, Prayer Room, Powder Room, Gym, Store Rooms: 1, Steam Room, Lounge or Sitting Room, Laundry Room, Other Rooms","Broadband Internet Access, Satellite or Cable TV Ready, Intercom, Other Business and Communication Facilities","Community Lawn or Garden, Community Swimming Pool, Community Gym, First Aid or Medical Centre, Day Care Centre, Kids Play Area, Barbeque Area, Mosque, Community Centre, Other Community Facilities","Lawn or Garden, Swimming Pool, Sauna, Jacuzzi, Other Healthcare and Recreation Facilities","Nearby Schools, Nearby Hospitals, Nearby Shopping Malls, Nearby Restaurants, Distance From Airport (kms), Nearby Public Transport Service, Other Nearby Places","Maintenance Staff, Security Staff, Facilities for Disabled, Other Facilities",,,
https://www.zameen.com/Property/mpchs_multi_gardens_mpchs_-_block_b_extension_1_1_kanal_house_on_main_double_road_near_ghora_chowk_in_block_b_1_extension_multi_gardens_mpchs_b-17_islamabad-53124964-16519-1.html,"MPCHS - Block B Extension 1, MPCHS - Multi Gardens",House,PKR9.8 Crore,7,1 Kanal,For Sale,6,2 days ago,"B-17, Islamabad, Islamabad Capital","1 Kanal Designer Luxury Double Unit House. On Main Double Road Near Ghora Chowk. In Block B 1 Extension. Available For Sale in Multi Gardens. MPCHS B-17 Islamabad. Modern Architecture. Roof Top BBQ Area. House Size 50*90. Double Unit. 6 Bedrooms. 7 Baths. 2 Drawing Dining. 2 TV Lounge. 2 Kitchens. 2 Car Parking. Servant Quarter with attach Bath. Electricity , Water Available. Interested People Can Contact Easily. Multi Gardens MPCHS B-17 is a Good Sector. For Residence Because Neat and Clean. 24 Hours Security. Schools , Banks , Restaurants , Parks , Zoo all Facilities Available.","Built in year: 2010, Parking Spaces: 2, Double Glazed Windows, Central Air Conditioning, Central Heating, Flooring, Electricity Backup, Waste Disposal, Floors: 2, Other Main Features, Furnished","Bedrooms: 4, Bathrooms: 5, Servant Quarters: 1, Drawing Room, Dining Room, Kitchens: 2, Study Room, Prayer Room, Powder Room, Gym, Store Rooms: 1, Steam Room, Lounge or Sitting Room, Laundry Room, Other Rooms","Broadband Internet Access, Satellite or Cable TV Ready, Intercom, Other Business and Communication Facilities","Community Lawn or Garden, Community Swimming Pool, Community Gym, First Aid or Medical Centre, Day Care Centre, Kids Play Area, Barbeque Area, Mosque, Community Centre, Other Community Facilities","Lawn or Garden, Swimming Pool, Sauna, Jacuzzi, Other Healthcare and Recreation Facilities","Nearby Schools, Nearby Hospitals, Nearby Shopping Malls, Nearby Restaurants, Distance From Airport (kms), Nearby Public Transport Service, Other Nearby Places","Maintenance Staff, Security Staff, Facilities for Disabled, Other Facilities",,,
https://www.zameen.com/Property/kashmir_highway_eighteen_luxury_semi_furnished_1_bed_apartment_for_sale_in_eighteen_islamabad-44102396-12602-1.html,"Eighteen, Kashmir Highway",Flat,PKR1.9 Crore,1,4.3 Marla,For Sale,1,6 days ago,"Kashmir Highway, Islamabad, Islamabad Capital","EIGHTEEN KASHMIR HIGHWAY Your search ends with this Flat. A well-constructed property doesn't come easily, so buy today or regret later. The deal for 145.51 Square Meters Flat is a treat for serious buyers. At a price of Rs. 19,000,000 such a deal may be hard to come again. Eighteen is most sought-after for properties due to access to access to all kinds of facilities, so hurry up Here is the perfect Flat you can find in Islamabad. Property features are mentioned below. To provide a complete lifestyle experience, the project offers a variety of urban amenities, including broadband internet access. You can enjoy superior air-quality with a central air-conditioning system that is part of the Flat. The Flat has a Jamiah mosque at a convenient walking distance from it. For the ultimate luxury experience, the property also has a sauna for a healthier and relaxed state of body and mind. The building has access to ATM machines facility as well among others. Feeling stressed? Take a dip in the Jacuzzi and you will be fine in no time. Kids can freely play at the community garden nearby. For details and booking information, don't hesitate to get in touch with us.","Built in year: 2023, Parking Spaces: 2, Lobby in Building, Double Glazed Windows, Central Air Conditioning, Central Heating, Flooring, Electricity Backup, Waste Disposal, Floor: 5, Floors in Building: 7, Elevators, Service Elevators in Building, Furnished","Dining Room, Kitchens, Powder Room, Lounge or Sitting Room, Laundry Room","Broadband Internet Access, Satellite or Cable TV Ready, Business Center or Media Room in Building, Conference Room in Building, Intercom, ATM Machines, Other Business and Communication Facilities","Community Lawn or Garden, Community Swimming Pool, Community Gym, First Aid or Medical Centre, Day Care Centre, Kids Play Area, Barbeque Area, Mosque, Community Centre, Other Community Facilities","Sauna, Jacuzzi, Other Healthcare and Recreation Facilities","Nearby Schools, Nearby Hospitals, Nearby Shopping Malls, Nearby Restaurants, Distance From Airport (kms), Nearby Public Transport Service, Other Nearby Places","Maintenance Staff, Security Staff, Laundry or Dry Cleaning Facility, Communal/Shared Kitchen, Facilities for Disabled, Pets Allowed, Other Facilities",,,
https://www.zameen.com/Property/kashmir_highway_eighteen_2208_square_feet_flat_in_eighteen_is_available-45543643-12602-1.html,"Eighteen, Kashmir Highway",Flat,PKR4 Crore,3,9.8 Marla,For Sale,3,4 months ago,"Kashmir Highway, Islamabad, Islamabad Capital","LUXURY APARTMENTS FOR SALE EIGHTEEN KASHMIR HIGHWAY ISLAMABAD This Flat is ideal for those of you who have been looking for such properties. It is a perfect bargain so buy this property today. 2208 Square Feet units are available for residential purposes in good location. This property at Rs. 40,000,000 is just what you need to start a better life! This Eighteen hosts several decent properties. Take our word of advice and check it out. Let us help you narrow down popular areas in Islamabad to buy a house. You can read the property features below. You can find ATM machines within the building premises. The Flat remains pleasant during summers as well with double glazed windows. An effective waste disposal system is in place to keep the surroundings neat and tidy. Having a community swimming pool is an amenity that one can't deny. The Flat supports facilities for disabled persons to navigate the premises easily. The Flat has a kids play area so no more having to worry about your kids' safety. For the ultimate luxury experience, the property also has a sauna for a healthier and relaxed state of body and mind. Our representative will get in touch with you quickly after you request a meeting.","Built in year: 2021, Parking Spaces: 4, Lobby in Building, Double Glazed Windows, Central Air Conditioning, Central Heating, Flooring, Electricity Backup, Waste Disposal, Floor, Floors in Building: 4, Elevators, Service Elevators in Building, Other Main Features, Furnished","Bedrooms: 10, Bathrooms: 10, Servant Quarters: 1, Drawing Room, Dining Room, Kitchens: 4, Study Room, Prayer Room, Powder Room, Gym, Store Rooms, Steam Room, Lounge or Sitting Room, Laundry Room, Other Rooms","Broadband Internet Access, Satellite or Cable TV Ready, Business Center or Media Room in Building, Conference Room in Building, Intercom, ATM Machines, Other Business and Communication Facilities","Community Lawn or Garden, Community Swimming Pool, Community Gym, First Aid or Medical Centre, Day Care Centre, Kids Play Area, Barbeque Area, Mosque, Community Centre, Other Community Facilities","Sauna, Jacuzzi, Other Healthcare and Recreation Facilities","Nearby Schools, Nearby Hospitals, Nearby Shopping Malls, Nearby Restaurants, Distance From Airport (kms), Nearby Public Transport Service, Other Nearby Places","Maintenance Staff, Security Staff, Laundry or Dry Cleaning Facility, Communal/Shared Kitchen, Facilities for Disabled, Pets Allowed, Other Facilities",,,
https://www.zameen.com/Property/kashmir_highway_eighteen_this_is_your_chance_to_buy_house_in_islamabad-45544931-12602-1.html,"Eighteen, Kashmir Highway",House,PKR26 Crore,-,4 Kanal,For Sale,-,4 months ago,"Kashmir Highway, Islamabad, Islamabad Capital","LUXURY VILLAS FOR SALE EIGHTEEN KASHMIR HIGHWAY ISLAMABAD A House you have been looking to buy for years is available for sale and right now its price is very affordable. Looking to buy a house or apartment? You have come to the right place as we have the best options for any location that you're looking in. Here is a list of 4 Kanal property best suited for your needs. If you are on a budget, then the property at a price of PKR Rs. 260,000,000 is your best bet. Also, you'd be hard pressed to find a property in Eighteen which offers the same package. Settling in Islamabad can open many doors of opportunity, so unlock your destiny with the right property today. The salient features of this property are given below. Socialize, make friends and interact with the neighbours at the community lawn nearby. A prayer room in the House is a great addition as a dedicated room for religious activity. A barbeque area also adjoins the place and is perfect to entertain small gatherings. A Jacuzzi adds a whole new level of luxury to this residence. Broadband internet access to facilitate you daily. With central heating available in the House, now you can stay active indoors as well during the cold months. Central air conditioning so you are saved from the grueling heat of the summer months. You can clear any doubts and get sound investment advice by getting in touch with us.","Built in year: 2021, Parking Spaces: 3, Double Glazed Windows, Central Air Conditioning, Central Heating, Flooring, Electricity Backup, Waste Disposal, Floors, Other Main Features","Bedrooms: 6, Bathrooms: 6, Servant Quarters: 1, Drawing Room, Dining Room, Kitchens: 2, Study Room, Prayer Room, Powder Room, Store Rooms: 2, Steam Room, Lounge or Sitting Room, Laundry Room, Other Rooms","Broadband Internet Access, Satellite or Cable TV Ready, Intercom, Other Business and Communication Facilities","Community Lawn or Garden, Community Swimming Pool, Community Gym, First Aid or Medical Centre, Day Care Centre, Kids Play Area, Barbeque Area, Mosque, Community Centre, Other Community Facilities","Lawn or Garden, Sauna, Jacuzzi, Other Healthcare and Recreation Facilities","Nearby Schools, Nearby Hospitals, Nearby Shopping Malls, Nearby Restaurants, Distance From Airport (kms), Nearby Public Transport Service, Other Nearby Places","Maintenance Staff, Security Staff, Facilities for Disabled, Other Facilities",,,
https://www.zameen.com/Property/kashmir_highway_eighteen_989_square_feet_flat_up_for_sale_in_eighteen-45546814-12602-1.html,"Eighteen, Kashmir Highway",Flat,PKR2.2 Crore,1,4.4 Marla,For Sale,1,3 days ago,"Kashmir Highway, Islamabad, Islamabad Capital","LUXURY APARTMENTS FOR SALE EIGHTEEN KASHMIR HIGHWAY ISLAMABAD A large Flat at a prime location could be what you're looking for. Check out this property that's just landed on the market for sale. You can enjoy a comfortable life in the 989 Square Feet sized property which is currently available. Property is a life-long invest, so make the right decision and buy this unit in Rs. 22,000,000. All the important amenities and facilities are made available in Eighteen. To experience the comforts of city life, you can buy a home in Islamabad. You can find out more about the property below. There is central heating in the Flat which will keep you and family warm. The lobby and reception in the apartment building contributes to the resident's security. A shared kitchen is great in terms of cost-saving and idea-sharing. You can enjoy superior air-quality with a central air-conditioning system that is part of the Flat. The building has a service elevator that you can use to transport your luggage conveniently to your floor. Sit back and relax in your very own Jacuzzi. Protection is a top priority and for that reason, you'll find expert security services on patrol at all times. If all these things pique your interest, you really should contact us and, we assure you, you won't be disappointed.","Built in year: 2021, Lobby in Building, Double Glazed Windows, Central Air Conditioning, Central Heating, Flooring, Electricity Backup, Waste Disposal, Service Elevators in Building, Furnished","Drawing Room, Dining Room, Study Room, Prayer Room, Powder Room, Gym, Steam Room, Lounge or Sitting Room, Laundry Room","Broadband Internet Access, Satellite or Cable TV Ready, Business Center or Media Room in Building, Conference Room in Building, Intercom, ATM Machines, Other Business and Communication Facilities","Community Lawn or Garden, Community Swimming Pool, Community Gym, First Aid or Medical Centre, Day Care Centre, Kids Play Area, Barbeque Area, Mosque, Community Centre, Other Community Facilities","Sauna, Jacuzzi, Other Healthcare and Recreation Facilities","Nearby Schools, Nearby Hospitals, Nearby Shopping Malls, Nearby Restaurants, Distance From Airport (kms), Nearby Public Transport Service, Other Nearby Places","Maintenance Staff, Security Staff, Laundry or Dry Cleaning Facility, Communal/Shared Kitchen, Facilities for Disabled, Pets Allowed, Other Facilities",,,
https://www.zameen.com/Property/kashmir_highway_eighteen_1650_square_feet_flat_for_sale_in_eighteen-45543863-12602-1.html,"Eighteen, Kashmir Highway",Flat,PKR3.3 Crore,2,7.3 Marla,For Sale,2,4 months ago,"Kashmir Highway, Islamabad, Islamabad Capital","LUXURY APARTMENTS FOR SALE EIGHTEEN KASHMIR HIGHWAY ISLAMABAD If you are interested in buying a Flat in Islamabad that fits your budget? We might have what you are looking for! The Flat for sale is a great deal considering it comes with many facilities. Don't miss the chance of having your own 1650 Square Feet property. The price of Rs. 33,000,000 is very justified and can be perfect for your needs. A central location like Eighteen is the best choice for living as it's close to all necessities. Be a lucky buyer to own a Flat in Islamabad. Notable property details are as follows. You can enjoy superior air-quality with a central air-conditioning system that is part of the Flat. The clothes, curtains and blankets that you may not be able to wash yourself can easily be dry cleaned at the dry clean facility nearby. The apartment building provides an inviting ambiance with its spacious lobby and reception area. Enjoy fast speed broadband internet access available in the property. The Flat has a mosque located at a walking distance from it. Double glazed windows provide good insulation during winters. Residents have peace of mind knowing they can access ATM Machines within their complex. Make any concerns known to us through provided contacts.","Built in year: 2021, Lobby in Building, Double Glazed Windows, Central Air Conditioning, Central Heating, Flooring, Electricity Backup, Waste Disposal, Service Elevators in Building, Other Main Features",,"Broadband Internet Access, Satellite or Cable TV Ready, Business Center or Media Room in Building, Conference Room in Building, Intercom, ATM Machines, Other Business and Communication Facilities","Community Lawn or Garden, Community Swimming Pool, Community Gym, First Aid or Medical Centre, Day Care Centre, Kids Play Area, Barbeque Area, Mosque, Community Centre, Other Community Facilities","Sauna, Jacuzzi, Other Healthcare and Recreation Facilities","Nearby Schools, Nearby Hospitals, Nearby Shopping Malls, Nearby Restaurants, Distance From Airport (kms), Nearby Public Transport Service, Other Nearby Places","Maintenance Staff, Security Staff, Laundry or Dry Cleaning Facility, Communal/Shared Kitchen, Facilities for Disabled, Pets Allowed, Other Facilities",,,
https://www.zameen.com/Property/kashmir_highway_eighteen_775_square_feet_flat_available_for_sale_in_eighteen_islamabad-45544915-12602-1.html,"Eighteen, Kashmir Highway",Flat,PKR1.75 Crore,-,3.4 Marla,For Sale,-,4 months ago,"Kashmir Highway, Islamabad, Islamabad Capital","LUXURY APARTMENTS FOR SALE EIGHTEEN KASHMIR HIGHWAY ISLAMABAD You do not have to search further, as this is the best Flat that fits your requirements. Looking to buy property? We have the best options for you. Book your 775 Square Feet Flat today to mark the beginning of your prosperous future. The asking price of Rs. 17,500,000 will multiply into profits for you. Just the fact that you will own a property at Eighteen should be enough to give it a boost in no time at all. Islamabad has many options for all kinds of properties, so stop waiting and start looking. What more we can say about it is given below. A kids play area is part of the Flat where children can play freely. Let your troubles melt away by relaxing in this Jacuzzi. For the ultimate luxury experience, the property also has a sauna for a healthier and relaxed state of body and mind. You can hang out in the apartment's lobby while you wait. With a communal kitchen in the building, sharing meals can become easier. The mosque nearby provides a peaceful place for prayer and contemplation. Enjoy a luxurious lifestyle with fast broadband internet access among other facilities. Your queries on the offer are welcome, so please give us a call.","Built in year: 2021, Lobby in Building, Double Glazed Windows, Central Air Conditioning, Central Heating, Flooring, Electricity Backup, Waste Disposal, Service Elevators in Building, Furnished","Drawing Room, Dining Room, Study Room, Prayer Room, Powder Room, Gym, Steam Room, Lounge or Sitting Room, Laundry Room","Broadband Internet Access, Satellite or Cable TV Ready, Business Center or Media Room in Building, Conference Room in Building, Intercom, ATM Machines, Other Business and Communication Facilities","Community Lawn or Garden, Community Swimming Pool, Community Gym, First Aid or Medical Centre, Day Care Centre, Kids Play Area, Barbeque Area, Mosque, Community Centre, Other Community Facilities","Sauna, Jacuzzi, Other Healthcare and Recreation Facilities","Nearby Schools, Nearby Hospitals, Nearby Shopping Malls, Nearby Restaurants, Distance From Airport (kms), Nearby Public Transport Service, Other Nearby Places","Maintenance Staff, Security Staff, Laundry or Dry Cleaning Facility, Communal/Shared Kitchen, Facilities for Disabled, Pets Allowed, Other Facilities",,,
https://www.zameen.com/Property/kashmir_highway_eighteen_luxury_apartments_for_sale_in_eighteen_islamabad-45546856-12602-1.html,"Eighteen, Kashmir Highway",Flat,PKR1.42 Crore,1,3.4 Marla,For Sale,-,3 days ago,"Kashmir Highway, Islamabad, Islamabad Capital","LUXURY APARTMENTS FOR SALE EIGHTEEN KASHMIR HIGHWAY ISLAMABAD Boasting the ideal location of Eighteen, this Flat is one of a kind. This property will prove to be the best investment opportunity for you. Investment in 775 Square Feet property is a lucrative option so make your move today. The demand price is set pretty reasonably at Rs. 17,500,000. Living or investing in Eighteen has its own benefits. The metropolis of Islamabad is offering a 775 Square Feet Flat at an ideal location of Eighteen. A few highlighting features of the property are as follows. Your body pain can vanish, with a quick session in the Jacuzzi. Give your formal clothes for dry cleaning to the dry cleaning facility nearby. The gated community comes with a commercial centre where you can find ATM machines as well. The society's waste disposal system ensures cleanliness at all times. The commercial hub also offers access to broadband internet to facilitate the business operators. Having double glazed windows in the Flat is a great plus. Having a community swimming pool is an amenity that one can't deny. Looking for property advice? We are to help you navigate the world of property.","Built in year: 2021, Lobby in Building, Double Glazed Windows, Central Air Conditioning, Central Heating, Flooring, Electricity Backup, Waste Disposal, Service Elevators in Building",,"Broadband Internet Access, Satellite or Cable TV Ready, Business Center or Media Room in Building, Conference Room in Building, Intercom, ATM Machines, Other Business and Communication Facilities","Community Lawn or Garden, Community Swimming Pool, Community Gym, First Aid or Medical Centre, Day Care Centre, Kids Play Area, Barbeque Area, Mosque, Community Centre, Other Community Facilities","Sauna, Jacuzzi, Other Healthcare and Recreation Facilities","Nearby Schools, Nearby Hospitals, Nearby Shopping Malls, Nearby Restaurants, Distance From Airport (kms), Nearby Public Transport Service, Other Nearby Places","Maintenance Staff, Security Staff, Laundry or Dry Cleaning Facility, Communal/Shared Kitchen, Facilities for Disabled, Pets Allowed, Other Facilities",,,
https://www.zameen.com/Property/e_11_1_the_veranda_residence_1700_square_feet_spacious_flat_available_in_the_veranda_residence_for_sale-50124942-9702-1.html,"The Veranda Residence, E-11/1",Flat,PKR3.4 Crore,2,7.6 Marla,For Sale,2,6 days ago,"E-11, Islamabad, Islamabad Capital","Veranda Residence 2 bedrooms apartment With all basic amenities Ideal Location. Reasonable Price. Grab This Auspicious Opportunity To Execute Your Dreams Into Reality. It Is Sure To Be A Profitable Deal For Any Genuine Client. The Right Place To Invest Your Money. Interested Persons Welcome To Visit The Property. Please Feel Free To Call Us If You Need Further Details About It. We Request That Only Serious Individuals Contact Us To Make An Immediate Deal,","Built in year: 2019, Parking Spaces: 1, Lobby in Building, Double Glazed Windows, Central Air Conditioning, Central Heating, Flooring, Electricity Backup, Waste Disposal, Floor: 14, Floors in Building: 4, Elevators: 3, Service Elevators in Building, Other Main Features, Furnished","Bedrooms: 3, Bathrooms: 4, Servant Quarters: 1, Drawing Room, Dining Room, Kitchens: 2, Study Room, Prayer Room, Powder Room, Gym, Store Rooms: 1, Steam Room, Lounge or Sitting Room, Laundry Room, Other Rooms","Broadband Internet Access, Satellite or Cable TV Ready, Business Center or Media Room in Building, Conference Room in Building, Intercom, ATM Machines, Other Business and Communication Facilities","Community Lawn or Garden, Community Swimming Pool, Community Gym, First Aid or Medical Centre, Day Care Centre, Kids Play Area, Barbeque Area, Mosque, Community Centre, Other Community Facilities","Sauna, Jacuzzi, Other Healthcare and Recreation Facilities","Nearby Schools, Nearby Hospitals, Nearby Shopping Malls, Nearby Restaurants, Distance From Airport (kms), Nearby Public Transport Service, Other Nearby Places","Maintenance Staff, Security Staff, Laundry or Dry Cleaning Facility, Communal/Shared Kitchen, Facilities for Disabled, Pets Allowed, Other Facilities",,,
https://www.zameen.com/Property/kashmir_highway_eighteen_semi_furnished_2_kanal_house_available_in_eighteen_for_sale-52886370-12602-1.html,"Eighteen, Kashmir Highway",House,PKR23 Crore,-,2 Kanal,For Sale,-,6 days ago,"Kashmir Highway, Islamabad, Islamabad Capital","You can enjoy a lavish lifestyle in the House surrounded by all kinds of activities. A property valued at Rs. 230000000 at a prime location is something you should grab before someone else. For those who are trying to find 2 Kanal properties, this is an option to consider! The properties in Eighteen will reap great benefits in the future. Islamabad is best for living, so explore our residential properties today. Property like this doesn't pop up too often. So, it's best to buy it while you still can. A few highlighting features of the property are as follows. The community lawn near the House is a great place to host small functions. Lose the extra body fat with regular sauna sessions available on the premises. The House features state-of-the-art amenities for the differently-abled. Your kids can play to their heart's content in the play area adjoining the property. On-duty security services ensure the building stays well-protected. The community swimming pool in the building/society proves to be great during summers. The mosque nearby provides a peaceful place for prayer and contemplation. Pick your phone and call us today.","Built in year: 2025, Parking Spaces: 3, Flooring, Electricity Backup, Waste Disposal, Other Main Features, Furnished","Bedrooms: 3, Bathrooms: 3, Drawing Room, Dining Room, Kitchens: 1, Study Room, Prayer Room, Powder Room, Store Rooms: 1, Lounge or Sitting Room","Broadband Internet Access, Satellite or Cable TV Ready, Intercom, Other Business and Communication Facilities","Community Lawn or Garden, Community Swimming Pool, Community Gym, First Aid or Medical Centre, Day Care Centre, Kids Play Area, Barbeque Area, Mosque, Community Centre, Other Community Facilities","Sauna, Jacuzzi, Other Healthcare and Recreation Facilities","Nearby Schools, Nearby Hospitals, Nearby Shopping Malls, Nearby Restaurants, Distance From Airport (kms), Nearby Public Transport Service, Other Nearby Places","Maintenance Staff, Security Staff, Facilities for Disabled, Other Facilities",,,
https://www.zameen.com/Property/kashmir_highway_eighteen_reserve_a_house_of_40_marla_now_in_eighteen-52953727-12602-1.html,"Eighteen, Kashmir Highway",House,PKR25 Crore,-,2 Kanal,For Sale,-,3 days ago,"Kashmir Highway, Islamabad, Islamabad Capital","Your investment at a price of PKR Rs. 250000000 for this property will be a secure bet. Owning a house in Eighteen is a dream come true for many and it could be the same for you too, so hurry up. Property for 40 Marla properties are becoming popular, so grab an offer while it lasts. Just know that a purchasing opportunity like this doesn't come easy! The House is designed to suit both short term investors and long term residents who plan on living here. You can find the best rates for residential properties in Islamabad, so stop thinking and start searching. Find out more details about the property with the following. The House features state-of-the-art amenities for the differently-abled. A well-equipped barbeque area comes with the House where you can host your parties. Your kids can play to their heart's content in the play area adjoining the property. The building has a sauna where you can relax after a long day. Kids can swim to their hearts desire at the community pool. Socialize, make friends and interact with the neighbours at the community lawn nearby. Keeping your surroundings clean with proper waste disposal system. Be a proud owner of your own property today. For sound investment advice and options, call us!","Flooring, Waste Disposal, Other Main Features","Bedrooms: 2, Bathrooms: 2","Broadband Internet Access, Satellite or Cable TV Ready, Intercom, Other Business and Communication Facilities","Community Lawn or Garden, Community Swimming Pool, Community Gym, First Aid or Medical Centre, Day Care Centre, Kids Play Area, Barbeque Area, Mosque, Community Centre, Other Community Facilities","Sauna, Jacuzzi, Other Healthcare and Recreation Facilities","Nearby Schools, Nearby Hospitals, Nearby Shopping Malls, Nearby Restaurants, Distance From Airport (kms), Nearby Public Transport Service, Other Nearby Places","Maintenance Staff, Security Staff, Facilities for Disabled",,,
https://www.zameen.com/Property/d_12_d-12_4_house_for_sale_in_d12_size_35_70_10_marla-52839508-3157-1.html,"D-12/4, D-12",House,PKR14 Crore,6,10 Marla,For Sale,6,1 week ago,"D-12, Islamabad, Islamabad Capital",HOUE FOR SALE IN D 12 SIZE 35*70 6 BEDROOM 6 BATHROOM 1 KITCHEN TV LUNACH DD SERVENT 3 CAR PARKING 70 FEET ROOD FARNACH HOUSE BRANG NEW HOUSE,"Built in year: 2024, Parking Spaces: 3, Double Glazed Windows, Central Air Conditioning, Central Heating, Flooring, Electricity Backup, Waste Disposal, Floors: 2, Other Main Features","Bedrooms: 3, Bathrooms: 4, Drawing Room, Dining Room, Kitchens: 2, Study Room, Prayer Room, Powder Room, Gym, Store Rooms: 1, Steam Room, Lounge or Sitting Room, Laundry Room, Other Rooms","Broadband Internet Access, Satellite or Cable TV Ready, Intercom, Other Business and Communication Facilities","Community Lawn or Garden, Community Swimming Pool, Community Gym, First Aid or Medical Centre, Day Care Centre, Kids Play Area, Barbeque Area, Mosque, Community Centre, Other Community Facilities","Lawn or Garden, Swimming Pool, Sauna, Jacuzzi, Other Healthcare and Recreation Facilities","Nearby Schools, Nearby Hospitals, Nearby Shopping Malls, Nearby Restaurants, Distance From Airport (kms), Nearby Public Transport Service, Other Nearby Places","Maintenance Staff, Security Staff, Facilities for Disabled, Other Facilities",,,
https://www.zameen.com/Property/g_13_g-13_1_25_40_house_for_sale_in_g13_1_pindi_phase-53292211-3337-1.html,"G-13/1, G-13",House,PKR3.65 Crore,5,4 Marla,For Sale,4,4 months ago,"G-13, Islamabad, Islamabad Capital","25*40 House For sale in G13/1 Pindi Phase. 4 Bedrooms, 5 Bathrooms,2 Tv lounge, 2 Kitchens and 1 car porch. Electric, Gas, Water Supply and Water Bore Available in this property. Tail Floor House And Good Condition. Location: G13/1 Near To Markets, Family Parks , Football Ground, Schools , Near To Metro Bus stop , Kashmir highway , Hayat International Hospital , Quaid Azam International Hospital , Nust University, And Islamabad international airport. .","Built in year: 2025, Parking Spaces: 3, Double Glazed Windows, Central Air Conditioning, Central Heating, Flooring, Electricity Backup, Waste Disposal, Other Main Features, Furnished","Servant Quarters: 1, Other Rooms","Broadband Internet Access, Satellite or Cable TV Ready, Intercom, Other Business and Communication Facilities","Community Lawn or Garden, Community Swimming Pool, Community Gym, First Aid or Medical Centre, Day Care Centre, Kids Play Area, Barbeque Area, Mosque, Community Centre, Other Community Facilities",Other Healthcare and Recreation Facilities,"Nearby Schools, Nearby Hospitals, Nearby Shopping Malls, Nearby Restaurants, Distance From Airport (kms), Nearby Public Transport Service, Other Nearby Places","Maintenance Staff, Security Staff, Facilities for Disabled, Other Facilities",,,
https://www.zameen.com/Property/mpchs_multi_gardens_mpchs_-_block_f_5_marla_fully_furnished_house_in_f_block_mpchs_islamabad_for_sale-53329971-8527-1.html,"MPCHS - Block F, MPCHS - Multi Gardens",House,PKR2.2 Crore,-,5.6 Marla,For Sale,3,5 months ago,"B-17, Islamabad, Islamabad Capital",5 Marla fully furnished house in F block mpchs Islamabad for sale 3 ac installed 2 gizzars all facilities only you have to buy and move gated society 24/7 security zoo multi club jimkhana stander 20 minit from airport parliment Faisal masjid 26 no bus stop society leads all four big roads moter way GT Margalla Ring roads all banks habib meezan alflah allaid sonery faisal alhabib MCB Every block has own park masjid school all school roots ALLIED PUBLIC the arkam edjuctors Markaz whit all utilities multi office hospital biggest tallest J& EPORIAM AIR CONDITION SHOPING MALL BAKEMAN LABAKE HALEEM GHAR ALLFOOD CHAINS yo,"Built in year: 2025, Parking Spaces: 1, Double Glazed Windows, Central Air Conditioning, Central Heating, Flooring, Electricity Backup, Floors: 3","Bedrooms: 2, Bathrooms: 2, Servant Quarters: 1, Drawing Room, Dining Room, Kitchens: 1, Study Room, Prayer Room","Broadband Internet Access, Satellite or Cable TV Ready, Intercom","Community Lawn or Garden, Community Swimming Pool, Community Gym, First Aid or Medical Centre, Day Care Centre, Kids Play Area, Barbeque Area, Mosque, Community Centre","Lawn or Garden, Swimming Pool","Nearby Schools, Nearby Hospitals, Nearby Shopping Malls, Nearby Restaurants, Distance From Airport (kms), Nearby Public Transport Service, Other Nearby Places",,,,
https://www.zameen.com/Property/bahria_enclave_cube_apartments_3_bed_cube_apartment_available_for_sale-53107788-21520-1.html,"Cube Apartments, Bahria Enclave",Flat,PKR2.5 Crore,4,8.9 Marla,For Sale,3,3 months ago,"Bahria Town, Islamabad, Islamabad Capital",3 Bed Cube Apartment 250 Lacs Full n Final with 3 ACs installed 3 Bedrooms 1 kitchen Spacious TV Lounge 4 Bathrooms 3 Side Corner 5 Balconies Store Room,"Built in year: 2024, Parking Spaces, Lobby in Building, Double Glazed Windows, Central Air Conditioning, Central Heating, Flooring, Electricity Backup, Waste Disposal, Floor, Floors in Building: 9, Elevators: 4, Service Elevators in Building, Other Main Features, Furnished","Bedrooms: 3, Bathrooms: 4, Servant Quarters, Drawing Room, Dining Room, Kitchens, Study Room, Prayer Room, Powder Room, Gym, Store Rooms: 1, Steam Room, Lounge or Sitting Room, Laundry Room, Other Rooms","Broadband Internet Access, Satellite or Cable TV Ready, Business Center or Media Room in Building, Conference Room in Building, Intercom, ATM Machines, Other Business and Communication Facilities","Community Lawn or Garden, Community Swimming Pool, Community Gym, First Aid or Medical Centre, Day Care Centre, Kids Play Area, Barbeque Area, Mosque, Community Centre, Other Community Facilities",Other Healthcare and Recreation Facilities,"Nearby Schools, Nearby Hospitals, Nearby Shopping Malls, Nearby Restaurants, Distance From Airport (kms), Nearby Public Transport Service, Other Nearby Places","Maintenance Staff, Security Staff, Pets Allowed, Other Facilities",,,
https://www.zameen.com/Property/b_17_mpchs_-_multi_gardens_buying_a_house_in_mpchs_-_multi_gardens_islamabad-53253743-3115-1.html,"MPCHS - Multi Gardens, B-17",House,PKR2.8 Crore,5,5 Marla,For Sale,4,5 months ago,"B-17, Islamabad, Islamabad Capital","5 Marla Brand New Double Storey House Is Available For Sale MPCHS B_17 Islamabad, Master Bedrooms Washrooms Tv launch Kitchen Dring rooms 1 mumty car parking Electricity 24/7 Security system All basic facilities are availabrl here and best chance of investment here,For future genration,","Built in year: 2015, Parking Spaces: 1, Double Glazed Windows, Central Air Conditioning, Central Heating, Flooring, Electricity Backup, Waste Disposal, Floors: 2, Other Main Features, Furnished","Bedrooms: 3, Bathrooms: 4, Kitchens: 1","Broadband Internet Access, Satellite or Cable TV Ready, Intercom, Other Business and Communication Facilities","Community Lawn or Garden, Community Gym, First Aid or Medical Centre, Day Care Centre, Kids Play Area, Barbeque Area, Mosque, Community Centre, Other Community Facilities","Lawn or Garden, Other Healthcare and Recreation Facilities","Nearby Schools, Nearby Hospitals, Nearby Shopping Malls, Nearby Restaurants, Distance From Airport (kms), Nearby Public Transport Service, Other Nearby Places","Maintenance Staff, Security Staff, Other Facilities",,,
https://www.zameen.com/Property/b_17_mpchs_-_multi_gardens_house_sized_5_marla_available_in_mpchs_-_multi_gardens-53253745-3115-1.html,"MPCHS - Multi Gardens, B-17",House,PKR2.5 Crore,5,5 Marla,For Sale,4,5 months ago,"B-17, Islamabad, Islamabad Capital","5 Marla Brand New Double Storey House Is Available For Sale MPCHS B_17 Islamabad, Master Bedrooms Washrooms Tv launch Kitchen Dring rooms 1 mumty car parking Electricity 24/7 Security system All basic facilities are availabrl here and best chance of investment here,For future genration,","Double Glazed Windows, Central Air Conditioning, Central Heating, Flooring, Electricity Backup, Waste Disposal, Furnished",,"Broadband Internet Access, Satellite or Cable TV Ready, Other Business and Communication Facilities","Mosque, Other Community Facilities",Other Healthcare and Recreation Facilities,"Nearby Schools, Nearby Hospitals, Nearby Shopping Malls, Nearby Restaurants, Distance From Airport (kms), Nearby Public Transport Service, Other Nearby Places","Maintenance Staff, Security Staff, Other Facilities",,,
https://www.zameen.com/Property/b_17_mpchs_-_multi_gardens_house_of_5_marla_is_available_for_sale-53253746-3115-1.html,"MPCHS - Multi Gardens, B-17",House,PKR2.25 Crore,5,5 Marla,For Sale,4,5 months ago,"B-17, Islamabad, Islamabad Capital","5 Marla Brand New Double Storey House Is Available For Sale MPCHS B_17 Islamabad, Master Bedrooms Washrooms Tv launch Kitchen Dring rooms 1 mumty car parking Electricity 24/7 Security system All basic facilities are availabrl here and best chance of investment here,For future genration,","Built in year: 2025, Parking Spaces, Double Glazed Windows, Central Air Conditioning, Central Heating, Flooring, Electricity Backup, Waste Disposal, Floors: 2, Other Main Features, Furnished","Bedrooms: 6, Bathrooms: 8, Servant Quarters: 2, Drawing Room, Dining Room, Kitchens: 2, Study Room, Prayer Room, Powder Room, Gym, Store Rooms: 1, Steam Room, Lounge or Sitting Room, Laundry Room, Other Rooms","Broadband Internet Access, Satellite or Cable TV Ready, Intercom, Other Business and Communication Facilities","Community Lawn or Garden, Community Swimming Pool, Community Gym, First Aid or Medical Centre, Day Care Centre, Kids Play Area, Barbeque Area, Mosque, Community Centre, Other Community Facilities","Lawn or Garden, Swimming Pool, Sauna, Jacuzzi, Other Healthcare and Recreation Facilities","Nearby Schools, Nearby Hospitals, Nearby Shopping Malls, Nearby Restaurants, Distance From Airport (kms), Nearby Public Transport Service, Other Nearby Places","Maintenance Staff, Security Staff, Facilities for Disabled, Other Facilities",,,
https://www.zameen.com/Property/b_17_mpchs_-_multi_gardens_reasonably-priced_5_marla_house_in_mpchs_-_multi_gardens_islamabad_is_available_as_of_now-53253749-3115-1.html,"MPCHS - Multi Gardens, B-17",House,PKR2.5 Crore,5,5 Marla,For Sale,4,5 months ago,"B-17, Islamabad, Islamabad Capital","5 Marla Brand New Double Storey House Is Available For Sale MPCHS B_17 Islamabad, Master Bedrooms Washrooms Tv launch Kitchen Dring rooms 1 mumty car parking Electricity 24/7 Security system All basic facilities are availabrl here and best chance of investment here,For future genration,","Double Glazed Windows, Central Air Conditioning, Central Heating, Flooring, Electricity Backup, Waste Disposal, Furnished",,"Broadband Internet Access, Satellite or Cable TV Ready, Other Business and Communication Facilities","Mosque, Other Community Facilities",Other Healthcare and Recreation Facilities,"Nearby Schools, Nearby Hospitals, Nearby Shopping Malls, Nearby Restaurants, Distance From Airport (kms), Nearby Public Transport Service, Other Nearby Places","Maintenance Staff, Security Staff, Other Facilities",,,
https://www.zameen.com/Property/bahria_enclave_bahria_enclave_-_sector_c1_10_marla_brand_new_house_for_sale_modern_design-53265207-11987-1.html,"Bahria Enclave - Sector C1, Bahria Enclave",House,PKR4.5 Crore,6,10 Marla,For Sale,5,5 months ago,"Bahria Town, Islamabad, Islamabad Capital","10 Marla Brand New House for Sale 5 Bedrooms with Attached Baths A perfect blend of elegance and comfort! This brand new 10 Marla house is now available for sale in a prime location. With 5 spacious bedrooms, each featuring attached modern bathrooms, this home is ideal for a large family seeking space, luxury, and convenience. Property Features: Brand New Construction Move-in ready 5 Spacious Bedrooms with Attached Modern Bathrooms Stylish TV Lounge and Drawing Room Modern Kitchen with High-Quality Fittings Beautiful Tile Flooring Throughout Solid Wood Doors and Cabinets Car Porch for Parking Front Terrace/Balcony Electricity, Gas, and Water Available Quality Fixtures and Elegant Ceiling Work Location Highlights: Peaceful and well-developed neighborhood Close to schools, markets, mosques, and main roads Easy access to public transport Secure and family-friendly environment Contact Now for More Details or to Schedule a Visit! This house is a rare opportunity for those looking for a stylish and spacious new home.","Built in year: 2025, Parking Spaces: 2, Double Glazed Windows, Flooring, Electricity Backup, Floors: 2, Other Main Features","Bedrooms: 5, Bathrooms: 6, Servant Quarters: 1, Drawing Room, Dining Room, Kitchens: 2, Prayer Room, Powder Room, Store Rooms: 1, Lounge or Sitting Room, Laundry Room","Broadband Internet Access, Satellite or Cable TV Ready, Intercom","Community Lawn or Garden, Community Gym, First Aid or Medical Centre, Day Care Centre, Kids Play Area, Barbeque Area, Mosque, Community Centre","Lawn or Garden, Jacuzzi","Nearby Schools, Nearby Hospitals, Nearby Shopping Malls, Nearby Restaurants, Distance From Airport (kms), Nearby Public Transport Service, Other Nearby Places","Maintenance Staff, Security Staff",,,
https://www.zameen.com/Property/bahria_town_bahria_enclave_brand_new_3-bedroom_outer_face_apartment_for_sle-53301123-1705-1.html,"Bahria Enclave, Bahria Town",House,PKR1.36 Crore,3,7.6 Marla,For Sale,3,4 months ago,"Bahria Town, Islamabad, Islamabad Capital","Brand New 3-Bedroom Outer Face apartment for Sale Property Overview: A stunning brand new outer face apartment spanning 1700 sq. ft is available for sale in a prime and peaceful location. Built with modern design and top-quality materials, this home offers spacious living, natural light, and a perfect family environment. Property Features: 3 Spacious Bedrooms with Attached Bathrooms Modern Kitchen with elegant fittings TV Lounge & Dining Area Drawing Room 1 Covered Car Parking Space Beautiful Front Elevation (Outer Face) Imported Tiles, Stylish Ceiling, and Premium Woodwork Excellent Ventilation & Natural Sunlight Additional Highlights: Brand New Never Used Before Outer Face Unit with open front and premium location Near schools, markets, mosque, park, and main road Secure and family-friendly neighborhood Size: 1700 Sq. Ft Demand: (Mention Price Here) Ownership: Clear and transfer-ready Contact: For visit and further details, please call or WhatsApp. A brand new, outer face 3-bedroom apartment with 1700 sq. ft covered area and car parking ready to move in!","Built in year: 2025, Parking Spaces: 2, Double Glazed Windows, Central Air Conditioning, Flooring, Electricity Backup, Waste Disposal, Floors: 1, Other Main Features","Bedrooms: 3, Bathrooms: 3, Drawing Room, Dining Room, Kitchens: 1, Lounge or Sitting Room, Laundry Room","Broadband Internet Access, Satellite or Cable TV Ready, Intercom","Community Lawn or Garden, Community Swimming Pool, First Aid or Medical Centre, Day Care Centre, Kids Play Area, Barbeque Area, Mosque, Community Centre",,"Nearby Schools, Nearby Hospitals, Nearby Shopping Malls, Nearby Restaurants, Distance From Airport (kms), Nearby Public Transport Service, Other Nearby Places","Maintenance Staff, Security Staff",,,
https://www.zameen.com/Property/gulberg_residencia_gulberg_residencia_-_block_d_studio_apartment_available_for_sale_in_gulberg_rasidencia_d_markaz-51198089-9132-1.html,"Gulberg Residencia - Block D, Gulberg Residencia",Flat,PKR35 Lakh,1,1.3 Marla,For Sale,-,5 days ago,"Gulberg, Islamabad, Islamabad Capital","Studio Apartment for Sale in Gulberg Rasidencia D Markaz Tower 55 Explore this modern studio apartment located in the prestigious Gulberg Rasidencia D Markaz Tower 55. Perfectly designed for urban living, this unit features an open layout that maximizes space and functionality. Key Features: Size:[insert square footage] Open Concept:Seamless living and sleeping area with large windows for natural light. Kitchen:Modern kitchenette equipped with essential appliances and storage. Bathroom:Well-finished with contemporary fixtures. Balcony:Enjoy views and fresh air from your private balcony. Amenities:Access to building facilities such as a gym, rooftop terrace, and 24/7 security. Ideal for singles, couples, or investors, this studio offers convenience and comfort in a vibrant community. Contact us today for more information or to schedule a viewing!","Built in year: 2024, Parking Spaces: 2, Lobby in Building, Double Glazed Windows, Central Air Conditioning, Central Heating, Flooring, Electricity Backup, Waste Disposal, Floor: 3, Floors in Building: 5, Elevators: 1, Service Elevators in Building, Other Main Features, Furnished","Bedrooms: 1, Bathrooms: 1, Servant Quarters, Drawing Room, Dining Room, Kitchens: 1, Study Room, Prayer Room, Powder Room, Gym, Store Rooms: 1, Steam Room, Lounge or Sitting Room, Laundry Room, Other Rooms","Broadband Internet Access, Satellite or Cable TV Ready, Business Center or Media Room in Building, Conference Room in Building, Intercom, ATM Machines, Other Business and Communication Facilities","Community Lawn or Garden, Community Swimming Pool, Community Gym, First Aid or Medical Centre, Day Care Centre, Kids Play Area, Barbeque Area, Mosque, Community Centre, Other Community Facilities","Sauna, Jacuzzi, Other Healthcare and Recreation Facilities","Nearby Schools, Nearby Hospitals, Nearby Shopping Malls, Nearby Restaurants, Distance From Airport (kms), Nearby Public Transport Service, Other Nearby Places","Maintenance Staff, Security Staff, Laundry or Dry Cleaning Facility, Communal/Shared Kitchen, Facilities for Disabled, Pets Allowed, Other Facilities",,,
https://www.zameen.com/Property/dha_defence_phase_2_dha_phase_2_-_sector_j_6_marla_house_in_islamabad_is_available_for_sale-52576922-8399-1.html,"DHA Phase 2 - Sector J, DHA Defence Phase 2",House,PKR4.4 Crore,5,6 Marla,For Sale,4,5 months ago,"DHA Defence, Islamabad, Islamabad Capital","The highly lucrative real estate options in DHA Phase 2 - Sector J should not be missed. The House is great for families who love spending time outdoors as it comes with a porch. Nothing is better than scoring the ultimate property deal. And this Islamabad happens to have the best ones. Luckily, your search for 6 Marla property has led to this carefully curated option. High-end property for sale in DHA Phase 2 - Sector J that might be better suited to your requirements. If your budget allows, a price of PKR Rs. 47500000 is a good investment to book your unit in this project. Some of the salient features of this property are described here. A well-equipped barbeque area comes with the House where you can host your parties. Sauna has proven health benefits and you can avail them too now. Impress your guests with this spacious and gorgeous drawing room. You can give us a call right now, to find more about the property. Having your own Jacuzzi lets you luxuriate whenever you want. Your kids can play to their heart's content in the play area adjoining the property. The House features state-of-the-art amenities for the differently-abled. Book your unit by contacting on our given numbers.","Built in year: 2025, Parking Spaces: 1, Double Glazed Windows, Central Air Conditioning, Central Heating, Flooring, Electricity Backup, Waste Disposal, Floors: 3, Other Main Features, Furnished","Bedrooms: 4, Bathrooms: 5, Servant Quarters: 1, Drawing Room, Dining Room, Kitchens: 1, Study Room, Prayer Room, Powder Room, Gym, Store Rooms: 1, Steam Room, Lounge or Sitting Room, Laundry Room, Other Rooms","Broadband Internet Access, Satellite or Cable TV Ready, Intercom, Other Business and Communication Facilities","Community Lawn or Garden, Community Swimming Pool, Community Gym, First Aid or Medical Centre, Day Care Centre, Kids Play Area, Barbeque Area, Mosque, Community Centre, Other Community Facilities","Sauna, Jacuzzi, Other Healthcare and Recreation Facilities","Nearby Schools, Nearby Hospitals, Nearby Shopping Malls, Nearby Restaurants, Distance From Airport (kms), Nearby Public Transport Service, Other Nearby Places","Maintenance Staff, Security Staff, Facilities for Disabled, Other Facilities",,,
https://www.zameen.com/Property/dha_defence_dha_defence_phase_2_brand_new_ultra_modern_designer_mansion_with_5_specious_beds-52990519-339-1.html,"DHA Defence Phase 2, DHA Defence",House,PKR12 Crore,6,1 Kanal,For Sale,5,4 months ago,"DHA Defence, Islamabad, Islamabad Capital","brand new ultra modern designer mansion with 5 specious beds+ drawing dinning with maze-9 theme, all imported tiles & sanitary used in this house. location is also prime","Built in year: 2025, Parking Spaces: 3, Double Glazed Windows, Flooring, Electricity Backup, Waste Disposal, Floors: 2, Other Main Features","Bathrooms: 7, Servant Quarters: 1, Drawing Room, Dining Room, Kitchens: 2, Study Room, Prayer Room, Powder Room, Gym, Store Rooms: 2, Steam Room, Lounge or Sitting Room, Laundry Room, Other Rooms","Broadband Internet Access, Satellite or Cable TV Ready, Intercom, Other Business and Communication Facilities","Community Lawn or Garden, Community Swimming Pool, Community Gym, First Aid or Medical Centre, Day Care Centre, Kids Play Area, Barbeque Area, Mosque, Community Centre, Other Community Facilities","Lawn or Garden, Sauna, Jacuzzi, Other Healthcare and Recreation Facilities","Nearby Schools, Nearby Hospitals, Nearby Shopping Malls, Nearby Restaurants, Distance From Airport (kms), Nearby Public Transport Service, Other Nearby Places","Maintenance Staff, Security Staff, Facilities for Disabled, Other Facilities",,,
https://www.zameen.com/Property/islamabad_shah_allah_ditta_brand_new_house-52942313-8424-1.html,"Shah Allah Ditta, Islamabad",House,PKR2.4 Crore,3,5 Marla,For Sale,3,5 months ago,"Shah Allah Ditta, Islamabad, Islamabad Capital","5 Marla House In Prime Location Of Islamabad 5 Marla properties are best for investment as well as living purposes. If you are looking to buy a property in Shah Allah Ditta, this one might please you. In Shah Allah Ditta, you can find your dream property like this at the click of a button. We can help you buy the best House in Shah Allah Ditta. The interested property buyers can avail the offer before it's off the shelves. With a price like Rs. 24000000, there is literally no reason for you to look anywhere else. Fill the web form and we'll reach out to you as soon as possible.","Built in year, Parking Spaces: 2, Double Glazed Windows, Central Air Conditioning, Central Heating, Flooring, Electricity Backup, Waste Disposal, Floors, Other Main Features, Furnished","Bedrooms: 5, Bathrooms: 1, Servant Quarters: 1, Drawing Room, Dining Room, Kitchens: 1, Study Room, Prayer Room, Powder Room, Gym, Store Rooms: 1, Steam Room, Lounge or Sitting Room, Laundry Room, Other Rooms","Broadband Internet Access, Satellite or Cable TV Ready, Intercom, Other Business and Communication Facilities","Community Lawn or Garden, Community Swimming Pool, Community Gym, First Aid or Medical Centre, Day Care Centre, Kids Play Area, Barbeque Area, Mosque, Community Centre, Other Community Facilities","Lawn or Garden, Swimming Pool, Sauna, Jacuzzi, Other Healthcare and Recreation Facilities","Nearby Schools, Nearby Hospitals, Nearby Shopping Malls, Nearby Restaurants, Distance From Airport (kms), Nearby Public Transport Service, Other Nearby Places","Maintenance Staff, Security Staff, Facilities for Disabled, Other Facilities",,,
https://www.zameen.com/Property/f_8_the_centaurus_1152_square_feet_flat_in_f-8_of_islamabad_is_available_for_sale-52970434-8349-1.html,"The Centaurus, F-8",Flat,PKR6 Crore,1,5.1 Marla,For Sale,1,3 months ago,"F-8, Islamabad, Islamabad Capital","Apartment for Sale in Centaurus Property Details Area:1152 sqft Category:1 Bedroom Status: Furnished Floor:1st Floor Tower: A Rental Income Expected Rental Value: PKR 280,000 300,000 per month Location: Centaurus This 1-bedroom apartment is available for resale in Centaurus, offering a luxurious living experience. With its prime location and furnished status, it's an ideal opportunity for those looking to invest in a high-end property. Contact us for more information and viewing arrangements! If you are dreaming about your own Flat now is the time to take action. What is stopping you from investing in Flat in Islamabad? The right property for sale is just a click away, so take action today. The demand for 1152 Square Feet Flat is growing day by day. This property priced at Rs. 60000000 has everything you may have been looking for in an investment. Start a new life in one of the most sought after areas in the city, The Centaurus. Find out the basic features of the property below. For the ultimate luxury experience, the property also has a sauna for a healthier and relaxed state of body and mind. The society's waste disposal system ensures cleanliness at all times. The Flat features state-of-the-art amenities for the differently-abled. Children can spend free time in the kids' play area that comes with the property. Having a shared kitchen means you can plan and prepare meals together. The Flat has a mosque located at a walking distance from it. To bring a touch of nature to the surroundings, the Flat also has a community lawn nearby. You can call us right away for more information about the project.","Waste Disposal, Other Main Features",,"Broadband Internet Access, Satellite or Cable TV Ready, Business Center or Media Room in Building, Conference Room in Building, Intercom, ATM Machines, Other Business and Communication Facilities","Community Lawn or Garden, Community Swimming Pool, Community Gym, First Aid or Medical Centre, Day Care Centre, Kids Play Area, Barbeque Area, Mosque, Community Centre, Other Community Facilities","Sauna, Jacuzzi, Other Healthcare and Recreation Facilities","Nearby Schools, Nearby Hospitals, Nearby Shopping Malls, Nearby Restaurants, Distance From Airport (kms), Nearby Public Transport Service, Other Nearby Places","Maintenance Staff, Security Staff, Laundry or Dry Cleaning Facility, Communal/Shared Kitchen, Facilities for Disabled",,,
https://www.zameen.com/Property/kashmir_highway_eighteen_5_bed_luxurious_pent_house_golf_course_view_available_for_sale_in_eighteen_islamabad-51309280-12602-1.html,"Eighteen, Kashmir Highway",Penthouse,PKR14 Crore,-,1 Kanal,For Sale,-,6 days ago,"Kashmir Highway, Islamabad, Islamabad Capital","Luxurious Penthouse with Full Golf Course & Lake View Eighteen Islamabad Experience unparalleled luxury and sophistication in this stunning penthouse located in the prestigious Eighteen Islamabad community. This fully upgraded penthouse offers breathtaking views of the lush, world-class golf course and the serene, sparkling lake, making it the ideal home for those seeking elegance and tranquility. Key Features: Prime Location: Situated in the heart of Eighteen Islamabad, a gated and highly secure community with elite amenities. Spectacular Views: Enjoy uninterrupted panoramic views of the meticulously designed 18-hole golf course and the peaceful lake, providing a perfect blend of nature and luxury. Modern Interiors: Thoughtfully designed with contemporary architecture, spacious living areas, and floor-to-ceiling windows to maximize natural light and stunning views. Luxury Amenities: Fully equipped kitchen with high-end appliances, en-suite bedrooms with state-of-the-art fittings, and premium quality finishes throughout the residence. Private Balcony & Terrace: Expansive outdoor space ideal for hosting, with beautiful views that stretch across the landscape. Community Amenities: Access to Eighteens exclusive golf club, swimming pools, fitness centers, fine dining restaurants, and more. Secure Living: 24/7 security and privacy in one of Islamabad's most sought-after and well-maintained communities. This penthouse is not just a home but a lifestyle, perfect for those who appreciate luxury, comfort, and the beauty of nature. Contact Us Today for more information and to schedule a viewing of this exceptional property in Eighteen Islamabad.",,,,,,,,,,
https://www.zameen.com/Property/kashmir_highway_eighteen_3_bed_sami_furnished_luxury_apartment_available_for_sale_in_eighteen-49164335-12602-1.html,"Eighteen, Kashmir Highway",Flat,PKR4.5 Crore,4,9.8 Marla,For Sale,3,6 days ago,"Kashmir Highway, Islamabad, Islamabad Capital","Sprawled on an area of 2208 sqft this apartment is the ideal home for a small family. All three master bedrooms are thoughtfully planned to provide lighting, the kitchens are fully fitted with incredible Italian/European designs, and bathrooms have dynamic fittings. There is also a separate powder room and a balcony offering stunning views of Eighteen golf club. The property is surrounded by lush gardens and very open spaces giving residents the freedom to roam around in a peaceful environment","Built in year: 2023, Parking Spaces: 2, Lobby in Building, Double Glazed Windows, Central Air Conditioning, Central Heating, Flooring, Electricity Backup, Waste Disposal, Floor: 3, Floors in Building: 6, Elevators, Other Main Features, Furnished","Bedrooms: 6, Bathrooms: 5, Drawing Room, Dining Room, Kitchens: 2, Study Room, Prayer Room, Powder Room, Gym, Steam Room, Lounge or Sitting Room, Laundry Room","Broadband Internet Access, Satellite or Cable TV Ready, Intercom","Community Lawn or Garden, Community Swimming Pool, Community Gym, First Aid or Medical Centre, Day Care Centre, Kids Play Area, Barbeque Area, Mosque, Community Centre","Sauna, Jacuzzi","Nearby Schools, Nearby Hospitals, Nearby Shopping Malls, Nearby Restaurants, Distance From Airport (kms), Nearby Public Transport Service, Other Nearby Places","Security Staff, Other Facilities",,,
https://www.zameen.com/Property/i_16_i-16_3_block_16_05th_floor_for_sale-52807620-3437-1.html,"I-16/3, I-16",Flat,PKR49 Lakh,2,4.1 Marla,For Sale,2,4 months ago,"I-16, Islamabad, Islamabad Capital","The Flat Comes Well-Fitted With Modern Fixtures So You Can Enjoy Your Space With Ease. Buy Your Property Today And Be A Lucky Owner. The 912 Square Feet Property Is Great For A Comfortble Family Life. Properties, Right Now, Are At The Best Rates So A Price Of PKR Rs. 4900,000 Is Reasonable When It Comes To Recently Developed Properties. In Recent Years, I-16/3 Has Undergone A Lot Of Development, Making It A Good Place To Own A Flat. The City Of Islamabad Offers Hundred Of Housing Options For Renting And Purchasing. Drop Us A Line And We'Ll Be Happy To Guide You Further.","Built in year: 2025, Parking Spaces, Double Glazed Windows, Central Air Conditioning, Central Heating, Flooring, Electricity Backup, Waste Disposal, Other Main Features, Furnished","Bedrooms: 8, Bathrooms: 8, Servant Quarters: 1, Drawing Room, Dining Room, Kitchens: 3, Study Room, Prayer Room, Powder Room, Gym, Store Rooms: 1, Steam Room, Lounge or Sitting Room, Laundry Room, Other Rooms","Broadband Internet Access, Satellite or Cable TV Ready, Intercom, Other Business and Communication Facilities","Community Lawn or Garden, Community Swimming Pool, Community Gym, First Aid or Medical Centre, Day Care Centre, Kids Play Area, Barbeque Area, Mosque, Community Centre, Other Community Facilities","Sauna, Jacuzzi, Other Healthcare and Recreation Facilities","Nearby Schools, Nearby Hospitals, Nearby Shopping Malls, Nearby Restaurants, Distance From Airport (kms), Nearby Public Transport Service, Other Nearby Places","Maintenance Staff, Security Staff, Facilities for Disabled, Other Facilities",,,
https://www.zameen.com/Property/faisal_town_phase_1_faisal_town_phase_1_-_block_c_faisal_town_phase_1_-_block_c_flat_sized_2145_square_feet_is_available-53057443-16418-1.html,"Faisal Town Phase 1 - Block C, Faisal Town Phase 1",Flat,PKR2.78 Crore,-,9.5 Marla,For Sale,-,6 days ago,"Faisal Town - F-18, Islamabad, Islamabad Capital","FAISAL HEIGHTS FAISAL TOWN PHASE 1 BLOCK C ISLAMABAD TOTAL DOWN PAYMENT. . 6,970,000 71 MONTHLY INSTALMENT. . 275,000 72ND LAST INSTALMENTS. . 1,305,000 You can be certain to find a home in Islamabad due to the property options it offers. The perfect 2145 Square Feet Flat is available for sale now in Faisal Town Phase 1 - Block C. This Faisal Town Phase 1 - Block C hosts several decent properties. Take our word of advice and check it out. The price is set fairly at Rs. 27800000. With a Flat like this one, the perfect investment opportunity does exist. Check out this property that's just landed on the market for sale. Some prominent details of the property are as follows. You can enjoy the good weather in the community lawn located close to the Flat. For the ultimate luxury experience, the property also has a sauna for a healthier and relaxed state of body and mind. The Flat has facilities for the differently-abled that helps them to navigate the space easily. A Jacuzzi session is a great way to quiet your mind and unwind. Security services monitor the building at all times for any suspicious activity. You can find ATM machines within the building to withdraw cash. The Flat comes with a laundry facility that you can use to your benefit. Reach out to us for bookings and details.","Built in year: 2020, Parking Spaces: 2, Lobby in Building, Double Glazed Windows, Central Air Conditioning, Central Heating, Flooring, Electricity Backup, Waste Disposal, Floor, Floors in Building, Service Elevators in Building, Other Main Features, Furnished",Other Rooms,"Broadband Internet Access, Satellite or Cable TV Ready, Business Center or Media Room in Building, Conference Room in Building, Intercom, ATM Machines, Other Business and Communication Facilities","Community Lawn or Garden, Community Swimming Pool, Community Gym, First Aid or Medical Centre, Day Care Centre, Kids Play Area, Barbeque Area, Mosque, Community Centre, Other Community Facilities","Sauna, Jacuzzi, Other Healthcare and Recreation Facilities","Nearby Schools, Nearby Hospitals, Nearby Shopping Malls, Nearby Restaurants, Distance From Airport (kms), Nearby Public Transport Service, Other Nearby Places","Maintenance Staff, Security Staff, Laundry or Dry Cleaning Facility, Communal/Shared Kitchen, Facilities for Disabled, Pets Not Allowed, Other Facilities",,,
https://www.zameen.com/Property/islamabad_diplomatic_enclave_furnished_flat_available_for_sale_in_karakoram_diplomatic_enclave_in_reasonable_price-53326143-429-1.html,"Diplomatic Enclave, Islamabad",Flat,PKR6 Crore,2,7.1 Marla,For Sale,2,5 days ago,"Diplomatic Enclave, Islamabad, Islamabad Capital",Apartment in Karakoram Diplomatic Enclave Features of the Apartment 2 Bedrooms 2 Bathrooms TV Lounge 1 Stylish kitchen Facilities and Amenities . Reserved Car Parking . 24 7 CCTV Monitoring . 24 7 Maintenance staff . 24 7 Security Staff . Power Back-up Generator . Kids Play Area . Courtyard . Grocery Store . Gym . Restaurant Cafe With Delivery Available For details of the apartment contact us.,"Built in year: 2017, Parking Spaces, Lobby in Building, Double Glazed Windows, Central Heating, Flooring, Electricity Backup, Waste Disposal, Floor, Floors in Building: 11, Elevators, Service Elevators in Building, Other Main Features, Furnished","Bedrooms: 2, Bathrooms: 2, Drawing Room, Dining Room, Kitchens: 1, Study Room, Prayer Room, Powder Room, Gym, Lounge or Sitting Room, Laundry Room","Broadband Internet Access, Satellite or Cable TV Ready, Conference Room in Building, Intercom, ATM Machines, Other Business and Communication Facilities","Community Lawn or Garden, Community Swimming Pool, Community Gym, First Aid or Medical Centre, Day Care Centre, Kids Play Area, Barbeque Area, Mosque, Other Community Facilities","Sauna, Other Healthcare and Recreation Facilities","Nearby Schools, Nearby Hospitals, Nearby Shopping Malls, Nearby Restaurants, Distance From Airport (kms), Nearby Public Transport Service, Other Nearby Places","Security Staff, Other Facilities",,,
https://www.zameen.com/Property/dha_defence_phase_5_askari_tower_3_dha_5_askari_tower_3_-_brand_new_3bed_apartment_available_for_sale-53325994-17434-1.html,"Askari Tower 3, DHA Defence Phase 5",Flat,PKR3.49 Crore,3,10 Marla,For Sale,3,1 month ago,"DHA Defence, Islamabad, Islamabad Capital",ASKARI TOWER 3 3 BED SOUTH FACE POWDER ROOM UNDER GROUND PARKING DIRECT DEAL WITH OWNER CONTACT FOR SALE PURCHASE/RENT IN DHA RWP ISB LHR ASKARI COLONIES More Choices available,Flooring,"Bedrooms: 2, Bathrooms: 2, Kitchens: 1",,,,"Nearby Schools, Nearby Hospitals, Nearby Shopping Malls, Nearby Restaurants, Distance From Airport (kms), Nearby Public Transport Service, Other Nearby Places","Security Staff, Other Facilities",,,
https://www.zameen.com/Property/islamabad_bani_gala_11_marla_luxury_spanish_style_house_for_sale-53102676-340-1.html,"Bani Gala, Islamabad",House,PKR4.5 Crore,6,11 Marla,For Sale,4,2 weeks ago,"Bani Gala, Islamabad, Islamabad Capital","## 11 Marla Luxurious Brand New House for Sale in Banigala, Islamabad ### Description: Experience the epitome of luxury living in these beautifully constructed brand-new homes in Banigala. Enjoy stunning, permanent views of the majestic Margalla Hills, adding peace and natural beauty to your everyday living. ### Property Features: - 5 spacious bedrooms - 6 stylish bathrooms with premium fittings - 2 powder room - 1 drawing room - 2 lounges for family time - 1 dining area attached to the main lounge - 2 modern kitchens. - 1 auxiliary room (study, storage, laundry, or secondary kitchen) - 2-car garage - Staff quarters with attached bathroom and separate rear access - Underground and overhead water tanks ### Demand: PKR 45 Million (4 Crore 50Lac Rupees) Negotiable! ### Contact: Don't miss this rare opportunity to own a premium home in Islamabad's most scenic enclave! Contact now for more details or to schedule a visit!","Built in year: 2025, Parking Spaces: 2, Double Glazed Windows, Central Air Conditioning, Central Heating, Flooring, Electricity Backup, Waste Disposal, Floors: 2, Other Main Features, Furnished","Bedrooms: 5, Bathrooms: 6, Servant Quarters, Drawing Room, Dining Room, Kitchens: 2, Study Room, Prayer Room, Powder Room, Gym, Store Rooms: 1, Steam Room, Lounge or Sitting Room, Laundry Room, Other Rooms","Broadband Internet Access, Satellite or Cable TV Ready, Intercom, Other Business and Communication Facilities","Community Lawn or Garden, Community Swimming Pool, Community Gym, First Aid or Medical Centre, Day Care Centre, Kids Play Area, Barbeque Area, Mosque, Community Centre, Other Community Facilities","Lawn or Garden, Swimming Pool, Sauna, Jacuzzi, Other Healthcare and Recreation Facilities","Nearby Schools, Nearby Hospitals, Nearby Shopping Malls, Nearby Restaurants, Distance From Airport (kms), Nearby Public Transport Service, Other Nearby Places","Maintenance Staff, Security Staff, Facilities for Disabled, Other Facilities",,,
https://www.zameen.com/Property/f_7_f-7_2_demolishable_house_availble_for_sale_in_f-7-53256207-3308-1.html,"F-7/2, F-7",House,PKR45 Crore,-,2.1 Kanal,For Sale,-,3 months ago,"F-7, Islamabad, Islamabad Capital",old house demolishable sun facing two entarance easy accsess close to market all amenities on walking distance,"Built in year: 2024, Parking Spaces: 5, Double Glazed Windows, Central Air Conditioning, Central Heating, Flooring, Electricity Backup, Waste Disposal, Furnished","Bedrooms: 9, Bathrooms: 12, Servant Quarters, Drawing Room, Dining Room, Kitchens: 3, Study Room, Prayer Room, Powder Room, Gym, Steam Room, Lounge or Sitting Room, Laundry Room","Broadband Internet Access, Satellite or Cable TV Ready, Intercom, Other Business and Communication Facilities","Community Lawn or Garden, Community Swimming Pool, Community Gym, First Aid or Medical Centre, Day Care Centre, Kids Play Area, Barbeque Area, Mosque, Community Centre, Other Community Facilities","Lawn or Garden, Swimming Pool, Sauna, Jacuzzi","Nearby Schools, Nearby Hospitals, Nearby Shopping Malls, Nearby Restaurants, Distance From Airport (kms), Nearby Public Transport Service, Other Nearby Places","Maintenance Staff, Security Staff, Facilities for Disabled, Other Facilities",,,
https://www.zameen.com/Property/islamabad_top_city_1_10_marla_corner_designer_villa_for_sale-53248815-1383-1.html,"Top City 1, Islamabad",House,PKR5.5 Crore,6,10 Marla,For Sale,5,1 week ago,"Top City 1, Islamabad, Islamabad Capital","Experience the ultimate in luxury living with this exceptional 10 Marla designer house for sale in Top City-1, 5 spacious bedrooms with attached baths, 2 sleek kitchens, a convenient drying area, elegant dining space, TV lounge, and a 2-vehicle porch. Double Road, near masjid market and direct access to main entrance Built with quality and durability in mind. For further details.","Built in year: 2025, Parking Spaces: 2, Double Glazed Windows, Flooring, Waste Disposal, Floors: 2","Bedrooms: 5, Bathrooms: 6, Servant Quarters: 1, Drawing Room, Dining Room, Kitchens: 2, Powder Room",Broadband Internet Access,"Community Lawn or Garden, Community Swimming Pool, Community Gym, First Aid or Medical Centre, Day Care Centre, Kids Play Area, Mosque, Community Centre","Swimming Pool, Sauna, Jacuzzi","Nearby Schools, Nearby Hospitals, Nearby Shopping Malls, Nearby Restaurants, Distance From Airport (kms), Nearby Public Transport Service, Other Nearby Places","Security Staff, Other Facilities",,,
https://www.zameen.com/Property/gulberg_residencia_gulberg_residencia_-_block_c_5_marla_brand_new_house_available_for_sale_in_gulberg_green_islamabad-52986751-9114-1.html,"Gulberg Residencia - Block C, Gulberg Residencia",House,PKR2.85 Crore,4,5 Marla,For Sale,4,5 days ago,"Gulberg, Islamabad, Islamabad Capital","Brand New Houses Available For Rent And Sale In Gulberg Green Islamabad A well-designed House at a price of PKR Rs. 28500000 is a deal you must consider. This 5 Marla property is easily the most sought-after one in the locale. Searching for the right option for you in Islamabad? This is the best option for you! The well-planned House can be yours for an incredible price of PKR Rs. 28500000. Gulberg Residencia - Block C has some of the best property deals, so what are you waiting for! Schedule your appointment to view the House for sale today, before it's gone. Contact us for booking details and information.",,,,,,,,,,
https://www.zameen.com/Property/gulberg_greens_gulberg_arena_mall_gulberg_areena_mall_one_bed_furnished_apartment_available_for_sale-52386429-19297-1.html,"Gulberg Arena Mall, Gulberg Greens",Flat,PKR1.35 Crore,2,3.4 Marla,For Sale,1,2 days ago,"Gulberg, Islamabad, Islamabad Capital",Gulberg Areena mall one bed furnished Apartment available for sale in gulberg green Islamabad,"Built in year: 2024, Parking Spaces, Lobby in Building, Double Glazed Windows, Central Air Conditioning, Central Heating, Flooring, Electricity Backup, Waste Disposal, Floor, Floors in Building, Elevators: 8, Service Elevators in Building, Other Main Features, Furnished","Bedrooms: 1, Bathrooms: 2, Servant Quarters: 1, Drawing Room, Dining Room, Kitchens: 1, Study Room, Prayer Room, Powder Room, Gym, Store Rooms: 1, Steam Room, Lounge or Sitting Room, Laundry Room, Other Rooms","Broadband Internet Access, Satellite or Cable TV Ready, Business Center or Media Room in Building, Conference Room in Building, Intercom, ATM Machines, Other Business and Communication Facilities","Community Lawn or Garden, Community Swimming Pool, Community Gym, First Aid or Medical Centre, Day Care Centre, Kids Play Area, Barbeque Area, Mosque, Community Centre, Other Community Facilities","Sauna, Jacuzzi, Other Healthcare and Recreation Facilities","Nearby Schools, Nearby Hospitals, Nearby Shopping Malls, Nearby Restaurants, Distance From Airport (kms), Nearby Public Transport Service, Other Nearby Places","Maintenance Staff, Security Staff, Laundry or Dry Cleaning Facility, Communal/Shared Kitchen, Facilities for Disabled, Pets Not Allowed, Other Facilities",,,
https://www.zameen.com/Property/top_city_1_top_city_1_-_block_a_1_bed_apartment_for_sale_good_location_for_sale_in_top_city-52204003-9231-1.html,"Top City 1 - Block A, Top City 1",Flat,PKR65 Lakh,1,2.2 Marla,For Sale,1,5 months ago,"Top City 1, Islamabad, Islamabad Capital","Apartment Available on Main commercial of top city most prime location near to Main entrance and main Boulevard in All categories Plots Available at Top city in best Market Rates. Kanal 10 Marla 5 Marla Corner, Parkface Commercial and Residential Briqs Developer And Marketing Offer A Prime Location Residential Plot In Top City 1 Islamabad 5 Marla 10 Marla and Kanal Also Commercial in All Catergries. The ideal location of TopCity-1 near Kashmir Highway, is one of its most attractive features. Although the housing society is located at a 20-minute drive from downtown G 11 Markaz Islamabad, it can be easily accessed through Kashmir Highway, Lahore and Islamabad Motorways and Grand Trunk Road. The new Islamabad International Airport is also situated at a distance of approximately 3 kilometers from TopCity-1. That means it will take residents just 5 minutes to reach the airport through New Islamabad Airport Road. It is also connected by a grand and an exclusive Interchange making a Loop on Kashmir Highway giving direct access to residents in TopCity-1. The under development public transit metro bus service connects TopCity-1 through two terminals while the International CPEC City is located at a short distance.","Built in year: 2024, Parking Spaces, Lobby in Building, Double Glazed Windows, Central Air Conditioning, Central Heating, Flooring, Electricity Backup, Waste Disposal, Floor, Floors in Building, Elevators: 1, Other Main Features","Bedrooms: 1, Bathrooms: 1, Servant Quarters: 1, Drawing Room, Dining Room, Kitchens: 1, Study Room, Prayer Room, Powder Room, Gym, Store Rooms: 1, Steam Room, Lounge or Sitting Room, Laundry Room, Other Rooms","Broadband Internet Access, Satellite or Cable TV Ready, Intercom, Other Business and Communication Facilities","Community Lawn or Garden, Community Swimming Pool, Community Gym, First Aid or Medical Centre, Day Care Centre, Kids Play Area, Barbeque Area, Mosque, Community Centre, Other Community Facilities","Sauna, Jacuzzi","Nearby Schools, Nearby Hospitals, Nearby Shopping Malls, Nearby Restaurants, Distance From Airport (kms), Nearby Public Transport Service, Other Nearby Places","Maintenance Staff, Security Staff, Other Facilities",,,
https://www.zameen.com/Property/gulberg_greens_gulberg_greens_-_block_a_luxury_furnished_farm_house_available-51248472-8313-1.html,"Gulberg Greens - Block A, Gulberg Greens",Farm House,PKR32 Crore,7,5 Kanal,For Sale,11,2 days ago,"Gulberg, Islamabad, Islamabad Capital",Foam House Available For Sale In Gulberg Green Islamabad 5 Kanal Farm House Available For Sale Visit Any Time,"Built in year: 2023, Parking Spaces: 10, Double Glazed Windows, Central Air Conditioning, Central Heating, Flooring, Electricity Backup, Waste Disposal, Floors: 3, Other Main Features, Furnished","Bedrooms: 5, Bathrooms: 6, Servant Quarters: 1, Drawing Room, Dining Room, Kitchens: 2, Study Room, Prayer Room, Powder Room, Gym, Store Rooms: 1, Steam Room, Lounge or Sitting Room, Laundry Room, Other Rooms","Broadband Internet Access, Satellite or Cable TV Ready, Intercom, Other Business and Communication Facilities","Community Lawn or Garden, Community Swimming Pool, Community Gym, First Aid or Medical Centre, Day Care Centre, Kids Play Area, Barbeque Area, Mosque, Community Centre, Other Community Facilities","Lawn or Garden, Swimming Pool, Sauna, Jacuzzi, Other Healthcare and Recreation Facilities","Nearby Schools, Nearby Hospitals, Nearby Shopping Malls, Nearby Restaurants, Distance From Airport (kms), Nearby Public Transport Service, Other Nearby Places","Maintenance Staff, Security Staff, Facilities for Disabled, Other Facilities",,,
https://www.zameen.com/Property/islamabad_i-14_6_marla_brand_new_double_storey_house_for_sale-53336214-1045-1.html,"I-14, Islamabad",House,PKR3.2 Crore,6,6 Marla,For Sale,5,5 months ago,"I-14, Islamabad, Islamabad Capital",best location near to markaz 5 bedrooms attach bath and 2 draing room tv lounch kitchen available facility water boring electricity available details contact with me,"Built in year: 2025, Parking Spaces, Double Glazed Windows, Central Air Conditioning, Central Heating, Flooring, Electricity Backup, Waste Disposal, Floors: 2, Other Main Features","Bedrooms: 4, Bathrooms: 5, Servant Quarters, Drawing Room, Dining Room, Kitchens: 2, Study Room, Prayer Room, Powder Room, Store Rooms, Steam Room, Lounge or Sitting Room, Laundry Room, Other Rooms","Broadband Internet Access, Satellite or Cable TV Ready, Intercom, Other Business and Communication Facilities","Community Lawn or Garden, Community Swimming Pool, Community Gym, First Aid or Medical Centre, Day Care Centre, Kids Play Area, Barbeque Area, Mosque, Community Centre, Other Community Facilities","Lawn or Garden, Swimming Pool, Other Healthcare and Recreation Facilities","Nearby Schools, Nearby Hospitals, Nearby Shopping Malls, Nearby Restaurants, Distance From Airport (kms), Nearby Public Transport Service, Other Nearby Places","Maintenance Staff, Security Staff, Facilities for Disabled, Other Facilities",,,
https://www.zameen.com/Property/g_10_g-10_1_house_for_sale_g-10_1-53068878-3324-1.html,"G-10/1, G-10",House,PKR4.75 Crore,5,6 Marla,For Sale,4,4 months ago,"G-10, Islamabad, Islamabad Capital",House for sale G-10/1. liveable house near to sri nagar highway 1650 sqft Please call me if you want to visit. CDA Transfer Contact me on WhatsApp for videos.,"Built in year: 2016, Parking Spaces, Double Glazed Windows, Central Air Conditioning, Central Heating, Flooring, Electricity Backup, Waste Disposal, Floors, Other Main Features, Furnished","Bedrooms: 4, Bathrooms: 5, Servant Quarters: 1, Drawing Room, Dining Room, Kitchens: 2, Study Room, Prayer Room, Powder Room, Gym, Store Rooms: 1, Steam Room, Lounge or Sitting Room, Laundry Room, Other Rooms","Broadband Internet Access, Satellite or Cable TV Ready, Intercom, Other Business and Communication Facilities","Community Lawn or Garden, Community Swimming Pool, Community Gym, First Aid or Medical Centre, Day Care Centre, Kids Play Area, Barbeque Area, Mosque, Community Centre, Other Community Facilities","Lawn or Garden, Swimming Pool, Sauna, Jacuzzi, Other Healthcare and Recreation Facilities","Nearby Schools, Nearby Hospitals, Nearby Shopping Malls, Nearby Restaurants, Distance From Airport (kms), Nearby Public Transport Service, Other Nearby Places","Maintenance Staff, Security Staff, Facilities for Disabled, Other Facilities",,,
https://www.zameen.com/Property/dha_defence_phase_2_dha_phase_2_-_sector_b_1_kanal_house_for_sale_in_dha_phase_2-52794722-3197-1.html,"DHA Phase 2 - Sector B, DHA Defence Phase 2",House,PKR13.9 Crore,6,1 Kanal,For Sale,5,5 months ago,"DHA Defence, Islamabad, Islamabad Capital","1 kanal brand new designer house available for sale Direct meeting with the owner 1- Designed on modern lines,straight line architecture by Moss Architects. 2- Structure designed by Emaarsons. 3-A++ quality materials used right from the very the start till finishing. Also top of the line craftsmen were employed for each n every task in the project. 4-Fazal Steel used in the project. 5-Top of the line bricks used. 6-Pakistan Cables,Schneider Breakers,Lahore Fan Horizon model (Inverter Fans), used through out. 7-PPR (PN-20) and PVC (SDR-41) by Popular Pipes used. 8-Chawla Aluminium (Best quality) used along with 8mm tempered glass used in windows. 9-Imported tiles provided by RAK Tiles and S. Abdulla used in the entire project. No local or Chinese brand used anywhere for flooring and washrooms. 10-All the washrooms are equipped with top of the line concealed fittings. 11-Only Nippon and ICI paints products used in the entire house. 12-Top of the line only Sapele Wood provided by IHC used for wood work in the entire house. 13-Entirely solid doors,jamb frames,solid beading and solid overlap used. 14-Completely solid Sapaele wood used in the staircases. 15-All the three kitchens are provided and installed by Interwood. Kitchens are equipped with Vatti Hoods,Hobs,Microwaves n Oven. 16-Full height aluminium and glass wardrobes installed in every room. Only chawla aluminium with temepred used. 17-Automated gate (Italian Motor installed). 18-Cctv cameras installed. 19-Every space of the house is very well designed and accurately finished keeping in view both the practicality and aesthetics. Carefully selected material used throughout.","Built in year: 2025, Parking Spaces: 3, Flooring, Waste Disposal, Floors: 2","Bedrooms: 5, Bathrooms: 6, Servant Quarters: 1, Drawing Room, Dining Room, Kitchens: 2, Study Room, Prayer Room, Powder Room, Store Rooms: 1, Lounge or Sitting Room",Broadband Internet Access,"Community Lawn or Garden, Community Swimming Pool, Community Gym, First Aid or Medical Centre, Kids Play Area, Mosque",Lawn or Garden,"Nearby Schools, Nearby Hospitals, Nearby Shopping Malls, Nearby Restaurants, Distance From Airport (kms), Nearby Public Transport Service, Other Nearby Places","Maintenance Staff, Security Staff, Facilities for Disabled",,,
https://www.zameen.com/Property/dha_defence_phase_3_dha_phase_3_-_block_a_five_marla_brand_new_designer_house_available_for_sale-52653331-16228-1.html,"DHA Phase 3 - Block A, DHA Defence Phase 3",House,PKR2.8 Crore,4,5 Marla,For Sale,3,5 months ago,"DHA Defence, Islamabad, Islamabad Capital",RAK PROPERTIES OFFER YOU 5 Marla Brand New Designer House For Sale *Property Details* DHA phase 3 3 bedrooms kitchen Drawing Room Daining Room Tv lounge Servent Room For More Details Contact Us,"Built in year: 2025, Parking Spaces: 1, Double Glazed Windows, Central Air Conditioning, Central Heating, Flooring, Electricity Backup, Waste Disposal, Floors: 2, Other Main Features, Furnished","Bedrooms: 3, Bathrooms: 4, Servant Quarters: 1, Drawing Room, Dining Room, Kitchens: 1, Study Room, Prayer Room, Powder Room, Gym, Store Rooms: 1, Steam Room, Lounge or Sitting Room, Laundry Room, Other Rooms","Broadband Internet Access, Satellite or Cable TV Ready, Intercom, Other Business and Communication Facilities","Community Lawn or Garden, Community Swimming Pool, Community Gym, First Aid or Medical Centre, Day Care Centre, Kids Play Area, Barbeque Area, Mosque, Community Centre, Other Community Facilities","Lawn or Garden, Swimming Pool, Sauna, Jacuzzi, Other Healthcare and Recreation Facilities","Nearby Schools, Nearby Hospitals, Nearby Shopping Malls, Nearby Restaurants, Distance From Airport (kms), Nearby Public Transport Service, Other Nearby Places","Maintenance Staff, Security Staff, Facilities for Disabled, Other Facilities",,,
https://www.zameen.com/Property/islamabad_b-17_ideally_located_proper_1_bed_apartment_available_in_j7_emporium-52943769-616-1.html,"B-17, Islamabad",Flat,PKR1.47 Crore,1,4.1 Marla,For Sale,1,2 weeks ago,"B-17, Islamabad, Islamabad Capital","This property is at the top of our offers for a reason - we believe the buying process for this property is going to be very smooth. The area is 916 Square Feet, you were in search of! Your search for housing can come to a stop in B-17 with endless housing options. So you're interested in taking up this Flat? Well, take it from us. PKR Rs. 14656000 is a good asking price for the Flat so don't delay your decision further. B-17 seems to be an in-demand location as all the buyers and investors are eyeing it. Find out more details about the property with the following. The premise is kept clean at all times through an effective waste disposal management service. The security staff will be available round the clock to ensure that residents can lead a peaceful life. The Flat is smartly designed to include a study room with all the ergonomics in place. A prayer room in the Flat provides a peaceful setting to offer prayers. A steam room is beneficial for health and the Flat comes with one! Central air-conditioning in the Flat can help you sleep better with uniform cooling throughout the house. The Flat features state-of-the-art amenities for the differently-abled. To purchase your home at the best prices, drop us a line today.","Built in year: 2025, Parking Spaces: 3, Double Glazed Windows, Central Air Conditioning, Central Heating, Flooring, Electricity Backup, Waste Disposal, Other Main Features","Bedrooms: 5, Bathrooms: 5, Servant Quarters: 2, Drawing Room, Dining Room, Kitchens, Study Room, Prayer Room, Powder Room, Store Rooms, Steam Room, Lounge or Sitting Room, Laundry Room","Broadband Internet Access, Satellite or Cable TV Ready, Intercom",,,"Nearby Schools, Nearby Hospitals, Nearby Shopping Malls, Nearby Restaurants, Distance From Airport (kms), Nearby Public Transport Service, Other Nearby Places","Maintenance Staff, Security Staff, Facilities for Disabled, Other Facilities",,,
https://www.zameen.com/Property/dha_defence_phase_2_al-ghurair_giga_3_bed_apartment_available_for_sale_in_al_ghurair_giga_defence_residency_dha_phase_2_gate_2_islamabad-52897191-15113-1.html,"Al-Ghurair Giga, DHA Defence Phase 2",House,PKR1.45 Crore,3,6.2 Marla,For Sale,3,4 months ago,"DHA Defence, Islamabad, Islamabad Capital",El Cielo 3 Bed Apartment Available for Sale 3 bed Tv lounge Kitchen 3 Bathroom Area 1400 sq. ft Near to mosque Family park car parking Security stuff Maintenance stuff Water filtration plant Back up generator 2 Elevators in building Near to Punjab cash &carry Giga mall Rahat beakers Jacaranda family club Easily access to main G. T Road,"Parking Spaces, Double Glazed Windows, Central Air Conditioning, Central Heating, Flooring, Electricity Backup, Waste Disposal, Floors: 2, Furnished","Bedrooms: 3, Bathrooms: 3, Servant Quarters: 1, Drawing Room, Dining Room, Kitchens: 1, Study Room, Prayer Room, Powder Room, Gym, Store Rooms, Steam Room, Lounge or Sitting Room, Laundry Room","Broadband Internet Access, Satellite or Cable TV Ready, Intercom","Community Lawn or Garden, Community Swimming Pool, Community Gym, First Aid or Medical Centre, Day Care Centre, Kids Play Area, Mosque","Lawn or Garden, Swimming Pool, Sauna, Jacuzzi",,,,,
https://www.zameen.com/Property/islamabad_g-13_25_40_house_available_for_sale_in_g13_rent_value_1_20_lakh-53239259-330-1.html,"G-13, Islamabad",House,PKR3.85 Crore,5,4 Marla,For Sale,4,5 months ago,"G-13, Islamabad, Islamabad Capital","*Original Pictures attached**** About the Property: 4- Bedrooms 5- Washrooms 2- Kitchens 2- TV Lounge - drawing room 1- Car Parking - Tile Flooring Green Lawn - Double Unit House - Ideal Locality - Electricity & Gas Meters are available - Water Boring Running & also Water Supply Facility available All Facilities Are Available, Which Is The Need OF Living, . . - Near to Main Double Road and Kashmir Highway - Near to School,College,University,Market,Masjid Public Transport,Hospitals, and ETC. - located in one of the best locations of G-13 lslamabad Just call for visit View Contact Detail","Built in year: 2023, Parking Spaces: 1, Double Glazed Windows, Central Air Conditioning, Central Heating, Flooring, Electricity Backup, Waste Disposal, Floors: 2, Other Main Features, Furnished","Bedrooms: 4, Bathrooms: 5, Servant Quarters: 1, Drawing Room, Dining Room, Kitchens: 2, Study Room, Prayer Room, Powder Room, Gym, Store Rooms: 1, Steam Room, Lounge or Sitting Room, Laundry Room, Other Rooms","Broadband Internet Access, Satellite or Cable TV Ready, Intercom, Other Business and Communication Facilities","Community Lawn or Garden, Community Swimming Pool, Community Gym, First Aid or Medical Centre, Day Care Centre, Kids Play Area, Barbeque Area, Mosque, Community Centre, Other Community Facilities","Lawn or Garden, Swimming Pool, Sauna, Jacuzzi, Other Healthcare and Recreation Facilities","Nearby Schools, Nearby Hospitals, Nearby Shopping Malls, Nearby Restaurants, Distance From Airport (kms), Nearby Public Transport Service, Other Nearby Places","Maintenance Staff, Security Staff, Facilities for Disabled, Other Facilities",,,
https://www.zameen.com/Property/islamabad_g-13_40_80_14_marla_brand_new_house_available_for_sale_in_g-13_3_rent_value_3_5_lakh-53246368-330-1.html,"G-13, Islamabad",House,PKR11 Crore,6,14 Marla,For Sale,6,5 months ago,"G-13, Islamabad, Islamabad Capital","*Original Pictures attached**** About the Property: 6- Bedrooms 8- Washrooms 2- Kitchens 2- TV Lounge 2- drawing room 4- Car Parking - Tile Flooring Green Lawn - Double Unit House - Ideal Locality - Electricity & Gas Meters are available - Water Boring Running & also Water Supply Facility available All Facilities Are Available, Which Is The Need OF Living, . . - Near to Main Double Road and Kashmir Highway - Near to School,College,University,Market,Masjid Public Transport,Hospitals, and ETC. - located in one of the best locations of G-13 lslamabad Just call for visit","Built in year: 2025, Parking Spaces: 4, Double Glazed Windows, Central Air Conditioning, Central Heating, Flooring, Electricity Backup, Waste Disposal, Floors: 2, Other Main Features","Bedrooms: 6, Bathrooms: 8, Servant Quarters: 2, Drawing Room, Dining Room, Kitchens: 2, Study Room, Prayer Room, Powder Room, Gym, Store Rooms: 1, Steam Room, Lounge or Sitting Room, Laundry Room, Other Rooms","Broadband Internet Access, Satellite or Cable TV Ready, Intercom, Other Business and Communication Facilities","Community Lawn or Garden, Community Swimming Pool, Community Gym, First Aid or Medical Centre, Day Care Centre, Kids Play Area, Barbeque Area, Mosque, Community Centre, Other Community Facilities","Lawn or Garden, Swimming Pool, Sauna, Jacuzzi, Other Healthcare and Recreation Facilities","Nearby Schools, Nearby Hospitals, Nearby Shopping Malls, Nearby Restaurants, Distance From Airport (kms), Nearby Public Transport Service, Other Nearby Places","Maintenance Staff, Security Staff, Facilities for Disabled, Other Facilities",,,
https://www.zameen.com/Property/g_14_g-14_4_50_90_24_marla_brand_new_house_available_for_sale_in_g-14-4_rent_value_5_lakh-53262600-3346-1.html,"G-14/4, G-14",House,PKR18.5 Crore,6,1.2 Kanal,For Sale,7,5 months ago,"G-14, Islamabad, Islamabad Capital","*Original Pictures attached**** About the Property: - 7 Bedrooms - 9 Washrooms - 2 Kitchens - 2 TV Lounge - 2 drawing room -2 Servant Quarter With attached Washroom - 7 Car Parking - Tile Flooring - Green Lawn - Double Unit House - Ideal Locality - Electricity & Gas Meters are Available - Water Boring Running & also Water Supply Facility available - All Facilities Are Available Which Is The Need OF Living . . - Near to Main Double Road and Kashmir Highway - Near to School,College,University,Market,Masjid Public Transport,Hospitals and ETC. - located in one of the best locations of G-14-4 lslamabad Just Call Us For Visit. . . Office information also edit Below","Built in year: 2025, Parking Spaces: 7, Double Glazed Windows, Central Air Conditioning, Central Heating, Flooring, Electricity Backup, Waste Disposal, Floors: 2, Other Main Features","Bedrooms: 7, Bathrooms: 9, Servant Quarters: 2, Drawing Room, Dining Room, Kitchens: 2, Study Room, Prayer Room, Powder Room, Gym, Store Rooms: 2, Steam Room, Lounge or Sitting Room, Laundry Room, Other Rooms","Broadband Internet Access, Satellite or Cable TV Ready, Intercom, Other Business and Communication Facilities","Community Lawn or Garden, Community Swimming Pool, Community Gym, First Aid or Medical Centre, Day Care Centre, Kids Play Area, Barbeque Area, Mosque, Community Centre, Other Community Facilities","Lawn or Garden, Swimming Pool, Sauna, Jacuzzi, Other Healthcare and Recreation Facilities","Nearby Schools, Nearby Hospitals, Nearby Shopping Malls, Nearby Restaurants, Distance From Airport (kms), Nearby Public Transport Service, Other Nearby Places","Maintenance Staff, Security Staff, Facilities for Disabled, Other Facilities",,,
https://www.zameen.com/Property/g_14_g-14_4_60_100_24_marla_brand_new_house_available_for_sale_in_g-14-4_rent_value_4_5_lakh-53262589-3346-1.html,"G-14/4, G-14",House,PKR18.5 Crore,6,1.2 Kanal,For Sale,7,5 months ago,"G-14, Islamabad, Islamabad Capital","*Original Pictures attached**** About the Property: - 7 Bedrooms - 9 Washrooms - 2 Kitchens - 2 TV Lounge - 2 drawing room -2 Servant Quarter With attached Washroom - 5 Car Parking - Tile Flooring - Green Lawn - Double Unit House - Ideal Locality - Electricity & Gas Meters are Available - Water Boring Running & also Water Supply Facility available - All Facilities Are Available Which Is The Need OF Living . . - Near to Main Double Road and Kashmir Highway - Near to School,College,University,Market,Masjid Public Transport,Hospitals and ETC. - located in one of the best locations of G-14-4 lslamabad Just Call Us For Visit. . . Office information also edit Below","Built in year: 2025, Parking Spaces: 5, Double Glazed Windows, Central Air Conditioning, Central Heating, Flooring, Electricity Backup, Waste Disposal, Floors: 2, Other Main Features","Bedrooms: 7, Bathrooms: 9, Servant Quarters: 2, Drawing Room, Dining Room, Kitchens: 2, Study Room, Prayer Room, Powder Room, Gym, Store Rooms: 2, Steam Room, Lounge or Sitting Room, Laundry Room, Other Rooms","Broadband Internet Access, Satellite or Cable TV Ready, Intercom, Other Business and Communication Facilities","Community Lawn or Garden, Community Swimming Pool, Community Gym, First Aid or Medical Centre, Day Care Centre, Kids Play Area, Barbeque Area, Mosque, Community Centre, Other Community Facilities","Lawn or Garden, Swimming Pool, Sauna, Jacuzzi, Other Healthcare and Recreation Facilities","Nearby Schools, Nearby Hospitals, Nearby Shopping Malls, Nearby Restaurants, Distance From Airport (kms), Nearby Public Transport Service, Other Nearby Places","Maintenance Staff, Security Staff, Facilities for Disabled, Other Facilities",,,
https://www.zameen.com/Property/islamabad_g-13_30_60_8_marla_house_available_for_sale_in_g13_rent_value_1_75-53301156-330-1.html,"G-13, Islamabad",House,PKR5.85 Crore,6,7 Marla,For Sale,5,4 months ago,"G-13, Islamabad, Islamabad Capital","About The Property: - 5 Bedrooms - 6 Washrooms - 2 Kitchens - 2 TV Lounge - 2 Drawing Room - Servant Quarter With Attached Washroom - 2 Car Parking - Tile Flooring - Green Lawn - Double Unit House - Ideal Locality - Electricity &Amp;Amp;Amp; Gas Meters Are Available - Water Boring Running &Amp;Amp;Amp; Also Water Supply Facility Available - All Facilities Are Available Which Is The Need OF Living . . - Near To Main Double Road And Kashmir Highway - Near To School,College,University,Market,Masjid Public Transport,Hospitals And ETC. - Located In One Of The Best Locations Of G-13 Lslamabad Just Call Us For Visit. . . Office Information Also Edit Below","Built in year: 2021, Parking Spaces: 2, Double Glazed Windows, Central Air Conditioning, Central Heating, Flooring, Electricity Backup, Waste Disposal, Floors: 2, Other Main Features","Bedrooms: 5, Bathrooms: 7, Servant Quarters: 1, Drawing Room, Dining Room, Kitchens: 2, Study Room, Prayer Room, Powder Room, Gym, Store Rooms: 1, Steam Room, Lounge or Sitting Room, Laundry Room, Other Rooms","Broadband Internet Access, Satellite or Cable TV Ready, Intercom, Other Business and Communication Facilities","Community Lawn or Garden, Community Swimming Pool, Community Gym, First Aid or Medical Centre, Day Care Centre, Kids Play Area, Barbeque Area, Mosque, Community Centre, Other Community Facilities","Lawn or Garden, Swimming Pool, Sauna, Jacuzzi, Other Healthcare and Recreation Facilities","Nearby Schools, Nearby Hospitals, Nearby Shopping Malls, Nearby Restaurants, Distance From Airport (kms), Nearby Public Transport Service, Other Nearby Places","Maintenance Staff, Security Staff, Facilities for Disabled, Other Facilities",,,
https://www.zameen.com/Property/islamabad_i-14_6_marla_brand_new_double_storey_house_for_sale-53336186-1045-1.html,"I-14, Islamabad",House,PKR3.1 Crore,6,6 Marla,For Sale,5,5 months ago,"I-14, Islamabad, Islamabad Capital",Best Location Near To Markaz 5 Bedrooms Attach Bath And 2 Drawing Room Tv lounge Kitchen Available Facility Water Boring Electricity Available Details Contact With Me Only WhatsApp,"Built in year: 2025, Parking Spaces: 4, Double Glazed Windows, Central Air Conditioning, Central Heating, Flooring, Electricity Backup, Waste Disposal, Floors: 2, Other Main Features, Furnished","Bedrooms: 5, Bathrooms: 6, Servant Quarters: 2, Drawing Room, Dining Room, Kitchens: 2, Study Room, Prayer Room, Powder Room, Store Rooms: 1, Lounge or Sitting Room, Laundry Room, Other Rooms","Broadband Internet Access, Satellite or Cable TV Ready, Intercom, Other Business and Communication Facilities","Community Lawn or Garden, Community Swimming Pool, Community Gym, First Aid or Medical Centre, Day Care Centre, Kids Play Area, Barbeque Area, Mosque, Community Centre, Other Community Facilities","Lawn or Garden, Swimming Pool, Sauna, Jacuzzi, Other Healthcare and Recreation Facilities","Nearby Schools, Nearby Hospitals, Nearby Shopping Malls, Nearby Restaurants, Distance From Airport (kms), Nearby Public Transport Service, Other Nearby Places","Maintenance Staff, Security Staff, Other Facilities",,,
https://www.zameen.com/Property/islamabad_f-8_2000_sy_demolishable_house_for_sale_in_f8-53152104-166-1.html,"F-8, Islamabad",House,PKR1.2 Arab,5,4 Kanal,For Sale,5,4 months ago,"F-8, Islamabad, Islamabad Capital",* 2000 SY DEMOLISHABLE HOUSE FOR SALE IN F8 ISLAMABAD* pictures are for reference purpose only Size: 2000 sqyd Front 100 by 180 Price: One Arab & twenty crores for Further Details please contact Satoon Real Estate.,"Built in year: 1970, Parking Spaces, Double Glazed Windows, Flooring, Electricity Backup, Waste Disposal","Bedrooms: 3, Bathrooms: 3, Servant Quarters: 1, Drawing Room, Dining Room, Kitchens: 1, Store Rooms: 1","Broadband Internet Access, Satellite or Cable TV Ready, Intercom","Community Lawn or Garden, Community Swimming Pool, Community Gym, First Aid or Medical Centre, Day Care Centre, Kids Play Area, Barbeque Area, Mosque, Community Centre",Lawn or Garden,"Nearby Schools, Nearby Hospitals, Nearby Shopping Malls, Nearby Restaurants, Distance From Airport (kms), Nearby Public Transport Service, Other Nearby Places",,,,
https://www.zameen.com/Property/gulberg_greens_gulberg_greens_-_block_e_safe_end_secure_10_kanal_farm_house_for_sale_in_beautiful_gulberg_greens_block_e-51199397-8317-1.html,"Gulberg Greens - Block E, Gulberg Greens",Farm House,PKR33 Crore,6,10 Kanal,For Sale,8,2 days ago,"Gulberg, Islamabad, Islamabad Capital",Gulberg Greens Islamabad E Block Foam House Available For Sale More Options Available 10 Kanal Farm House,"Built in year: 2023, Parking Spaces: 10, Double Glazed Windows, Central Air Conditioning, Central Heating, Flooring, Electricity Backup, Waste Disposal, Floors: 3, Other Main Features, Furnished","Bedrooms: 6, Bathrooms: 6, Servant Quarters: 2, Drawing Room, Dining Room, Kitchens: 2, Study Room, Prayer Room, Powder Room, Gym, Store Rooms: 2, Steam Room, Lounge or Sitting Room, Laundry Room, Other Rooms","Broadband Internet Access, Satellite or Cable TV Ready, Intercom, Other Business and Communication Facilities","Community Lawn or Garden, Community Swimming Pool, Community Gym, First Aid or Medical Centre, Day Care Centre, Kids Play Area, Barbeque Area, Mosque, Community Centre, Other Community Facilities","Lawn or Garden, Swimming Pool, Sauna, Jacuzzi, Other Healthcare and Recreation Facilities","Nearby Schools, Nearby Hospitals, Nearby Shopping Malls, Nearby Restaurants, Distance From Airport (kms), Nearby Public Transport Service, Other Nearby Places","Maintenance Staff, Security Staff, Facilities for Disabled, Other Facilities",,,
https://www.zameen.com/Property/gulberg_greens_gulberg_greens_-_block_c_gulberg_greens_islamabad_c_block_business_square-51380345-8315-1.html,"Gulberg Greens - Block C, Gulberg Greens",Flat,PKR65 Lakh,2,2.1 Marla,For Sale,1,2 days ago,"Gulberg, Islamabad, Islamabad Capital",Falcon Heights Gulberg Greens Islamabad One Bed Furnished Apartments Available For Sale C Block Business Square,"Built in year: 2023, Parking Spaces: 5, Lobby in Building, Double Glazed Windows, Central Air Conditioning, Central Heating, Flooring, Electricity Backup, Waste Disposal, Floor: 4, Floors in Building: 7, Elevators: 6, Service Elevators in Building, Other Main Features, Furnished","Bedrooms: 3, Bathrooms: 3, Servant Quarters: 1, Drawing Room, Dining Room, Kitchens: 1, Study Room, Prayer Room, Powder Room, Gym, Store Rooms: 1, Steam Room, Lounge or Sitting Room, Laundry Room, Other Rooms","Broadband Internet Access, Satellite or Cable TV Ready, Business Center or Media Room in Building, Conference Room in Building, Intercom, ATM Machines, Other Business and Communication Facilities","Community Lawn or Garden, Community Swimming Pool, Community Gym, First Aid or Medical Centre, Day Care Centre, Kids Play Area, Barbeque Area, Mosque, Community Centre, Other Community Facilities","Sauna, Jacuzzi, Other Healthcare and Recreation Facilities","Nearby Schools, Nearby Hospitals, Nearby Shopping Malls, Nearby Restaurants, Distance From Airport (kms), Nearby Public Transport Service, Other Nearby Places","Maintenance Staff, Security Staff, Laundry or Dry Cleaning Facility, Communal/Shared Kitchen, Facilities for Disabled, Pets Not Allowed, Other Facilities",,,
https://www.zameen.com/Property/islamabad_top_city_1_top_city_one_bed_apartment_available_on_easy_installments_14_lac_down_payment-53333298-1383-1.html,"Top City 1, Islamabad",Flat,PKR97.23 Lakh,1,2.7 Marla,For Sale,1,3 days ago,"Top City 1, Islamabad, Islamabad Capital",Top City Near To Air Port One Bed Apartment Available On Installments 14 Lac Down Payment 12 Lac Confirmation Within 2 Month 72 Installments 43000 Monthly Instalments 6 Lac After 6 Month 8 Floor Complete Total 14 Floor Possession Date 2026 Dec For More Info Plz Contact Us,"Built in year: 2025, Parking Spaces, Double Glazed Windows, Central Air Conditioning, Flooring, Electricity Backup, Waste Disposal, Other Main Features, Furnished","Bedrooms: 5, Bathrooms: 4, Servant Quarters, Drawing Room, Dining Room, Kitchens: 2, Study Room, Prayer Room, Powder Room, Store Rooms: 1, Steam Room, Lounge or Sitting Room, Laundry Room, Other Rooms","Broadband Internet Access, Satellite or Cable TV Ready, Intercom, Other Business and Communication Facilities","Community Lawn or Garden, Community Swimming Pool, Community Gym, First Aid or Medical Centre, Day Care Centre, Kids Play Area, Barbeque Area, Mosque, Community Centre, Other Community Facilities","Sauna, Jacuzzi, Other Healthcare and Recreation Facilities","Nearby Schools, Nearby Hospitals, Nearby Shopping Malls, Nearby Restaurants, Distance From Airport (kms), Nearby Public Transport Service, Other Nearby Places","Maintenance Staff, Security Staff, Facilities for Disabled",,,
https://www.zameen.com/Property/b_17_capital_square_one-bed_apartment_of_size_700_sq_ft_for_sale-52890629-11252-1.html,"Capital Square, B-17",Flat,PKR65 Lakh,1,3.1 Marla,For Sale,1,1 week ago,"B-17, Islamabad, Islamabad Capital","MPCHS B-17 ISLAMABAD Capital square 1-bed apartment of size 700 sq/ft available for sale. D-block, 6th floor, zoo facing.","Built in year: 2018, Parking Spaces, Lobby in Building, Double Glazed Windows, Flooring, Electricity Backup, Waste Disposal, Floor, Floors in Building: 12, Elevators, Service Elevators in Building","Drawing Room, Dining Room, Kitchens: 1, Study Room, Prayer Room, Powder Room, Lounge or Sitting Room, Laundry Room",,,,,,,,
https://www.zameen.com/Property/b_17_capital_square_2-bed_apartment_size_1050_sq_ft_10_th_floor-53002828-11252-1.html,"Capital Square, B-17",Flat,PKR75 Lakh,2,4.7 Marla,For Sale,2,1 week ago,"B-17, Islamabad, Islamabad Capital","MPCHS B-17 ISLAMABAD Capital square C-block 2-bed apartment of size 1050 sq/ft 8th floor, motorway facing is available for sale. 1-Bedrooms 2 2-Bathrooms 2 3-Kitchen 1 4- TV Lounge 1 5-Store 1","Built in year: 2018, Parking Spaces, Lobby in Building, Double Glazed Windows, Central Air Conditioning, Central Heating, Flooring, Electricity Backup, Waste Disposal, Floor, Floors in Building: 14, Elevators, Service Elevators in Building, Other Main Features","Bedrooms: 2, Bathrooms: 2, Kitchens: 1, Store Rooms: 1","Broadband Internet Access, Satellite or Cable TV Ready, Business Center or Media Room in Building, Conference Room in Building, Intercom, ATM Machines, Other Business and Communication Facilities","Community Lawn or Garden, Community Swimming Pool, Community Gym, First Aid or Medical Centre, Day Care Centre, Kids Play Area, Barbeque Area, Mosque, Community Centre, Other Community Facilities",,"Nearby Schools, Nearby Hospitals, Nearby Shopping Malls, Nearby Restaurants, Distance From Airport (kms), Nearby Public Transport Service, Other Nearby Places","Maintenance Staff, Security Staff, Facilities for Disabled, Other Facilities",,,
https://www.zameen.com/Property/mpchs_multi_gardens_mpchs_-_block_b_extension_1_2_bed_luxury_apartment_on_5th_floor_available_for_sale_in_block_b_1_multi_gardens_mpchs_b-17-52987094-16519-1.html,"MPCHS - Block B Extension 1, MPCHS - Multi Gardens",Flat,PKR52 Lakh,2,3.4 Marla,For Sale,2,2 months ago,"B-17, Islamabad, Islamabad Capital",2 Bed Luxury Apartment on 5th floor. Available For Sale in Block B 1. Multi Gardens MPCHS B-17. Opposite to Main Double Road. Opposite to Savour Food. Lift right now not Working. 2 Bedrooms. 2 Baths. TV Lounge. Kitchen. Electricity and Water Available. FMC B-17 Multi Garden B-1 Block. Main Commercial Market MDR +MOSQUE. . +SCHOOL +ZOO+FAMILY PARK Margalla facing & J7 Facing Interested People Can Contact Easily.,"Built in year: 2022, Parking Spaces, Double Glazed Windows, Central Air Conditioning, Central Heating, Flooring, Electricity Backup, Waste Disposal, Other Main Features, Furnished","Bedrooms: 2, Bathrooms: 2, Servant Quarters: 1, Drawing Room, Dining Room, Kitchens: 1, Study Room, Prayer Room, Powder Room, Gym, Store Rooms: 1, Steam Room, Lounge or Sitting Room, Laundry Room, Other Rooms","Broadband Internet Access, Satellite or Cable TV Ready, Business Center or Media Room in Building, Conference Room in Building, Intercom, ATM Machines, Other Business and Communication Facilities","Community Lawn or Garden, Community Swimming Pool, Community Gym, First Aid or Medical Centre, Day Care Centre, Kids Play Area, Barbeque Area, Mosque, Community Centre, Other Community Facilities","Sauna, Jacuzzi, Other Healthcare and Recreation Facilities","Nearby Schools, Nearby Hospitals, Nearby Shopping Malls, Nearby Restaurants, Distance From Airport (kms), Nearby Public Transport Service, Other Nearby Places","Maintenance Staff, Security Staff, Facilities for Disabled, Other Facilities",,,
https://www.zameen.com/Property/islamabad_b-17_luxury_3_bed_duplex_residential_apartment_available_for_sale_in_j7_emporium-52504589-616-1.html,"B-17, Islamabad",Flat,PKR3.78 Crore,3,11.2 Marla,For Sale,3,2 weeks ago,"B-17, Islamabad, Islamabad Capital","Pakistan S First Sky Walk What S On Offer? J7 Emporium Fulfills All Requirements Commercial And Residential Aspects. J7 Emporium Includes. 6 Story Mega Mall Having Commercial Shops Ultra-Modern Residential Apartments Hotel Service Apartments Unmatchable Location J7 Emporium Is Located In Sector MPCHS, Sector B 17, Block C, Islamabad. B 17 Is Directly Linked With Main G. T Road And Motorway Consisting All The Daily Facilities That One Requires Along With The Added Locational Benefits. 5 Minutes Drive From Margalla Avenue 10 Minutes Drive From CPEC Motorway Interchange 20 Minutes Drive From Islamabad International Airport 30 Minutes Drive From Sadder Rawalpindi 30 Minutes Drive From Blue Area Islamabad Facilities &Amp; Amenities Gym &Amp; Health Club Smart 3 Level Underground Parking Two Main Entrance At Ground Level Swimming Pool Kids Play Area In Mall Upscale Shops 24 7 Security System Stand-By Power Generator Mosque Multiple Escalators, Elevators And Travellators For Vertical Access Largest Commercial Project Of Twin Cities By J7 Group. Speedy And Quality Construction In Process B17 C Block. Safe Investment For Secure Future Different Sizes Of Shops, Food Courts, Hotel Service Apartments And Residential Apartments Are Available On 25 Percent Down Payment And 30 Monthly Instalments.","Built in year: 2026, Parking Spaces: 1, Lobby in Building, Central Air Conditioning, Central Heating, Flooring, Electricity Backup, Waste Disposal, Floor, Floors in Building: 22, Elevators, Service Elevators in Building, Other Main Features","Bedrooms: 3, Bathrooms: 3, Servant Quarters, Drawing Room, Dining Room, Kitchens: 1, Study Room, Prayer Room, Store Rooms, Other Rooms","Broadband Internet Access, Satellite or Cable TV Ready, Business Center or Media Room in Building, Conference Room in Building, Intercom, ATM Machines, Other Business and Communication Facilities","Community Lawn or Garden, Community Swimming Pool, Community Gym, First Aid or Medical Centre, Day Care Centre, Kids Play Area, Barbeque Area, Mosque, Community Centre, Other Community Facilities","Sauna, Jacuzzi, Other Healthcare and Recreation Facilities","Nearby Schools, Nearby Hospitals, Nearby Shopping Malls, Nearby Restaurants, Distance From Airport (kms), Nearby Public Transport Service, Other Nearby Places","Maintenance Staff, Security Staff, Other Facilities",PKR94.5 Lakh,PKR9.45 Lakh,30 Months
https://www.zameen.com/Property/islamabad_b-17_zoo_facing_studio_apartment_available_in_j7_emporium_on_29_lac_booking-53099030-616-1.html,"B-17, Islamabad",Flat,PKR1.12 Crore,1,3.3 Marla,For Sale,-,2 weeks ago,"B-17, Islamabad, Islamabad Capital","739 Square Feet sized units are hard to come by for sale, so make your decision today. Rs. 11232800 is quite reasonable for the kind of property you are looking for. If you want to buy this property for setting up your very own real estate space, then please heed our words, and book it on the double. Another piece of property just came up in B-17. Take a chance and it may just be yours at a moments notice. If you are dreaming about your own Flat now is the time to take action. Return on investment, capital gains and better annual rental yield, what else do you want in B-17. Know more about the property with the details given below. This property comes with a well-lit dining room to host your dinners. In summers, the community swimming pool can be a blessing for the building residents. The ATM machines in the commercial centre are easily accessible for all residents. A kids' play area near the property is great for outdoor play and activity. You can easily enjoy some fresh air or go for a morning walk in the community park nearby. The house has a separate prayer room so that you can offer your five daily prayers peacefully, away from the noise. You can hang out in the apartment's lobby while you wait. Let's talk about your property investments today on the number given.","Built in year: 2027, Parking Spaces, Lobby in Building, Double Glazed Windows, Central Air Conditioning, Central Heating, Flooring, Electricity Backup, Waste Disposal, Floor, Floors in Building: 30, Elevators, Service Elevators in Building, Other Main Features, Furnished","Bedrooms, Bathrooms, Drawing Room, Dining Room, Kitchens, Study Room, Prayer Room, Powder Room, Gym, Steam Room, Lounge or Sitting Room, Laundry Room, Other Rooms","Broadband Internet Access, Satellite or Cable TV Ready, Business Center or Media Room in Building, Conference Room in Building, Intercom, ATM Machines, Other Business and Communication Facilities","Community Lawn or Garden, Community Swimming Pool, Community Gym, First Aid or Medical Centre, Day Care Centre, Kids Play Area, Barbeque Area, Mosque, Community Centre, Other Community Facilities","Sauna, Jacuzzi, Other Healthcare and Recreation Facilities","Nearby Schools, Nearby Hospitals, Nearby Shopping Malls, Nearby Restaurants, Distance From Airport (kms), Nearby Public Transport Service, Other Nearby Places","Maintenance Staff, Security Staff, Laundry or Dry Cleaning Facility, Communal/Shared Kitchen, Facilities for Disabled, Other Facilities",,,
https://www.zameen.com/Property/e_16_e-16_3_investors_should_sale_this_house_located_ideally_in_e-16-53255253-3249-1.html,"E-16/3, E-16",House,PKR1.9 Crore,-,7 Marla,For Sale,-,6 months ago,"E-16, Islamabad, Islamabad Capital","Get your ideal House on a special price of Rs. 19000000. Buying this property is bound to make you reasonable profits. It's the best time for investment in 7 Marla property and we know just the option for you. E-16/3 has some of the best property deals, so what are you waiting for! Properties in Islamabad at a price that meets your budget. Take it from us, but it isn't every day that a House like this shows up on our radar. So we strongly urge you to not let go of this offer. What more this property has to tell you is written below. Prayers can be offered in the spacious prayer room that is part of the House. Vigilant security staff is on duty round the clock to ensure the safety of the residents. The steam room in the House will help you relax, detox and feel fresh. Now you can entertain your foody guests with ease in the separate dining room that comes with this property. You can run your business conveniently with high-speed broadband internet access that comes with this commercial centre. Waste disposal services ensures the surrounding is clean 24/7. Your close friends can be seated in the cosy sitting room that comes with this House. We are only a call away to guide you to make the best property decisions of your life.","Double Glazed Windows, Central Air Conditioning, Central Heating, Flooring, Electricity Backup, Waste Disposal, Furnished","Drawing Room, Dining Room, Study Room, Prayer Room, Powder Room, Gym, Steam Room, Lounge or Sitting Room, Laundry Room","Broadband Internet Access, Satellite or Cable TV Ready, Other Business and Communication Facilities","Kids Play Area, Mosque, Other Community Facilities",Other Healthcare and Recreation Facilities,"Nearby Schools, Nearby Hospitals, Nearby Shopping Malls, Nearby Restaurants, Distance From Airport (kms), Nearby Public Transport Service, Other Nearby Places","Maintenance Staff, Security Staff, Other Facilities",,,
https://www.zameen.com/Property/dha_defence_dha_defence_phase_2_spanish_designer_house_for_sale-52510378-339-1.html,"DHA Defence Phase 2, DHA Defence",House,PKR9.5 Crore,6,1 Kanal,For Sale,6,2 weeks ago,"DHA Defence, Islamabad, Islamabad Capital",House Features 20 Marla FULLY FURNISHED 2 Portions 6 Spacious Bedrooms with Luxury Washrooms 2 Beautiful TV-Lounge 2 Drawing Room 2 Dining Room 2 Stylish Kitchens with Greece Kitchen Store Room and Servant Room With Attached Bath 3 Car Parking Space With Lawn,"Built in year: 2024, Parking Spaces: 2, Double Glazed Windows, Central Air Conditioning, Central Heating, Flooring, Electricity Backup, Waste Disposal, Other Main Features, Furnished","Bedrooms: 6, Bathrooms: 6, Servant Quarters: 2, Drawing Room, Dining Room, Kitchens: 1, Study Room, Prayer Room, Powder Room, Gym, Store Rooms: 1, Steam Room, Lounge or Sitting Room, Laundry Room, Other Rooms","Broadband Internet Access, Satellite or Cable TV Ready, Intercom, Other Business and Communication Facilities","Community Lawn or Garden, Community Swimming Pool, Community Gym, First Aid or Medical Centre, Day Care Centre, Kids Play Area, Barbeque Area, Mosque, Community Centre, Other Community Facilities","Lawn or Garden, Swimming Pool, Sauna, Jacuzzi, Other Healthcare and Recreation Facilities","Nearby Schools, Nearby Hospitals, Nearby Shopping Malls, Nearby Restaurants, Distance From Airport (kms), Nearby Public Transport Service, Other Nearby Places","Maintenance Staff, Security Staff, Facilities for Disabled, Other Facilities",,,
https://www.zameen.com/Property/islamabad_mumtaz_city_8_marla_house_available_for_sale_in_mumtaz_city_islamabad-50493345-3464-1.html,"Mumtaz City, Islamabad",House,PKR3 Crore,6,8 Marla,For Sale,7,3 days ago,"Mumtaz City, Islamabad, Islamabad Capital","1. Size:(30*60) The total land area would be approximately 8 Marlas or 1800 square feet. 2. Structure: It could be a single-family dwelling or a portion of a larger building. The structure may include multiple floors, such as ground floor, first floor, etc. 3. Rooms:8Bedroom The number of rooms can vary, but an 8 Marla house might typically have multiple bedrooms, a living room, dining area, kitchen, and bathrooms. 4. Amenities: The house might include amenities like parking space, a backyard, and possibly a small garden. 5. Architectural Style: Architectural styles can vary based on the region and individual preferences. Houses might be designed in contemporary, traditional, or a blend of architectural styles. 6. Location:Mumtaz City Chenab Block The location of an 8 Marla house can significantly influence its value and appeal. It could be situated in a residential area, close to amenities like schools, markets, and transportation. 7. Construction Quality: The quality of construction materials and workmanship can vary. High-quality houses typically use durable materials and are constructed with attention to detail. 8. Price: View Contact Detail The price of an 8 Marla house depends on factors like location, amenities, and overall quality. Real estate markets fluctuate, so prices can vary over time. Keep in mind that this is a general description, and the specifics can vary widely based on local building practices, cultural preferences, and regional real estate markets. If you're interested in a particular 8 Marla house, it's advisable to inspect the property in person or consult with a local real estate agent for more accurate and detailed information.","Built in year: 2024, Parking Spaces, Double Glazed Windows, Central Air Conditioning, Central Heating, Flooring, Electricity Backup, Waste Disposal, Floors: 2, Other Main Features, Furnished","Bedrooms: 7, Bathrooms: 7, Servant Quarters: 1, Drawing Room, Dining Room, Kitchens: 2, Study Room, Prayer Room, Powder Room, Gym, Store Rooms: 1, Steam Room, Lounge or Sitting Room, Laundry Room, Other Rooms","Broadband Internet Access, Satellite or Cable TV Ready, Intercom, Other Business and Communication Facilities","Community Lawn or Garden, Community Swimming Pool, Community Gym, First Aid or Medical Centre, Day Care Centre, Kids Play Area, Barbeque Area, Mosque, Community Centre, Other Community Facilities","Lawn or Garden, Swimming Pool, Sauna, Jacuzzi, Other Healthcare and Recreation Facilities","Nearby Schools, Nearby Hospitals, Nearby Shopping Malls, Nearby Restaurants, Distance From Airport (kms), Nearby Public Transport Service, Other Nearby Places","Maintenance Staff, Security Staff, Facilities for Disabled, Other Facilities",,,
https://www.zameen.com/Property/dha_defence_phase_2_defence_residency_2_bed_flat_available_for_sale_in_block_5_al_ghurair_giga_defence_residency_dha_phase_2_gate_2_islamabad-52793670-9914-1.html,"Defence Residency, DHA Defence Phase 2",Flat,PKR80 Lakh,2,3.6 Marla,For Sale,2,4 months ago,"DHA Defence, Islamabad, Islamabad Capital",2 Bed Tv lounge Kitchen 2 bathroom Area 804 sq. ft Rent 27000 per month Near to Mosque Family park Car parking Security stuff Maintenance stuff Water filtration plant Back up generator 2 Elevators in building Near to Punjab cash & carry Giga mall Jacaranda family club Rahat beakers Easily access to main G. T Road More details please contact me,"Built in year: 2019, Parking Spaces, Double Glazed Windows, Central Air Conditioning, Central Heating, Flooring, Electricity Backup, Waste Disposal, Floors in Building: 7, Elevators: 2, Service Elevators in Building, Furnished","Bedrooms: 2, Bathrooms: 2, Kitchens: 1, Lounge or Sitting Room","Broadband Internet Access, Satellite or Cable TV Ready, ATM Machines","Community Lawn or Garden, Community Gym, First Aid or Medical Centre, Kids Play Area, Mosque",,"Nearby Schools, Nearby Hospitals, Nearby Shopping Malls, Nearby Restaurants, Distance From Airport (kms), Nearby Public Transport Service, Other Nearby Places","Security Staff, Other Facilities",,,
https://www.zameen.com/Property/islamabad_bani_gala_4_bed_brand_new_designer_house_for_sale_on_6_marla-51988324-340-1.html,"Bani Gala, Islamabad",House,PKR2.35 Crore,5,6 Marla,For Sale,4,4 months ago,"Bani Gala, Islamabad, Islamabad Capital","4 Bed With At Bath , Kitchen , 2 Tv lounge , Drawing Room , Car Porch , Terrace, Mumti & Roof top Near To Beaconhouse , Olevels. com, Unity School Easy Access To Muree Rd","Built in year: 2024, Parking Spaces: 1, Flooring","Bedrooms: 4, Bathrooms: 5, Drawing Room, Dining Room, Kitchens: 2, Powder Room, Store Rooms: 1, Lounge or Sitting Room, Laundry Room","Broadband Internet Access, Satellite or Cable TV Ready","Kids Play Area, Barbeque Area, Mosque",Lawn or Garden,"Nearby Schools, Nearby Hospitals, Nearby Shopping Malls, Nearby Restaurants, Distance From Airport (kms), Nearby Public Transport Service, Other Nearby Places",,,,
https://www.zameen.com/Property/islamabad_bani_gala_11_marla_brand_new_designer_semi_triple_story_house-52008231-340-1.html,"Bani Gala, Islamabad",House,PKR4.5 Crore,-,11 Marla,For Sale,6,1 week ago,"Bani Gala, Islamabad, Islamabad Capital","11 Marla Semi Triple Story Spanish Designer Villa House For Sale in Bani Gala, Islamabad # Excellently designed Spacious Rooms # Dedicated space for Lawn, Terrace, Laundries, Galleries all around for light and air. # Superb senatic mountain Views from Terrace and Drawing room. # Excellent location @2 mint walking distance from Newland beaconhouse school. # Near Schools, Cash and Carry, Imran Khan Chowk, Playground, Walking track, gym and other amenities. # 20 min drive from serena hotel 5 mins from muree road. # Lush Green Wide street. # Modern design modular kitchen and washrooms with Faisal Sanitary fittings latest designs. # Excellent quality work for not only finishing but also for grey strcture. # AAA grade tiles, UV sheets for kitchen, and fabric touch sheets for wardrobes, GM cable for wiring and sparco paint with excellent quality is being used. # Awal bricks, Bestway cement, 60 Grade Shiekhoo steel brand used for grey strcture. # 6 Bedrooms, 7 washrooms, 3 kitchen, 2 TV lounges, 2 Stores, Big car porch can accomodate 3 cars, Green lawn inside house. All work is done under supervision of Experienced Engineer and team. Seeing is believing. Contact us for visit.","Built in year: 2024, Parking Spaces: 2, Double Glazed Windows, Central Air Conditioning, Central Heating, Flooring, Electricity Backup, Waste Disposal, Floors: 3, Other Main Features","Bedrooms: 6, Bathrooms: 7, Drawing Room, Dining Room, Kitchens: 3, Study Room, Prayer Room, Powder Room, Store Rooms: 1, Steam Room, Lounge or Sitting Room, Laundry Room","Broadband Internet Access, Satellite or Cable TV Ready, Intercom, Other Business and Communication Facilities","Community Lawn or Garden, Community Swimming Pool, Community Gym, First Aid or Medical Centre, Day Care Centre, Kids Play Area, Barbeque Area, Mosque, Community Centre, Other Community Facilities",Lawn or Garden,"Nearby Schools, Nearby Hospitals, Nearby Shopping Malls, Nearby Restaurants, Distance From Airport (kms), Nearby Public Transport Service, Other Nearby Places","Maintenance Staff, Security Staff, Facilities for Disabled, Other Facilities",,,
https://www.zameen.com/Property/g_14_g-14_4_25_40_4_4marla_proper_corner_brand_new_house_available_for_sale_in_g-14-4_rent_value_1_25_lakh-53302439-3346-1.html,"G-14/4, G-14",House,PKR4.7 Crore,5,4 Marla,For Sale,4,5 months ago,"G-14, Islamabad, Islamabad Capital","*Original Pictures attached**** About the Property: 4- Bedrooms 5- Washrooms 2- Kitchens 2- TV Lounge - drawing room 1- Car Parking - Tile Flooring Green Lawn - Double Unit House - Ideal Locality - Electricity & Gas Meters are available - Water Boring Running & also Water Supply Facility available All Facilities Are Available, Which Is The Need OF Living, . . - Near to Main Double Road and Kashmir Highway - Near to School,College,University,Market,Masjid Public Transport,Hospitals, and ETC. - located in one of the best locations of G-13 lslamabad Just call for visit View Contact Detail","Built in year: 2025, Parking Spaces: 1, Double Glazed Windows, Central Air Conditioning, Central Heating, Flooring, Electricity Backup, Waste Disposal, Floors: 2, Other Main Features","Bedrooms: 4, Bathrooms: 5, Servant Quarters: 1, Drawing Room, Dining Room, Kitchens: 2, Study Room, Prayer Room, Powder Room, Gym, Store Rooms: 1, Steam Room, Lounge or Sitting Room, Laundry Room, Other Rooms","Broadband Internet Access, Satellite or Cable TV Ready, Intercom, Other Business and Communication Facilities","Community Lawn or Garden, Community Swimming Pool, Community Gym, First Aid or Medical Centre, Day Care Centre, Kids Play Area, Barbeque Area, Mosque, Community Centre, Other Community Facilities","Lawn or Garden, Swimming Pool, Sauna, Jacuzzi, Other Healthcare and Recreation Facilities","Nearby Schools, Nearby Hospitals, Nearby Shopping Malls, Nearby Restaurants, Distance From Airport (kms), Nearby Public Transport Service, Other Nearby Places","Maintenance Staff, Security Staff, Facilities for Disabled, Other Facilities",,,
https://www.zameen.com/Property/islamabad_g-13_g-13_4_street_147_brand_new_double_storey_house_size_35x70_for_sale-53229331-330-1.html,"G-13, Islamabad",House,PKR8.5 Crore,6,10.9 Marla,For Sale,5,5 months ago,"G-13, Islamabad, Islamabad Capital","Description Azan Marketing On Excellent Location House Size 35x70 In FGEHA Sector G-13 For at Prime location Business Point Offred A Main Brand New Double Story House is available for Sale in G-13/4 Islamabad. Size ( 35 X 70 ) 10 Marla Great Opportunity For You, Don't Miss It. . . original Pictures Attached about The Property: 5 Bedrooms 7 Washrooms 2 Drawing Room 2 Kitchens 2 Tv Lounge Car Parking Tile Flooring 1 Double Unit House Ideal Locality Electricity & Gas Meters Are Available Water Boring Running & Also Water Supply Facility Available All Facilities Are Available Which Is The Need Of Living Near To Main Double Road And Kashmir Highway Near To School, college, market, masjid public Transport, hospitals And Etc. Located In One Of The Best Locations Of G-13 Islamabad just Call Us For Visit. Azan Marketing .","Built in year: 2025, Parking Spaces: 2, Double Glazed Windows, Central Air Conditioning, Flooring, Electricity Backup, Waste Disposal, Floors: 2","Bedrooms: 5, Bathrooms: 6, Servant Quarters: 1, Drawing Room, Dining Room, Kitchens: 2, Study Room, Prayer Room, Powder Room, Gym, Store Rooms: 1, Steam Room, Lounge or Sitting Room, Laundry Room","Broadband Internet Access, Satellite or Cable TV Ready, Intercom, Other Business and Communication Facilities","First Aid or Medical Centre, Day Care Centre, Barbeque Area, Mosque, Community Centre, Other Community Facilities","Lawn or Garden, Swimming Pool, Sauna, Other Healthcare and Recreation Facilities","Nearby Schools, Nearby Shopping Malls, Nearby Restaurants, Nearby Public Transport Service, Other Nearby Places",,,,
https://www.zameen.com/Property/islamabad_g-13_g-13_street_99_brand_new_house_top_location_double_story_size_25x40_for_sale-53310181-330-1.html,"G-13, Islamabad",House,PKR4 Crore,5,4.4 Marla,For Sale,4,2 weeks ago,"G-13, Islamabad, Islamabad Capital","Azan Marketing On Excellent Location House Size 25x40 In FGEHA Sector G-13 For at Prime location Business Point Offred A Main Brand New Double Story House is available for Sale in G-13/1 Islamabad. Size ( 25 X 40 ) 4.5 Marla Great Opportunity For You, Don't Miss It. . . original Pictures Attached about The Property: 4 Bedrooms 5 Washrooms 2 Drawing Room 2 Kitchens 2 Tv Lounge Car Parking Tile Flooring 1 Double Unit House Ideal Locality Electricity & Gas Meters Are Available Water Boring Running & Also Water Supply Facility Available All Facilities Are Available Which Is The Need Of Living Near To Main Double Road And Kashmir Highway Near To School, college, market, masjid public Transport, hospitals And Etc. Located In One Of The Best Locations Of G-13 Islamabad just Call Us For Visit. Azan Marketing View Contact Detail","Built in year: 2025, Parking Spaces: 2, Central Air Conditioning, Flooring, Electricity Backup, Waste Disposal, Floors: 2","Bedrooms: 4, Bathrooms: 5, Servant Quarters: 1, Drawing Room, Dining Room, Kitchens: 2, Study Room, Prayer Room, Powder Room, Gym, Store Rooms: 1, Steam Room, Lounge or Sitting Room, Laundry Room","Broadband Internet Access, Satellite or Cable TV Ready, Intercom, Other Business and Communication Facilities",,,"Nearby Schools, Nearby Hospitals, Nearby Shopping Malls, Nearby Restaurants, Distance From Airport (kms), Nearby Public Transport Service, Other Nearby Places","Security Staff, Other Facilities",,,
https://www.zameen.com/Property/islamabad_i-11_i-11_2_brand_new_house_ideal_location_double_storey_25x60_for_sale-53310062-706-1.html,"I-11, Islamabad",House,PKR4 Crore,5,6.6 Marla,For Sale,4,3 months ago,"I-11, Islamabad, Islamabad Capital","Azan Marketing On Excellent Location House Size 25x60 In CDA Sector I-11/2 For at Prime location Business Point Offred A Main Brand New Double Story House is available for Sale in I-11/2 Islamabad. Size ( 25 X 60 ) 6 Marla Great Opportunity For You, Don't Miss It. . . original Pictures Attached about The Property: 4 Bedrooms 5 Washrooms 2 Drawing Room 2 Kitchens 2 Tv Lounge Car Parking Tile Flooring 1 Double Unit House Ideal Locality Electricity & Gas Meters Are Available Water Boring Running & Also Water Supply Facility Available All Facilities Are Available Which Is The Need Of Living Near To Main Double Road And Kashmir Highway Near To School, college, market, masjid public Transport, hospitals And Etc. Located In One Of The Best Locations Of I-11/2 Islamabad just Call Us For Visit. Azan Marketing","Built in year: 2025, Parking Spaces: 2, Double Glazed Windows, Central Air Conditioning, Central Heating, Flooring, Electricity Backup, Waste Disposal, Floors: 2, Other Main Features","Bedrooms: 4, Bathrooms: 5, Servant Quarters: 1, Drawing Room, Dining Room, Kitchens: 2, Study Room, Prayer Room, Powder Room, Gym, Store Rooms: 1, Steam Room, Lounge or Sitting Room, Laundry Room, Other Rooms","Broadband Internet Access, Satellite or Cable TV Ready, Intercom, Other Business and Communication Facilities","Community Lawn or Garden, Community Swimming Pool, Community Gym, First Aid or Medical Centre, Day Care Centre, Kids Play Area, Barbeque Area, Mosque, Community Centre, Other Community Facilities","Lawn or Garden, Swimming Pool, Sauna, Jacuzzi, Other Healthcare and Recreation Facilities","Nearby Schools, Nearby Hospitals, Nearby Shopping Malls, Nearby Restaurants, Distance From Airport (kms), Nearby Public Transport Service, Other Nearby Places","Maintenance Staff, Security Staff, Facilities for Disabled, Other Facilities",,,
https://www.zameen.com/Property/islamabad_g-13_g-13_1_street_91_brand_new_house_reasonable_demand_25x40_for_sale-53281496-330-1.html,"G-13, Islamabad",House,PKR4 Crore,5,4.5 Marla,For Sale,4,3 months ago,"G-13, Islamabad, Islamabad Capital","On Excellent Location House Size 25x40 In FGEHA Sector G-13 For At Prime Location Business Point Offred A Main Brand New Double Story House Is Available For Sale In G-13/1 Islamabad. Size ( 25 X 40 ) 4.5 Marla Great Opportunity For You, Don'T Miss It. . . Original Pictures Attached About The Property: 4 Bedrooms 5 Washrooms 2 Drawing Room 2 Kitchens 2 Tv Lounge Car Parking Tile Flooring 1 Double Unit House Ideal Locality Electricity &Amp; Gas Meters Are Available Water Boring Running &Amp; Also Water Supply Facility Available All Facilities Are Available Which Is The Need Of Living Near To Main Double Road And Kashmir Highway Near To School, College, Market, Masjid Public Transport, Hospitals And Etc. Located In One Of The Best Locations Of G-13 Islamabad Just Call Us For Visit.","Built in year: 2025, Parking Spaces: 2, Double Glazed Windows, Central Air Conditioning, Central Heating, Flooring, Electricity Backup, Waste Disposal, Floors: 2, Furnished","Bedrooms: 4, Bathrooms: 5, Servant Quarters: 1, Drawing Room, Dining Room, Kitchens: 2, Study Room, Store Rooms: 1, Steam Room, Lounge or Sitting Room, Laundry Room","Broadband Internet Access, Satellite or Cable TV Ready, Intercom, Other Business and Communication Facilities",,,"Nearby Schools, Nearby Hospitals, Nearby Shopping Malls, Nearby Restaurants, Distance From Airport (kms), Nearby Public Transport Service, Other Nearby Places","Security Staff, Other Facilities",,,
https://www.zameen.com/Property/top_city_1_top_city_1_-_block_c_one_bed_apartment_available_for_sale-53010581-9232-1.html,"Top City 1 - Block C, Top City 1",Flat,PKR75 Lakh,1,2.7 Marla,For Sale,1,1 week ago,"Top City 1, Islamabad, Islamabad Capital","project Time square Residency fully residential project price negotiable All categories Plots Available at Top city in best Market Rates. Kanal 10 Marla 5 Marla Corner, Parkface Commercial and Residential Briqs Developer And Marketing Offer A Prime Location Residential Plot In Top City 1 Islamabad 5 Marla 10 Marla and Kanal Also Commercial in All Catergries. The ideal location of TopCity-1 near Kashmir Highway, is one of its most attractive features. Although the housing society is located at a 20-minute drive from downtown G 11 Markaz Islamabad, it can be easily accessed through Kashmir Highway, Lahore and Islamabad Motorways and Grand Trunk Road. The new Islamabad International Airport is also situated at a distance of approximately 3 kilometers from TopCity-1. That means it will take residents just 5 minutes to reach the airport through New Islamabad Airport Road. It is also connected by a grand and an exclusive Interchange making a Loop on Kashmir Highway giving direct access to residents in TopCity-1. The under development public transit metro bus service connects TopCity-1 through two terminals while the International CPEC City is located at a short distance.","Built in year: 2024, Parking Spaces: 4, Lobby in Building, Double Glazed Windows, Central Air Conditioning, Central Heating, Flooring, Electricity Backup, Waste Disposal, Floor: 3, Floors in Building: 10, Elevators: 3, Service Elevators in Building, Other Main Features, Furnished","Bedrooms: 1, Bathrooms: 1, Servant Quarters: 2, Drawing Room, Dining Room, Kitchens: 1, Study Room, Prayer Room, Powder Room, Gym, Store Rooms: 1, Steam Room, Lounge or Sitting Room, Laundry Room, Other Rooms","Broadband Internet Access, Satellite or Cable TV Ready, Intercom, Other Business and Communication Facilities","Community Lawn or Garden, Community Swimming Pool, Community Gym, First Aid or Medical Centre, Day Care Centre, Kids Play Area, Barbeque Area, Mosque, Community Centre, Other Community Facilities","Sauna, Jacuzzi, Other Healthcare and Recreation Facilities","Nearby Schools, Nearby Hospitals, Nearby Shopping Malls, Nearby Restaurants, Distance From Airport (kms), Nearby Public Transport Service, Other Nearby Places","Maintenance Staff, Security Staff, Facilities for Disabled, Other Facilities",,,
https://www.zameen.com/Property/islamabad_top_city_1_1240_sq_ft_2_bed_apartment_for_sale_in_top_city-53014808-1383-1.html,"Top City 1, Islamabad",Flat,PKR1.35 Crore,2,5.5 Marla,For Sale,2,1 week ago,"Top City 1, Islamabad, Islamabad Capital","Outstanding Apartment in Prime Location Of Top City Islamabad fully Residential Project. 1 bed 2 bed 3 bed Apartment Available at best Market Rate. All categories Plots Available at Top city in best Market Rates. Kanal 10 Marla 5 Marla Corner, Parkface Commercial and Residential Briqs Developer And Marketing Offer A Prime Location Residential Plot In Top City 1 Islamabad 5 Marla 10 Marla and Kanal Also Commercial in All Catergries. The ideal location of TopCity-1 near Kashmir Highway, is one of its most attractive features. Although the housing society is located at a 20-minute drive from downtown G 11 Markaz Islamabad, it can be easily accessed through Kashmir Highway, Lahore and Islamabad Motorways and Grand Trunk Road. The new Islamabad International Airport is also situated at a distance of approximately 3 kilometers from TopCity-1. That means it will take residents just 5 minutes to reach the airport through New Islamabad Airport Road. It is also connected by a grand and an exclusive Interchange making a Loop on Kashmir Highway giving direct access to residents in TopCity-1. The under development public transit metro bus service connects TopCity-1 through two terminals while the International CPEC City is located at a short distance.","Built in year: 2024, Parking Spaces, Lobby in Building, Double Glazed Windows, Central Heating, Flooring, Electricity Backup, Floor, Floors in Building, Elevators: 3, Other Main Features","Bedrooms: 2, Bathrooms: 2, Drawing Room, Kitchens: 1, Lounge or Sitting Room",,,,"Nearby Schools, Nearby Hospitals, Nearby Shopping Malls, Nearby Restaurants, Distance From Airport (kms), Nearby Public Transport Service, Other Nearby Places","Security Staff, Other Facilities",,,
https://www.zameen.com/Property/fechs_jinnah_gardens_safe_end_secure_house-51197414-1420-1.html,"Jinnah Gardens, FECHS",House,PKR2.95 Crore,7,7 Marla,For Sale,4,2 weeks ago,"FECHS, Islamabad, Islamabad Capital","If you're looking for a property priced at Rs. 29500000, you're in the right place. The location of Jinnah Gardens is the most coveted address in the city. Before it is too late, grab the opportunity of investing in 7 Marla property. Reasonable one-unit house is available for sale, so make a booking today. For a luxurious lifestyle, you can check out properties in Islamabad. The future outlook of the House is positive, so don't waste time in thinking. What more we can say about it is given below. Double-glazed windows in the House adds to the design of the property. Thanks to the dining room in the House, you can host your guests peacefully and serve your meals just the way you like. You can just sign the deal and move into the fully-furnished House available. The House has a central heating system installed which is especially useful during winters. In summers, you can enjoy your tea inside with central air-conditioning in the House. Keeping your surroundings clean with proper waste disposal system. So please consider contacting us for more information.","Built in year: 2024, Parking Spaces: 2, Double Glazed Windows, Central Air Conditioning, Central Heating, Flooring, Electricity Backup, Waste Disposal, Floors: 2, Other Main Features, Furnished","Bedrooms: 4, Bathrooms: 4, Servant Quarters: 1, Drawing Room, Dining Room, Kitchens: 2, Study Room, Prayer Room, Powder Room, Gym, Store Rooms: 1, Steam Room, Lounge or Sitting Room, Laundry Room, Other Rooms","Broadband Internet Access, Satellite or Cable TV Ready, Intercom, Other Business and Communication Facilities","Community Lawn or Garden, Community Swimming Pool, Community Gym, First Aid or Medical Centre, Day Care Centre, Kids Play Area, Barbeque Area, Mosque, Community Centre, Other Community Facilities","Sauna, Jacuzzi, Other Healthcare and Recreation Facilities","Nearby Schools, Nearby Hospitals, Nearby Shopping Malls, Nearby Restaurants, Distance From Airport (kms), Nearby Public Transport Service, Other Nearby Places","Maintenance Staff, Security Staff, Facilities for Disabled, Other Facilities",,,
https://www.zameen.com/Property/gulberg_greens_diamond_mall_residency_safe_end_secure_24_7_security-51199391-10982-1.html,"Diamond Mall & Residency, Gulberg Greens",Flat,PKR1.85 Crore,5,7.8 Marla,For Sale,4,5 days ago,"Gulberg, Islamabad, Islamabad Capital",Gulberg Greens Islamabad Diamond Mall 4 Bed XL For Sale More Options Available,"Built in year: 2022, Parking Spaces: 5, Lobby in Building, Double Glazed Windows, Central Air Conditioning, Central Heating, Flooring, Electricity Backup, Waste Disposal, Floor: 5, Floors in Building: 8, Elevators: 6, Service Elevators in Building, Other Main Features, Furnished","Bedrooms: 5, Bathrooms: 6, Servant Quarters: 2, Drawing Room, Dining Room, Kitchens: 2, Study Room, Prayer Room, Powder Room, Gym, Store Rooms: 1, Steam Room, Lounge or Sitting Room, Laundry Room, Other Rooms","Broadband Internet Access, Satellite or Cable TV Ready, Intercom, Other Business and Communication Facilities","Community Lawn or Garden, Community Swimming Pool, Community Gym, First Aid or Medical Centre, Day Care Centre, Kids Play Area, Barbeque Area, Mosque, Community Centre, Other Community Facilities","Sauna, Jacuzzi, Other Healthcare and Recreation Facilities","Nearby Schools, Nearby Hospitals, Nearby Shopping Malls, Nearby Restaurants, Distance From Airport (kms), Nearby Public Transport Service, Other Nearby Places","Maintenance Staff, Security Staff, Facilities for Disabled, Other Facilities",,,
https://www.zameen.com/Property/gulberg_greens_gulberg_heights_gulberg_heights_one_bed_furnished_apartments_available_for_sale-52386375-19298-1.html,"Gulberg Heights, Gulberg Greens",Flat,PKR1.58 Crore,2,4 Marla,For Sale,1,4 weeks ago,"Gulberg, Islamabad, Islamabad Capital",Gulberg Heights One Bed Furnished Apartments Available For Sale Residence 1st Floor 130000 1 Year Agreement,"Built in year: 2024, Parking Spaces, Lobby in Building, Double Glazed Windows, Central Air Conditioning, Central Heating, Flooring, Electricity Backup, Waste Disposal, Floor: 1, Floors in Building: 6, Elevators: 6, Service Elevators in Building, Other Main Features, Furnished","Bedrooms: 1, Bathrooms: 2, Servant Quarters: 1, Drawing Room, Dining Room, Kitchens: 1, Study Room, Prayer Room, Powder Room, Gym, Store Rooms: 1, Steam Room, Lounge or Sitting Room, Laundry Room, Other Rooms","Broadband Internet Access, Satellite or Cable TV Ready, Business Center or Media Room in Building, Conference Room in Building, Intercom, ATM Machines, Other Business and Communication Facilities","Community Lawn or Garden, Community Swimming Pool, Community Gym, First Aid or Medical Centre, Day Care Centre, Kids Play Area, Barbeque Area, Mosque, Community Centre, Other Community Facilities","Sauna, Jacuzzi, Other Healthcare and Recreation Facilities","Nearby Schools, Nearby Hospitals, Nearby Shopping Malls, Nearby Restaurants, Distance From Airport (kms), Nearby Public Transport Service, Other Nearby Places","Maintenance Staff, Security Staff, Laundry or Dry Cleaning Facility, Communal/Shared Kitchen, Facilities for Disabled, Pets Not Allowed, Other Facilities",,,
https://www.zameen.com/Property/gulberg_greens_gulberg_greens_-_executive_block_bhatti_society_5_marla_brand_new_double_storey_house_with_5_bedrooms_a_construction_water_boor_available_for_sale-52261033-10386-1.html,"Gulberg Greens - Executive Block, Gulberg Greens",House,PKR2.1 Crore,5,5 Marla,For Sale,5,3 months ago,"Gulberg, Islamabad, Islamabad Capital",Bhatti Society 5 Marla Brand New Double Story House With 5 Bedrooms A+ Construction Water Boor 600 Meters Away From Gulberg Interchange Near Imtiaz Mall Demand 2Cr,"Built in year: 2024, Parking Spaces: 2, Double Glazed Windows, Central Air Conditioning, Central Heating, Flooring, Electricity Backup, Waste Disposal, Floors: 2, Other Main Features, Furnished","Bedrooms: 5, Bathrooms: 5, Servant Quarters: 1, Drawing Room, Dining Room, Kitchens: 1, Study Room, Prayer Room, Powder Room, Gym, Store Rooms: 1, Steam Room, Lounge or Sitting Room, Laundry Room, Other Rooms","Broadband Internet Access, Satellite or Cable TV Ready, Intercom, Other Business and Communication Facilities","Community Lawn or Garden, Community Swimming Pool, Community Gym, First Aid or Medical Centre, Day Care Centre, Kids Play Area, Barbeque Area, Mosque, Community Centre, Other Community Facilities","Lawn or Garden, Swimming Pool, Sauna","Nearby Schools, Nearby Hospitals, Nearby Shopping Malls, Nearby Restaurants, Distance From Airport (kms), Nearby Public Transport Service, Other Nearby Places","Maintenance Staff, Security Staff, Other Facilities",,,
https://www.zameen.com/Property/gulberg_residencia_block_d_elanza_mall_residency_apartment_available_for_sale-51615655-13595-1.html,"Elanza Mall & Residency, Gulberg Residencia - Block D",Flat,PKR68 Lakh,1,3 Marla,For Sale,1,2 days ago,"Gulberg, Islamabad, Islamabad Capital",Elanza Mall D Markez Apartments Available For Sale More Options Available,"Built in year: 2024, Parking Spaces: 5, Lobby in Building, Double Glazed Windows, Central Air Conditioning, Central Heating, Flooring, Electricity Backup, Waste Disposal, Floor: 3, Floors in Building: 6, Elevators: 4, Service Elevators in Building, Other Main Features, Furnished","Bedrooms: 1, Bathrooms: 1, Servant Quarters: 1, Drawing Room, Dining Room, Kitchens: 1, Study Room, Prayer Room, Powder Room, Gym, Store Rooms: 1, Steam Room, Lounge or Sitting Room, Laundry Room, Other Rooms","Broadband Internet Access, Satellite or Cable TV Ready, Business Center or Media Room in Building, Conference Room in Building, Intercom, ATM Machines",,,"Nearby Schools, Nearby Hospitals, Nearby Shopping Malls, Nearby Restaurants, Distance From Airport (kms), Nearby Public Transport Service, Other Nearby Places","Security Staff, Other Facilities",,,
https://www.zameen.com/Property/gulberg_greens_skypark_one_sky_park_one_three_bed_furnished_apartment_available_for_sale-52647745-15266-1.html,"Skypark One, Gulberg Greens",Flat,PKR4 Crore,4,12.8 Marla,For Sale,3,5 days ago,"Gulberg, Islamabad, Islamabad Capital",Sky Park One Three Bed Furnished Apartment Available For Sale More Options Available In Differents Floor Categories: Apartments Available In Different Blocks And Different Projects,"Built in year: 2025, Parking Spaces: 4, Lobby in Building, Double Glazed Windows, Central Air Conditioning, Central Heating, Flooring, Electricity Backup, Waste Disposal, Floor: 7, Floors in Building: 10, Elevators: 8, Service Elevators in Building, Other Main Features, Furnished","Bedrooms: 3, Bathrooms: 4, Servant Quarters: 1, Drawing Room, Dining Room, Kitchens: 2, Study Room, Prayer Room, Powder Room, Gym, Store Rooms: 4, Steam Room, Lounge or Sitting Room, Laundry Room, Other Rooms","Broadband Internet Access, Satellite or Cable TV Ready, Business Center or Media Room in Building, Conference Room in Building, Intercom, ATM Machines, Other Business and Communication Facilities","Community Lawn or Garden, Community Swimming Pool, Community Gym, First Aid or Medical Centre, Day Care Centre, Kids Play Area, Barbeque Area, Mosque, Community Centre, Other Community Facilities","Sauna, Jacuzzi, Other Healthcare and Recreation Facilities","Nearby Schools, Nearby Hospitals, Nearby Shopping Malls, Nearby Restaurants, Distance From Airport (kms), Nearby Public Transport Service, Other Nearby Places","Maintenance Staff, Security Staff, Laundry or Dry Cleaning Facility, Communal/Shared Kitchen, Facilities for Disabled, Pets Not Allowed, Other Facilities",,,
https://www.zameen.com/Property/islamabad_bani_gala_6_bedrooms_brand_new_double_story_corner_house_for_sale_on_15_marla-52468868-340-1.html,"Bani Gala, Islamabad",House,PKR3.9 Crore,-,15 Marla,For Sale,6,1 week ago,"Bani Gala, Islamabad, Islamabad Capital",Great offer. Modern Pre Feb structure Newly built brand new family house for quick sale. A corner 5 bedrooms with attached bath plus additional guests room with attached bathroom. Total area 15 Marla (14.57 (225 SQ ft) precisely as per Patwar Khana record or 12 Marla (272sqft) Brilliant design for family as well as for investment opportunities. Own 50 KV transformer. . . Double entrance 4 car parking Extremely competitive market value Demand reduced for quick sale.,"Built in year: 2025, Parking Spaces: 3, Central Air Conditioning, Central Heating, Flooring, Electricity Backup, Waste Disposal","Bedrooms: 6, Bathrooms: 4, Drawing Room, Dining Room, Kitchens: 2, Powder Room, Store Rooms: 1, Lounge or Sitting Room, Laundry Room","Broadband Internet Access, Satellite or Cable TV Ready","Community Lawn or Garden, Community Swimming Pool, Community Gym, First Aid or Medical Centre, Day Care Centre, Kids Play Area, Barbeque Area, Mosque, Community Centre",,"Nearby Schools, Nearby Hospitals, Nearby Shopping Malls, Nearby Restaurants, Distance From Airport (kms), Nearby Public Transport Service, Other Nearby Places","Maintenance Staff, Security Staff, Other Facilities",,,
https://www.zameen.com/Property/islamabad_bani_gala_7_bed_double_story_brand_new_spanish_house_for_sale_on_10_marla-52039959-340-1.html,"Bani Gala, Islamabad",House,PKR4.5 Crore,7,10 Marla,For Sale,7,1 week ago,"Bani Gala, Islamabad, Islamabad Capital",10 Marla Most Beautiful Spanish House Double Story House Solid House with A+ Quality material used Master Pipes for PPR & PVC A+ Cement A+ quality Bricks Graded Steel used Tiled Washrooms Spanish and Modern House 7 Bed attached bath 2 Drawing Room attached bath Big Mumty 2 Kitchen Terrace at front and Back Big Garage 2 Car :Close To Imran Khan House Easy Access to Muree Road,"Built in year: 2024, Parking Spaces: 2, Double Glazed Windows, Flooring, Electricity Backup, Waste Disposal","Bedrooms: 7, Bathrooms: 9, Drawing Room, Dining Room, Kitchens: 2, Powder Room, Lounge or Sitting Room, Laundry Room","Broadband Internet Access, Satellite or Cable TV Ready","Kids Play Area, Barbeque Area, Mosque",,"Nearby Schools, Nearby Hospitals, Nearby Shopping Malls, Nearby Restaurants, Distance From Airport (kms), Nearby Public Transport Service, Other Nearby Places","Security Staff, Other Facilities",,,
https://www.zameen.com/Property/islamabad_g-11_fully_furnished_2_bed_apartment_for_sale_in_11_central_g11-53096487-168-1.html,"G-11, Islamabad",Flat,PKR3.85 Crore,2,6.4 Marla,For Sale,2,2 months ago,"G-11, Islamabad, Islamabad Capital",Fully Furnished 2bed With Attached Washrooms Lounge Drawing Acs Installed Led Installed Car Parking 11 Central Is Located On Main Double Road Original Pics Attached,"Built in year: 2025, Parking Spaces: 1, Lobby in Building, Double Glazed Windows, Central Air Conditioning, Central Heating, Flooring, Electricity Backup, Waste Disposal, Floor: 5, Floors in Building: 10, Elevators: 10, Service Elevators in Building, Furnished","Bedrooms: 2, Bathrooms: 2, Drawing Room, Dining Room, Kitchens: 1, Study Room, Prayer Room, Powder Room, Steam Room, Laundry Room","Broadband Internet Access, Satellite or Cable TV Ready, Business Center or Media Room in Building, ATM Machines, Other Business and Communication Facilities","Community Lawn or Garden, Community Swimming Pool, Community Gym, First Aid or Medical Centre, Day Care Centre, Kids Play Area, Barbeque Area, Mosque, Community Centre","Sauna, Jacuzzi","Nearby Schools, Nearby Hospitals, Nearby Shopping Malls, Nearby Restaurants, Distance From Airport (kms), Nearby Public Transport Service, Other Nearby Places","Maintenance Staff, Security Staff, Laundry or Dry Cleaning Facility, Communal/Shared Kitchen, Other Facilities",,,
https://www.zameen.com/Property/bahria_town_bahria_enclave_the_galleria_3bedrooms_diamond_category_apartment_available_for_sale_in_bahria_enclave_islamabad-52917572-1705-1.html,"Bahria Enclave, Bahria Town",Flat,PKR2 Crore,3,10.9 Marla,For Sale,3,3 days ago,"Bahria Town, Islamabad, Islamabad Capital","The Gallerie Apartment 3 Bedrooms Diamond 2458 Square Apartment Available For Sale In Bahria Enclave Islamabad Bahria Enclave Islamabad The Galleria project 3 Bedroom Luxury Apartment for Rent 3 Bedrooms attached bath TV Lounge, Spacious Kitchen Drawing dining Servant room Separate electric meter Master Bedroom 12 17 Children BedRoom 12 14 Third Bedroom 12 16 Lounge 12 29 Drawing Dining 12 23 Kitchen 9 15 1 servant room with attached bathroom Parking space 2 cars The Galleria bahria enclave Islamabad 40 kanal Project Ground Commercial 8 Kanal Park Double Basement Parking 4 kanal Gaming Zone On Ground 24 /7 security staff Available 24/7 Lift Service Available Cct cameras installed all Floor For More information And Visit Contact Us Muhammad Sohail","Built in year: 2025, Parking Spaces: 2, Double Glazed Windows, Central Air Conditioning, Central Heating, Flooring, Electricity Backup, Waste Disposal, Floor: 3, Floors in Building: 5, Elevators: 1, Service Elevators in Building, Other Main Features, Furnished","Bedrooms: 3, Bathrooms: 3, Servant Quarters: 1, Drawing Room, Dining Room, Kitchens: 1, Study Room, Prayer Room, Powder Room, Gym, Store Rooms: 1, Steam Room, Lounge or Sitting Room, Laundry Room, Other Rooms","Broadband Internet Access, Satellite or Cable TV Ready, Business Center or Media Room in Building, Conference Room in Building, Intercom, Other Business and Communication Facilities","Community Lawn or Garden, Community Swimming Pool, Community Gym, First Aid or Medical Centre, Day Care Centre, Kids Play Area, Barbeque Area, Mosque, Community Centre, Other Community Facilities","Sauna, Jacuzzi, Other Healthcare and Recreation Facilities","Nearby Schools, Nearby Hospitals, Nearby Shopping Malls, Nearby Restaurants, Distance From Airport (kms), Nearby Public Transport Service, Other Nearby Places","Maintenance Staff, Security Staff, Facilities for Disabled, Pets Allowed, Other Facilities",,,
https://www.zameen.com/Property/british_homes_colony_british_homes_phase_2_triple_story_house_for_sale_in_british_homes-53061522-20838-1.html,"British Homes Phase 2, British Homes Colony",House,PKR1.6 Crore,5,5 Marla,For Sale,6,3 hours ago,"I-13, Islamabad, Islamabad Capital","Triple Story House for Sale in British Homes Phase 02. . . Front back open house for sale on reasonable price. . FIRST FLOOR. . . 2 BED, 2 BATH, KITCHEN, TV LOUNGE, DRAWING ROOM , CAR PARKING. . . SECOND FLOOR. . . 2 BED, 2 BATH, KITCHEN, TV LOUNGE, DRAWING ROOM , TERRACE. . . THIRD FLOOR. . . 2 BED, 1 BATH 2 ELECTRICITY METERS 2 GAS METERS REGISTRY/INTEEQAAL","Built in year: 2012, Flooring, Floors: 2","Bedrooms: 6, Bathrooms: 5, Drawing Room, Kitchens: 2, Lounge or Sitting Room","Broadband Internet Access, Satellite or Cable TV Ready","First Aid or Medical Centre, Mosque",,"Nearby Schools, Nearby Hospitals, Nearby Shopping Malls, Nearby Restaurants, Distance From Airport (kms), Nearby Public Transport Service, Other Nearby Places","Security Staff, Other Facilities",,,
https://www.zameen.com/Property/bahria_enclave_bahria_enclave_-_sector_h_brand_new_designer_house_for_sale_in_sector_h_back_open_3_bedroom_with_attach_bath_best_location_for_living_bahria_enclave_islamabad-53274088-11983-1.html,"Bahria Enclave - Sector H, Bahria Enclave",House,PKR2.7 Crore,4,5 Marla,For Sale,3,4 months ago,"Bahria Town, Islamabad, Islamabad Capital","Brand New 5 Marla Designer House for Sale Sector H (Back Open) Prime Location | Mountain View | Elegant Modern Living Step into luxury with this brand new designer house offering a perfect mix of style, comfort, and breathtaking views Property Highlights: 3 Spacious Bedrooms with attached modern bathrooms 2 Elegant TV Lounges ideal for family time & entertainment Stylish Drawing Room with premium detailing Modern Kitchen with quality fittings Servant Room for added convenience Back Open View for added privacy & ventilation Stunning Mountain View straight from your home Location Perks: Sector H Back Open Location Masjid just a few steps away Shops & Pharmacy nearby for daily essentials Peaceful neighborhood ideal for comfortable family living This house isnt just built its crafted for a modern lifestyle, where every corner reflects elegance and smart design. Demand: 2 Crore 70 Lakh PKR Serious buyers, contact now to book your visit and make this dream home yours!","Built in year: 2025, Parking Spaces, Double Glazed Windows, Central Air Conditioning, Central Heating, Flooring, Electricity Backup, Waste Disposal, Floors: 2, Other Main Features","Bedrooms: 3, Bathrooms: 4, Servant Quarters: 1, Drawing Room, Dining Room, Kitchens: 1, Study Room, Prayer Room, Powder Room, Gym, Store Rooms: 1, Steam Room, Lounge or Sitting Room, Laundry Room, Other Rooms","Broadband Internet Access, Satellite or Cable TV Ready, Intercom, Other Business and Communication Facilities","Community Lawn or Garden, Community Swimming Pool, Community Gym, First Aid or Medical Centre, Day Care Centre, Kids Play Area, Barbeque Area, Mosque, Community Centre, Other Community Facilities","Lawn or Garden, Swimming Pool, Sauna, Jacuzzi, Other Healthcare and Recreation Facilities","Nearby Schools, Nearby Hospitals, Nearby Shopping Malls, Nearby Restaurants, Distance From Airport (kms), Nearby Public Transport Service, Other Nearby Places","Security Staff, Other Facilities",,,
https://www.zameen.com/Property/islamabad_bani_gala_5_brand_new_designer_house_for_sale_on_5_marla-52326484-340-1.html,"Bani Gala, Islamabad",House,PKR1.95 Crore,6,5 Marla,For Sale,5,2 weeks ago,"Bani Gala, Islamabad, Islamabad Capital","5 Bed With at Bath ,2Tv lounge ,Drawing Room , Powder Room , 2 Kitchen, Car Porch , Tarrece , Mumti & roof Top Near to park road","Built in year: 2025, Parking Spaces: 1, Double Glazed Windows, Central Air Conditioning, Central Heating, Flooring, Electricity Backup, Waste Disposal, Floors: 2, Other Main Features, Furnished","Bedrooms: 5, Bathrooms: 6, Servant Quarters: 1, Drawing Room, Dining Room, Kitchens: 2, Study Room, Prayer Room, Powder Room, Gym, Store Rooms: 1, Steam Room, Lounge or Sitting Room, Laundry Room, Other Rooms","Broadband Internet Access, Satellite or Cable TV Ready, Intercom, Other Business and Communication Facilities","Community Lawn or Garden, Community Swimming Pool, Community Gym, First Aid or Medical Centre, Day Care Centre, Kids Play Area, Barbeque Area, Mosque, Community Centre, Other Community Facilities","Lawn or Garden, Swimming Pool, Sauna, Jacuzzi, Other Healthcare and Recreation Facilities","Nearby Schools, Nearby Hospitals, Nearby Shopping Malls, Nearby Restaurants, Distance From Airport (kms), Nearby Public Transport Service, Other Nearby Places","Maintenance Staff, Security Staff, Facilities for Disabled, Other Facilities",,,
https://www.zameen.com/Property/dha_defence_dha_defence_phase_2_dha_prime_location_corner_house_available_for_sale-52714122-339-1.html,"DHA Defence Phase 2, DHA Defence",House,PKR12.75 Crore,7,1.2 Kanal,For Sale,8,5 months ago,"DHA Defence, Islamabad, Islamabad Capital",DHA Phase 2 Islamabad Prime location Main Boulevard Corner Dimensions. 58 X94 About 23 Marla 3 units with independent entrances Covered area 10000 sq ft Gate 2 Garage 2 Bedroom 8 Washrooms 11 Independent prayer room Gym Laundry DD 3 TV lounge 3 Kitchen 3 Store 3 Servant room 2 with small kitchen and washroom Terrace 2 Solar system 15 kVA with net metering Security cameras Safety grills Security fence Solid wood doors Imported sanitary fittings With electricappliances,"Parking Spaces, Central Air Conditioning, Electricity Backup, Other Main Features","Bedrooms, Bathrooms: 3, Drawing Room, Dining Room, Kitchens: 1, Lounge or Sitting Room, Laundry Room","Broadband Internet Access, Satellite or Cable TV Ready, Intercom","Community Lawn or Garden, Community Swimming Pool, Community Gym, First Aid or Medical Centre, Day Care Centre, Kids Play Area, Barbeque Area, Mosque, Community Centre","Lawn or Garden, Swimming Pool, Sauna, Jacuzzi","Nearby Schools, Nearby Hospitals, Nearby Shopping Malls, Nearby Restaurants, Distance From Airport (kms), Nearby Public Transport Service, Other Nearby Places","Security Staff, Other Facilities",,,
https://www.zameen.com/Property/d_12_d-12_2_40x80_brand_new_house_available_for_sale_in_d12-52714124-3155-1.html,"D-12/2, D-12",House,PKR15.5 Crore,5,14.2 Marla,For Sale,5,5 months ago,"D-12, Islamabad, Islamabad Capital","4080 brand new house available for sale - Moroccan style house, - in D12/2. - Including drawing/dining , - lounge - kitchen/dirty kitchen, - pantry, separate servant and maid rooms, - 5 rooms - two cars parking, - stores - waterfall and many more - Asking15.5 coress","Parking Spaces, Double Glazed Windows, Central Air Conditioning, Electricity Backup, Waste Disposal, Other Main Features, Furnished","Bedrooms: 5, Bathrooms: 4, Drawing Room, Dining Room, Kitchens: 2, Study Room, Prayer Room, Powder Room, Store Rooms, Steam Room, Lounge or Sitting Room, Laundry Room, Other Rooms","Broadband Internet Access, Satellite or Cable TV Ready, Intercom","Community Lawn or Garden, Community Swimming Pool, Community Gym, First Aid or Medical Centre, Day Care Centre, Kids Play Area, Barbeque Area, Mosque, Community Centre","Lawn or Garden, Swimming Pool, Sauna, Jacuzzi","Nearby Schools, Nearby Hospitals, Nearby Shopping Malls, Nearby Restaurants, Distance From Airport (kms), Nearby Public Transport Service, Other Nearby Places","Maintenance Staff, Security Staff, Facilities for Disabled, Other Facilities",,,
https://www.zameen.com/Property/islamabad_d-12_4500_square_feet_house_for_sale_in_beautiful_d-12-53268192-160-1.html,"D-12, Islamabad",House,PKR15 Crore,-,1 Kanal,For Sale,-,4 months ago,"D-12, Islamabad, Islamabad Capital","Nothing is better than scoring the ultimate property deal. And this D-12 happens to have the best ones. This 4500 Square Feet property is easily the most sought-after one in the locale. Schedule your appointment to view the House for sale today, before it's gone. The stunning House is ideal to live a comfortable life. A location like D-12 is much sought-after by residents as well as investors. What could possible get more better than a property priced at Rs. 150000000. Plus, it has features that you'd definitely love. Find out why this property is the best option for you below. The community swimming pool in the building/society is a great facility, especially for the kids. Setup the barbecue area at home, just the way you like and impress your guests. Your kids can play to their heart's content in the play area adjoining the property. The expert security staff will remain vigilant round the clock. You can wash your laundry in privacy with a dedicated laundry room that comes with the House. You can easily offer your five daily prayers in the prayer room that is part of the House. In summers, you can enjoy your tea inside with central air-conditioning in the House. Want to know more? Contact us now.","Double Glazed Windows, Central Air Conditioning, Central Heating, Flooring, Electricity Backup, Waste Disposal, Other Main Features","Bedrooms: 1, Bathrooms: 1, Servant Quarters: 1, Drawing Room, Dining Room, Kitchens: 1, Study Room, Prayer Room, Powder Room, Gym, Store Rooms: 1, Steam Room, Lounge or Sitting Room, Laundry Room, Other Rooms","Broadband Internet Access, Satellite or Cable TV Ready, Intercom, Other Business and Communication Facilities","Community Lawn or Garden, Community Swimming Pool, Community Gym, First Aid or Medical Centre, Day Care Centre, Kids Play Area, Barbeque Area, Mosque, Community Centre, Other Community Facilities","Sauna, Jacuzzi, Other Healthcare and Recreation Facilities","Nearby Schools, Nearby Hospitals, Nearby Shopping Malls, Nearby Restaurants, Distance From Airport (kms), Nearby Public Transport Service, Other Nearby Places","Maintenance Staff, Security Staff, Facilities for Disabled, Other Facilities",,,
https://www.zameen.com/Property/islamabad_d-12_ready_to_sale_a_house_1000_square_feet_in_d-12_d-12-53268183-160-1.html,"D-12, Islamabad",House,PKR4 Crore,3,4.4 Marla,For Sale,3,5 months ago,"D-12, Islamabad, Islamabad Capital","The prime location of D-12 will also ensure that your real estate asset will have great market value. Explore all the property you could ask for in D-12. If you are on a budget, this property might suit your pocket nicely. The House is well designed to accommodate the family and their guests. The well-constructed House carries a price tag of PKR Rs. 40000000 and you shouldn't miss this offer. Investment in 1000 Square Feet property is a lucrative option so make your move today. Some prominent details of the property are as follows. Now you can throw barbeque parties with ease with a dedicated barbeque area that comes with the House. Now you can enjoy part of your day de-stressing in the steam room that comes with the House. You can decorate the expansive lounge area any way you like that comes with this property. Sauna has proven health benefits and you can avail them too now. A Jacuzzi adds a whole new level of luxury to this residence. The drawing opens into a spacious dining room, making it convenient to entertain guests. The House features state-of-the-art amenities for the differently-abled. For more details on the property, contact us today.","Built in year, Parking Spaces, Double Glazed Windows, Central Air Conditioning, Central Heating, Flooring, Electricity Backup, Waste Disposal, Floors, Other Main Features, Furnished","Bedrooms: 3, Bathrooms: 3, Servant Quarters: 1, Drawing Room, Dining Room, Kitchens: 1, Study Room, Prayer Room, Powder Room, Gym, Store Rooms: 1, Steam Room, Lounge or Sitting Room, Laundry Room, Other Rooms","Broadband Internet Access, Satellite or Cable TV Ready, Intercom, Other Business and Communication Facilities","Community Lawn or Garden, Community Swimming Pool, Community Gym, First Aid or Medical Centre, Day Care Centre, Kids Play Area, Barbeque Area, Mosque, Community Centre, Other Community Facilities","Lawn or Garden, Swimming Pool, Sauna, Jacuzzi, Other Healthcare and Recreation Facilities","Nearby Schools, Nearby Hospitals, Nearby Shopping Malls, Nearby Restaurants, Distance From Airport (kms), Nearby Public Transport Service, Other Nearby Places","Maintenance Staff, Security Staff, Facilities for Disabled, Other Facilities",,,
https://www.zameen.com/Property/bahria_enclave_bahria_enclave_-_sector_a_1_bed_apartment_available_for_sale_in_cube_apartments-53236366-11970-1.html,"Bahria Enclave - Sector A, Bahria Enclave",Flat,PKR1.3 Crore,1,4.8 Marla,For Sale,1,4 days ago,"Bahria Town, Islamabad, Islamabad Capital",1 bed apartment available for sale in Cube apartments semi furnished,"Built in year: 2023, Parking Spaces, Lobby in Building, Double Glazed Windows, Central Air Conditioning, Central Heating, Flooring, Electricity Backup, Waste Disposal, Floor: 3, Floors in Building: 16, Elevators, Service Elevators in Building, Other Main Features, Furnished","Bedrooms: 3, Bathrooms: 1, Servant Quarters: 1, Drawing Room, Dining Room, Kitchens: 1, Study Room, Prayer Room, Powder Room, Gym, Store Rooms: 1, Steam Room, Lounge or Sitting Room, Laundry Room, Other Rooms","Broadband Internet Access, Satellite or Cable TV Ready, Business Center or Media Room in Building, Conference Room in Building, Intercom, ATM Machines, Other Business and Communication Facilities","Community Lawn or Garden, Community Swimming Pool, Community Gym, First Aid or Medical Centre, Day Care Centre, Kids Play Area, Barbeque Area, Mosque, Community Centre, Other Community Facilities","Sauna, Jacuzzi, Other Healthcare and Recreation Facilities","Nearby Schools, Nearby Hospitals, Nearby Shopping Malls, Nearby Restaurants, Distance From Airport (kms), Nearby Public Transport Service, Other Nearby Places","Maintenance Staff, Security Staff, Laundry or Dry Cleaning Facility, Facilities for Disabled, Other Facilities",,,
https://www.zameen.com/Property/naval_anchorage_naval_anchorage_-_block_k_1_kanal_beautiful_house_available_for_sale-53269101-9161-1.html,"Naval Anchorage - Block K, Naval Anchorage",House,PKR8.25 Crore,7,1 Kanal,For Sale,8,4 months ago,"Naval Anchorage, Islamabad, Islamabad Capital",1 Kanal Beautiful House Available For Sale 8 Bed Rooms 7 Wash Rooms,"Built in year: 2020, Parking Spaces, Double Glazed Windows, Central Air Conditioning, Central Heating, Flooring, Electricity Backup, Waste Disposal, Floors: 2, Other Main Features, Furnished","Bedrooms: 8, Bathrooms: 7, Servant Quarters, Drawing Room, Dining Room, Kitchens: 2, Study Room, Prayer Room, Powder Room, Gym, Store Rooms, Steam Room, Lounge or Sitting Room, Laundry Room, Other Rooms","Broadband Internet Access, Satellite or Cable TV Ready, Intercom, Other Business and Communication Facilities","Community Lawn or Garden, Community Swimming Pool, Community Gym, First Aid or Medical Centre, Day Care Centre, Kids Play Area, Barbeque Area, Mosque, Community Centre, Other Community Facilities","Lawn or Garden, Swimming Pool, Sauna, Jacuzzi, Other Healthcare and Recreation Facilities","Nearby Schools, Nearby Hospitals, Nearby Shopping Malls, Nearby Restaurants, Distance From Airport (kms), Nearby Public Transport Service, Other Nearby Places","Maintenance Staff, Security Staff, Facilities for Disabled, Other Facilities",,,
https://www.zameen.com/Property/gulberg_greens_aries_tower_aries_tower_investor_rate_one-bed_apartment_available_for_sale-52471472-14371-1.html,"Aries Tower, Gulberg Greens",Flat,PKR85 Lakh,1,3.3 Marla,For Sale,1,5 days ago,"Gulberg, Islamabad, Islamabad Capital","Your investment at a price of PKR Rs. 8500000 for this property will be a secure bet. You can own your dream house in the affluent neighbourhood of Islamabad with ease. Property in Aries Tower lets you access the best facilities and amenities around. 734 Square Feet units are available for residential purposes in good location. We have something special in store for you when we say that you should definitely buy this property. With this Flat you won't have to look any further as it checks every box on the list. 734 Sqft One Bed Non Furnished Apartment Available For Sale The following property features will tell you what makes it special. Central heating in the Flat evenly distributes heat so you can enjoy every corner of your home. A short walk can take you to the ATM machine near the building where you can withdraw cash. Vigilant security staff is on duty round the clock to ensure the safety of the residents. Your body pain can vanish, with a quick session in the Jacuzzi. The property has an outdoor pool where one can swim to their heart's content. As a resident, you don't have to worry about waste disposal as that is effectively taken care of. Double-glazed windows in the Flat are perfect for safety as they are harder to break. You can get rest of the details by calling us.","Built in year: 2025, Parking Spaces: 1, Lobby in Building, Double Glazed Windows, Central Air Conditioning, Central Heating, Flooring, Electricity Backup, Waste Disposal, Floor, Floors in Building, Elevators: 6, Service Elevators in Building, Other Main Features, Furnished","Bedrooms: 1, Bathrooms: 1, Servant Quarters: 1, Drawing Room, Dining Room, Kitchens: 1, Study Room, Prayer Room, Powder Room, Gym, Store Rooms: 1, Steam Room, Lounge or Sitting Room, Laundry Room, Other Rooms","Broadband Internet Access, Satellite or Cable TV Ready, Business Center or Media Room in Building, Conference Room in Building, Intercom, ATM Machines, Other Business and Communication Facilities","Community Lawn or Garden, Community Swimming Pool, Community Gym, First Aid or Medical Centre, Day Care Centre, Kids Play Area, Barbeque Area, Mosque, Community Centre, Other Community Facilities","Sauna, Jacuzzi, Other Healthcare and Recreation Facilities","Nearby Schools, Nearby Hospitals, Nearby Shopping Malls, Nearby Restaurants, Distance From Airport (kms), Nearby Public Transport Service, Other Nearby Places","Maintenance Staff, Security Staff, Laundry or Dry Cleaning Facility, Communal/Shared Kitchen, Facilities for Disabled, Pets Not Allowed, Other Facilities",,,
https://www.zameen.com/Property/islamabad_d-12_in_d_12_1_kanal_triple_story_house_is_available_for_sale_at_very_prime_location-53180153-160-1.html,"D-12, Islamabad",House,PKR18 Crore,6,1 Kanal,For Sale,9,2 months ago,"D-12, Islamabad, Islamabad Capital","In D-12, Designer Triple Story House is available for Sale Size: 5090 (01 Kanal) Property Features: . 3 Bedrooms on Each Floor + Drawing/Dining + Tv Lounge + Kitchen + Dirty Kitchen + Store Room + Power Room Mumty: Wide Bedroom constructed as a proper Bedroom with attached Kitchen Additional Highlights: Total: 09 Bedrooms with attached Washrooms (03 on each floor) Modern & beautiful elevation with top-quality fittings & fixtures Separate huge water tanks for each floor + central main tank Solid, A++ quality construction by owner (owner built & occupied) Demand: Rs. 18 Crore Only Professional Real Estate Consultancy Services by Falcon Real Estate""* Falcon Real Estate having it's Office at D-12 Markaz is a highly professional setup with it's CEO Air Cdre Syed Abdullah (R). Having decate old experience to it's Credit, we are providing professional Consultancy Services to the Clients in the Field of Real Estate. By ensuring Fair Deals only, a large number of Clients have benifited from our Services by Selling / buying Plots, Houses, Appartment, shops etc. "" *We believe that best marketing is done by the existing Clients"". * We look forward to build up mutually beneficial relationship. Pls feel free to contact us at the time of ur convenience.","Parking Spaces: 3, Flooring, Waste Disposal, Floors: 3","Bedrooms: 9, Bathrooms: 9, Servant Quarters: 2, Drawing Room, Dining Room, Kitchens: 3, Study Room, Prayer Room, Powder Room, Gym, Store Rooms: 1, Lounge or Sitting Room, Laundry Room","Broadband Internet Access, Satellite or Cable TV Ready, Intercom","Community Lawn or Garden, Community Swimming Pool, Community Gym, First Aid or Medical Centre, Day Care Centre, Kids Play Area, Barbeque Area, Mosque, Community Centre","Lawn or Garden, Swimming Pool, Sauna, Jacuzzi","Nearby Schools, Nearby Hospitals, Nearby Shopping Malls, Nearby Restaurants, Distance From Airport (kms), Nearby Public Transport Service, Other Nearby Places","Maintenance Staff, Security Staff, Facilities for Disabled",,,
https://www.zameen.com/Property/top_city_1_top_city_1_-_block_a_10_marla_35_65_brand_new_house_available_for_sale_in_top_city_1_block_a_islamabad-53227471-9231-1.html,"Top City 1 - Block A, Top City 1",House,PKR5 Crore,6,10 Marla,For Sale,5,3 months ago,"Top City 1, Islamabad, Islamabad Capital","10 Marla Double Unit Brand New House. Available For Sale in Top City Block A Islamabad. House Size 35*65 6 Bedrooms. 4Baths. 2 Drawing Dining. 2 TV Lounge. 2 Kitchens. Car Parking Space. Electricity , Water and Gas Available. Top City is a Good Sector for Residence. Because Gated Community. 24 Hours Security. Neat and Clean. On Main Sirnagar Highway Islamabad Near to Islamabad Interchange Airport.","Built in year: 2025, Parking Spaces, Double Glazed Windows, Central Air Conditioning, Central Heating, Flooring, Electricity Backup, Waste Disposal, Other Main Features, Furnished","Bedrooms, Bathrooms, Servant Quarters, Drawing Room, Dining Room, Kitchens, Study Room, Prayer Room, Powder Room, Store Rooms, Steam Room, Lounge or Sitting Room, Laundry Room","Broadband Internet Access, Satellite or Cable TV Ready, Intercom, Other Business and Communication Facilities","Community Lawn or Garden, Community Gym, First Aid or Medical Centre, Day Care Centre, Kids Play Area, Barbeque Area, Community Centre",Lawn or Garden,"Nearby Schools, Nearby Hospitals, Nearby Shopping Malls, Nearby Restaurants, Distance From Airport (kms), Nearby Public Transport Service, Other Nearby Places","Maintenance Staff, Security Staff, Facilities for Disabled",,,
https://www.zameen.com/Property/cbr_town_phase_1_cbr_town_phase_1_-_block_c_luxurious_40x80_house_for_sale_in_cbr_town_phase_1_block_c-53200422-3149-1.html,"CBR Town Phase 1 - Block C, CBR Town Phase 1",House,PKR5.25 Crore,7,14 Marla,For Sale,7,5 months ago,"CBR Town, Islamabad, Islamabad Capital","- Location: CBR Town Phase 1, Block C, - Plot Size: 40x80 - Demand: PKR 52,500,000 - Description: This stunning house in CBR Town Phase 1 offers ample space and potential for luxury living. Located in a prime area, this property is ideal for those seeking a high-end lifestyle.","Built in year: 2023, Parking Spaces: 3, Double Glazed Windows, Central Air Conditioning, Central Heating, Flooring, Floors: 2","Bedrooms: 7, Bathrooms: 6, Servant Quarters: 1, Drawing Room, Dining Room, Kitchens: 2, Study Room, Prayer Room, Store Rooms: 1","Broadband Internet Access, Satellite or Cable TV Ready, Intercom","Community Lawn or Garden, Community Gym, First Aid or Medical Centre, Day Care Centre, Kids Play Area, Barbeque Area, Mosque, Community Centre","Lawn or Garden, Swimming Pool, Sauna, Jacuzzi",,,,,
https://www.zameen.com/Property/h_12_meher_apartments_3_bed_apartment_in_h-13_mehr_apartment_first_floor-53297752-11052-1.html,"Meher Apartments, H-12",Flat,PKR1.3 Crore,3,6.7 Marla,For Sale,3,1 month ago,"H-12, Islamabad, Islamabad Capital",3 bed attach bath tv lounge kitchen drawing dining First floor size 1500 Size mehr Apartment residential building under ground car parking for more information plz contact us,Electricity Backup,"Bedrooms: 3, Bathrooms: 4, Kitchens: 1",,"Community Lawn or Garden, Community Swimming Pool, Community Gym, Day Care Centre, Kids Play Area, Barbeque Area, Mosque",,Nearby Hospitals,"Maintenance Staff, Security Staff",,,
https://www.zameen.com/Property/e_11_madina_tower_one_bed_apartment_madina_tower_e-11_near_to_f-11-53297739-11138-1.html,"Madina Tower, E-11",Flat,PKR1.25 Crore,1,4.4 Marla,For Sale,1,1 month ago,"E-11, Islamabad, Islamabad Capital",one bed attach bath tv lounge kitchen open view 10 floor f-11 facing for more information plz contact us,"Built in year, Parking Spaces, Double Glazed Windows, Central Air Conditioning, Central Heating, Flooring, Electricity Backup, Other Main Features",,,,,"Nearby Schools, Nearby Hospitals, Nearby Shopping Malls, Nearby Restaurants, Distance From Airport (kms), Nearby Public Transport Service, Other Nearby Places",,,,
https://www.zameen.com/Property/mpchs_multi_gardens_mpchs_-_block_f_dream_home_made_easy_4_cr-4_10cr_your_design_20_lacs_less_6-12_months-53296908-8527-1.html,"MPCHS - Block F, MPCHS - Multi Gardens",House,PKR3.8 Crore,4,10 Marla,For Sale,5,4 weeks ago,"B-17, Islamabad, Islamabad Capital","House Features: 5 Bedrooms with attached Washrooms. 2 TV Lounge. 1 Drawing Room 2 Kitchens 1 Powder Room. Pehli baat Aap 20 lacs tak SAVE kar sakte hain. Sochiye, yeh paisay aap apne ghar ki furnishing mein laga sakte hain, apne bacchon ki education mein invest kar sakte hain, ya phir apni family ke liye kuch aur planning kar sakte hain. Doosri baat Yeh ghar AAPKI marzi ka banega. Aap chahte hain ke drawing room bara ho? Ho jayega. Aap chahte hain ke kitchen modern style ka ho? Bilkul. Aap chahte hain ke bedrooms zyada hain? Koi masla nahi. Har cheez aapki zaroorat aur aapki family ke mutabiq design hogi. Teesri baat Payment ka tension nahi. 6 to 12 mahine ki easy installments. Matlab aapko ek saath bhari amount nahi deni. Aap apni salary se, apne business se, aaram se payment manage kar sakte hain. Chauthi baat Land ki price bhi included haiMatlab aapko alag se plot dhundne ki zaroorat nahi, alag se negotiations ki tension nahi. Sab kuch ek package mein.","Built in year: 2025, Parking Spaces: 1, Double Glazed Windows, Central Air Conditioning, Central Heating, Flooring, Electricity Backup, Waste Disposal, Floors: 2, Other Main Features, Furnished","Bedrooms: 4, Bathrooms: 4, Servant Quarters: 1, Drawing Room, Dining Room, Kitchens: 2, Study Room, Prayer Room, Powder Room, Gym, Store Rooms: 1, Steam Room, Lounge or Sitting Room, Laundry Room, Other Rooms","Broadband Internet Access, Satellite or Cable TV Ready, Intercom, Other Business and Communication Facilities","Community Lawn or Garden, Community Swimming Pool, Community Gym, First Aid or Medical Centre, Day Care Centre, Kids Play Area, Barbeque Area, Mosque, Community Centre, Other Community Facilities","Lawn or Garden, Swimming Pool, Sauna, Jacuzzi","Nearby Schools, Nearby Hospitals, Nearby Shopping Malls, Nearby Restaurants, Distance From Airport (kms), Nearby Public Transport Service, Other Nearby Places","Maintenance Staff, Security Staff, Facilities for Disabled, Other Facilities",PKR1.75 Crore,PKR25.63 Lakh,8 Months
https://www.zameen.com/Property/faisal_town_f_18_faisal_town_phase_1_1_bed_apartment_available_for_sale_in_faisal_town_f-18_islamabad-51880239-16415-1.html,"Faisal Town Phase 1, Faisal Town - F-18",Flat,PKR80 Lakh,1,2.5 Marla,For Sale,1,3 months ago,"Faisal Town - F-18, Islamabad, Islamabad Capital",1 Bed Apartment Available For Sale. In Faisal Town F-18 Islamabad. Apartment Size 554 Sq Ft. 1 Bedrooms. 1 Baths. TV Lounge. Kitchen. Double Road Facing. Rental Value Rs 30 to 35 non furnished 50 to 60 furnished Close to Gate Near to Park. Near to Masjid. Near to Markaz. All Facilities Available. Interested People Can Contact Easily.,"Built in year: 2024, Parking Spaces: 1, Lobby in Building, Double Glazed Windows, Central Air Conditioning, Central Heating, Flooring, Electricity Backup, Waste Disposal, Floor: 2, Floors in Building: 7, Elevators: 2, Service Elevators in Building, Other Main Features","Bedrooms: 1, Bathrooms: 1, Servant Quarters: 1, Drawing Room, Dining Room, Kitchens: 1, Study Room, Prayer Room, Powder Room, Gym, Store Rooms: 1, Steam Room, Lounge or Sitting Room, Laundry Room, Other Rooms","Broadband Internet Access, Satellite or Cable TV Ready, Business Center or Media Room in Building, Conference Room in Building, Intercom, ATM Machines, Other Business and Communication Facilities","Community Lawn or Garden, Community Swimming Pool, Community Gym, First Aid or Medical Centre, Day Care Centre, Kids Play Area, Barbeque Area, Mosque, Community Centre, Other Community Facilities","Sauna, Jacuzzi, Other Healthcare and Recreation Facilities","Nearby Schools, Nearby Hospitals, Nearby Shopping Malls, Nearby Restaurants, Distance From Airport (kms), Nearby Public Transport Service, Other Nearby Places","Maintenance Staff, Security Staff, Laundry or Dry Cleaning Facility, Communal/Shared Kitchen, Facilities for Disabled, Pets Allowed, Other Facilities",,,
https://www.zameen.com/Property/mpchs_multi_gardens_mpchs_-_block_b_designer_house_for_sale_in_b-17_islamabad-53010437-3117-1.html,"MPCHS - Block B, MPCHS - Multi Gardens",House,PKR4.6 Crore,6,10 Marla,For Sale,5,5 months ago,"B-17, Islamabad, Islamabad Capital","Located At A Prime Location Near To Zoo & Market Area Easy Approach To GT Road Newly constructed at a very peaceful location Solid construction and Beautiful Finishing Excellent Woodwork, Quality Fittings And Stylish kitchens This house features 5 Spacious Bedrooms 6 Luxury Bathrooms 2 Drawing room 2 Kitchens 2 Living rooms 2 Servant room with attached bath Entrance lobby with stairs Parking space for 2,3 cars. For more options and visit please contact us. ONYX HOMES REALTORS & BUILDERS ALSO PROVIDING CONSTRUCTION & INTERIOR SERVICES","Built in year: 2025, Parking Spaces, Double Glazed Windows, Central Air Conditioning, Central Heating, Flooring, Electricity Backup, Waste Disposal, Floors: 2, Other Main Features, Furnished","Bedrooms: 5, Bathrooms: 6, Servant Quarters: 1, Drawing Room, Dining Room, Kitchens: 2, Study Room, Prayer Room, Powder Room, Gym, Store Rooms: 1, Steam Room, Lounge or Sitting Room, Laundry Room, Other Rooms","Broadband Internet Access, Satellite or Cable TV Ready, Intercom, Other Business and Communication Facilities","Community Lawn or Garden, Community Swimming Pool, First Aid or Medical Centre, Day Care Centre, Kids Play Area, Barbeque Area, Mosque, Community Centre, Other Community Facilities","Lawn or Garden, Swimming Pool, Sauna, Jacuzzi, Other Healthcare and Recreation Facilities","Nearby Schools, Nearby Hospitals, Nearby Shopping Malls, Nearby Restaurants, Distance From Airport (kms), Nearby Public Transport Service, Other Nearby Places","Maintenance Staff, Security Staff, Facilities for Disabled, Other Facilities",,,
https://www.zameen.com/Property/islamabad_f-7_margalla_beauty_4_4_kanal_house_is_for_sale-52654524-165-1.html,"F-7, Islamabad",House,PKR1.55 Arab,7,8 Kanal,For Sale,7,1 week ago,"F-7, Islamabad, Islamabad Capital","Attached images are just for reference purpose only. Chohan HAY Estate Offers: - Main Margalla Road - 4 Kanal - 4 Kanal Extra Land - Total 8 Kanal Land - One and Only Option - Urgent Sale - Ideal for Dream Home or Renovation - Great Opportunity for End Users or Investors - High Return Potential - Don't Waste Your Time, Just Grab this Fantastic Opportunity For more information and additional options, kindly contact at mentioned numbers or visit CHOHAN HAY ESTATE","Built in year: 2000, Parking Spaces, Double Glazed Windows, Central Air Conditioning, Central Heating, Flooring, Electricity Backup, Waste Disposal, Floors: 3, Other Main Features, Furnished","Bedrooms: 4, Bathrooms: 4, Servant Quarters: 1, Drawing Room, Dining Room, Kitchens: 2, Study Room, Prayer Room, Powder Room, Gym, Store Rooms: 1, Steam Room, Lounge or Sitting Room, Laundry Room, Other Rooms","Broadband Internet Access, Satellite or Cable TV Ready, Intercom, Other Business and Communication Facilities","Community Lawn or Garden, Community Swimming Pool, Community Gym, First Aid or Medical Centre, Day Care Centre, Kids Play Area, Barbeque Area, Mosque, Community Centre, Other Community Facilities","Lawn or Garden, Swimming Pool, Sauna, Jacuzzi, Other Healthcare and Recreation Facilities","Nearby Schools, Nearby Hospitals, Nearby Shopping Malls, Nearby Restaurants, Distance From Airport (kms), Nearby Public Transport Service, Other Nearby Places","Maintenance Staff, Security Staff, Facilities for Disabled, Other Facilities",,,
https://www.zameen.com/Property/islamabad_i-8_i-8_brand_new_40x80_house_for_sale_real_pics_attached_near_to_kachnar_park-49198314-174-1.html,"I-8, Islamabad",House,PKR16.5 Crore,6,14.2 Marla,For Sale,6,23 hours ago,"I-8, Islamabad, Islamabad Capital",Brand new Double story House With 6 bed attached baths 2 Drawing Dinning 2 TV lounge 2 kitchen Tile flooring Huge Car parking area Servant Quarter Ceiling Pure Wooden work Near to Kachnar Park and Shifa Hospital Real pics attached We have many other residential options For details Call the specialist Sultan Property Marketing,"Built in year: 2024, Parking Spaces: 3, Double Glazed Windows, Central Air Conditioning, Central Heating, Flooring, Electricity Backup, Waste Disposal, Other Main Features","Bedrooms: 6, Bathrooms: 6, Servant Quarters: 1, Drawing Room, Dining Room, Kitchens: 2, Prayer Room, Powder Room, Gym, Store Rooms: 1, Steam Room, Lounge or Sitting Room, Laundry Room","Broadband Internet Access, Satellite or Cable TV Ready, Intercom, Other Business and Communication Facilities","Community Lawn or Garden, Community Swimming Pool, Community Gym, First Aid or Medical Centre, Day Care Centre, Kids Play Area, Barbeque Area, Mosque, Community Centre, Other Community Facilities",Other Healthcare and Recreation Facilities,"Nearby Schools, Nearby Hospitals, Nearby Shopping Malls, Nearby Restaurants, Distance From Airport (kms), Nearby Public Transport Service, Other Nearby Places","Maintenance Staff, Security Staff, Facilities for Disabled, Other Facilities",,,
https://www.zameen.com/Property/islamabad_bani_gala_5_bed_brand_new_triple_storey_house_for_sale_on_5_marla-52048857-340-1.html,"Bani Gala, Islamabad",House,PKR1.95 Crore,5,5 Marla,For Sale,5,2 months ago,"Bani Gala, Islamabad, Islamabad Capital",House for Sale in Bani Gala 5 Marla Triple Story 5Beds / 5Wash Rooms / OPEN KITCHEN - TV LOUNGE / DRAWING Car Porch / 2 Electric Meters / Water boring 30ft wide street,"Built in year: 2024, Parking Spaces: 1, Double Glazed Windows, Central Air Conditioning, Central Heating, Flooring, Electricity Backup, Waste Disposal, Floors: 2, Other Main Features, Furnished","Bedrooms: 5, Bathrooms: 5, Servant Quarters: 1, Drawing Room, Dining Room, Kitchens: 2, Study Room, Prayer Room, Powder Room, Gym, Store Rooms: 1, Steam Room, Lounge or Sitting Room, Laundry Room, Other Rooms","Broadband Internet Access, Satellite or Cable TV Ready, Intercom, Other Business and Communication Facilities","Community Lawn or Garden, Community Swimming Pool, Community Gym, First Aid or Medical Centre, Day Care Centre, Kids Play Area, Barbeque Area, Mosque, Community Centre, Other Community Facilities","Lawn or Garden, Swimming Pool, Sauna, Jacuzzi, Other Healthcare and Recreation Facilities","Nearby Schools, Nearby Hospitals, Nearby Shopping Malls, Nearby Restaurants, Distance From Airport (kms), Nearby Public Transport Service, Other Nearby Places","Maintenance Staff, Security Staff, Facilities for Disabled, Other Facilities",,,
https://www.zameen.com/Property/islamabad_bani_gala_4_bed_double_story_brand_new_designer_house_for_sale_on_5_marla-52051189-340-1.html,"Bani Gala, Islamabad",House,PKR1.8 Crore,5,5 Marla,For Sale,4,2 months ago,"Bani Gala, Islamabad, Islamabad Capital","4 Bed With At Bath , Kitchen , Tv lounge , Drawing Room , Powder Room , Car Porch Near To Main Road","Built in year: 2025, Parking Spaces: 1, Double Glazed Windows, Central Air Conditioning, Central Heating, Flooring, Electricity Backup, Waste Disposal, Other Main Features","Bedrooms: 4, Bathrooms: 4, Drawing Room, Dining Room, Kitchens: 1, Prayer Room, Powder Room, Store Rooms: 1, Lounge or Sitting Room, Laundry Room, Other Rooms","Broadband Internet Access, Satellite or Cable TV Ready, Intercom, Other Business and Communication Facilities","Community Lawn or Garden, Community Swimming Pool, Community Gym, First Aid or Medical Centre, Day Care Centre, Kids Play Area, Barbeque Area, Mosque, Other Community Facilities","Lawn or Garden, Swimming Pool, Other Healthcare and Recreation Facilities","Nearby Schools, Nearby Hospitals, Nearby Shopping Malls, Nearby Restaurants, Distance From Airport (kms), Nearby Public Transport Service, Other Nearby Places",Security Staff,,,
https://www.zameen.com/Property/islamabad_bani_gala_7_25_semi_double_storey_house_for_sale_with_gas-52714909-340-1.html,"Bani Gala, Islamabad",House,PKR2.05 Crore,3,7.2 Marla,For Sale,4,2 weeks ago,"Bani Gala, Islamabad, Islamabad Capital","Ground Floor "" 2 Bed Room With Bath , Tv Lounge , Drawing Room , Car Porch 1st Floor ""2 Room &Amp; 1 Bath &Amp; Roof Top Separate Gas , Electric Metar &Amp; Water Bor. . Concrete Road Near To Main Road","Built in year: 2, Parking Spaces: 2, Double Glazed Windows, Central Air Conditioning, Central Heating, Flooring, Electricity Backup, Waste Disposal, Other Main Features, Furnished","Bedrooms: 4, Bathrooms: 3, Drawing Room, Dining Room, Kitchens: 1, Powder Room, Store Rooms: 1, Lounge or Sitting Room, Laundry Room, Other Rooms","Broadband Internet Access, Satellite or Cable TV Ready, Intercom, Other Business and Communication Facilities","Community Lawn or Garden, Community Swimming Pool, Community Gym, First Aid or Medical Centre, Day Care Centre, Kids Play Area, Barbeque Area, Mosque, Community Centre, Other Community Facilities",,"Nearby Schools, Nearby Hospitals, Nearby Shopping Malls, Nearby Restaurants, Distance From Airport (kms), Nearby Public Transport Service, Other Nearby Places","Maintenance Staff, Security Staff, Other Facilities",,,
https://www.zameen.com/Property/islamabad_bani_gala_4_bed_double_storey_brand_new_designer_house_for_sale_on_4_25_marla-52332866-340-1.html,"Bani Gala, Islamabad",House,PKR1.32 Crore,5,4.2 Marla,For Sale,4,2 days ago,"Bani Gala, Islamabad, Islamabad Capital","4 Bed With at Bath , Tv lounge , Kitchen , Car Porch , Drawinv Room , Powder Rokm , Mumti & Roof top","Built in year: 2024, Parking Spaces: 1, Double Glazed Windows, Central Air Conditioning, Central Heating, Flooring, Electricity Backup, Waste Disposal, Floors: 3, Other Main Features, Furnished","Bedrooms: 4, Bathrooms: 5, Servant Quarters: 2, Drawing Room, Dining Room, Kitchens: 2, Study Room, Prayer Room, Powder Room, Store Rooms: 1, Lounge or Sitting Room, Laundry Room","Broadband Internet Access, Satellite or Cable TV Ready, Intercom, Other Business and Communication Facilities","Community Lawn or Garden, Community Swimming Pool, Community Gym, First Aid or Medical Centre, Day Care Centre, Kids Play Area, Barbeque Area, Mosque, Community Centre, Other Community Facilities","Lawn or Garden, Jacuzzi, Other Healthcare and Recreation Facilities","Nearby Schools, Nearby Hospitals, Nearby Shopping Malls, Nearby Restaurants, Distance From Airport (kms), Nearby Public Transport Service, Other Nearby Places","Maintenance Staff, Security Staff, Facilities for Disabled, Other Facilities",,,
https://www.zameen.com/Property/dha_defence_phase_2_defence_residency_block_2_2_bedroom_drawing_room_defence_residency_dha_phase_2_gate_2_islamabad-51575359-9914-1.html,"Defence Residency, DHA Defence Phase 2",Flat,PKR1.2 Crore,3,6 Marla,For Sale,2,4 months ago,"DHA Defence, Islamabad, Islamabad Capital",Block 2 Top Terrace 2 Bedroom Kitchen Tv Lounge Drawing Room 3 Bathrooms Balcony Park Face Parking Neat And Clean Apartment Near To Giga Mal Neat To Mosque Neat To Market Water Filter Plante Available Elevator Lift Size 1353 Sq/ft,"Built in year: 1, Parking Spaces: 1, Lobby in Building, Double Glazed Windows, Central Air Conditioning, Central Heating, Flooring, Electricity Backup, Waste Disposal, Floor: 1, Floors in Building: 3, Service Elevators in Building, Other Main Features, Furnished","Bedrooms: 3, Bathrooms: 3, Servant Quarters: 1, Drawing Room, Dining Room, Kitchens: 1, Study Room, Prayer Room, Powder Room, Gym, Store Rooms: 1, Steam Room, Lounge or Sitting Room, Laundry Room, Other Rooms","Broadband Internet Access, Satellite or Cable TV Ready, Business Center or Media Room in Building, Conference Room in Building, Intercom, ATM Machines, Other Business and Communication Facilities","Community Lawn or Garden, Community Swimming Pool, Community Gym, First Aid or Medical Centre, Day Care Centre, Kids Play Area, Barbeque Area, Mosque, Community Centre, Other Community Facilities","Sauna, Jacuzzi, Other Healthcare and Recreation Facilities","Nearby Schools, Nearby Hospitals, Nearby Shopping Malls, Nearby Restaurants, Distance From Airport (kms), Nearby Public Transport Service, Other Nearby Places","Maintenance Staff, Security Staff, Laundry or Dry Cleaning Facility, Communal/Shared Kitchen, Facilities for Disabled, Pets Allowed, Other Facilities",,,
https://www.zameen.com/Property/f_8_the_centaurus_2642_square_feet_flat_is_available_in_affordable_price_in_the_centaurus-52675285-8349-1.html,"The Centaurus, F-8",Flat,PKR17.17 Crore,5,11.7 Marla,For Sale,3,4 months ago,"F-8, Islamabad, Islamabad Capital","A dream life awaits you in Islamabad. Flat you've been looking for is available at the best price, so take action today. With property prices soaring, investing in The Centaurus seems to be a good idea. You can buy your 2642 Square Feet unit and enjoy a comfortable family life close to all kinds of facilities. A property for sale like this doesn't come often, so hurry up and make your booking. The demand price is set pretty reasonably at Rs. 171730000. Find out what the property entails below. You can spend your time in peace and quiet with a beautiful mosque situated near the Flat. This drawing room lets your family have their privacy while you have formal guests over. Your guests can conveniently use the powder room as opposed to personal washrooms. A 24/7 active security staff maintains a safe, peaceful environment for the dwellers. A separate prayer room in the Flat offers privacy to anyone looking to pray. A study room in the Flat provides a dedicated space for carrying out important tasks. You can decorate the expansive lounge area any way you like that comes with this property. Book your meeting with us today for the right home advice.",Other Main Features,"Drawing Room, Dining Room, Study Room, Prayer Room, Powder Room, Gym, Steam Room, Lounge or Sitting Room, Laundry Room, Other Rooms","Broadband Internet Access, Satellite or Cable TV Ready, Business Center or Media Room in Building, Conference Room in Building, Intercom, ATM Machines, Other Business and Communication Facilities","Community Lawn or Garden, Community Swimming Pool, Community Gym, First Aid or Medical Centre, Day Care Centre, Kids Play Area, Barbeque Area, Mosque, Community Centre, Other Community Facilities",Other Healthcare and Recreation Facilities,"Nearby Schools, Nearby Hospitals, Nearby Shopping Malls, Nearby Restaurants, Distance From Airport (kms), Nearby Public Transport Service, Other Nearby Places","Maintenance Staff, Security Staff, Other Facilities",,,
https://www.zameen.com/Property/islamabad_f-8_spacious_500_sq_yards_luxury_home_for_sale_prime_location_modern_amenities-52573245-166-1.html,"F-8, Islamabad",House,PKR40 Crore,6,1 Kanal,For Sale,5,2 months ago,"F-8, Islamabad, Islamabad Capital","Brand New HOUSE 500 SQYRDS/ F-8 IS AVAILABLE FOR SALE. Details: Coming Rent 5000 USD three year lease rent coming six months basis 1. Size 50 x 90 : 500 squrds. 2. Surfacing. 3. Heisted location 4. Lush green, wide street. 5. Convient approaches from Johar Road. 6. Walking distance from Class 3 Market of of F-8/ 7. Accommodation, It is a very well maintained house of 5 bed room, spacious kitchen, lounge, D+D, drice way and the lush green lawn. Tile floorings. 8. Ready to move house. 9. Single owner 10. Cda transfer. 11. Possession available. 12. Demand 40","Built in year: 2025, Parking Spaces: 3, Double Glazed Windows, Central Air Conditioning, Central Heating, Flooring, Electricity Backup, Floors: 1, Other Main Features","Bedrooms: 5, Bathrooms: 6, Servant Quarters, Drawing Room, Dining Room, Kitchens: 1, Study Room, Prayer Room, Powder Room, Store Rooms, Steam Room, Lounge or Sitting Room, Laundry Room, Other Rooms","Broadband Internet Access, Satellite or Cable TV Ready, Intercom, Other Business and Communication Facilities","Community Lawn or Garden, Community Swimming Pool, Community Gym, First Aid or Medical Centre, Day Care Centre, Kids Play Area, Barbeque Area, Mosque, Community Centre, Other Community Facilities","Lawn or Garden, Swimming Pool, Sauna, Jacuzzi, Other Healthcare and Recreation Facilities","Nearby Schools, Nearby Hospitals, Nearby Shopping Malls, Nearby Restaurants, Distance From Airport (kms), Nearby Public Transport Service, Other Nearby Places","Maintenance Staff, Security Staff, Other Facilities",,,
https://www.zameen.com/Property/islamabad_diplomatic_enclave_diplomatic_enclave_luxurious_2-bedroom_fully_furnished_apartment_for_sale_in_diplomatic_enclave_islamabad-52641884-429-1.html,"Diplomatic Enclave, Islamabad",Flat,PKR6.5 Crore,2,6.5 Marla,For Sale,2,4 months ago,"Diplomatic Enclave, Islamabad, Islamabad Capital","Luxurious 2-Bedroom Fully Furnished Apartment in Diplomatic Enclave, Islamabad Location Diplomatic Enclave, Islamabad (prestigious and secure neighborhood) Details - 2 spacious bedrooms - Fully furnished with modern fixtures and amenities - Stunning views of Margalla Hills Features - Secure residence with 24/7 security - Modern amenities and facilities - Prime location with easy access to key areas Ideal for Diplomats, expats, or professionals seeking a luxurious and secure living experience. Contact us for more information or to schedule a viewing. Experience the best of Islamabad's luxury living!","Built in year: 2021, Parking Spaces: 1, Double Glazed Windows, Central Air Conditioning, Central Heating, Flooring, Electricity Backup, Waste Disposal, Other Main Features, Furnished","Bedrooms: 2, Bathrooms: 2, Servant Quarters: 1, Drawing Room, Dining Room, Kitchens: 1, Study Room, Prayer Room, Powder Room, Gym, Store Rooms: 1, Steam Room, Lounge or Sitting Room, Laundry Room, Other Rooms","Broadband Internet Access, Satellite or Cable TV Ready, Intercom","Community Lawn or Garden, Community Swimming Pool, Community Gym, First Aid or Medical Centre, Day Care Centre, Kids Play Area, Barbeque Area, Mosque, Community Centre","Sauna, Jacuzzi, Other Healthcare and Recreation Facilities","Nearby Schools, Nearby Hospitals, Nearby Shopping Malls, Nearby Restaurants, Distance From Airport (kms), Nearby Public Transport Service, Other Nearby Places","Maintenance Staff, Security Staff, Facilities for Disabled",,,
https://www.zameen.com/Property/islamabad_g-10_g_10_prime_location_9_marla_house_chance_deal-53326272-167-1.html,"G-10, Islamabad",House,PKR8.8 Crore,6,9.3 Marla,For Sale,5,5 months ago,"G-10, Islamabad, Islamabad Capital",A beautiful and prime location 233 sy 5 Bedrooms house peaceful Environment 1016 construction 2 kitchens 1Drawing room 1 Study room Servant room on the roof Street corner 2 Gates best deal for good family for more information please contact.,"Built in year: 2016, Parking Spaces: 2, Double Glazed Windows, Central Air Conditioning, Central Heating, Flooring, Electricity Backup, Waste Disposal","Bedrooms: 5, Bathrooms: 6, Servant Quarters: 1, Drawing Room, Dining Room, Kitchens: 2, Study Room, Prayer Room, Powder Room, Store Rooms: 2, Lounge or Sitting Room, Laundry Room",,,,,,,,
https://www.zameen.com/Property/park_view_city_park_view_city_-_downtown_block_fully_furnished_1_bed_apartment_for_sale_the_grande_park_view_down_town_park_view_city_islamabad-53245552-20871-1.html,"Park View City - Downtown Block, Park View City",Flat,PKR1.65 Crore,1,3.6 Marla,For Sale,1,5 months ago,"Park View City, Islamabad, Islamabad Capital","1 bed spacious apartment for sale 4th Floor, ideal height for best views. The Grande Park View by Earthlink Downtown Park View City Islamabad Ideally located Beautiful Views of Murree Mountains and Famous Dancing Fountain by Parkview City. 15 mins drive from Serena Chowk. All Utilities Available The Grand Park View is a spectacular place. It is a 6-storey, multi-purpose building, designed for corporate, residential and commercial purposes it has shops on the ground floor, offices on the first floor, and apartments from the 2nd to 6th storey. It is the perfect place for those who want to run their business with high returns, and also for people who are on a hunt for a comfortable living space. The Grand Park View, Park View City, Islamabad.","Built in year: 2024, Parking Spaces: 1, Lobby in Building, Double Glazed Windows, Central Air Conditioning, Central Heating, Flooring, Electricity Backup, Waste Disposal, Other Main Features, Furnished","Bedrooms: 1, Bathrooms: 1, Servant Quarters: 1, Drawing Room, Dining Room, Kitchens: 1, Study Room, Prayer Room, Powder Room, Gym, Store Rooms: 1, Steam Room, Lounge or Sitting Room, Laundry Room, Other Rooms","Broadband Internet Access, Satellite or Cable TV Ready, Intercom, Other Business and Communication Facilities","Community Lawn or Garden, Community Swimming Pool, Community Gym, First Aid or Medical Centre, Day Care Centre, Kids Play Area, Barbeque Area, Mosque, Community Centre, Other Community Facilities","Sauna, Jacuzzi, Other Healthcare and Recreation Facilities","Nearby Schools, Nearby Hospitals, Nearby Shopping Malls, Nearby Restaurants, Distance From Airport (kms), Nearby Public Transport Service, Other Nearby Places","Maintenance Staff, Security Staff, Facilities for Disabled, Other Facilities",,,
https://www.zameen.com/Property/dha_valley_dha_valley_-_lilly_sector_dha_home_in_dha_islamabad-53270321-3214-1.html,"DHA Valley - Lilly Sector, DHA Valley",House,PKR69.5 Lakh,2,5 Marla,For Sale,2,4 months ago,"DHA Defence, Islamabad, Islamabad Capital","Ideally situated in DHA Valley - Lilly Sector, this is an investment opportunity like no other. Islamabad offers real estate options in good locations surrounded by all kinds of facilities, so don't miss the opportunity. The opportunity to own a home awaits your decision with many suitable properties available for sale. Priced at Rs. 6950000, what more could you ask for? Look no further as we have listed the best House just for you! Interested in 5 Marla sized properties? Here is a popular option. Read below to find out what this property offers. Outdoor space like a garden that comes with the House is great for so many different kinds of activities that you can plan. The call to prayer can be heard clearly from the mosque near the House. To bring a touch of nature to the surroundings, the House also has a community lawn nearby. Keep in touch with your friends and family with broadband internet access. Your kids can play to their heart's content in the play area adjoining the property. Professional security services at all times ensure the House stays well-protected. From the wall carvings to the ornate fixtures, the luxurious drawing room will leave your guests in awe. Your property search can end right here, so give us a call and we'll do the rest.","Built in year: 2024, Parking Spaces, Double Glazed Windows, Central Air Conditioning, Central Heating, Flooring, Electricity Backup, Waste Disposal, Floors: 2, Other Main Features","Bedrooms, Bathrooms, Servant Quarters: 1, Drawing Room, Dining Room, Kitchens, Study Room, Prayer Room, Powder Room, Gym, Store Rooms: 1, Steam Room, Lounge or Sitting Room, Laundry Room, Other Rooms","Broadband Internet Access, Satellite or Cable TV Ready, Intercom, Other Business and Communication Facilities","Community Lawn or Garden, Community Swimming Pool, Community Gym, First Aid or Medical Centre, Day Care Centre, Kids Play Area, Barbeque Area, Mosque, Community Centre, Other Community Facilities","Lawn or Garden, Swimming Pool, Sauna, Jacuzzi, Other Healthcare and Recreation Facilities","Nearby Schools, Nearby Hospitals, Nearby Shopping Malls, Nearby Restaurants, Distance From Airport (kms), Nearby Public Transport Service, Other Nearby Places","Maintenance Staff, Security Staff, Facilities for Disabled",,,
https://www.zameen.com/Property/g_8_g-8_markaz_two_bed_rooms_flat_with_attached_baths_available_for_sale-53284861-3380-1.html,"G-8 Markaz, G-8",Flat,PKR2.5 Crore,2,5.3 Marla,For Sale,2,4 months ago,"G-8, Islamabad, Islamabad Capital","Two bed rooms with attached baths New Cupboards in both bed rooms One TV lounge and drawing dinning big hall One big kitchen and one store Two balconies All floor is titled Area 1150 to 1200 square feet and about 4 Marla cover area 2nd floor Basement parking Gated community Guards in two shifts Non stop water supply Rental Value : 90,000/- Demand : 2.50 Crore Flat no S-4 People's Media Foundation Flats G-8 Markaz behind masjid Al Rasheed Islamabad","Built in year, Parking Spaces, Lobby in Building, Flooring, Electricity Backup, Floor, Floors in Building, Elevators, Other Main Features","Bedrooms: 2, Bathrooms: 2, Servant Quarters, Drawing Room, Dining Room, Kitchens: 1, Store Rooms, Other Rooms","Broadband Internet Access, ATM Machines",,,"Nearby Schools, Nearby Hospitals, Nearby Shopping Malls, Nearby Restaurants, Distance From Airport (kms), Nearby Public Transport Service, Other Nearby Places","Security Staff, Other Facilities",,,
https://www.zameen.com/Property/i_8_i-8_1_i_8_1_family_flat_for_sale-53284357-3441-1.html,"I-8/1, I-8",Flat,PKR1.5 Crore,2,5.5 Marla,For Sale,3,3 minutes ago,"I-8, Islamabad, Islamabad Capital","size 1240sqft 3rd floor with roof 3bed,2bath,kitchen,small TVL Taris Rental value 60k very near to i. j. p metro station 9th Avenue CDA transfer direct deal with owner cntct for more info. or visit originl pic are not attached visit posiable also many option avaiable for sale cntct for more info.","Built in year: 2020, Parking Spaces: 2, Double Glazed Windows, Flooring, Electricity Backup, Waste Disposal, Other Main Features","Bedrooms: 3, Bathrooms: 2, Servant Quarters, Drawing Room, Dining Room, Kitchens: 1, Powder Room, Store Rooms, Lounge or Sitting Room, Laundry Room, Other Rooms","Broadband Internet Access, Satellite or Cable TV Ready, Intercom, ATM Machines, Other Business and Communication Facilities","Community Lawn or Garden, Community Swimming Pool, Community Gym, First Aid or Medical Centre, Day Care Centre, Kids Play Area, Barbeque Area, Mosque, Community Centre, Other Community Facilities",Other Healthcare and Recreation Facilities,"Nearby Schools, Nearby Hospitals, Nearby Shopping Malls, Nearby Restaurants, Distance From Airport (kms), Nearby Public Transport Service, Other Nearby Places","Maintenance Staff, Security Staff, Facilities for Disabled, Other Facilities",,,
https://www.zameen.com/Property/top_city_1_top_city_1_-_block_a_1_bed_apartment_for_sale_good_location_for_sale_in_top_city-52204003-9231-1.html,"Top City 1 - Block A, Top City 1",Flat,PKR65 Lakh,1,2.2 Marla,For Sale,1,5 months ago,"Top City 1, Islamabad, Islamabad Capital","Apartment Available on Main commercial of top city most prime location near to Main entrance and main Boulevard in All categories Plots Available at Top city in best Market Rates. Kanal 10 Marla 5 Marla Corner, Parkface Commercial and Residential Briqs Developer And Marketing Offer A Prime Location Residential Plot In Top City 1 Islamabad 5 Marla 10 Marla and Kanal Also Commercial in All Catergries. The ideal location of TopCity-1 near Kashmir Highway, is one of its most attractive features. Although the housing society is located at a 20-minute drive from downtown G 11 Markaz Islamabad, it can be easily accessed through Kashmir Highway, Lahore and Islamabad Motorways and Grand Trunk Road. The new Islamabad International Airport is also situated at a distance of approximately 3 kilometers from TopCity-1. That means it will take residents just 5 minutes to reach the airport through New Islamabad Airport Road. It is also connected by a grand and an exclusive Interchange making a Loop on Kashmir Highway giving direct access to residents in TopCity-1. The under development public transit metro bus service connects TopCity-1 through two terminals while the International CPEC City is located at a short distance.","Built in year: 2024, Parking Spaces, Lobby in Building, Double Glazed Windows, Central Air Conditioning, Central Heating, Flooring, Electricity Backup, Waste Disposal, Floor, Floors in Building, Elevators: 1, Other Main Features","Bedrooms: 1, Bathrooms: 1, Servant Quarters: 1, Drawing Room, Dining Room, Kitchens: 1, Study Room, Prayer Room, Powder Room, Gym, Store Rooms: 1, Steam Room, Lounge or Sitting Room, Laundry Room, Other Rooms","Broadband Internet Access, Satellite or Cable TV Ready, Intercom, Other Business and Communication Facilities","Community Lawn or Garden, Community Swimming Pool, Community Gym, First Aid or Medical Centre, Day Care Centre, Kids Play Area, Barbeque Area, Mosque, Community Centre, Other Community Facilities","Sauna, Jacuzzi","Nearby Schools, Nearby Hospitals, Nearby Shopping Malls, Nearby Restaurants, Distance From Airport (kms), Nearby Public Transport Service, Other Nearby Places","Maintenance Staff, Security Staff, Other Facilities",,,
https://www.zameen.com/Property/gulberg_greens_gulberg_greens_-_block_a_luxury_furnished_farm_house_available-51248472-8313-1.html,"Gulberg Greens - Block A, Gulberg Greens",Farm House,PKR32 Crore,7,5 Kanal,For Sale,11,2 days ago,"Gulberg, Islamabad, Islamabad Capital",Foam House Available For Sale In Gulberg Green Islamabad 5 Kanal Farm House Available For Sale Visit Any Time,"Built in year: 2023, Parking Spaces: 10, Double Glazed Windows, Central Air Conditioning, Central Heating, Flooring, Electricity Backup, Waste Disposal, Floors: 3, Other Main Features, Furnished","Bedrooms: 5, Bathrooms: 6, Servant Quarters: 1, Drawing Room, Dining Room, Kitchens: 2, Study Room, Prayer Room, Powder Room, Gym, Store Rooms: 1, Steam Room, Lounge or Sitting Room, Laundry Room, Other Rooms","Broadband Internet Access, Satellite or Cable TV Ready, Intercom, Other Business and Communication Facilities","Community Lawn or Garden, Community Swimming Pool, Community Gym, First Aid or Medical Centre, Day Care Centre, Kids Play Area, Barbeque Area, Mosque, Community Centre, Other Community Facilities","Lawn or Garden, Swimming Pool, Sauna, Jacuzzi, Other Healthcare and Recreation Facilities","Nearby Schools, Nearby Hospitals, Nearby Shopping Malls, Nearby Restaurants, Distance From Airport (kms), Nearby Public Transport Service, Other Nearby Places","Maintenance Staff, Security Staff, Facilities for Disabled, Other Facilities",,,
https://www.zameen.com/Property/islamabad_i-14_6_marla_brand_new_double_storey_house_for_sale-53336214-1045-1.html,"I-14, Islamabad",House,PKR3.2 Crore,6,6 Marla,For Sale,5,5 months ago,"I-14, Islamabad, Islamabad Capital",best location near to markaz 5 bedrooms attach bath and 2 draing room tv lounch kitchen available facility water boring electricity available details contact with me,"Built in year: 2025, Parking Spaces, Double Glazed Windows, Central Air Conditioning, Central Heating, Flooring, Electricity Backup, Waste Disposal, Floors: 2, Other Main Features","Bedrooms: 4, Bathrooms: 5, Servant Quarters, Drawing Room, Dining Room, Kitchens: 2, Study Room, Prayer Room, Powder Room, Store Rooms, Steam Room, Lounge or Sitting Room, Laundry Room, Other Rooms","Broadband Internet Access, Satellite or Cable TV Ready, Intercom, Other Business and Communication Facilities","Community Lawn or Garden, Community Swimming Pool, Community Gym, First Aid or Medical Centre, Day Care Centre, Kids Play Area, Barbeque Area, Mosque, Community Centre, Other Community Facilities","Lawn or Garden, Swimming Pool, Other Healthcare and Recreation Facilities","Nearby Schools, Nearby Hospitals, Nearby Shopping Malls, Nearby Restaurants, Distance From Airport (kms), Nearby Public Transport Service, Other Nearby Places","Maintenance Staff, Security Staff, Facilities for Disabled, Other Facilities",,,
https://www.zameen.com/Property/islamabad_i-14_6_marla_brand_new_double_storey_house_for_sale-53336186-1045-1.html,"I-14, Islamabad",House,PKR3.1 Crore,6,6 Marla,For Sale,5,5 months ago,"I-14, Islamabad, Islamabad Capital",Best Location Near To Markaz 5 Bedrooms Attach Bath And 2 Drawing Room Tv lounge Kitchen Available Facility Water Boring Electricity Available Details Contact With Me Only WhatsApp,"Built in year: 2025, Parking Spaces: 4, Double Glazed Windows, Central Air Conditioning, Central Heating, Flooring, Electricity Backup, Waste Disposal, Floors: 2, Other Main Features, Furnished","Bedrooms: 5, Bathrooms: 6, Servant Quarters: 2, Drawing Room, Dining Room, Kitchens: 2, Study Room, Prayer Room, Powder Room, Store Rooms: 1, Lounge or Sitting Room, Laundry Room, Other Rooms","Broadband Internet Access, Satellite or Cable TV Ready, Intercom, Other Business and Communication Facilities","Community Lawn or Garden, Community Swimming Pool, Community Gym, First Aid or Medical Centre, Day Care Centre, Kids Play Area, Barbeque Area, Mosque, Community Centre, Other Community Facilities","Lawn or Garden, Swimming Pool, Sauna, Jacuzzi, Other Healthcare and Recreation Facilities","Nearby Schools, Nearby Hospitals, Nearby Shopping Malls, Nearby Restaurants, Distance From Airport (kms), Nearby Public Transport Service, Other Nearby Places","Maintenance Staff, Security Staff, Other Facilities",,,
https://www.zameen.com/Property/islamabad_f-8_2000_sy_demolishable_house_for_sale_in_f8-53152104-166-1.html,"F-8, Islamabad",House,PKR1.2 Arab,5,4 Kanal,For Sale,5,4 months ago,"F-8, Islamabad, Islamabad Capital",* 2000 SY DEMOLISHABLE HOUSE FOR SALE IN F8 ISLAMABAD* pictures are for reference purpose only Size: 2000 sqyd Front 100 by 180 Price: One Arab & twenty crores for Further Details please contact Satoon Real Estate.,"Built in year: 1970, Parking Spaces, Double Glazed Windows, Flooring, Electricity Backup, Waste Disposal","Bedrooms: 3, Bathrooms: 3, Servant Quarters: 1, Drawing Room, Dining Room, Kitchens: 1, Store Rooms: 1","Broadband Internet Access, Satellite or Cable TV Ready, Intercom","Community Lawn or Garden, Community Swimming Pool, Community Gym, First Aid or Medical Centre, Day Care Centre, Kids Play Area, Barbeque Area, Mosque, Community Centre",Lawn or Garden,"Nearby Schools, Nearby Hospitals, Nearby Shopping Malls, Nearby Restaurants, Distance From Airport (kms), Nearby Public Transport Service, Other Nearby Places",,,,
https://www.zameen.com/Property/gulberg_greens_gulberg_greens_-_block_e_safe_end_secure_10_kanal_farm_house_for_sale_in_beautiful_gulberg_greens_block_e-51199397-8317-1.html,"Gulberg Greens - Block E, Gulberg Greens",Farm House,PKR33 Crore,6,10 Kanal,For Sale,8,2 days ago,"Gulberg, Islamabad, Islamabad Capital",Gulberg Greens Islamabad E Block Foam House Available For Sale More Options Available 10 Kanal Farm House,"Built in year: 2023, Parking Spaces: 10, Double Glazed Windows, Central Air Conditioning, Central Heating, Flooring, Electricity Backup, Waste Disposal, Floors: 3, Other Main Features, Furnished","Bedrooms: 6, Bathrooms: 6, Servant Quarters: 2, Drawing Room, Dining Room, Kitchens: 2, Study Room, Prayer Room, Powder Room, Gym, Store Rooms: 2, Steam Room, Lounge or Sitting Room, Laundry Room, Other Rooms","Broadband Internet Access, Satellite or Cable TV Ready, Intercom, Other Business and Communication Facilities","Community Lawn or Garden, Community Swimming Pool, Community Gym, First Aid or Medical Centre, Day Care Centre, Kids Play Area, Barbeque Area, Mosque, Community Centre, Other Community Facilities","Lawn or Garden, Swimming Pool, Sauna, Jacuzzi, Other Healthcare and Recreation Facilities","Nearby Schools, Nearby Hospitals, Nearby Shopping Malls, Nearby Restaurants, Distance From Airport (kms), Nearby Public Transport Service, Other Nearby Places","Maintenance Staff, Security Staff, Facilities for Disabled, Other Facilities",,,
https://www.zameen.com/Property/gulberg_greens_gulberg_greens_-_block_c_gulberg_greens_islamabad_c_block_business_square-51380345-8315-1.html,"Gulberg Greens - Block C, Gulberg Greens",Flat,PKR65 Lakh,2,2.1 Marla,For Sale,1,2 days ago,"Gulberg, Islamabad, Islamabad Capital",Falcon Heights Gulberg Greens Islamabad One Bed Furnished Apartments Available For Sale C Block Business Square,"Built in year: 2023, Parking Spaces: 5, Lobby in Building, Double Glazed Windows, Central Air Conditioning, Central Heating, Flooring, Electricity Backup, Waste Disposal, Floor: 4, Floors in Building: 7, Elevators: 6, Service Elevators in Building, Other Main Features, Furnished","Bedrooms: 3, Bathrooms: 3, Servant Quarters: 1, Drawing Room, Dining Room, Kitchens: 1, Study Room, Prayer Room, Powder Room, Gym, Store Rooms: 1, Steam Room, Lounge or Sitting Room, Laundry Room, Other Rooms","Broadband Internet Access, Satellite or Cable TV Ready, Business Center or Media Room in Building, Conference Room in Building, Intercom, ATM Machines, Other Business and Communication Facilities","Community Lawn or Garden, Community Swimming Pool, Community Gym, First Aid or Medical Centre, Day Care Centre, Kids Play Area, Barbeque Area, Mosque, Community Centre, Other Community Facilities","Sauna, Jacuzzi, Other Healthcare and Recreation Facilities","Nearby Schools, Nearby Hospitals, Nearby Shopping Malls, Nearby Restaurants, Distance From Airport (kms), Nearby Public Transport Service, Other Nearby Places","Maintenance Staff, Security Staff, Laundry or Dry Cleaning Facility, Communal/Shared Kitchen, Facilities for Disabled, Pets Not Allowed, Other Facilities",,,
https://www.zameen.com/Property/islamabad_diplomatic_enclave_luxurious_2_bed_rooms_apartment_for_sale_marglla_view-49782003-429-1.html,"Diplomatic Enclave, Islamabad",Flat,PKR7.5 Crore,2,8.9 Marla,For Sale,2,2 months ago,"Diplomatic Enclave, Islamabad, Islamabad Capital","LUXURIOUS 2 BED ROOMS APARTMENT FOR SALE (Marglla View) in diplomatic enclave Islamabad coming Rent 1300 US$ Three Side Corner 2 Bed Rooms Apartment Available For Sale In The Heart Of Diplomatic Enclave. Having Two Bedrooms with attached bathrooms, Living Dinning, Kitchen It Is Fully Furnished and Equipped Apartment with 3 Side Views (East, West And North Margalla Facing). All Quality Fittings And Fixtures. Very Bright And Sunny. For more details and other options kindly contact us.","Built in year: 2013, Parking Spaces: 1, Lobby in Building, Double Glazed Windows, Central Air Conditioning, Central Heating, Flooring, Electricity Backup, Waste Disposal, Floor: 3, Floors in Building: 4, Elevators: 2, Service Elevators in Building, Furnished","Bedrooms: 2, Bathrooms: 2, Servant Quarters: 1, Drawing Room, Dining Room, Kitchens: 1, Study Room, Prayer Room, Powder Room, Gym, Store Rooms: 1, Steam Room, Lounge or Sitting Room, Laundry Room","Broadband Internet Access, Satellite or Cable TV Ready, Business Center or Media Room in Building, Conference Room in Building, Intercom, ATM Machines","Community Lawn or Garden, Community Swimming Pool, Community Gym, First Aid or Medical Centre, Day Care Centre, Kids Play Area, Barbeque Area, Mosque, Community Centre","Sauna, Jacuzzi","Nearby Schools, Nearby Hospitals, Nearby Shopping Malls, Nearby Restaurants, Distance From Airport (kms), Nearby Public Transport Service, Other Nearby Places","Security Staff, Other Facilities",,,
https://www.zameen.com/Property/dha_defence_dha_defence_phase_3_1_kanal_fully_furnished_house_for_sale-52999957-8412-1.html,"DHA Defence Phase 3, DHA Defence",House,PKR7.85 Crore,6,1 Kanal,For Sale,5,5 months ago,"DHA Defence, Islamabad, Islamabad Capital","1 Kanal Fully Furnished House Available For Sale In DHA Phase 3 Islamabad Secter B Near Family Park , Market &Masjid 5 bedroom 6 Bathroom 2 TV lounge 2 Drawing room 2 servant quarter 2 Kitchen Demand 8.9 Crore For visit contact: Usama Razzaq","Built in year: 2025, Parking Spaces: 3, Double Glazed Windows, Central Air Conditioning, Central Heating, Flooring, Electricity Backup, Waste Disposal, Floors: 2, Other Main Features, Furnished","Bedrooms: 5, Bathrooms: 6, Servant Quarters: 2, Drawing Room, Dining Room, Kitchens: 2, Study Room, Prayer Room, Powder Room, Gym, Store Rooms: 1, Steam Room, Lounge or Sitting Room, Laundry Room, Other Rooms","Broadband Internet Access, Satellite or Cable TV Ready, Intercom, Other Business and Communication Facilities","Community Lawn or Garden, Community Swimming Pool, Community Gym, First Aid or Medical Centre, Day Care Centre, Kids Play Area, Barbeque Area, Mosque, Community Centre, Other Community Facilities","Lawn or Garden, Swimming Pool, Sauna, Jacuzzi, Other Healthcare and Recreation Facilities","Nearby Schools, Nearby Hospitals, Nearby Shopping Malls, Nearby Restaurants, Distance From Airport (kms), Nearby Public Transport Service, Other Nearby Places","Maintenance Staff, Security Staff, Facilities for Disabled, Other Facilities",,,
https://www.zameen.com/Property/dha_defence_dha_defence_phase_2_brand_new_designer_furnished_double_unit_6_bed_classical_mansion-52405539-339-1.html,"DHA Defence Phase 2, DHA Defence",House,PKR11 Crore,6,1 Kanal,For Sale,6,15 hours ago,"DHA Defence, Islamabad, Islamabad Capital",Brand New Designer Furnished 6 Bed Double Unit Classical A+ Solid Construction House At Heighted Location Price Is Very Reasonable.,"Built in year: 2025, Parking Spaces: 3, Double Glazed Windows, Flooring, Electricity Backup, Waste Disposal, Floors: 2, Other Main Features, Furnished","Bedrooms: 6, Bathrooms: 8, Servant Quarters: 2, Drawing Room, Dining Room, Kitchens: 2, Study Room, Prayer Room, Powder Room, Gym, Store Rooms: 2, Steam Room, Lounge or Sitting Room, Laundry Room, Other Rooms","Broadband Internet Access, Satellite or Cable TV Ready, Intercom, Other Business and Communication Facilities","Community Lawn or Garden, Community Swimming Pool, Community Gym, First Aid or Medical Centre, Day Care Centre, Kids Play Area, Barbeque Area, Mosque, Community Centre, Other Community Facilities","Lawn or Garden, Sauna, Jacuzzi, Other Healthcare and Recreation Facilities","Nearby Schools, Nearby Hospitals, Nearby Shopping Malls, Nearby Restaurants, Distance From Airport (kms), Nearby Public Transport Service, Other Nearby Places","Maintenance Staff, Security Staff, Facilities for Disabled, Other Facilities",,,
https://www.zameen.com/Property/islamabad_f-7_old_demolished_house_is_for_sale_in_f-7-53068957-165-1.html,"F-7, Islamabad",House,PKR27 Crore,5,1.3 Kanal,For Sale,5,5 months ago,"F-7, Islamabad, Islamabad Capital","Attached Images are for reference. Chohan HAY Estate Offers: - 666 SQYD - Prime Location - Old Demolished House - Ideal for Redevelopment - Build your Customize Dream Luxury House - Investment Rate - Potential for High Returns - Dont waste time, seize this unique opportunity For more information and additional options, kindly contact at provided numbers or visit Chohan HAY Estate.","Parking Spaces, Other Main Features, Furnished","Bedrooms: 5, Bathrooms: 5, Servant Quarters, Drawing Room, Dining Room, Kitchens, Lounge or Sitting Room","Broadband Internet Access, Satellite or Cable TV Ready, Intercom",,Lawn or Garden,"Nearby Schools, Nearby Hospitals, Nearby Shopping Malls, Nearby Restaurants, Distance From Airport (kms), Nearby Public Transport Service, Other Nearby Places","Maintenance Staff, Security Staff",,,
https://www.zameen.com/Property/islamabad_f-7_brand_new_modern_furnished_house_available_in_f-7-53095863-165-1.html,"F-7, Islamabad",House,PKR38 Crore,7,1.1 Kanal,For Sale,6,5 days ago,"F-7, Islamabad, Islamabad Capital","Chohan HAY Estate Offers: - Furnished - Brand New - Basement, Ground and Upper Portion - 6 Bedrooms with Attached Modern Bathrooms - Drawing, Dining and TV Lounge - Enriched by High Quality Finishes and Interior Highlights and Family Rooms with Walk-in Closets - Modern Kitchen, Handsome Cabinetry with Quartz Counter-top - Modern Baths with Jacuzzi - AC Units - Celling Roof with SMD Lights - Wooden Floor - Green Lush Lawn - Terrace - Servant Quarters - Cars Parking Space - Peaceful and Highly Secured Living Area - Great Opportunity, Don't Waste your Time Just Grab this Opportunity For more information and other options, kindly call on the mentioned numbers or visit Chohan HAY Estate","Parking Spaces, Other Main Features, Furnished","Bedrooms: 6, Bathrooms: 7, Servant Quarters, Drawing Room, Dining Room, Kitchens, Lounge or Sitting Room","Broadband Internet Access, Satellite or Cable TV Ready, Intercom",,"Lawn or Garden, Jacuzzi","Nearby Schools, Nearby Hospitals, Nearby Shopping Malls, Nearby Restaurants, Distance From Airport (kms), Nearby Public Transport Service, Other Nearby Places","Maintenance Staff, Security Staff",,,
https://www.zameen.com/Property/g_7_g-7_4_cda_sector_g-7_4_90_80_800_square_yards_house_for_sale-52147078-3372-1.html,"G-7/4, G-7",House,PKR40 Crore,6,1.6 Kanal,For Sale,8,2 months ago,"G-7, Islamabad, Islamabad Capital",Cda sector G-7/4(90*80)=800-Sq yards 8-bed rooms houses for sale. Nestled in the prestigious neighbourhood of G-7/4 service road east. This remarkable corner property offers an elegant modern design with two independent units each unit containing 400-sq yards with 4-bedrooms dd and tvl two independent cars porch each porch have a capacity for 2-3 vehicles well maintained ideal for two brothers ideally located on the parallel of 7th-Avenue in the heart of Islamabad high security zone . Golden opportunity for two independent families as an end user CDA transfer reasonable price single owner.,"Built in year: 2024, Parking Spaces, Double Glazed Windows, Central Air Conditioning, Central Heating, Flooring, Electricity Backup, Waste Disposal, Floors, Other Main Features","Bedrooms, Bathrooms, Servant Quarters: 4, Drawing Room, Dining Room, Kitchens: 4, Study Room, Prayer Room, Powder Room, Gym, Store Rooms: 2, Steam Room, Lounge or Sitting Room, Laundry Room","Broadband Internet Access, Satellite or Cable TV Ready, Intercom","Community Lawn or Garden, Community Swimming Pool, First Aid or Medical Centre, Day Care Centre, Kids Play Area, Barbeque Area, Mosque, Community Centre","Lawn or Garden, Swimming Pool, Sauna, Jacuzzi","Nearby Schools, Nearby Hospitals, Nearby Shopping Malls, Nearby Restaurants, Distance From Airport (kms), Nearby Public Transport Service, Other Nearby Places","Maintenance Staff, Security Staff, Facilities for Disabled, Other Facilities",,,
https://www.zameen.com/Property/f_7_f-7_1_26_marla_park_facing_house_for_sale-52953685-3307-1.html,"F-7/1, F-7",House,PKR42 Crore,6,1.6 Kanal,For Sale,9,6 months ago,"F-7, Islamabad, Islamabad Capital","Double Story House for Sale Location: F-7/1, Islamabad Plot Size: 72 100 Total Bedrooms: 8 (with attached bathrooms) Kitchen: 1 Servant Quarters: 2 Facing: Park face Currently Rented to: American company Current Rent: PKR 13 lac per month Rent Increase: Will increase to PKR 16 lac in December For More Details Feel free to contact Fair Deal Realtors D-12","Built in year: 2025, Parking Spaces: 1, Double Glazed Windows, Central Air Conditioning, Central Heating, Flooring, Electricity Backup, Waste Disposal, Other Main Features","Bedrooms: 1, Bathrooms: 1, Servant Quarters: 1, Drawing Room, Dining Room, Kitchens: 1, Study Room, Prayer Room, Powder Room, Gym, Store Rooms: 1, Steam Room, Lounge or Sitting Room, Laundry Room, Other Rooms","Broadband Internet Access, Satellite or Cable TV Ready, Intercom, Other Business and Communication Facilities","Community Lawn or Garden, Community Swimming Pool, Community Gym, First Aid or Medical Centre, Day Care Centre, Kids Play Area, Barbeque Area, Mosque, Community Centre, Other Community Facilities","Lawn or Garden, Sauna, Jacuzzi, Other Healthcare and Recreation Facilities","Nearby Schools, Nearby Hospitals, Nearby Shopping Malls, Nearby Restaurants, Distance From Airport (kms), Nearby Public Transport Service, Other Nearby Places","Maintenance Staff, Security Staff, Facilities for Disabled, Other Facilities",,,
https://www.zameen.com/Property/islamabad_g-6_60_x_180_livable_house_is_for_sale-53069100-169-1.html,"G-6, Islamabad",House,PKR35 Crore,6,2.4 Kanal,For Sale,5,6 months ago,"G-6, Islamabad, Islamabad Capital","Attached Images are for reference. Chohan HAY Estate Offers: - 1200 SQYD - CDA Transfer - Old Livable House - Perfect for Family Living - Ideal for Renovation or Redevelopment - Potential for High Returns - Great Investment - Suitable for Luxury Living or Redevelopment or Investment - Dont waste time, seize this unique opportunity For more information and additional options, kindly contact at provided numbers or visit Chohan HAY Estate.","Parking Spaces, Double Glazed Windows, Central Air Conditioning, Central Heating, Flooring, Electricity Backup, Waste Disposal, Other Main Features","Bedrooms: 5, Bathrooms: 6, Servant Quarters, Drawing Room, Dining Room, Kitchens, Study Room, Prayer Room, Powder Room, Gym, Store Rooms: 1, Steam Room, Lounge or Sitting Room, Laundry Room, Other Rooms","Broadband Internet Access, Satellite or Cable TV Ready, Intercom, Other Business and Communication Facilities","Community Lawn or Garden, Community Swimming Pool, Community Gym, First Aid or Medical Centre, Day Care Centre, Kids Play Area, Barbeque Area, Mosque, Community Centre, Other Community Facilities","Lawn or Garden, Sauna, Jacuzzi, Other Healthcare and Recreation Facilities","Nearby Schools, Nearby Hospitals, Nearby Shopping Malls, Nearby Restaurants, Distance From Airport (kms), Nearby Public Transport Service, Other Nearby Places","Maintenance Staff, Security Staff, Facilities for Disabled, Other Facilities",,,
https://www.zameen.com/Property/islamabad_g-6_house_in_demolished_condition_for_sale_g-6-53020908-169-1.html,"G-6, Islamabad",House,PKR45 Crore,6,2.4 Kanal,For Sale,5,1 month ago,"G-6, Islamabad, Islamabad Capital","Attached Images are for reference. Chohan HAY Estate Offers: - 1200 SQYD - CDA Transfer - 60 x 180 Dimension - Prime Location - Demolished House - Ideal for Redevelopment - Build your Customize Dream Luxury House - Investment Rate - Great Investment - Potential for High Returns - Dont waste time, seize this unique opportunity For more information and additional options, kindly contact at provided numbers or visit Chohan HAY Estate.","Built in year: 2025, Parking Spaces, Double Glazed Windows, Central Air Conditioning, Central Heating, Flooring, Electricity Backup, Waste Disposal, Floors: 2, Other Main Features, Furnished","Bedrooms: 5, Bathrooms: 6, Servant Quarters, Drawing Room, Dining Room, Kitchens, Study Room, Prayer Room, Powder Room, Gym, Store Rooms: 1, Steam Room, Lounge or Sitting Room, Laundry Room, Other Rooms","Broadband Internet Access, Satellite or Cable TV Ready, Intercom, Other Business and Communication Facilities","Community Lawn or Garden, Community Swimming Pool, Community Gym, First Aid or Medical Centre, Day Care Centre, Kids Play Area, Barbeque Area, Mosque, Community Centre, Other Community Facilities","Lawn or Garden, Swimming Pool, Sauna, Jacuzzi, Other Healthcare and Recreation Facilities","Nearby Schools, Nearby Hospitals, Nearby Shopping Malls, Nearby Restaurants, Distance From Airport (kms), Nearby Public Transport Service, Other Nearby Places","Maintenance Staff, Security Staff, Facilities for Disabled, Other Facilities",,,
https://www.zameen.com/Property/islamabad_f-7_4_kanal_prime_location_house_is_for_sale_in_f-7-52049296-165-1.html,"F-7, Islamabad",House,PKR90 Crore,7,4 Kanal,For Sale,7,4 hours ago,"F-7, Islamabad, Islamabad Capital","Attached Images are just for reference purpose only. Chohan HAY Estate Offers: - 4 Kanal - Big Front - Old Demolishable House - Investor Price - Great Time to Invest in Real Estate - Beat Option to Build Your Dream Home in F-7 - Peaceful and Secured Living Area - Dont Waste Your Time, Just Grab this Opportunity For more information and additional options, kindly contact at mentioned numbers or visit Chohan HAY Estate","Built in year: 2025, Parking Spaces, Double Glazed Windows, Central Air Conditioning, Central Heating, Flooring, Electricity Backup, Waste Disposal, Floors: 1, Other Main Features","Bedrooms: 7, Bathrooms: 8, Servant Quarters: 1, Drawing Room, Dining Room, Kitchens, Study Room, Prayer Room, Powder Room, Gym, Store Rooms: 1, Steam Room, Lounge or Sitting Room, Laundry Room","Broadband Internet Access, Satellite or Cable TV Ready, Intercom, Other Business and Communication Facilities","Community Lawn or Garden, Community Swimming Pool, Community Gym, First Aid or Medical Centre, Day Care Centre, Kids Play Area, Barbeque Area, Mosque, Community Centre, Other Community Facilities","Lawn or Garden, Swimming Pool, Sauna, Jacuzzi, Other Healthcare and Recreation Facilities","Nearby Schools, Nearby Hospitals, Nearby Shopping Malls, Nearby Restaurants, Distance From Airport (kms), Nearby Public Transport Service, Other Nearby Places","Maintenance Staff, Security Staff, Facilities for Disabled, Other Facilities",,,
https://www.zameen.com/Property/islamabad_f-10_3_bedrooms_2015_sqft_apartment_for_sale_in_sukh_chayn-52431850-162-1.html,"F-10, Islamabad",Flat,PKR9.5 Crore,4,9 Marla,For Sale,3,4 months ago,"F-10, Islamabad, Islamabad Capital","Chohan HAY Estate Offers: - 2015 SQFT - 3 Bedrooms with Attached Washrooms - Lounge and Terrace - Powder Room - Kitchen - Laundry - Margalla Hills View - Gym and Fitness - Salon - Caf and Coffee Bar - Swimming Pool - Executive Lounge - Spacious Parking - Security - Reception - Emergency Exits - Safety Hazards - Perfet Environment for Luxury Life - Dont Waste Your Time, Just Buy and Enjoy the Luxurious Apartment For more information and additional options, kindly contact at mentioned numbers or visit Chohan HAY Estate","Parking Spaces, Lobby in Building, Double Glazed Windows, Central Air Conditioning, Central Heating, Flooring, Electricity Backup, Waste Disposal, Floor, Floors in Building, Elevators, Service Elevators in Building, Other Main Features","Bedrooms: 3, Bathrooms: 4, Servant Quarters, Drawing Room, Dining Room, Kitchens, Study Room, Prayer Room, Powder Room, Gym, Store Rooms, Steam Room, Lounge or Sitting Room, Laundry Room, Other Rooms","Broadband Internet Access, Satellite or Cable TV Ready, Business Center or Media Room in Building, Intercom, Other Business and Communication Facilities","Community Lawn or Garden, Community Swimming Pool, Community Gym, First Aid or Medical Centre, Day Care Centre, Kids Play Area, Barbeque Area, Mosque, Community Centre, Other Community Facilities",Other Healthcare and Recreation Facilities,"Nearby Schools, Nearby Hospitals, Nearby Shopping Malls, Nearby Restaurants, Distance From Airport (kms), Nearby Public Transport Service, Other Nearby Places","Maintenance Staff, Security Staff, Facilities for Disabled, Other Facilities",,,
https://www.zameen.com/Property/bahria_town_bahria_enclave_brand_new_designer_house_available_for_sale_sector_c1_single_unit_house_walking_distance_from_park_masjid_and_market-53241931-1705-1.html,"Bahria Enclave, Bahria Town",House,PKR5.95 Crore,6,10 Marla,For Sale,5,4 days ago,"Bahria Town, Islamabad, Islamabad Capital","Sector C1 single unit house . >Totally A+ plus constructed house Huge car parking space for 2 car Beautiful lawn in front It's included Excellent and spacious 1:. 5 bedrooms, 2 drawing rooms, + two TV lounges+1 kitchen. servant quarters with attached kitchen and washroom: +6 washrooms + store extra space 2: Woodwork: All doors are solid made and handled imported. Media walls in both portions. 3: Two separate kitchens. 4: Sanitary: Popular pipes underground + bathrooms and kitchens. 5: Tiles: Master 6: Sanitary: Faisal fittings and porta seats 7: Proper space available for laundry 8: Paint:. Interior ICIn Nippon. Exterior ICI n Brighto 9. All lights are installed in the house 10. heighted and full of sunlight 11. Pakistan cables used and matrix switches 12. Osaka lights. 13. Ac Fitting 14. Walking distance from park masjid and market 15.80 percent end lived there We have a very professional team that deals in bahria Enclave Our inventory includes Many 10 marla options Brand new and used as well in all sectors of bahria enclave. SO CALL US FOR YOUR SAFE INVESTMENT AND BEST COMPETITIVE MARKET PRICE","Built in year: 2055, Parking Spaces: 2, Double Glazed Windows, Central Air Conditioning, Central Heating, Flooring, Electricity Backup, Waste Disposal, Floors: 2, Other Main Features","Bedrooms: 5, Bathrooms: 6, Servant Quarters: 1, Drawing Room, Dining Room, Kitchens: 1, Study Room, Prayer Room, Powder Room, Gym, Store Rooms: 1, Steam Room, Lounge or Sitting Room, Laundry Room, Other Rooms","Broadband Internet Access, Satellite or Cable TV Ready, Intercom, Other Business and Communication Facilities","Community Lawn or Garden, Community Swimming Pool, Community Gym, First Aid or Medical Centre, Day Care Centre, Kids Play Area, Barbeque Area, Mosque, Community Centre, Other Community Facilities","Lawn or Garden, Swimming Pool, Sauna, Jacuzzi, Other Healthcare and Recreation Facilities","Nearby Schools, Nearby Hospitals, Nearby Shopping Malls, Nearby Restaurants, Distance From Airport (kms), Nearby Public Transport Service, Other Nearby Places","Maintenance Staff, Security Staff, Facilities for Disabled, Other Facilities",,,
https://www.zameen.com/Property/bahria_enclave_bahria_enclave_-_sector_a_brand_new_10_marla_front_open_house_available_for_sale_ideal_front_open_space_for_home_gardening-53236580-11970-1.html,"Bahria Enclave - Sector A, Bahria Enclave",House,PKR5.1 Crore,6,10 Marla,For Sale,5,4 months ago,"Bahria Town, Islamabad, Islamabad Capital","sector A bahria enclave islamabad. >Totally A+ plus constructed house Huge car parking space for 2 car Beautiful lawn in front It's included Excellent and spacious 1:. 5 bedrooms, 2 drawing rooms, + two TV lounges. servant quarters with attached kitchen and washroom: +6 washrooms + store extra space 2: Woodwork: All doors are solid made and handled imported. Media walls in both portions. 3: Two separate kitchens. 4: Sanitary: Popular pipes underground + bathrooms and kitchens. 5: Tiles: Master 6: Sanitary: Faisal fittings and porta seats 7: Proper space available for laundry 8: Paint:. Interior ICIn Nippon. Exterior ICI n Brighto 9. All lights are installed in the house 10. heighted and full of sunlight 11. Pakistan cables used and matrix switches 12. Osaka lights. 13. Ac Fitting 14. Walking distance from park masjid and market 15.80 percent end lived there We have a very professional team that deals in bahria Enclave Our inventory includes Many 10 marla options Brand new and used as well in all sectors of bahria enclave. SO CALL US FOR YOUR SAFE INVESTMENT AND BEST COMPETITIVE MARKET PRICE","Parking Spaces: 2, Double Glazed Windows, Central Air Conditioning, Central Heating, Flooring, Electricity Backup, Floors: 2, Other Main Features","Bedrooms: 5, Bathrooms: 6, Servant Quarters: 1, Drawing Room, Dining Room, Kitchens: 2, Study Room, Prayer Room, Powder Room, Gym, Store Rooms: 1, Steam Room, Lounge or Sitting Room, Other Rooms","Broadband Internet Access, Satellite or Cable TV Ready, Intercom, Other Business and Communication Facilities","Community Lawn or Garden, Community Swimming Pool, Community Gym, First Aid or Medical Centre, Day Care Centre, Kids Play Area, Barbeque Area, Mosque, Other Community Facilities","Lawn or Garden, Other Healthcare and Recreation Facilities","Nearby Schools, Nearby Hospitals, Nearby Shopping Malls, Nearby Restaurants, Distance From Airport (kms), Nearby Public Transport Service, Other Nearby Places","Maintenance Staff, Security Staff, Facilities for Disabled, Other Facilities",,,
https://www.zameen.com/Property/bahria_enclave_bahria_enclave_-_sector_c1_brand_new_10_marla_house_available_for_sale_front_open_house_park_in_next_street_very_ideal_location_for_living-53236686-11987-1.html,"Bahria Enclave - Sector C1, Bahria Enclave",House,PKR5.25 Crore,6,10 Marla,For Sale,5,4 days ago,"Bahria Town, Islamabad, Islamabad Capital",">Totally A+ plus constructed house Huge car parking space for 2 car Beautiful lawn in front It's included Excellent and spacious 1:. 5 bedrooms, 2 drawing rooms, + two TV lounges. servant quarters with attached kitchen and washroom: +6 washrooms + store extra space 2: Woodwork: All doors are solid made and handled imported. Media walls in both portions. 3: Two separate kitchens. 4: Sanitary: Popular pipes underground + bathrooms and kitchens. 5: Tiles: Master 6: Sanitary: Faisal fittings and porta seats 7: Proper space available for laundry 8: Paint:. Interior ICIn Nippon. Exterior ICI n Brighto 9. All lights are installed in the house 10. heighted and full of sunlight 11. Pakistan cables used and matrix switches 12. Osaka lights. 13. Ac Fitting 14. Walking distance from park masjid and market 15.80 percent end lived there We have a very professional team that deals in bahria Enclave Our inventory includes Many 10 marla options Brand new and used as well in all sectors of bahria enclave. SO CALL US FOR YOUR SAFE INVESTMENT AND BEST COMPETITIVE MARKET PRICE","Built in year: 2025, Parking Spaces: 2, Double Glazed Windows, Central Air Conditioning, Central Heating, Flooring, Electricity Backup, Waste Disposal, Floors: 2, Other Main Features, Furnished","Bedrooms: 5, Bathrooms: 6, Servant Quarters: 1, Drawing Room, Dining Room, Kitchens: 2, Study Room, Prayer Room, Powder Room, Gym, Store Rooms: 1, Steam Room, Lounge or Sitting Room, Laundry Room, Other Rooms","Broadband Internet Access, Satellite or Cable TV Ready, Intercom, Other Business and Communication Facilities","Community Lawn or Garden, Community Swimming Pool, Community Gym, First Aid or Medical Centre, Day Care Centre, Kids Play Area, Barbeque Area, Mosque, Community Centre, Other Community Facilities","Lawn or Garden, Sauna, Jacuzzi, Other Healthcare and Recreation Facilities","Nearby Schools, Nearby Hospitals, Nearby Shopping Malls, Nearby Restaurants, Distance From Airport (kms), Nearby Public Transport Service, Other Nearby Places","Maintenance Staff, Security Staff, Facilities for Disabled, Other Facilities",,,
https://www.zameen.com/Property/bahria_town_bahria_enclave_12_marla_corner_plus_boulevard_category_brand_new_house_available_for_sale-53237916-1705-1.html,"Bahria Enclave, Bahria Town",House,PKR6.5 Crore,6,10 Marla,For Sale,5,3 hours ago,"Bahria Town, Islamabad, Islamabad Capital",Sector B corner plus boulevard category 12 marla house A+ plus constructed 2 unit house 5 bedrooms with attached washrooms 2 kitchens fully equipped Servant Quarter 2 car parking,"Built in year: 2025, Parking Spaces: 2, Double Glazed Windows, Central Air Conditioning, Central Heating, Flooring, Electricity Backup, Waste Disposal, Floors: 2, Other Main Features, Furnished","Bedrooms: 5, Bathrooms: 6, Servant Quarters: 1, Drawing Room, Dining Room, Kitchens: 2, Study Room, Prayer Room, Powder Room, Gym, Store Rooms: 1, Steam Room, Lounge or Sitting Room, Laundry Room, Other Rooms","Broadband Internet Access, Satellite or Cable TV Ready, Intercom, Other Business and Communication Facilities","Community Lawn or Garden, Community Swimming Pool, Community Gym, First Aid or Medical Centre, Day Care Centre, Kids Play Area, Barbeque Area, Mosque, Community Centre, Other Community Facilities","Lawn or Garden, Sauna, Jacuzzi, Other Healthcare and Recreation Facilities","Nearby Schools, Nearby Hospitals, Nearby Shopping Malls, Nearby Restaurants, Distance From Airport (kms), Nearby Public Transport Service, Other Nearby Places","Maintenance Staff, Security Staff, Facilities for Disabled, Other Facilities",,,
https://www.zameen.com/Property/islamabad_top_city_1_top_city_one_bed_apartment_available_on_easy_installments_14_lac_down_payment-53333298-1383-1.html,"Top City 1, Islamabad",Flat,PKR97.23 Lakh,1,2.7 Marla,For Sale,1,3 days ago,"Top City 1, Islamabad, Islamabad Capital",Top City Near To Air Port One Bed Apartment Available On Installments 14 Lac Down Payment 12 Lac Confirmation Within 2 Month 72 Installments 43000 Monthly Instalments 6 Lac After 6 Month 8 Floor Complete Total 14 Floor Possession Date 2026 Dec For More Info Plz Contact Us,"Built in year: 2025, Parking Spaces, Double Glazed Windows, Central Air Conditioning, Flooring, Electricity Backup, Waste Disposal, Other Main Features, Furnished","Bedrooms: 5, Bathrooms: 4, Servant Quarters, Drawing Room, Dining Room, Kitchens: 2, Study Room, Prayer Room, Powder Room, Store Rooms: 1, Steam Room, Lounge or Sitting Room, Laundry Room, Other Rooms","Broadband Internet Access, Satellite or Cable TV Ready, Intercom, Other Business and Communication Facilities","Community Lawn or Garden, Community Swimming Pool, Community Gym, First Aid or Medical Centre, Day Care Centre, Kids Play Area, Barbeque Area, Mosque, Community Centre, Other Community Facilities","Sauna, Jacuzzi, Other Healthcare and Recreation Facilities","Nearby Schools, Nearby Hospitals, Nearby Shopping Malls, Nearby Restaurants, Distance From Airport (kms), Nearby Public Transport Service, Other Nearby Places","Maintenance Staff, Security Staff, Facilities for Disabled",,,
https://www.zameen.com/Property/islamabad_h-13_5_marla_fresh_house_for_sale_in_paris_city_f_block_sector_h-13_islamabad_near_nust_university-52857133-1039-1.html,"H-13, Islamabad",House,PKR2.6 Crore,6,5 Marla,For Sale,7,3 months ago,"H-13, Islamabad, Islamabad Capital","Abdullah Property & Builders Pvt. Ltd. Your Trusted Partner in Real Estate. We are pleased to present this newly built, modern house located in one of the most sought-after communities in the heart of Islamabad. Perfect for families, professionals, or savvy investors looking for quality, convenience, and long-term value. Property Overview: 7 Spacious Bedrooms 6 Attached Bathrooms 2 Well-designed TV Lounges Modern Kitchen Fresh Construction Ready for Possession Ideal for Families or Investment Location Highlights: Situated in Paris City F-Block, Sector H-13, Islamabad Just minutes away from NUST University Easy access to Kashmir Highway & Islamabad Expressway Peaceful residential community with growing value Demand: PKR 2.60 Crore Ideal For: First-time homebuyers seeking a move-in-ready home Real estate investors targeting high-demand rental zones Professionals & students needing a secure, modern space near key institutions Dont miss this rare opportunity to own a premium 5-Marla house in one of Islamabads most strategic and fast-developing sectors. Contact us now to schedule a visit or learn more! Abdullah Property Dealer & Builders Abdullah Property & Builders Pvt. Ltd. Your trusted partner in real estate.","Built in year: 2025, Parking Spaces, Double Glazed Windows, Central Air Conditioning, Central Heating, Flooring, Electricity Backup, Waste Disposal, Floors: 1, Other Main Features, Furnished","Bedrooms: 5, Bathrooms: 5, Servant Quarters: 1, Drawing Room, Dining Room, Kitchens: 2, Study Room, Prayer Room, Powder Room, Gym, Store Rooms: 1, Steam Room, Lounge or Sitting Room, Laundry Room, Other Rooms","Broadband Internet Access, Satellite or Cable TV Ready, Intercom, Other Business and Communication Facilities","Community Lawn or Garden, Community Swimming Pool, Community Gym, First Aid or Medical Centre, Day Care Centre, Kids Play Area, Barbeque Area, Mosque, Community Centre, Other Community Facilities","Lawn or Garden, Swimming Pool, Sauna, Jacuzzi, Other Healthcare and Recreation Facilities","Nearby Schools, Nearby Hospitals, Nearby Shopping Malls, Nearby Restaurants, Distance From Airport (kms), Nearby Public Transport Service, Other Nearby Places","Security Staff, Other Facilities",,,
https://www.zameen.com/Property/islamabad_b-17_1_kanal_house_brand_new_double_unit_house_for_sale_mpchs_b-17_islamabad-52931273-616-1.html,"B-17, Islamabad",House,PKR10 Crore,7,1 Kanal,For Sale,5,4 days ago,"B-17, Islamabad, Islamabad Capital","An exceptional opportunity to own a beautifully constructed 1 Kanal house located in the highly sought, Ijaz Ahmed Khan Avenue, Block B-1, MPCHS (Multi Gardens), B-17, Islamabad. This property offers spacious living with premium finishes and is ideal for families looking for comfort, luxury and long-term value. Key Features: Ground Floor: 2 Spacious Bedrooms with Attached Bathrooms Modern Kitchen TV Lounge Drawing Room Dining Area First Floor: 3 Bedrooms with Attached Bathrooms Additional Modern Kitchen TV Lounge Drawing Room Dining Area Additional Highlights: 4-Car Parking Space Separate Entrances for Both Units Elegant Finishing & Quality Fixtures Ideal for Dual Family Living or Rental Investment Located on Ijaz Ahmed Khan Avenue Prime & Peaceful Location Walking distance from Masjid, Markets, and Parks ________________________________________ Why Choose This Property? Brand-new construction with attention to detail High-quality materials and premium workmanship Excellent rental income potential from both units Situated in a fully developed and secure neighborhood This is a rare chance to own a Kanal home in one of Islamabads rapidly appreciating areas. Dont miss this incredible opportunity! Contact us now to schedule a visit or learn more! Abdullah Property Dealer & Builders Office GF-21, Town Residency, Old Bara Road, University Town, Peshawar","Built in year: 2025, Parking Spaces, Double Glazed Windows, Central Air Conditioning, Central Heating, Flooring, Electricity Backup, Waste Disposal, Floors: 2, Other Main Features","Bedrooms: 5, Bathrooms: 6, Servant Quarters: 1, Drawing Room, Dining Room, Kitchens: 2, Study Room, Prayer Room, Powder Room, Store Rooms: 2, Lounge or Sitting Room, Laundry Room, Other Rooms","Broadband Internet Access, Satellite or Cable TV Ready, Intercom, Other Business and Communication Facilities","Community Lawn or Garden, Community Swimming Pool, Community Gym, First Aid or Medical Centre, Day Care Centre, Kids Play Area, Barbeque Area, Mosque, Community Centre, Other Community Facilities","Lawn or Garden, Sauna, Jacuzzi, Other Healthcare and Recreation Facilities","Nearby Schools, Nearby Hospitals, Nearby Shopping Malls, Nearby Restaurants, Distance From Airport (kms), Nearby Public Transport Service, Other Nearby Places","Maintenance Staff, Security Staff, Facilities for Disabled",,,
https://www.zameen.com/Property/islamabad_b-17_1_kanal_house_for_sale_in_b-17_block_a_islamabad-52879360-616-1.html,"B-17, Islamabad",House,PKR8 Crore,-,1 Kanal,For Sale,-,3 months ago,"B-17, Islamabad, Islamabad Capital","An exceptional opportunity to own a beautifully constructed 1 Kanal house located in the highly sought-after Block A of B-17, Islamabad. This property offers spacious living with premium finishes and is ideal for families looking for comfort, luxury, and long-term value. Property Features: Prime location in B-17 Block A Solid construction with elegant design Spacious bedrooms with attached baths Modern kitchen and stylish fittings Ample parking space Lush green lawn Peaceful and secure neighborhood Demand: PKR 8 Crore Location Benefits: Easy access to G. T. Road and Motorway Nearby parks, schools, and commercial areas Fully developed and populated sector This is a rare chance to own a Kanal home in one of Islamabads rapidly appreciating areas. Dont miss this incredible opportunity! Contact us now to schedule a visit or learn more! Abdullah Property Dealer & Builders Office GF-21, Town Residency, Old Bara Road, University Town, Peshawar","Parking Spaces, Double Glazed Windows, Flooring, Electricity Backup, Waste Disposal, Floors: 2, Furnished","Drawing Room, Dining Room, Lounge or Sitting Room","Broadband Internet Access, Satellite or Cable TV Ready","Community Lawn or Garden, Kids Play Area, Mosque","Lawn or Garden, Swimming Pool, Sauna, Jacuzzi","Nearby Schools, Nearby Hospitals, Nearby Shopping Malls, Nearby Restaurants, Nearby Public Transport Service, Other Nearby Places","Security Staff, Facilities for Disabled",,,
https://www.zameen.com/Property/b_17_capital_square_one-bed_apartment_of_size_700_sq_ft_for_sale-52890629-11252-1.html,"Capital Square, B-17",Flat,PKR65 Lakh,1,3.1 Marla,For Sale,1,1 week ago,"B-17, Islamabad, Islamabad Capital","MPCHS B-17 ISLAMABAD Capital square 1-bed apartment of size 700 sq/ft available for sale. D-block, 6th floor, zoo facing.","Built in year: 2018, Parking Spaces, Lobby in Building, Double Glazed Windows, Flooring, Electricity Backup, Waste Disposal, Floor, Floors in Building: 12, Elevators, Service Elevators in Building","Drawing Room, Dining Room, Kitchens: 1, Study Room, Prayer Room, Powder Room, Lounge or Sitting Room, Laundry Room",,,,,,,,
https://www.zameen.com/Property/b_17_capital_square_2-bed_apartment_size_1050_sq_ft_10_th_floor-53002828-11252-1.html,"Capital Square, B-17",Flat,PKR75 Lakh,2,4.7 Marla,For Sale,2,1 week ago,"B-17, Islamabad, Islamabad Capital","MPCHS B-17 ISLAMABAD Capital square C-block 2-bed apartment of size 1050 sq/ft 8th floor, motorway facing is available for sale. 1-Bedrooms 2 2-Bathrooms 2 3-Kitchen 1 4- TV Lounge 1 5-Store 1","Built in year: 2018, Parking Spaces, Lobby in Building, Double Glazed Windows, Central Air Conditioning, Central Heating, Flooring, Electricity Backup, Waste Disposal, Floor, Floors in Building: 14, Elevators, Service Elevators in Building, Other Main Features","Bedrooms: 2, Bathrooms: 2, Kitchens: 1, Store Rooms: 1","Broadband Internet Access, Satellite or Cable TV Ready, Business Center or Media Room in Building, Conference Room in Building, Intercom, ATM Machines, Other Business and Communication Facilities","Community Lawn or Garden, Community Swimming Pool, Community Gym, First Aid or Medical Centre, Day Care Centre, Kids Play Area, Barbeque Area, Mosque, Community Centre, Other Community Facilities",,"Nearby Schools, Nearby Hospitals, Nearby Shopping Malls, Nearby Restaurants, Distance From Airport (kms), Nearby Public Transport Service, Other Nearby Places","Maintenance Staff, Security Staff, Facilities for Disabled, Other Facilities",,,
https://www.zameen.com/Property/mpchs_multi_gardens_mpchs_-_block_b_extension_1_2_bed_luxury_apartment_on_5th_floor_available_for_sale_in_block_b_1_multi_gardens_mpchs_b-17-52987094-16519-1.html,"MPCHS - Block B Extension 1, MPCHS - Multi Gardens",Flat,PKR52 Lakh,2,3.4 Marla,For Sale,2,2 months ago,"B-17, Islamabad, Islamabad Capital",2 Bed Luxury Apartment on 5th floor. Available For Sale in Block B 1. Multi Gardens MPCHS B-17. Opposite to Main Double Road. Opposite to Savour Food. Lift right now not Working. 2 Bedrooms. 2 Baths. TV Lounge. Kitchen. Electricity and Water Available. FMC B-17 Multi Garden B-1 Block. Main Commercial Market MDR +MOSQUE. . +SCHOOL +ZOO+FAMILY PARK Margalla facing & J7 Facing Interested People Can Contact Easily.,"Built in year: 2022, Parking Spaces, Double Glazed Windows, Central Air Conditioning, Central Heating, Flooring, Electricity Backup, Waste Disposal, Other Main Features, Furnished","Bedrooms: 2, Bathrooms: 2, Servant Quarters: 1, Drawing Room, Dining Room, Kitchens: 1, Study Room, Prayer Room, Powder Room, Gym, Store Rooms: 1, Steam Room, Lounge or Sitting Room, Laundry Room, Other Rooms","Broadband Internet Access, Satellite or Cable TV Ready, Business Center or Media Room in Building, Conference Room in Building, Intercom, ATM Machines, Other Business and Communication Facilities","Community Lawn or Garden, Community Swimming Pool, Community Gym, First Aid or Medical Centre, Day Care Centre, Kids Play Area, Barbeque Area, Mosque, Community Centre, Other Community Facilities","Sauna, Jacuzzi, Other Healthcare and Recreation Facilities","Nearby Schools, Nearby Hospitals, Nearby Shopping Malls, Nearby Restaurants, Distance From Airport (kms), Nearby Public Transport Service, Other Nearby Places","Maintenance Staff, Security Staff, Facilities for Disabled, Other Facilities",,,
https://www.zameen.com/Property/top_city_1_top_city_1_-_block_c_one_bed_apartment_available_for_sale-53010581-9232-1.html,"Top City 1 - Block C, Top City 1",Flat,PKR75 Lakh,1,2.7 Marla,For Sale,1,1 week ago,"Top City 1, Islamabad, Islamabad Capital","project Time square Residency fully residential project price negotiable All categories Plots Available at Top city in best Market Rates. Kanal 10 Marla 5 Marla Corner, Parkface Commercial and Residential Briqs Developer And Marketing Offer A Prime Location Residential Plot In Top City 1 Islamabad 5 Marla 10 Marla and Kanal Also Commercial in All Catergries. The ideal location of TopCity-1 near Kashmir Highway, is one of its most attractive features. Although the housing society is located at a 20-minute drive from downtown G 11 Markaz Islamabad, it can be easily accessed through Kashmir Highway, Lahore and Islamabad Motorways and Grand Trunk Road. The new Islamabad International Airport is also situated at a distance of approximately 3 kilometers from TopCity-1. That means it will take residents just 5 minutes to reach the airport through New Islamabad Airport Road. It is also connected by a grand and an exclusive Interchange making a Loop on Kashmir Highway giving direct access to residents in TopCity-1. The under development public transit metro bus service connects TopCity-1 through two terminals while the International CPEC City is located at a short distance.","Built in year: 2024, Parking Spaces: 4, Lobby in Building, Double Glazed Windows, Central Air Conditioning, Central Heating, Flooring, Electricity Backup, Waste Disposal, Floor: 3, Floors in Building: 10, Elevators: 3, Service Elevators in Building, Other Main Features, Furnished","Bedrooms: 1, Bathrooms: 1, Servant Quarters: 2, Drawing Room, Dining Room, Kitchens: 1, Study Room, Prayer Room, Powder Room, Gym, Store Rooms: 1, Steam Room, Lounge or Sitting Room, Laundry Room, Other Rooms","Broadband Internet Access, Satellite or Cable TV Ready, Intercom, Other Business and Communication Facilities","Community Lawn or Garden, Community Swimming Pool, Community Gym, First Aid or Medical Centre, Day Care Centre, Kids Play Area, Barbeque Area, Mosque, Community Centre, Other Community Facilities","Sauna, Jacuzzi, Other Healthcare and Recreation Facilities","Nearby Schools, Nearby Hospitals, Nearby Shopping Malls, Nearby Restaurants, Distance From Airport (kms), Nearby Public Transport Service, Other Nearby Places","Maintenance Staff, Security Staff, Facilities for Disabled, Other Facilities",,,
https://www.zameen.com/Property/faisal_hills_faisal_hills_-_block_c_5_marla_corner_house_for_sale_in_faisal_hills_c_block_contact_number_03349452163-53099032-12657-1.html,"Faisal Hills - Block C, Faisal Hills",House,PKR1.65 Crore,5,5 Marla,For Sale,3,6 months ago,"Faisal Hills, Islamabad, Islamabad Capital","A beautifully constructed 5 Marla Corner House is available for sale in Faisal Hills, C Block. Contact 3 Bedrooms with Attached Washrooms 2 Drawing Rooms 2 Spacious TV Lounges 2 Modern Kitchens 4 Washrooms Servant Quarter 1 Car Parking Spaces Water boring installation Electricity connection install Additional Details: A+ Construction & Modern Finishing Corner House Extra Space & Ventilation Prime Location in Faisal Hills C Block Near Masjid, Park, and Commercial Area Demand: 1 Crore 65 Lakh Only For More Details & Visit:","Built in year: 2025, Parking Spaces, Double Glazed Windows, Central Air Conditioning, Central Heating, Flooring, Electricity Backup, Waste Disposal, Floors: 2, Other Main Features, Furnished","Bedrooms: 5, Bathrooms: 6, Servant Quarters: 1, Drawing Room, Dining Room, Kitchens: 2, Lounge or Sitting Room, Laundry Room, Other Rooms","Broadband Internet Access, Satellite or Cable TV Ready, Intercom, Other Business and Communication Facilities","Community Lawn or Garden, Community Swimming Pool, Community Gym, First Aid or Medical Centre, Day Care Centre, Kids Play Area, Barbeque Area, Mosque, Community Centre, Other Community Facilities",,"Nearby Schools, Nearby Hospitals, Nearby Shopping Malls, Nearby Restaurants, Distance From Airport (kms), Nearby Public Transport Service, Other Nearby Places","Maintenance Staff, Security Staff, Other Facilities",,,
https://www.zameen.com/Property/b_17_faisal_margalla_city_8_marla_brand_new_double_unit_house_available_for_sale_in_multi_gardens_mpchs_b-17_islamabad-52900388-13424-1.html,"Faisal Margalla City, B-17",House,PKR3.6 Crore,-,8 Marla,For Sale,-,2 weeks ago,"B-17, Islamabad, Islamabad Capital","8 Marla Brand New Double Unit House. Available For Sale in Multi Gardens. MPCHS B-17 Islamabad. Front Back Open. House Size 30*60. Double Unit. 5 Bedrooms. 6 Baths. 2 Drawing Dining. 2 TV Lounge. 2 Kitchens. 2 Car Parking. Electricity , Water Available. Interested People Can Contact Easily. Multi Gardens MPCHS B-17 is a Good Sector. For Residence Because Neat and Clean. 24 Hours Security. Schools , Banks , Restaurants , Parks , Zoo all Facilities Available.",,"Bedrooms: 4, Bathrooms: 6, Drawing Room, Dining Room, Kitchens: 2, Store Rooms: 1, Lounge or Sitting Room, Laundry Room","Broadband Internet Access, Satellite or Cable TV Ready, Intercom, Other Business and Communication Facilities","Community Lawn or Garden, Community Swimming Pool, Community Gym, First Aid or Medical Centre, Day Care Centre, Kids Play Area, Barbeque Area, Mosque, Community Centre, Other Community Facilities","Lawn or Garden, Other Healthcare and Recreation Facilities","Nearby Schools, Nearby Hospitals, Nearby Shopping Malls, Nearby Restaurants, Distance From Airport (kms), Nearby Public Transport Service, Other Nearby Places",,,,
https://www.zameen.com/Property/mpchs_multi_gardens_mpchs_-_block_f_5_marla_designer_house_for_sale_in_multi_garden_b_17_islamabad-52901878-8527-1.html,"MPCHS - Block F, MPCHS - Multi Gardens",House,PKR2.4 Crore,6,5 Marla,For Sale,4,2 days ago,"B-17, Islamabad, Islamabad Capital","5 Marla (25x50) Brand New Double-Story House for Sale B-17 Islamabad F Block | 60 Ft Wide Road | Double Unit Demand: 2.40 Crore (240 Lac) Location Highlights: Located in F Block, B-17 Islamabad Situated on a 60 ft wide road Prime location near schools, universities, masjid, and commercial markaz Peaceful and fully developed neighborhood Ground Floor: 2 Bedrooms 1 Dressing Room 1 TV Lounge 2 Washrooms 1 Kitchen First Floor (2nd Floor): 2 Bedrooms 1 TV Lounge 1 Kitchen 2 Washrooms 1 Terrace Key Features: Plot Size: 5 Marla (25x50) Double Unit Ideal for two families Brand new construction with stylish finishing Modern interior & premium fittings Separate entrances possible Electricity connection installed Water bore + society water connection available Ideal for living or investment For visit or more info, contact:","Built in year: 2025, Parking Spaces: 1, Double Glazed Windows, Central Air Conditioning, Central Heating, Flooring, Electricity Backup, Floors: 2","Bedrooms: 4, Bathrooms: 6, Servant Quarters: 1, Drawing Room, Dining Room, Kitchens: 2, Study Room, Prayer Room, Powder Room, Store Rooms: 1, Steam Room, Lounge or Sitting Room, Laundry Room","Broadband Internet Access, Satellite or Cable TV Ready, Intercom","Community Lawn or Garden, Community Swimming Pool, Community Gym, First Aid or Medical Centre, Day Care Centre, Kids Play Area, Barbeque Area, Mosque, Community Centre","Lawn or Garden, Swimming Pool, Sauna, Jacuzzi","Nearby Schools, Nearby Hospitals, Nearby Shopping Malls, Nearby Restaurants, Distance From Airport (kms), Nearby Public Transport Service, Other Nearby Places","Security Staff, Other Facilities",,,
https://www.zameen.com/Property/b_17_faisal_margalla_city_5_marla_brand_new_designer_house_for_sale_in_faisal_margala_city_islamabad-52898599-13424-1.html,"Faisal Margalla City, B-17",House,PKR2.6 Crore,5,5 Marla,For Sale,4,4 months ago,"B-17, Islamabad, Islamabad Capital","FMC Faisal Margala city Islamabad Brand New Luxury house for sale Double story Double unit. Ground floor, 1 kitchen, 2 bedrooms 2 washrooms 1 dressing room 1 TV lunch 2nd floor 2 bedrooms 1 kitchen 2 washrooms 1 dressing room 1 TV lunch Walking distance from Masque Main commercial market Park school water boring Water supply very reasonable price For sale information contact: Saddam Umar","Built in year: 2025, Parking Spaces: 1, Double Glazed Windows, Central Air Conditioning, Central Heating, Flooring, Floors: 2","Bedrooms: 4, Bathrooms: 6, Servant Quarters: 1, Drawing Room, Dining Room, Kitchens: 2, Study Room, Powder Room, Store Rooms: 1, Steam Room, Lounge or Sitting Room, Laundry Room","Broadband Internet Access, Satellite or Cable TV Ready, Intercom","Community Lawn or Garden, Community Swimming Pool, Community Gym, First Aid or Medical Centre, Day Care Centre, Kids Play Area, Barbeque Area, Mosque, Community Centre","Lawn or Garden, Swimming Pool, Sauna, Jacuzzi","Nearby Schools, Nearby Hospitals, Nearby Shopping Malls, Nearby Restaurants, Distance From Airport (kms), Nearby Public Transport Service, Other Nearby Places",,,,
https://www.zameen.com/Property/mpchs_multi_gardens_mpchs_-_block_c_8_marla_brand_new_luxury_house_for_sale_in_multi_garden_b_17_islamabad-52732017-3118-1.html,"MPCHS - Block C, MPCHS - Multi Gardens",House,PKR3.25 Crore,6,8 Marla,For Sale,4,4 months ago,"B-17, Islamabad, Islamabad Capital","Size 30x60 Brand New House Double Story Double Unit Good location Luxury house Top location A++ quality of construction 4 bedrooms 5 bathroom 2 kitchen 2 Drawing room 2 Dining room powder room Car porch space 2 servant quarter with attached washroom laundry area store room electricity water boring Direct access to main double road walking distance from Masque, Main commercial market, Park School , Zoo, football Ground, cricket ground For more details contact: Saddam Umar","Built in year: 2025, Parking Spaces: 2, Double Glazed Windows, Central Air Conditioning, Central Heating, Flooring, Electricity Backup, Waste Disposal, Floors: 2, Other Main Features, Furnished","Bedrooms: 4, Bathrooms: 6, Servant Quarters: 1, Drawing Room, Dining Room, Kitchens: 2, Study Room, Prayer Room, Powder Room, Gym, Store Rooms: 1, Steam Room, Lounge or Sitting Room, Laundry Room, Other Rooms","Broadband Internet Access, Satellite or Cable TV Ready, Intercom, Other Business and Communication Facilities","Community Lawn or Garden, Community Swimming Pool, Community Gym, First Aid or Medical Centre, Day Care Centre, Kids Play Area, Barbeque Area, Mosque, Community Centre, Other Community Facilities","Lawn or Garden, Swimming Pool, Sauna, Jacuzzi, Other Healthcare and Recreation Facilities","Nearby Schools, Nearby Hospitals, Nearby Shopping Malls, Nearby Restaurants, Distance From Airport (kms), Nearby Public Transport Service, Other Nearby Places",,,,
https://www.zameen.com/Property/mpchs_multi_gardens_mpchs_-_block_c1_10_marla_brand_new_luxury_house_for_sale_in_multi_garden_b_17_islamabad-52900068-12607-1.html,"MPCHS - Block C1, MPCHS - Multi Gardens",House,PKR4.6 Crore,6,10 Marla,For Sale,5,4 months ago,"B-17, Islamabad, Islamabad Capital",10 Marla Brand New House Designer house Double Story Double Unit A++ Quality of Construction 5bedrooms 2 Tv longue 2 kitchen 2 Drawing room Servent quarter at mumty 3-4 cars parking Water boring Gas Electricity Walking distance from Masque Main commercial market Park school water filtration plant For more information contact,"Built in year: 2025, Parking Spaces: 3, Double Glazed Windows, Central Air Conditioning, Central Heating, Flooring, Electricity Backup, Waste Disposal, Floors: 2, Other Main Features","Bedrooms: 5, Bathrooms: 6, Servant Quarters: 1, Drawing Room, Dining Room, Kitchens: 2, Study Room, Prayer Room, Powder Room, Gym, Store Rooms: 1, Steam Room, Lounge or Sitting Room, Laundry Room, Other Rooms","Broadband Internet Access, Satellite or Cable TV Ready, Intercom, Other Business and Communication Facilities","Community Lawn or Garden, Community Swimming Pool, Community Gym, First Aid or Medical Centre, Day Care Centre, Kids Play Area, Barbeque Area, Mosque, Community Centre, Other Community Facilities","Lawn or Garden, Swimming Pool, Sauna, Jacuzzi, Other Healthcare and Recreation Facilities","Nearby Schools, Nearby Hospitals, Nearby Shopping Malls, Nearby Restaurants, Distance From Airport (kms), Nearby Public Transport Service, Other Nearby Places","Maintenance Staff, Security Staff, Facilities for Disabled, Other Facilities",,,
https://www.zameen.com/Property/mpchs_multi_gardens_mpchs_-_block_d_8_marla_brand_new_luxury_house_for_sale_in_multi_garden_b_17-52905257-3119-1.html,"MPCHS - Block D, MPCHS - Multi Gardens",House,PKR3.5 Crore,6,8 Marla,For Sale,5,4 months ago,"B-17, Islamabad, Islamabad Capital","8 Marla (30x60) Brand New Double-Story House for Sale B-17 Islamabad D Block | 40 Ft Wide Road | Double Unit Demand: 3.50 Crore (350 Lac) Contact: Location Highlights: Located in D Block, B-17 Islamabad Situated on a 40 ft wide road Prime location near schools, universities, masjid, and commercial markaz Peaceful and fully developed neighborhood Ground Floor: 2 Bedrooms 1 Dressing Room 1 TV Lounge 2 Washrooms 1 Kitchen First Floor (2nd Floor): 2 Bedrooms 1 TV Lounge 1 Kitchen 2 Washrooms 1 Terrace Key Features: Plot Size: 8 Marla (30x60) Double Unit Ideal for two families Brand new construction with stylish finishing Modern interior & premium fittings Separate entrances possible Electricity connection installed Water bore + society water connection available Ideal for living or investment For visit or more info, contact:","Built in year: 2025, Parking Spaces: 2, Double Glazed Windows, Central Air Conditioning, Flooring, Electricity Backup, Floors: 2","Bedrooms: 5, Bathrooms: 6, Servant Quarters: 1, Drawing Room, Dining Room, Kitchens: 2, Study Room, Prayer Room, Powder Room, Gym, Store Rooms: 1, Steam Room, Lounge or Sitting Room","Broadband Internet Access, Satellite or Cable TV Ready, Intercom","Community Lawn or Garden, Community Swimming Pool, Community Gym, First Aid or Medical Centre, Day Care Centre, Kids Play Area, Barbeque Area, Mosque, Community Centre","Lawn or Garden, Swimming Pool, Sauna, Jacuzzi","Nearby Schools, Nearby Hospitals, Nearby Shopping Malls, Nearby Restaurants, Distance From Airport (kms), Nearby Public Transport Service, Other Nearby Places",,,,
https://www.zameen.com/Property/islamabad_b-17_5_marla_double_story_house_available_for_sale_in_block_f_multi_gardens_mpchs_b-17_islamabad-52722413-616-1.html,"B-17, Islamabad",House,PKR2.3 Crore,4,5 Marla,For Sale,4,4 months ago,"B-17, Islamabad, Islamabad Capital",5 Marla Double Story House For Sale in Multi Gardens MPCHS B-17 Islamabad House Size 25*50 4 Bedrooms 5 Baths 2 TV Lounge 2 Kitchen Car Parking Space Electricity Water and Gas Available,,"Bedrooms: 4, Bathrooms: 5, Drawing Room, Dining Room, Kitchens: 2",,"Community Lawn or Garden, Community Swimming Pool, Community Gym, First Aid or Medical Centre, Day Care Centre, Kids Play Area, Barbeque Area, Mosque, Community Centre","Lawn or Garden, Swimming Pool","Nearby Schools, Nearby Hospitals, Nearby Shopping Malls, Nearby Restaurants, Distance From Airport (kms), Nearby Public Transport Service, Other Nearby Places","Maintenance Staff, Security Staff, Facilities for Disabled, Other Facilities",,,
https://www.zameen.com/Property/mpchs_multi_gardens_mpchs_-_block_c_8_marla_brand_new_luxury_house_for_sale_in_multi_garden_b_17_islamabad-52725931-3118-1.html,"MPCHS - Block C, MPCHS - Multi Gardens",House,PKR3.5 Crore,6,8 Marla,For Sale,4,2 days ago,"B-17, Islamabad, Islamabad Capital",Size: 30*60 Double Story Double Unit Brand New House Good Location 4 Bedrooms 6 Bathroom 2 Drawing Room 2 TV Launge 2 Kitchen 1 Servant Quarter Washing Area Powder Room Store Room 2 Car Porch Space Water Boring Gas Pipe Line Sewerage Electricity 24 Hours Walking Distance From Masque Main Commercial Market Park School Football Ground Cricket Ground Zoo Very Reasonable Price Demand. 3.50 Cr For More Information Contact:,"Built in year: 2025, Parking Spaces: 2, Double Glazed Windows, Central Air Conditioning, Central Heating, Flooring, Electricity Backup, Floors: 2","Bedrooms: 4, Bathrooms: 6, Servant Quarters: 1, Drawing Room, Dining Room, Kitchens: 2, Study Room, Prayer Room, Powder Room, Gym, Store Rooms: 1, Steam Room, Lounge or Sitting Room, Laundry Room","Broadband Internet Access, Satellite or Cable TV Ready, Intercom","Community Lawn or Garden, Community Swimming Pool, Community Gym, First Aid or Medical Centre, Day Care Centre, Kids Play Area, Barbeque Area, Mosque, Community Centre","Lawn or Garden, Swimming Pool, Sauna, Jacuzzi","Nearby Schools, Nearby Hospitals, Nearby Shopping Malls, Nearby Restaurants, Distance From Airport (kms), Nearby Public Transport Service",,,,
https://www.zameen.com/Property/mpchs_multi_gardens_mpchs_-_block_f_8_marla_30_60_in_block_f_double_unit_brand_new_house_for_sale_in_mpchs_b-17_islamabad-53228817-8527-1.html,"MPCHS - Block F, MPCHS - Multi Gardens",House,PKR2.75 Crore,6,8 Marla,For Sale,4,4 months ago,"B-17, Islamabad, Islamabad Capital","8 Marla Double Unit Brand New House Available. For Sale in Multi Gardens Islamabad. In Block F House Size 30*60. Luxury house A+ construction Double Story. 4 Bedrooms. 6 Baths. 2 Drawing Dining. 2 Kitchen. Mumty + Washroom. 2 Car Parking Space. Gas, Water Available Investor Rate Ideal Location. Reasonable Price. Multi Gardens B-17 is a Good Society for Residence. Because Neat and Clean. 24 Hours Security. All Basic and Necessary Facilities Available. Interested People Can Contact Easily.","Parking Spaces: 2, Double Glazed Windows, Central Air Conditioning, Central Heating, Flooring, Waste Disposal, Floors: 2, Furnished","Bedrooms: 4, Bathrooms: 6, Drawing Room, Dining Room, Kitchens: 2, Study Room, Prayer Room, Powder Room, Gym, Steam Room, Lounge or Sitting Room, Laundry Room","Broadband Internet Access, Satellite or Cable TV Ready, Intercom, Other Business and Communication Facilities","Community Lawn or Garden, Community Swimming Pool, Community Gym, First Aid or Medical Centre, Day Care Centre, Kids Play Area, Barbeque Area, Mosque, Community Centre, Other Community Facilities","Lawn or Garden, Sauna, Jacuzzi, Other Healthcare and Recreation Facilities","Nearby Schools, Nearby Hospitals, Nearby Shopping Malls, Nearby Restaurants, Distance From Airport (kms), Nearby Public Transport Service, Other Nearby Places",,,,
https://www.zameen.com/Property/dha_defence_dha_defence_phase_2_dha_2_sector_f_1_kanal_furnished_house_sale-53305544-339-1.html,"DHA Defence Phase 2, DHA Defence",House,PKR10 Crore,6,1 Kanal,For Sale,5,5 months ago,"DHA Defence, Islamabad, Islamabad Capital",A beautiful location main boulevard 3 years old house 5 bed Drawing Dinning tv lounge study kitchen Servent quarter fully furnished house selling on investor price.,"Built in year: 2022, Parking Spaces: 3, Double Glazed Windows, Central Air Conditioning, Central Heating, Flooring, Electricity Backup, Waste Disposal, Floors: 2, Other Main Features, Furnished","Bedrooms: 5, Bathrooms: 6, Servant Quarters: 1, Drawing Room, Dining Room, Kitchens: 2, Study Room, Prayer Room, Powder Room, Gym, Store Rooms: 2, Lounge or Sitting Room, Laundry Room","Broadband Internet Access, Satellite or Cable TV Ready, Intercom","Community Lawn or Garden, Community Gym, First Aid or Medical Centre, Day Care Centre, Kids Play Area, Barbeque Area, Mosque, Community Centre","Lawn or Garden, Sauna, Jacuzzi","Nearby Schools, Nearby Hospitals, Nearby Shopping Malls, Nearby Restaurants, Distance From Airport (kms), Nearby Public Transport Service, Other Nearby Places",Security Staff,,,
https://www.zameen.com/Property/dha_defence_phase_5_dha_phase_5_-_sector_f_3_bedroom_brand_new_designer_house_for_sale_in_sector_f_dha_phase_5_islamabad-53245776-8836-1.html,"DHA Phase 5 - Sector F, DHA Defence Phase 5",House,PKR3.9 Crore,4,5 Marla,For Sale,3,4 months ago,"DHA Defence, Islamabad, Islamabad Capital",Elegant Brand New Ghulam Hussain Avenue House For Sale IN The Heart Of DHA Phase 5 Islamabad: - 3 Bedroom - 3 Bathroom - Powder Room - Kitchen - Drawing Room - TV Lounge - Laundry Area - Store Room - Servant Room With Bathroom - Walking Distance From Askari Tower 3 - Walking Distance From Park - Walking Distance From Mosque - Near By Nova Care Hospital Call Us For Visit And More Details:,"Built in year: 2025, Parking Spaces: 1, Flooring, Waste Disposal, Floors: 2","Bedrooms: 3, Bathrooms: 3, Servant Quarters: 1, Drawing Room, Kitchens: 1, Powder Room, Store Rooms: 1, Laundry Room","Broadband Internet Access, Satellite or Cable TV Ready, Intercom","Community Lawn or Garden, Community Swimming Pool, Community Gym, First Aid or Medical Centre, Day Care Centre, Kids Play Area, Barbeque Area, Mosque, Community Centre","Lawn or Garden, Swimming Pool, Sauna, Jacuzzi","Nearby Schools, Nearby Hospitals","Maintenance Staff, Security Staff, Facilities for Disabled",,,
https://www.zameen.com/Property/dha_defence_phase_5_askari_tower_3_beautiful_apartment_margalla_facing-53113735-17434-1.html,"Askari Tower 3, DHA Defence Phase 5",Flat,PKR3.15 Crore,3,10.7 Marla,For Sale,3,5 months ago,"DHA Defence, Islamabad, Islamabad Capital","In The Name Of Allah Who Is Most Gracious And Most Merciful. First Of All Assalamualaikum Wa Rehmatullah Wa Barakatuhu To All Our Valuable Customers. We Deal In All Kinds Of Commercial And Residential Properties And Provide Best Quality 5 Marla, 10 Marla, 1 Kanal And 2 Kanal Plots And Houses With In Your Budget All Over Pakistan Especially In Askari Colonies, DHA And BAHRIA. * Askari 14 And All Other Askari Setups , DHA'S Tower 1,2 And 3 And Phases 1 To Phase 5 Islamabad, Falcon Officers Houses, Naval Setups, Gulshanabad Adiala Road, Punjab Government Housing Scheme Rawalpindi, Green Villas, B 17 , Taj Residencia Are The Key Areas Of Our Emphasis * Please Feel Free To Visit Us And Book Your Appointment On Given Contacts For Sale And Purchase. We Must Conduct Our Property Business Fairly, With Honesty And Transparency. We Must Be Caring, Show Respect, Compassion And Humanity For Our Colleagues And Customers Around The World, And Always Work For The Benefit Of The Communities We Serve. The Property Is Located At Askari Tower 1. Al-Haideri Real Estate &Amp; Enterprises",Flooring,"Bedrooms: 3, Bathrooms: 3, Servant Quarters: 1, Drawing Room, Dining Room, Kitchens: 1, Lounge or Sitting Room, Laundry Room",,,,"Nearby Schools, Nearby Hospitals, Nearby Shopping Malls, Nearby Restaurants, Distance From Airport (kms), Nearby Public Transport Service, Other Nearby Places","Security Staff, Other Facilities",,,
https://www.zameen.com/Property/dha_phase_5_sector_h_askari_heights_4_brand_new_4_bedroom_flat_available_at_investor_rate-53175578-21450-1.html,"Askari Heights 4, DHA Phase 5 - Sector H",Flat,PKR3.85 Crore,4,13.1 Marla,For Sale,4,5 months ago,"DHA Defence, Islamabad, Islamabad Capital","اسلام علیکم ورحمتہ اللہ وبرکاتہ! *AUTHORISED DEALER* MAJ MUHAMMAD AHSAN ULLAH Retd CEO AL HAIDERI REAL ESTATE & ENTERPRISES FOR SALE, PURCHASE,RENT ASKARI COLONIES & DHA(ALL PAK) BAHRIA & RENOWNED SOCIETIES OF RWP /ISL CONTACT","Built in year: 2025, Parking Spaces: 1, Lobby in Building, Double Glazed Windows, Flooring, Electricity Backup, Waste Disposal, Floors in Building: 12, Elevators: 3, Service Elevators in Building","Bedrooms: 4, Bathrooms: 4, Servant Quarters: 1, Drawing Room, Dining Room, Kitchens: 1, Powder Room, Store Rooms: 1, Lounge or Sitting Room, Laundry Room",,,,,,,,
https://www.zameen.com/Property/g_9_g-9_3_in_g-9_3_14_marla_house_for_sale-53084966-3386-1.html,"G-9/3, G-9",House,PKR10.75 Crore,5,14 Marla,For Sale,5,5 months ago,"G-9, Islamabad, Islamabad Capital","It's never too late to own your home, so take that decision by choosing from our many available for sale property options. The House is designed keeping in mind the demands of the modern buyer. Here is a list of all types of real estate options in Islamabad. A luxurious life awaits you in this 14 Marla property. The price of Rs. 107500000 is very justified and can be perfect for your needs. This property in G-9/3 brings you what you need. A few highlighting features of the property are as follows. The mosque nearby provides a peaceful place for prayer and contemplation. The study room that is part of the House can easily be used as an at-home office. You can pray comfortably in the prayer room that is part of the house and designed particularly for the purpose. Your kids can play to their heart's content in the play area adjoining the property. Your personal space can stay personal with a powder room in the home. Comfort just got doubled with the cosy lounge that is part of this property. As a resident, you don't have to worry about waste disposal as that is effectively taken care of. Our contact information is made available so you can reach us with all your queries.","Double Glazed Windows, Central Air Conditioning, Central Heating, Waste Disposal","Drawing Room, Dining Room, Study Room, Prayer Room, Powder Room, Steam Room, Lounge or Sitting Room, Laundry Room","Broadband Internet Access, Satellite or Cable TV Ready, Intercom","Community Lawn or Garden, Community Swimming Pool, Community Gym, First Aid or Medical Centre, Day Care Centre, Kids Play Area, Barbeque Area, Mosque, Community Centre",,"Nearby Schools, Nearby Hospitals, Nearby Shopping Malls, Nearby Restaurants, Distance From Airport (kms), Nearby Public Transport Service, Other Nearby Places","Security Staff, Other Facilities",,,
https://www.zameen.com/Property/g_9_g-9_3_aesthetic_house_of_1500_square_feet_for_sale_is_available-53073964-3386-1.html,"G-9/3, G-9",House,PKR5.4 Crore,4,6.7 Marla,For Sale,4,5 months ago,"G-9, Islamabad, Islamabad Capital","House comes with different bedroom options, so book the one that best suits your needs. A comfortable life awaits you with this property for sale, so don't miss out on this opportunity. The area is 1500 Square Feet, you were in search of! Also, you'd be hard pressed to find a property in G-9/3 which offers the same package. The asking price of Rs. 54000000 is market competitive. The Islamabad is mostly safe, thriving and filled with all sorts of interesting things that will make life enjoyable for you. To get to more details on the property, some of its features are given below. A dedicated laundry room is ideal in the House, especially for large families. The House has a prayer room as well, which you can utilize any way you like. Enjoy the luxury of a steam room at your own House. A family that dines together, stays together! With this new home, you can personalise your dining room just the way your family likes. Keep your stationary and books organized at the study room that comes with the House. Central air conditioning in the House ensures the temperate inside is always maintained. A well-furnished powder room spells convenience when you have guests over. Property and investment advice is only a call away, so what are you waiting for!","Built in year: 2023, Parking Spaces: 3, Double Glazed Windows, Central Air Conditioning, Central Heating, Flooring, Waste Disposal, Floors: 2","Bedrooms: 4, Bathrooms: 5, Servant Quarters: 1, Drawing Room, Dining Room, Kitchens: 2, Study Room, Prayer Room, Powder Room, Store Rooms: 1, Steam Room, Lounge or Sitting Room, Laundry Room","Broadband Internet Access, Satellite or Cable TV Ready",Mosque,Lawn or Garden,"Nearby Schools, Nearby Hospitals, Nearby Shopping Malls, Nearby Restaurants, Distance From Airport (kms), Nearby Public Transport Service",,,,
https://www.zameen.com/Property/g_9_g-9_3_house_for_sale_in_g-9_3-53042340-3386-1.html,"G-9/3, G-9",House,PKR5.4 Crore,4,6.7 Marla,For Sale,4,5 months ago,"G-9, Islamabad, Islamabad Capital","Islamabad is thriving with real estate investment opportunities so what are you waiting for. Live in a House that compliments your lifestyle. Trust us when we say, this property at Rs. 54000000 is the best investment you could wish for! If 1500 Square Feet House is what you are looking for, this is it. Living or investing in G-9/3 has its own benefits. We are here to help you buy your dream property. You can read the notable property features below. You can pray comfortably in the prayer room that is part of the house and designed particularly for the purpose. An open space dining room that is part of this House is a dream come true for many families who like to host dinner. Children often need a quiet space for study and with a separate study room in the House you can provide them just that. Your home can stay cooler in summers with double-glazed windows. Central air conditioning so you are saved from the grueling heat of the summer months. 24/7 waste disposal services ensures the society looks and feels clean. You can hang out in the lounge area with your friends and enjoy watching TV. Call us today to find out more.","Double Glazed Windows, Central Air Conditioning, Central Heating, Waste Disposal","Drawing Room, Dining Room, Study Room, Prayer Room, Powder Room, Steam Room, Lounge or Sitting Room, Laundry Room",,,,"Nearby Schools, Nearby Hospitals, Nearby Shopping Malls, Nearby Restaurants, Distance From Airport (kms), Nearby Public Transport Service, Other Nearby Places","Security Staff, Other Facilities",,,
https://www.zameen.com/Property/g_9_g-9_1_you_can_find_a_gorgeous_house_for_sale_in_g-9_1-53042345-3384-1.html,"G-9/1, G-9",House,PKR18 Crore,6,14 Marla,For Sale,10,5 months ago,"G-9, Islamabad, Islamabad Capital",Triple storey House is available for sale 10 Beds with attached baths 3 DD 3 TV lounge 3 kitchen store room huge car parking space front open lush green lawn extra 2 kanal land water connection single owner cda transfer single owner Contact us for more information and direct deal,"Parking Spaces: 4, Double Glazed Windows, Central Air Conditioning, Central Heating, Flooring, Electricity Backup, Waste Disposal, Floors: 2","Bedrooms: 5, Bathrooms: 6, Servant Quarters: 2, Drawing Room, Dining Room, Kitchens: 2, Study Room, Prayer Room, Powder Room, Gym, Store Rooms: 1, Steam Room, Lounge or Sitting Room, Laundry Room, Other Rooms","Broadband Internet Access, Satellite or Cable TV Ready, Intercom, Other Business and Communication Facilities","Community Lawn or Garden, Community Swimming Pool, Community Gym, First Aid or Medical Centre, Day Care Centre, Kids Play Area, Barbeque Area, Mosque, Community Centre, Other Community Facilities","Lawn or Garden, Swimming Pool, Sauna, Jacuzzi, Other Healthcare and Recreation Facilities","Nearby Schools, Nearby Shopping Malls, Nearby Restaurants, Nearby Public Transport Service, Other Nearby Places",,,,
https://www.zameen.com/Property/g_9_g-9_4_house_for_grabs_in_2450_square_feet_islamabad-53068848-3387-1.html,"G-9/4, G-9",House,PKR7.55 Crore,4,10.9 Marla,For Sale,4,5 months ago,"G-9, Islamabad, Islamabad Capital","Price of PKR Rs. 75500000 is reasonable for property at this location. This 2450 Square Feet sized property will prove to be the perfect space for you to invest some (or all) of your future in. There is nothing better than purchasing your property in a thriving locality and we have just the options for you. G-9/4 is ranking among the top in terms of accessible and safety, so book your property today. Are you in search of a House in G-9/4 in Islamabad that's priced reasonably? If yes, you have landing on the right page. You can find affordable housing options in Islamabad. A few highlighting features of the property are as follows. Central heating is a convenient feature in the House to control and use. The steam room in the House will help you relax, detox and feel fresh. Enjoy family time in the lounge that comes with this House. As a resident, you don't have to worry about waste disposal as that is effectively taken care of. With central air conditioning you don't have to worry about sweating inside. Double-glazed windows in your House can help reduce energy costs. The property has a spacious drawing and dining room to allow you to entertain in style. You can leave your contact details for our representative to call you.","Double Glazed Windows, Central Air Conditioning, Central Heating, Waste Disposal","Drawing Room, Dining Room, Study Room, Prayer Room, Powder Room, Steam Room, Lounge or Sitting Room, Laundry Room",,,,"Nearby Schools, Nearby Hospitals, Nearby Shopping Malls, Nearby Restaurants, Distance From Airport (kms), Nearby Public Transport Service, Other Nearby Places","Security Staff, Other Facilities",,,
https://www.zameen.com/Property/islamabad_diplomatic_enclave_2-bedroom_fully_furnished_apartment_for_sale_in_royal_enclave_diplomatic_enclave_islamabad-52466819-429-1.html,"Diplomatic Enclave, Islamabad",Flat,PKR6 Crore,2,5.6 Marla,For Sale,2,4 months ago,"Diplomatic Enclave, Islamabad, Islamabad Capital","2-Bedroom Fully Furnished Apartment for Sale in Royal Enclave, Diplomatic Enclave. - Spacious living areas - Prime location near schools, market, and other essential facilities - Fully furnished for immediate occupancy - Secure and serene environment Ideal Location Close proximity to schools, market, and other amenities, making it perfect for families and individuals alike. pictures are for reference only! Looking to buy, sell, or rent properties in Diplomatic Enclave, One Constitution Avenue E-7, F-6, F-7, F-8 Islamabad. The Centaurus. Silver Oaks. We have a wide range of units available to suit your needs. For Inquiry and Viewing, Please don't hesitate to call us anytime. Our Team is ready to assist you at any of your convenient time.","Built in year: 2000, Parking Spaces, Lobby in Building, Double Glazed Windows, Central Air Conditioning, Central Heating, Flooring, Electricity Backup, Waste Disposal, Floor: 1, Floors in Building: 5, Elevators: 1, Service Elevators in Building, Other Main Features, Furnished","Bedrooms: 2, Bathrooms: 2, Servant Quarters, Drawing Room, Dining Room, Kitchens: 1, Study Room, Prayer Room, Powder Room, Gym, Store Rooms: 1, Steam Room, Lounge or Sitting Room, Laundry Room, Other Rooms","Broadband Internet Access, Satellite or Cable TV Ready, Business Center or Media Room in Building, Conference Room in Building, Intercom, ATM Machines, Other Business and Communication Facilities","Community Lawn or Garden, Community Swimming Pool, Community Gym, First Aid or Medical Centre, Day Care Centre, Kids Play Area, Barbeque Area, Mosque, Community Centre, Other Community Facilities","Sauna, Jacuzzi, Other Healthcare and Recreation Facilities","Nearby Schools, Nearby Hospitals, Nearby Shopping Malls, Nearby Restaurants, Distance From Airport (kms), Nearby Public Transport Service, Other Nearby Places","Maintenance Staff, Security Staff, Facilities for Disabled, Pets Allowed, Other Facilities",,,
https://www.zameen.com/Property/islamabad_karakoram_diplomatic_enclave_2_bedroom_fully_furnished_apartment_for_sale_in_korakaram_diplomatic_enclave_islamabad-52444348-9063-1.html,"Karakoram Diplomatic Enclave, Islamabad",Flat,PKR8.3 Crore,3,8.9 Marla,For Sale,2,4 months ago,"Karakoram Diplomatic Enclave, Islamabad, Islamabad Capital","Satoon Marketing Offers You a 2 Bedroom Fully Furnished For Sale In Korakaram Diplomatic Enclave Islamabad. Property Features: -2 Bedrooms with Attached Bath -Fully Furnished -Store Room -Kitchen -1 balcony -Reserve Parking -Rented for 1700USD -Including maintenance charges. Karakoram Diplomatic Enclave is a Well Maintained Building. Safe and Best Community to live with, Ideally for Executive/Diplomat/ Foreigners. Looking to buy, sell, or rent properties in -Diplomatic Enclave, -One Consideration Avenue -E-7, F-6, F-7, F-8 Islamabad. -The Centaurus. -Silver Oaks. We have a wide range of units available to suit your needs. For Inquiry and Viewing, Please don't hesitate to call us anytime. Our Team is ready to assist you at any of your convenient time.","Built in year: 2018, Parking Spaces: 1, Lobby in Building, Double Glazed Windows, Central Air Conditioning, Central Heating, Flooring, Electricity Backup, Waste Disposal, Floor, Floors in Building: 11, Elevators: 1, Service Elevators in Building, Other Main Features, Furnished","Bedrooms: 2, Bathrooms: 2.5, Servant Quarters: 1, Drawing Room, Dining Room, Kitchens: 1, Prayer Room, Powder Room, Store Rooms: 1, Steam Room, Lounge or Sitting Room, Laundry Room, Other Rooms","Broadband Internet Access, Satellite or Cable TV Ready, Intercom, Other Business and Communication Facilities","Community Lawn or Garden, Community Swimming Pool, Community Gym, First Aid or Medical Centre, Day Care Centre, Kids Play Area, Barbeque Area, Mosque, Community Centre, Other Community Facilities","Sauna, Jacuzzi, Other Healthcare and Recreation Facilities","Nearby Schools, Nearby Hospitals, Nearby Shopping Malls, Nearby Restaurants, Distance From Airport (kms), Nearby Public Transport Service, Other Nearby Places","Maintenance Staff, Security Staff, Laundry or Dry Cleaning Facility, Facilities for Disabled, Pets Not Allowed, Other Facilities",,,
https://www.zameen.com/Property/islamabad_diplomatic_enclave_2_bedrooms_maid_fully_furnished_for_sale_in_diplomatic_enclave_islamabad-53031126-429-1.html,"Diplomatic Enclave, Islamabad",Flat,PKR8.2 Crore,3,10.2 Marla,For Sale,2,1 month ago,"Diplomatic Enclave, Islamabad, Islamabad Capital","Satoon Marketing Offers You a Well Maintained 2 Bedrooms+ maid Fully Furnished Apartment For Rent in Diplomatic Enclave. One of the Most Highly and Secured Community in Islamabad Property Features: 2 Bed Fully Furnished Apartment Location: Diplomatic Enclave, Islamabad Size: 2000 Square Feet Demand: 8.5 crore Reserved Car Parking Rower Backup Generator 24/7 CCTV Monitoring Restaurant Lobby Play Area for Kids Separate Elevators for Every Block Internet box Installed Maintenance Staff Available 24/7 At Satoon Marketing, whether you are a property owner, tenant or buyer, we value your business and will provide you with the individual attention and service you deserve. We believe in a strict Code of Ethics. We believe in integrity, commitment to excellence, a professional attitude, and personalized care. For Inquiry and Viewing, Please don't hesitate to call us anytime. Our Team is ready to assist you at any of your convenient time.","Built in year: 2018, Parking Spaces: 1, Lobby in Building, Double Glazed Windows, Central Air Conditioning, Central Heating, Flooring, Electricity Backup, Waste Disposal, Floor: 10, Floors in Building: 11, Elevators: 1, Other Main Features, Furnished","Bedrooms: 2, Bathrooms: 3, Servant Quarters: 1, Drawing Room, Dining Room, Kitchens: 1, Study Room, Prayer Room, Powder Room, Store Rooms: 1, Steam Room, Lounge or Sitting Room, Laundry Room, Other Rooms","Broadband Internet Access, Satellite or Cable TV Ready, Business Center or Media Room in Building, Conference Room in Building, Intercom, ATM Machines, Other Business and Communication Facilities","Community Lawn or Garden, Community Swimming Pool, Community Gym, First Aid or Medical Centre, Day Care Centre, Kids Play Area, Barbeque Area, Mosque, Community Centre, Other Community Facilities",Jacuzzi,"Nearby Schools, Nearby Hospitals, Nearby Shopping Malls, Nearby Restaurants, Distance From Airport (kms), Nearby Public Transport Service, Other Nearby Places","Maintenance Staff, Security Staff, Facilities for Disabled, Other Facilities",,,
https://www.zameen.com/Property/mpchs_multi_gardens_mpchs_-_block_b_14_marla_triple_story_double_unit_house_for_sale_in_b-17_b_block_walking_distance_to_markaz_mosque_market-52777330-3117-1.html,"MPCHS - Block B, MPCHS - Multi Gardens",House,PKR7.8 Crore,6,14 Marla,For Sale,9,2 days ago,"B-17, Islamabad, Islamabad Capital",This beautifully constructed 14 Marla double unit house Triple Story Brand New Top location near Gate#1 60 feet street sun face Solar penal with green meter water boring gas walking distance from school masque main commercial market park For more information about any type of houses contact us,"Built in year: 2025, Parking Spaces: 3, Double Glazed Windows, Central Air Conditioning, Central Heating, Flooring, Electricity Backup, Waste Disposal, Floors: 3, Other Main Features","Bedrooms: 6, Bathrooms: 6, Servant Quarters: 1, Drawing Room, Dining Room, Kitchens: 3, Study Room, Prayer Room, Powder Room, Gym, Store Rooms: 1, Steam Room, Lounge or Sitting Room, Laundry Room, Other Rooms","Broadband Internet Access, Satellite or Cable TV Ready, Intercom, Other Business and Communication Facilities","Community Lawn or Garden, Community Swimming Pool, Community Gym, First Aid or Medical Centre, Day Care Centre, Kids Play Area, Barbeque Area, Mosque, Community Centre, Other Community Facilities","Lawn or Garden, Swimming Pool, Sauna, Jacuzzi, Other Healthcare and Recreation Facilities","Nearby Schools, Nearby Hospitals, Nearby Shopping Malls, Nearby Restaurants, Distance From Airport (kms), Nearby Public Transport Service, Other Nearby Places","Maintenance Staff, Security Staff, Facilities for Disabled, Other Facilities",,,
https://www.zameen.com/Property/mpchs_multi_gardens_mpchs_-_block_a_325_square_feet_studio_flat_for_sale_in_multi_garden_b-17-52731328-3116-1.html,"MPCHS - Block A, MPCHS - Multi Gardens",Flat,PKR37.5 Lakh,1,1.4 Marla,For Sale,-,2 days ago,"B-17, Islamabad, Islamabad Capital",Block A Gate Two 325 square feet good location 1st floor water no issue electricity multi transfer double road Facing Studio Apartment Demand. 3750000 lac For more information contact:,"Built in year: 2023, Parking Spaces: 1, Lobby in Building, Double Glazed Windows, Central Air Conditioning, Central Heating, Flooring, Electricity Backup, Waste Disposal, Floor: 7, Floors in Building: 9, Elevators: 4, Service Elevators in Building, Other Main Features, Furnished","Bedrooms: 1, Bathrooms: 1, Servant Quarters: 1, Drawing Room, Dining Room, Kitchens: 1, Study Room, Prayer Room, Powder Room, Store Rooms: 1, Lounge or Sitting Room, Laundry Room, Other Rooms","Broadband Internet Access, Satellite or Cable TV Ready, Business Center or Media Room in Building, Conference Room in Building, Intercom, ATM Machines, Other Business and Communication Facilities","Community Lawn or Garden, Community Swimming Pool, Community Gym, First Aid or Medical Centre, Day Care Centre, Kids Play Area, Barbeque Area, Mosque, Community Centre, Other Community Facilities","Sauna, Jacuzzi, Other Healthcare and Recreation Facilities","Nearby Schools, Nearby Hospitals, Nearby Shopping Malls, Nearby Restaurants, Distance From Airport (kms), Nearby Public Transport Service, Other Nearby Places","Maintenance Staff, Security Staff, Facilities for Disabled, Other Facilities",,,
https://www.zameen.com/Property/f_8_the_centaurus_3_bedrooms_for_sale_in_centaurs_mall_islamabad-52861861-8349-1.html,"The Centaurus, F-8",Flat,PKR16 Crore,4,13.4 Marla,For Sale,3,5 months ago,"F-8, Islamabad, Islamabad Capital",A tower 3025 Square feet 19th floor 3 bedrooms separate kitchen TV launge Dinning room Full Furnished very reasonable price For more information contact:,"Built in year: 2025, Parking Spaces: 2, Lobby in Building, Double Glazed Windows, Central Air Conditioning, Central Heating, Flooring, Electricity Backup, Waste Disposal, Floor: 19, Floors in Building: 28, Elevators: 5, Service Elevators in Building, Other Main Features, Furnished","Bedrooms, Bathrooms: 3, Servant Quarters: 1, Drawing Room, Dining Room, Kitchens: 1, Study Room, Prayer Room, Powder Room, Gym, Store Rooms: 1, Steam Room, Lounge or Sitting Room, Laundry Room, Other Rooms","Broadband Internet Access, Satellite or Cable TV Ready, Business Center or Media Room in Building, Conference Room in Building, Intercom, ATM Machines, Other Business and Communication Facilities","Community Lawn or Garden, Community Swimming Pool, Community Gym, First Aid or Medical Centre, Day Care Centre, Kids Play Area, Barbeque Area, Mosque, Community Centre, Other Community Facilities","Sauna, Jacuzzi, Other Healthcare and Recreation Facilities","Nearby Schools, Nearby Hospitals, Nearby Shopping Malls, Nearby Restaurants, Distance From Airport (kms), Nearby Public Transport Service, Other Nearby Places","Maintenance Staff, Security Staff, Laundry or Dry Cleaning Facility, Communal/Shared Kitchen, Facilities for Disabled, Other Facilities",,,
https://www.zameen.com/Property/f_8_the_centaurus_2_bed_corner_fully_furnished_luxury_apartment_available_for_sale-52936535-8349-1.html,"The Centaurus, F-8",Flat,PKR11 Crore,2,10 Marla,For Sale,2,2 days ago,"F-8, Islamabad, Islamabad Capital","2 Bed Corner Fully Furnished. Luxury Apartment Available For Sale. On 17th Floor. With Separate Maid Room. Margalla View. Rental Value: Rs 475,000. Best Opportunity. Interested People Can Contact Easily.","Parking Spaces, Lobby in Building, Double Glazed Windows, Flooring, Waste Disposal, Floor, Other Main Features","Bedrooms: 2, Bathrooms: 2, Drawing Room, Dining Room, Kitchens: 1, Lounge or Sitting Room","Broadband Internet Access, Satellite or Cable TV Ready, Business Center or Media Room in Building, Conference Room in Building, ATM Machines, Other Business and Communication Facilities","Community Lawn or Garden, Community Swimming Pool, Community Gym, First Aid or Medical Centre, Day Care Centre, Kids Play Area, Barbeque Area, Mosque, Community Centre, Other Community Facilities",Other Healthcare and Recreation Facilities,"Nearby Schools, Nearby Hospitals, Nearby Shopping Malls, Nearby Restaurants, Distance From Airport (kms), Nearby Public Transport Service, Other Nearby Places",,,,
https://www.zameen.com/Property/mpchs_multi_gardens_mpchs_-_block_c_2_bed_luxury_apartment_available_for_sale_in_block_c_4th_floor_multi_gardens_mpchs_b-17_islamabad-53060616-3118-1.html,"MPCHS - Block C, MPCHS - Multi Gardens",Flat,PKR65 Lakh,2,4 Marla,For Sale,2,2 months ago,"B-17, Islamabad, Islamabad Capital","2 Bed Luxury Apartment Available. For Sale in Block C. 4th Floor. Multi Gardens MPCHS B-17 Islamabad. Qurtaba School Markaz. Apartment Size 900 Sq Ft. 2 Bedrooms. 2 Baths. 1 Kitchen. Car Parking. Electricity , Water Available. Interested People Can Contact Easily.","Built in year, Parking Spaces, Double Glazed Windows, Central Air Conditioning, Central Heating, Flooring, Electricity Backup, Waste Disposal, Other Main Features, Furnished","Bedrooms: 2, Bathrooms: 2, Servant Quarters, Drawing Room, Dining Room, Kitchens, Study Room, Prayer Room, Powder Room, Gym, Store Rooms, Steam Room, Lounge or Sitting Room, Laundry Room, Other Rooms","Broadband Internet Access, Satellite or Cable TV Ready, Business Center or Media Room in Building, Conference Room in Building, Intercom, ATM Machines, Other Business and Communication Facilities","Community Lawn or Garden, Community Swimming Pool, Community Gym, First Aid or Medical Centre, Day Care Centre, Kids Play Area, Barbeque Area, Mosque, Community Centre, Other Community Facilities","Sauna, Jacuzzi, Other Healthcare and Recreation Facilities","Nearby Schools, Nearby Hospitals, Nearby Shopping Malls, Nearby Restaurants, Distance From Airport (kms), Nearby Public Transport Service, Other Nearby Places","Maintenance Staff, Security Staff, Facilities for Disabled, Other Facilities",,,
https://www.zameen.com/Property/d_12_d-12_4_prime_location_1_kanal_house_in_d-12_4_is_available_for_sale-51957769-3157-1.html,"D-12/4, D-12",House,PKR25 Crore,6,1 Kanal,For Sale,9,4 months ago,"D-12, Islamabad, Islamabad Capital","Abdullah Associates Offord A Brand New Beautiful Designer Margalla Facing Double Story With Basement House Is Available For Sale In CDA Sector D-12/4 Islamabad Located At D-12/4 Original All Images And Video Are Attached Beautiful Construction Royal Arcitecure Designer House Basement Separate Entrance 9 Bedroom With Attach Bath 2 Big Kitchen And Dirty Kitchen Drawing Dining 3 Big Tv Lounge Servant Quarter Fully Tille Flooring Huge Carparking Space Very Closed To Hill Park Main Double Road And Markaz Near By Park, Masjid, School, Hospital, Market Easy Excuses To 11 Avenue Margalla Road Deal With Direct Owner Visit Can Be Managed Any Time More Details Please Contact Us","Built in year: 2024, Parking Spaces: 3, Double Glazed Windows, Central Air Conditioning, Central Heating, Flooring, Electricity Backup, Waste Disposal, Floors: 2, Other Main Features, Furnished","Bedrooms: 9, Bathrooms: 9, Servant Quarters: 1, Drawing Room, Dining Room, Kitchens: 2, Study Room, Prayer Room, Powder Room, Gym, Store Rooms: 1, Steam Room, Lounge or Sitting Room, Laundry Room, Other Rooms","Broadband Internet Access, Satellite or Cable TV Ready, Intercom, Other Business and Communication Facilities","Community Lawn or Garden, Community Swimming Pool, Community Gym, First Aid or Medical Centre, Day Care Centre, Kids Play Area, Barbeque Area, Mosque, Community Centre, Other Community Facilities","Lawn or Garden, Swimming Pool, Sauna, Jacuzzi, Other Healthcare and Recreation Facilities","Nearby Schools, Nearby Hospitals, Nearby Shopping Malls, Nearby Restaurants, Distance From Airport (kms), Nearby Public Transport Service, Other Nearby Places","Maintenance Staff, Security Staff, Facilities for Disabled, Other Facilities",,,
https://www.zameen.com/Property/dha_defence_phase_5_dha_phase_5_-_sector_f_prime_location_near_to_park_near_to_commercial_near_to_masjid_brand_new_house-52989506-8836-1.html,"DHA Phase 5 - Sector F, DHA Defence Phase 5",House,PKR3.3 Crore,4,5 Marla,For Sale,3,6 months ago,"DHA Defence, Islamabad, Islamabad Capital",prime location Near to Park Near to School Near to Masjid Near to Commerciall *Accommodations* * Ground floor 1x bedroom with attached bath 1x powder room 1x kitchen 1x drawing and dining area 1x tv lounge 1x car parking * First floor 2x bedroom with attached bath 1x tv lounge 1x kitchen * Top roof 1x Servant quarter with attached bath,"Built in year: 2025, Parking Spaces: 6, Double Glazed Windows, Central Air Conditioning, Central Heating, Flooring, Electricity Backup, Waste Disposal, Floors: 2, Other Main Features","Bedrooms: 3, Bathrooms: 4, Servant Quarters: 1, Drawing Room, Dining Room, Kitchens: 2, Study Room, Prayer Room, Powder Room, Gym, Store Rooms: 2, Steam Room, Lounge or Sitting Room, Laundry Room, Other Rooms","Broadband Internet Access, Satellite or Cable TV Ready, Intercom, Other Business and Communication Facilities","Community Lawn or Garden, Community Swimming Pool, Community Gym, First Aid or Medical Centre, Day Care Centre, Kids Play Area, Barbeque Area, Mosque, Community Centre, Other Community Facilities","Lawn or Garden, Swimming Pool, Sauna, Jacuzzi, Other Healthcare and Recreation Facilities","Nearby Schools, Nearby Hospitals, Nearby Shopping Malls, Nearby Restaurants, Distance From Airport (kms), Nearby Public Transport Service, Other Nearby Places","Maintenance Staff, Security Staff, Facilities for Disabled, Other Facilities",,,
https://www.zameen.com/Property/dha_defence_dha_defence_phase_2_1_kanal_double_unit_fully_furnished_house_for_sale-52993672-339-1.html,"DHA Defence Phase 2, DHA Defence",House,PKR14.5 Crore,6,1 Kanal,For Sale,5,4 months ago,"DHA Defence, Islamabad, Islamabad Capital",1 Kanal Fully furnished house Solid construction Splendid location 5 bedroom 6 Bathroom 2 Servant quaters 2 Kitchens Double unit house Car porch for 3 cars If you are looking for a secure house for living or investment purpose this is a great option to consider. Call now for more info. !!!.,"Built in year: 2025, Parking Spaces: 3, Double Glazed Windows, Central Air Conditioning, Central Heating, Flooring, Electricity Backup, Waste Disposal, Floors, Other Main Features, Furnished","Bedrooms: 5, Bathrooms: 6, Servant Quarters: 2, Drawing Room, Dining Room, Kitchens: 2, Study Room, Prayer Room, Powder Room, Gym, Store Rooms: 1, Steam Room, Lounge or Sitting Room, Laundry Room, Other Rooms","Broadband Internet Access, Satellite or Cable TV Ready, Intercom, Other Business and Communication Facilities","Community Lawn or Garden, Community Gym, First Aid or Medical Centre, Day Care Centre, Kids Play Area, Barbeque Area, Mosque, Community Centre",Lawn or Garden,"Nearby Schools, Nearby Hospitals, Nearby Shopping Malls, Nearby Restaurants, Distance From Airport (kms), Nearby Public Transport Service, Other Nearby Places","Security Staff, Other Facilities",,,
https://www.zameen.com/Property/islamabad_f-8_f-8_margalla_facing_prime_location_old_house_available_for_sale-53128992-166-1.html,"F-8, Islamabad",House,PKR42 Crore,6,2.1 Kanal,For Sale,5,1 day ago,"F-8, Islamabad, Islamabad Capital",F-8 Margalla facing prime location old house available for sale . Plot size : 1066 Dimension : 80/120 CDA transfer Demand : 42 cr pictures are only for Refrence.,"Built in year: 1898, Parking Spaces: 8, Double Glazed Windows, Central Air Conditioning, Central Heating, Flooring, Waste Disposal, Floors: 2","Bedrooms: 5, Bathrooms: 6, Servant Quarters: 2, Drawing Room, Dining Room, Kitchens: 1, Powder Room, Store Rooms: 1, Lounge or Sitting Room, Laundry Room","Broadband Internet Access, Satellite or Cable TV Ready, Intercom","Community Lawn or Garden, Community Swimming Pool, Community Gym, First Aid or Medical Centre, Day Care Centre, Kids Play Area, Barbeque Area, Mosque, Community Centre","Lawn or Garden, Swimming Pool, Sauna, Jacuzzi","Nearby Schools, Nearby Hospitals, Nearby Shopping Malls, Nearby Restaurants, Distance From Airport (kms), Nearby Public Transport Service","Maintenance Staff, Security Staff, Facilities for Disabled",,,
https://www.zameen.com/Property/islamabad_f-8_f-8_margalla_facing_prime_location_liveable_house_available_for_sale-53128915-166-1.html,"F-8, Islamabad",House,PKR50 Crore,6,2.5 Kanal,For Sale,6,1 day ago,"F-8, Islamabad, Islamabad Capital",F-8 Margalla facing prime location liveable house available for sale . Plot size : 1244 Dimension : 80/140 CDA transfer Demand : 50 cr Pictures are only for Refrence.,"Built in year: 2000, Parking Spaces: 8, Double Glazed Windows, Central Air Conditioning, Central Heating, Flooring, Waste Disposal, Floors: 2","Bedrooms: 6, Bathrooms: 7, Servant Quarters: 2, Drawing Room, Dining Room, Kitchens: 2, Powder Room, Store Rooms: 1, Lounge or Sitting Room, Laundry Room","Broadband Internet Access, Satellite or Cable TV Ready, Intercom","Community Lawn or Garden, Community Swimming Pool, Community Gym, First Aid or Medical Centre, Day Care Centre, Kids Play Area, Barbeque Area, Mosque, Community Centre","Lawn or Garden, Swimming Pool, Sauna, Jacuzzi","Nearby Schools, Nearby Hospitals, Nearby Shopping Malls, Nearby Restaurants, Distance From Airport (kms), Nearby Public Transport Service","Maintenance Staff, Security Staff, Facilities for Disabled",,,
https://www.zameen.com/Property/b_17_capital_square_corner_zoo_face_capital_square_prime_location_furnished_apartment_reasonable_price_in_mpchs_b-17-53312717-11252-1.html,"Capital Square, B-17",Flat,PKR1.55 Crore,3,7.6 Marla,For Sale,3,3 months ago,"B-17, Islamabad, Islamabad Capital",Corner 3bhk Zoo face 3 bedrooms 3 bathrooms Drawing & Dining For more detils call or what's app,"Built in year: 2020, Parking Spaces: 2, Lobby in Building, Double Glazed Windows, Central Air Conditioning, Central Heating, Flooring, Electricity Backup, Waste Disposal, Floor: 17, Floors in Building: 4, Elevators: 4, Service Elevators in Building, Other Main Features, Furnished","Bedrooms: 3, Bathrooms: 3, Servant Quarters, Drawing Room, Dining Room, Kitchens: 1, Study Room, Prayer Room, Powder Room, Gym, Store Rooms, Steam Room, Lounge or Sitting Room, Laundry Room, Other Rooms","Broadband Internet Access, Satellite or Cable TV Ready, Business Center or Media Room in Building, Conference Room in Building, Intercom, ATM Machines, Other Business and Communication Facilities","Community Lawn or Garden, Community Swimming Pool, Community Gym, First Aid or Medical Centre, Day Care Centre, Kids Play Area, Barbeque Area, Mosque, Community Centre, Other Community Facilities","Sauna, Jacuzzi, Other Healthcare and Recreation Facilities","Nearby Schools, Nearby Hospitals, Nearby Shopping Malls, Nearby Restaurants, Distance From Airport (kms), Nearby Public Transport Service, Other Nearby Places","Maintenance Staff, Security Staff, Laundry or Dry Cleaning Facility, Facilities for Disabled, Other Facilities",,,
https://www.zameen.com/Property/mpchs_multi_gardens_mpchs_-_block_f_modern_design_reasonable_price-53252745-8527-1.html,"MPCHS - Block F, MPCHS - Multi Gardens",House,PKR2.15 Crore,5,5 Marla,For Sale,4,4 months ago,"B-17, Islamabad, Islamabad Capital",5 Marla Modern Design House available for sale in B17 Multigarden Housing Society Islamabad Double unit plz only Jeniune buyers may contact y call,"Built in year: 2025, Parking Spaces: 10, Double Glazed Windows, Central Air Conditioning, Central Heating, Flooring, Electricity Backup, Waste Disposal",,,,,"Nearby Schools, Nearby Hospitals, Nearby Shopping Malls, Nearby Restaurants, Distance From Airport (kms), Nearby Public Transport Service, Other Nearby Places","Security Staff, Other Facilities",,,
https://www.zameen.com/Property/ghauri_town_ghauri_town_phase_5b_6_marla_dubal_2_5_story_demand_2_20_final_2_cror_electricity_water_boring_registery_intiqal_file_30_foot_gali_hy_tahir_khan_03115850472-53167641-16419-1.html,"Ghauri Town Phase 5B, Ghauri Town",House,PKR2 Crore,7,6 Marla,For Sale,7,3 days ago,"Ghauri Town, Islamabad, Islamabad Capital",RAJA Property Tahir Khan Demand 2 Cror 5 Bedroom 2 Drink Room 7 Bathroom 2 Kitchen 2 TV Long BIG Car Porch Electricity Water Boring,"Built in year: 2023, Parking Spaces: 10, Double Glazed Windows, Central Air Conditioning, Central Heating, Flooring, Electricity Backup, Waste Disposal, Other Main Features","Servant Quarters: 1, Other Rooms","Broadband Internet Access, Satellite or Cable TV Ready, Intercom, Other Business and Communication Facilities","Community Lawn or Garden, Community Swimming Pool, Community Gym, First Aid or Medical Centre, Day Care Centre, Kids Play Area, Barbeque Area, Mosque, Community Centre, Other Community Facilities","Lawn or Garden, Other Healthcare and Recreation Facilities","Nearby Schools, Nearby Hospitals, Nearby Shopping Malls, Nearby Restaurants, Distance From Airport (kms), Nearby Public Transport Service, Other Nearby Places","Maintenance Staff, Security Staff, Facilities for Disabled, Other Facilities",,,
https://www.zameen.com/Property/islamabad_d-12_in_d_12_1_kanal_triple_story_house_is_available_for_sale_at_very_prime_location-53180153-160-1.html,"D-12, Islamabad",House,PKR18 Crore,6,1 Kanal,For Sale,9,2 months ago,"D-12, Islamabad, Islamabad Capital","In D-12, Designer Triple Story House is available for Sale Size: 5090 (01 Kanal) Property Features: . 3 Bedrooms on Each Floor + Drawing/Dining + Tv Lounge + Kitchen + Dirty Kitchen + Store Room + Power Room Mumty: Wide Bedroom constructed as a proper Bedroom with attached Kitchen Additional Highlights: Total: 09 Bedrooms with attached Washrooms (03 on each floor) Modern & beautiful elevation with top-quality fittings & fixtures Separate huge water tanks for each floor + central main tank Solid, A++ quality construction by owner (owner built & occupied) Demand: Rs. 18 Crore Only Professional Real Estate Consultancy Services by Falcon Real Estate""* Falcon Real Estate having it's Office at D-12 Markaz is a highly professional setup with it's CEO Air Cdre Syed Abdullah (R). Having decate old experience to it's Credit, we are providing professional Consultancy Services to the Clients in the Field of Real Estate. By ensuring Fair Deals only, a large number of Clients have benifited from our Services by Selling / buying Plots, Houses, Appartment, shops etc. "" *We believe that best marketing is done by the existing Clients"". * We look forward to build up mutually beneficial relationship. Pls feel free to contact us at the time of ur convenience.","Parking Spaces: 3, Flooring, Waste Disposal, Floors: 3","Bedrooms: 9, Bathrooms: 9, Servant Quarters: 2, Drawing Room, Dining Room, Kitchens: 3, Study Room, Prayer Room, Powder Room, Gym, Store Rooms: 1, Lounge or Sitting Room, Laundry Room","Broadband Internet Access, Satellite or Cable TV Ready, Intercom","Community Lawn or Garden, Community Swimming Pool, Community Gym, First Aid or Medical Centre, Day Care Centre, Kids Play Area, Barbeque Area, Mosque, Community Centre","Lawn or Garden, Swimming Pool, Sauna, Jacuzzi","Nearby Schools, Nearby Hospitals, Nearby Shopping Malls, Nearby Restaurants, Distance From Airport (kms), Nearby Public Transport Service, Other Nearby Places","Maintenance Staff, Security Staff, Facilities for Disabled",,,
https://www.zameen.com/Property/top_city_1_top_city_1_-_block_a_10_marla_35_65_brand_new_house_available_for_sale_in_top_city_1_block_a_islamabad-53227471-9231-1.html,"Top City 1 - Block A, Top City 1",House,PKR5 Crore,6,10 Marla,For Sale,5,3 months ago,"Top City 1, Islamabad, Islamabad Capital","10 Marla Double Unit Brand New House. Available For Sale in Top City Block A Islamabad. House Size 35*65 6 Bedrooms. 4Baths. 2 Drawing Dining. 2 TV Lounge. 2 Kitchens. Car Parking Space. Electricity , Water and Gas Available. Top City is a Good Sector for Residence. Because Gated Community. 24 Hours Security. Neat and Clean. On Main Sirnagar Highway Islamabad Near to Islamabad Interchange Airport.","Built in year: 2025, Parking Spaces, Double Glazed Windows, Central Air Conditioning, Central Heating, Flooring, Electricity Backup, Waste Disposal, Other Main Features, Furnished","Bedrooms, Bathrooms, Servant Quarters, Drawing Room, Dining Room, Kitchens, Study Room, Prayer Room, Powder Room, Store Rooms, Steam Room, Lounge or Sitting Room, Laundry Room","Broadband Internet Access, Satellite or Cable TV Ready, Intercom, Other Business and Communication Facilities","Community Lawn or Garden, Community Gym, First Aid or Medical Centre, Day Care Centre, Kids Play Area, Barbeque Area, Community Centre",Lawn or Garden,"Nearby Schools, Nearby Hospitals, Nearby Shopping Malls, Nearby Restaurants, Distance From Airport (kms), Nearby Public Transport Service, Other Nearby Places","Maintenance Staff, Security Staff, Facilities for Disabled",,,
https://www.zameen.com/Property/cbr_town_phase_1_cbr_town_phase_1_-_block_c_luxurious_40x80_house_for_sale_in_cbr_town_phase_1_block_c-53200422-3149-1.html,"CBR Town Phase 1 - Block C, CBR Town Phase 1",House,PKR5.25 Crore,7,14 Marla,For Sale,7,5 months ago,"CBR Town, Islamabad, Islamabad Capital","- Location: CBR Town Phase 1, Block C, - Plot Size: 40x80 - Demand: PKR 52,500,000 - Description: This stunning house in CBR Town Phase 1 offers ample space and potential for luxury living. Located in a prime area, this property is ideal for those seeking a high-end lifestyle.","Built in year: 2023, Parking Spaces: 3, Double Glazed Windows, Central Air Conditioning, Central Heating, Flooring, Floors: 2","Bedrooms: 7, Bathrooms: 6, Servant Quarters: 1, Drawing Room, Dining Room, Kitchens: 2, Study Room, Prayer Room, Store Rooms: 1","Broadband Internet Access, Satellite or Cable TV Ready, Intercom","Community Lawn or Garden, Community Gym, First Aid or Medical Centre, Day Care Centre, Kids Play Area, Barbeque Area, Mosque, Community Centre","Lawn or Garden, Swimming Pool, Sauna, Jacuzzi",,,,,
https://www.zameen.com/Property/h_12_meher_apartments_3_bed_apartment_in_h-13_mehr_apartment_first_floor-53297752-11052-1.html,"Meher Apartments, H-12",Flat,PKR1.3 Crore,3,6.7 Marla,For Sale,3,1 month ago,"H-12, Islamabad, Islamabad Capital",3 bed attach bath tv lounge kitchen drawing dining First floor size 1500 Size mehr Apartment residential building under ground car parking for more information plz contact us,Electricity Backup,"Bedrooms: 3, Bathrooms: 4, Kitchens: 1",,"Community Lawn or Garden, Community Swimming Pool, Community Gym, Day Care Centre, Kids Play Area, Barbeque Area, Mosque",,Nearby Hospitals,"Maintenance Staff, Security Staff",,,
https://www.zameen.com/Property/e_11_madina_tower_one_bed_apartment_madina_tower_e-11_near_to_f-11-53297739-11138-1.html,"Madina Tower, E-11",Flat,PKR1.25 Crore,1,4.4 Marla,For Sale,1,1 month ago,"E-11, Islamabad, Islamabad Capital",one bed attach bath tv lounge kitchen open view 10 floor f-11 facing for more information plz contact us,"Built in year, Parking Spaces, Double Glazed Windows, Central Air Conditioning, Central Heating, Flooring, Electricity Backup, Other Main Features",,,,,"Nearby Schools, Nearby Hospitals, Nearby Shopping Malls, Nearby Restaurants, Distance From Airport (kms), Nearby Public Transport Service, Other Nearby Places",,,,
https://www.zameen.com/Property/mpchs_multi_gardens_mpchs_-_block_f_dream_home_made_easy_4_cr-4_10cr_your_design_20_lacs_less_6-12_months-53296908-8527-1.html,"MPCHS - Block F, MPCHS - Multi Gardens",House,PKR3.8 Crore,4,10 Marla,For Sale,5,4 weeks ago,"B-17, Islamabad, Islamabad Capital","House Features: 5 Bedrooms with attached Washrooms. 2 TV Lounge. 1 Drawing Room 2 Kitchens 1 Powder Room. Pehli baat Aap 20 lacs tak SAVE kar sakte hain. Sochiye, yeh paisay aap apne ghar ki furnishing mein laga sakte hain, apne bacchon ki education mein invest kar sakte hain, ya phir apni family ke liye kuch aur planning kar sakte hain. Doosri baat Yeh ghar AAPKI marzi ka banega. Aap chahte hain ke drawing room bara ho? Ho jayega. Aap chahte hain ke kitchen modern style ka ho? Bilkul. Aap chahte hain ke bedrooms zyada hain? Koi masla nahi. Har cheez aapki zaroorat aur aapki family ke mutabiq design hogi. Teesri baat Payment ka tension nahi. 6 to 12 mahine ki easy installments. Matlab aapko ek saath bhari amount nahi deni. Aap apni salary se, apne business se, aaram se payment manage kar sakte hain. Chauthi baat Land ki price bhi included haiMatlab aapko alag se plot dhundne ki zaroorat nahi, alag se negotiations ki tension nahi. Sab kuch ek package mein.","Built in year: 2025, Parking Spaces: 1, Double Glazed Windows, Central Air Conditioning, Central Heating, Flooring, Electricity Backup, Waste Disposal, Floors: 2, Other Main Features, Furnished","Bedrooms: 4, Bathrooms: 4, Servant Quarters: 1, Drawing Room, Dining Room, Kitchens: 2, Study Room, Prayer Room, Powder Room, Gym, Store Rooms: 1, Steam Room, Lounge or Sitting Room, Laundry Room, Other Rooms","Broadband Internet Access, Satellite or Cable TV Ready, Intercom, Other Business and Communication Facilities","Community Lawn or Garden, Community Swimming Pool, Community Gym, First Aid or Medical Centre, Day Care Centre, Kids Play Area, Barbeque Area, Mosque, Community Centre, Other Community Facilities","Lawn or Garden, Swimming Pool, Sauna, Jacuzzi","Nearby Schools, Nearby Hospitals, Nearby Shopping Malls, Nearby Restaurants, Distance From Airport (kms), Nearby Public Transport Service, Other Nearby Places","Maintenance Staff, Security Staff, Facilities for Disabled, Other Facilities",PKR1.75 Crore,PKR25.63 Lakh,8 Months
https://www.zameen.com/Property/islamabad_constitution_avenue_4_bed_apartment_for_sale_in_constitution_avenue_islamabad-49073847-8284-1.html,"Constitution Avenue, Islamabad",Flat,PKR23 Crore,4,1.1 Kanal,For Sale,4,4 months ago,"Constitution Avenue, Islamabad, Islamabad Capital","Constitution Avenue has many lucrative investment options so better start looking before the price rises. You can find the best properties in Constitution Avenue. Purchase it while you still can because the quoted price of Rs. 260000000 might won't stay the same for long. The Flat comes well-fitted with modern fixtures so you can enjoy your space with ease. An offer like this one comes across only lucky few property buyers. 4780 Square Feet is best to plan your dream home, so what are you waiting for. Find out what the property entails below. The apartment comes with a spacious lounge. The building includes a well-designed lobby. Enjoy your evening walks in the community park located at a walking distance from the Flat. You no longer need to worry about staying connected as this property comes with high-speed broadband internet access. A kids play area with the Flat is a useful additional feature. You can organize and set your washing area as you like in the separate laundry room of the Flat. A proper waste management system ensures cleanliness on premises 24/7. Complete property details can be obtained by calling us on the given numbers.","Built in year: 2023, Parking Spaces: 1, Lobby in Building, Double Glazed Windows, Central Air Conditioning, Central Heating, Flooring, Electricity Backup, Waste Disposal, Elevators: 3, Service Elevators in Building, Other Main Features, Furnished","Bedrooms: 4, Bathrooms: 4, Servant Quarters: 1, Drawing Room, Dining Room, Kitchens: 1, Study Room, Prayer Room, Powder Room, Gym, Store Rooms: 1, Steam Room, Lounge or Sitting Room, Laundry Room, Other Rooms","Broadband Internet Access, Satellite or Cable TV Ready, Intercom, Other Business and Communication Facilities","Community Lawn or Garden, Community Swimming Pool, Community Gym, First Aid or Medical Centre, Day Care Centre, Kids Play Area, Barbeque Area, Mosque, Community Centre, Other Community Facilities","Sauna, Jacuzzi, Other Healthcare and Recreation Facilities","Nearby Schools, Nearby Hospitals, Nearby Shopping Malls, Nearby Restaurants, Distance From Airport (kms), Nearby Public Transport Service, Other Nearby Places","Maintenance Staff, Security Staff, Facilities for Disabled, Other Facilities",,,
https://www.zameen.com/Property/i_16_i-16_2_5_marla_double_story_house_for_sale_in_i-16_2-53191175-3436-1.html,"I-16/2, I-16",House,PKR2.5 Crore,4,5.6 Marla,For Sale,4,1 week ago,"I-16, Islamabad, Islamabad Capital",5 Marla Double Story House for Sale in I-16/2,Waste Disposal,"Bedrooms: 5, Bathrooms: 4, Drawing Room, Dining Room, Kitchens: 2, Lounge or Sitting Room, Laundry Room","Broadband Internet Access, Satellite or Cable TV Ready, Intercom","Community Lawn or Garden, Community Swimming Pool, Community Gym, First Aid or Medical Centre, Day Care Centre, Kids Play Area, Barbeque Area, Mosque, Community Centre",,"Nearby Schools, Nearby Hospitals, Nearby Shopping Malls, Nearby Restaurants, Nearby Public Transport Service, Other Nearby Places",,,,
https://www.zameen.com/Property/islamabad_g-13_10_marla_brand_new_house_for_sale_in_g-13_islamabad_at_investor_rate-53316139-330-1.html,"G-13, Islamabad",House,PKR7.5 Crore,6,10 Marla,For Sale,7,5 months ago,"G-13, Islamabad, Islamabad Capital","All Original Pictures Are Attached 35*70 Modern Luxury House For Sale in G-13 Islamabad * Double-story * 7 spacious bedrooms * 8 luxurious bathrooms * 2 modern kitchens * 2 TV lounges * 3-car porch * Strategically located near Kashmir Highway and Metro Station. * Equipped with water boring and 24/7 water supply * Additional water supply from FGHEF, ensuring sufficient supply in the street * Imported fixtures in washrooms and kitchens, complemented by imported floor tiles * Stainless steel railings in staircase and front elevation * Exquisite imported woodwork throughout * Modern lever sets in kitchen and washrooms * Conveniently located near masjid and market Prime Location For inquiries and viewings, please contact","Built in year: 2025, Parking Spaces: 1, Double Glazed Windows, Central Air Conditioning, Central Heating, Flooring, Electricity Backup, Waste Disposal, Floors: 2, Other Main Features, Furnished","Bedrooms: 3, Bathrooms: 4, Servant Quarters: 1, Drawing Room, Dining Room, Kitchens: 1, Study Room, Prayer Room, Powder Room, Gym, Store Rooms: 1, Steam Room, Lounge or Sitting Room, Laundry Room, Other Rooms","Broadband Internet Access, Satellite or Cable TV Ready, Intercom, Other Business and Communication Facilities","Community Lawn or Garden, Community Swimming Pool, Community Gym, First Aid or Medical Centre, Day Care Centre, Kids Play Area, Barbeque Area, Mosque, Community Centre, Other Community Facilities","Lawn or Garden, Swimming Pool, Sauna, Jacuzzi, Other Healthcare and Recreation Facilities","Nearby Schools, Nearby Hospitals, Nearby Shopping Malls, Nearby Restaurants, Distance From Airport (kms), Nearby Public Transport Service, Other Nearby Places","Maintenance Staff, Security Staff, Facilities for Disabled, Other Facilities",,,
https://www.zameen.com/Property/islamabad_bhara_kahu_8_5_marla_corner_house-53156466-156-1.html,"Bhara kahu, Islamabad",House,PKR1.65 Crore,4,8 Marla,For Sale,4,4 months ago,"Bhara kahu, Islamabad, Islamabad Capital","8.5 Marla corner singal story House. Available For Sale in Bhara Kahu Islamabad. House Size 35*65 4 Bedrooms. 4Baths. 1 Drawing . 1 TV Lounge. 1 Kitchens. Car Parking Space. Electricity , Water Available. Bhara kahu is a Good location for Residence. Because Gated Community. Neat and Clean. Near on Main Murree Road Islamabad.","Built in year: 2, Parking Spaces: 1, Double Glazed Windows, Flooring, Electricity Backup, Waste Disposal","Bedrooms: 4, Bathrooms: 4, Drawing Room, Kitchens: 1, Gym, Lounge or Sitting Room, Laundry Room","Broadband Internet Access, Satellite or Cable TV Ready","Community Lawn or Garden, Community Gym, First Aid or Medical Centre, Mosque, Community Centre",,"Nearby Schools, Nearby Hospitals, Nearby Shopping Malls, Nearby Restaurants, Distance From Airport (kms), Nearby Public Transport Service, Other Nearby Places","Maintenance Staff, Facilities for Disabled",,,
https://www.zameen.com/Property/islamabad_diplomatic_enclave_decent_size_apartment_for_sale_in_diplomatic_enclave_islamabad-51445500-429-1.html,"Diplomatic Enclave, Islamabad",Flat,PKR5.9 Crore,2,6.2 Marla,For Sale,2,1 month ago,"Diplomatic Enclave, Islamabad, Islamabad Capital","2 Bedroom With Attach Washrooms, Drawing Dining Kitchen, Very Ideal Location For Living. Lifts, Backup Generators, Good Security, Big Garden, Good Sunlight, Dedicated Parking. Please Do Contact For More Details.","Built in year: 2024, Parking Spaces: 1, Lobby in Building, Double Glazed Windows, Central Air Conditioning, Central Heating, Flooring, Electricity Backup, Waste Disposal, Elevators: 1, Service Elevators in Building, Other Main Features, Furnished","Bedrooms: 2, Bathrooms: 2, Servant Quarters: 2, Drawing Room, Dining Room, Kitchens: 1, Study Room, Prayer Room, Powder Room, Gym, Store Rooms: 1, Steam Room, Lounge or Sitting Room, Laundry Room, Other Rooms","Broadband Internet Access, Satellite or Cable TV Ready, Intercom, Other Business and Communication Facilities","Community Lawn or Garden, Community Swimming Pool, Community Gym, First Aid or Medical Centre, Day Care Centre, Kids Play Area, Barbeque Area, Mosque, Community Centre, Other Community Facilities","Sauna, Jacuzzi, Other Healthcare and Recreation Facilities","Nearby Schools, Nearby Hospitals, Nearby Shopping Malls, Nearby Restaurants, Distance From Airport (kms), Nearby Public Transport Service, Other Nearby Places","Maintenance Staff, Security Staff, Facilities for Disabled, Other Facilities",,,
https://www.zameen.com/Property/islamabad_diplomatic_enclave_2_bedroom_apartment_for_sale_in_diplomatic_enclave-52188066-429-1.html,"Diplomatic Enclave, Islamabad",Flat,PKR6.3 Crore,2,7.1 Marla,For Sale,2,4 weeks ago,"Diplomatic Enclave, Islamabad, Islamabad Capital","This elegant residence offers two spacious bedrooms each with its own attached washroom, alongside a comfortable drawing room, dining area, and a fully equipped kitchen. Sleek tiles flooring throughout the space with convenient car parking facilities This Apartment presents an outstanding living option. Embrace the safety and tranquility of its environment, making it an ideal choice for discerning individuals. The home of your dreams!! Please do contact for more details.","Built in year: 2022, Parking Spaces: 1, Lobby in Building, Double Glazed Windows, Central Air Conditioning, Flooring, Electricity Backup, Waste Disposal, Service Elevators in Building, Other Main Features, Furnished","Bedrooms: 2, Bathrooms: 2, Servant Quarters: 1, Drawing Room, Dining Room, Kitchens: 1, Powder Room, Store Rooms: 1, Lounge or Sitting Room, Laundry Room, Other Rooms","Broadband Internet Access, Satellite or Cable TV Ready, Intercom, Other Business and Communication Facilities","Community Lawn or Garden, Community Swimming Pool, Community Gym, First Aid or Medical Centre, Day Care Centre, Kids Play Area, Barbeque Area, Mosque, Community Centre, Other Community Facilities",,"Nearby Schools, Nearby Hospitals, Nearby Shopping Malls, Nearby Restaurants, Distance From Airport (kms), Nearby Public Transport Service, Other Nearby Places","Maintenance Staff, Security Staff, Other Facilities",,,
https://www.zameen.com/Property/islamabad_diplomatic_enclave_fully_furnished_flat_for_sale_in_diplomatic_enclave_islamabad-52623219-429-1.html,"Diplomatic Enclave, Islamabad",Flat,PKR6.75 Crore,2,6.7 Marla,For Sale,2,6 months ago,"Diplomatic Enclave, Islamabad, Islamabad Capital","Fully Furnished 2 Bedroom with attach washroom, Drawing Dining kitchen. Very ideal location for living. Fully Renovated. Excellent Green view from Terrace. Good rental returns. Please do contact for more details.","Parking Spaces: 1, Flooring, Electricity Backup, Furnished","Bedrooms: 2, Bathrooms: 2, Drawing Room, Dining Room, Kitchens: 1, Lounge or Sitting Room, Laundry Room","Broadband Internet Access, Satellite or Cable TV Ready, Intercom, ATM Machines","Community Lawn or Garden, Community Gym, Kids Play Area, Mosque",,"Nearby Schools, Nearby Hospitals, Nearby Shopping Malls, Nearby Restaurants, Distance From Airport (kms), Nearby Public Transport Service, Other Nearby Places","Security Staff, Other Facilities",,,
https://www.zameen.com/Property/i_10_i-10_1_cda_sector_i-10_1_street_75-b_park_face_house_sale-52566140-3420-1.html,"I-10/1, I-10",House,PKR4 Crore,5,5 Marla,For Sale,4,6 months ago,"I-10, Islamabad, Islamabad Capital","Cda Sector I-10/1 PARK FACE + BACK OPEN EXTRA LAND Gali 75-B Triplle Story House 5 Mala House 2 Gas Meter 2 Electricity Meter 6 Kv Solar Installed Water Bore 5 Bed ,5bath ,3 Kitchen ,2 Drawing Room ,2tv Launch ,Car Porch","Double Glazed Windows, Central Air Conditioning, Central Heating, Flooring, Waste Disposal, Other Main Features","Bedrooms, Bathrooms, Servant Quarters: 1, Drawing Room, Dining Room, Kitchens: 1, Study Room, Prayer Room, Powder Room, Store Rooms: 1, Lounge or Sitting Room, Laundry Room, Other Rooms","Broadband Internet Access, Satellite or Cable TV Ready, Intercom, Other Business and Communication Facilities","Community Lawn or Garden, Community Swimming Pool, Community Gym, First Aid or Medical Centre, Day Care Centre, Kids Play Area, Barbeque Area, Mosque, Community Centre, Other Community Facilities","Lawn or Garden, Swimming Pool, Sauna, Jacuzzi","Nearby Schools, Nearby Hospitals, Nearby Shopping Malls, Nearby Restaurants, Distance From Airport (kms), Nearby Public Transport Service, Other Nearby Places","Security Staff, Other Facilities",,,
https://www.zameen.com/Property/e_11_e-11_1_spacious_200_sq_yd_house_for_sale_in_e-11_1_islamabad_solar_panel_installed_demand_rs_6_crore-53325210-3230-1.html,"E-11/1, E-11",House,PKR6 Crore,5,8 Marla,For Sale,5,1 month ago,"E-11, Islamabad, Islamabad Capital","Property Highlights: 200 Sq. Yd spacious house located in the prime sector E-11/1, Islamabad 5 well-designed bedrooms with attached bathrooms 2 modern kitchens with high-quality fittings Ample car parking space and wide street access Beautiful lawn and open area for family gatherings Water, electricity, and gas available Near main mosque, schools, markets & healthcare centers Easy access to Margalla Road and major city routes.","Built in year: 2025, Parking Spaces, Double Glazed Windows, Central Air Conditioning, Central Heating, Flooring, Electricity Backup, Waste Disposal, Floors: 2","Bedrooms: 5, Bathrooms: 5, Servant Quarters: 1, Drawing Room, Dining Room, Kitchens: 2, Study Room, Prayer Room, Powder Room, Gym, Store Rooms: 1, Steam Room, Lounge or Sitting Room, Laundry Room","Broadband Internet Access, Satellite or Cable TV Ready, Intercom","Community Lawn or Garden, Community Swimming Pool, Community Gym, First Aid or Medical Centre, Day Care Centre, Kids Play Area, Barbeque Area, Mosque, Community Centre","Lawn or Garden, Swimming Pool, Sauna, Jacuzzi","Nearby Schools, Nearby Hospitals, Nearby Shopping Malls, Nearby Restaurants, Distance From Airport (kms), Nearby Public Transport Service, Other Nearby Places","Maintenance Staff, Security Staff, Facilities for Disabled, Other Facilities",,,
https://www.zameen.com/Property/bahria_town_bahria_enclave_brand_new_house_available_for_sale-53324476-1705-1.html,"Bahria Enclave, Bahria Town",House,PKR2.45 Crore,3,5 Marla,For Sale,3,5 months ago,"Bahria Town, Islamabad, Islamabad Capital",Brand New available for Sale located In Best location of Islamabad Bahria Enclave best opportunity for End users best rental Income near to Market and masjid Get an opportunity to buy a house of your dream Call for more info and details,"Parking Spaces: 2, Double Glazed Windows, Central Air Conditioning, Central Heating, Flooring, Electricity Backup, Waste Disposal, Other Main Features, Furnished","Bedrooms: 3, Bathrooms: 3, Servant Quarters: 1, Drawing Room, Dining Room, Kitchens: 1, Study Room, Prayer Room, Powder Room, Gym, Store Rooms: 1, Steam Room, Lounge or Sitting Room, Laundry Room, Other Rooms","Broadband Internet Access, Satellite or Cable TV Ready, Intercom, Other Business and Communication Facilities","Community Lawn or Garden, Community Swimming Pool, Community Gym, First Aid or Medical Centre, Day Care Centre, Kids Play Area, Barbeque Area, Mosque, Community Centre, Other Community Facilities","Sauna, Jacuzzi, Other Healthcare and Recreation Facilities","Nearby Schools, Nearby Hospitals, Nearby Shopping Malls, Nearby Restaurants, Distance From Airport (kms), Nearby Public Transport Service, Other Nearby Places","Maintenance Staff, Security Staff, Facilities for Disabled, Other Facilities",,,
https://www.zameen.com/Property/gulberg_residencia_gulberg_residencia_-_block_l_7_marla_constructed_house_for_sale_in_gulberg_residencia-53187015-9122-1.html,"Gulberg Residencia - Block L, Gulberg Residencia",House,PKR4 Crore,6,7 Marla,For Sale,4,4 months ago,"Gulberg, Islamabad, Islamabad Capital",7 Marla double story constructed house available for sale in gulberg residencia,"Parking Spaces, Flooring, Waste Disposal, Floors",,,,,,,,,
https://www.zameen.com/Property/gulberg_greens_block_e_gevora_international_hotel_mall_1_bedroom_flat_available_for_sale_in_gevora_gulberg_greens-53222936-18852-1.html,"Gevora International Hotel & Mall, Gulberg Greens - Block E",Flat,PKR1.29 Crore,1,3.6 Marla,For Sale,1,4 months ago,"Gulberg, Islamabad, Islamabad Capital","You can find the best properties in Gevora International Hotel & Mall. The Flat is well designed to accommodate the family and their guests. With so many investment options available, you can become a proud property owner today. An offer like this once comes across quite rarely in Islamabad. Here is a property matching your search if that is around Rs. 12864000.804 Square Feet property offers maximum space utility option, so you and your family can live comfortably. Find out the basic features of the property below. You won't have to worry about lifting your goods to your floor, as the building facilities includes a service elevator for that purpose. The lobby and reception in the apartment building contributes to the resident's security. Waste disposal services ensures the surrounding is clean 24/7. For more pricing information and property details, call us today.","Parking Spaces, Lobby in Building, Flooring, Electricity Backup, Waste Disposal, Floors in Building: 16, Elevators, Service Elevators in Building, Other Main Features",,,,,"Nearby Schools, Nearby Hospitals, Nearby Shopping Malls, Nearby Restaurants, Distance From Airport (kms), Nearby Public Transport Service, Other Nearby Places","Security Staff, Other Facilities",PKR51.46 Lakh,PKR2.57 Lakh,30 Months
https://www.zameen.com/Property/dha_defence_dha_defence_phase_2_dha_2_one_kanal_brand_new_luxurious_designer_house_prime_location_of_dha2-53088753-339-1.html,"DHA Defence Phase 2, DHA Defence",House,PKR14.9 Crore,6,1 Kanal,For Sale,5,6 months ago,"DHA Defence, Islamabad, Islamabad Capital",Dha2 one kanal Brand new luxurious Designer House with swimming pool and Lift etc prime location of Dha2,"Built in year: 2025, Parking Spaces: 3, Double Glazed Windows, Central Air Conditioning, Central Heating, Flooring, Electricity Backup, Waste Disposal, Floors: 3, Other Main Features, Furnished","Bedrooms: 6, Bathrooms: 8, Servant Quarters: 2, Drawing Room, Dining Room, Kitchens: 2, Study Room, Prayer Room, Powder Room, Gym, Store Rooms: 2, Steam Room, Lounge or Sitting Room, Laundry Room, Other Rooms","Broadband Internet Access, Satellite or Cable TV Ready, Intercom, Other Business and Communication Facilities","Community Lawn or Garden, Community Swimming Pool, Community Gym, First Aid or Medical Centre, Day Care Centre, Kids Play Area, Barbeque Area, Mosque, Community Centre, Other Community Facilities","Lawn or Garden, Swimming Pool, Sauna, Jacuzzi, Other Healthcare and Recreation Facilities","Nearby Schools, Nearby Hospitals, Nearby Shopping Malls, Nearby Restaurants, Distance From Airport (kms), Nearby Public Transport Service, Other Nearby Places","Maintenance Staff, Security Staff, Facilities for Disabled, Other Facilities",,,
https://www.zameen.com/Property/cbr_town_phase_1_cbr_town_phase_1_-_block_c_a_beautifull_brand_new_house_for_sale_in_cbr_town-52971660-3149-1.html,"CBR Town Phase 1 - Block C, CBR Town Phase 1",House,PKR5.6 Crore,7,14 Marla,For Sale,6,6 months ago,"CBR Town, Islamabad, Islamabad Capital","Brand New 14 Marla Corner House for Sale CBR Town, Block-C, Islamabad Newlife Developers presenting a stunning brand-new double-unit residential house located in the prime area of CBR Town, Block-C, Street-36. Built on a 40 ft x 80 ft (14 Marla) corner plot, this home offers the perfect blend of modern design, comfort, and convenience. Property Features: Bedrooms: 6 spacious rooms, each with attached bathrooms (8 baths in total) Kitchens: 2 modern, fully equipped kitchens Living Areas: 2 TV lounges for family gatherings Drawing Rooms: 2 elegant drawing rooms for guests Parking: Double car porch with ample space Outdoor Space: Terrace, lawn, and a beautifully maintained corner garden Design: Modern architecture with premium fittings and fixtures Structure: Double-unit, ideal for joint or large families Location Highlights: Prime location in CBR Town peaceful and secure neighborhood Near to Razi Hospital Easy access to main roads, markets, schools, and mosques we are UK compnay you can trust blind no cutting direct dealing with owner contact ch gulfraz any complaints contact on watsaap View Contact Detail","Built in year: 2025, Parking Spaces: 3, Double Glazed Windows, Central Heating, Flooring, Floors: 2",,,"Community Lawn or Garden, Community Swimming Pool, Community Gym, First Aid or Medical Centre, Day Care Centre, Kids Play Area, Barbeque Area, Mosque, Community Centre, Other Community Facilities",,"Nearby Schools, Nearby Hospitals, Nearby Shopping Malls, Nearby Restaurants, Distance From Airport (kms), Nearby Public Transport Service, Other Nearby Places","Security Staff, Other Facilities",,,
https://www.zameen.com/Property/islamabad_b-17_5_marla_designer_house_for_sale_in_multi_gardens_mpchs_b-17_block_f_islamabad-52575835-616-1.html,"B-17, Islamabad",House,PKR2.05 Crore,4,5 Marla,For Sale,4,4 weeks ago,"B-17, Islamabad, Islamabad Capital","WE HAVE VERY LIMITED SLOTS AVAILABLE TOO BOOK FOR COMPLETE DETAILS: CALL US. WE WILL TELL YOU HOW ITS WORK HOW YOU CAN HAVE A BEAUTIFULLY DESIGNED HOUSE SPECIFICALLY ACCORDING TO TO YOUR NEEDS Your Dream Home Awaits, Built & Ready in Just 5 Months! Exclusive Plots in Prestigious B-17 Claim Yours Today & Transform Dreams into Reality! 3 Simple Steps to Construct your DREAM HOME: 1 Choose Your Plot Choose from prime plots in B-17s sought-after communitywhere luxury meets convenience. Act fast; exclusive locations are selling out! 2 Design With our Architects and Engineers Design Freedom, Expertly Guided Collaborate with award-winning architects to craft a home thats uniquely yours. From modern minimalism to timeless elegance your vision, our expertise. 3 Move In Faster Than You Think No delays, no stress. Our fast-track construction team guarantees your keys in just 5 months! Quality craftsmanship, on time, every time. Why Wait? Stress-free process from start to finish FREE 3D design consultation Rs,150,000 10-year structural warranty for peace of mind Limited-Time Offer: WE HAVE VERY LIMITED SLOTS AVAILABLE TO BOOK","Built in year: 2020, Parking Spaces: 4, Double Glazed Windows, Central Air Conditioning, Central Heating, Flooring, Electricity Backup, Waste Disposal","Bedrooms: 3, Bathrooms: 4, Servant Quarters: 1, Drawing Room, Dining Room, Kitchens: 2, Study Room, Prayer Room, Powder Room, Gym, Store Rooms: 1, Steam Room, Lounge or Sitting Room, Laundry Room, Other Rooms","Broadband Internet Access, Satellite or Cable TV Ready, Intercom, Other Business and Communication Facilities","Community Lawn or Garden, Community Swimming Pool, Community Gym, First Aid or Medical Centre, Day Care Centre, Kids Play Area, Barbeque Area, Mosque, Community Centre, Other Community Facilities","Lawn or Garden, Swimming Pool, Sauna, Jacuzzi, Other Healthcare and Recreation Facilities","Nearby Schools, Nearby Hospitals, Nearby Shopping Malls, Nearby Restaurants, Distance From Airport (kms), Nearby Public Transport Service, Other Nearby Places","Maintenance Staff, Security Staff, Facilities for Disabled, Other Facilities",PKR85 Lakh,PKR20 Lakh,6 Months
https://www.zameen.com/Property/i_14_i-14_3_i-14_3_brand_new_houses_available_for_sale-53093346-8342-1.html,"I-14/3, I-14",House,PKR3 Crore,6,5 Marla,For Sale,5,6 months ago,"I-14, Islamabad, Islamabad Capital",I-14/3 Brand New House Available For Sale 5 Bedroom With Attached Bathroom 2 TV Lounge 2 Drawing Room 2 Kitchen Near To Market Facilities Water Boring Electric Meter Available More Details Contact Me,"Built in year: 2025, Parking Spaces: 2, Double Glazed Windows, Central Air Conditioning, Central Heating, Flooring, Electricity Backup, Waste Disposal, Floors: 2.5, Other Main Features, Furnished","Bedrooms: 5, Bathrooms: 6, Servant Quarters: 1, Drawing Room, Dining Room, Kitchens: 1, Study Room, Prayer Room, Powder Room, Gym, Store Rooms: 1, Steam Room, Lounge or Sitting Room, Laundry Room, Other Rooms","Broadband Internet Access, Satellite or Cable TV Ready, Intercom","Community Lawn or Garden, Community Swimming Pool, Community Gym, First Aid or Medical Centre, Day Care Centre, Kids Play Area, Barbeque Area, Mosque, Community Centre","Lawn or Garden, Swimming Pool, Sauna, Jacuzzi","Nearby Schools, Nearby Hospitals, Nearby Shopping Malls, Nearby Restaurants, Distance From Airport (kms), Nearby Public Transport Service, Other Nearby Places","Maintenance Staff, Security Staff, Facilities for Disabled, Other Facilities",,,
https://www.zameen.com/Property/islamabad_airport_enclave_5_marla_villas_for_sale_in_airport_enclave_housing_society_islamabad-53229021-9241-1.html,"Airport Enclave, Islamabad",House,PKR1.7 Crore,3,5 Marla,For Sale,3,6 months ago,"Airport Enclave, Islamabad, Islamabad Capital","For Sale 5 Marla Villas in Airport Enclave Housing Society, Islamabad Location: Airport Enclave Housing Society (Prime Location) Property Type: 5 Marla Luxury Villas Number of Units: 2 Villas Available Status: Ready for Possession Features: Modern Elevation & Stylish Design 3 Bedrooms with Attached Baths Spacious TV Lounge & Drawing Room Imported Kitchen Fittings Car Porch Electricity, Gas & Water Available Price: Reasonable & Negotiable Contact: Visit Today and Book Your Dream Home in a Peaceful & Secure Community!","Built in year: 2025, Parking Spaces: 2, Double Glazed Windows, Central Air Conditioning, Central Heating, Flooring, Electricity Backup, Waste Disposal, Floors: 2, Other Main Features","Bedrooms: 2, Bathrooms: 2, Servant Quarters: 1, Drawing Room, Dining Room, Kitchens: 2, Study Room, Prayer Room, Powder Room, Gym, Store Rooms: 1, Steam Room, Lounge or Sitting Room, Laundry Room, Other Rooms","Broadband Internet Access, Satellite or Cable TV Ready, Intercom, Other Business and Communication Facilities","Community Lawn or Garden, Community Swimming Pool, Community Gym, First Aid or Medical Centre, Day Care Centre, Kids Play Area, Barbeque Area, Mosque, Community Centre, Other Community Facilities","Lawn or Garden, Swimming Pool, Sauna, Jacuzzi, Other Healthcare and Recreation Facilities","Nearby Schools, Nearby Hospitals, Nearby Shopping Malls, Nearby Restaurants, Distance From Airport (kms), Nearby Public Transport Service, Other Nearby Places","Maintenance Staff, Security Staff, Facilities for Disabled, Other Facilities",,,
https://www.zameen.com/Property/islamabad_marwa_town_7_marla_single_story_house_available_for_sale-53228123-10078-1.html,"Marwa Town, Islamabad",House,PKR1.12 Crore,3,7 Marla,For Sale,3,6 months ago,"Marwa Town, Islamabad, Islamabad Capital",Brand new 7 Marla single story house for sale marwa town near Ghouri town Islamabad 7 marla size. Investor rate Electricity meter installed prime location,"Built in year, Parking Spaces, Double Glazed Windows, Central Air Conditioning, Central Heating, Flooring, Electricity Backup, Waste Disposal",,,,,"Nearby Schools, Nearby Hospitals, Nearby Shopping Malls, Nearby Restaurants, Distance From Airport (kms), Nearby Public Transport Service, Other Nearby Places",Other Facilities,,,
https://www.zameen.com/Property/dha_defence_phase_5_dha_phase_5_-_sector_f_elite_property_front_open_8_marla_heighted_house_for_sale-52605000-8836-1.html,"DHA Phase 5 - Sector F, DHA Defence Phase 5",House,PKR4.6 Crore,5,8 Marla,For Sale,4,6 months ago,"DHA Defence, Islamabad, Islamabad Capital",Elite Property Front Open Heighted House For Sale Best Opportunity Safe Investment Profit Expected In days Near To Mosque Near To Park Near To Commercial More details On Call,"Built in year: 2025, Parking Spaces: 2, Double Glazed Windows, Central Air Conditioning, Central Heating, Flooring, Electricity Backup, Waste Disposal, Floors: 1, Other Main Features","Bedrooms: 4, Bathrooms: 5, Servant Quarters: 1, Drawing Room, Dining Room, Kitchens: 2, Study Room, Prayer Room, Powder Room, Gym, Store Rooms: 1, Steam Room, Lounge or Sitting Room, Laundry Room","Broadband Internet Access, Satellite or Cable TV Ready, Intercom, Other Business and Communication Facilities","Community Lawn or Garden, Community Swimming Pool, Community Gym, First Aid or Medical Centre, Day Care Centre, Kids Play Area, Barbeque Area, Mosque, Community Centre, Other Community Facilities","Lawn or Garden, Swimming Pool, Sauna, Jacuzzi, Other Healthcare and Recreation Facilities","Nearby Schools, Nearby Hospitals, Nearby Shopping Malls, Nearby Restaurants, Distance From Airport (kms), Nearby Public Transport Service, Other Nearby Places","Maintenance Staff, Security Staff, Facilities for Disabled, Other Facilities",,,
https://www.zameen.com/Property/dha_defence_phase_5_askari_tower_4_4bed_apartment_for_sale_in_askari_tower_4_dha5_isb-52926111-21810-1.html,"Askari Tower 4, DHA Defence Phase 5",Flat,PKR3.7 Crore,5,12 Marla,For Sale,4,6 months ago,"DHA Defence, Islamabad, Islamabad Capital","4 Bedroom 5 Bathroom Drawing Room Kitchen TV Launch Laundry Area Store Room Servant Room Water Electricity Elevator >Nearby Masjid >Nearby School >Nearby Hospital >Nearby Shopping Malls >Nearby Restaurants >Distance From Airport 50km More Flats, Portions, Houses, Offices, Halls, Plots, Plazas And Shops Available For Rent, Sale And Purchase In DHA2&5 Islamabad Contact For More Information We Offer 1: Property Management And Care Taking 2: Remodeling 3: Renovation 4: New Construction","Built in year: 2025, Parking Spaces, Lobby in Building, Flooring, Electricity Backup, Waste Disposal, Floors in Building: 12, Elevators, Service Elevators in Building, Other Main Features","Bedrooms: 4, Bathrooms: 5, Servant Quarters, Drawing Room, Dining Room, Kitchens: 1, Store Rooms, Lounge or Sitting Room, Laundry Room, Other Rooms","Broadband Internet Access, Conference Room in Building, Intercom, ATM Machines, Other Business and Communication Facilities","Community Lawn or Garden, Community Gym, First Aid or Medical Centre, Day Care Centre, Kids Play Area, Mosque, Community Centre, Other Community Facilities","Sauna, Jacuzzi, Other Healthcare and Recreation Facilities","Nearby Schools, Nearby Hospitals, Nearby Shopping Malls, Nearby Restaurants, Distance From Airport (kms), Nearby Public Transport Service, Other Nearby Places","Maintenance Staff, Security Staff, Laundry or Dry Cleaning Facility, Pets Allowed, Other Facilities",,,
https://www.zameen.com/Property/bahria_garden_city_bahria_garden_city_-_zone_1_park_facing_15_marla_house_available_for_sale_garden_city_bahria_town-53250868-10605-1.html,"Bahria Garden City - Zone 1, Bahria Garden City",House,PKR7.5 Crore,6,15 Marla,For Sale,7,6 months ago,"Bahria Town, Islamabad, Islamabad Capital","RAK PROPERTIES OFFER YOU Park Facing front Open 15 Marla Brand New House Details Gardencity zone 1 extension 3 separate units Basement, ground, First floor 7 bed 7 bathroom Park facing view","Built in year: 2025, Parking Spaces: 3, Double Glazed Windows, Central Air Conditioning, Central Heating, Flooring, Electricity Backup, Waste Disposal, Floors: 3, Other Main Features, Furnished","Bedrooms: 7, Bathrooms: 8, Drawing Room, Dining Room, Kitchens: 3, Study Room, Prayer Room, Powder Room, Gym, Store Rooms: 1, Steam Room, Lounge or Sitting Room, Laundry Room, Other Rooms","Broadband Internet Access, Satellite or Cable TV Ready, Intercom, Other Business and Communication Facilities","Community Lawn or Garden, Community Swimming Pool, Community Gym, First Aid or Medical Centre, Day Care Centre, Kids Play Area, Barbeque Area, Mosque, Community Centre, Other Community Facilities","Lawn or Garden, Swimming Pool, Sauna, Jacuzzi, Other Healthcare and Recreation Facilities","Nearby Schools, Nearby Hospitals, Nearby Shopping Malls, Nearby Restaurants, Distance From Airport (kms), Nearby Public Transport Service, Other Nearby Places","Maintenance Staff, Security Staff, Facilities for Disabled, Other Facilities",,,
https://www.zameen.com/Property/islamabad_d-12_d_12_-4_house_far_sale_size_500_sq_yd-52105406-160-1.html,"D-12, Islamabad",House,PKR18 Crore,6,1 Kanal,For Sale,5,6 months ago,"D-12, Islamabad, Islamabad Capital",D 12 -4 House Far Sale size 500 Gaz 9 Bedroom 10 Bath 3 Kitchen drawing daning Contact Sajid Malik,"Built in year: 1, Parking Spaces: 4, Double Glazed Windows, Central Air Conditioning, Central Heating, Flooring, Electricity Backup, Waste Disposal, Floors: 3, Other Main Features, Furnished","Bedrooms: 9, Bathrooms: 10, Servant Quarters: 1, Drawing Room, Dining Room, Kitchens: 3, Study Room, Prayer Room, Powder Room, Gym, Store Rooms: 2, Steam Room, Lounge or Sitting Room, Laundry Room, Other Rooms","Broadband Internet Access, Satellite or Cable TV Ready, Intercom, Other Business and Communication Facilities","Community Lawn or Garden, Community Swimming Pool, Community Gym, First Aid or Medical Centre, Day Care Centre, Kids Play Area, Barbeque Area, Mosque, Community Centre, Other Community Facilities","Lawn or Garden, Swimming Pool, Sauna, Jacuzzi, Other Healthcare and Recreation Facilities","Nearby Schools, Nearby Hospitals, Nearby Shopping Malls, Nearby Restaurants, Distance From Airport (kms), Nearby Public Transport Service, Other Nearby Places","Maintenance Staff, Security Staff, Facilities for Disabled, Other Facilities",,,
https://www.zameen.com/Property/dha_defence_phase_2_askari_tower_2_3_bed_apartment_for_sale_in_askari_tower_2_dha_phase_2_islamabad-52861698-11905-1.html,"Askari Tower 2, DHA Defence Phase 2",Flat,PKR3.3 Crore,3,11.6 Marla,For Sale,3,6 months ago,"DHA Defence, Islamabad, Islamabad Capital","We offer 03 Bedroom Apartment for Sale on (Urgent Basis) in Askari Tower 02 DHA Phase 02 Islamabad >>> Total Accommodation >Independent 03 Bed Apartment ----------------------------------- >>>Details are as Under >Bedroom 03 >Bathroom 03 >D. D 01 >Kitchen 01 >Dirty Kitchen 01 >Gas Presser Full >Society Water >Left 24/7 >Security Camera Installed ------------------------------------- >>> Main Features. . . >Near Market, Masjid, And Park >Near Jacaranda Family Club and Filling Station >Near Gega Mall >Central Point of Expressway and Main G. T Road -------------------------------------- >>>>Our Massage >We are Providing a Secure Platform for Your Property Assets. >We Deals in All Kind of Property in all CDA Sectors, Bahria Town Rawalpindi/ Islamabad and in all DHA >We also Deal in Sale and Purchase of Houses and Plots on Best Possible Market Rates.","Built in year: 2016, Parking Spaces: 2, Lobby in Building, Double Glazed Windows, Central Air Conditioning, Central Heating, Flooring, Electricity Backup, Waste Disposal, Floor: 5, Floors in Building: 7, Elevators: 2, Service Elevators in Building, Other Main Features","Bedrooms: 3, Bathrooms: 3, Servant Quarters: 1, Drawing Room, Dining Room, Kitchens: 1, Study Room, Prayer Room, Powder Room, Gym, Store Rooms: 1, Steam Room, Lounge or Sitting Room, Laundry Room, Other Rooms","Broadband Internet Access, Satellite or Cable TV Ready, Business Center or Media Room in Building, Conference Room in Building, Intercom, ATM Machines, Other Business and Communication Facilities","Community Lawn or Garden, Community Swimming Pool, Community Gym, First Aid or Medical Centre, Day Care Centre, Kids Play Area, Barbeque Area, Mosque, Community Centre, Other Community Facilities","Sauna, Jacuzzi, Other Healthcare and Recreation Facilities","Nearby Schools, Nearby Hospitals, Nearby Shopping Malls, Nearby Restaurants, Distance From Airport (kms), Nearby Public Transport Service, Other Nearby Places","Maintenance Staff, Security Staff, Laundry or Dry Cleaning Facility, Communal/Shared Kitchen, Facilities for Disabled, Pets Allowed, Other Facilities",,,
https://www.zameen.com/Property/bahria_town_bahria_enclave_10_marla_brand_new_house_for_sale-52565565-1705-1.html,"Bahria Enclave, Bahria Town",House,PKR5.5 Crore,6,10 Marla,For Sale,5,2 months ago,"Bahria Town, Islamabad, Islamabad Capital",5 BEDROOMS WITH ATTACHED BATH 2 KITCHEN DRAWING DINING TV LOUNGE ON EACH FLOOR SERVANT QUARTER SOLID WOOD WORK A PLUS CONSTRUCTION QUALITY BEAUTIFUL LOCATION,"Built in year: 2025, Parking Spaces: 2, Double Glazed Windows, Central Air Conditioning, Central Heating, Flooring, Waste Disposal, Floors: 2","Bedrooms: 5, Bathrooms: 6, Servant Quarters: 1, Drawing Room, Dining Room, Kitchens: 2, Study Room, Prayer Room, Powder Room, Store Rooms: 1, Steam Room, Lounge or Sitting Room, Laundry Room","Broadband Internet Access, Satellite or Cable TV Ready, Intercom","Community Lawn or Garden, Community Swimming Pool, Community Gym, First Aid or Medical Centre, Day Care Centre, Kids Play Area, Barbeque Area, Mosque","Lawn or Garden, Swimming Pool, Sauna, Jacuzzi","Nearby Schools, Nearby Hospitals, Nearby Shopping Malls, Nearby Restaurants, Distance From Airport (kms), Nearby Public Transport Service, Other Nearby Places","Maintenance Staff, Security Staff, Facilities for Disabled, Other Facilities",,,
https://www.zameen.com/Property/bahria_enclave_bahria_enclave_-_sector_c1_stunning_5-bedroom_designer_house_prime_sector_c1_bahria_enclave_ready_to_move_in-53233052-11987-1.html,"Bahria Enclave - Sector C1, Bahria Enclave",House,PKR4.75 Crore,5,10 Marla,For Sale,5,6 months ago,"Bahria Town, Islamabad, Islamabad Capital","Location: Sector C1, Bahria Enclave, Islamabad Description: Discover the perfect blend of luxury and convenience in this stunning 10 Marla house, now available for sale in the highly sought-after Sector C1 of Bahria Enclave, Islamabad. This exquisite property is designed for those who refuse to compromise on space, comfort, or location, offering a move-in-ready solution for a premium lifestyle. Nestled in the most beautiful part of Sector C1, this home places you within walking distance of the Main Entrance, Bahria Enclave Zoo, Beacon House School, mosques, hospitals, parks, and shopping centers. Every essential amenity is right at your doorstep. Property Layout & Features: 5 Spacious Bedrooms: Each bedroom features an attached modern bathroom for ultimate privacy and convenience. Multiple Living & Utility Spaces: Includes a dedicated store room and two well-equipped kitchensperfect for both daily family meals and entertaining. Ample Car Parking: Secure and spacious parking for multiple vehicles. Independent Servant Quarter: Complete with a washroom and a separate kitchen, ensuring privacy and functionality for household staff. Live the Bahria Enclave Lifestyle: This home offers more than just a residence; it offers an entry into one of Islamabad's most prestigious and secure gated communities. Residents of Bahria Enclave enjoy: 24/7 Gated Security: Advanced surveillance and controlled access for complete peace of mind. Uninterrupted Utilities: A reliable power supply and modern infrastructure. World-Class Amenities: Pristine parks, community centers, and beautifully landscaped surroundings. Proven Investment: A secure and high-value asset in a community known for consistent property appreciation. This is a rare opportunity to own a spacious, modern home in a flagship location without the wait of construction. It is an ideal choice for a large family seeking both luxury and practicality. Don't miss the chance to make this gem your own. Contact us today to schedule a private viewing!","Built in year: 2025, Parking Spaces: 2, Double Glazed Windows, Central Air Conditioning, Central Heating, Flooring, Waste Disposal, Floors: 2","Bedrooms: 5, Bathrooms: 5, Servant Quarters: 1, Drawing Room, Dining Room, Kitchens: 2, Study Room, Prayer Room, Store Rooms: 1, Lounge or Sitting Room, Laundry Room","Broadband Internet Access, Satellite or Cable TV Ready, Intercom","Community Lawn or Garden, First Aid or Medical Centre, Day Care Centre, Kids Play Area, Barbeque Area, Mosque","Lawn or Garden, Other Healthcare and Recreation Facilities","Nearby Schools, Nearby Hospitals, Nearby Shopping Malls, Nearby Restaurants, Distance From Airport (kms), Nearby Public Transport Service, Other Nearby Places","Maintenance Staff, Security Staff, Facilities for Disabled, Other Facilities",,,
https://www.zameen.com/Property/cbr_town_cbr_town_phase_1_beautiful_modern_elevation_house_for_sale-52490703-3147-1.html,"CBR Town Phase 1, CBR Town",House,PKR3.85 Crore,5,8 Marla,For Sale,4,2 months ago,"CBR Town, Islamabad, Islamabad Capital","Beautiful Designer House For Sale in CBR Town Phase 1 Islamabad Modern Elevation A Grade Construction work Reasonable Demand Furthermore Negotiations 4 Bedrooms attached Bathroom Double Drawing Room Double TVL Double Kitchen 2 Vehicles Car Porch 2 Independent Portions Sui Gas Meter, Electricity Meter Installed Behtreen Water Supply Contact us for more information View Contact Detail View Contact Detail","Built in year: 2025, Parking Spaces: 2, Double Glazed Windows, Central Air Conditioning, Central Heating, Flooring, Electricity Backup, Waste Disposal, Floors: 2, Other Main Features, Furnished","Bedrooms: 4, Bathrooms: 5, Drawing Room, Dining Room, Kitchens: 2, Study Room, Prayer Room, Powder Room, Gym, Store Rooms, Steam Room, Lounge or Sitting Room, Laundry Room, Other Rooms","Broadband Internet Access, Satellite or Cable TV Ready, Intercom, Other Business and Communication Facilities","Community Lawn or Garden, Community Swimming Pool, Community Gym, First Aid or Medical Centre, Day Care Centre, Kids Play Area, Barbeque Area, Mosque, Community Centre, Other Community Facilities","Lawn or Garden, Swimming Pool, Sauna, Jacuzzi, Other Healthcare and Recreation Facilities","Nearby Schools, Nearby Hospitals, Nearby Shopping Malls, Nearby Restaurants, Distance From Airport (kms), Nearby Public Transport Service, Other Nearby Places","Maintenance Staff, Security Staff, Facilities for Disabled, Other Facilities",,,
https://www.zameen.com/Property/islamabad_pwd_housing_scheme_brand_new_beautiful_house_for_sale-52537828-424-1.html,"PWD Housing Scheme, Islamabad",House,PKR2.85 Crore,5,5 Marla,For Sale,4,2 months ago,"PWD Housing Scheme, Islamabad, Islamabad Capital","Brand New 5 Marla Beautiful House For Sale In P. W. D. Housing Society Lohi Blair Islamabad. 4 Bedrooms, 5 Bathrooms, Double TVL, Double DD, Double Kitchen, Complete 2 Independent Portions almost 60 to 80 thousand rental value Demand 2 Karor 85 Lac","Built in year: 2025, Parking Spaces: 2, Double Glazed Windows, Flooring, Electricity Backup, Waste Disposal, Floors: 2","Bedrooms: 4, Bathrooms: 5, Drawing Room, Dining Room, Kitchens: 2, Powder Room, Lounge or Sitting Room, Laundry Room","Broadband Internet Access, Satellite or Cable TV Ready","Community Lawn or Garden, Community Swimming Pool, Community Gym, First Aid or Medical Centre, Day Care Centre, Kids Play Area, Barbeque Area, Mosque, Community Centre",Other Healthcare and Recreation Facilities,"Nearby Schools, Nearby Hospitals, Nearby Shopping Malls, Nearby Restaurants, Distance From Airport (kms), Nearby Public Transport Service, Other Nearby Places","Maintenance Staff, Security Staff, Facilities for Disabled, Other Facilities",,,
https://www.zameen.com/Property/d_12_d-12_3_brand_new_house_for_sale-52886912-3156-1.html,"D-12/3, D-12",House,PKR4.2 Crore,5,4 Marla,For Sale,3,6 months ago,"D-12, Islamabad, Islamabad Capital",3bed attached bath drawing with bath sarvent room water bore car parking,"Built in year: 2020, Parking Spaces: 6, Double Glazed Windows, Central Air Conditioning, Central Heating, Flooring, Electricity Backup, Waste Disposal, Floors: 3, Other Main Features, Furnished","Bedrooms: 7, Bathrooms: 9, Servant Quarters: 2, Drawing Room, Dining Room, Kitchens: 2, Study Room, Prayer Room, Powder Room, Gym, Store Rooms: 1, Steam Room, Lounge or Sitting Room, Laundry Room, Other Rooms","Broadband Internet Access, Satellite or Cable TV Ready, Intercom, Other Business and Communication Facilities","Community Lawn or Garden, Community Swimming Pool, Community Gym, First Aid or Medical Centre, Day Care Centre, Kids Play Area, Barbeque Area, Mosque, Community Centre, Other Community Facilities","Lawn or Garden, Swimming Pool, Sauna, Jacuzzi, Other Healthcare and Recreation Facilities","Nearby Hospitals, Nearby Shopping Malls, Nearby Restaurants, Distance From Airport (kms), Nearby Public Transport Service, Other Nearby Places","Maintenance Staff, Security Staff, Facilities for Disabled, Other Facilities",,,
https://www.zameen.com/Property/islamabad_g-13_g-13_brand_new_35x70_architect_design_owner_build_double_storey_house_prime_location_complete_6_master_bed_drawing_dining_two_tv_lounge_two_american_style_huge_kitchen_sqtr_reasonable_price-53223889-330-1.html,"G-13, Islamabad",House,PKR8.75 Crore,7,10.9 Marla,For Sale,7,2 days ago,"G-13, Islamabad, Islamabad Capital",G-13 Brand New 35X70 = 272Yds Architect Design Owner Build Double Story House Prime Location Complete Imported Fitting And Fixtures Construction House 6 Master Bedrooms Attached Stylish Bathrooms Two Drawing Dining Two TV Lounge Two American Style Huge Kitchen Store Servant Quarter HUGE LUSH GREEN LAWN Three Car Parking Spaces Reasonable Price Contact Only Serious Buyers Negotiable Price Contact Al Hafiz Estate F-11 ISLAMABAD,"Built in year: 2025, Parking Spaces: 3, Double Glazed Windows, Central Air Conditioning, Central Heating, Flooring, Electricity Backup, Waste Disposal, Floors: 3, Other Main Features","Bedrooms: 7, Bathrooms: 7, Servant Quarters: 1, Drawing Room, Dining Room, Kitchens: 2, Study Room, Prayer Room, Powder Room, Gym, Store Rooms: 1, Steam Room, Lounge or Sitting Room, Laundry Room, Other Rooms","Broadband Internet Access, Satellite or Cable TV Ready, Intercom, Other Business and Communication Facilities","Community Lawn or Garden, Community Swimming Pool, Community Gym, First Aid or Medical Centre, Day Care Centre, Kids Play Area, Barbeque Area, Mosque, Community Centre, Other Community Facilities","Lawn or Garden, Swimming Pool, Sauna, Jacuzzi, Other Healthcare and Recreation Facilities","Nearby Schools, Nearby Hospitals, Nearby Shopping Malls, Nearby Restaurants, Distance From Airport (kms), Nearby Public Transport Service, Other Nearby Places","Maintenance Staff, Security Staff, Facilities for Disabled, Other Facilities",,,
https://www.zameen.com/Property/dha_defence_phase_5_askari_tower_4_dha_5_tower_4_3bed_apartment_for_sale-53324943-21810-1.html,"Askari Tower 4, DHA Defence Phase 5",Flat,PKR3.4 Crore,4,10 Marla,For Sale,3,4 months ago,"DHA Defence, Islamabad, Islamabad Capital",GROUND FLOOR POWDER ROOM STORE SERVANT UNDER GROUND PARKING BEST RENTAL GOOD APPRECIATION CONTACT FOR SALE PURCHASE / RENT IN DHA RWP ISB LHR ASKARI COLONIES,"Parking Spaces: 4, Double Glazed Windows, Flooring, Electricity Backup","Bedrooms: 5, Bathrooms: 6, Servant Quarters: 2, Drawing Room, Dining Room, Kitchens: 2, Store Rooms: 1","Broadband Internet Access, Satellite or Cable TV Ready, Intercom, Other Business and Communication Facilities","Community Lawn or Garden, First Aid or Medical Centre, Day Care Centre, Mosque, Other Community Facilities","Sauna, Jacuzzi, Other Healthcare and Recreation Facilities","Nearby Schools, Nearby Shopping Malls, Nearby Restaurants, Other Nearby Places",,,,
https://www.zameen.com/Property/islamabad_e-11_10_marla_house_for_grabs_in_e-11-53159885-329-1.html,"E-11, Islamabad",House,PKR7.5 Crore,6,10 Marla,For Sale,6,1 week ago,"E-11, Islamabad, Islamabad Capital",10 Marla House For Slae . E11/4. N. P F Mane Rode Street . Vip Location 6 Bedroom. 6 Bath Room DD With TV Lounge 2 Kitchen. 1 Servant Room. 2 Care Parking. Naz Markz . Margla Rode .,"Built in year: 2021, Parking Spaces: 2, Double Glazed Windows, Central Air Conditioning, Central Heating, Flooring, Electricity Backup, Waste Disposal, Floors: 2, Other Main Features, Furnished","Bedrooms: 6, Bathrooms: 6, Servant Quarters: 1, Drawing Room, Dining Room, Kitchens: 2, Study Room, Prayer Room, Powder Room, Gym, Store Rooms: 1, Steam Room, Lounge or Sitting Room, Laundry Room, Other Rooms","Broadband Internet Access, Satellite or Cable TV Ready, Intercom, Other Business and Communication Facilities","Community Lawn or Garden, Community Swimming Pool, Community Gym, First Aid or Medical Centre, Day Care Centre, Kids Play Area, Barbeque Area, Mosque, Community Centre, Other Community Facilities","Lawn or Garden, Swimming Pool, Sauna, Jacuzzi, Other Healthcare and Recreation Facilities","Nearby Schools, Nearby Hospitals, Nearby Shopping Malls, Nearby Restaurants, Distance From Airport (kms), Nearby Public Transport Service, Other Nearby Places","Maintenance Staff, Security Staff, Facilities for Disabled, Other Facilities",,,
https://www.zameen.com/Property/bahria_enclave_bahria_enclave_-_sector_n_5_marla_park_face_brand_new_designer_house_for_sale_front_park_back_garden_3_marla-53324455-11975-1.html,"Bahria Enclave - Sector N, Bahria Enclave",House,PKR2.35 Crore,4,5 Marla,For Sale,3,4 months ago,"Bahria Town, Islamabad, Islamabad Capital","5 Marla Park Face House for Sale A beautiful 5 Marla house is now available for sale, boasting a stunning park view. The house is designed with great attention to detail, offering a perfect blend of comfort and luxury. *Key Features:* - back with beautiful garden - Park-facing location for a serene and peaceful environment - 5 Marla of luxurious living space - Well-designed interior and exterior - Perfect for families looking for a tranquil living experience *Location:* The house is located in a prime area, with easy access to all amenities. The park view adds a touch of nature and tranquility to the property. *Contact us today to schedule a viewing and make this house your dream home!*","Built in year: 2022, Parking Spaces: 1, Double Glazed Windows, Central Air Conditioning, Central Heating, Flooring, Electricity Backup, Waste Disposal, Floors: 2","Bedrooms: 3, Bathrooms: 4, Servant Quarters: 1, Drawing Room, Dining Room, Kitchens: 1, Powder Room, Lounge or Sitting Room",Broadband Internet Access,"Community Lawn or Garden, First Aid or Medical Centre, Day Care Centre, Kids Play Area, Barbeque Area, Mosque, Community Centre",Lawn or Garden,"Nearby Schools, Nearby Hospitals, Nearby Shopping Malls, Nearby Restaurants, Distance From Airport (kms), Nearby Public Transport Service","Maintenance Staff, Security Staff, Facilities for Disabled",,,
https://www.zameen.com/Property/islamabad_f-8_beautiful_neat_and_clean_house_is_for_sale-53139343-166-1.html,"F-8, Islamabad",House,PKR30 Crore,7,1.3 Kanal,For Sale,6,5 months ago,"F-8, Islamabad, Islamabad Capital","Attached images are just for reference purpose only Chohan HAY Estate Offers: - Good Livable House - 666 SQYDS - CDA Transfer - Investor Price - 6 Bedrooms with Attached Modern Bathrooms - Drawing Room, Dining Area, and TV Lounge - Enriched by Quality Finishes and Interior Highlights and Family Rooms with Walk-in Closets - Modern Kitchen, Handsome Cabinetry with Quartz Counter-top - Servant Quarter - Parking Space - Highly Secured Living Area - Great Opportunity, Don't Waste your Time Just Grab this Opportunity For more information and additional options, kindly contact at mentioned numbers or visit Chohan HAY Estate","Parking Spaces, Other Main Features","Bedrooms: 6, Bathrooms: 7, Servant Quarters, Drawing Room, Dining Room, Kitchens, Lounge or Sitting Room","Broadband Internet Access, Satellite or Cable TV Ready, Intercom",,Lawn or Garden,"Nearby Schools, Nearby Hospitals, Nearby Shopping Malls, Nearby Restaurants, Distance From Airport (kms), Nearby Public Transport Service, Other Nearby Places","Maintenance Staff, Security Staff",,,
https://www.zameen.com/Property/faisal_town_f_18_faisal_town_phase_1_1_bed_furnished_apartment_available_for_sale_in_faisal_town_f-18_islamabad-51801314-16415-1.html,"Faisal Town Phase 1, Faisal Town - F-18",Flat,PKR75 Lakh,1,2.4 Marla,For Sale,1,4 weeks ago,"Faisal Town - F-18, Islamabad, Islamabad Capital","1 Bed furnished Apartment Available For Sale. In Faisal Town F-18 Islamabad. Apartment Size 650 Sq Ft. 1 Bedroom 1 Bath TV Lounge. Kitchen. Markaz Facing. Rental Value Rs 55,000. Close to Gate 2. Near to Park. Near to Masjid. Near to Markaz. Faisal Town F-18 is a Good Society for Residence. Because Neat and Clean. 24 Hours Security. All Basic and Necessary Facilities Available. Interested People Can Contact Easily.","Built in year: 2023, Parking Spaces: 1, Lobby in Building, Double Glazed Windows, Central Air Conditioning, Central Heating, Flooring, Waste Disposal, Floor: 3, Floors in Building: 7, Elevators: 1, Furnished","Bedrooms: 1, Bathrooms: 1, Drawing Room, Kitchens: 1, Lounge or Sitting Room, Laundry Room","Broadband Internet Access, Satellite or Cable TV Ready, Business Center or Media Room in Building, Conference Room in Building, ATM Machines","Community Lawn or Garden, Community Gym, First Aid or Medical Centre, Day Care Centre, Kids Play Area, Barbeque Area, Mosque, Community Centre",,"Nearby Schools, Nearby Hospitals, Nearby Shopping Malls, Nearby Restaurants, Distance From Airport (kms), Nearby Public Transport Service, Other Nearby Places",Security Staff,,,
https://www.zameen.com/Property/islamabad_faisal_town_-_f-18_2_bed_furnished_apartment_available_for_sale_in_faisal_town_f-18_islamabad-50681922-8260-1.html,"Faisal Town - F-18, Islamabad",Flat,PKR1.05 Crore,2,4 Marla,For Sale,2,2 months ago,"Faisal Town - F-18, Islamabad, Islamabad Capital",2 bedroom Furnished apartment Available. For Sale in Faisal Town F-18 Islamabad. Flate Size 900sqft. A+ construction 5rd flor Near to masque 2 Bedrooms. 2 Baths. 1 TV lounge 1 Kitchen. Water Available Water Bore. Investor Rate Ideal Location. Reasonable Price. Faisal Town F-18 is a Good Society for Residence. Because Neat and Clean. 24 Hours Security. All Basic and Necessary Facilities Available. Interested People Can Contact Easily.,"Built in year: 2023, Parking Spaces, Lobby in Building, Double Glazed Windows, Central Air Conditioning, Central Heating, Flooring, Electricity Backup, Waste Disposal, Floor: 4, Floors in Building: 6, Elevators: 1, Service Elevators in Building, Other Main Features, Furnished","Bedrooms: 2, Bathrooms: 2, Servant Quarters, Drawing Room, Dining Room, Kitchens: 1, Study Room, Prayer Room, Powder Room, Gym, Store Rooms, Steam Room, Lounge or Sitting Room, Laundry Room, Other Rooms","Broadband Internet Access, Satellite or Cable TV Ready, Business Center or Media Room in Building, Conference Room in Building, Intercom, ATM Machines, Other Business and Communication Facilities","Community Lawn or Garden, Community Swimming Pool, Community Gym, First Aid or Medical Centre, Day Care Centre, Kids Play Area, Barbeque Area, Mosque, Community Centre, Other Community Facilities","Sauna, Jacuzzi, Other Healthcare and Recreation Facilities","Nearby Schools, Nearby Hospitals, Nearby Shopping Malls, Nearby Restaurants, Distance From Airport (kms), Nearby Public Transport Service, Other Nearby Places","Maintenance Staff, Security Staff, Laundry or Dry Cleaning Facility, Communal/Shared Kitchen, Facilities for Disabled, Pets Allowed, Other Facilities",,,
https://www.zameen.com/Property/faisal_town_phase_1_faisal_town_phase_1_-_block_b_2_bed_semi_furnished_apartment_available_for_sale_in_faisal_town_block_b_f-18_islamabad-52685611-16417-1.html,"Faisal Town Phase 1 - Block B, Faisal Town Phase 1",Flat,PKR1 Crore,2,4.5 Marla,For Sale,2,5 months ago,"Faisal Town - F-18, Islamabad, Islamabad Capital",2 Bed Semi Furnished Apartment Available For Sale. In Faisal Town block B F-18 Islamabad. Apartment Size 1015 Sq Ft. 2 Bedrooms. 2 Baths. TV Lounge. Kitchen. Double Road Facing. Rental Value Rs 55000 Close to Gate Near to Park. Near to Masjid. Near to Markaz. Near to school qurtuba And Super Nova Near Tandoori Restaurant All Facilities Available. Faisal Town F-18 is a Good Society for Residence. Because Neat and Clean. 24 Hours Security. All Basic and Necessary Facilities Available. Interested People Can Contact Easily.,"Built in year: 2024, Parking Spaces: 1, Lobby in Building, Double Glazed Windows, Central Air Conditioning, Central Heating, Flooring, Electricity Backup, Waste Disposal, Floor: 3, Floors in Building: 7, Elevators: 1, Service Elevators in Building, Other Main Features, Furnished","Bedrooms: 2, Bathrooms: 2, Servant Quarters: 1, Drawing Room, Dining Room, Kitchens: 1, Study Room, Prayer Room, Powder Room, Gym, Store Rooms: 2, Steam Room, Lounge or Sitting Room, Laundry Room, Other Rooms","Broadband Internet Access, Satellite or Cable TV Ready, Business Center or Media Room in Building, Conference Room in Building, Intercom, ATM Machines, Other Business and Communication Facilities","Community Lawn or Garden, Community Swimming Pool, Community Gym, First Aid or Medical Centre, Day Care Centre, Kids Play Area, Barbeque Area, Mosque, Community Centre, Other Community Facilities","Sauna, Jacuzzi, Other Healthcare and Recreation Facilities","Nearby Schools, Nearby Hospitals, Nearby Shopping Malls, Nearby Restaurants, Distance From Airport (kms), Nearby Public Transport Service, Other Nearby Places","Maintenance Staff, Security Staff, Facilities for Disabled, Other Facilities",,,
https://www.zameen.com/Property/faisal_town_f_18_faisal_town_phase_1_2_bed_brand_new_apartment_available_for_sale_in_faisal_town_f-18_islamabad-51835825-16415-1.html,"Faisal Town Phase 1, Faisal Town - F-18",Flat,PKR1.5 Crore,3,4.9 Marla,For Sale,2,4 days ago,"Faisal Town - F-18, Islamabad, Islamabad Capital",2 Bed Brand New Apartment Available For Sale. In Faisal Town F-18 Islamabad. Apartment Size 1112 Sq Ft. 2 Bedrooms. 2 Baths. TV Lounge. 1 Dining 1 Drawing Room 1 Kitchen. Double Road Facing. Close To Gate 2. Near To Park. Near To Masjid. Near To Markaz. All Facilities Available. Interested People Can Contact Easily.,"Built in year: 2022, Parking Spaces: 1, Lobby in Building, Double Glazed Windows, Central Air Conditioning, Central Heating, Flooring, Electricity Backup, Waste Disposal, Floor: 3, Floors in Building: 7, Elevators: 1, Service Elevators in Building, Other Main Features, Furnished","Bedrooms: 2, Bathrooms: 3, Servant Quarters: 1, Drawing Room, Dining Room, Kitchens: 1, Study Room, Prayer Room, Powder Room, Gym, Store Rooms: 1, Steam Room, Lounge or Sitting Room, Laundry Room","Broadband Internet Access, Satellite or Cable TV Ready, Business Center or Media Room in Building, Conference Room in Building, Intercom, ATM Machines","Community Lawn or Garden, Community Swimming Pool, Community Gym, First Aid or Medical Centre, Day Care Centre, Kids Play Area, Barbeque Area, Mosque, Community Centre","Sauna, Jacuzzi","Nearby Schools, Nearby Hospitals, Nearby Shopping Malls, Nearby Restaurants, Distance From Airport (kms), Nearby Public Transport Service, Other Nearby Places","Maintenance Staff, Security Staff, Laundry or Dry Cleaning Facility, Communal/Shared Kitchen, Facilities for Disabled, Pets Allowed, Other Facilities",,,
https://www.zameen.com/Property/faisal_town_f_18_faisal_town_phase_1_faisal_town_block_a_2_bedroom_furnished_apartment_available_for_sale_f18_islamabad-51933461-16415-1.html,"Faisal Town Phase 1, Faisal Town - F-18",Flat,PKR1.15 Crore,2,4.5 Marla,For Sale,2,4 days ago,"Faisal Town - F-18, Islamabad, Islamabad Capital",2 BedroomFurnished Appartment Availabl For Sale in Faisal Town F-18 Islamabad. Luxury Appartmant A+ construction Near to masque 2 Bedrooms. 2 Baths. Drawing Dining. Kitchen. Car Parking Space. Water Available Water Bore. Ideal Location. Rental value 75 to 80 Faisal Town F-18 is a Good Society for Residence. Because Neat and Clean. 24 Hours Security. All Basic and Necessary Facilities Available. Interested People Can Contact Easily.,"Built in year: 2023, Parking Spaces: 1, Lobby in Building, Double Glazed Windows, Central Air Conditioning, Central Heating, Flooring, Electricity Backup, Waste Disposal, Floor: 3, Floors in Building: 7, Elevators: 1, Service Elevators in Building, Other Main Features, Furnished","Bedrooms: 2, Bathrooms: 2, Servant Quarters: 1, Drawing Room, Dining Room, Kitchens: 1, Study Room, Prayer Room, Powder Room, Gym, Store Rooms: 1, Steam Room, Lounge or Sitting Room, Laundry Room, Other Rooms","Broadband Internet Access, Satellite or Cable TV Ready, Business Center or Media Room in Building, Conference Room in Building, Intercom, ATM Machines, Other Business and Communication Facilities","Community Lawn or Garden, Community Swimming Pool, Community Gym, First Aid or Medical Centre, Day Care Centre, Kids Play Area, Barbeque Area, Mosque, Community Centre, Other Community Facilities","Sauna, Jacuzzi, Other Healthcare and Recreation Facilities","Nearby Schools, Nearby Hospitals, Nearby Shopping Malls, Nearby Restaurants, Distance From Airport (kms), Nearby Public Transport Service, Other Nearby Places","Maintenance Staff, Security Staff, Facilities for Disabled, Other Facilities",,,
https://www.zameen.com/Property/faisal_town_f_18_faisal_town_phase_1_5_marla_double_unit_ultra_modern_designer_double_heighted_house_available_for_sale_in_faisal_town_f-18_islamabad-53064590-16415-1.html,"Faisal Town Phase 1, Faisal Town - F-18",House,PKR3 Crore,4,5 Marla,For Sale,4,4 days ago,"Faisal Town - F-18, Islamabad, Islamabad Capital","5 Marla Ultra Modren Designer Double Unit House Available. For Sale in Faisal Town F-18 Islamabad. House Size 25x50 Luxury house A+ construction Double Story. Double Unit. Near to masque 4 Bedrooms. 6 Baths. 2 Drawing Dining. 2 Kitchen. 2 Study Rooms. Mumty + Washroom. Car Parking Space. Gas, Water Available Water Bore. Double Unit Ideal Location. Faisal Town F-18 is a Good Society for Residence. Because Neat and Clean. 24 Hours Security. All Basic and Necessary Facilities Available. Interested People Can Contact Easily.","Built in year: 2025, Parking Spaces: 1, Double Glazed Windows, Central Air Conditioning, Central Heating, Flooring, Electricity Backup, Waste Disposal, Floors: 2, Other Main Features","Bedrooms: 4, Bathrooms: 5, Servant Quarters: 1, Drawing Room, Dining Room, Kitchens: 1, Study Room, Prayer Room, Powder Room, Store Rooms: 1, Steam Room, Lounge or Sitting Room, Laundry Room","Broadband Internet Access, Satellite or Cable TV Ready, Intercom, Other Business and Communication Facilities","Community Lawn or Garden, Community Swimming Pool, Community Gym, First Aid or Medical Centre, Day Care Centre, Kids Play Area, Barbeque Area, Mosque, Community Centre, Other Community Facilities","Lawn or Garden, Swimming Pool, Sauna, Jacuzzi, Other Healthcare and Recreation Facilities","Nearby Schools, Nearby Hospitals, Nearby Shopping Malls, Nearby Restaurants, Distance From Airport (kms), Nearby Public Transport Service, Other Nearby Places","Security Staff, Other Facilities",,,
https://www.zameen.com/Property/faisal_town_f_18_faisal_town_phase_1_10_marla_brand_new_semi_furnished_double_unit_house_available_for_sale_in_faisal_town_f-18_islamabad-52523142-16415-1.html,"Faisal Town Phase 1, Faisal Town - F-18",House,PKR6 Crore,6,10 Marla,For Sale,7,4 days ago,"Faisal Town - F-18, Islamabad, Islamabad Capital","10 Marla Brand New Double Unit House Available For Sale in Faisal Town F-18 Islamabad. House Size 35*70. Luxury house A+ construction Double Story. Double Unit. Near to masque 6 Bedrooms. 6 Baths. 2 Drawing Dining. 2 Kitchen. 2 Study Rooms. Mumty + Washroom. Car Parking Space. Gas, Water Available Water Bore. Double Unit Ideal Location. Reasonable Price. Multi Gardens F-18 is a Good Society for residents. Because Neat and Clean. 24 Hours Security. All Basic and Necessary Facilities are Available. Interested People Can Contact Easily.","Built in year: 2025, Parking Spaces: 2, Double Glazed Windows, Central Air Conditioning, Central Heating, Flooring, Waste Disposal, Floors: 2, Other Main Features, Furnished","Bedrooms: 6, Bathrooms: 7, Servant Quarters: 1, Drawing Room, Dining Room, Kitchens: 2, Study Room, Prayer Room, Powder Room, Gym, Store Rooms: 1, Steam Room, Lounge or Sitting Room, Laundry Room, Other Rooms","Broadband Internet Access, Satellite or Cable TV Ready, Intercom, Other Business and Communication Facilities","Community Lawn or Garden, Community Swimming Pool, Community Gym, First Aid or Medical Centre, Day Care Centre, Kids Play Area, Barbeque Area, Mosque, Community Centre, Other Community Facilities","Lawn or Garden, Swimming Pool, Sauna, Other Healthcare and Recreation Facilities","Nearby Schools, Nearby Hospitals, Nearby Shopping Malls, Nearby Restaurants, Distance From Airport (kms), Nearby Public Transport Service, Other Nearby Places","Maintenance Staff, Security Staff, Facilities for Disabled, Other Facilities",,,
https://www.zameen.com/Property/gulberg_greens_gulberg_greens_-_executive_block_farm_house_available_for_sale-51324000-10386-1.html,"Gulberg Greens - Executive Block, Gulberg Greens",Farm House,PKR22 Crore,7,5 Kanal,For Sale,11,5 days ago,"Gulberg, Islamabad, Islamabad Capital",Farm house available for sale Gulberg greens Islamabad More options available,"Built in year: 2023, Parking Spaces: 5, Double Glazed Windows, Central Air Conditioning, Central Heating, Flooring, Electricity Backup, Waste Disposal, Floors: 3, Other Main Features, Furnished","Bedrooms: 10, Bathrooms: 13, Servant Quarters: 2, Drawing Room, Dining Room, Kitchens: 4, Study Room, Prayer Room, Powder Room, Gym, Store Rooms: 6, Steam Room, Lounge or Sitting Room, Other Rooms","Broadband Internet Access, Satellite or Cable TV Ready, Intercom",,,,,,,
https://www.zameen.com/Property/islamabad_d-12_brand_new_house_for_sale-52572656-160-1.html,"D-12, Islamabad",House,PKR3.85 Crore,5,4 Marla,For Sale,4,5 months ago,"D-12, Islamabad, Islamabad Capital","4 bed attached bath drawing tv lounge car parking water bore available servant room We can help you find a place in D-12/4. You'll thank your future self for investing in property at PKR Rs. 38500000 today. Reasonable one-unit house is available for sale, so make a booking today. D-12 is the top choice for investors due to its proximity from facilities. Purchasing this 4 Marla House is a decision you will not regret. A spacious House in D-12 is hard to come by, so make your decision quickly. These features below will convince you why this property is right for you. Differently-abled people will find this House easy to navigate, as it is developed to incorporate their needs. Setup the barbecue area at home, just the way you like and impress your guests. On good weather days, the outside garden in the House can be a source of calm and joy for everyone. Swim a few laps every day in your own swimming pool and stay fit! The building has a sauna where you can relax after a long day. A 24/7 active security staff maintains a safe, peaceful environment for the dwellers. Your kids can play to their heart's content in the play area adjoining the property. Reach out to us for bookings and details.","Built in year, Parking Spaces: 1, Double Glazed Windows, Central Air Conditioning, Central Heating, Flooring, Electricity Backup, Waste Disposal, Other Main Features, Furnished","Bedrooms: 3, Bathrooms: 4, Servant Quarters, Drawing Room, Dining Room, Kitchens: 2, Study Room, Prayer Room, Powder Room, Gym, Store Rooms: 2, Steam Room, Lounge or Sitting Room, Laundry Room, Other Rooms","Broadband Internet Access, Satellite or Cable TV Ready, Intercom, Other Business and Communication Facilities","Community Lawn or Garden, Community Swimming Pool, Community Gym, First Aid or Medical Centre, Day Care Centre, Kids Play Area, Barbeque Area, Mosque, Community Centre, Other Community Facilities","Lawn or Garden, Swimming Pool, Sauna, Jacuzzi, Other Healthcare and Recreation Facilities","Nearby Schools, Nearby Hospitals, Nearby Shopping Malls, Nearby Restaurants, Distance From Airport (kms), Nearby Public Transport Service, Other Nearby Places","Maintenance Staff, Security Staff, Facilities for Disabled, Other Facilities",,,
https://www.zameen.com/Property/islamabad_d-12_brand_new_house_for_sale-52578248-160-1.html,"D-12, Islamabad",House,PKR5.4 Crore,5,5 Marla,For Sale,4,4 months ago,"D-12, Islamabad, Islamabad Capital",4 Bed Attached Bath Drawing Tv Lounge 2 Kitchen Car Parking Water Bore Servant Room,"Built in year: 2010, Parking Spaces: 10, Double Glazed Windows, Central Air Conditioning, Central Heating, Flooring, Electricity Backup, Waste Disposal, Floors: 2, Other Main Features, Furnished","Bedrooms: 3, Bathrooms: 4, Servant Quarters: 1, Drawing Room, Dining Room, Kitchens: 1, Study Room, Prayer Room, Powder Room, Gym, Store Rooms: 01, Steam Room, Lounge or Sitting Room, Laundry Room, Other Rooms","Broadband Internet Access, Satellite or Cable TV Ready, Intercom, Other Business and Communication Facilities","Community Lawn or Garden, Community Swimming Pool, Community Gym, First Aid or Medical Centre, Day Care Centre, Kids Play Area, Barbeque Area, Mosque, Community Centre","Lawn or Garden, Swimming Pool, Sauna, Jacuzzi, Other Healthcare and Recreation Facilities","Nearby Schools, Nearby Hospitals, Nearby Shopping Malls, Nearby Restaurants, Distance From Airport (kms), Nearby Public Transport Service, Other Nearby Places","Maintenance Staff, Security Staff, Facilities for Disabled, Other Facilities",,,
https://www.zameen.com/Property/bahria_garden_city_bahria_garden_city_-_zone_5_ultra_modern_15_marla_house_for_sale-53244614-10609-1.html,"Bahria Garden City - Zone 5, Bahria Garden City",House,PKR7.5 Crore,6,15 Marla,For Sale,7,4 months ago,"Bahria Town, Islamabad, Islamabad Capital","15 Marla House 7.5cr Demand Garden city Zone 1 Extension 3 Separate Units Basement, Ground, First Floor 7 Bed 7 Bathroom Park Facing View","Built in year: 2025, Parking Spaces, Double Glazed Windows, Central Air Conditioning, Central Heating, Flooring, Electricity Backup, Waste Disposal, Other Main Features, Furnished","Bedrooms: 3, Bathrooms: 3, Drawing Room, Dining Room, Kitchens: 1, Study Room, Prayer Room, Powder Room, Gym, Store Rooms: 1, Steam Room, Lounge or Sitting Room, Laundry Room, Other Rooms","Broadband Internet Access, Satellite or Cable TV Ready, Intercom, Other Business and Communication Facilities","Community Lawn or Garden, Community Gym, Day Care Centre, Barbeque Area, Community Centre, Other Community Facilities","Sauna, Other Healthcare and Recreation Facilities","Nearby Schools, Nearby Shopping Malls, Distance From Airport (kms), Other Nearby Places","Maintenance Staff, Security Staff, Facilities for Disabled, Other Facilities",,,
https://www.zameen.com/Property/islamabad_diplomatic_enclave_stylish_2_bed_apartment_with_margalla_hills_views_in_diplomatic_enclave_rhodium_islamabad-53243349-429-1.html,"Diplomatic Enclave, Islamabad",Flat,PKR6.78 Crore,2,5.7 Marla,For Sale,2,6 months ago,"Diplomatic Enclave, Islamabad, Islamabad Capital","Rhodium Residencia Invest in the next Diplomatic Enclave Luxury Apartment Tower to be delivered in 2025 - Avail the golden chance to invest in the landmark luxury project with Easy Instalment Plan - Offers Studio, 1 Beds and 2 Beds Apartments - Offers Rental Income in US Dollars! Experience luxurious living in the heart of Islamabad's Diplomatic Enclave, surrounded by 42 embassies. Our state-of-the-art building offers unbeatable amenities, including an infinity pool, fully-equipped gym, electric charging, kids play area, and steam sauna. Enjoy the peace and security of our highly secured society, all while indulging in the ultimate in comfort and convenience. Project has following features: - Studio Apartment available - One Bed Spacious Apartment available - Two Bed Spacious Apartment available - Located in Diplomatic enclave - where rents are in US dollars! - Boundary wall - G+14 floors project - Diplomatic Enclave earns rental income in USD (current monthly rent on studio apartment is $1,000, 1 bedroom ranges from $1,600 - $1,800 and 2 bedroom ranges from $2,000 - $2,500). Impressive Rental Yield in US Dollars (natural hedge to PKR devaluation!) Builders Profile: * Potohar Builders - Silver Oaks * Sardar Group of Companies - Centaurus Mall * Mujahid Group of industries * Barkat Rice Mills * Nova Key Distances: - New Airport (37 KM) - Maroof Hospital (13 KM) - Faisal Mosque (11 KM) - Pakistan Monument (9.2 KM) - The Centaurus Mall (9 KM) - Earthquake Proof construction - Smart Building - Electric Charging YAS Real Estate Authorized Titanium Partner For booking and details contact us through Zameen. Thank You","Parking Spaces, Lobby in Building, Double Glazed Windows, Flooring, Electricity Backup, Waste Disposal, Floor, Elevators, Other Main Features","Bedrooms: 2, Bathrooms: 2, Drawing Room, Dining Room, Kitchens, Study Room, Prayer Room, Gym, Store Rooms, Lounge or Sitting Room, Other Rooms","Broadband Internet Access, Satellite or Cable TV Ready, Business Center or Media Room in Building, Conference Room in Building, Intercom, ATM Machines, Other Business and Communication Facilities","Community Lawn or Garden, Community Swimming Pool, Community Gym, First Aid or Medical Centre, Day Care Centre, Kids Play Area, Barbeque Area, Mosque, Community Centre, Other Community Facilities","Sauna, Jacuzzi, Other Healthcare and Recreation Facilities","Nearby Schools, Nearby Hospitals, Nearby Shopping Malls, Nearby Restaurants, Distance From Airport (kms), Nearby Public Transport Service, Other Nearby Places",,PKR1.69 Crore,PKR16.95 Lakh,30 Months
https://www.zameen.com/Property/islamabad_diplomatic_enclave_stylish_1_bed_apartment_with_margalla_hills_views_in_diplomatic_enclave_rhodium_islamabad-53243348-429-1.html,"Diplomatic Enclave, Islamabad",Flat,PKR5.6 Crore,1,4.7 Marla,For Sale,1,6 months ago,"Diplomatic Enclave, Islamabad, Islamabad Capital","Rhodium Residencia Invest in the next Diplomatic Enclave Luxury Apartment Tower to be delivered in 2025 - Avail the golden chance to invest in the landmark luxury project with Easy Instalment Plan - Offers Studio, 1 Beds and 2 Beds Apartments - Offers Rental Income in US Dollars! Experience luxurious living in the heart of Islamabad's Diplomatic Enclave, surrounded by 42 embassies. Our state-of-the-art building offers unbeatable amenities, including an infinity pool, fully-equipped gym, electric charging, kids play area, and steam sauna. Enjoy the peace and security of our highly secured society, all while indulging in the ultimate in comfort and convenience. Project has following features: - Studio Apartment available - One Bed Spacious Apartment available - Two Bed Spacious Apartment available - Located in Diplomatic enclave - where rents are in US dollars! - Boundary wall - G+14 floors project - Diplomatic Enclave earns rental income in USD (current monthly rent on studio apartment is $1,000, 1 bedroom ranges from $1,600 - $1,800 and 2 bedroom ranges from $2,000 - $2,500). Impressive Rental Yield in US Dollars (natural hedge to PKR devaluation!) Builders Profile: * Potohar Builders - Silver Oaks * Sardar Group of Companies - Centaurus Mall * Mujahid Group of industries * Barkat Rice Mills * Nova Key Distances: - New Airport (37 KM) - Maroof Hospital (13 KM) - Faisal Mosque (11 KM) - Pakistan Monument (9.2 KM) - The Centaurus Mall (9 KM) - Earthquake Proof construction - Smart Building - Electric Charging YAS Real Estate Authorized Titanium Partner For booking and details contact us through Zameen. Thank You","Parking Spaces, Lobby in Building, Double Glazed Windows, Central Heating, Flooring, Electricity Backup, Waste Disposal, Floor, Elevators, Other Main Features","Bedrooms: 1, Bathrooms: 1, Drawing Room, Dining Room, Kitchens, Study Room, Prayer Room, Gym, Store Rooms, Lounge or Sitting Room, Other Rooms","Broadband Internet Access, Satellite or Cable TV Ready, Business Center or Media Room in Building, Conference Room in Building, Intercom, ATM Machines, Other Business and Communication Facilities","Community Lawn or Garden, Community Swimming Pool, Community Gym, First Aid or Medical Centre, Day Care Centre, Kids Play Area, Barbeque Area, Mosque, Community Centre, Other Community Facilities","Sauna, Jacuzzi, Other Healthcare and Recreation Facilities","Nearby Schools, Nearby Hospitals, Nearby Shopping Malls, Nearby Restaurants, Distance From Airport (kms), Nearby Public Transport Service, Other Nearby Places",,PKR1.4 Crore,PKR13.99 Lakh,30 Months
https://www.zameen.com/Property/islamabad_diplomatic_enclave_stylish_studio_apartment_with_margalla_hills_views_in_diplomatic_enclave_rhodium_islamabad-53243347-429-1.html,"Diplomatic Enclave, Islamabad",Flat,PKR3.9 Crore,1,3.3 Marla,For Sale,-,6 months ago,"Diplomatic Enclave, Islamabad, Islamabad Capital","Rhodium Residencia Invest in the next Diplomatic Enclave Luxury Apartment Tower to be delivered in 2025 - Avail the golden chance to invest in the landmark luxury project with Easy Instalment Plan - Offers Studio, 1 Beds and 2 Beds Apartments - Offers Rental Income in US Dollars! Experience luxurious living in the heart of Islamabad's Diplomatic Enclave, surrounded by 42 embassies. Our state-of-the-art building offers unbeatable amenities, including an infinity pool, fully-equipped gym, electric charging, kids play area, and steam sauna. Enjoy the peace and security of our highly secured society, all while indulging in the ultimate in comfort and convenience. Project has following features: - Studio Apartment available - One Bed Spacious Apartment available - Two Bed Spacious Apartment available - Located in Diplomatic enclave - where rents are in US dollars! - Boundary wall - G+14 floors project - Diplomatic Enclave earns rental income in USD (current monthly rent on studio apartment is $1,000, 1 bedroom ranges from $1,600 - $1,800 and 2 bedroom ranges from $2,000 - $2,500). Impressive Rental Yield in US Dollars (natural hedge to PKR devaluation!) Builders Profile: * Potohar Builders - Silver Oaks * Sardar Group of Companies - Centaurus Mall * Mujahid Group of industries * Barkat Rice Mills * Nova Key Distances: - New Airport (37 KM) - Maroof Hospital (13 KM) - Faisal Mosque (11 KM) - Pakistan Monument (9.2 KM) - The Centaurus Mall (9 KM) - Earthquake Proof construction - Smart Building - Electric Charging YAS Real Estate Authorized Titanium Partner For booking and details contact us through Zameen. Thank You","Parking Spaces, Lobby in Building, Double Glazed Windows, Central Heating, Flooring, Electricity Backup, Waste Disposal, Floor, Elevators, Other Main Features","Bathrooms: 1, Drawing Room, Dining Room, Kitchens, Study Room, Prayer Room, Gym, Store Rooms, Lounge or Sitting Room, Other Rooms","Broadband Internet Access, Satellite or Cable TV Ready, Business Center or Media Room in Building, Conference Room in Building, Intercom, ATM Machines, Other Business and Communication Facilities","Community Lawn or Garden, Community Swimming Pool, Community Gym, First Aid or Medical Centre, Day Care Centre, Kids Play Area, Barbeque Area, Mosque, Community Centre, Other Community Facilities","Sauna, Jacuzzi, Other Healthcare and Recreation Facilities","Nearby Schools, Nearby Hospitals, Nearby Shopping Malls, Nearby Restaurants, Distance From Airport (kms), Nearby Public Transport Service, Other Nearby Places",,PKR97.39 Lakh,PKR9.74 Lakh,30 Months
https://www.zameen.com/Property/islamabad_mumtaz_city_stunning_2-bed_apartment_at_city_stay_mumtaz_city_islamabad-53242781-3464-1.html,"Mumtaz City, Islamabad",Flat,PKR2.39 Crore,2,7.3 Marla,For Sale,2,6 months ago,"Mumtaz City, Islamabad, Islamabad Capital","City Stay from the builders of Silver Oak, Islamabad presents an exceptional chance to acquire a property in a splendid location, situated in Mumtaz City, Islamabad and in proximity to Srinagar highway. The development boasts a modern design and top of the line amenities, such as a Day Care Center, a fully-equipped Gym, a Prayed Area, a Dining Hall, Business offices, Spa & Sauna and rooftop gardens. Uncountable Amenities Like: Prayer Area Coffee Shop Kids play Area Fitness gym Spa & Sauna Day dormitories Important Features: Ideal for High Returns on Investments Perfect for High of Rental Income Ultimate Modern Facilities & Great Amenities Residential Apartments YAS Real Estate Authorized Titanium Partner For booking and details call us. Thank You","Parking Spaces, Lobby in Building, Double Glazed Windows, Flooring, Electricity Backup, Waste Disposal, Floor, Elevators, Other Main Features","Bedrooms: 2, Bathrooms: 2, Drawing Room, Dining Room, Kitchens, Study Room, Prayer Room, Powder Room, Gym, Store Rooms, Lounge or Sitting Room, Other Rooms","Broadband Internet Access, Satellite or Cable TV Ready, Business Center or Media Room in Building, Conference Room in Building, Intercom, ATM Machines, Other Business and Communication Facilities","Community Lawn or Garden, Community Swimming Pool, Community Gym, First Aid or Medical Centre, Day Care Centre, Kids Play Area, Barbeque Area, Mosque, Community Centre, Other Community Facilities","Sauna, Jacuzzi, Other Healthcare and Recreation Facilities","Nearby Schools, Nearby Hospitals, Nearby Shopping Malls, Nearby Restaurants, Distance From Airport (kms), Nearby Public Transport Service, Other Nearby Places","Security Staff, Other Facilities",PKR59.81 Lakh,PKR5.98 Lakh,30 Months
https://www.zameen.com/Property/dha_defence_dha_defence_phase_2_1_kanal_double_unit_house_prime_location-53243039-339-1.html,"DHA Defence Phase 2, DHA Defence",House,PKR12 Crore,6,1 Kanal,For Sale,5,6 months ago,"DHA Defence, Islamabad, Islamabad Capital",1 Kanal Designer House For Sale In DHA Phase 2 Islamabad Sector B 5 bedrooms 6 Bathrooms Double unit 2 kitchen 2 tv lounge 2 drawing room Ideal location Near masjid & market Demand 12 crore,"Built in year: 2025, Parking Spaces, Double Glazed Windows, Central Air Conditioning, Flooring, Electricity Backup, Floors: 2","Bedrooms: 5, Servant Quarters: 2, Drawing Room, Dining Room, Kitchens: 2, Powder Room, Store Rooms: 1, Steam Room, Laundry Room","Broadband Internet Access, Satellite or Cable TV Ready, Intercom","Community Lawn or Garden, Community Swimming Pool, Community Gym, First Aid or Medical Centre, Day Care Centre, Kids Play Area, Barbeque Area, Mosque, Community Centre","Lawn or Garden, Swimming Pool, Sauna, Jacuzzi","Nearby Schools, Nearby Hospitals, Nearby Shopping Malls, Nearby Restaurants, Distance From Airport (kms)","Maintenance Staff, Security Staff, Facilities for Disabled",,,
https://www.zameen.com/Property/b_17_faisal_margalla_city_5_marla_one_unit_house_for_sale_in_faisal_margalla_city_best_location-53237679-13424-1.html,"Faisal Margalla City, B-17",House,PKR2.4 Crore,3,5 Marla,For Sale,3,6 months ago,"B-17, Islamabad, Islamabad Capital",5 Marla one unit house for sale in Faisal Margalla City Islamabad Beautiful location with solid construction 3 bedrooms with attached bathrooms 1 modern kitchen and 1 stylish drawing room Spacious layout with quality fittings and finishing Near to park and commercial area Ideal for comfortable living and investment purpose,"Built in year: 2025, Parking Spaces: 1, Double Glazed Windows, Central Air Conditioning, Central Heating, Flooring, Electricity Backup, Waste Disposal, Floors: 2, Other Main Features, Furnished","Bedrooms: 4, Bathrooms: 3, Servant Quarters: 1, Drawing Room, Dining Room, Kitchens: 1, Study Room, Prayer Room, Powder Room, Gym, Store Rooms: 1, Steam Room, Lounge or Sitting Room, Laundry Room, Other Rooms","Broadband Internet Access, Satellite or Cable TV Ready, Intercom, Other Business and Communication Facilities","Community Lawn or Garden, Community Swimming Pool, Community Gym, First Aid or Medical Centre, Day Care Centre, Kids Play Area, Barbeque Area, Mosque, Community Centre, Other Community Facilities","Lawn or Garden, Swimming Pool, Sauna, Jacuzzi, Other Healthcare and Recreation Facilities","Nearby Schools, Nearby Hospitals, Nearby Shopping Malls, Nearby Restaurants, Distance From Airport (kms), Nearby Public Transport Service, Other Nearby Places","Maintenance Staff, Security Staff, Facilities for Disabled, Other Facilities",,,
https://www.zameen.com/Property/f_17_telegardens_t_t_echs_10_marla_single_story_house_for_sale_f-17_islamabad_all_facility_available_cda_pproved_sector-53227545-12136-1.html,"Telegardens (T&T ECHS), F-17",House,PKR4.6 Crore,6,1 Kanal,For Sale,7,4 months ago,"F-17, Islamabad, Islamabad Capital",1 KANAL WITH BASEMENT HOUSE FOR SALE MULTI F-17 ISLAMABAD ALL FACILITY AVAILABLE 6 BEDROOM 7 BATHROOM 2 KITCHEN DRAWING DINING TV LAUNCH 2 STORE 3 CAR PARKING SUI GAS ELECTRICITY WATER SUPPLY AVAILABLE BEAUTIFUL LOCATION. ALL FACILITIES AVAILABLE FULL DEVELOPED SECTOR FINAL NOC APPROVED BY CDA CDA APPROVED SECTOR MPCHS F-17 ISLAMABAD ALL SIZE RESIDENTIAL AND COMMERCIAL PLOTS AND HOUSE APARTMENT SHOP AVAILABLE FOR SALE AND RENT FACILITIES IN F-17 FULL GATED SOCIETY BEAUTIFUL LOCATION GAS ELECTRICITY WATER SUPPLY BANK SCHOOL BAKERY MOSQUE SHOPPING MALLS HOSPITALS PARK PLAY GROUND PTCL 5G AVAILABLE 24/7 SECURITY CCTV CAMERA NEW NEAR TO ISLAMABAD INTERNATIONAL AIRPORT 6KM METRO BUS 5KM GT ROAD N5 4KM M-1 M-2 MOTORWAY 2KM WE DEAL IN F-17 F-18 B-17 E-17 E-18 AND ALL CDA SECTOR PLOTS HOUSE APARTMENT SHOP FOR SALE F-17 T&TECHS AND MPCHS MORE INFORMATION CONTACT ZIMRI ASSOCIATES F-17 AND F-18 ISLAMABAD,"Built in year: 2025, Parking Spaces: 1, Double Glazed Windows, Central Air Conditioning, Central Heating, Flooring, Waste Disposal, Floors: 1, Other Main Features, Furnished","Bedrooms: 3, Bathrooms: 3, Servant Quarters: 1, Drawing Room, Dining Room, Kitchens: 1, Study Room, Prayer Room, Powder Room, Gym, Store Rooms: 1, Steam Room, Lounge or Sitting Room, Laundry Room, Other Rooms","Broadband Internet Access, Satellite or Cable TV Ready, Intercom, Other Business and Communication Facilities","Community Lawn or Garden, Community Swimming Pool, Community Gym, First Aid or Medical Centre, Day Care Centre, Kids Play Area, Barbeque Area, Mosque, Community Centre, Other Community Facilities","Lawn or Garden, Swimming Pool, Sauna, Jacuzzi, Other Healthcare and Recreation Facilities","Nearby Schools, Nearby Hospitals, Nearby Shopping Malls, Nearby Restaurants, Distance From Airport (kms), Nearby Public Transport Service, Other Nearby Places","Maintenance Staff, Security Staff, Other Facilities",,,
https://www.zameen.com/Property/mpchs_multi_gardens_mpchs_-_block_c1_designer_10_marla_house_for_sale_in_prime_location_of_b-17_islamabad_brand_new_10_marla_house_with_modern_finishings_ready_to_move_in-52749422-12607-1.html,"MPCHS - Block C1, MPCHS - Multi Gardens",House,PKR5.7 Crore,6,10 Marla,For Sale,7,2 days ago,"B-17, Islamabad, Islamabad Capital","Live in luxury and comfort in one of Islamabads most sought-after locations! This brand new 10 Marla designer house is located in the fully developed C-1 Block of B-17 Multi Gardens. Built with top-quality materials and modern architecture, this house offers everything a family needs to live comfortably. *Luxurious 5 Bedroom Newly Built House for Sale* Step into your dream home! This stunning, newly built 5-bedroom house offers the perfect blend of luxury, comfort, and style. With spacious living areas, beautifully designed interiors, and modern amenities, this property is ideal for families or investors. *Key Features:* - 5 spacious bedrooms with attached bathrooms - 1 Drawing room with attached washroom - 2 Modern kitchen with high-end appliances - 1 Large living and dining areas with natural light - Private garden at the front and green area inside the house - Secure parking and gated community - 10 Kv Solar System - Underground boring with unlimited water supply. - State-of-the-art security system - Close proximity to mosque, schools, shopping centers, and public transport *Perfect for:* - Families looking for a spacious home - Investors seeking rental income - Those wanting a luxurious lifestyle Location Block C1 Sector B17 Multi Gardens Islamabad *Don't miss out!* Contact us today to schedule a viewing and make this incredible house your home.","Built in year: 2025, Parking Spaces: 3, Double Glazed Windows, Central Air Conditioning, Central Heating, Flooring, Electricity Backup, Waste Disposal, Floors: 2, Other Main Features, Furnished","Bedrooms: 7, Bathrooms: 8, Servant Quarters: 1, Drawing Room, Dining Room, Kitchens: 2, Study Room, Prayer Room, Powder Room, Gym, Store Rooms: 1, Steam Room, Lounge or Sitting Room, Laundry Room, Other Rooms","Broadband Internet Access, Satellite or Cable TV Ready, Intercom, Other Business and Communication Facilities","Community Lawn or Garden, Community Swimming Pool, Community Gym, First Aid or Medical Centre, Day Care Centre, Kids Play Area, Barbeque Area, Mosque, Community Centre, Other Community Facilities","Lawn or Garden, Swimming Pool, Sauna, Jacuzzi, Other Healthcare and Recreation Facilities","Nearby Schools, Nearby Hospitals, Nearby Shopping Malls, Nearby Restaurants, Distance From Airport (kms), Nearby Public Transport Service, Other Nearby Places","Maintenance Staff, Security Staff, Facilities for Disabled, Other Facilities",,,
https://www.zameen.com/Property/mpchs_multi_gardens_mpchs_-_block_b_1_kanal_mdr_2nd_to_corner_in_block_b_double_unit_house_available_for_sale_in_multi_gardens_mpchs_b-17_islamabad-53003684-3117-1.html,"MPCHS - Block B, MPCHS - Multi Gardens",House,PKR7.95 Crore,7,1 Kanal,For Sale,6,2 days ago,"B-17, Islamabad, Islamabad Capital","10 KV Solar System Installed with Green Meter. House Just Use 3-Years. 1 Kanal MDR 2nd to Corner in Block B. Double Unit House. Available For Sale in Multi Gardens. MPCHS B-17 Islamabad. House Size 50*90. Double Unit. 6 Bedrooms. 7 Baths. 2 Drawing Dining. 2 TV Lounge. 2 Kitchens. 2 Car Parking. Servant Quarter with attach Bath. Electricity , Water Available. Interested People Can Contact Easily. Multi Gardens MPCHS B-17 is a Good Sector. For Residence Because Neat and Clean. 24 Hours Security. Schools , Banks , Restaurants , Parks , Zoo all Facilities Available.",,"Bedrooms: 2, Bathrooms: 2, Drawing Room, Dining Room, Kitchens: 1, Store Rooms: 1, Lounge or Sitting Room, Laundry Room","Broadband Internet Access, Satellite or Cable TV Ready, Intercom, Other Business and Communication Facilities","Community Lawn or Garden, Community Swimming Pool, Community Gym, First Aid or Medical Centre, Day Care Centre, Kids Play Area, Barbeque Area, Mosque, Community Centre, Other Community Facilities","Lawn or Garden, Other Healthcare and Recreation Facilities","Nearby Schools, Nearby Hospitals, Nearby Shopping Malls, Nearby Restaurants, Distance From Airport (kms), Nearby Public Transport Service, Other Nearby Places",,,,
https://www.zameen.com/Property/islamabad_jhangi_syedan_furnished_5_marla_1_5_storey_luxury_designer_house_for_sale_in_royal_city_jhangi_syedan-53322659-8851-1.html,"Jhangi Syedan, Islamabad",House,PKR1.68 Crore,3,5 Marla,For Sale,3,5 months ago,"Jhangi Syedan, Islamabad, Islamabad Capital",A brand new designer house for sale in Royal city jhangi syedan 5 Marla 2 bedrooms on ground floor with attached bath American kitchen imported Drawing Car parking One bedroom ist floor Open bar b q system area Prayer space Wazzu Khana Security camras installed Contact us for your confirm deal Price almost final,"Built in year: 2025, Parking Spaces, Double Glazed Windows, Central Air Conditioning, Central Heating, Flooring, Electricity Backup, Waste Disposal, Floors: 2, Other Main Features, Furnished","Bedrooms: 3, Bathrooms: 3, Servant Quarters, Drawing Room, Dining Room, Kitchens: 1, Study Room, Prayer Room, Powder Room, Gym, Store Rooms: 1, Steam Room, Lounge or Sitting Room, Laundry Room, Other Rooms","Broadband Internet Access, Satellite or Cable TV Ready, Intercom, Other Business and Communication Facilities","Community Lawn or Garden, Community Swimming Pool, Community Gym, First Aid or Medical Centre, Day Care Centre, Kids Play Area, Barbeque Area, Mosque, Community Centre, Other Community Facilities","Lawn or Garden, Swimming Pool, Sauna, Jacuzzi, Other Healthcare and Recreation Facilities","Nearby Schools, Nearby Hospitals, Nearby Shopping Malls, Nearby Restaurants, Distance From Airport (kms), Nearby Public Transport Service, Other Nearby Places","Maintenance Staff, Security Staff, Facilities for Disabled, Other Facilities",,,
https://www.zameen.com/Property/islamabad_g-13_25x40_house_available_for_sale_in_g-13_rent_value_1_lac-53262118-330-1.html,"G-13, Islamabad",House,PKR3.2 Crore,5,4 Marla,For Sale,4,5 months ago,"G-13, Islamabad, Islamabad Capital","*Original Pictures attached**** About the Property: 4- Bedrooms 5- Washrooms 2- Kitchens 2- TV Lounge 1 - drawing room 1- Car Parking - Tile Flooring Green Lawn - Double Unit House - Ideal Locality - Electricity & Gas Meters are available - Water Boring Running & also Water Supply Facility available All Facilities Are Available, Which Is The Need OF Living, . . - Near to Main Double Road and Kashmir Highway - Near to School,College,University,Market,Masjid Public Transport,Hospitals, and ETC. - located in one of the best locations of G-13 lslamabad Just call for visit","Built in year: 2018, Parking Spaces: 1, Double Glazed Windows, Central Air Conditioning, Central Heating, Flooring, Electricity Backup, Waste Disposal, Floors: 2, Other Main Features","Bedrooms: 4, Bathrooms: 5, Servant Quarters: 1, Drawing Room, Dining Room, Kitchens: 2, Study Room, Prayer Room, Powder Room, Gym, Store Rooms: 1, Steam Room, Lounge or Sitting Room, Laundry Room, Other Rooms","Broadband Internet Access, Satellite or Cable TV Ready, Intercom, Other Business and Communication Facilities","Community Lawn or Garden, Community Swimming Pool, Community Gym, First Aid or Medical Centre, Day Care Centre, Kids Play Area, Barbeque Area, Mosque, Community Centre, Other Community Facilities","Lawn or Garden, Swimming Pool, Sauna, Jacuzzi, Other Healthcare and Recreation Facilities","Nearby Schools, Nearby Hospitals, Nearby Shopping Malls, Nearby Restaurants, Distance From Airport (kms), Nearby Public Transport Service, Other Nearby Places","Maintenance Staff, Security Staff, Facilities for Disabled, Other Facilities",,,
https://www.zameen.com/Property/islamabad_g-13_30_60_7_marla_brand_new_house_available_for_sale_in_g13_rent_value_1_80_lakh-53246854-330-1.html,"G-13, Islamabad",House,PKR6.5 Crore,6,7 Marla,For Sale,5,5 months ago,"G-13, Islamabad, Islamabad Capital","*Original Pictures attached**** About the Property: 5- Bedrooms 6- Washrooms 2- Kitchens 2- TV Lounge 2- drawing room 2- Car Parking - Tile Flooring Green Lawn - Double Unit House - Ideal Locality - Electricity & Gas Meters are available - Water Boring Running & also Water Supply Facility available All Facilities Are Available, Which Is The Need OF Living, . . - Near to Main Double Road and Kashmir Highway - Near to School,College,University,Market,Masjid Public Transport,Hospitals, and ETC. - located in one of the best locations of G-13 lslamabad Just call for visit View Contact Detail","Built in year: 2025, Parking Spaces: 2, Double Glazed Windows, Central Air Conditioning, Central Heating, Flooring, Electricity Backup, Waste Disposal, Floors: 2, Other Main Features, Furnished","Bedrooms: 5, Bathrooms: 6, Servant Quarters: 1, Drawing Room, Dining Room, Kitchens: 2, Study Room, Prayer Room, Powder Room, Gym, Store Rooms: 1, Steam Room, Lounge or Sitting Room, Laundry Room, Other Rooms","Broadband Internet Access, Satellite or Cable TV Ready, Intercom, Other Business and Communication Facilities","Community Lawn or Garden, Community Swimming Pool, Community Gym, First Aid or Medical Centre, Day Care Centre, Kids Play Area, Barbeque Area, Mosque, Community Centre, Other Community Facilities","Lawn or Garden, Swimming Pool, Sauna, Jacuzzi, Other Healthcare and Recreation Facilities","Nearby Schools, Nearby Hospitals, Nearby Shopping Malls, Nearby Restaurants, Distance From Airport (kms), Nearby Public Transport Service, Other Nearby Places","Maintenance Staff, Security Staff, Facilities for Disabled, Other Facilities",,,
https://www.zameen.com/Property/e_11_e-11_2_one_bed_room_fully_furnished_apartment_available_for_sale-53238136-3233-1.html,"E-11/2, E-11",Flat,PKR95 Lakh,1,1.9 Marla,For Sale,1,5 months ago,"E-11, Islamabad, Islamabad Capital",one bed room atuched bath lounge kitchen lifts water electric avilabl incoming rent 75000,"Built in year: 2024, Lobby in Building, Double Glazed Windows, Central Air Conditioning, Central Heating, Flooring, Floor: 3, Floors in Building: 6, Elevators: 1","Bedrooms: 1, Bathrooms: 1, Drawing Room, Dining Room, Kitchens: 1, Study Room, Prayer Room, Powder Room, Gym, Store Rooms: 1, Steam Room, Lounge or Sitting Room, Laundry Room",,,,"Nearby Schools, Nearby Hospitals, Nearby Shopping Malls, Nearby Restaurants, Nearby Public Transport Service, Other Nearby Places","Security Staff, Other Facilities",,,
https://www.zameen.com/Property/islamabad_g-11_g-11_size_5_marla_double_storey_house_for_sale_brand_new-53304654-168-1.html,"G-11, Islamabad",House,PKR7.25 Crore,5,8 Marla,For Sale,5,5 months ago,"G-11, Islamabad, Islamabad Capital",Beautiful Almost New House Having 5 Bedroom 5 Bathroom 2 DD Room 2 Lounge 2 Kitchen Water Boor Separate Meter Car Parking For More Details Call,"Flooring, Electricity Backup","Bedrooms: 5, Bathrooms: 5, Drawing Room, Dining Room, Kitchens: 2, Lounge or Sitting Room","Broadband Internet Access, Satellite or Cable TV Ready","First Aid or Medical Centre, Day Care Centre, Kids Play Area, Mosque, Community Centre",,"Nearby Schools, Nearby Hospitals, Nearby Shopping Malls, Nearby Restaurants, Distance From Airport (kms), Nearby Public Transport Service, Other Nearby Places","Security Staff, Other Facilities",,,
https://www.zameen.com/Property/b_17_mpchs_-_multi_gardens_multi_garden_b-17_prime_location_f_block_designer_house_sale-52575844-3115-1.html,"MPCHS - Multi Gardens, B-17",House,PKR1.95 Crore,4,5 Marla,For Sale,4,4 weeks ago,"B-17, Islamabad, Islamabad Capital","WE HAVE VERY LIMITED SLOTS AVAILABLE TOO BOOK FOR COMPLETE DETAILS : CALL US. WE WILL TELL YOU HOW ITS WORK HOW YOU CAN HAV A BEAUTIFULLY DESIGNED HOUSE SPECIFICALLY ACCORDING TO YOUR NEEDS Your Dream Home Awaits Built & Ready in Just 5 Months! Exclusive Plots in Prestigious B-17 Claim Yours Today & Transform Dreams into Reality! 3 Simple Steps to Construct your DREAM HOME: 1 Choose Your Plot Choose from prime plots in B-17s sought-after communitywhere luxury meets convenience. Act fast; exclusive locations are selling out! 2 Design With our Architects and Engineers Design Freedom, Expertly Guided Collaborate with award-winning architects to craft a home thats uniquely yours. From modern minimalism to timeless elegance your vision, our expertise. 3 Move In Faster Than You Think No delays, no stress. Our fast-track construction team guarantees your keys in just 5 months! Quality craftsmanship, on time, every time. Why Wait? Stress-free process from start to finish FREE 3D design consultation Rs,150,000 10-year structural warranty for peace of mind Limited-Time Offer: WE HAVE VERY LIMITED SLOTS AVAILABLE TO BOOK","Built in year: 2025, Parking Spaces: 1, Double Glazed Windows, Central Air Conditioning, Central Heating, Flooring, Electricity Backup, Waste Disposal, Floors: 2, Other Main Features, Furnished","Bedrooms: 4, Bathrooms: 4, Servant Quarters: 1, Drawing Room, Dining Room, Kitchens: 2, Study Room, Prayer Room, Powder Room, Gym, Store Rooms: 1, Steam Room, Lounge or Sitting Room, Laundry Room, Other Rooms","Broadband Internet Access, Satellite or Cable TV Ready, Intercom, Other Business and Communication Facilities","Community Lawn or Garden, Community Swimming Pool, Community Gym, First Aid or Medical Centre, Day Care Centre, Kids Play Area, Barbeque Area, Mosque, Community Centre, Other Community Facilities","Lawn or Garden, Swimming Pool, Sauna, Jacuzzi, Other Healthcare and Recreation Facilities","Nearby Schools, Nearby Hospitals, Nearby Shopping Malls, Nearby Restaurants, Distance From Airport (kms), Nearby Public Transport Service, Other Nearby Places","Maintenance Staff, Security Staff, Facilities for Disabled, Other Facilities",PKR75 Lakh,PKR20 Lakh,6 Months
https://www.zameen.com/Property/cbr_town_cbr_town_phase_1_brand_new_14_marla_corner_house_for_sale_cbr_town_block-c_islamabad-52959204-3147-1.html,"CBR Town Phase 1, CBR Town",House,PKR5.6 Crore,7,14 Marla,For Sale,6,6 months ago,"CBR Town, Islamabad, Islamabad Capital","Presenting a stunning brand-new double-unit residential house located in the prime area of CBR Town, Block-C, Street-36. Built on a 40 ft x 80 ft (14 Marla) corner plot, this home offers the perfect blend of modern design, comfort, and convenience. Property Features: Bedrooms: 6 spacious rooms, each with attached bathrooms (8 baths in total) Kitchens: 2 modern, fully equipped kitchens Living Areas: 2 TV lounges for family gatherings Drawing Rooms: 2 elegant drawing rooms for guests Parking: Double car porch with ample space Outdoor Space: Terrace, lawn, and a beautifully maintained corner garden Design: Modern architecture with premium fittings and fixtures Structure: Double-unit, ideal for joint or large families Location Highlights: Prime location in CBR Town peaceful and secure neighborhood Near to Razi Hospital Easy access to main roads, markets, schools, and mosques","Built in year: 2025, Parking Spaces: 2, Double Glazed Windows, Central Air Conditioning, Central Heating, Flooring, Electricity Backup, Waste Disposal, Floors: 2, Other Main Features, Furnished","Bedrooms: 2, Bathrooms: 2, Servant Quarters: 0, Drawing Room, Dining Room, Kitchens: 1, Study Room, Prayer Room, Powder Room, Gym, Store Rooms: 1, Steam Room, Lounge or Sitting Room, Laundry Room, Other Rooms","Broadband Internet Access, Satellite or Cable TV Ready, Intercom, Other Business and Communication Facilities","Community Lawn or Garden, Community Swimming Pool, Community Gym, First Aid or Medical Centre, Day Care Centre, Kids Play Area, Barbeque Area, Mosque, Community Centre, Other Community Facilities","Lawn or Garden, Swimming Pool, Sauna, Jacuzzi, Other Healthcare and Recreation Facilities","Nearby Schools, Nearby Hospitals, Nearby Shopping Malls, Nearby Restaurants, Distance From Airport (kms), Nearby Public Transport Service, Other Nearby Places","Maintenance Staff, Security Staff, Facilities for Disabled, Other Facilities",,,
https://www.zameen.com/Property/mpchs_multi_gardens_mpchs_-_block_f_mpchs_b-17_f-block_5_marla_double_storey_brand_new_designer_house-51928227-8527-1.html,"MPCHS - Block F, MPCHS - Multi Gardens",House,PKR1.9 Crore,4,5 Marla,For Sale,5,4 weeks ago,"B-17, Islamabad, Islamabad Capital","Designer House Accommodation Details: 4 Master Bedrooms 4 Attached Bathrooms 2 Drawing Rooms 2 Kitchen 2 Living Area With Dinning Area Laundry Space Panoramic View False Ceiling Attractive Designs 1 Servant Room With Bath on Top Floor 1 Store Room 1 Terrace Area 1 Car Porch (To Accommodate At least 2 Cars) Ventilation Spaces for All Accommodations Near to Commercial Area Near to Mosque, Park, School 30-40 ft Wide Road Street Now be the designer of your own house For Further Details The Asset Makers Contact:","Built in year: 2024, Parking Spaces, Double Glazed Windows, Central Air Conditioning, Central Heating, Flooring, Electricity Backup, Waste Disposal, Floors: 2, Other Main Features, Furnished","Bedrooms: 4, Bathrooms: 4, Servant Quarters: 1, Drawing Room, Dining Room, Kitchens: 2, Study Room, Prayer Room, Powder Room, Gym, Store Rooms: 1, Steam Room, Lounge or Sitting Room, Laundry Room, Other Rooms","Broadband Internet Access, Satellite or Cable TV Ready, Intercom, Other Business and Communication Facilities","Community Lawn or Garden, Community Swimming Pool, Community Gym, First Aid or Medical Centre, Day Care Centre, Kids Play Area, Barbeque Area, Mosque, Community Centre, Other Community Facilities","Lawn or Garden, Swimming Pool, Sauna, Jacuzzi, Other Healthcare and Recreation Facilities","Nearby Schools, Nearby Hospitals, Nearby Shopping Malls, Nearby Restaurants, Distance From Airport (kms), Nearby Public Transport Service, Other Nearby Places","Maintenance Staff, Security Staff, Facilities for Disabled, Other Facilities",PKR70 Lakh,PKR30 Lakh,4 Months
https://www.zameen.com/Property/islamabad_b-17_5_marla_designer_house_in_b-17_f_block_25x50_double_unit_house-51945643-616-1.html,"B-17, Islamabad",House,PKR1.95 Crore,5,5 Marla,For Sale,5,4 weeks ago,"B-17, Islamabad, Islamabad Capital","Designer House Accommodation Details: 4 Master Bedrooms 4 Attached Bathrooms 2 Drawing Rooms 2 Kitchen 2 Living Area With Dinning Area Laundry Space Panoramic View False Ceiling Attractive Designs 1 Servant Room With Bath on Top Floor 1 Store Room 1 Terrace Area 1 Car Porch (To Accommodate Atleast 2 Cars) Ventilation Spaces for All Accomadations Near to Commercial Area Near to Mosque, Park, School 40-60 ft Wide Road Street Now be the designer of your own house For Further Details Saad Hussain The Asset Makers Contact:","Built in year: 2025, Parking Spaces, Double Glazed Windows, Central Air Conditioning, Central Heating, Flooring, Electricity Backup, Waste Disposal, Floors: 2, Other Main Features, Furnished","Bedrooms: 5, Bathrooms, Servant Quarters: 1, Drawing Room, Dining Room, Kitchens: 2, Study Room, Prayer Room, Powder Room, Store Rooms: 1, Steam Room, Lounge or Sitting Room, Laundry Room, Other Rooms","Broadband Internet Access, Satellite or Cable TV Ready, Other Business and Communication Facilities","Community Lawn or Garden, Community Swimming Pool, Community Gym, First Aid or Medical Centre, Day Care Centre, Kids Play Area, Barbeque Area, Mosque, Community Centre, Other Community Facilities","Lawn or Garden, Other Healthcare and Recreation Facilities","Nearby Schools, Nearby Hospitals, Nearby Shopping Malls, Nearby Restaurants, Distance From Airport (kms), Nearby Public Transport Service, Other Nearby Places","Maintenance Staff, Security Staff, Other Facilities",PKR78 Lakh,PKR23.4 Lakh,5 Months
https://www.zameen.com/Property/islamabad_b-17_beautiful_5_marla_designer_house_in_mpchs_b-17_f-block_25x50_double_unit_house-51955614-616-1.html,"B-17, Islamabad",House,PKR2.05 Crore,4,5 Marla,For Sale,4,4 weeks ago,"B-17, Islamabad, Islamabad Capital","For Sale: Beautiful 5 Marla House in Multi Gardens B-17, Block F This elegant 5 Marla house, located in the prime area of Block F, Multi Gardens B-17, is now available for sale. The house is beautifully constructed with modern design and top-quality materials. Surrounded by all essential facilities and amenities, it offers a perfect living environment for families. The neighborhood includes parks, schools, shopping centers, and easy access to major roads, making it an ideal choice for anyone looking for comfort and convenience. Dont miss this opportunity to own your dream home!","Built in year: 2018, Parking Spaces: 1, Double Glazed Windows, Central Air Conditioning, Central Heating, Flooring, Electricity Backup, Waste Disposal, Floors: 2, Other Main Features, Furnished","Bedrooms: 3, Bathrooms: 3, Servant Quarters: 1, Drawing Room, Dining Room, Kitchens: 1, Study Room, Store Rooms: 1, Laundry Room","Broadband Internet Access, Satellite or Cable TV Ready, Intercom, Other Business and Communication Facilities","Kids Play Area, Mosque, Other Community Facilities",Other Healthcare and Recreation Facilities,"Nearby Schools, Nearby Hospitals, Nearby Shopping Malls, Nearby Restaurants, Distance From Airport (kms), Nearby Public Transport Service, Other Nearby Places","Maintenance Staff, Security Staff, Facilities for Disabled, Other Facilities",PKR80 Lakh,PKR25 Lakh,5 Months
https://www.zameen.com/Property/islamabad_b-17_beautiful_5-marla_property_in_the_prime_area_of_block_f_multi_gardens_b-17-51955675-616-1.html,"B-17, Islamabad",House,PKR2 Crore,4,5 Marla,For Sale,4,4 weeks ago,"B-17, Islamabad, Islamabad Capital","This beautiful 5-marla property in the prime area of Block F, Multi Gardens B-17, is presently for sale. The house is tastefully built using modern style and high-quality materials. 5 Marla 25-50 size Brand New Double Story Single Unit House for Sale in ,B-17 Islamabad Block F Accommodation details: Double Story 3 Master Bedrooms with attached bathroom 2 Drawing room with bathroom 2 Large wide TV Lounge 2 Kitchens Laundry space Panoramic view, all around. All rooms are well lit and airy. 1 Car porch 1 Store Room 1 Servant Room with bathroom 40 fit road street Main double road back street Near to commercial Park mosque school Excellent opportunity to own such a luxurious House Demand. 1.85cr For further details:","Built in year: 2024, Parking Spaces: 1, Double Glazed Windows, Central Air Conditioning, Central Heating, Flooring, Electricity Backup, Waste Disposal, Floors: 2, Furnished","Bedrooms: 4, Bathrooms: 4, Servant Quarters: 1, Drawing Room, Dining Room, Kitchens: 2, Study Room, Prayer Room, Powder Room, Gym, Store Rooms: 1, Steam Room, Lounge or Sitting Room, Laundry Room, Other Rooms","Broadband Internet Access, Satellite or Cable TV Ready, Intercom, Other Business and Communication Facilities","Community Lawn or Garden, Community Swimming Pool, Community Gym, First Aid or Medical Centre, Day Care Centre, Kids Play Area, Barbeque Area, Mosque, Community Centre, Other Community Facilities","Lawn or Garden, Swimming Pool, Sauna, Jacuzzi","Nearby Schools, Nearby Hospitals, Nearby Shopping Malls, Nearby Restaurants, Distance From Airport (kms), Nearby Public Transport Service, Other Nearby Places","Maintenance Staff, Security Staff, Facilities for Disabled, Other Facilities",PKR80 Lakh,PKR20 Lakh,6 Months
https://www.zameen.com/Property/islamabad_b-17_multi_garden_b-17_prime_location_f_block_mdr_to_street_second_corner_house_double_units_available_for_sale-51955741-616-1.html,"B-17, Islamabad",House,PKR2.05 Crore,4,5 Marla,For Sale,4,4 weeks ago,"B-17, Islamabad, Islamabad Capital","MPCHS B-17 Prime Location F Block 5 Marla House 3501 Main Double Road To Street 2nd Corner 4bed Attached Bath 2 Tv Lounge 2kitchen Tilled Flooring Near To Main Markaz And Parks Very Reasonable Price 185 Lac Only . For More Information Feel Free To Contact Option 1 Real Estate Designer House Accommodation Details: 4 Master Bedrooms 4 Attached Bathrooms 2 Drawing Rooms 2 Kitchen 2 Living Area With Dinning Area Laundry Space Panoramic View False Ceiling Attractive Designs 1 Servant Room With Bath on Top Floor 1 Store Room 1 Terrace Area 1 Car Porch (To Accommodate Atleast 2 Cars) Ventilation Spaces for All Accomadations Near to Commercial Area Near to Mosque, Park, School 30-40 ft Wide Road Street Now be the designer of your own house \ For Further Details Saad Hussain The Asset Makers","Built in year: 2024, Parking Spaces: 1, Double Glazed Windows, Central Air Conditioning, Central Heating, Flooring, Electricity Backup, Waste Disposal, Floors: 2, Other Main Features, Furnished","Bedrooms: 4, Bathrooms: 4, Servant Quarters: 1, Drawing Room, Dining Room, Kitchens: 2, Study Room, Prayer Room, Powder Room, Gym, Store Rooms: 1, Steam Room, Lounge or Sitting Room, Laundry Room, Other Rooms","Broadband Internet Access, Satellite or Cable TV Ready, Intercom, Other Business and Communication Facilities","Community Lawn or Garden, Community Swimming Pool, Community Gym, First Aid or Medical Centre, Day Care Centre, Kids Play Area, Barbeque Area, Mosque, Community Centre, Other Community Facilities","Lawn or Garden, Swimming Pool, Sauna, Jacuzzi, Other Healthcare and Recreation Facilities","Nearby Schools, Nearby Hospitals, Nearby Shopping Malls, Nearby Restaurants, Distance From Airport (kms), Nearby Public Transport Service, Other Nearby Places","Maintenance Staff, Security Staff, Facilities for Disabled, Other Facilities",PKR80 Lakh,PKR25 Lakh,5 Months
https://www.zameen.com/Property/islamabad_b-17_multi_garden_b-17_prime_location_f_block_house_double_unit_available_for_sale-51955796-616-1.html,"B-17, Islamabad",House,PKR1.95 Crore,4,5.6 Marla,For Sale,4,4 weeks ago,"B-17, Islamabad, Islamabad Capital","5 Marla Double Unit House Available. For Sale In Multi Gardens MPCHS. B-17 Block F Islamabad. House Size 25*50. Luxury House A+ Construction Double Story. Double Unit. Near To Masque 4 Bedrooms. 4 Baths. 1 Drawing Dining. 2 Kitchen. Mumty + Washroom. Car Parking Space. Gas, Water Available Investor Rate Ideal Location. Reasonable Price. Multi Gardens B-17 Is A Good Society For Residence. Because Neat And Clean. 24 Hours Security. All Basic And Necessary Facilities Available.","Built in year: 2024, Parking Spaces: 1, Double Glazed Windows, Central Air Conditioning, Central Heating, Flooring, Electricity Backup, Waste Disposal, Floors: 2, Other Main Features, Furnished","Bedrooms: 4, Bathrooms: 4, Servant Quarters: 1, Drawing Room, Dining Room, Kitchens: 2, Study Room, Prayer Room, Powder Room, Gym, Store Rooms: 1, Steam Room, Lounge or Sitting Room, Laundry Room, Other Rooms","Broadband Internet Access, Satellite or Cable TV Ready, Intercom, Other Business and Communication Facilities","Community Lawn or Garden, Community Swimming Pool, Community Gym, First Aid or Medical Centre, Day Care Centre, Kids Play Area, Barbeque Area, Mosque, Community Centre, Other Community Facilities","Lawn or Garden, Swimming Pool, Sauna, Jacuzzi, Other Healthcare and Recreation Facilities","Nearby Schools, Nearby Hospitals, Nearby Shopping Malls, Nearby Restaurants, Distance From Airport (kms), Nearby Public Transport Service, Other Nearby Places","Maintenance Staff, Security Staff, Facilities for Disabled, Other Facilities",PKR97.5 Lakh,PKR16.25 Lakh,6 Months
https://www.zameen.com/Property/mpchs_multi_gardens_mpchs_-_block_b_1_kanal_designer_double_heighted_luxurious_finishing_house_for_sale_in_block_b_mpchs_multi_gardens_b-17_islamabad-53008215-3117-1.html,"MPCHS - Block B, MPCHS - Multi Gardens",House,PKR9.5 Crore,7,1 Kanal,For Sale,6,2 days ago,"B-17, Islamabad, Islamabad Capital","10 KV Solar System Installed with Green Meter. Designer House For Sale Location: Block B, B17, Multi Gardens, Islamabad Size 50*90. 1 kanal house Asking Price 9.50 Cr Only/- Features: - Double Heighted Lobby - Luxurious Finishing - 15 KV Solar with Green Meter - Electric Fencing - CCTV Cameras - 1 Drawing Room - 6 Bedrooms with attached baths. - 2 Sitting Spaces - 1 Designer Kitchen - 1* Designer kitchnet - 2 Cars Parking Space - 1 Room on Mumty - Sitting arrangement on Mumty - Near to Masjid, Markaz, Park and Grounds - servant Quarter - Single Unit - Basement, Ground plus First Floor We are excited to share with you the completion of our yet another construction project in just 6 months' time located at B17, Multi Gardens, which is availableforsalenow Interested People Can Contact Easily. Multi Gardens MPCHS B-17 is a Good Sector. For Residence Because Neat and Clean. 24 Hours Security. Schools , Banks , Restaurants , Parks , Zoo all Facilities Available.","Built in year: 2010, Parking Spaces: 1, Central Air Conditioning, Flooring, Electricity Backup, Waste Disposal, Other Main Features","Bedrooms: 6, Bathrooms: 8, Drawing Room, Dining Room, Kitchens: 2, Study Room, Prayer Room, Lounge or Sitting Room, Laundry Room","Broadband Internet Access, Satellite or Cable TV Ready, Intercom, Other Business and Communication Facilities","Community Lawn or Garden, Community Swimming Pool, Community Gym, First Aid or Medical Centre, Day Care Centre, Kids Play Area, Barbeque Area, Mosque, Community Centre, Other Community Facilities","Lawn or Garden, Swimming Pool, Sauna, Jacuzzi, Other Healthcare and Recreation Facilities","Nearby Schools, Nearby Hospitals, Nearby Shopping Malls, Nearby Restaurants, Distance From Airport (kms), Nearby Public Transport Service, Other Nearby Places","Maintenance Staff, Security Staff",,,
https://www.zameen.com/Property/mpchs_multi_gardens_mpchs_-_block_e_8_marla_30_60_single_unit_double_story_house_designer_house_outclass_house_in_block_e_available_for_sale_in_multi_gardens_mpchs_b-17_islamabad-53060477-3120-1.html,"MPCHS - Block E, MPCHS - Multi Gardens",House,PKR4 Crore,6,8 Marla,For Sale,4,2 weeks ago,"B-17, Islamabad, Islamabad Capital","8 Marla ( 30*60 ) Single Unit Double Story House Designer House. Outclass House. In Block E. Available For Sale in Multi Gardens. MPCHS B-17 Islamabad. House Size 30*60. 4 Bedrooms. 6 Baths. 2 Drawing Dining. 2 TV Lounge. 2 Kitchens. 2 Car Parking. Servant Quarter with attach Bath. Electricity , Water Available. Interested People Can Contact Easily. Multi Gardens MPCHS B-17 is a Good Sector. For Residence Because Neat and Clean. 24 Hours Security. Schools , Banks , Restaurants , Parks , Zoo all Facilities Available.","Built in year: 2025, Parking Spaces: 2, Flooring, Floors: 2","Bedrooms: 4, Bathrooms: 6, Drawing Room, Dining Room, Kitchens: 2, Lounge or Sitting Room, Laundry Room","Broadband Internet Access, Satellite or Cable TV Ready, Intercom, Other Business and Communication Facilities","Community Lawn or Garden, Community Swimming Pool, Community Gym, First Aid or Medical Centre, Day Care Centre, Kids Play Area, Barbeque Area, Mosque, Community Centre, Other Community Facilities","Lawn or Garden, Other Healthcare and Recreation Facilities","Nearby Schools, Nearby Hospitals, Nearby Shopping Malls, Nearby Restaurants, Distance From Airport (kms), Nearby Public Transport Service, Other Nearby Places","Security Staff, Other Facilities",,,
https://www.zameen.com/Property/mpchs_multi_gardens_mpchs_-_block_a_1_kanal_luxury_double_unit_house_in_block_a_in_street_36_available_for_sale_in_multi_gardens_mpchs_b-17_islamabad-53060509-3116-1.html,"MPCHS - Block A, MPCHS - Multi Gardens",House,PKR8.5 Crore,7,1 Kanal,For Sale,6,5 months ago,"B-17, Islamabad, Islamabad Capital","1 Kanal Luxury Double Unit House in Block A. In Street 36. Available For Sale in Multi Gardens. MPCHS B-17 Islamabad. Roof Top BBQ Area. 15 KW Solar System Installed with Net Metering. House Size 50*90. Double Unit. 6 Bedrooms. 7 Baths. 2 Drawing Dining. 2 TV Lounge. 2 Kitchens. 2 Car Parking. Servant Quarter with attach Bath. Electricity , Water Available. Interested People Can Contact Easily. Multi Gardens MPCHS B-17 is a Good Sector. For Residence Because Neat and Clean. 24 Hours Security. Schools , Banks , Restaurants , Parks , Zoo all Facilities Available.",,"Bedrooms: 6, Bathrooms: 6, Drawing Room, Dining Room, Kitchens: 2, Study Room, Prayer Room","Broadband Internet Access, Satellite or Cable TV Ready, Intercom, Other Business and Communication Facilities","Community Lawn or Garden, Community Swimming Pool, Community Gym, First Aid or Medical Centre, Day Care Centre, Kids Play Area, Barbeque Area, Mosque, Community Centre, Other Community Facilities","Lawn or Garden, Swimming Pool, Other Healthcare and Recreation Facilities","Nearby Schools, Nearby Hospitals, Nearby Shopping Malls, Nearby Restaurants, Distance From Airport (kms), Nearby Public Transport Service, Other Nearby Places",,,,
https://www.zameen.com/Property/islamabad_b-17_14_marla_house_for_sale_in_multi_gardens_b-17_islamabad_b_block-53100068-616-1.html,"B-17, Islamabad",House,PKR6.5 Crore,6,14 Marla,For Sale,7,2 days ago,"B-17, Islamabad, Islamabad Capital","A beautifully built 14 Marla Double Story House is available for sale in Multi Gardens, B-17 Islamabad (B Block). Constructed with high-quality materials and a modern layout, this house is perfect for a large family or dual-unit living. 7 Spacious Bedrooms with Attached Washrooms 8 Washrooms with Premium Fittings 2 Drawing Rooms for Guests 2 Modern Kitchens Spacious TV Lounges Parking Space for 2 Cars Servant Quarter with Bath Water Boring Installed Electricity Connection Active Wide Street, Prime Location in B Block Near Mosque, Park & Commercial Area Demand: 6 Crore 50 Lakh Only For More Details & Visit: Contact: Saddam Umar : View Contact Detail Constructed with high-quality materials and a modern layout, this house is perfect for a large family or dual-unit living. 7 Spacious Bedrooms with Attached Washrooms 8 Washrooms with Premium Fittings 2 Drawing Rooms for Guests 2 Modern Kitchens Spacious TV Lounges Parking Space for 2 Cars Servant Quarter with Bath Water Boring Installed Electricity Connection Active Wide Street, Prime Location in B Block Near Mosque, Park & Commercial Area Demand: 6 Crore 50 Lakh Only For More Details & Visit:",,,,,,"Nearby Schools, Nearby Hospitals, Nearby Shopping Malls, Nearby Restaurants",Security Staff,,,
https://www.zameen.com/Property/b_17_faisal_margalla_city_7_marla_brand_new_house_for_sale_fmc_islamabad-53113849-13424-1.html,"Faisal Margalla City, B-17",House,PKR3.6 Crore,6,7 Marla,For Sale,4,2 days ago,"B-17, Islamabad, Islamabad Capital","7 Marla Brand New House for Sale FMC Islamabad A beautifully designed 7 Marla Brand New Double Story House. Is available for sale in FMC Islamabad. Constructed with high-quality materials and a modern layout. This house is ideal for comfortable family living. 5 Spacious Bedrooms with Attached Baths 2 Elegant Drawing Room 2 Modern TV Lounge 2 Stylish Kitchen with Quality Fittings 2 Car Parking Space Brand New Construction | Double Story Situated in FMC Islamabad Prime Location Near Masjid, Park, and Commercial Market All Facilities Available (Water, Electricity, Gas) Demand: [3 Crore 60 lack ] For Details&Visit","Built in year: 2024, Parking Spaces: 2, Flooring, Floors: 2","Bedrooms: 4, Bathrooms: 6, Drawing Room, Dining Room, Kitchens: 2, Lounge or Sitting Room, Laundry Room","Broadband Internet Access, Satellite or Cable TV Ready, Intercom, Other Business and Communication Facilities","Community Lawn or Garden, Community Swimming Pool, Community Gym, First Aid or Medical Centre, Day Care Centre, Kids Play Area, Barbeque Area, Mosque, Community Centre, Other Community Facilities","Lawn or Garden, Other Healthcare and Recreation Facilities","Nearby Schools, Nearby Hospitals, Nearby Shopping Malls, Nearby Restaurants, Distance From Airport (kms), Nearby Public Transport Service, Other Nearby Places",,,,
https://www.zameen.com/Property/bahria_enclave_bahria_enclave_-_sector_a_gorgeous_10_marla_house_with_basement_prime_sector_a_bahria_enclave_premium_luxury_living-53233344-11970-1.html,"Bahria Enclave - Sector A, Bahria Enclave",House,PKR4.6 Crore,6,10 Marla,For Sale,6,4 months ago,"Bahria Town, Islamabad, Islamabad Capital","Location: Street 17, Sector A, Bahria Enclave, Islamabad Property Type: 10 Marla House with Basement | Ready to Move In A Masterpiece of Luxury Living Presenting an exceptional 10 Marla house with basement in the most prestigious Sector A of Bahria Enclave. This magnificent property redefines luxury living with its premium design, spacious layout, and unmatched attention to detail. Perfect for those seeking elegance, comfort, and sophistication in one of Islamabad's most exclusive communities. Property Highlights: 6 Spacious Bedrooms - All with attached modern bathrooms 2 Elegant Drawing Rooms - Perfect for formal entertainment and relaxation 2 Cozy Lounges - Ideal for intimate family gatherings 3 Modern Kitchens - Fully equipped for culinary enthusiasts Servant Quarters - With attached bathroom for convenience Basement - Additional space for entertainment or storage Premium Features: Premium quality finishes throughout Modern architectural design Spacious living areas with abundant natural light High-quality flooring and fixtures Ample storage space Designed for modern family living Experience Bahria Enclave's Exclusive Lifestyle: 24/7 gated security with advanced surveillance Underground electricity and modern infrastructure Well-maintained parks and green spaces Reliable power and water supply Mosques, educational institutions, and healthcare facilities Shopping centers and commercial areas nearby Proven property value appreciation Location Advantages: In the most established sector of Bahria Enclave Peaceful and secure neighborhood Close to Beacon House School and other educational institutions Easy access to hospitals and healthcare facilities Near shopping malls and commercial areas Walking distance to parks and recreational facilities This property represents a rare opportunity to own a premium home in one of Islamabad's most sought-after addresses. The combination of luxury features, prime location, and exceptional design makes this a perfect family home and a solid investment. Contact us today for a private viewing and make this luxury property your new home! Your dream lifestyle awaits in Bahria Enclave - where luxury meets security and comfort.","Built in year: 2025, Parking Spaces: 2, Double Glazed Windows, Central Air Conditioning, Central Heating, Flooring, Electricity Backup, Waste Disposal, Floors: 2, Other Main Features, Furnished","Bedrooms: 3, Bathrooms: 6, Servant Quarters: 1, Drawing Room, Dining Room, Kitchens: 3, Study Room, Prayer Room, Powder Room, Gym, Store Rooms: 1, Steam Room, Lounge or Sitting Room, Laundry Room, Other Rooms","Broadband Internet Access, Satellite or Cable TV Ready, Intercom, Other Business and Communication Facilities","Community Lawn or Garden, Community Swimming Pool, Community Gym, First Aid or Medical Centre, Day Care Centre, Kids Play Area, Barbeque Area, Mosque, Community Centre, Other Community Facilities","Lawn or Garden, Swimming Pool, Sauna, Jacuzzi, Other Healthcare and Recreation Facilities","Nearby Schools, Nearby Hospitals, Nearby Shopping Malls, Nearby Restaurants, Distance From Airport (kms), Nearby Public Transport Service, Other Nearby Places","Maintenance Staff, Security Staff, Facilities for Disabled, Other Facilities",,,
https://www.zameen.com/Property/f_17_telegardens_t_t_echs_2_bedroom_flat_for_sale_f-17_islamabad_all_facility_available_cda_pproved_sector-53232545-12136-1.html,"Telegardens (T&T ECHS), F-17",Flat,PKR58 Lakh,2,3.6 Marla,For Sale,2,2 weeks ago,"F-17, Islamabad, Islamabad Capital",2 BEDROOM FLAT FOR SALE F-17 ISLAMABAD ALL FACILITY AVAILABLE 2 BEDROOM 2 BATHROOM 1 KITCHEN TV LAUNCH GAS ELECTRICITY WATER SUPPLY AVAILABLE FIRST FLOOR LIFT NOT AVAILABLE 800 SQ FT MORE INFORMATION CALL ME BEAUTIFUL LOCATION. ALL FACILITIES AVAILABLE FULL DEVELOPED SECTOR FINAL NOC APPROVED BY CDA CDA APPROVED SECTOR MPCHS F-17 ISLAMABAD ALL SIZE RESIDENTIAL AND COMMERCIAL PLOTS AND HOUSE APARTMENT SHOP AVAILABLE FOR SALE AND RENT FACILITIES IN F-17 FULL GATED SOCIETY BEAUTIFUL LOCATION GAS ELECTRICITY WATER SUPPLY BANK SCHOOL BAKERY MOSQUE SHOPPING MALLS HOSPITALS PARK PLAY GROUND PTCL 5G AVAILABLE 24/7 SECURITY CCTV CAMERA NEW NEAR TO ISLAMABAD INTERNATIONAL AIRPORT 6KM METRO BUS 5KM GT ROAD N5 4KM M-1 M-2 MOTORWAY 2KM WE DEAL IN F-17 F-18 B-17 E-17 E-18 AND ALL CDA SECTOR PLOTS HOUSE APARTMENT SHOP FOR SALE F-17 T&TECHS AND MPCHS MORE INFORMATION CONTACT ZIMRI ASSOCIATES F-17 AND F-18 ISLAMABAD,"Built in year: 2022, Parking Spaces: 1, Lobby in Building, Double Glazed Windows, Central Air Conditioning, Central Heating, Flooring, Electricity Backup, Waste Disposal, Floor: 1, Floors in Building: 4, Elevators: 1, Service Elevators in Building, Other Main Features, Furnished","Bedrooms: 2, Bathrooms: 2, Servant Quarters: 1, Drawing Room, Dining Room, Kitchens: 1, Study Room, Prayer Room, Powder Room, Gym, Store Rooms: 1, Steam Room, Lounge or Sitting Room, Laundry Room, Other Rooms","Broadband Internet Access, Satellite or Cable TV Ready, Business Center or Media Room in Building, Conference Room in Building, Intercom, ATM Machines, Other Business and Communication Facilities","Community Lawn or Garden, Community Swimming Pool, Community Gym, First Aid or Medical Centre, Day Care Centre, Kids Play Area, Barbeque Area, Mosque, Community Centre, Other Community Facilities","Sauna, Jacuzzi, Other Healthcare and Recreation Facilities","Nearby Schools, Nearby Hospitals, Nearby Shopping Malls, Nearby Restaurants, Distance From Airport (kms), Nearby Public Transport Service, Other Nearby Places","Maintenance Staff, Security Staff, Laundry or Dry Cleaning Facility, Communal/Shared Kitchen, Facilities for Disabled, Pets Allowed, Other Facilities",,,
https://www.zameen.com/Property/bahria_garden_city_bahria_garden_city_-_zone_1_2_kanal_luxury_lavish_villa_for_sale-51907593-10605-1.html,"Bahria Garden City - Zone 1, Bahria Garden City",House,PKR19 Crore,6,2 Kanal,For Sale,5,4 days ago,"Bahria Town, Islamabad, Islamabad Capital","- Front & Back Huge Lawn Space - 2 Kanal House For Sale in Bahria Garden City Zone 1 - 5 Bed, 6 Washroom Kitchen & 2 Servant Expansive Hilly Land Built Up Area: 8500 sqft Servant Room Large Garden Space Close to Kids Park and Golf Club View of Golf Park Community Amenities Community Parks Kids Park Golf Club Jogging tracks Cycling tracks International Schools Walking Distance to Mosque 24/7 Security - Feel free to contact us for visit any time - Visit available on single call","Central Air Conditioning, Central Heating, Flooring, Electricity Backup",,"Broadband Internet Access, Satellite or Cable TV Ready",,,"Nearby Schools, Nearby Hospitals, Nearby Shopping Malls, Nearby Restaurants, Distance From Airport (kms), Nearby Public Transport Service, Other Nearby Places","Security Staff, Other Facilities",,,
https://www.zameen.com/Property/dha_defence_dha_defence_phase_2_high_quality_house_with_a_simple_interior_design-51234073-339-1.html,"DHA Defence Phase 2, DHA Defence",House,PKR11.5 Crore,7,1 Kanal,For Sale,6,6 months ago,"DHA Defence, Islamabad, Islamabad Capital","6 Double Unit House At Very Prime Location Close To GT Road Exit Well Connected To Different Boulevards Leading Towards Commercial And Iconic Parks Newly Constructed At A Very Peaceful Location Solid Construction And Beautiful Finishing Excellent Woodwork, Quality Fittings And Stylish Kitchens This House Features 6 Spacious Bedrooms 8 Bathrooms 2 Drawing Rooms 2 Dining Room 2 Stylish Kitchens 2 Living Rooms 2 Servant Room With Attached Bath Parking Space For 3-4 Cars Onyx Homes Realtors & Builders Also Providing Construction & Interior Services","Built in year: 2024, Parking Spaces, Double Glazed Windows, Central Air Conditioning, Central Heating, Flooring, Electricity Backup, Waste Disposal, Floors: 2, Other Main Features, Furnished","Bedrooms: 6, Bathrooms: 8, Servant Quarters: 1, Drawing Room, Dining Room, Kitchens: 1, Study Room, Prayer Room, Powder Room, Gym, Store Rooms: 2, Steam Room, Lounge or Sitting Room, Laundry Room, Other Rooms","Broadband Internet Access, Satellite or Cable TV Ready, Intercom, Other Business and Communication Facilities","Community Lawn or Garden, Community Swimming Pool, Community Gym, First Aid or Medical Centre, Day Care Centre, Kids Play Area, Barbeque Area, Mosque, Community Centre, Other Community Facilities","Lawn or Garden, Swimming Pool, Sauna, Jacuzzi, Other Healthcare and Recreation Facilities","Nearby Schools, Nearby Hospitals, Nearby Shopping Malls, Nearby Restaurants, Distance From Airport (kms), Nearby Public Transport Service, Other Nearby Places","Maintenance Staff, Security Staff, Facilities for Disabled, Other Facilities",,,
https://www.zameen.com/Property/b_17_mpchs_-_multi_gardens_top_quality_1_kanal_designer_house_in_b-17-52977709-3115-1.html,"MPCHS - Multi Gardens, B-17",House,PKR8.5 Crore,7,1 Kanal,For Sale,6,6 months ago,"B-17, Islamabad, Islamabad Capital","High quality 1 kanal designer house with 6 bedrooms At a Prime Location in B-17 Multi Gardens Close to Margalla Avenue Newly constructed at a very peaceful location Solid construction and Beautiful Finishing Excellent Woodwork, Quality Fittings And Stylish kitchens This house features 6 Spacious Bedrooms 7 Luxury Bathrooms 2 Drawing room 2 Kitchens 2 Living rooms 2 Servant room with attached bath Entrance lobby with stairs Parking space for 4,5 cars. For more options and visit please contact us. ONYX HOMES REALTORS & BUILDERS ALSO PROVIDING CONSTRUCTION & INTERIOR SERVICES","Built in year: 2025, Parking Spaces, Double Glazed Windows, Central Air Conditioning, Central Heating, Flooring, Electricity Backup, Waste Disposal, Floors: 2, Other Main Features, Furnished","Bedrooms: 6, Bathrooms: 7, Servant Quarters: 1, Drawing Room, Dining Room, Kitchens: 2, Study Room, Prayer Room, Powder Room, Gym, Store Rooms: 2, Steam Room, Lounge or Sitting Room, Laundry Room, Other Rooms","Broadband Internet Access, Satellite or Cable TV Ready, Intercom, Other Business and Communication Facilities","Community Lawn or Garden, Community Swimming Pool, Community Gym, First Aid or Medical Centre, Day Care Centre, Kids Play Area, Barbeque Area, Mosque, Community Centre, Other Community Facilities","Lawn or Garden, Swimming Pool, Sauna, Jacuzzi, Other Healthcare and Recreation Facilities","Nearby Schools, Nearby Hospitals, Nearby Shopping Malls, Nearby Restaurants, Distance From Airport (kms), Nearby Public Transport Service, Other Nearby Places","Maintenance Staff, Security Staff, Facilities for Disabled, Other Facilities",,,
https://www.zameen.com/Property/dha_defence_dha_defence_phase_2_10_marla_house_near_central_park_market_masjid-53224238-339-1.html,"DHA Defence Phase 2, DHA Defence",House,PKR7.5 Crore,6,10 Marla,For Sale,5,6 months ago,"DHA Defence, Islamabad, Islamabad Capital","10 Marla Beautiful House For Sale In DHA Phase 2 Islamabad Near Central Park , Market &Masjid 5 bedroom 6 Bathroom 2 TV lounge 2 Drawing room 1 servant quarter 2 Kitchen Demand 7.50 Crore For visit contact:","Built in year: 2025, Parking Spaces: 2, Double Glazed Windows, Central Air Conditioning, Flooring, Electricity Backup, Floors: 2","Bedrooms: 5, Bathrooms: 6, Servant Quarters: 1, Drawing Room, Dining Room, Kitchens: 2, Powder Room, Store Rooms: 1, Laundry Room","Broadband Internet Access, Satellite or Cable TV Ready, Intercom","Community Lawn or Garden, Community Swimming Pool, Community Gym, First Aid or Medical Centre, Day Care Centre, Kids Play Area, Barbeque Area, Mosque, Community Centre","Lawn or Garden, Swimming Pool, Sauna, Jacuzzi","Nearby Schools, Nearby Hospitals, Nearby Shopping Malls, Nearby Restaurants, Distance From Airport (kms), Nearby Public Transport Service, Other Nearby Places","Maintenance Staff, Security Staff, Facilities for Disabled, Other Facilities",,,
https://www.zameen.com/Property/top_city_1_top_city_1_-_block_d_brand_new_house_for_sale-53322206-9233-1.html,"Top City 1 - Block D, Top City 1",House,PKR4 Crore,6,10 Marla,For Sale,5,2 weeks ago,"Top City 1, Islamabad, Islamabad Capital",A brand house new for sale 5 bed 2tvl 2dd 2 big car parking tiles flooring beautiful laction near park and main duoble road on first offer ??,"Built in year: 2025, Parking Spaces: 2, Double Glazed Windows, Central Air Conditioning, Central Heating, Flooring, Electricity Backup, Waste Disposal, Floors: 2, Other Main Features, Furnished","Bedrooms: 5, Bathrooms: 6, Servant Quarters: 1, Drawing Room, Dining Room, Kitchens: 2, Study Room, Prayer Room, Powder Room, Gym, Store Rooms: 1, Steam Room, Lounge or Sitting Room, Laundry Room, Other Rooms","Broadband Internet Access, Satellite or Cable TV Ready, Intercom, Other Business and Communication Facilities","Community Lawn or Garden, Community Swimming Pool, Community Gym, First Aid or Medical Centre, Day Care Centre, Kids Play Area, Barbeque Area, Mosque, Community Centre, Other Community Facilities","Lawn or Garden, Swimming Pool, Sauna, Jacuzzi, Other Healthcare and Recreation Facilities","Nearby Schools, Nearby Hospitals, Nearby Shopping Malls, Nearby Restaurants, Distance From Airport (kms), Nearby Public Transport Service, Other Nearby Places","Maintenance Staff, Security Staff, Facilities for Disabled, Other Facilities",,,
https://www.zameen.com/Property/dha_defence_phase_2_dha_phase_2_-_sector_g_beautiful_brand_new_house_available_for_sale_in_dha_phase_2_sector_g-53259874-3202-1.html,"DHA Phase 2 - Sector G, DHA Defence Phase 2",House,PKR9 Crore,6,1 Kanal,For Sale,6,5 months ago,"DHA Defence, Islamabad, Islamabad Capital",Beautiful aligent design brand new house is available for sale in Defence housing authority phase 2 sector G with all facilities ideal location and house is located on wide road direct meeting with owner is possible,Flooring,"Bedrooms: 3, Bathrooms: 3, Kitchens: 1",,,,"Nearby Schools, Nearby Hospitals, Nearby Shopping Malls, Nearby Restaurants, Distance From Airport (kms), Nearby Public Transport Service, Other Nearby Places",,,,
https://www.zameen.com/Property/dha_defence_dha_defence_phase_2_1-bedroom_apartment_for_sale_in_defence_residency_giga_city_ideal_rental_investment-53276806-339-1.html,"DHA Defence Phase 2, DHA Defence",Flat,PKR60 Lakh,1,2.7 Marla,For Sale,1,3 months ago,"DHA Defence, Islamabad, Islamabad Capital","A well-maintained 1-bedroom apartment is available for sale in Defence Residency, Giga City, DHA Phase II Islamabad a project managed by Giga Group, known for its quality construction and strong rental demand. This 602 sq. ft. apartment features a spacious TV lounge, attached washroom, and open view. Sui gas is installed, and elevators are fully operational, ensuring easy access and comfort for residents. Property Details: Size: 602 sq. ft. Accommodation: 1 Bedroom, TV Lounge, Attached Washroom View: Open View Gas: Installed Elevator: Installed Rental Income: Rs. 25,000/month (Non-Furnished) Rs. 45,000/month (Furnished) Why Invest Here: Defence Residency is one of the most in-demand residential projects in DHA Phase II offering high rental returns and excellent resale value. Perfect for small families or investors seeking a secure and consistent rental income. Note: If you are looking to sell your property in Defence Residency or Giga City, Unique Real Estate provides the best platform to help you market and sell your property at the most deserving price.","Built in year: 2024, Parking Spaces: 2, Double Glazed Windows, Flooring, Electricity Backup, Floor: 2, Floors in Building: 4, Elevators, Other Main Features","Bedrooms: 1, Bathrooms: 1, Drawing Room, Kitchens: 1, Store Rooms: 2, Lounge or Sitting Room, Laundry Room, Other Rooms","Broadband Internet Access, Satellite or Cable TV Ready","Community Lawn or Garden, Community Swimming Pool, Community Gym, First Aid or Medical Centre, Day Care Centre, Kids Play Area, Mosque, Community Centre",,"Nearby Schools, Nearby Hospitals, Nearby Shopping Malls, Nearby Restaurants, Distance From Airport (kms), Nearby Public Transport Service, Other Nearby Places","Maintenance Staff, Security Staff, Laundry or Dry Cleaning Facility, Facilities for Disabled, Other Facilities",,,
https://www.zameen.com/Property/al_ghurair_giga_al-ghurair_giga_-_block_16_3-bedroom_apartment_for_sale_in_defence_residency_16_overseas_block_dha_2_islamabad_giga_city-53303924-15120-1.html,"Al-Ghurair Giga - Block 16, Al-Ghurair Giga",Flat,PKR1.5 Crore,3,6 Marla,For Sale,3,4 months ago,"DHA Defence, Islamabad, Islamabad Capital","A beautifully maintained 1350 sqft apartment located in the prime Overseas 16 Block of Defence Residency, DHA Phase 2 Islamabad. This spacious flat offers a perfect combination of comfort, convenience, and modern living. Property Details: Size: 1350 Sqft 3 Bedrooms with attached bathrooms Spacious TV lounge & dining area Modern kitchen with fitted cabinets Private terrace offering open-air sitting space Dedicated car parking 24/7 security & maintenance services Building & Community Features: Swimming pool and gym for residents High-speed elevators Stand-by power backup Gated community with CCTV surveillance Masjid, parks & commercial area nearby Ideal for families or investors looking for a high-rental-value property in a secure and well-developed location. If you want to sell or buy property in DHA 2, contact Unique Real Estate your trusted partner for the best deals in town.","Built in year: 2035, Parking Spaces, Flooring, Electricity Backup, Other Main Features","Bedrooms: 3, Bathrooms: 3, Kitchens: 1, Lounge or Sitting Room, Laundry Room","Broadband Internet Access, Satellite or Cable TV Ready","Community Lawn or Garden, Community Swimming Pool, Community Gym, First Aid or Medical Centre, Kids Play Area, Barbeque Area, Mosque, Community Centre",,"Nearby Schools, Nearby Hospitals, Nearby Shopping Malls, Nearby Restaurants","Maintenance Staff, Security Staff, Laundry or Dry Cleaning Facility, Facilities for Disabled",,,
https://www.zameen.com/Property/dha_defence_phase_2_lignum_tower_luxury_5-bedroom_furnished_apartment_for_sale_lignum_tower_dha_2_islamabad_giga_city-53321936-9913-1.html,"Lignum Tower, DHA Defence Phase 2",Flat,PKR3.5 Crore,5,14.6 Marla,For Sale,5,4 months ago,"DHA Defence, Islamabad, Islamabad Capital","Luxury 5-Bedroom Furnished Apartment for Sale Lignum Tower, DHA 2 Islamabad Experience modern luxury in this beautifully furnished 3200 sqft apartment located in Lignum Tower, Giga City DHA 2 Islamabad. It features 5 spacious bedrooms with designer washrooms, a large living and drawing area, and two balconies with panoramic city views. The modern kitchen comes with premium fittings and an automatic dishwasher. Fully furnished by professional interior designers, every detail reflects elegance and comfort. The building offers 4 high-speed elevators, 24/7 reception and security, and dedicated parking. Demand: 3.5 Crore Rental Income: 3 Lakh per Month A perfect option for luxury living or a high-return investment. If you want to sell your property in DHA or Giga City, Unique Real Estate provides you with the best platform to get the most deserving price.","Built in year: 2012, Parking Spaces, Double Glazed Windows, Central Air Conditioning, Central Heating, Flooring, Electricity Backup, Waste Disposal, Other Main Features, Furnished","Bedrooms: 5, Bathrooms: 5, Servant Quarters: 1, Drawing Room, Dining Room, Kitchens: 1, Study Room, Prayer Room, Powder Room, Gym, Store Rooms: 1, Steam Room, Lounge or Sitting Room, Laundry Room, Other Rooms","Broadband Internet Access, Satellite or Cable TV Ready, Intercom, Other Business and Communication Facilities","Community Lawn or Garden, Community Swimming Pool, Community Gym, First Aid or Medical Centre, Day Care Centre, Kids Play Area, Barbeque Area, Mosque, Community Centre, Other Community Facilities","Sauna, Jacuzzi, Other Healthcare and Recreation Facilities","Nearby Schools, Nearby Hospitals, Nearby Shopping Malls, Nearby Restaurants, Distance From Airport (kms), Nearby Public Transport Service, Other Nearby Places","Maintenance Staff, Security Staff, Facilities for Disabled, Other Facilities",,,
https://www.zameen.com/Property/islamabad_karakoram_diplomatic_enclave_2_bedroom_fully_furnished_apartment_for_sale_in_korakaram_diplomatic_enclave_islamabad-52444348-9063-1.html,"Karakoram Diplomatic Enclave, Islamabad",Flat,PKR8.3 Crore,3,8.9 Marla,For Sale,2,4 months ago,"Karakoram Diplomatic Enclave, Islamabad, Islamabad Capital","Satoon Marketing Offers You a 2 Bedroom Fully Furnished For Sale In Korakaram Diplomatic Enclave Islamabad. Property Features: -2 Bedrooms with Attached Bath -Fully Furnished -Store Room -Kitchen -1 balcony -Reserve Parking -Rented for 1700USD -Including maintenance charges. Karakoram Diplomatic Enclave is a Well Maintained Building. Safe and Best Community to live with, Ideally for Executive/Diplomat/ Foreigners. Looking to buy, sell, or rent properties in -Diplomatic Enclave, -One Consideration Avenue -E-7, F-6, F-7, F-8 Islamabad. -The Centaurus. -Silver Oaks. We have a wide range of units available to suit your needs. For Inquiry and Viewing, Please don't hesitate to call us anytime. Our Team is ready to assist you at any of your convenient time.","Built in year: 2018, Parking Spaces: 1, Lobby in Building, Double Glazed Windows, Central Air Conditioning, Central Heating, Flooring, Electricity Backup, Waste Disposal, Floor, Floors in Building: 11, Elevators: 1, Service Elevators in Building, Other Main Features, Furnished","Bedrooms: 2, Bathrooms: 2.5, Servant Quarters: 1, Drawing Room, Dining Room, Kitchens: 1, Prayer Room, Powder Room, Store Rooms: 1, Steam Room, Lounge or Sitting Room, Laundry Room, Other Rooms","Broadband Internet Access, Satellite or Cable TV Ready, Intercom, Other Business and Communication Facilities","Community Lawn or Garden, Community Swimming Pool, Community Gym, First Aid or Medical Centre, Day Care Centre, Kids Play Area, Barbeque Area, Mosque, Community Centre, Other Community Facilities","Sauna, Jacuzzi, Other Healthcare and Recreation Facilities","Nearby Schools, Nearby Hospitals, Nearby Shopping Malls, Nearby Restaurants, Distance From Airport (kms), Nearby Public Transport Service, Other Nearby Places","Maintenance Staff, Security Staff, Laundry or Dry Cleaning Facility, Facilities for Disabled, Pets Not Allowed, Other Facilities",,,
https://www.zameen.com/Property/islamabad_diplomatic_enclave_2_bedrooms_maid_fully_furnished_for_sale_in_diplomatic_enclave_islamabad-53031126-429-1.html,"Diplomatic Enclave, Islamabad",Flat,PKR8.2 Crore,3,10.2 Marla,For Sale,2,1 month ago,"Diplomatic Enclave, Islamabad, Islamabad Capital","Satoon Marketing Offers You a Well Maintained 2 Bedrooms+ maid Fully Furnished Apartment For Rent in Diplomatic Enclave. One of the Most Highly and Secured Community in Islamabad Property Features: 2 Bed Fully Furnished Apartment Location: Diplomatic Enclave, Islamabad Size: 2000 Square Feet Demand: 8.5 crore Reserved Car Parking Rower Backup Generator 24/7 CCTV Monitoring Restaurant Lobby Play Area for Kids Separate Elevators for Every Block Internet box Installed Maintenance Staff Available 24/7 At Satoon Marketing, whether you are a property owner, tenant or buyer, we value your business and will provide you with the individual attention and service you deserve. We believe in a strict Code of Ethics. We believe in integrity, commitment to excellence, a professional attitude, and personalized care. For Inquiry and Viewing, Please don't hesitate to call us anytime. Our Team is ready to assist you at any of your convenient time.","Built in year: 2018, Parking Spaces: 1, Lobby in Building, Double Glazed Windows, Central Air Conditioning, Central Heating, Flooring, Electricity Backup, Waste Disposal, Floor: 10, Floors in Building: 11, Elevators: 1, Other Main Features, Furnished","Bedrooms: 2, Bathrooms: 3, Servant Quarters: 1, Drawing Room, Dining Room, Kitchens: 1, Study Room, Prayer Room, Powder Room, Store Rooms: 1, Steam Room, Lounge or Sitting Room, Laundry Room, Other Rooms","Broadband Internet Access, Satellite or Cable TV Ready, Business Center or Media Room in Building, Conference Room in Building, Intercom, ATM Machines, Other Business and Communication Facilities","Community Lawn or Garden, Community Swimming Pool, Community Gym, First Aid or Medical Centre, Day Care Centre, Kids Play Area, Barbeque Area, Mosque, Community Centre, Other Community Facilities",Jacuzzi,"Nearby Schools, Nearby Hospitals, Nearby Shopping Malls, Nearby Restaurants, Distance From Airport (kms), Nearby Public Transport Service, Other Nearby Places","Maintenance Staff, Security Staff, Facilities for Disabled, Other Facilities",,,
https://www.zameen.com/Property/g_11_3_the_arch_2_bed_apartments_for_sale_on_the_ground_floor_at_the_arch_offer_required_call_for_any_further_details-53277385-12793-1.html,"The Arch, G-11/3",Flat,PKR2.4 Crore,2,6.9 Marla,For Sale,2,6 months ago,"G-11, Islamabad, Islamabad Capital","Type: 2 Bed Floor: Ground Offer required, call for any further details.","Built in year: 2023, Parking Spaces: 2, Lobby in Building, Double Glazed Windows, Central Air Conditioning, Central Heating, Flooring, Electricity Backup, Waste Disposal, Floor, Floors in Building, Elevators: 2, Service Elevators in Building, Other Main Features, Furnished","Bedrooms: 2, Bathrooms: 2, Servant Quarters: 3, Drawing Room, Dining Room, Kitchens: 1, Study Room, Prayer Room, Powder Room, Gym, Store Rooms: 2, Steam Room, Lounge or Sitting Room, Other Rooms","Broadband Internet Access, Satellite or Cable TV Ready, Intercom, Other Business and Communication Facilities","Community Lawn or Garden, Community Swimming Pool, Community Gym, First Aid or Medical Centre, Day Care Centre, Kids Play Area, Barbeque Area, Mosque, Community Centre, Other Community Facilities","Sauna, Other Healthcare and Recreation Facilities","Nearby Schools, Nearby Hospitals, Nearby Shopping Malls, Nearby Restaurants, Distance From Airport (kms), Nearby Public Transport Service, Other Nearby Places","Maintenance Staff, Security Staff, Other Facilities",,,
https://www.zameen.com/Property/islamabad_g-6_2200_square_feet_spacious_house_is_available_in_g-6_for_sale-51980883-169-1.html,"G-6, Islamabad",House,PKR7.85 Crore,5,9.8 Marla,For Sale,5,1 month ago,"G-6, Islamabad, Islamabad Capital","G-6.5 Bed 2 Drawing Dining 5 Bath 2 Kitchen Double Storey Renovated House Park Phase Cda Transfer Urgent Sale Direct Owner Deal More Options More Details Contact Ch Aftab With a serene neighbourhood, carpeted roads and a location like that of G-6, it is an opportunity that should not be missed. Real estate prices fluctuate really quick so be wise to book your property at PKR Rs. 79500000, as it is the best price on offer considering previous data. Looking for a House? Well, don't search any further, because we've got just the right House unit to fit your bill. Let us help you narrow down popular areas in G-6 to buy a house. If you want to buy this property, then please consider booking it quickly - because our offers (you should know) are as liquid as they come! You will thank yourself later for investing in 2200 Square Feet property that doesn't come by so easily. Following are some of the notable features of this property. A dedicated drawing room makes this house perfect for receiving guests at all times! The spacious lawn in the House is perfect to host parties. You can have all your queries satisfied through the contact information on our page. You can work out at the gym within premises to make up for the physical activity lag created by the urban life. The sitting room in this listing is perfect for informal gatherings. Hosting parties in summers can be a breeze with central air-conditioning that is part of the House. In summers, the community swimming pool can be a blessing for the building residents. Fill the web form and we'll reach out to you as soon as possible.","Built in year: 2021, Parking Spaces: 1, Double Glazed Windows, Central Air Conditioning, Central Heating, Flooring, Electricity Backup, Waste Disposal, Floors, Other Main Features, Furnished","Bedrooms: 3, Bathrooms: 3, Servant Quarters: 1, Drawing Room, Dining Room, Kitchens: 1, Study Room, Prayer Room, Powder Room, Gym, Store Rooms: 1, Steam Room, Lounge or Sitting Room, Laundry Room, Other Rooms","Broadband Internet Access, Satellite or Cable TV Ready, Intercom, Other Business and Communication Facilities","Community Lawn or Garden, Community Swimming Pool, Community Gym, First Aid or Medical Centre, Day Care Centre, Kids Play Area, Barbeque Area, Mosque, Community Centre, Other Community Facilities","Lawn or Garden, Swimming Pool, Sauna, Jacuzzi, Other Healthcare and Recreation Facilities","Nearby Schools, Nearby Hospitals, Nearby Shopping Malls, Nearby Restaurants, Distance From Airport (kms), Nearby Public Transport Service, Other Nearby Places","Maintenance Staff, Security Staff, Facilities for Disabled, Other Facilities",,,
https://www.zameen.com/Property/islamabad_g-6_ideal_2200_square_feet_house_available_in_g-6_islamabad-47016910-169-1.html,"G-6, Islamabad",House,PKR7.95 Crore,4,9.8 Marla,For Sale,4,2 weeks ago,"G-6, Islamabad, Islamabad Capital","G-6 4bed drawing dining 4 bath 2kitchen double story house urgent sale more options available in g/6 Your property search ends right here with this House as it's the best that turned up. If you are looking for lucrative property options for investment, we think this property might just be the right one. You can buy 2200 Square Feet property as an investment. PKR Rs. 65,500,000 is a good asking price for the House so don't delay your decision further. G-6 has many lucrative investment opportunities. Explore all the property you could ask for in G-6. You can read the property features below. Rising temperatures can be detrimental to health but indoors you can stay safe with central air-conditioning that is part of the House. Double glazed windows in the House helps maintain the temperature inside. The expert security staff will remain vigilant round the clock. Differently-abled people will find this House easy to navigate, as it is developed to incorporate their needs. A proper waste management system ensures cleanliness on premises 24/7. You can enjoy winters from the warmth of your home due to central heating in the House. Find out more about the property and others by giving us a call today.","Built in year: 2020, Parking Spaces: 2, Double Glazed Windows, Central Air Conditioning, Central Heating, Flooring, Electricity Backup, Waste Disposal, Floors: 2, Other Main Features, Furnished","Bedrooms: 4, Bathrooms: 5, Servant Quarters: 1, Drawing Room, Dining Room, Kitchens: 1, Study Room, Prayer Room, Powder Room, Gym, Store Rooms: 1, Steam Room, Lounge or Sitting Room, Laundry Room, Other Rooms","Broadband Internet Access, Satellite or Cable TV Ready, Intercom, Other Business and Communication Facilities","Community Lawn or Garden, Community Swimming Pool, Community Gym, First Aid or Medical Centre, Day Care Centre, Kids Play Area, Barbeque Area, Mosque, Community Centre, Other Community Facilities","Lawn or Garden, Swimming Pool, Sauna, Jacuzzi, Other Healthcare and Recreation Facilities","Nearby Schools, Nearby Hospitals, Nearby Shopping Malls, Nearby Restaurants, Distance From Airport (kms), Nearby Public Transport Service, Other Nearby Places","Maintenance Staff, Security Staff, Facilities for Disabled, Other Facilities",,,
https://www.zameen.com/Property/islamabad_faisal_town_-_f-18_8_marla_double_unit_house_available_for_sale_in_faisal_town_f-18_islamabad-52476587-8260-1.html,"Faisal Town - F-18, Islamabad",House,PKR3.3 Crore,6,8 Marla,For Sale,7,4 days ago,"Faisal Town - F-18, Islamabad, Islamabad Capital","8 Marla Double Unit House Available For Sale in Faisal Town F-18 Islamabad. House Size 30*60. Luxury house A+ construction Double Story. Double Unit. Near to masque 7 Bedrooms. 7 Baths. 2 Drawing Dining. 3 Kitchen. Mumty + Washroom. Car Parking Space. Gas, Water Available Water Bore. Double Unit Ideal Location. Reasonable Price. Faisal town F-18 is a Good Society for Residence. Because Neat and Clean. 24 Hours Security. All Basic and Necessary Facilities Available. Interested People Can Contact Easily.","Built in year: 2024, Parking Spaces: 2, Double Glazed Windows, Central Air Conditioning, Central Heating, Flooring, Electricity Backup, Waste Disposal, Floors: 3, Other Main Features, Furnished","Bedrooms: 7, Bathrooms: 7, Servant Quarters, Drawing Room, Dining Room, Kitchens: 3, Study Room, Prayer Room, Powder Room, Gym, Store Rooms, Steam Room, Lounge or Sitting Room, Laundry Room, Other Rooms","Broadband Internet Access, Satellite or Cable TV Ready, Intercom, Other Business and Communication Facilities","Community Lawn or Garden, Community Swimming Pool, Community Gym, First Aid or Medical Centre, Day Care Centre, Kids Play Area, Barbeque Area, Mosque, Community Centre, Other Community Facilities","Lawn or Garden, Swimming Pool, Sauna, Jacuzzi, Other Healthcare and Recreation Facilities","Nearby Schools, Nearby Hospitals, Nearby Shopping Malls, Nearby Restaurants, Distance From Airport (kms), Nearby Public Transport Service, Other Nearby Places","Maintenance Staff, Security Staff, Facilities for Disabled, Other Facilities",,,
https://www.zameen.com/Property/faisal_town_phase_1_faisal_town_phase_1_-_block_a_2_bed_furnished_apartment_available_for_sale_in_block_a_faisal_town_f-18_islamabad-52685334-16416-1.html,"Faisal Town Phase 1 - Block A, Faisal Town Phase 1",Flat,PKR1 Crore,2,4.5 Marla,For Sale,2,4 days ago,"Faisal Town - F-18, Islamabad, Islamabad Capital","2 Bed Furnished Apartment Available For Sale. In Faisal Town F-18 Islamabad. Apartment Size 1015 Sq Ft. 2 Bedrooms. 2 Baths. TV Lounge. Kitchen. Double Road Facing. Rental Value Rs 70,000 Close to Gate Near to Park. Near to Masjid. Near to Markaz. lift Available 4th Flor Near by school Super Nova,Qurtba school And College science School beautiful Mosque kids ply Area,Football ground. Park Faisal Town F-18 is a Good Society for Residence. Because Neat and Clean. 24 Hours Security. All Basic and Necessary Facilities Available. Interested People Can Contact Easily.","Built in year: 2022, Parking Spaces: 1, Lobby in Building, Double Glazed Windows, Central Air Conditioning, Central Heating, Flooring, Waste Disposal, Floor: 4, Floors in Building: 7, Elevators: 1, Service Elevators in Building, Other Main Features, Furnished","Bedrooms: 2, Bathrooms: 2, Drawing Room, Dining Room, Kitchens: 1, Study Room, Prayer Room, Powder Room, Gym, Steam Room, Lounge or Sitting Room, Laundry Room","Broadband Internet Access, Satellite or Cable TV Ready, Business Center or Media Room in Building, Conference Room in Building, Intercom, ATM Machines, Other Business and Communication Facilities","Community Lawn or Garden, Community Swimming Pool, Community Gym, First Aid or Medical Centre, Day Care Centre, Kids Play Area, Barbeque Area, Mosque, Community Centre, Other Community Facilities","Sauna, Jacuzzi, Other Healthcare and Recreation Facilities","Nearby Schools, Nearby Hospitals, Nearby Shopping Malls, Nearby Restaurants, Distance From Airport (kms), Nearby Public Transport Service, Other Nearby Places","Security Staff, Other Facilities",,,
https://www.zameen.com/Property/islamabad_diplomatic_enclave_2_bedrooms_maid_fully_furnished_for_sale_in_diplomatic_enclave_islamabad-52081706-429-1.html,"Diplomatic Enclave, Islamabad",Flat,PKR8.5 Crore,3,10.2 Marla,For Sale,2,5 days ago,"Diplomatic Enclave, Islamabad, Islamabad Capital","Satoon Marketing Offers You a 2 bedrooms +maid All Ensuites For Sale In a Well Maintained Building In diplomatic Enclave Islamabad. -Property Features: - Spacious 2 Bedrooms + maid with attached bath - Store Room - 2 balconies - Equipped Kitchen - Easily Accessible to the lifts, Restaurant, Cafes, Parks, Clinic and Tailors. - Monthly Rental Income 400 lac/ 1350USD right after the purchased with -- minimum 2 years contract. Diplomatic Enclave is One of the Most Secured Communities in Islamabad. Note: We have multiple options. For Inquiry and Viewing, Please Feel Free to Call Us Anytime. Our Team Is Ready To Assist You At Any of Your Convenient Time.","Built in year: 2018, Parking Spaces: 1, Lobby in Building, Flooring, Electricity Backup, Floor: 6, Floors in Building: 2, Elevators: 1, Other Main Features, Furnished","Bedrooms: 2, Bathrooms: 2, Servant Quarters: 1, Drawing Room, Dining Room, Kitchens: 1, Study Room, Store Rooms: 1, Other Rooms","Broadband Internet Access, Satellite or Cable TV Ready, Intercom","Community Lawn or Garden, Community Swimming Pool, Community Gym, First Aid or Medical Centre, Day Care Centre, Kids Play Area, Barbeque Area, Mosque, Community Centre",,"Nearby Schools, Nearby Hospitals, Nearby Shopping Malls, Nearby Restaurants, Distance From Airport (kms), Nearby Public Transport Service, Other Nearby Places","Security Staff, Other Facilities",,,
