Scraped_URL,Real Location,Type,Price,Bath(s),Area,Purpose,Bedroom(s),Added,Location,Description,Amenities: Main Features,Amenities: Rooms,Amenities: Business and Communication,Amenities: Community Features,Amenities: Healthcare Recreational,Amenities: Nearby Locations and Other Facilities,Amenities: Other Facilities,Initial Amount,Monthly Installment,Remaining Installments
https://www.zameen.com/Property/islamabad_e-7_modern_brand-new_swimming_pool_house_is_for_sale-52561985-343-1.html,"E-7, Islamabad",House,PKR75 Crore,7,1.6 Kanal,For Sale,6,2 months ago,"E-7, Islamabad, Islamabad Capital","Chohan HAY Estate Offers: - E-7 Brand New House - Basement, Ground, and Upper Floor - 6 Bedrooms with Modern Attached Bathrooms - Drawing, Dining, and TV Lounge - High-quality Finishes, Enriching Interiors, and Family Rooms with Walk-in Closets - Elegant Modern Kitchens with Quartz Countertops, Cabinetry, and Appliances (Refrigerator, Garbage Disposal, Microwave) - Luxurious Bathrooms with Roman Showers, Separate Shower Cabins, Vanities, and Premium Fixtures - Enjoyable Swimming Pool - Elevator Lift - Ceiling Roof - Flooring with Imported Tiles - Outdoor Lawn - Servant Quarters - Parking Area - Rooftop - Views of Margalla Hills and Sunset - Serene and Highly Secure Living Environment - An Outstanding Opportunity: Seize It Without Delay For Further Details and Additional Choices, Feel Free to Contact the Provided Numbers or Visit Chohan HAY Estate.","Built in year: 2025, Parking Spaces, Double Glazed Windows, Central Air Conditioning, Central Heating, Flooring, Electricity Backup, Waste Disposal, Floors: 2, Other Main Features, Furnished","Bedrooms: 6, Bathrooms: 7, Servant Quarters, Drawing Room, Dining Room, Kitchens, Study Room, Prayer Room, Powder Room, Gym, Store Rooms, Lounge or Sitting Room, Laundry Room, Other Rooms","Broadband Internet Access, Satellite or Cable TV Ready, Intercom, Other Business and Communication Facilities","Community Lawn or Garden, Community Swimming Pool, Community Gym, First Aid or Medical Centre, Day Care Centre, Kids Play Area, Barbeque Area, Mosque, Community Centre, Other Community Facilities","Lawn or Garden, Swimming Pool, Sauna, Jacuzzi, Other Healthcare and Recreation Facilities","Nearby Schools, Nearby Hospitals, Nearby Shopping Malls, Nearby Restaurants, Distance From Airport (kms), Nearby Public Transport Service, Other Nearby Places","Maintenance Staff, Security Staff, Facilities for Disabled, Other Facilities",,,
https://www.zameen.com/Property/d_12_d-12_4_d-12_4_brand_new_designer_house_for_sale-52661763-3157-1.html,"D-12/4, D-12",House,PKR4.4 Crore,4,4.4 Marla,For Sale,4,5 days ago,"D-12, Islamabad, Islamabad Capital","Details: D-12/4 Size 25*40.4. 4 Marla Price 4.40 Cr Investor Rate Accommodations and Facilities: 4 Beds with Attached Baths TV Lounge kitchen Servant Quarter Car Parking Electric Meters Water Boring Solid Construction, Best Quality windows, Wooden Doors, Stylish Roof Selling, Best Sanitary work etc Top location , VIP Area, Near Family Park, Markaz, Masjid, Service Road and many more. Neat and Clean Environment. Best Option for Living For More Information, Please Contact. Note: Our Special Sectors: D-12, E-12, E-11 and C-14,15,16 We are Dealing in all types of Properties. Residential/Commercial in all CDA Sectors THANKS To Connecting Us","Built in year: 2025, Parking Spaces, Double Glazed Windows, Central Air Conditioning, Central Heating, Flooring, Electricity Backup, Waste Disposal, Floors: 2, Other Main Features","Bedrooms: 4, Bathrooms: 4, Servant Quarters, Drawing Room, Dining Room, Kitchens: 1, Study Room, Prayer Room, Powder Room, Gym, Store Rooms, Steam Room, Lounge or Sitting Room, Laundry Room, Other Rooms","Broadband Internet Access, Satellite or Cable TV Ready, Intercom, Other Business and Communication Facilities","Community Lawn or Garden, Community Swimming Pool, Community Gym, First Aid or Medical Centre, Day Care Centre, Kids Play Area, Barbeque Area, Mosque, Community Centre, Other Community Facilities","Lawn or Garden, Swimming Pool, Sauna, Jacuzzi, Other Healthcare and Recreation Facilities","Nearby Schools, Nearby Hospitals, Nearby Shopping Malls, Nearby Restaurants, Distance From Airport (kms), Nearby Public Transport Service, Other Nearby Places","Maintenance Staff, Security Staff, Facilities for Disabled, Other Facilities",,,
https://www.zameen.com/Property/mpchs_multi_gardens_mpchs_-_block_f_b_17_f_block_designer_house_25x50_for_sale-53334961-8527-1.html,"MPCHS - Block F, MPCHS - Multi Gardens",House,PKR2.25 Crore,5,5 Marla,For Sale,4,1 month ago,"B-17, Islamabad, Islamabad Capital","""Luxury 5 Marla Designer House in F Block, B-17"" ""Elegant Designer Double Unit 5 Marla, F Block B-17""","Built in year: 2021, Parking Spaces: 2, Flooring, Electricity Backup, Waste Disposal, Floors: 2","Bedrooms: 4, Bathrooms: 5, Servant Quarters: 1, Drawing Room, Dining Room, Kitchens: 2, Study Room, Prayer Room, Powder Room, Store Rooms: 1, Lounge or Sitting Room, Laundry Room",,"Community Lawn or Garden, Community Gym, First Aid or Medical Centre, Day Care Centre, Kids Play Area, Barbeque Area, Mosque",Lawn or Garden,"Nearby Schools, Nearby Hospitals, Nearby Shopping Malls, Nearby Restaurants, Distance From Airport (kms), Nearby Public Transport Service","Maintenance Staff, Security Staff, Facilities for Disabled",,,
https://www.zameen.com/Property/islamabad_bani_gala_beautiful_brand_new_house-53335025-340-1.html,"Bani Gala, Islamabad",House,PKR1.38 Crore,4,5 Marla,For Sale,3,3 months ago,"Bani Gala, Islamabad, Islamabad Capital",5 Marla Semi Double 3 Bedrooms 4 Baths Drawing Tv Lounge Kitchen Mumty Laundry Car Parking,"Built in year: 2021, Parking Spaces: 1, Double Glazed Windows, Central Air Conditioning, Central Heating, Flooring, Electricity Backup, Waste Disposal, Floors: 2, Other Main Features","Bedrooms: 3, Bathrooms: 4, Servant Quarters: 1, Drawing Room, Dining Room, Kitchens: 1, Study Room, Prayer Room, Powder Room, Gym, Store Rooms: 1, Steam Room, Lounge or Sitting Room, Laundry Room, Other Rooms","Broadband Internet Access, Satellite or Cable TV Ready, Intercom, Other Business and Communication Facilities","Community Lawn or Garden, Community Swimming Pool, Community Gym, First Aid or Medical Centre, Day Care Centre, Kids Play Area, Barbeque Area, Mosque, Community Centre, Other Community Facilities","Lawn or Garden, Sauna, Jacuzzi, Other Healthcare and Recreation Facilities","Nearby Schools, Nearby Hospitals, Nearby Shopping Malls, Nearby Restaurants, Distance From Airport (kms), Nearby Public Transport Service, Other Nearby Places","Maintenance Staff, Security Staff, Facilities for Disabled, Other Facilities",,,
https://www.zameen.com/Property/islamabad_mumtaz_city_luxury_apartments_in_mumtaz_city_below_market_rates_2-year_installments-52023810-3464-1.html,"Mumtaz City, Islamabad",Flat,PKR2.4 Crore,3,7.1 Marla,For Sale,3,3 days ago,"Mumtaz City, Islamabad, Islamabad Capital","Luxury Apartments in Mumtaz City, Islamabad Best Time to Invest Below Market Rates! Apartment Options: 2-Bedroom Apartments: Sizes: 1,172 sqft to 2,200 sqft 3-Bedroom Apartments: Sizes: 1,600 sqft to 2,560 sqft 4-Bedroom Apartments: Size: 3,000 sqft Why Invest Now? Below Market Rates Exceptional Value for Money Flexible Payment Plan Pay in Easy 2-Year Installments Developed by Renowned Builders with a Proven Track Record Located in Mumtaz City, Islamabad A Prime and Well-Connected Location High Investment Potential Ideal for Families and Investors Unmatched Amenities: 5-Star Lifestyle with Amenities, Including: State-of-the-Art Gym Infinity Swimming Pool Kids Play Area Jogging Tracks Multi-Purpose Community Hall High-Speed Elevators 24/7 Security and Surveillance Backup Power System Servant Rooms and Reserved Parking Payment Plan: 30% Down Payment 2 Years Easy Installments 10% on Possession Ready to View: Structure Completed Contact Us Today! Schedule your visit to the model apartment and secure your unit at the best rate. Limited Units Available Act Now!","Built in year, Parking Spaces, Lobby in Building, Double Glazed Windows, Central Air Conditioning, Central Heating, Flooring, Electricity Backup, Waste Disposal, Floor, Floors in Building, Elevators, Service Elevators in Building, Other Main Features, Furnished","Bedrooms: 4, Bathrooms: 4, Servant Quarters, Drawing Room, Dining Room, Kitchens, Study Room, Prayer Room, Powder Room, Gym, Store Rooms, Steam Room, Lounge or Sitting Room, Laundry Room, Other Rooms","Broadband Internet Access, Satellite or Cable TV Ready, Business Center or Media Room in Building, Conference Room in Building, Intercom, ATM Machines, Other Business and Communication Facilities","Community Lawn or Garden, Community Swimming Pool, Community Gym, First Aid or Medical Centre, Day Care Centre, Kids Play Area, Barbeque Area, Mosque, Community Centre, Other Community Facilities","Sauna, Jacuzzi, Other Healthcare and Recreation Facilities","Nearby Schools, Nearby Hospitals, Nearby Shopping Malls, Nearby Restaurants, Distance From Airport (kms), Nearby Public Transport Service, Other Nearby Places","Maintenance Staff, Security Staff, Laundry or Dry Cleaning Facility, Communal/Shared Kitchen, Facilities for Disabled, Pets Not Allowed, Other Facilities",,,
https://www.zameen.com/Property/islamabad_park_view_city_luxury_awaits_you_in_park_view_city_islamabad-52160089-10933-1.html,"Park View City, Islamabad",House,PKR3.5 Crore,4,5 Marla,For Sale,4,3 days ago,"Park View City, Islamabad, Islamabad Capital","Luxury Awaits You In Park View City, Islamabad! Own Your Dream Property Today Apartments, Bungalows, &Amp; Premium Plots! Why Park View City? Prime Location: Nestled Near The Diplomatic Enclave &Amp; Islamabad Highway. Unmatched Security: Gated Community With 24/7 Surveillance. World-Class Amenities: Parks, Schools, Mosques, Shopping Centers, And Healthcare Facilities. CDA-Approved: Legally Secure Investments With A Visionary Master Plan. Properties Available: Luxury Apartments Modern Designs With Panoramic Views. Ideal For Urban Living With Premium Finishes. Exclusive Bungalows Spacious Layouts, Private Gardens, And Bespoke Architecture. Perfect For Families Seeking Elegance And Privacy. Commercial Plots High-Footfall Zones For Thriving Businesses. Invest In Islamabads Next Commercial Hotspot! Residential Plots Customize Your Dream Home In A Serene, Green Environment. Available In Multiple Sizes To Suit Your Vision. Limited-Time Offers Flexible Payment Plans | Early-Bird Discounts | Zero Hidden Charges Act Now Limited Inventory!","Built in year, Parking Spaces, Double Glazed Windows, Central Air Conditioning, Central Heating, Flooring, Electricity Backup, Waste Disposal, Floors, Other Main Features, Furnished","Bedrooms: 4, Bathrooms: 4, Servant Quarters, Drawing Room, Dining Room, Kitchens, Study Room, Prayer Room, Powder Room, Gym, Store Rooms, Steam Room, Lounge or Sitting Room, Laundry Room, Other Rooms","Broadband Internet Access, Satellite or Cable TV Ready, Intercom, Other Business and Communication Facilities","Community Lawn or Garden, Community Swimming Pool, Community Gym, First Aid or Medical Centre, Day Care Centre, Kids Play Area, Barbeque Area, Mosque, Community Centre, Other Community Facilities","Lawn or Garden, Swimming Pool, Sauna, Jacuzzi, Other Healthcare and Recreation Facilities","Nearby Schools, Nearby Hospitals, Nearby Shopping Malls, Nearby Restaurants, Distance From Airport (kms), Nearby Public Transport Service, Other Nearby Places","Maintenance Staff, Security Staff, Facilities for Disabled, Other Facilities",,,
https://www.zameen.com/Property/islamabad_top_city_1_studio_apartment_for_sale_in_top_city_1_islamabad-53212293-1383-1.html,"Top City 1, Islamabad",Flat,PKR29 Lakh,-,1 Marla,For Sale,-,4 months ago,"Top City 1, Islamabad, Islamabad Capital",studio apartment for sale in top city 1 Islamabad open kitchen attach bath Room 232 square feet 15k rent out,"Lobby in Building, Double Glazed Windows, Central Air Conditioning, Central Heating, Waste Disposal, Service Elevators in Building, Furnished","Drawing Room, Dining Room, Study Room, Prayer Room, Powder Room, Gym, Steam Room, Lounge or Sitting Room, Laundry Room","Broadband Internet Access, Satellite or Cable TV Ready, Business Center or Media Room in Building, Conference Room in Building, Intercom, ATM Machines","Community Lawn or Garden, First Aid or Medical Centre, Day Care Centre, Kids Play Area, Barbeque Area, Mosque, Community Centre","Sauna, Jacuzzi","Nearby Schools, Nearby Hospitals, Nearby Shopping Malls, Nearby Restaurants, Distance From Airport (kms), Nearby Public Transport Service, Other Nearby Places","Security Staff, Other Facilities",,,
https://www.zameen.com/Property/bahria_enclave_bahria_enclave_-_sector_c1_2_bed_apartment_for_sale_beautiful_location_in_sector_c1_bahria_enclave_islamabad-45806634-11987-1.html,"Bahria Enclave - Sector C1, Bahria Enclave",Flat,PKR1.05 Crore,2,4.7 Marla,For Sale,2,19 hours ago,"Bahria Town, Islamabad, Islamabad Capital",2 Bed Apartment With Attached Washrooms Size 1050 Sq Feet Margalla Face Tv Lounge Balcony 1 Kitchen Call Us For More Details.,"Built in year: 2023, Parking Spaces: 2, Lobby in Building, Double Glazed Windows, Central Air Conditioning, Central Heating, Flooring, Electricity Backup, Waste Disposal, Floor: 2, Floors in Building: 5, Elevators: 1, Service Elevators in Building, Other Main Features, Furnished","Bedrooms: 2, Bathrooms: 2, Servant Quarters: 1, Drawing Room, Dining Room, Kitchens: 1, Study Room, Prayer Room, Powder Room, Gym, Store Rooms: 1, Steam Room, Lounge or Sitting Room, Laundry Room, Other Rooms","Broadband Internet Access, Satellite or Cable TV Ready, Business Center or Media Room in Building, Conference Room in Building, Intercom, ATM Machines, Other Business and Communication Facilities","Community Lawn or Garden, Community Swimming Pool, Community Gym, First Aid or Medical Centre, Day Care Centre, Kids Play Area, Barbeque Area, Mosque, Community Centre, Other Community Facilities","Sauna, Jacuzzi, Other Healthcare and Recreation Facilities","Nearby Schools, Nearby Hospitals, Nearby Shopping Malls, Nearby Restaurants, Distance From Airport (kms), Nearby Public Transport Service, Other Nearby Places","Maintenance Staff, Security Staff, Facilities for Disabled, Pets Allowed, Other Facilities",,,
https://www.zameen.com/Property/islamabad_g-13_g-13_1_kanal_50x90_luxury_house_available-53346225-330-1.html,"G-13, Islamabad",House,PKR16 Crore,7,1 Kanal,For Sale,6,3 months ago,"G-13, Islamabad, Islamabad Capital","Tri star marketing Brand New House For Sale Located At Prime Location Of G-13 Islamabad Size (50x90 ) 1 Kanal about The Property: 6 Bedrooms 7 Washrooms 2 Drawing Room 2 Kitchens 2 Tv Lounge Car Parking Tile Flooring 1 Double Unit House Ideal Locality Electricity & Gas Meters Are Available Water Boring Running & Also Water Supply Facility Available All Facilities Are Available Which Is The Need Of Living Near To Main Double Road And Kashmir Highway Near To School, college, market, masjid public Transport, hospitals And Etc. Located In One Of The Best Locations Of G-13 Islamabad just Call Us For Visit. . . -----------------------------------------------------------------------------------------","Double Glazed Windows, Central Air Conditioning, Central Heating, Waste Disposal","Drawing Room, Dining Room, Study Room, Prayer Room, Powder Room, Gym, Steam Room, Lounge or Sitting Room, Laundry Room","Broadband Internet Access, Satellite or Cable TV Ready, Intercom","Community Swimming Pool, Community Gym, First Aid or Medical Centre, Day Care Centre, Kids Play Area, Barbeque Area, Mosque, Community Centre","Lawn or Garden, Swimming Pool, Sauna, Jacuzzi",,,,,
https://www.zameen.com/Property/top_city_1_top_city_1_-_block_a_a_block_10_marla_brand_new_house_for_sale-52836036-9231-1.html,"Top City 1 - Block A, Top City 1",House,PKR4.6 Crore,6,10 Marla,For Sale,5,4 days ago,"Top City 1, Islamabad, Islamabad Capital","A Block 10 Marla House for Sale 10 Marla House for Sale Elegant & Spacious Living Discover this beautifully designed 10 Marla house, offering a perfect blend of elegance and modern comfort. Located in a prime residential area, this home is ideal for families looking for luxury, space, and a peaceful environment. Property Features: Classic Architectural Design with premium finishing Spacious Bedrooms with attached modern bathrooms Grand Drawing & Dining Room for formal gatherings Stylish TV Lounge for comfortable family time Modern Kitchen with high-quality fittings Beautiful Lawn & Terrace for a refreshing outdoor experience Car Parking Space for multiple vehicles Secure & Peaceful Neighborhood with all essential amenities","Built in year: 2025, Parking Spaces: 2, Double Glazed Windows, Flooring, Floors: 2","Bedrooms: 5, Bathrooms: 6, Servant Quarters: 1, Drawing Room, Dining Room, Kitchens: 2, Study Room, Prayer Room, Powder Room, Store Rooms: 1, Lounge or Sitting Room",,"Community Lawn or Garden, Community Gym, First Aid or Medical Centre, Day Care Centre, Kids Play Area, Mosque, Community Centre",Lawn or Garden,"Nearby Schools, Nearby Restaurants, Nearby Public Transport Service","Maintenance Staff, Security Staff, Facilities for Disabled",,,
https://www.zameen.com/Property/islamabad_top_city_1_10_marla_brand_new_house_for_sale-52995042-1383-1.html,"Top City 1, Islamabad",House,PKR4.15 Crore,6,10 Marla,For Sale,5,2 weeks ago,"Top City 1, Islamabad, Islamabad Capital","Top City D Block Beautiful 10 Marla house available for sale near Motorway, Kashmir Highway, and Islamabad Airport. The house offers modern construction, spacious bedrooms with attached baths, stylish kitchen, wide car porch, and elegant interiors. Perfect choice for comfortable family living and a secure investment.","Built in year: 2025, Parking Spaces: 2, Double Glazed Windows, Central Air Conditioning, Central Heating, Flooring, Electricity Backup, Waste Disposal, Floors: 2, Other Main Features, Furnished","Bedrooms: 5, Bathrooms: 6, Servant Quarters: 1, Drawing Room, Dining Room, Kitchens: 2, Study Room, Prayer Room, Powder Room, Gym, Store Rooms: 1, Steam Room, Lounge or Sitting Room, Laundry Room, Other Rooms","Broadband Internet Access, Satellite or Cable TV Ready, Intercom, Other Business and Communication Facilities","Community Lawn or Garden, Community Swimming Pool, Community Gym, First Aid or Medical Centre, Day Care Centre, Kids Play Area, Barbeque Area, Mosque, Community Centre, Other Community Facilities","Lawn or Garden, Swimming Pool, Sauna, Jacuzzi, Other Healthcare and Recreation Facilities","Nearby Schools, Nearby Hospitals, Nearby Shopping Malls, Nearby Restaurants, Distance From Airport (kms), Nearby Public Transport Service, Other Nearby Places","Maintenance Staff, Security Staff, Facilities for Disabled, Other Facilities",,,
https://www.zameen.com/Property/islamabad_islamabad_expressway_flat_in_executive_suites_on_easy_instalments-50471206-9014-1.html,"Islamabad Expressway, Islamabad",Flat,PKR1.02 Crore,1,1.8 Marla,For Sale,-,3 days ago,"Islamabad Expressway, Islamabad, Islamabad Capital","Designed on the live, work, shop play philosophy The IMARAT Downtown is home to excellent business, leisure and wellness facilities Endless Exciting opportunities","Built in year: 2020, Parking Spaces, Double Glazed Windows, Central Air Conditioning, Central Heating, Flooring, Electricity Backup, Waste Disposal, Floor, Floors in Building: 17, Elevators, Service Elevators in Building, Other Main Features","Bedrooms: 6, Bathrooms: 6, Servant Quarters: 1, Drawing Room, Dining Room, Kitchens: 2, Study Room, Prayer Room, Powder Room, Store Rooms: 1, Lounge or Sitting Room, Laundry Room, Other Rooms","Broadband Internet Access, Satellite or Cable TV Ready, Business Center or Media Room in Building, Conference Room in Building, Intercom, ATM Machines, Other Business and Communication Facilities","Community Lawn or Garden, Community Swimming Pool, Community Gym, First Aid or Medical Centre, Day Care Centre, Kids Play Area, Barbeque Area, Mosque, Community Centre, Other Community Facilities","Sauna, Jacuzzi, Other Healthcare and Recreation Facilities","Nearby Schools, Nearby Hospitals, Nearby Shopping Malls, Nearby Restaurants, Distance From Airport (kms), Nearby Public Transport Service, Other Nearby Places","Maintenance Staff, Security Staff, Other Facilities",PKR25.5 Lakh,PKR4.78 Lakh,16 Months
https://www.zameen.com/Property/islamabad_f-11_prime_location_house_for_sale_in_f11-49329741-163-1.html,"F-11, Islamabad",House,PKR19.5 Crore,6,1.3 Kanal,For Sale,8,3 months ago,"F-11, Islamabad, Islamabad Capital",Beautiful House For Sale In F11 Prime Location Consists Of 8 Bedrooms With Attach Bath Dining And Drawing In Each Floor 2 Servant Quarters 6 To 8 Cars Parking 2 Main Gate Cda Transfer Demand 19.5 Cr,"Built in year: 2020, Parking Spaces, Double Glazed Windows, Central Air Conditioning, Central Heating, Flooring, Electricity Backup, Waste Disposal, Floors, Other Main Features",,Other Business and Communication Facilities,"Mosque, Other Community Facilities",Other Healthcare and Recreation Facilities,"Nearby Schools, Nearby Hospitals, Nearby Shopping Malls, Nearby Restaurants, Distance From Airport (kms), Nearby Public Transport Service, Other Nearby Places","Security Staff, Other Facilities",,,
https://www.zameen.com/Property/islamabad_f-11_brand_new_house_for_sale-46798600-163-1.html,"F-11, Islamabad",House,PKR25 Crore,6,1.3 Kanal,For Sale,10,3 months ago,"F-11, Islamabad, Islamabad Capital","a brand new,beautiful house for sale in f11 on a reasonable price triple story 10 bedroom with bathrooms three side corner 666 sq yard demand 25 cr","Built in year: 2020, Parking Spaces, Double Glazed Windows, Central Air Conditioning, Central Heating, Flooring, Electricity Backup, Waste Disposal, Floors, Other Main Features, Furnished","Bedrooms: 2, Bathrooms: 2, Servant Quarters: 1, Drawing Room, Dining Room, Kitchens: 1, Study Room, Prayer Room, Powder Room, Gym, Store Rooms: 1, Steam Room, Lounge or Sitting Room, Laundry Room, Other Rooms","Broadband Internet Access, Satellite or Cable TV Ready, Intercom, Other Business and Communication Facilities","Community Lawn or Garden, Community Swimming Pool, Community Gym, First Aid or Medical Centre, Day Care Centre, Kids Play Area, Barbeque Area, Mosque, Community Centre, Other Community Facilities","Sauna, Jacuzzi, Other Healthcare and Recreation Facilities","Nearby Schools, Nearby Hospitals, Nearby Shopping Malls, Nearby Restaurants, Distance From Airport (kms), Nearby Public Transport Service, Other Nearby Places","Maintenance Staff, Security Staff, Facilities for Disabled, Other Facilities",,,
https://www.zameen.com/Property/islamabad_f-11_beautiful_house_for_sale-46798413-163-1.html,"F-11, Islamabad",House,PKR15.5 Crore,6,1 Kanal,For Sale,6,3 months ago,"F-11, Islamabad, Islamabad Capital",a beautiful house for sale in f11 /4 size 50 90 (500 sq yard) margalla facing consists of 5 bedrooms with bathroom,"Built in year: 2023, Parking Spaces, Double Glazed Windows, Central Air Conditioning, Central Heating, Flooring, Electricity Backup, Waste Disposal, Floors, Other Main Features, Furnished","Bedrooms: 2, Bathrooms: 2, Servant Quarters: 1, Drawing Room, Dining Room, Kitchens: 1, Study Room, Prayer Room, Powder Room, Gym, Store Rooms: 1, Steam Room, Lounge or Sitting Room, Laundry Room, Other Rooms","Broadband Internet Access, Satellite or Cable TV Ready, Intercom, Other Business and Communication Facilities","Community Lawn or Garden, Community Swimming Pool, Community Gym, First Aid or Medical Centre, Day Care Centre, Kids Play Area, Barbeque Area, Mosque, Community Centre, Other Community Facilities","Lawn or Garden, Sauna, Jacuzzi, Other Healthcare and Recreation Facilities","Nearby Schools, Nearby Hospitals, Nearby Shopping Malls, Nearby Restaurants, Distance From Airport (kms), Nearby Public Transport Service, Other Nearby Places","Maintenance Staff, Security Staff, Facilities for Disabled, Other Facilities",,,
https://www.zameen.com/Property/f_11_f-11_2_800_sq_yards_house_for_sale_in_f-11-43393490-3283-1.html,"F-11/2, F-11",House,PKR24 Crore,10,1.6 Kanal,For Sale,11,3 months ago,"F-11, Islamabad, Islamabad Capital","800 Sq yard (60 x 120), F-11/2 Residential House House is having open front. 2 separate gates on the front of the house. The beautiful house is divided into 3 Different Separate Sets, which can be easily rented out separately if required by the owner. House covered area is approximately 9,500 Sq Ft. with 12 Bedrooms and 12 attached washroom and 2 independent Momties on the Top of the House. Best wood work, Full marble flooring and luxury fitting. An excellent opportunity for investment at this point in time. Golden chance for 3 three brothers to live side by side. Property is situated in the Heart of Islamabad F 11. It s on a very prime location. 800 Sq yard property is rare in F 11 especially the one with good view, Open front Park view different playing grounds and near to valuable Commercial area. The house is just 3 minutes walking distance from Commercial Area and 3 minutes walking distance from main Margalla Road Islamabad. Everything about this house is attractive, from its Strategic location to its Aesthetic Design, all of these factors are crucial for the overall appeal of the house. 1) 12 Bedrooms (6 3 3) which can be divided into 3 different portions (if the owner wants). 2) 12 Washrooms with state of the art imported fitting and Spanish as well as Egyptian tiles. 3) 2 different Momties on the top of the house with BBQ arrangement on the roof top. 4) 3 separate Dining room and 3 beautiful TV lounges for three different portion. 5) Wood work at its best, in room as well as in the kitchen. Solid wooden doors. 6) 3 beautiful separate kitchens designed in each portion - Inter wood design with imported kitchen fittings. 7) Beautiful White Marble Flooring, in the front portion, which adds a nice touch to the overall structure and beautification of the house. 8) The house is equipped with Central Heating Fitting in all rooms. 9)Cameras are installed around the house for Security of the house, along with beautiful Steel grill on all the windows. 10) 2 Car porches with approximately 12 to 15 Cars parking area inside the house. 11) 3 different lush green lawns with different seasonal flowers, giving the entrance of the house a very nice look. 12) Separate servant quarter on the backside of the roof top with attached washroom. 13) 4 Electric meters and 4 Sui Gas meters which can really reduce the monthly Electric & Gas bills. 14) Property is situated in one of Islamabad's most posh area, the house is close to shopping complexes having number of shops ranging from jewelers, mobiles, books, electronics, gift shops, boutiques and banks, as well as a few famous restaurants like Dunkin Donuts, Mac Donald, Tahzeeb Bakery, Pizza Hut, Bareeza, Traditions, Sana Safinaz etc . For recreational purposes, the popular tourist spots Pir Sohawa and Daman-e-Koh are at a few minutes distance. Equipped with reliable water, electricity, and gas connection, it is an ideal location for living. A number of known schools are also located in the vicinity i. e. Beacon House, Supernova etc. A few mosques are also at a convenient distance. In close proximity of the vast grounds of Fatima Jinnah Park, and with a backdrop of the beautiful Margalla Hills, this property is a beautiful home. Overall, the area exudes a sense of organized planning and disciplined construction, thus making it an excellent place to live in with your family. So in order to avail this incredible opportunity.","Double Glazed Windows, Central Air Conditioning, Central Heating, Flooring, Electricity Backup, Waste Disposal","Bedrooms: 12, Bathrooms: 12, Servant Quarters: 1, Drawing Room, Dining Room, Kitchens: 2, Prayer Room, Powder Room, Gym, Store Rooms, Steam Room, Lounge or Sitting Room, Laundry Room","Broadband Internet Access, Satellite or Cable TV Ready, Intercom","Community Lawn or Garden, Community Swimming Pool, Community Gym, First Aid or Medical Centre, Day Care Centre, Kids Play Area, Barbeque Area, Mosque, Community Centre",Lawn or Garden,"Nearby Schools, Nearby Hospitals, Nearby Shopping Malls, Nearby Restaurants, Distance From Airport (kms), Nearby Public Transport Service","Maintenance Staff, Security Staff, Facilities for Disabled",,,
https://www.zameen.com/Property/islamabad_f-11_extra_land_house_for_sale-49350647-163-1.html,"F-11, Islamabad",House,PKR25 Crore,-,1.3 Kanal,For Sale,9,3 months ago,"F-11, Islamabad, Islamabad Capital",A Beautiful House For Sale In F11 With Extra land Of 2 Kanal Triple Story House Sun Facing House 666 Sq Yard (60100) Cda Transfer Single Owner Demand 25 Crore,"Built in year: 2024, Parking Spaces: 5, Double Glazed Windows, Central Air Conditioning, Central Heating, Flooring, Waste Disposal","Bedrooms: 9, Bathrooms: 10, Servant Quarters: 2, Drawing Room, Dining Room, Kitchens: 2, Powder Room, Store Rooms: 2, Lounge or Sitting Room, Laundry Room","Broadband Internet Access, Satellite or Cable TV Ready, Intercom","Community Lawn or Garden, Kids Play Area, Barbeque Area, Mosque",,,,,,
https://www.zameen.com/Property/islamabad_f-11_triple_storey_house_for_sale-49362017-163-1.html,"F-11, Islamabad",House,PKR25.5 Crore,-,1.6 Kanal,For Sale,-,3 months ago,"F-11, Islamabad, Islamabad Capital",triple story House for sale in f11 prime location Corner House 10 bedroom with bathroom 3 drawing and dinning room 2 servant quarters 2 main gates CDA transfer image are just for reference,"Built in year: 2024, Parking Spaces: 5, Double Glazed Windows, Central Air Conditioning, Central Heating, Flooring, Electricity Backup, Waste Disposal, Floors: 2, Other Main Features, Furnished","Bedrooms: 10, Bathrooms: 10, Servant Quarters: 2, Drawing Room, Dining Room, Kitchens: 3, Prayer Room, Powder Room, Store Rooms: 2, Steam Room, Lounge or Sitting Room, Laundry Room","Broadband Internet Access, Satellite or Cable TV Ready, Intercom","Community Lawn or Garden, Kids Play Area, Community Centre",Lawn or Garden,"Nearby Schools, Nearby Hospitals, Nearby Shopping Malls, Nearby Restaurants, Distance From Airport (kms), Nearby Public Transport Service, Other Nearby Places","Security Staff, Other Facilities",,,
https://www.zameen.com/Property/islamabad_f-11_magnificent_6-bed_residence_in_prime_f-11_location_-_cda_transfer-49707459-163-1.html,"F-11, Islamabad",House,PKR17 Crore,6,1.3 Kanal,For Sale,6,3 months ago,"F-11, Islamabad, Islamabad Capital","Step into opulence with this exquisite 6-bedroom, 6-bathroom residence nestled in the exclusive F-11 sector. Featuring 2 dining areas, 2 TV lounges, and 2 kitchens, this home offers unparalleled comfort and functionality. Boasting a prime location and CDA transfer, this property is a testament to refined living. Priced at 17 crores, this leviable house is an embodiment of sophistication. Explore luxury living at its finest - contact us now to schedule a viewing and discover more exclusive options in the coveted F-sectors.","Built in year: 2023, Parking Spaces: 3, Double Glazed Windows, Central Air Conditioning, Central Heating, Flooring, Electricity Backup, Waste Disposal, Floors: 2, Other Main Features, Furnished","Bedrooms: 6, Bathrooms: 6, Servant Quarters: 1, Drawing Room, Dining Room, Kitchens: 2, Study Room, Prayer Room, Powder Room, Gym, Store Rooms: 1, Steam Room, Lounge or Sitting Room, Laundry Room","Broadband Internet Access, Satellite or Cable TV Ready, Intercom","Community Lawn or Garden, Community Swimming Pool, Community Gym, First Aid or Medical Centre, Day Care Centre, Kids Play Area, Barbeque Area, Mosque, Community Centre","Lawn or Garden, Swimming Pool, Sauna, Jacuzzi","Nearby Schools, Nearby Hospitals, Nearby Shopping Malls, Nearby Restaurants, Distance From Airport (kms), Nearby Public Transport Service, Other Nearby Places","Maintenance Staff, Security Staff, Facilities for Disabled, Other Facilities",,,
https://www.zameen.com/Property/i_10_i-10_4_i-10_4_beautiful_house_7_bed_park_facing-53331393-3423-1.html,"I-10/4, I-10",House,PKR5.25 Crore,6,5 Marla,For Sale,7,3 months ago,"I-10, Islamabad, Islamabad Capital","I-10/4 7 Bed 7 Bath 3 Storey Marble Floor Wood Work Very Nice 3 D/D 3 TV Lounge Park Facing The House is a truly well-thought out property, best for those with a fine taste in architectures. The House for sale is a great deal considering it comes with many facilities. This is why veteran investors and classified buyers pick I-10/4 to buy property. The current market conditions makes the deal fairly attractive for buyers eyeing property in Islamabad. This House worth Rs. 55000000 is an ideal option for you. 5 Marla unit options are limited, so hurry up before it's too late. A few highlighting features of the property are as follows. The society's waste disposal system ensures cleanliness at all times. The House has a spacious lawn area where the kids can play without any safety concerns. To schedule an appointment, you can contact us on the given numbers.","Built in year: 2021, Parking Spaces, Double Glazed Windows, Central Air Conditioning, Central Heating, Flooring, Electricity Backup, Waste Disposal, Floors: 3, Other Main Features, Furnished","Bedrooms: 1, Bathrooms: 3, Servant Quarters: 1, Drawing Room, Dining Room, Kitchens: 1, Study Room, Prayer Room, Powder Room, Gym, Store Rooms: 1, Steam Room, Lounge or Sitting Room, Laundry Room, Other Rooms","Broadband Internet Access, Satellite or Cable TV Ready, Intercom, Other Business and Communication Facilities","Community Lawn or Garden, Community Swimming Pool, Community Gym, First Aid or Medical Centre, Day Care Centre, Kids Play Area, Barbeque Area, Mosque, Community Centre, Other Community Facilities","Sauna, Jacuzzi, Other Healthcare and Recreation Facilities","Nearby Schools, Nearby Hospitals, Nearby Shopping Malls, Nearby Restaurants, Distance From Airport (kms), Nearby Public Transport Service, Other Nearby Places","Maintenance Staff, Security Staff, Facilities for Disabled, Other Facilities",,,
https://www.zameen.com/Property/gulberg_gulberg_greens_spacious_2_bedroom_apartment_neat_and_clean_for_sale-53274166-8312-1.html,"Gulberg Greens, Gulberg",Flat,PKR1.1 Crore,2,3.8 Marla,For Sale,2,2 months ago,"Gulberg, Islamabad, Islamabad Capital",850 Square Feet Spacious Apartment Each Room Is Properly Ventilated Separate Kitchen 3rd Floor Elevators Available Direct Deal With Owner Call For Details,"Built in year: 2022, Parking Spaces, Lobby in Building, Double Glazed Windows, Central Air Conditioning, Central Heating, Flooring, Electricity Backup, Waste Disposal, Floor: 3, Floors in Building: 5, Elevators, Service Elevators in Building, Other Main Features, Furnished","Bedrooms: 2, Bathrooms: 2, Drawing Room, Dining Room, Kitchens, Study Room, Prayer Room, Powder Room, Gym, Store Rooms: 1, Steam Room, Lounge or Sitting Room, Laundry Room, Other Rooms","Broadband Internet Access, Satellite or Cable TV Ready, Business Center or Media Room in Building, Conference Room in Building, Intercom, Other Business and Communication Facilities","Community Lawn or Garden, Community Swimming Pool, Community Gym, First Aid or Medical Centre, Day Care Centre, Kids Play Area, Barbeque Area, Mosque, Community Centre, Other Community Facilities","Sauna, Jacuzzi, Other Healthcare and Recreation Facilities","Nearby Schools, Nearby Hospitals, Nearby Shopping Malls, Nearby Restaurants, Distance From Airport (kms), Nearby Public Transport Service, Other Nearby Places","Maintenance Staff, Security Staff, Laundry or Dry Cleaning Facility, Communal/Shared Kitchen, Facilities for Disabled, Other Facilities",,,
https://www.zameen.com/Property/islamabad_emaar_canyon_views_emaar_canyon_views_m5_bedroom_villa_for_sale_dha_5_sector_e_islamabad-51419093-8370-1.html,"Emaar Canyon Views, Islamabad",House,PKR8.3 Crore,6,1 Kanal,For Sale,5,5 months ago,"Emaar Canyon Views, Islamabad, Islamabad Capital",Solid Construction Brand New House For Sale 5 Bedroom Huge Rooms Size House Huge Car Porch Back Side Lush Green Lawn 3 Kitchen Direct Open And 1st Floor Kitchenette,"Built in year: 2024, Parking Spaces: 4, Double Glazed Windows, Central Air Conditioning, Central Heating, Flooring, Electricity Backup, Waste Disposal, Floors: 2, Other Main Features, Furnished","Bedrooms: 5, Bathrooms: 6, Servant Quarters: 1, Drawing Room, Dining Room, Kitchens: 3, Study Room, Prayer Room, Powder Room, Gym, Store Rooms: 2, Steam Room, Lounge or Sitting Room, Laundry Room, Other Rooms","Broadband Internet Access, Satellite or Cable TV Ready, Intercom, Other Business and Communication Facilities","Community Lawn or Garden, Community Swimming Pool, Community Gym, First Aid or Medical Centre, Day Care Centre, Kids Play Area, Barbeque Area, Mosque, Community Centre, Other Community Facilities","Lawn or Garden, Swimming Pool, Sauna, Jacuzzi, Other Healthcare and Recreation Facilities","Nearby Schools, Nearby Hospitals, Nearby Shopping Malls, Nearby Restaurants, Distance From Airport (kms), Nearby Public Transport Service, Other Nearby Places","Maintenance Staff, Security Staff, Facilities for Disabled, Other Facilities",,,
https://www.zameen.com/Property/islamabad_f-8_f-8_cornee_house_for_sale_on_very_prime_location-52707573-166-1.html,"F-8, Islamabad",House,PKR77 Crore,6,3.6 Kanal,For Sale,9,4 months ago,"F-8, Islamabad, Islamabad Capital",F-8 HOUSE FOR SALE SIZE 1777 SQYDS 160+100 18 BEDROOMS,"Built in year: 2025, Parking Spaces: 2, Double Glazed Windows, Central Air Conditioning, Central Heating, Flooring, Electricity Backup, Waste Disposal, Floors: 2, Other Main Features, Furnished","Bedrooms: 3, Bathrooms: 3, Servant Quarters: 2, Drawing Room, Dining Room, Kitchens: 2, Study Room, Prayer Room, Powder Room, Gym, Store Rooms: 1, Steam Room, Lounge or Sitting Room, Laundry Room, Other Rooms","Broadband Internet Access, Satellite or Cable TV Ready, Intercom, Other Business and Communication Facilities","Community Lawn or Garden, Community Swimming Pool, Community Gym, First Aid or Medical Centre, Day Care Centre, Kids Play Area, Barbeque Area, Mosque, Community Centre, Other Community Facilities","Lawn or Garden, Swimming Pool, Sauna, Jacuzzi, Other Healthcare and Recreation Facilities","Nearby Schools, Nearby Hospitals, Nearby Shopping Malls, Nearby Restaurants, Distance From Airport (kms), Nearby Public Transport Service, Other Nearby Places","Maintenance Staff, Security Staff, Facilities for Disabled, Other Facilities",,,
https://www.zameen.com/Property/islamabad_f-11_magnificent_5-bed_residence_in_prime_f-11_location_-_cda_transfer-49707643-163-1.html,"F-11, Islamabad",House,PKR15 Crore,6,1 Kanal,For Sale,5,3 months ago,"F-11, Islamabad, Islamabad Capital","Step Into Opulence With This Exquisite 5-Bedroom, 6-Bathroom Residence Nestled In The Exclusive F-11 Sector. Featuring 2 Dining Areas, 2 TV Lounges, And 2 Kitchens, This Home Offers Unparalleled Comfort And Functionality. Boasting A Prime Location And CDA Transfer, This Property Is A Testament To Refined Living. Priced At 15 Crores, This Leviable House Is An Embodiment Of Sophistication. Explore Luxury Living At Its Finest - Contact Us Now To Schedule A Viewing And Discover More Exclusive Options In The Coveted F-Sectors.","Built in year: 2024, Parking Spaces: 5, Double Glazed Windows, Central Air Conditioning, Central Heating, Flooring, Electricity Backup, Waste Disposal, Floors: 2, Other Main Features","Bedrooms: 5, Bathrooms: 6, Servant Quarters: 1, Drawing Room, Dining Room, Kitchens: 2, Study Room, Prayer Room, Powder Room, Gym, Store Rooms: 2, Steam Room, Lounge or Sitting Room, Laundry Room, Other Rooms","Broadband Internet Access, Satellite or Cable TV Ready, Intercom, Other Business and Communication Facilities","Community Lawn or Garden, Community Swimming Pool, Community Gym, First Aid or Medical Centre, Day Care Centre, Kids Play Area, Barbeque Area, Mosque, Community Centre, Other Community Facilities","Lawn or Garden, Swimming Pool, Sauna, Jacuzzi, Other Healthcare and Recreation Facilities","Nearby Schools, Nearby Hospitals, Nearby Shopping Malls, Nearby Restaurants, Distance From Airport (kms), Nearby Public Transport Service, Other Nearby Places","Security Staff, Other Facilities",,,
https://www.zameen.com/Property/f_11_f-11_4_brand_new_house_available_for_sale_in_f11_4-49981128-3285-1.html,"F-11/4, F-11",House,PKR18 Crore,6,1 Kanal,For Sale,5,3 months ago,"F-11, Islamabad, Islamabad Capital","Details: 1. Size 511 sqyrds. 2. Margla facing. 3. Small closed end street. 4. Convient approach from Major road. 5. Walking distance from f11 Markaz. 6. Accomodation; having 5 bed rooms with attached bathroom and a study room , kitchen, d+d & Lounge, study room, laundry, seprate gates, drive ways. There is a decent lawn in front of the house. Two servant quarters. Tiles floorings, solid wood doors and cabnit, neat and clean wash rooms and the kitchens. 7. owner living 8. Monthly rent is approx. 5 Lacs per month. 9. Single owner 10 CDA transfer. 11.18 crs","Built in year: 2024, Parking Spaces: 5, Double Glazed Windows, Central Air Conditioning, Central Heating, Flooring, Electricity Backup, Waste Disposal, Floors: 2, Other Main Features, Furnished","Bedrooms: 5, Bathrooms: 6, Servant Quarters: 2, Drawing Room, Dining Room, Kitchens: 1, Study Room, Prayer Room, Powder Room, Gym, Store Rooms: 2, Steam Room, Lounge or Sitting Room, Laundry Room, Other Rooms","Broadband Internet Access, Satellite or Cable TV Ready, Intercom, Other Business and Communication Facilities","Community Lawn or Garden, Community Swimming Pool, Community Gym, First Aid or Medical Centre, Day Care Centre, Kids Play Area, Barbeque Area, Mosque, Community Centre, Other Community Facilities","Lawn or Garden, Swimming Pool, Sauna, Jacuzzi, Other Healthcare and Recreation Facilities","Nearby Schools, Nearby Hospitals, Nearby Shopping Malls, Nearby Restaurants, Distance From Airport (kms), Nearby Public Transport Service, Other Nearby Places","Maintenance Staff, Security Staff, Facilities for Disabled",,,
https://www.zameen.com/Property/i_8_i-8_3_stunning_house_is_available_for_sale_in_i-8_3-51239714-3443-1.html,"I-8/3, I-8",House,PKR15.5 Crore,6,14.2 Marla,For Sale,6,5 months ago,"I-8, Islamabad, Islamabad Capital",I-8/3 Double Story House Is Avaliable For Sale It Consists Of 6 Bedrooms With Attached Bathrooms With High Quality Finish And Fixtures Drawing Dining T. V lounge Kitchen Car Park Space Single Unit House All Living Facilities Are Available Walking Distance From Markez Market Prime Location Neat And Clean Space Masjid Schools. Near To Kachnar Family Park Shifa International Hospital Water Filtration Plant Habibi Restaurant Metro Station. Public transport We Hope You Will Like It's Vast Available Space Stunning Interior And Exterior this house With all his comfort and Quality For Further Details And Visit you may Contact back More Option Avaliable.,"Parking Spaces, Double Glazed Windows, Central Air Conditioning, Central Heating, Flooring, Electricity Backup, Waste Disposal, Other Main Features, Furnished","Bedrooms: 6, Bathrooms: 6, Drawing Room, Dining Room, Kitchens: 1, Study Room, Prayer Room, Powder Room, Gym, Store Rooms: 1, Steam Room, Lounge or Sitting Room, Laundry Room, Other Rooms","Broadband Internet Access, Satellite or Cable TV Ready, Intercom, Other Business and Communication Facilities","Community Lawn or Garden, Community Swimming Pool, Community Gym, First Aid or Medical Centre, Day Care Centre, Kids Play Area, Barbeque Area, Mosque, Community Centre, Other Community Facilities","Sauna, Jacuzzi, Other Healthcare and Recreation Facilities","Nearby Schools, Nearby Hospitals, Nearby Shopping Malls, Nearby Restaurants, Distance From Airport (kms), Nearby Public Transport Service, Other Nearby Places","Maintenance Staff, Security Staff, Facilities for Disabled, Other Facilities",,,
https://www.zameen.com/Property/i_8_i-8_3_centrally_located_house_for_sale_in_i-8_3_available-49389417-3443-1.html,"I-8/3, I-8",House,PKR12.5 Crore,6,14.2 Marla,For Sale,6,3 months ago,"I-8, Islamabad, Islamabad Capital",I-8/3 Double Story House Avaliable For Sale Size 40x80 It Consists Of 6 Bedrooms With Attached Bathrooms With High Quality Finish And Fixtures Drawing Dining T. V Lounge Kitchen Fuly Marble Floring Car Park Space Sunface Corner House Double Story Coming Monthly Rent= 2 Lac 80 K Servant Quarter All Living Facilities Are Available Walking Distance From Markez Market Masjid Schools Near To Kachnar Family Park Shifa International Hospital Water Filtration Plant Habibi Restaurant Metro Station Public Transport We Hope You Will Like It'S Vast Available Space Stunning Interior And Exterior This House With All His Comfort And Quality For Further Details And Visit You May Contact Back More Option Avaliable.,"Built in year: 2015, Parking Spaces: 3, Double Glazed Windows, Central Air Conditioning, Central Heating, Flooring, Electricity Backup, Waste Disposal, Floors: 2, Other Main Features, Furnished","Bedrooms: 6, Bathrooms: 6, Servant Quarters: 1, Drawing Room, Dining Room, Kitchens: 2, Study Room, Prayer Room, Powder Room, Gym, Store Rooms: 1, Steam Room, Lounge or Sitting Room, Laundry Room, Other Rooms","Broadband Internet Access, Satellite or Cable TV Ready, Intercom, Other Business and Communication Facilities","Community Lawn or Garden, Community Swimming Pool, Community Gym, First Aid or Medical Centre, Day Care Centre, Kids Play Area, Barbeque Area, Mosque, Community Centre, Other Community Facilities","Lawn or Garden, Swimming Pool, Sauna, Jacuzzi, Other Healthcare and Recreation Facilities","Nearby Schools, Nearby Hospitals, Nearby Shopping Malls, Nearby Restaurants, Distance From Airport (kms), Nearby Public Transport Service, Other Nearby Places","Maintenance Staff, Security Staff, Facilities for Disabled, Other Facilities",,,
https://www.zameen.com/Property/i_8_i-8_3_new_brand_double_storey_house_is_available_for_sale_in_i-8_3_islamabad-49032439-3443-1.html,"I-8/3, I-8",House,PKR15.25 Crore,6,12.4 Marla,For Sale,6,3 months ago,"I-8, Islamabad, Islamabad Capital",New Brand Double Storey House Is Available For Sale It Consists Of 6 Bedrooms With Attached Bathrooms With High Quality Finish And Fixtures Drawing Dining TV Lounge Kitchen Servent Quarter All Living Facilities Are Available within Walking Distance From Markz Market Masjid Schools Kachnar Family Park Shifa International Hospital Water Filtration Plant Habibi Restaurant Metro Station Public Transport For Further Details And Visit You May Contact us,"Built in year, Parking Spaces: 1, Double Glazed Windows, Central Air Conditioning, Central Heating, Flooring, Electricity Backup, Waste Disposal, Floors, Other Main Features, Furnished","Bedrooms: 6, Bathrooms: 6, Servant Quarters: 1, Drawing Room, Dining Room, Kitchens: 2, Study Room, Prayer Room, Powder Room, Gym, Store Rooms: 1, Steam Room, Lounge or Sitting Room, Laundry Room, Other Rooms","Broadband Internet Access, Satellite or Cable TV Ready, Intercom, Other Business and Communication Facilities","Community Lawn or Garden, Community Swimming Pool, Community Gym, First Aid or Medical Centre, Day Care Centre, Kids Play Area, Barbeque Area, Mosque, Community Centre, Other Community Facilities","Lawn or Garden, Swimming Pool, Sauna, Jacuzzi, Other Healthcare and Recreation Facilities","Nearby Schools, Nearby Hospitals, Nearby Shopping Malls, Nearby Restaurants, Distance From Airport (kms), Nearby Public Transport Service, Other Nearby Places","Maintenance Staff, Security Staff, Facilities for Disabled, Other Facilities",,,
https://www.zameen.com/Property/islamabad_top_city_1_ideal_location_brand_new_house_for_sale_in_top_city-1_islamabad-52988678-1383-1.html,"Top City 1, Islamabad",House,PKR4.65 Crore,6,10 Marla,For Sale,5,4 months ago,"Top City 1, Islamabad, Islamabad Capital",ideal location brand new House for Sale in Top City-1 Islamabad near international Airport 4km Near Motorway Lahore Motorway Peshawar Metro bus stop electricity gas water supply water filter plant security 24 hours brand new House for Sale 5 bed +6 bath Room 2 Tv lounge 2-kitchen 2 drawing Room 1 servant Room 2 car parking Heighted location,"Built in year: 1, Parking Spaces: 2, Double Glazed Windows, Central Air Conditioning, Central Heating, Flooring, Electricity Backup, Waste Disposal, Floors: 2, Other Main Features, Furnished","Bedrooms: 5, Bathrooms: 6, Servant Quarters: 1, Drawing Room, Dining Room, Kitchens: 2, Study Room, Prayer Room, Powder Room, Gym, Store Rooms: 2, Steam Room, Lounge or Sitting Room, Laundry Room, Other Rooms","Broadband Internet Access, Satellite or Cable TV Ready, Intercom, Other Business and Communication Facilities","Community Lawn or Garden, Community Swimming Pool, Community Gym, First Aid or Medical Centre, Day Care Centre, Kids Play Area, Barbeque Area, Mosque, Community Centre, Other Community Facilities","Lawn or Garden, Swimming Pool, Sauna, Jacuzzi, Other Healthcare and Recreation Facilities","Nearby Schools, Nearby Hospitals, Nearby Shopping Malls, Nearby Restaurants, Distance From Airport (kms), Nearby Public Transport Service, Other Nearby Places","Maintenance Staff, Security Staff, Facilities for Disabled, Other Facilities",,,
https://www.zameen.com/Property/kashmir_highway_eighteen_house_for_sale_in_rs_139500000-52941436-12602-1.html,"Eighteen, Kashmir Highway",House,PKR13.95 Crore,-,1 Kanal,For Sale,-,3 months ago,"Kashmir Highway, Islamabad, Islamabad Capital","Before it is too late, grab the opportunity of investing in 1 Kanal property. Purchase it while you still can because the quoted price of Rs. 139500000 might won't stay the same for long. You can find modern design properties in Islamabad as it is rapidly developing with new projects coming up frequently. The interested property buyers can avail the offer before it's off the shelves. If you are looking to live in peaceful community, the location of Eighteen will accommodate you. The future outlook of the House is positive, so don't waste time in thinking. Property details are listed as follows. Safety is a top priority, so security staff will be available on the premise. The barbeque area in the House is great to host small parties. Treat yourself to a Jacuzzi session and let the stress fade away. Kids can swim to their hearts desire at the community pool. The community lawn near the House is a great place to host small functions. An effective waste disposal system is in place to keep the surroundings neat and tidy. The House features state-of-the-art amenities for the differently-abled. Make a wise investment decision with our experts waiting to help you. Call us today for detailed assessment and property advice.","Waste Disposal, Other Main Features",,"Broadband Internet Access, Satellite or Cable TV Ready, Intercom, Other Business and Communication Facilities","Community Lawn or Garden, Community Swimming Pool, Community Gym, First Aid or Medical Centre, Day Care Centre, Kids Play Area, Barbeque Area, Mosque, Community Centre, Other Community Facilities","Sauna, Jacuzzi, Other Healthcare and Recreation Facilities","Nearby Schools, Nearby Hospitals, Nearby Shopping Malls, Nearby Restaurants, Distance From Airport (kms), Nearby Public Transport Service, Other Nearby Places","Maintenance Staff, Security Staff, Facilities for Disabled, Other Facilities",,,
https://www.zameen.com/Property/d_12_d-12_3_on_excellent_location_house_of_4_marla_in_d-12_3_is_available-52611959-3156-1.html,"D-12/3, D-12",House,PKR4 Crore,4,4 Marla,For Sale,3,2 months ago,"D-12, Islamabad, Islamabad Capital","Brand New House For Sale Located At Prime Location Of D-12/3 Islamabad Size ( 25 X 40 ) 4 Marla Great Opportunity For You, Don't Miss It. . . original Pictures Attached About The Property: 3 Bedrooms 4 Washrooms 1 Kitchens 2 Tv Lounge 1 Sarvant Quarter 1 Car Parking Tile Flooring Ideal Locality Electricity & Meters Are Available Water Boring Running & Also Water Supply Facility Available All Facilities Are Available Which Is The Need Of Living Near To Main Double Road And Kashmir Highway Near To School, college, market, masjid public Transport, hospitals And Etc. Located In One Of The Best Locations Of D-12 Islamabad just Call Us For Visit. . . .","Built in year: 2025, Parking Spaces: 1, Double Glazed Windows, Central Air Conditioning, Central Heating, Flooring, Electricity Backup, Waste Disposal, Floors: 2, Other Main Features, Furnished","Bedrooms: 4, Bathrooms: 5, Servant Quarters: 1, Drawing Room, Dining Room, Kitchens: 2, Study Room, Prayer Room, Powder Room, Gym, Store Rooms, Steam Room, Lounge or Sitting Room, Laundry Room, Other Rooms","Broadband Internet Access, Satellite or Cable TV Ready, Intercom, Other Business and Communication Facilities","Community Lawn or Garden, Community Swimming Pool, Community Gym, First Aid or Medical Centre, Day Care Centre, Kids Play Area, Barbeque Area, Mosque, Community Centre, Other Community Facilities","Lawn or Garden, Swimming Pool, Sauna, Jacuzzi, Other Healthcare and Recreation Facilities","Nearby Schools, Nearby Hospitals, Nearby Shopping Malls, Nearby Restaurants, Distance From Airport (kms), Nearby Public Transport Service, Other Nearby Places","Maintenance Staff, Security Staff, Facilities for Disabled, Other Facilities",,,
https://www.zameen.com/Property/islamabad_d-12_beautiful_location_brand_new_house_for_sale-53283201-160-1.html,"D-12, Islamabad",House,PKR14.5 Crore,6,14 Marla,For Sale,6,5 months ago,"D-12, Islamabad, Islamabad Capital","BEAUTIFUL LOCATION BRAND NEW HOUSE FOR SALE OWNER BUILD HOUSE SOLID CONSTRUCTION All kinds of properties are available for sale in various cities, depending on where you want to settle. The D-12 has real estate investment options that can meet your goals. Only a quick decision can lead you to buy the gorgeous 14 Marla property which has been put up for sale. The best feature of the House is its prime central location and such a property is hard to come by easily. Trust us when we say, this property at Rs. 165000000 is the best investment you could wish for! In D-12, you can enjoy some great locational benefits. What more we can say about it is given below. This property comes with a separate dining room making it convenient to host dinner parties. The community swimming pool in the building/society is a great facility, especially for the kids. To find out more about this offer, give us a call right away. No longer will you have to miss an update or suffer buffering as the project comprises broadband internet access among many other convenient facilities. Safety is a top priority, so security staff will be available on the premise. Your kids can play to their heart's content in the play area adjoining the property. Situated close to the kitchen, the sitting room in this listing proves to be convenient for foody family gatherings. For more details on upcoming projects, give us a call.","Built in year: 2024, Parking Spaces: 3, Double Glazed Windows, Central Air Conditioning, Central Heating, Flooring, Electricity Backup, Waste Disposal, Floors: 2, Other Main Features, Furnished","Bedrooms: 6, Bathrooms: 6, Servant Quarters: 1, Drawing Room, Dining Room, Kitchens: 2, Study Room, Prayer Room, Powder Room, Gym, Store Rooms: 1, Steam Room, Lounge or Sitting Room, Laundry Room, Other Rooms","Broadband Internet Access, Satellite or Cable TV Ready, Intercom, Other Business and Communication Facilities","Community Lawn or Garden, Community Swimming Pool, Community Gym, First Aid or Medical Centre, Day Care Centre, Kids Play Area, Barbeque Area, Mosque, Community Centre, Other Community Facilities","Lawn or Garden, Swimming Pool, Sauna, Jacuzzi, Other Healthcare and Recreation Facilities","Nearby Schools, Nearby Hospitals, Nearby Shopping Malls, Nearby Restaurants, Distance From Airport (kms), Nearby Public Transport Service, Other Nearby Places","Maintenance Staff, Security Staff, Facilities for Disabled, Other Facilities",,,
https://www.zameen.com/Property/dha_defence_phase_1_dha_phase_1_-_sector_b_studio_apartment_for_sale-53295227-3190-1.html,"DHA Phase 1 - Sector B, DHA Defence Phase 1",Flat,PKR88.81 Lakh,1,1.8 Marla,For Sale,-,2 months ago,"DHA Defence, Islamabad, Islamabad Capital","Studio apartments are compact, self-contained living spaces that combine a bedroom, living area, kitchen, and bathroom into a single room. They're ideal for individuals, students, or professionals looking for affordable and convenient housing options. *Key Features:* - *Compact Space*: Typically ranges from 400 to 412 square feet - *Open Layout*: Combined living, bedroom, and kitchen area - *Efficient Design*: Built-in storage, - *Amenities*: Security, parking, gym facilities, and community spaces *Benefits:* - *Affordability*: Often more affordable than larger apartments - *Convenience*: Suitable for central locations, close to work or amenities - *Low Maintenance*: Smaller space means less to clean and maintain for more info feel free to Contect","Built in year: 2025, Parking Spaces: 1, Lobby in Building, Double Glazed Windows, Central Air Conditioning, Central Heating, Flooring, Electricity Backup, Waste Disposal, Floor: 3, Floors in Building: 5, Elevators: 1, Service Elevators in Building, Other Main Features, Furnished","Bedrooms: 1, Bathrooms: 1, Servant Quarters, Drawing Room, Dining Room, Kitchens: 1, Study Room, Prayer Room, Gym, Store Rooms, Lounge or Sitting Room, Other Rooms","Broadband Internet Access, Satellite or Cable TV Ready, Business Center or Media Room in Building, Intercom, ATM Machines, Other Business and Communication Facilities","Community Lawn or Garden, Community Swimming Pool, Community Gym, First Aid or Medical Centre, Day Care Centre, Kids Play Area, Barbeque Area, Mosque, Community Centre, Other Community Facilities","Sauna, Jacuzzi, Other Healthcare and Recreation Facilities","Nearby Schools, Nearby Hospitals, Nearby Shopping Malls, Nearby Restaurants, Distance From Airport (kms), Nearby Public Transport Service, Other Nearby Places","Security Staff, Other Facilities",PKR35.52 Lakh,PKR4.44 Lakh,12 Months
https://www.zameen.com/Property/b_17_mpchs_-_multi_gardens_house_for_sale-53233628-3115-1.html,"MPCHS - Multi Gardens, B-17",House,PKR2.3 Crore,5,5 Marla,For Sale,4,5 months ago,"B-17, Islamabad, Islamabad Capital",house for sale multi garden b17 Islamabad briend new house 4room 4 washroom,"Built in year: 2025, Parking Spaces, Double Glazed Windows, Flooring, Electricity Backup, Other Main Features, Furnished",,,,,,,,,
https://www.zameen.com/Property/fechs_jinnah_gardens_single_storey_house_for_sale-53113756-1420-1.html,"Jinnah Gardens, FECHS",House,PKR2.4 Crore,3,7 Marla,For Sale,2,3 months ago,"FECHS, Islamabad, Islamabad Capital",7 Marla Single Storey House New Lop Clear Available For Sale,"Built in year: 2025, Parking Spaces: 1, Double Glazed Windows, Central Air Conditioning, Central Heating, Flooring, Electricity Backup, Waste Disposal, Other Main Features","Bedrooms: 02, Bathrooms: 02, Servant Quarters: 1, Drawing Room, Dining Room, Kitchens: 1, Study Room, Prayer Room, Powder Room, Gym, Store Rooms: 1, Steam Room, Lounge or Sitting Room, Laundry Room, Other Rooms","Broadband Internet Access, Satellite or Cable TV Ready, Intercom, Other Business and Communication Facilities","Community Lawn or Garden, Community Swimming Pool, Community Gym, First Aid or Medical Centre, Day Care Centre, Kids Play Area, Barbeque Area, Mosque, Community Centre, Other Community Facilities","Sauna, Jacuzzi, Other Healthcare and Recreation Facilities","Nearby Schools, Nearby Hospitals, Nearby Shopping Malls, Nearby Restaurants, Distance From Airport (kms), Nearby Public Transport Service, Other Nearby Places","Maintenance Staff, Security Staff, Facilities for Disabled, Other Facilities",,,
https://www.zameen.com/Property/islamabad_g-13_g-13_40x80_luxury_house_available-53220824-330-1.html,"G-13, Islamabad",House,PKR11.75 Crore,6,14 Marla,For Sale,6,5 months ago,"G-13, Islamabad, Islamabad Capital","Tri star marketing Brand New House For Sale Located At Prime Location Of G-13 Islamabad Size ( 40x80 ) 14 Marla about The Property: 6 Bedrooms 7 Washrooms 2 Drawing Room 2 Kitchens 2 Tv Lounge Car Parking Tile Flooring 1 Double Unit House Ideal Locality Electricity & Gas Meters Are Available Water Boring Running & Also Water Supply Facility Available All Facilities Are Available Which Is The Need Of Living Near To Main Double Road And Kashmir Highway Near To School, college, market, masjid public Transport, hospitals And Etc. Located In One Of The Best Locations Of G-13 Islamabad just Call Us For Visit. .","Built in year: 2022, Parking Spaces, Double Glazed Windows, Central Air Conditioning, Central Heating, Flooring, Electricity Backup, Waste Disposal, Other Main Features","Servant Quarters: 1, Dining Room, Study Room, Prayer Room, Powder Room, Gym, Steam Room, Lounge or Sitting Room, Other Rooms","Broadband Internet Access, Satellite or Cable TV Ready, Intercom, Other Business and Communication Facilities","Community Lawn or Garden, Community Swimming Pool, Community Gym, First Aid or Medical Centre, Day Care Centre, Kids Play Area, Barbeque Area, Mosque, Community Centre, Other Community Facilities","Lawn or Garden, Swimming Pool, Sauna, Jacuzzi, Other Healthcare and Recreation Facilities","Nearby Schools, Nearby Hospitals, Nearby Shopping Malls, Nearby Restaurants, Distance From Airport (kms), Nearby Public Transport Service, Other Nearby Places","Maintenance Staff, Security Staff, Facilities for Disabled",,,
https://www.zameen.com/Property/bahria_town_bahria_enclave_luxury_12_marla_corner_designer_house_for_sale_prime_location_with_10_kva_solar_system_installed-53279773-1705-1.html,"Bahria Enclave, Bahria Town",House,PKR4.98 Crore,6,12 Marla,For Sale,5,5 months ago,"Bahria Town, Islamabad, Islamabad Capital","Luxury 12 Marla Designer House for Sale Prime Location Property Overview: Discover your dream home with this beautifully designed 12 Marla House, offering luxury, comfort, and modern living. Every corner of this house reflects elegance, attention to detail, and quality construction. Key Features: 5 Spacious Bedrooms with attached modern bathrooms Designer Kitchen with high-end fittings and ample storage Elegant Drawing, Dining, and Living Areas Beautiful Front Elevation with premium finishing High-Quality Woodwork & Stylish False Ceiling Designs Imported Tiles & Sanitary Fittings throughout Servant Quarter with Attached Bath Spacious Car Parking Area Lush Green Lawn Additional Features: Ideal for families seeking a modern and secure lifestyle Peaceful neighborhood with wide roads and nearby amenities Near schools, parks, and markets Demand: 5 Crore (Negotiable) Contact Now: For visit and further details, please call or WhatsApp.","Built in year: 2025, Parking Spaces: 3, Double Glazed Windows, Central Air Conditioning, Central Heating, Flooring, Electricity Backup, Waste Disposal, Floors: 2, Other Main Features, Furnished","Bedrooms: 6, Bathrooms: 5, Servant Quarters: 1, Drawing Room, Dining Room, Kitchens: 2, Study Room, Prayer Room, Powder Room, Gym, Store Rooms: 1, Steam Room, Lounge or Sitting Room, Laundry Room, Other Rooms","Broadband Internet Access, Satellite or Cable TV Ready, Intercom, Other Business and Communication Facilities","Community Lawn or Garden, Community Swimming Pool, Community Gym, First Aid or Medical Centre, Day Care Centre, Kids Play Area, Barbeque Area, Mosque, Community Centre, Other Community Facilities","Sauna, Jacuzzi, Other Healthcare and Recreation Facilities","Nearby Schools, Nearby Hospitals, Nearby Shopping Malls, Nearby Restaurants, Distance From Airport (kms), Nearby Public Transport Service, Other Nearby Places","Maintenance Staff, Security Staff, Facilities for Disabled, Other Facilities",,,
https://www.zameen.com/Property/bahria_town_bahria_enclave_10_marla_luxury_house_for_sale_main_boulevard_sector_c-2_bahria_enclave_islamabad-53276925-1705-1.html,"Bahria Enclave, Bahria Town",House,PKR5.6 Crore,6,10 Marla,For Sale,5,5 months ago,"Bahria Town, Islamabad, Islamabad Capital","Experience premium living in this 10 Marla beautifully designed luxury house, ideally located on Main Boulevard, Sector C-2, Bahria Enclave Islamabad. Built with A++ construction quality, modern design, and premium materials this home offers elegance, comfort, and convenience. Key Features: 5 Spacious Bedrooms with attached bathrooms Drawing Room & Dining Area Modern TV Lounge Stylish Kitchen with Premium Fittings High-Quality Flooring and False Ceiling Design Solid Wood Doors and Cupboards Beautiful Front Elevation Two Car Parking Spaces Servant Room with Attached Bath 24/7 Security and Peaceful Environment Near School, Market & Mosque Location: Main Boulevard, Sector C-2, Bahria Enclave Islamabad Demand: 5.60 Crore PKR Visit Anytime Key in Hand","Built in year: 2025, Parking Spaces: 2, Double Glazed Windows, Central Air Conditioning, Central Heating, Flooring, Electricity Backup, Waste Disposal, Floors: 2, Other Main Features, Furnished","Bedrooms: 5, Bathrooms: 6, Servant Quarters: 1, Drawing Room, Dining Room, Kitchens: 2, Study Room, Prayer Room, Powder Room, Gym, Store Rooms: 1, Steam Room, Lounge or Sitting Room, Laundry Room, Other Rooms","Broadband Internet Access, Satellite or Cable TV Ready, Intercom","Community Lawn or Garden, Community Swimming Pool, Community Gym, First Aid or Medical Centre, Day Care Centre, Kids Play Area, Barbeque Area, Mosque, Community Centre",Sauna,"Nearby Schools, Nearby Hospitals, Nearby Shopping Malls, Nearby Restaurants, Distance From Airport (kms), Nearby Public Transport Service, Other Nearby Places","Maintenance Staff, Security Staff, Other Facilities",,,
https://www.zameen.com/Property/bahria_town_bahria_enclave_10_marla_brand_new_house_available_for_sale_sector_a_urban_boulevard_designer_house-53286270-1705-1.html,"Bahria Enclave, Bahria Town",House,PKR5.5 Crore,6,10 Marla,For Sale,5,1 hour ago,"Bahria Town, Islamabad, Islamabad Capital",Sector A 10 marla designer house Almost developed cda approved 5 bedrooms 6 washrooms 2 unit house designer house walking distance from park masjid market and school,"Built in year: 2025, Parking Spaces: 2, Double Glazed Windows, Central Air Conditioning, Central Heating, Flooring, Electricity Backup, Waste Disposal, Floors: 2, Other Main Features, Furnished","Bedrooms: 5, Bathrooms: 6, Servant Quarters: 1, Drawing Room, Dining Room, Kitchens: 2, Study Room, Prayer Room, Powder Room, Gym, Store Rooms: 1, Steam Room, Lounge or Sitting Room, Laundry Room, Other Rooms","Broadband Internet Access, Satellite or Cable TV Ready, Intercom, Other Business and Communication Facilities","Community Lawn or Garden, Community Swimming Pool, Community Gym, First Aid or Medical Centre, Day Care Centre, Kids Play Area, Barbeque Area, Mosque, Community Centre, Other Community Facilities","Lawn or Garden, Swimming Pool, Sauna, Jacuzzi, Other Healthcare and Recreation Facilities","Nearby Schools, Nearby Hospitals, Nearby Shopping Malls, Nearby Restaurants, Distance From Airport (kms), Nearby Public Transport Service, Other Nearby Places","Maintenance Staff, Security Staff, Facilities for Disabled, Other Facilities",,,
https://www.zameen.com/Property/islamabad_e-7_e-7_brand_new_house_for_sale-49771436-343-1.html,"E-7, Islamabad",House,PKR1.3 Arab,-,2.5 Kanal,For Sale,10,4 months ago,"E-7, Islamabad, Islamabad Capital","Marriott Estate And Builders Offer a Ideal House having following properties:- Incoming Rent 19000$ 1. Have 10 bedrooms with attached washrooms. 2. Two advanced kitchens. 3. Two T. V lounges, 4. Drawing room 5. Dining room, 6. Beautiful lawn 7. Terrace, 8. Servant rooms 9. Multiple car parkings 10. Installed air conditioners, 11. Central heating system 12. Water bore. We have also multiple options available for sale and rent in sectors F-6, F-7, F-8, E-7, G-6(3) F-10, F-11 Islamabad For further assistance please contact with us.","Built in year: 2023, Parking Spaces: 5, Double Glazed Windows, Central Air Conditioning, Central Heating, Flooring, Electricity Backup, Waste Disposal, Floors: 2, Other Main Features, Furnished","Bedrooms: 5, Bathrooms: 6, Servant Quarters: 2, Drawing Room, Dining Room, Kitchens: 2, Study Room, Prayer Room, Powder Room, Gym, Store Rooms: 1, Steam Room, Lounge or Sitting Room, Laundry Room, Other Rooms","Broadband Internet Access, Satellite or Cable TV Ready, Intercom, Other Business and Communication Facilities","Community Lawn or Garden, Community Swimming Pool, Community Gym, First Aid or Medical Centre, Day Care Centre, Kids Play Area, Barbeque Area, Mosque, Community Centre, Other Community Facilities","Lawn or Garden, Swimming Pool, Sauna, Jacuzzi, Other Healthcare and Recreation Facilities","Nearby Schools, Nearby Hospitals, Nearby Shopping Malls, Nearby Restaurants, Distance From Airport (kms), Nearby Public Transport Service, Other Nearby Places","Maintenance Staff, Security Staff, Facilities for Disabled, Other Facilities",,,
https://www.zameen.com/Property/islamabad_f-6_f-6_demolish_able_house_for_sale-45441196-164-1.html,"F-6, Islamabad",House,PKR33 Crore,5,1.6 Kanal,For Sale,4,4 months ago,"F-6, Islamabad, Islamabad Capital","Marriott Estate And Builders Offer a Ideal House having following properties:- 1. Have 6 bedrooms with attached washroom s. 2. Two advanced kitchens. 3. Two T. V lounges, 4. Drawing room 5. Dining room, 6. Beautiful lawn 7. Terrace, 8. Servant rooms 9. Multiple car parkings 10. Installed air conditioners, 11. Central heating system 12. Water bore. We have also multiple options available for sale and rent in sectors F-6, F-7, F-8, E-7, G-6(3) F-10, F-11 Islamabad For further assistance please contact with us.","Built in year: 2023, Parking Spaces: 5, Double Glazed Windows, Central Air Conditioning, Central Heating, Flooring, Electricity Backup, Floors: 3, Furnished","Bedrooms: 7, Bathrooms: 8, Servant Quarters: 2, Drawing Room, Dining Room, Kitchens: 2, Study Room, Prayer Room, Powder Room, Gym, Store Rooms: 2, Steam Room, Lounge or Sitting Room, Laundry Room","Broadband Internet Access, Satellite or Cable TV Ready, Intercom","Community Lawn or Garden, Community Swimming Pool, Community Gym, First Aid or Medical Centre, Day Care Centre, Kids Play Area, Barbeque Area, Mosque, Community Centre","Lawn or Garden, Sauna, Jacuzzi","Nearby Schools, Nearby Hospitals, Nearby Shopping Malls, Nearby Restaurants, Distance From Airport (kms), Nearby Public Transport Service, Other Nearby Places","Maintenance Staff, Security Staff, Facilities for Disabled",,,
https://www.zameen.com/Property/f_6_f-6_2_house_for_sale_in_f6_2_on_prime_location_temp_pic-52591031-3300-1.html,"F-6/2, F-6",House,PKR50 Crore,5,1.2 Kanal,For Sale,4,4 months ago,"F-6, Islamabad, Islamabad Capital","Marriott Estate And Builders Offer a Ideal House having following properties:- NOTE TEMP PICTURES INVESTER PRICE 1. Have 6 bedrooms with attached washrooms. 2. Two advanced kitchens. 3. Two T. V lounges, 4. Drawing room 5. Dining room, 6. Beautiful lawn 7. Terrace, 8. Servant rooms 9. Multiple car parkings 10. Installed air conditioners, 11. Central heating system 12. Water bore. We have also multiple options available for sale and rent in sectors F-6, F-7, F-8, E-7, G-6(3) F-10, F-11 Islamabad For further assistance please contact with us.","Built in year: 2022, Parking Spaces: 7, Double Glazed Windows, Central Air Conditioning, Central Heating, Flooring, Electricity Backup, Floors: 3, Furnished","Bedrooms: 4, Bathrooms: 6, Servant Quarters: 2, Drawing Room, Dining Room, Kitchens: 2, Study Room, Prayer Room, Powder Room, Store Rooms: 2, Steam Room, Lounge or Sitting Room, Laundry Room","Broadband Internet Access, Satellite or Cable TV Ready","Community Lawn or Garden, Community Swimming Pool, Community Gym, First Aid or Medical Centre, Day Care Centre, Kids Play Area, Barbeque Area, Mosque, Community Centre","Lawn or Garden, Sauna, Jacuzzi","Nearby Schools, Nearby Hospitals, Nearby Shopping Malls, Nearby Restaurants, Distance From Airport (kms), Nearby Public Transport Service, Other Nearby Places","Maintenance Staff, Security Staff, Facilities for Disabled",,,
https://www.zameen.com/Property/f_8_f-8_3_f-8_3_prime_location_house_for_sale-50109216-3316-1.html,"F-8/3, F-8",House,PKR28.75 Crore,5,1.2 Kanal,For Sale,4,4 months ago,"F-8, Islamabad, Islamabad Capital","Marriott Estate And Builders Offer a Ideal House having following properties:- 1. Have 6 bedrooms with attached washrooms. 2. Two advanced kitchens. 3. Two T. V lounges, 4. Drawing room 5. Dining room, 6. Beautiful lawn 7. Terrace, 8. Servant rooms 9. Multiple car parkings 10. Installed air conditioners, 11. Central heating system 12. Water bore. We have also multiple options available for sale and rent in sectors F-6, F-7, F-8, E-7, G-6(3) F-10, F-11 Islamabad For further assistance please contact with us.","Built in year: 2002, Parking Spaces: 6, Double Glazed Windows, Central Air Conditioning, Central Heating, Flooring, Electricity Backup, Waste Disposal, Floors: 2, Other Main Features","Bedrooms: 4, Bathrooms: 5, Servant Quarters: 2, Drawing Room, Dining Room, Kitchens: 1, Study Room, Prayer Room, Powder Room, Gym, Store Rooms: 1, Steam Room, Lounge or Sitting Room, Laundry Room","Broadband Internet Access, Satellite or Cable TV Ready, Intercom, Other Business and Communication Facilities","Community Lawn or Garden, Community Gym, First Aid or Medical Centre, Day Care Centre, Kids Play Area, Barbeque Area, Mosque, Community Centre","Lawn or Garden, Swimming Pool, Sauna, Jacuzzi","Nearby Schools, Nearby Hospitals, Nearby Shopping Malls, Nearby Restaurants, Distance From Airport (kms), Nearby Public Transport Service, Other Nearby Places","Maintenance Staff, Security Staff, Facilities for Disabled, Other Facilities",,,
https://www.zameen.com/Property/f_7_f-7_3_f-7_3_house_for_sale-50097034-3309-1.html,"F-7/3, F-7",House,PKR74 Crore,-,2.5 Kanal,For Sale,8,4 months ago,"F-7, Islamabad, Islamabad Capital","Marriott Estate And Builders Offer a Ideal House having following properties:- 1. Have 6 bedrooms with attached washrooms. 2. Two advanced kitchens. 3. Two T. V lounges, 4. Drawing room 5. Dining room, 6. Beautiful lawn 7. Terrace, 8. Servant rooms 9. Multiple car parkings 10. Installed air conditioners, 11. Central heating system 12. Water bore. We have also multiple options available for sale and rent in sectors F-6, F-7, F-8, E-7, G-6(3) F-10, F-11 Islamabad For further assistance please contact with us.","Built in year: 1990, Parking Spaces: 10, Double Glazed Windows, Central Air Conditioning, Central Heating, Flooring, Electricity Backup, Waste Disposal, Floors: 1, Other Main Features, Furnished","Bedrooms: 6, Bathrooms: 7, Servant Quarters: 2, Drawing Room, Dining Room, Kitchens: 2, Study Room, Prayer Room, Powder Room, Gym, Store Rooms: 1, Steam Room, Lounge or Sitting Room, Laundry Room","Broadband Internet Access, Satellite or Cable TV Ready, Intercom, Other Business and Communication Facilities","Community Lawn or Garden, Community Swimming Pool, Community Gym, First Aid or Medical Centre, Day Care Centre, Kids Play Area, Barbeque Area, Mosque, Community Centre, Other Community Facilities","Lawn or Garden, Sauna, Jacuzzi, Other Healthcare and Recreation Facilities","Nearby Schools, Nearby Hospitals, Nearby Shopping Malls, Nearby Restaurants, Distance From Airport (kms), Nearby Public Transport Service, Other Nearby Places","Maintenance Staff, Security Staff, Facilities for Disabled, Other Facilities",,,
https://www.zameen.com/Property/islamabad_f-7_incoming_rent_16_lac_f-7_prime_location_house_for_sale-49330101-165-1.html,"F-7, Islamabad",House,PKR48 Crore,6,1.3 Kanal,For Sale,6,4 months ago,"F-7, Islamabad, Islamabad Capital","Marriott Estate And Builders Offer a Ideal House having following properties:- 1. Have 6 bedrooms with attached washrooms. 2. Two advanced kitchens. 3. Two T. V lounges, 4. Drawing room 5. Dining room, 6. Beautiful lawn 7. Terrace, 8. Servant rooms 9. Multiple car parkings 10. Installed air conditioners, 11. Central heating system 12. Water bore. We have also multiple options available for sale and rent in sectors F-6, F-7, F-8, E-7, G-6(3) F-10, F-11 Islamabad For further assistance please contact with us.","Built in year: 2022, Parking Spaces: 5, Double Glazed Windows, Central Air Conditioning, Central Heating, Flooring, Electricity Backup, Waste Disposal","Bedrooms: 6, Bathrooms: 7, Servant Quarters: 2, Drawing Room, Dining Room, Kitchens: 1, Study Room, Prayer Room, Powder Room, Gym, Steam Room, Lounge or Sitting Room, Laundry Room","Broadband Internet Access, Satellite or Cable TV Ready, Intercom","Community Lawn or Garden, Community Gym, First Aid or Medical Centre, Day Care Centre, Kids Play Area, Barbeque Area, Mosque, Community Centre","Lawn or Garden, Swimming Pool, Sauna, Jacuzzi","Nearby Schools, Nearby Hospitals, Nearby Shopping Malls, Nearby Restaurants, Distance From Airport (kms), Nearby Public Transport Service, Other Nearby Places","Maintenance Staff, Security Staff, Facilities for Disabled, Other Facilities",,,
https://www.zameen.com/Property/islamabad_e-7_e-7_brand_new_house_for_sale-49330653-343-1.html,"E-7, Islamabad",House,PKR75 Crore,-,2 Kanal,For Sale,6,3 months ago,"E-7, Islamabad, Islamabad Capital","Marriott Estate And Builders Offer A Ideal House Having Following Properties:- 1. Have 6 Bedrooms With Attached Washrooms. 2. Two Advanced Kitchens. 3. Two T. V Lounges, 4. Drawing Room 5. Dining Room, 6. Beautiful Lawn 7. Terrace, 8. Servant Rooms 9. Multiple Car Parking's 10. Installed Air Conditioners, 11. Central Heating System 12. Water Bore. We Have Also Multiple Options Available For Sale And Rent In Sectors F-6, F-7, F-8, E-7, G-6(3) F-10, F-11 Islamabad For Further Assistance Please Contact With Us.","Built in year: 2016, Parking Spaces: 1, Double Glazed Windows, Central Air Conditioning, Central Heating, Flooring, Electricity Backup, Waste Disposal, Floors: 1, Other Main Features","Bedrooms: 2, Bathrooms: 2, Servant Quarters, Drawing Room, Dining Room, Kitchens: 1, Study Room, Prayer Room, Powder Room, Gym, Store Rooms, Steam Room, Lounge or Sitting Room, Laundry Room, Other Rooms","Broadband Internet Access, Satellite or Cable TV Ready, Intercom, Other Business and Communication Facilities","Community Lawn or Garden, Community Swimming Pool, Community Gym, First Aid or Medical Centre, Day Care Centre, Kids Play Area, Barbeque Area, Mosque, Community Centre, Other Community Facilities","Sauna, Jacuzzi, Other Healthcare and Recreation Facilities","Nearby Schools, Nearby Hospitals, Nearby Shopping Malls, Nearby Restaurants, Distance From Airport (kms), Nearby Public Transport Service, Other Nearby Places","Maintenance Staff, Security Staff, Facilities for Disabled, Other Facilities",,,
https://www.zameen.com/Property/islamabad_f-6_f-6_brand_new_house_for_sale-49332739-164-1.html,"F-6, Islamabad",House,PKR36 Crore,-,16 Marla,For Sale,7,3 months ago,"F-6, Islamabad, Islamabad Capital","Marriott Estate And Builders Offer A Ideal House Having Following Properties:- 1. Have 6 Bedrooms With Attached Washrooms. 2. Two Advanced Kitchens. 3. Two T. V Lounges, 4. Drawing Room 5. Dining Room, 6. Beautiful Lawn 7. Terrace, 8. Servant Rooms 9. Multiple Car Parkings 10. Installed Air Conditioners, 11. Central Heating System 12. Water Bore. We Have Also Multiple Options Available For Sale And Rent In Sectors F-6, F-7, F-8, E-7, G-6(3) F-10, F-11 Islamabad For Further Assistance Please Contact With Us.","Built in year: 2023, Parking Spaces: 5, Double Glazed Windows, Central Air Conditioning, Central Heating, Flooring, Electricity Backup, Waste Disposal, Floors: 2, Other Main Features, Furnished","Bedrooms: 7, Bathrooms: 8, Servant Quarters: 3, Drawing Room, Dining Room, Kitchens: 2, Study Room, Prayer Room, Powder Room, Gym, Store Rooms, Steam Room, Lounge or Sitting Room, Laundry Room, Other Rooms","Broadband Internet Access, Satellite or Cable TV Ready, Intercom, Other Business and Communication Facilities","Community Lawn or Garden, Community Swimming Pool, Community Gym, First Aid or Medical Centre, Day Care Centre, Kids Play Area, Barbeque Area, Mosque, Community Centre, Other Community Facilities","Lawn or Garden, Swimming Pool, Sauna, Jacuzzi, Other Healthcare and Recreation Facilities","Nearby Schools, Nearby Hospitals, Nearby Shopping Malls, Nearby Restaurants, Distance From Airport (kms), Nearby Public Transport Service, Other Nearby Places","Maintenance Staff, Security Staff, Facilities for Disabled, Other Facilities",,,
https://www.zameen.com/Property/bahria_enclave_bahria_enclave_-_sector_c1_10_marla_brand_new_designer_house_available_for_sale_on_invester_rate-53291176-11987-1.html,"Bahria Enclave - Sector C1, Bahria Enclave",House,PKR5.5 Crore,6,10 Marla,For Sale,5,4 months ago,"Bahria Town, Islamabad, Islamabad Capital",10 Marla Brand New House 5 Bedrooms 5 Washrooms 2 Kitchens 2 Tv Lounge Drawing Room Servant Room Attach Bath 2 Car Parking Visit Possible Anytime,,,,,,"Nearby Schools, Nearby Hospitals, Nearby Shopping Malls, Nearby Restaurants, Distance From Airport (kms), Nearby Public Transport Service, Other Nearby Places","Security Staff, Other Facilities",,,
https://www.zameen.com/Property/bahria_enclave_bahria_enclave_-_sector_h_park_face_back_open_desugner_house_for_sale_in_sector_h_3_bedroom_with_attach_bath_heighted_location_bahria_enclave_islamabad-53291148-11983-1.html,"Bahria Enclave - Sector H, Bahria Enclave",House,PKR2.35 Crore,4,5 Marla,For Sale,3,4 months ago,"Bahria Town, Islamabad, Islamabad Capital","Back Open Park face House for Sale in Sector H, Bahria Enclave Islamabad Discover an exceptional opportunity to own a beautiful A+ construction house located at an extreme top location in Sector H, Bahria Enclave Islamabad. This elegant home features 3 spacious bedrooms with attached baths, 2 stylish TV lounges, a drawing room, and a servant room. The back-open design adds extra ventilation and natural light, making the home bright and comfortable. Ideally located near the mosque, park, school, and civic zone, it offers both convenience and a peaceful living environment. Enjoy Bahria Enclaves premium lifestyle with 24/7 security, well-maintained infrastructure, and modern amenities. Demand: 235 Lac Only","Built in year: 2025, Parking Spaces: 1, Double Glazed Windows, Central Air Conditioning, Central Heating, Flooring, Electricity Backup, Waste Disposal, Other Main Features, Furnished","Bedrooms: 3, Bathrooms: 4, Servant Quarters: 1, Drawing Room, Dining Room, Kitchens: 2, Other Rooms","Broadband Internet Access, Satellite or Cable TV Ready, Intercom, Other Business and Communication Facilities","Community Lawn or Garden, Community Swimming Pool, Community Gym, First Aid or Medical Centre, Day Care Centre, Kids Play Area, Barbeque Area, Mosque, Community Centre",Lawn or Garden,"Nearby Schools, Nearby Hospitals, Nearby Shopping Malls, Nearby Restaurants, Distance From Airport (kms), Nearby Public Transport Service, Other Nearby Places","Maintenance Staff, Security Staff, Facilities for Disabled",,,
https://www.zameen.com/Property/islamabad_naval_anchorage_5_marla_luxury_brand_new_house_for_sale_naval_anchorage_islamabad-53273991-375-1.html,"Naval Anchorage, Islamabad",House,PKR2.65 Crore,4,5 Marla,For Sale,4,5 months ago,"Naval Anchorage, Islamabad, Islamabad Capital","5 Marla Luxury House for Sale Naval Anchorage Islamabad Solid Construction | Sun-Facing | CDA Approved For Visit and Original Pictures Call. . . . . . Property Details: Brand New Double Story Double Unit 4 Bedrooms | 4 Washrooms 2 Kitchens | 2 TV Lounges | 2 Drawing Rooms Prime Location: Near Park, Market & Mosque Peaceful and Secure Ideal for Two Families or Investment Purpose Ready to Move Just Bring Your Luggage ------------------------------------------------------- Now Offering Naval Anchorage Islamabad Phase-II (Thallian) Plots on Easy Installments A CDA-Approved Upcoming Landmark Project! Project Highlights: Road Network (As Per CDA Bylaws) Green Living Environment: Huge Parks & Green Areas Walking & Jogging Tracks Natural Beauty with Untouched Landscapes (No Filling) Pure Lifestyle: Natural Underground Water Lush Green Surroundings Fertile Land Ideal for Kitchen Gardening ------------------------------------- Option of Investment ------------------------------------- 5-Marla | 8-Marla | 10-Marla | 1-Kanal | 2-Kanal ------------------------------------- For More Details & Visit: UR Property","Built in year, Parking Spaces, Double Glazed Windows, Central Air Conditioning, Central Heating, Flooring, Electricity Backup, Waste Disposal, Floors, Other Main Features, Furnished","Bedrooms, Bathrooms, Servant Quarters, Drawing Room, Dining Room, Kitchens, Study Room, Prayer Room, Powder Room, Gym, Store Rooms, Steam Room, Lounge or Sitting Room, Laundry Room, Other Rooms","Broadband Internet Access, Satellite or Cable TV Ready, Intercom, Other Business and Communication Facilities","Community Lawn or Garden, Community Swimming Pool, Community Gym, First Aid or Medical Centre, Day Care Centre, Kids Play Area, Barbeque Area, Mosque, Community Centre, Other Community Facilities","Lawn or Garden, Swimming Pool, Sauna, Jacuzzi, Other Healthcare and Recreation Facilities","Nearby Schools, Nearby Hospitals, Nearby Shopping Malls, Nearby Restaurants, Distance From Airport (kms), Nearby Public Transport Service, Other Nearby Places","Maintenance Staff, Security Staff, Facilities for Disabled, Other Facilities",,,
https://www.zameen.com/Property/bahria_enclave_bahria_enclave_-_sector_n_brand_new_park_face_house_for_sale_in_sector_n_best_location_for_living_open_view_bahria_enclave_islamabad-53291127-11975-1.html,"Bahria Enclave - Sector N, Bahria Enclave",House,PKR2.7 Crore,4,5 Marla,For Sale,3,4 months ago,"Bahria Town, Islamabad, Islamabad Capital","Brand New House for Sale Sector N, Bahria Enclave Islamabad A brand new, modern-designed house is available for sale in Sector N, Bahria Enclave Islamabad. This home is built with solid construction and premium finishing, located at an extreme top location with park-facing views, making it perfect for families who desire comfort, beauty, and convenience. Property Features: 3 Spacious Bedrooms with Attached Baths 1 Modern TV Lounges for family gatherings 1 Elegant Drawing Room Back Open with Lawn airy & fresh environment Solid Construction with High-Quality Finishing Park Face Ideal for families Near Civic Zone, Mosque, Market & Park Demand: 2 Crore 35 Lac (Reasonable Price) About Bahria Enclave Islamabad: Bahria Enclave is one of the most prestigious and secure societies in Islamabad, offering: Gated Community with 24/7 Security Wide Carpeted Roads & Underground Electricity Modern Commercial Areas & Civic Zone Parks, Mosques, Schools & Hospitals within easy reach Peaceful Environment with Scenic Views of Margalla Hills","Built in year: 2025, Parking Spaces: 1, Double Glazed Windows, Central Air Conditioning, Central Heating, Flooring, Electricity Backup, Waste Disposal, Floors: 2, Other Main Features","Bedrooms: 3, Bathrooms: 4, Servant Quarters: 1, Drawing Room, Dining Room, Kitchens: 2, Study Room, Prayer Room, Powder Room, Gym, Store Rooms: 1, Steam Room, Lounge or Sitting Room, Laundry Room, Other Rooms","Broadband Internet Access, Satellite or Cable TV Ready, Intercom, Other Business and Communication Facilities","Community Lawn or Garden, Community Swimming Pool, Community Gym, First Aid or Medical Centre, Day Care Centre, Kids Play Area, Barbeque Area, Mosque, Community Centre, Other Community Facilities","Lawn or Garden, Sauna, Jacuzzi, Other Healthcare and Recreation Facilities","Nearby Schools, Nearby Hospitals, Nearby Shopping Malls, Nearby Restaurants, Distance From Airport (kms), Nearby Public Transport Service, Other Nearby Places","Maintenance Staff, Security Staff, Facilities for Disabled, Other Facilities",,,
https://www.zameen.com/Property/bahria_enclave_bahria_enclave_-_sector_n_brand_new_house_available_for_sale_sector_n_5_marla_bahria_enclave_islamabad-53291108-11975-1.html,"Bahria Enclave - Sector N, Bahria Enclave",House,PKR2.35 Crore,4,5 Marla,For Sale,3,5 months ago,"Bahria Town, Islamabad, Islamabad Capital",Brand New House 5 Marla Sector N 3 Bed Room 3 Wash Room Tv lounge Drawing Room Tv Lounge Sarvent Room more Details contect for us,"Built in year: 2025, Parking Spaces: 1, Flooring, Floors: 2, Other Main Features","Bedrooms: 3, Bathrooms: 4, Servant Quarters: 1, Drawing Room, Dining Room, Kitchens: 2, Other Rooms","Broadband Internet Access, Satellite or Cable TV Ready",,,"Nearby Schools, Nearby Hospitals, Nearby Shopping Malls, Nearby Restaurants, Distance From Airport (kms), Nearby Public Transport Service, Other Nearby Places",,,,
https://www.zameen.com/Property/bahria_enclave_bahria_enclave_-_sector_n_brand_new_designer_house_for_sale_in_sector_n_3_bedroom_best_location_for_living_bahria_enclave_islamabad-53291078-11975-1.html,"Bahria Enclave - Sector N, Bahria Enclave",House,PKR2.6 Crore,4,5 Marla,For Sale,3,5 months ago,"Bahria Town, Islamabad, Islamabad Capital","Designer 5 Marla House for Sale A Perfect Blend of Luxury & Location Sector N Prime Location | Modern Architecture | Premium Finishing Discover elegant living in this beautifully designed 5 Marla house, offering both comfort and convenience: Property Highlights: 3 Spacious Bedrooms with attached modern bathrooms 2 Stylish TV Lounges ideal for family gatherings & entertainment Elegant Drawing Room with sophisticated detailing Car Porch for secure parking Servant Room for added convenience Modern Kitchen with premium fittings Elegant Finishing & Solid Woodwork throughout the house Location Benefits: Best Location for Living Sector N Masjid within Walking Distance Shops & Daily Essentials Nearby This home isnt just a structure its a lifestyle statement. With premium interiors and an unbeatable location, it offers everything a modern family needs. Demand: 2 Crore 60 Lakh PKR Serious buyers, contact now to book your visit and experience luxury living firsthand!","Built in year: 2025, Parking Spaces: 1, Flooring, Floors: 2, Other Main Features","Bedrooms: 3, Bathrooms: 4, Servant Quarters: 1, Drawing Room, Dining Room, Kitchens: 2, Other Rooms","Broadband Internet Access, Satellite or Cable TV Ready",,Lawn or Garden,"Nearby Schools, Nearby Hospitals, Nearby Shopping Malls, Nearby Restaurants, Distance From Airport (kms), Nearby Public Transport Service, Other Nearby Places",,,,
https://www.zameen.com/Property/bahria_enclave_cube_apartments_1_bedroom_apartment_for_sale_in_cube_apartments_bahria_enclave_islamabad-53270526-21520-1.html,"Cube Apartments, Bahria Enclave",Flat,PKR1.23 Crore,2,4.9 Marla,For Sale,1,5 months ago,"Bahria Town, Islamabad, Islamabad Capital","Experience modern living in this beautifully designed 1-bedroom apartment located in Cube Apartments, Sector A, Bahria Enclave, Islamabad. This apartment offers a perfect blend of comfort and elegance, and paid outdoor parking. --- Property Details: Covered Area: 1100 sq. ft Bedroom: 1 spacious bedroom with a luxury attached washroom Lounge: Stylish TV lounge with a powder room for guests Kitchen: Modern open kitchen with elegant fittings Terraces: 2 spacious terraces offering scenic views Utility Space: Dedicated duct room for geyser and gas cylinder Parking: Outdoor parking paid Street View --- Features & Amenities: Elegant architecture and high-quality finishes 24/7 security and CCTV surveillance Elevators and a standby generator Gated community with access to parks, a mosque, and a commercial area Peaceful environment surrounded by greenery --- Ideal For: Airbnb/ Daily Rental Business Perfect for individuals or couples looking for a peaceful, luxurious lifestyle or a high-return investment property in one of Bahria Enclaves' most sought-after projects.","Built in year: 2022, Parking Spaces: 1, Lobby in Building, Flooring, Electricity Backup, Waste Disposal, Floor: 5, Floors in Building: 9, Elevators: 5, Service Elevators in Building","Bedrooms: 1, Bathrooms: 2, Dining Room, Kitchens: 1, Powder Room, Store Rooms: 1, Lounge or Sitting Room",Broadband Internet Access,"Community Lawn or Garden, First Aid or Medical Centre, Kids Play Area, Mosque, Community Centre",,"Nearby Schools, Nearby Hospitals, Nearby Shopping Malls, Nearby Restaurants, Distance From Airport (kms), Nearby Public Transport Service, Other Nearby Places","Maintenance Staff, Security Staff, Laundry or Dry Cleaning Facility, Facilities for Disabled, Pets Not Allowed",,,
https://www.zameen.com/Property/bahria_enclave_bahria_enclave_-_sector_n_designer_brand_new_house_for_sale_in_sector_n_4_bed_with_attach_bath_at_prime_location_bahria_enclave_islamabad-53286604-11975-1.html,"Bahria Enclave - Sector N, Bahria Enclave",House,PKR3.6 Crore,5,8 Marla,For Sale,4,4 months ago,"Bahria Town, Islamabad, Islamabad Capital","Designer 8 Marla House for Sale Sector N, Bahria Enclave Islamabad Step into elegance and comfort with this stunning 8 Marla designer house located in the prestigious Sector N of Bahria Enclave. Positioned at a heighted location with breathtaking mountain scenery, this home offers a lifestyle that blends modern luxury with natural beauty. Property Features: 4 Spacious Bedrooms with Attached Baths 2 Modern Kitchens 2 Elegant Drawing Rooms + Dining Area 2 Stylish TV Lounges Servant Quarter for Added Convenience Designer Construction with Premium Finishing Beautiful Mountain View & Fresh Air Demand: 3 Crore 60 Lac (Negotiable) Why Choose This House? Prime location in a fully developed sector Surrounded by greenery and natural beauty Walking distance to mosque, park, and commercial area Access to all top-notch Bahria Enclave amenities: 24/7 Security & Gated Community Schools, Colleges & Hospital Shopping Centers & Restaurants Zoo & Family Entertainment Facilities This is not just a house its your dream home with a perfect balance of luxury, comfort, and unmatched views. For more details, contact: Rana Ehtisham View Contact Detail Designer 8 Marla House for Sale Sector N, Bahria Enclave Islamabad Step into elegance and comfort with this stunning 8 Marla designer house located in the prestigious Sector N of Bahria Enclave. Positioned at a heighted location with breathtaking mountain scenery, this home offers a lifestyle that blends modern luxury with natural beauty.","Built in year: 2025, Parking Spaces, Double Glazed Windows, Central Air Conditioning, Central Heating, Flooring, Electricity Backup, Waste Disposal, Floors: 2, Other Main Features","Bedrooms: 4, Bathrooms: 5, Servant Quarters: 1, Drawing Room, Dining Room, Kitchens: 2, Study Room, Prayer Room, Powder Room, Gym, Store Rooms: 2, Steam Room, Lounge or Sitting Room, Laundry Room, Other Rooms","Broadband Internet Access, Satellite or Cable TV Ready, Intercom, Other Business and Communication Facilities","Community Lawn or Garden, Community Swimming Pool, Community Gym, First Aid or Medical Centre, Day Care Centre, Kids Play Area, Barbeque Area, Mosque, Community Centre, Other Community Facilities","Lawn or Garden, Swimming Pool, Sauna, Jacuzzi, Other Healthcare and Recreation Facilities","Nearby Schools, Nearby Hospitals, Nearby Shopping Malls, Nearby Restaurants, Distance From Airport (kms), Nearby Public Transport Service, Other Nearby Places",,,,
https://www.zameen.com/Property/gt_road_el_cielo_3_bedroom_defence_residency_dha_phase_2_gate_2_islamabad-53047344-10358-1.html,"El Cielo, GT Road",Flat,PKR1.45 Crore,3,6.2 Marla,For Sale,3,2 weeks ago,"GT Road, Islamabad, Islamabad Capital",El cielo tower 3 bedroom Tv lounge Kitchen Store 3 bathroom Balcony Park Parking Size 1400 sqft,,,,,,,,,,
https://www.zameen.com/Property/top_city_1_top_city_1_-_block_d_ideally_located_prime_location_house_for_sale_in_top_city_1_-_block_d_available-53015730-9233-1.html,"Top City 1 - Block D, Top City 1",House,PKR5.6 Crore,-,13 Marla,For Sale,-,5 months ago,"Top City 1, Islamabad, Islamabad Capital","cornor polt Extera lend Unable to find investment opportunities in Islamabad? Check out our listings. This is the best opportunity for you to buy this property at the lowest possible price. The newly constructed House is built keeping in mind the modern day needs. Make use of the best offer available on 13 Marla properties right now. The properties in Top City 1 - Block D will have all the day to day facilities at a close reach. The well-constructed House carries a price tag of PKR Rs. 57500000 and you shouldn't miss this offer. Features of property as follow. Cleanliness is ensured at all times through an effective waste disposal system. Impress your guests with this spacious and gorgeous drawing room. A spacious laundry room is part of the House where you can install your washing machine. For big families, the spacious sitting room that comes with this property is perfect. Feeling stressed? Simply step into the steam room that is part of the House for a few minutes. Central air conditioning in the House can save you from the outside heat. The House has a central heating system installed which is especially useful during winters. For further correspondence about the property, you can fill the form and we'll get in touch.",,"Bedrooms: 8, Bathrooms: 8, Servant Quarters: 1, Drawing Room, Dining Room, Kitchens: 4, Study Room, Prayer Room, Powder Room, Gym, Steam Room, Lounge or Sitting Room, Laundry Room","Broadband Internet Access, Satellite or Cable TV Ready, Intercom","Community Lawn or Garden, Community Swimming Pool, Community Gym, First Aid or Medical Centre, Day Care Centre, Kids Play Area, Barbeque Area, Mosque, Community Centre","Lawn or Garden, Swimming Pool, Sauna, Jacuzzi",,,,,
https://www.zameen.com/Property/islamabad_top_city_1_brand_new_lowest_rate_kanal_house-53117008-1383-1.html,"Top City 1, Islamabad",House,PKR7.5 Crore,6,1 Kanal,For Sale,7,3 months ago,"Top City 1, Islamabad, Islamabad Capital","Brand New 1 Kanal House for Sale Block C, Top City An exceptional opportunity to own a brand new 1 Kanal house in the heart of Block C, Top City. Perfectly located facing Murree, this stunning property is just steps away from park, mosque, and commercial area making it an ideal home for families who value both comfort and convenience. Key Highlights: Prime location in Block C, facing Murree side Walking distance to park, mosque, and commercial zone Brand new construction with solid structure and elegant finishing Spacious and well-ventilated layout designed for modern living Premium fittings and fixtures (A++ quality) Lowest priced brand new house in Block C unmatched deal for serious buyers Why Choose This House? This property combines luxury, practicality, and affordability in one package. Whether for personal living or investment, it is the best-value brand new 1 Kanal house available in Block C today.","Built in year: 2025, Parking Spaces: 3, Flooring, Floors: 2, Furnished","Bedrooms: 8, Bathrooms: 8, Servant Quarters: 1, Drawing Room, Dining Room, Kitchens: 2, Study Room, Prayer Room, Powder Room, Store Rooms: 2, Lounge or Sitting Room, Laundry Room","Broadband Internet Access, Satellite or Cable TV Ready, Intercom","Community Lawn or Garden, Community Swimming Pool, Community Gym, First Aid or Medical Centre, Day Care Centre, Kids Play Area, Barbeque Area, Mosque, Community Centre","Lawn or Garden, Sauna","Nearby Schools, Nearby Hospitals, Nearby Shopping Malls, Nearby Restaurants, Distance From Airport (kms), Nearby Public Transport Service, Other Nearby Places","Maintenance Staff, Security Staff, Facilities for Disabled, Other Facilities",,,
https://www.zameen.com/Property/dha_valley_oleander_sector_oleander_sector_-_dha_homes_block_a_8_marla_brand_new_double_storey_corner_home_with_extra_land_complete_grills_installed-53239436-16792-1.html,"Oleander Sector - DHA Homes Block A, DHA Valley - Oleander Sector",House,PKR1.55 Crore,3,8 Marla,For Sale,3,5 months ago,"DHA Defence, Islamabad, Islamabad Capital",8 Marla Brand New Double Story Corner Home With Extra Land Complete Grills Installed More Options Available,"Parking Spaces: 2, Flooring, Waste Disposal, Floors: 2, Other Main Features","Bedrooms: 3, Bathrooms: 3, Servant Quarters: 1, Drawing Room, Dining Room, Kitchens: 1, Store Rooms: 1, Lounge or Sitting Room","Broadband Internet Access, Satellite or Cable TV Ready, Other Business and Communication Facilities","Community Lawn or Garden, Community Gym, First Aid or Medical Centre, Day Care Centre, Kids Play Area, Mosque, Community Centre, Other Community Facilities","Lawn or Garden, Other Healthcare and Recreation Facilities","Nearby Schools, Nearby Hospitals, Nearby Shopping Malls, Nearby Public Transport Service, Other Nearby Places","Maintenance Staff, Security Staff, Other Facilities",,,
https://www.zameen.com/Property/islamabad_national_police_foundation_o-9_brand_new_05_marla_house_for_sale-53333383-331-1.html,"National Police Foundation O-9, Islamabad",House,PKR2.45 Crore,5,5 Marla,For Sale,5,5 months ago,"National Police Foundation O-9, Islamabad, Islamabad Capital",5 marla double storey house for sale. Near mosque school and market. Car parking and seperate kitchens also available.,"Built in year: 2025, Parking Spaces: 2, Double Glazed Windows, Central Air Conditioning, Central Heating, Flooring, Electricity Backup, Waste Disposal, Floors: 3, Other Main Features, Furnished","Bedrooms: 5, Bathrooms: 6, Servant Quarters: 1, Drawing Room, Dining Room, Kitchens: 3, Study Room, Prayer Room, Powder Room, Gym, Store Rooms: 1, Steam Room, Lounge or Sitting Room, Laundry Room, Other Rooms","Broadband Internet Access, Satellite or Cable TV Ready, Intercom, Other Business and Communication Facilities","Community Lawn or Garden, Community Swimming Pool, Community Gym, First Aid or Medical Centre, Day Care Centre, Kids Play Area, Barbeque Area, Mosque, Community Centre, Other Community Facilities","Lawn or Garden, Swimming Pool, Sauna, Jacuzzi, Other Healthcare and Recreation Facilities","Nearby Schools, Nearby Hospitals, Nearby Shopping Malls, Nearby Restaurants, Distance From Airport (kms), Nearby Public Transport Service, Other Nearby Places","Maintenance Staff, Security Staff, Facilities for Disabled, Other Facilities",,,
https://www.zameen.com/Property/f_8_f-8_3_f-8_brand_new_house_for_sale-49452597-3316-1.html,"F-8/3, F-8",House,PKR45 Crore,-,17.8 Marla,For Sale,6,3 months ago,"F-8, Islamabad, Islamabad Capital","Marriott Estate And Builders Offer a Ideal House having following properties:- 1. Have 6 bedrooms with attached washrooms. 2. Two advanced kitchens. 3. Two T. V lounges, 4. Drawing room 5. Dining room, 6. Beautiful lawn 7. Terrace, 8. Servant rooms 9. Multiple car parkings 10. Installed air conditioners, 11. Central heating system 12. Water bore. We have also multiple options available for sale and rent in sectors F-6, F-7, F-8, E-7, G-6(3) F-10, F-11 Islamabad For further assistance please contact with us.","Built in year: 2024, Parking Spaces: 7, Double Glazed Windows, Central Air Conditioning, Central Heating, Flooring, Electricity Backup, Waste Disposal, Floors: 3, Other Main Features, Furnished","Bedrooms: 6, Bathrooms: 7, Servant Quarters: 2, Drawing Room, Dining Room, Kitchens: 2, Study Room, Prayer Room, Powder Room, Gym, Store Rooms, Steam Room, Lounge or Sitting Room, Laundry Room, Other Rooms","Broadband Internet Access, Satellite or Cable TV Ready, Intercom, Other Business and Communication Facilities","Community Lawn or Garden, Community Swimming Pool, Community Gym, First Aid or Medical Centre, Day Care Centre, Kids Play Area, Barbeque Area, Mosque, Community Centre, Other Community Facilities","Lawn or Garden, Swimming Pool, Sauna, Jacuzzi, Other Healthcare and Recreation Facilities","Nearby Schools, Nearby Hospitals, Nearby Shopping Malls, Nearby Restaurants, Distance From Airport (kms), Nearby Public Transport Service, Other Nearby Places","Maintenance Staff, Security Staff, Facilities for Disabled, Other Facilities",,,
https://www.zameen.com/Property/islamabad_f-6_f-6_brand_new_house_for_sale-52847953-164-1.html,"F-6, Islamabad",House,PKR1 Arab,-,2 Kanal,For Sale,7,4 months ago,"F-6, Islamabad, Islamabad Capital",F-6 BRAND NEW HOUSE FOR SALE 7 BEDROOMS,"Built in year, Parking Spaces: 4, Double Glazed Windows, Central Air Conditioning, Central Heating, Flooring, Electricity Backup, Waste Disposal, Floors, Other Main Features, Furnished","Bedrooms: 5, Bathrooms: 6, Servant Quarters: 1, Drawing Room, Dining Room, Kitchens: 2, Study Room, Prayer Room, Powder Room, Gym, Store Rooms: 1, Steam Room, Lounge or Sitting Room, Laundry Room, Other Rooms","Broadband Internet Access, Satellite or Cable TV Ready, Intercom, Other Business and Communication Facilities","Community Lawn or Garden, Community Swimming Pool, Community Gym, First Aid or Medical Centre, Day Care Centre, Kids Play Area, Barbeque Area, Mosque, Community Centre, Other Community Facilities","Lawn or Garden, Swimming Pool, Sauna, Jacuzzi, Other Healthcare and Recreation Facilities","Nearby Schools, Nearby Hospitals, Nearby Shopping Malls, Nearby Restaurants, Distance From Airport (kms), Nearby Public Transport Service, Other Nearby Places","Maintenance Staff, Security Staff, Facilities for Disabled, Other Facilities",,,
https://www.zameen.com/Property/islamabad_f-7_f-7_house_for_sale_demolishable_house-45399825-165-1.html,"F-7, Islamabad",House,PKR41 Crore,3,2.1 Kanal,For Sale,3,3 months ago,"F-7, Islamabad, Islamabad Capital","Marriott Estate And Builders Offer a Ideal House having following properties:- 1. Have 6 bedrooms with attached washrooms. 2. Two advanced kitchens. 3. Two T. V lounges, 4. Drawing room 5. Dining room, 6. Beautiful lawn 7. Terrace, 8. Servant rooms 9. Multiple car parking 10. Installed air conditioners, 11. Central heating system 12. Water bore. We have also multiple options available for sale and rent in sectors F-6, F-7, F-8, E-7, G-6(3) F-10, F-11 Islamabad For further assistance please contact with us.","Built in year: 1999, Parking Spaces: 7, Double Glazed Windows, Central Air Conditioning, Central Heating, Flooring, Electricity Backup, Waste Disposal, Floors: 2, Other Main Features","Bedrooms: 4, Bathrooms: 5, Servant Quarters: 2, Drawing Room, Dining Room, Kitchens: 2, Study Room, Prayer Room, Powder Room, Gym, Store Rooms: 2, Steam Room, Lounge or Sitting Room, Laundry Room, Other Rooms","Broadband Internet Access, Satellite or Cable TV Ready, Intercom, Other Business and Communication Facilities","Community Lawn or Garden, Community Swimming Pool, Community Gym, First Aid or Medical Centre, Day Care Centre, Kids Play Area, Barbeque Area, Mosque, Community Centre, Other Community Facilities","Sauna, Jacuzzi, Other Healthcare and Recreation Facilities","Nearby Schools, Nearby Hospitals, Nearby Shopping Malls, Nearby Restaurants, Distance From Airport (kms), Nearby Public Transport Service, Other Nearby Places","Maintenance Staff, Security Staff, Facilities for Disabled, Other Facilities",,,
https://www.zameen.com/Property/islamabad_f-6_f-6_house_for_sale-45365660-164-1.html,"F-6, Islamabad",House,PKR33 Crore,6,1 Kanal,For Sale,5,3 months ago,"F-6, Islamabad, Islamabad Capital","Marriott Estate And Builders Offer a Ideal House having following properties:- 1. Have 6 bedrooms with attached washrooms. 2. Two advanced kitchens. 3. Two T. V lounges, 4. Drawing room 5. Dining room, 6. Beautiful lawn 7. Terrace, 8. Servant rooms 9. Multiple car parkings 10. Installed air conditioners, 11. Central heating system 12. Water bore. We have also multiple options available for sale and rent in sectors F-6, F-7, F-8, E-7, G-6(3) F-10, F-11 Islamabad For further assistance please contact with us.","Built in year: 1999, Parking Spaces: 7, Double Glazed Windows, Central Air Conditioning, Central Heating, Flooring, Electricity Backup, Waste Disposal, Floors: 2, Other Main Features, Furnished","Bedrooms: 6, Bathrooms: 7, Servant Quarters: 2, Drawing Room, Dining Room, Kitchens: 2, Study Room, Prayer Room, Powder Room, Gym, Store Rooms: 1, Steam Room, Lounge or Sitting Room, Laundry Room, Other Rooms","Broadband Internet Access, Satellite or Cable TV Ready, Intercom, Other Business and Communication Facilities","Community Lawn or Garden, Community Swimming Pool, Community Gym, First Aid or Medical Centre, Day Care Centre, Kids Play Area, Barbeque Area, Mosque, Community Centre, Other Community Facilities","Lawn or Garden, Swimming Pool, Sauna, Jacuzzi, Other Healthcare and Recreation Facilities","Nearby Schools, Nearby Hospitals, Nearby Shopping Malls, Nearby Restaurants, Distance From Airport (kms), Nearby Public Transport Service, Other Nearby Places","Maintenance Staff, Security Staff, Facilities for Disabled, Other Facilities",,,
https://www.zameen.com/Property/islamabad_d-12_d-12_new_house_for_sale-49453559-160-1.html,"D-12, Islamabad",House,PKR28 Crore,-,1.2 Kanal,For Sale,6,5 months ago,"D-12, Islamabad, Islamabad Capital","Marriott Estate And Builders Offer a Ideal House having following properties:- 1. Have 6 bedrooms with attached washrooms. 2. Two advanced kitchens. 3. Two T. V lounges, 4. Drawing room 5. Dining room, 6. Beautiful lawn 7. Terrace, 8. Servant rooms 9. Multiple car parkings 10. Installed air conditioners, 11. Central heating system 12. Water bore. We have also multiple options available for sale and rent in sectors F-6, F-7, F-8, E-7, G-6(3) F-10, F-11 Islamabad For further assistance please contact with us.","Built in year: 2021, Parking Spaces: 5, Double Glazed Windows, Central Air Conditioning, Central Heating, Flooring, Electricity Backup, Floors: 3","Bedrooms: 6, Bathrooms: 7, Servant Quarters: 2, Drawing Room, Dining Room, Kitchens: 2, Study Room, Prayer Room, Powder Room, Gym, Steam Room, Lounge or Sitting Room, Laundry Room","Broadband Internet Access, Satellite or Cable TV Ready, Intercom","Community Lawn or Garden, Community Swimming Pool, Community Gym, First Aid or Medical Centre, Day Care Centre, Kids Play Area, Barbeque Area, Mosque, Community Centre","Sauna, Jacuzzi","Nearby Schools, Nearby Hospitals, Nearby Shopping Malls, Nearby Restaurants, Distance From Airport (kms), Nearby Public Transport Service, Other Nearby Places","Maintenance Staff, Security Staff, Facilities for Disabled, Other Facilities",,,
https://www.zameen.com/Property/islamabad_f-8_f-8_brand_new_house_for_sale-49521231-166-1.html,"F-8, Islamabad",House,PKR37 Crore,-,1 Kanal,For Sale,7,4 months ago,"F-8, Islamabad, Islamabad Capital","Marriott Estate And Builders Offer a Ideal House having following properties:- 1. Have 6 bedrooms with attached washrooms. 2. Two advanced kitchens. 3. Two T. V lounges, 4. Drawing room 5. Dining room, 6. Beautiful lawn 7. Terrace, 8. Servant rooms 9. Multiple car parking 10. Installed air conditioners, 11. Central heating system 12. Water bore. We have also multiple options available for sale and rent in sectors F-6, F-7, F-8, E-7, G-6(3) F-10, F-11 Islamabad For further assistance please contact with us.","Built in year: 2012, Parking Spaces: 5, Double Glazed Windows, Central Air Conditioning, Central Heating, Flooring, Electricity Backup","Bedrooms: 6, Bathrooms: 7, Servant Quarters: 2, Drawing Room, Dining Room, Kitchens: 2, Study Room, Prayer Room, Powder Room, Gym, Steam Room, Lounge or Sitting Room, Laundry Room","Broadband Internet Access, Satellite or Cable TV Ready, Intercom","Community Lawn or Garden, Community Gym, First Aid or Medical Centre, Day Care Centre, Kids Play Area, Barbeque Area, Mosque, Community Centre","Sauna, Jacuzzi","Nearby Schools, Nearby Hospitals, Nearby Shopping Malls, Nearby Restaurants, Distance From Airport (kms), Nearby Public Transport Service, Other Nearby Places","Maintenance Staff, Security Staff, Facilities for Disabled, Other Facilities",,,
https://www.zameen.com/Property/islamabad_f-7_f-8_house_for_sale-49855153-165-1.html,"F-7, Islamabad",House,PKR1.8 Arab,5,4 Kanal,For Sale,7,3 months ago,"F-7, Islamabad, Islamabad Capital","Marriott Estate And Builders Offer a Ideal House having following properties:- 1. Have 7 bedrooms with attached washrooms. 2. Two advanced kitchens. 3. Two T. V lounges, 4. Drawing room 5. Dining room, 6. Beautiful lawn 7. Terrace, 8. Servant rooms 9. Multiple car parkings 10. Installed air conditioners, 11. Central heating system 12. Water bore. We have also multiple options available for sale and rent in sectors F-6, F-7, F-8, E-7, G-6(3) F-10, F-11 Islamabad For further assistance please contact with us.","Built in year: 2009, Parking Spaces: 7, Double Glazed Windows, Central Air Conditioning, Central Heating, Flooring, Electricity Backup, Waste Disposal, Floors: 2, Other Main Features, Furnished","Bedrooms: 4, Bathrooms: 5, Servant Quarters: 2, Drawing Room, Dining Room, Kitchens: 2, Study Room, Prayer Room, Powder Room, Gym, Steam Room, Lounge or Sitting Room, Laundry Room, Other Rooms","Broadband Internet Access, Satellite or Cable TV Ready, Intercom, Other Business and Communication Facilities","Community Lawn or Garden, Community Gym, First Aid or Medical Centre, Day Care Centre, Kids Play Area, Barbeque Area, Mosque, Community Centre, Other Community Facilities","Lawn or Garden, Sauna, Jacuzzi","Nearby Schools, Nearby Hospitals, Nearby Shopping Malls, Nearby Restaurants, Distance From Airport (kms), Nearby Public Transport Service, Other Nearby Places","Maintenance Staff, Security Staff, Facilities for Disabled, Other Facilities",,,
https://www.zameen.com/Property/islamabad_g-13_25_40_4_marla_brandnew_house_for_sale_g-13-53346058-330-1.html,"G-13, Islamabad",House,PKR3.6 Crore,4,4 Marla,For Sale,4,5 months ago,"G-13, Islamabad, Islamabad Capital","Best Location House For Sale In G-13 50 Ft Wide Road Excellent Wood, Tile Work Done 4 Bed With Attach Bath 2 Kitchen Mummty With Bath Boring, Electricity Metres For More Details Contact","Built in year: 2025, Parking Spaces, Double Glazed Windows, Central Air Conditioning, Flooring, Electricity Backup, Waste Disposal","Bedrooms: 3, Bathrooms: 3, Servant Quarters: 1, Drawing Room, Dining Room, Kitchens: 2, Store Rooms: 1, Lounge or Sitting Room","Broadband Internet Access, Intercom","Community Lawn or Garden, Community Gym, First Aid or Medical Centre, Day Care Centre, Kids Play Area, Mosque, Community Centre",,,,,,
https://www.zameen.com/Property/mpchs_multi_gardens_mpchs_-_block_f_5_marla_luxury_house_for_sale_in_multi_garden_b_17_islamabad-52459432-8527-1.html,"MPCHS - Block F, MPCHS - Multi Gardens",House,PKR2.15 Crore,5,5 Marla,For Sale,4,2 days ago,"B-17, Islamabad, Islamabad Capital",Size 25x50 5 Marla Brand New House Double Story Double Unit 60 Feet Wide Street Sun Face Water Boring Gas Electricity Good Location A++ Construction Walking Distance From Masque Main Commercial Market Park School For More Information Contact:,"Built in year: 2025, Parking Spaces: 1, Flooring, Electricity Backup, Floors: 2","Bedrooms: 4, Bathrooms: 5, Servant Quarters: 1, Drawing Room, Dining Room, Kitchens: 2, Prayer Room, Powder Room, Gym, Store Rooms: 1, Steam Room, Lounge or Sitting Room, Laundry Room","Broadband Internet Access, Satellite or Cable TV Ready, Intercom","Community Lawn or Garden, Community Swimming Pool, Community Gym, First Aid or Medical Centre, Day Care Centre, Kids Play Area, Barbeque Area, Mosque, Community Centre","Lawn or Garden, Swimming Pool, Sauna, Jacuzzi","Nearby Schools, Nearby Hospitals, Nearby Shopping Malls, Nearby Restaurants, Distance From Airport (kms), Nearby Public Transport Service, Other Nearby Places","Security Staff, Other Facilities",,,
https://www.zameen.com/Property/f_10_f-10_3_house_for_sale_80x120-52750514-3278-1.html,"F-10/3, F-10",House,PKR50 Crore,-,2.1 Kanal,For Sale,-,5 days ago,"F-10, Islamabad, Islamabad Capital",#Top Location #CDA Transfer #6 Rooms With Attah Bath #Renovated House # Single Owner,,,,,,"Nearby Schools, Nearby Hospitals, Nearby Shopping Malls, Nearby Restaurants, Distance From Airport (kms), Nearby Public Transport Service, Other Nearby Places","Security Staff, Other Facilities",,,
https://www.zameen.com/Property/islamabad_f-11_magnificent_5-bed_residence_in_prime_f-11_location_-_cda_transfer-50169212-163-1.html,"F-11, Islamabad",House,PKR16.5 Crore,6,1 Kanal,For Sale,5,3 months ago,"F-11, Islamabad, Islamabad Capital","Step into opulence with this exquisite 5-bedroom, 6-bathroom residence nestled in the exclusive F-11 sector. Featuring 2 dining areas, 2 TV lounges, and 2 kitchens, this home offers unparalleled comfort and functionality. Boasting a prime location and CDA transfer, this property is a testament to refined living. Priced at 15 crores, this leviable house is an embodiment of sophistication. Explore luxury living at its finest - contact us now to schedule a viewing and discover more exclusive options in the coveted F-sectors.","Built in year: 2023, Parking Spaces, Double Glazed Windows, Central Air Conditioning, Central Heating, Flooring, Electricity Backup, Waste Disposal, Other Main Features, Furnished","Bedrooms: 5, Bathrooms: 6, Servant Quarters: 1, Drawing Room, Dining Room, Kitchens: 2, Study Room, Powder Room, Lounge or Sitting Room, Laundry Room, Other Rooms","Broadband Internet Access, Satellite or Cable TV Ready, Intercom, Other Business and Communication Facilities","Community Lawn or Garden, Community Swimming Pool, Community Gym, First Aid or Medical Centre, Day Care Centre, Kids Play Area, Barbeque Area, Mosque, Community Centre, Other Community Facilities",Other Healthcare and Recreation Facilities,"Nearby Schools, Nearby Hospitals, Nearby Shopping Malls, Nearby Restaurants, Distance From Airport (kms), Nearby Public Transport Service, Other Nearby Places","Maintenance Staff, Security Staff, Facilities for Disabled, Other Facilities",,,
https://www.zameen.com/Property/islamabad_mumtaz_city_ideal_location_brand_new_house_for_sale_in_mumtaz_city_islamabad-52916808-3464-1.html,"Mumtaz City, Islamabad",House,PKR3 Crore,6,8 Marla,For Sale,5,4 months ago,"Mumtaz City, Islamabad, Islamabad Capital",Ideal Location Brand New House For Sale In Mumtaz City Islamabad Near Kashmir Highway Near Metro Bas Stop Near International Airport 4km Near Motorway Lahore Motorway Peshawar Facilities Electricity Gas Water Supply What Percentage Plant Mosque Family Park 24 Security,"Built in year: 1, Parking Spaces: 2, Double Glazed Windows, Central Air Conditioning, Central Heating, Flooring, Electricity Backup, Waste Disposal, Floors: 2, Other Main Features","Bedrooms: 5, Bathrooms: 6, Servant Quarters: 1, Drawing Room, Dining Room, Kitchens: 2, Study Room, Prayer Room, Powder Room, Gym, Store Rooms: 2, Steam Room, Lounge or Sitting Room, Laundry Room, Other Rooms","Broadband Internet Access, Satellite or Cable TV Ready, Intercom, Other Business and Communication Facilities","Community Lawn or Garden, Community Swimming Pool, Community Gym, First Aid or Medical Centre, Day Care Centre, Kids Play Area, Barbeque Area, Mosque, Community Centre, Other Community Facilities","Lawn or Garden, Swimming Pool, Sauna, Jacuzzi, Other Healthcare and Recreation Facilities","Nearby Schools, Nearby Hospitals, Nearby Shopping Malls, Nearby Restaurants, Distance From Airport (kms), Nearby Public Transport Service, Other Nearby Places","Maintenance Staff, Security Staff, Facilities for Disabled, Other Facilities",,,
https://www.zameen.com/Property/islamabad_chak_shahzad_40_kanal_farm_house_in_beautiful_location_of_chak_shahzad_in_chak_shahzad-52859270-158-1.html,"Chak Shahzad, Islamabad",Farm House,PKR80 Crore,-,40 Kanal,For Sale,-,3 days ago,"Chak Shahzad, Islamabad, Islamabad Capital","40 kanal farm house in chak shahzad st 4 16 B house built more than 6000 s/f covered area fruits vegetables and poultry farming Cda transfer Our listing is the best choice for you if you're searching for property sized 40 Kanal. Explore all the property you could ask for in Chak Shahzad. For those of you who are interested, Chak Shahzad is offering a lucrative opportunity of investment. The Farm House is valued at a price of PKR Rs. 800000000 and it's the best opportunity for investment. Buy a Farm House from an investment point of view in Chak Shahzad and enjoy later. Buying this property today can save you from future hassles. Some prominent details of the property are as follows. Your kids can play to their heart's content in the play area adjoining the property. Waste disposal management services ensures the premise is kept clean. Sauna is a great way to lose weight and with access on the property you can make full use of it. Setup the barbecue area at home, just the way you like and impress your guests. A Jacuzzi adds a whole new level of luxury to this residence. To bring a touch of nature to the surroundings, the Farm House also has a community lawn nearby. The building is guarded by professional security staff at all times which makes it a secure area for living. For booking details, call us on the given numbers.","Built in year: 2010, Parking Spaces, Double Glazed Windows, Central Air Conditioning, Flooring, Electricity Backup, Waste Disposal, Other Main Features","Servant Quarters: 1, Other Rooms","Broadband Internet Access, Satellite or Cable TV Ready, Intercom, Other Business and Communication Facilities","Community Lawn or Garden, Community Swimming Pool, Community Gym, First Aid or Medical Centre, Day Care Centre, Kids Play Area, Barbeque Area, Mosque, Community Centre, Other Community Facilities","Lawn or Garden, Sauna, Jacuzzi, Other Healthcare and Recreation Facilities","Nearby Schools, Nearby Hospitals, Nearby Shopping Malls, Nearby Restaurants, Distance From Airport (kms), Nearby Public Transport Service, Other Nearby Places","Maintenance Staff, Security Staff, Facilities for Disabled, Other Facilities",,,
https://www.zameen.com/Property/f_8_the_centaurus_3_bed_fully_furnished_apartment_for_sale_in_the_centaurus-53233748-8349-1.html,"The Centaurus, F-8",Flat,PKR14 Crore,3,12.6 Marla,For Sale,3,5 days ago,"F-8, Islamabad, Islamabad Capital",Ideal Location On 16th Floor Fully Furnished 3 Bed With Attached Washroom Lounge Tower B,"Built in year: 2010, Parking Spaces: 1, Lobby in Building, Double Glazed Windows, Central Air Conditioning, Central Heating, Flooring, Electricity Backup, Waste Disposal, Floor: 20, Floors in Building: 22, Elevators: 2, Service Elevators in Building, Other Main Features, Furnished","Bedrooms: 3, Bathrooms: 3, Servant Quarters: 1, Drawing Room, Dining Room, Kitchens: 1, Study Room, Prayer Room, Powder Room, Gym, Store Rooms: 1, Steam Room, Lounge or Sitting Room, Laundry Room, Other Rooms","Broadband Internet Access, Satellite or Cable TV Ready, Business Center or Media Room in Building, Conference Room in Building, Intercom, ATM Machines, Other Business and Communication Facilities","Community Lawn or Garden, Community Swimming Pool, Community Gym, First Aid or Medical Centre, Day Care Centre, Kids Play Area, Barbeque Area, Mosque, Community Centre, Other Community Facilities","Sauna, Jacuzzi, Other Healthcare and Recreation Facilities","Nearby Schools, Nearby Hospitals, Nearby Shopping Malls, Nearby Restaurants, Distance From Airport (kms), Nearby Public Transport Service, Other Nearby Places","Maintenance Staff, Security Staff, Laundry or Dry Cleaning Facility, Communal/Shared Kitchen, Facilities for Disabled, Pets Allowed, Other Facilities",,,
https://www.zameen.com/Property/islamabad_g-11_main_double_road_10_marla_house_for_sale_in_g11-53233756-168-1.html,"G-11, Islamabad",House,PKR9.15 Crore,5,10 Marla,For Sale,5,22 hours ago,"G-11, Islamabad, Islamabad Capital",Main Double Road Ideal Location 5 Bed With Attached Washroom 2 Kitchen Lounge All Basic Facilities Are Available 2 Gas And 2 Electricity Motors Available,"Built in year: 2015, Parking Spaces: 4, Double Glazed Windows, Central Air Conditioning, Central Heating, Flooring, Electricity Backup, Waste Disposal, Floors: 2, Other Main Features, Furnished","Bedrooms: 7, Bathrooms: 5, Servant Quarters: 1, Drawing Room, Dining Room, Kitchens: 2, Study Room, Prayer Room, Powder Room, Gym, Store Rooms: 1, Steam Room, Lounge or Sitting Room, Laundry Room, Other Rooms","Broadband Internet Access, Satellite or Cable TV Ready, Intercom, Other Business and Communication Facilities","Community Lawn or Garden, Community Swimming Pool, Community Gym, First Aid or Medical Centre, Day Care Centre, Kids Play Area, Barbeque Area, Mosque, Community Centre, Other Community Facilities","Lawn or Garden, Swimming Pool, Sauna, Jacuzzi, Other Healthcare and Recreation Facilities","Nearby Schools, Nearby Hospitals, Nearby Shopping Malls, Nearby Restaurants, Distance From Airport (kms), Nearby Public Transport Service, Other Nearby Places","Maintenance Staff, Security Staff, Facilities for Disabled, Other Facilities",,,
https://www.zameen.com/Property/islamabad_i-14_6_marla_double_story_new_house_for_sale-53121290-1045-1.html,"I-14, Islamabad",House,PKR3 Crore,5,6 Marla,For Sale,5,4 months ago,"I-14, Islamabad, Islamabad Capital","DOUBLE STORY NEW HOUSE FOR SALE. . . Heres a verified listing that matches your criteria perfectly, Umar: 6 Marla Double-Story Brand New House in CDA Sector I-14/1, Islamabad - Plot Size: 25x60 (6 Marla) - Bedrooms: 5 - Bathrooms: 5 - Kitchens: 2 - Drawing Rooms: 2 - TV Lounges: 2 - Car Porch: Yes - Demand: PKR 03 Crore This property is owner-built and located in a developed part of I-14/1, offering solid construction and spacious accommodation. If you're evaluating pair plots or looking for long-term appreciation, this could be a strategic fit given I-14s improving infrastructure and proximity to key routes. FOR MORE INFO PLZ CONTACT. . . AL-REHMAN REAL ESTATE. . .","Built in year: 2023, Parking Spaces: 1, Flooring, Electricity Backup, Floors: 2","Bedrooms: 5, Bathrooms: 5, Drawing Room, Dining Room, Kitchens: 3, Store Rooms, Lounge or Sitting Room","Broadband Internet Access, Satellite or Cable TV Ready, Other Business and Communication Facilities","Community Gym, First Aid or Medical Centre, Day Care Centre, Kids Play Area, Mosque",,"Nearby Schools, Nearby Hospitals, Nearby Shopping Malls, Nearby Restaurants, Distance From Airport (kms), Nearby Public Transport Service, Other Nearby Places",,,,
https://www.zameen.com/Property/f_11_f-11_3_investor_price_demolisheable_house_available_for_sale_in_f11_3-50889815-3284-1.html,"F-11/3, F-11",House,PKR29 Crore,6,2 Kanal,For Sale,6,3 months ago,"F-11, Islamabad, Islamabad Capital",investor price house available for sale in f11/3 demolisheable house prime location size 1000 sq yard (2 kanal) cda transfer demand 29 cr negotiable,"Built in year: 2024, Parking Spaces: 5, Double Glazed Windows, Central Air Conditioning, Central Heating, Flooring, Electricity Backup, Waste Disposal, Floors: 2, Other Main Features, Furnished","Bedrooms: 6, Bathrooms: 62, Servant Quarters: 2, Drawing Room, Dining Room, Kitchens: 2, Study Room, Prayer Room, Powder Room, Gym, Store Rooms: 2, Steam Room, Lounge or Sitting Room, Laundry Room, Other Rooms","Broadband Internet Access, Satellite or Cable TV Ready, Intercom, Other Business and Communication Facilities","Community Lawn or Garden, Community Swimming Pool, Community Gym, First Aid or Medical Centre, Day Care Centre, Kids Play Area, Barbeque Area, Mosque, Community Centre, Other Community Facilities","Lawn or Garden, Sauna, Other Healthcare and Recreation Facilities","Nearby Schools, Nearby Hospitals, Nearby Shopping Malls, Nearby Restaurants, Distance From Airport (kms), Nearby Public Transport Service, Other Nearby Places","Maintenance Staff, Security Staff, Facilities for Disabled, Other Facilities",,,
https://www.zameen.com/Property/mpchs_multi_gardens_mpchs_-_block_c_5_marla_brand_new_house_for_sale_in_multi_gardens_b-17_islamabad-53100151-3118-1.html,"MPCHS - Block C, MPCHS - Multi Gardens",House,PKR2.15 Crore,5,5 Marla,For Sale,4,2 days ago,"B-17, Islamabad, Islamabad Capital","A beautifully constructed 5 Marla Corner House is available for sale in F Block Double Story Double Unit Solid land Prime Location 4 Bedrooms with Attached Washrooms 2 Drawing Rooms 2 Spacious TV Lounges 2 Modern Kitchens 4 Washrooms 1 Servant Quarter with Attached bathroom 1 Car Parking Spaces Water boring installation Electricity connection install Additional Details: A+ Construction & Modern Finishing Corner House Extra Space & Ventilation Prime Location in Faisal Hills C Block Near Masjid, Park, and Commercial Area Demand: 1 Crore 65 Lakh Only For More Details & Visit: Zohaib Adalat Baloch","Built in year: 2025, Parking Spaces: 1, Central Heating, Flooring, Electricity Backup, Waste Disposal, Floors: 2","Bedrooms: 4, Bathrooms: 6, Servant Quarters: 1, Drawing Room, Dining Room, Kitchens: 2, Study Room, Prayer Room, Powder Room, Gym, Store Rooms: 1, Steam Room, Lounge or Sitting Room, Laundry Room","Broadband Internet Access, Satellite or Cable TV Ready, Intercom","Community Lawn or Garden, Community Swimming Pool, Community Gym, First Aid or Medical Centre, Day Care Centre, Kids Play Area, Barbeque Area, Mosque, Community Centre","Lawn or Garden, Swimming Pool, Sauna, Jacuzzi","Nearby Schools, Nearby Hospitals, Nearby Shopping Malls, Nearby Restaurants, Distance From Airport (kms), Nearby Public Transport Service, Other Nearby Places",,,,
https://www.zameen.com/Property/bahria_town_bahria_enclave_10_marla_house_for_sale_sector_c2_bahria_enclave_islamabad-52913595-1705-1.html,"Bahria Enclave, Bahria Town",House,PKR4.95 Crore,6,10 Marla,For Sale,5,5 months ago,"Bahria Town, Islamabad, Islamabad Capital","10 Marla House for Sale Sector C2, Bahria Enclave Islamabad Presenting a well-built 10 Marla sun-facing house in the prime location of Sector C2, Bahria Enclave Islamabad. 5 Spacious Bedrooms with attached modern washrooms Located on 80-feet wide boulevard road Sun-Facing Bright and well-ventilated home Just 2 minutes drive from the main entrance of Bahria Enclave Solid Construction with top-class materials and elegant finishing Ideal for comfortable living or long-term investment Peaceful surroundings and easy access make this an ideal family home. Contact: us Euro Homes Real Estate & Builders","Built in year: 2024, Parking Spaces: 3, Double Glazed Windows, Central Air Conditioning, Central Heating, Flooring, Electricity Backup, Waste Disposal, Floors: 2, Other Main Features, Furnished","Bedrooms: 5, Bathrooms: 6, Servant Quarters: 1, Drawing Room, Dining Room, Kitchens: 2, Study Room, Prayer Room, Powder Room, Gym, Store Rooms: 1, Steam Room, Lounge or Sitting Room, Laundry Room, Other Rooms","Broadband Internet Access, Satellite or Cable TV Ready, Intercom, Other Business and Communication Facilities","Community Lawn or Garden, Community Swimming Pool, Community Gym, First Aid or Medical Centre, Day Care Centre, Kids Play Area, Barbeque Area, Mosque, Community Centre, Other Community Facilities","Lawn or Garden, Swimming Pool, Sauna, Jacuzzi, Other Healthcare and Recreation Facilities","Nearby Schools, Nearby Hospitals, Nearby Shopping Malls, Nearby Restaurants, Distance From Airport (kms), Nearby Public Transport Service, Other Nearby Places","Maintenance Staff, Security Staff, Facilities for Disabled, Other Facilities",,,
https://www.zameen.com/Property/mpchs_multi_gardens_mpchs_-_block_f_corner_buy_5_marla_house_at_highly_affordable_price-53332729-8527-1.html,"MPCHS - Block F, MPCHS - Multi Gardens",House,PKR2.8 Crore,4,5 Marla,For Sale,4,4 months ago,"B-17, Islamabad, Islamabad Capital","B-17 multi garden Block-F brand new corner house of 25*50. 5 Marla Situated on 60ft road 4 bed rooms with attached washrooms Solid construction Beautiful two kitchens Two lounge Imported Fitting and accessories are installed inside the house One car Parking space Huge underground water tank Mumty has spacious room can be used as store Some extra lawn due to corner of 60ft road Close to Mosque and market Available for sale demand 280 lac Own house Properties in this locality are a total bargain, which is a plus. Islamabad is full of real estate investment opportunities, so stop waiting and start investing! A spacious property with modern features is available for sale. Such a steal deal is hard to come by again. The asking price of Rs. 28000000 will multiply into profits for you. Undoubtedly, 5 Marla sized properties are the most popular in the market and for good reason, so make your investment now. The House on offer can fit your needs perfectly. Details of the property are mentioned below. You can work out at the gym within premises to make up for the physical activity lag created by the urban life. Differently-abled people will find this House easy to navigate, as it is developed to incorporate their needs. A 24/7 active security staff maintains a safe, peaceful environment for the dwellers. The society has an effective waste disposal service that ensures cleanliness. Have a fun family movie night with ease in the cosy lounge area of this property. The House comes with central air-conditioning which keeps the inside temperature pleasant. Your guests can conveniently use the powder room as opposed to personal washrooms. Have questions? Get in contact with us.","Built in year: 2025, Parking Spaces: 1, Double Glazed Windows, Central Air Conditioning, Central Heating, Flooring, Waste Disposal, Floors: 2","Bedrooms: 4, Bathrooms: 4, Servant Quarters: 1, Drawing Room, Dining Room, Kitchens: 1, Study Room, Prayer Room, Powder Room, Gym, Store Rooms: 1, Steam Room, Lounge or Sitting Room, Laundry Room","Broadband Internet Access, Satellite or Cable TV Ready, Intercom","Community Lawn or Garden, Community Swimming Pool, Community Gym, First Aid or Medical Centre, Day Care Centre, Kids Play Area, Barbeque Area, Mosque, Community Centre",,"Nearby Schools, Nearby Hospitals, Nearby Shopping Malls, Nearby Restaurants, Distance From Airport (kms), Nearby Public Transport Service, Other Nearby Places","Maintenance Staff, Security Staff, Facilities for Disabled",,,
https://www.zameen.com/Property/islamabad_tarlai_5_marla_double_story_house_for_sale_in_tarlai_near_main_lehtrar_road-53291643-1144-1.html,"Tarlai, Islamabad",House,PKR1.55 Crore,5,5 Marla,For Sale,-,3 months ago,"Tarlai, Islamabad, Islamabad Capital","Beautiful 5 Marla double story House for Sale in Tarlai 2 minutes from main lehtrar road , Islamabad A well-maintained double-storey house located in a peaceful street of Tarlai, Islamabad. This elegant home features spacious design, modern front elevation, and strong construction quality ideal for small families or investment purposes. **Demand:** 1.55 Crore PKR **Location:** Near Lehtarar Road, Tarlai, Islamabad Dont miss this opportunity visit and book your dream home today!","Built in year: 2025, Parking Spaces: 1, Double Glazed Windows, Central Air Conditioning, Central Heating, Flooring, Electricity Backup, Waste Disposal, Floors: 2, Other Main Features, Furnished","Bedrooms: 3, Bathrooms: 4, Servant Quarters: 1, Drawing Room, Dining Room, Kitchens: 2, Study Room, Prayer Room, Powder Room, Gym, Store Rooms: 1, Steam Room, Lounge or Sitting Room, Laundry Room, Other Rooms","Broadband Internet Access, Satellite or Cable TV Ready, Intercom, Other Business and Communication Facilities","Community Lawn or Garden, Community Swimming Pool, Community Gym, First Aid or Medical Centre, Day Care Centre, Kids Play Area, Barbeque Area, Mosque, Community Centre, Other Community Facilities","Lawn or Garden, Swimming Pool, Sauna, Jacuzzi, Other Healthcare and Recreation Facilities","Nearby Schools, Nearby Hospitals, Nearby Shopping Malls, Nearby Restaurants, Distance From Airport (kms), Nearby Public Transport Service, Other Nearby Places","Maintenance Staff, Security Staff, Facilities for Disabled, Other Facilities",,,
https://www.zameen.com/Property/islamabad_h-13_flat_for_sale_in_rs_5000000-53193207-1039-1.html,"H-13, Islamabad",Flat,PKR50 Lakh,-,1.9 Marla,For Sale,-,4 months ago,"H-13, Islamabad, Islamabad Capital","We know you were in for a treat the moment you came across this Flat. Now, hurry and grab this offer. It's the best time for investment in 418 Square Feet property and we know just the option for you. In a few years H-13 will further develop so make your investment today. Buy your dream property now and just put a dot on the worries related to the searching because we have one for you like this. If you're looking for a property priced at Rs. 5000000, you're in the right place. Every area in H-13 is well-facilitated, so it doesn't matter where you buy your home. What more we can say about it is given below. A kids' play area near the property is great for outdoor play and activity. For the ultimate luxury experience, the property also has a sauna for a healthier and relaxed state of body and mind. Seat your guests in the luxurious drawing room. Not to worry if you cannot wash loads of clothes, as there is a laundry nearby. A beautifully designed airy dining room that comes with this Flat is perfect to host formal dinners. You can hang out in the lounge area with your friends and enjoy watching TV. Differently-abled people will find this Flat easy to navigate, as it is developed to incorporate their needs. Call us today and book your property.","Built in year: 2024, Parking Spaces, Lobby in Building, Double Glazed Windows, Central Air Conditioning, Central Heating, Flooring, Waste Disposal, Service Elevators in Building, Other Main Features","Bedrooms: 4, Bathrooms: 5, Drawing Room, Dining Room, Kitchens: 2, Study Room, Prayer Room, Powder Room, Gym, Store Rooms, Steam Room, Lounge or Sitting Room, Laundry Room","Broadband Internet Access, Satellite or Cable TV Ready, Business Center or Media Room in Building, Conference Room in Building, Intercom, ATM Machines","Community Lawn or Garden, Community Swimming Pool, Community Gym, First Aid or Medical Centre, Day Care Centre, Kids Play Area, Barbeque Area, Mosque, Community Centre","Sauna, Jacuzzi","Nearby Schools, Nearby Hospitals, Nearby Shopping Malls, Nearby Restaurants, Distance From Airport (kms), Nearby Public Transport Service, Other Nearby Places","Maintenance Staff, Security Staff, Laundry or Dry Cleaning Facility, Communal/Shared Kitchen, Facilities for Disabled, Other Facilities",,,
https://www.zameen.com/Property/gulberg_greens_diamond_mall_residency_one_bed_luxury_non_furnished_available_for_sale_in_daimond_mall_and_residency-53307048-10982-1.html,"Diamond Mall & Residency, Gulberg Greens",Flat,PKR1 Crore,1,2.4 Marla,For Sale,1,5 months ago,"Gulberg, Islamabad, Islamabad Capital","One Bed Apartment for Sale Diamond Mall & Residency, Gulberg Greens Islamabad Location: Diamond Mall & Residency, Gulberg Greens, Islamabad Type: One Bed Apartment (Non-Furnished) Size: 550 Sq. Ft. Floor: 3rd Floor Demand: PKR 1 Crore Property Features: Modern layout with spacious bedroom and lounge Attached stylish bathroom and open kitchen Secure building with CCTV surveillance and high-speed elevators Dedicated parking space Located within Diamond Mall direct access to shopping, dining, and daily conveniences Ideal for investment or personal residence Why Choose This Property: Prime location in the heart of Gulberg Greens High rental value and strong resale potential Peaceful and secure environment For more details or visit, contact now!","Built in year: 2020, Parking Spaces, Lobby in Building, Double Glazed Windows, Central Air Conditioning, Central Heating, Flooring, Electricity Backup, Waste Disposal, Floor: 3, Floors in Building: 7, Elevators, Service Elevators in Building, Other Main Features, Furnished","Bedrooms: 1, Bathrooms: 1, Drawing Room, Dining Room, Kitchens, Study Room, Prayer Room, Powder Room, Gym, Steam Room, Lounge or Sitting Room, Laundry Room, Other Rooms","Broadband Internet Access, Satellite or Cable TV Ready, Business Center or Media Room in Building, Conference Room in Building, Intercom, ATM Machines, Other Business and Communication Facilities","Community Lawn or Garden, Community Swimming Pool, Community Gym, First Aid or Medical Centre, Day Care Centre, Kids Play Area, Barbeque Area, Mosque, Community Centre, Other Community Facilities",Other Healthcare and Recreation Facilities,"Nearby Schools, Nearby Hospitals, Nearby Shopping Malls, Nearby Restaurants, Distance From Airport (kms), Nearby Public Transport Service, Other Nearby Places","Maintenance Staff, Security Staff, Laundry or Dry Cleaning Facility, Communal/Shared Kitchen, Facilities for Disabled, Pets Allowed, Other Facilities",,,
https://www.zameen.com/Property/islamabad_g-13_25_40_4_marla_brandnew_house_for_sale_g-13-53346058-330-1.html,"G-13, Islamabad",House,PKR3.6 Crore,4,4 Marla,For Sale,4,5 months ago,"G-13, Islamabad, Islamabad Capital","Best Location House For Sale In G-13 50 Ft Wide Road Excellent Wood, Tile Work Done 4 Bed With Attach Bath 2 Kitchen Mummty With Bath Boring, Electricity Metres For More Details Contact","Built in year: 2025, Parking Spaces, Double Glazed Windows, Central Air Conditioning, Flooring, Electricity Backup, Waste Disposal","Bedrooms: 3, Bathrooms: 3, Servant Quarters: 1, Drawing Room, Dining Room, Kitchens: 2, Store Rooms: 1, Lounge or Sitting Room","Broadband Internet Access, Intercom","Community Lawn or Garden, Community Gym, First Aid or Medical Centre, Day Care Centre, Kids Play Area, Mosque, Community Centre",,,,,,
https://www.zameen.com/Property/al_ghurair_giga_al-ghurair_giga_-_block_7_flat_for_grabs_in_804_square_feet_islamabad-53009009-15133-1.html,"Al-Ghurair Giga - Block 7, Al-Ghurair Giga",Flat,PKR65 Lakh,2,2.7 Marla,For Sale,1,3 months ago,"DHA Defence, Islamabad, Islamabad Capital",Dha 2Residency good location corner flat One bed block 12 beautiful location,"Built in year: 2025, Parking Spaces: 1, Lobby in Building, Double Glazed Windows, Central Heating, Flooring, Electricity Backup, Floor: 3, Service Elevators in Building, Other Main Features","Bedrooms: 1, Bathrooms: 2, Drawing Room, Kitchens: 1, Other Rooms","Broadband Internet Access, Satellite or Cable TV Ready",Community Lawn or Garden,,,,,,
https://www.zameen.com/Property/islamabad_d-12_25x40_4_marla_house_available_for_sale_in_d-12_3_top_location-52119890-160-1.html,"D-12, Islamabad",House,PKR4.1 Crore,4,4 Marla,For Sale,3,4 months ago,"D-12, Islamabad, Islamabad Capital","4 Marla(25x40) house on investor rate Covered area 1750 sq feet 3 Bedrooms With Attached Bathroom's Drawing And TV Lounge 1 Kitchen 1 Servant Quarter Secure And Safe Area Near To KFC,Coffee Beans and Carrefour. Underground Electricity Supply Underground severage and Water supply Top Location and A plus construction original fotos attached Asking price is 4.10 cror.","Built in year: 2024, Parking Spaces: 1, Double Glazed Windows, Central Air Conditioning, Central Heating, Flooring, Electricity Backup, Waste Disposal, Floors: 2, Other Main Features, Furnished","Bedrooms: 3, Bathrooms: 3, Servant Quarters, Drawing Room, Dining Room, Kitchens: 1, Study Room, Prayer Room, Powder Room, Gym, Store Rooms, Steam Room, Lounge or Sitting Room, Laundry Room, Other Rooms","Broadband Internet Access, Satellite or Cable TV Ready, Intercom, Other Business and Communication Facilities","Community Lawn or Garden, Community Swimming Pool, Community Gym, First Aid or Medical Centre, Day Care Centre, Kids Play Area, Barbeque Area, Mosque, Community Centre, Other Community Facilities","Lawn or Garden, Swimming Pool, Sauna, Jacuzzi, Other Healthcare and Recreation Facilities","Nearby Schools, Nearby Hospitals, Nearby Shopping Malls, Nearby Restaurants, Distance From Airport (kms), Nearby Public Transport Service, Other Nearby Places","Maintenance Staff, Security Staff, Facilities for Disabled, Other Facilities",,,
https://www.zameen.com/Property/dha_defence_phase_2_lignum_tower_1_bedroom_defence_residency_dha_phase_2_gate_2_islamabad-52798310-9913-1.html,"Lignum Tower, DHA Defence Phase 2",Flat,PKR95 Lakh,1,4.3 Marla,For Sale,1,4 months ago,"DHA Defence, Islamabad, Islamabad Capital",1 bedroom Tv lounge Kitchen 1 bathroom Balcony Park Parking Size 960 sqft,"Double Glazed Windows, Central Air Conditioning, Other Main Features","Bedrooms: 1, Bathrooms: 1, Drawing Room, Kitchens: 1, Powder Room, Lounge or Sitting Room, Laundry Room, Other Rooms","Broadband Internet Access, Satellite or Cable TV Ready, Business Center or Media Room in Building, Conference Room in Building, Intercom, ATM Machines, Other Business and Communication Facilities","Community Lawn or Garden, Community Swimming Pool, Community Gym, First Aid or Medical Centre, Day Care Centre, Kids Play Area, Barbeque Area, Mosque, Community Centre, Other Community Facilities",,"Nearby Schools, Nearby Hospitals, Nearby Shopping Malls, Nearby Restaurants, Distance From Airport (kms), Nearby Public Transport Service, Other Nearby Places","Maintenance Staff, Security Staff, Other Facilities",,,
https://www.zameen.com/Property/dha_defence_phase_2_al-ghurair_giga_signature_properties_offer_most_luxuries_3_bed_apartment_for_sale_near_giga_mall_dha_phase-ii_islamabad-52817803-15113-1.html,"Al-Ghurair Giga, DHA Defence Phase 2",Flat,PKR1.35 Crore,3,5.1 Marla,For Sale,3,5 months ago,"DHA Defence, Islamabad, Islamabad Capital",3 Bedrooms TV Lounge Block = 16 Ground floor park face Gas installation best location Main Gt Road Dha 2 Gate 2 near Giga mall.,"Built in year: 2024, Parking Spaces, Double Glazed Windows, Central Air Conditioning, Central Heating, Flooring, Electricity Backup, Waste Disposal, Floor, Elevators: 2, Other Main Features, Furnished","Bedrooms: 3, Bathrooms: 3, Servant Quarters: 3, Drawing Room, Dining Room, Kitchens: 1, Study Room, Prayer Room, Powder Room, Gym, Store Rooms: 2, Steam Room, Lounge or Sitting Room, Laundry Room, Other Rooms","Broadband Internet Access, Satellite or Cable TV Ready, Intercom, ATM Machines, Other Business and Communication Facilities","Community Lawn or Garden, Community Swimming Pool, Community Gym, First Aid or Medical Centre, Day Care Centre, Kids Play Area, Barbeque Area, Mosque, Community Centre, Other Community Facilities","Sauna, Jacuzzi","Nearby Schools, Nearby Hospitals, Nearby Shopping Malls, Nearby Restaurants, Distance From Airport (kms), Nearby Public Transport Service","Maintenance Staff, Security Staff, Facilities for Disabled",,,
https://www.zameen.com/Property/islamabad_g-13_house_for_sale_30x60-52654285-330-1.html,"G-13, Islamabad",House,PKR6.5 Crore,4,8 Marla,For Sale,4,5 days ago,"G-13, Islamabad, Islamabad Capital",#Top Location #4 Beds with Attach Bath #Full TileFlooring #FGEHA Transfer,"Built in year: 2024, Parking Spaces, Central Air Conditioning, Central Heating, Flooring, Electricity Backup, Waste Disposal",,"Broadband Internet Access, Satellite or Cable TV Ready, Intercom, Other Business and Communication Facilities","Community Lawn or Garden, Community Swimming Pool, Community Gym, First Aid or Medical Centre, Day Care Centre, Kids Play Area, Barbeque Area, Mosque, Community Centre, Other Community Facilities",,"Nearby Schools, Nearby Hospitals, Nearby Shopping Malls, Nearby Restaurants, Distance From Airport (kms), Nearby Public Transport Service, Other Nearby Places","Maintenance Staff, Security Staff, Facilities for Disabled, Other Facilities",,,
https://www.zameen.com/Property/f_10_f-10_3_house_for_sale_60x90-53085455-3278-1.html,"F-10/3, F-10",House,PKR30 Crore,-,1.2 Kanal,For Sale,-,5 days ago,"F-10, Islamabad, Islamabad Capital",#Top Location #7 Rooms With Attach bath #2 Main Gate #Margalla View #3 Side Corner #Prime Area,,,,,,"Nearby Schools, Nearby Hospitals, Nearby Shopping Malls, Nearby Restaurants, Distance From Airport (kms), Nearby Public Transport Service, Other Nearby Places","Security Staff, Other Facilities",,,
https://www.zameen.com/Property/kashmir_highway_eighteen_2_kanal_house_in_eighteen-52941432-12602-1.html,"Eighteen, Kashmir Highway",House,PKR24.22 Crore,-,2 Kanal,For Sale,-,5 months ago,"Kashmir Highway, Islamabad, Islamabad Capital","This well-planned House enjoys well-ventilated at all times. The right property for sale is just a click away, so take action today. Don't wait to invest in Eighteen if you seek profitable returns. Investment in 2 Kanal property is a lucrative option so make your move today. A thriving lifestyle awaits you in Islamabad's upcoming neighbourhoods. You can find House at a price of PKR Rs View Contact Detail easily. Read below to find out what this property offers. Now you can throw barbeque parties with ease with a dedicated barbeque area that comes with the House. Your kids can play to their heart's content in the play area adjoining the property. Enjoy your evening walks in the community park located at a walking distance from the House. Let your troubles melt away by relaxing in this Jacuzzi. In hardly a few minutes by walk, you can find a mosque near the House. The House features state-of-the-art amenities for the differently-abled. Enjoy fast speed broadband internet access available in the property. Hurry up and call us.","Waste Disposal, Other Main Features",,"Broadband Internet Access, Satellite or Cable TV Ready, Intercom, Other Business and Communication Facilities","Community Lawn or Garden, Community Swimming Pool, Community Gym, First Aid or Medical Centre, Day Care Centre, Kids Play Area, Barbeque Area, Mosque, Community Centre, Other Community Facilities","Sauna, Jacuzzi, Other Healthcare and Recreation Facilities","Nearby Schools, Nearby Hospitals, Nearby Shopping Malls, Nearby Restaurants, Distance From Airport (kms), Nearby Public Transport Service, Other Nearby Places","Maintenance Staff, Security Staff, Facilities for Disabled, Other Facilities",,,
https://www.zameen.com/Property/g_11_3_warda_hamna_residencia_3_2_bed_corner_apartment_for_sale_in_warda_hamna_1_g-11_3-53306060-11863-1.html,"Warda Hamna Residencia 3, G-11/3",Flat,PKR3.35 Crore,2,8.1 Marla,For Sale,2,20 hours ago,"G-11, Islamabad, Islamabad Capital","2 Bed Corner Apartment for Sale in Warda Hamna 1, G-11/3 Beautifully maintained 2-bedroom corner apartment available for sale in the prestigious Warda Hamna 1, G-11/3 Islamabad. This spacious unit features: 2 bedrooms with ample natural light 2 fully renovated washrooms 1 drawing room Elegant tile flooring throughout Located in a secure, family-friendly building with 24/7 security Total area: 1820 sqft Ideal for families seeking comfort, convenience, and a prime location in the heart of the city. Warda Hamna 1, G-11/3, Islamabad For more details or to schedule a visit, please contact.","Built in year: 2026, Parking Spaces: 1, Double Glazed Windows, Central Air Conditioning, Central Heating, Flooring, Electricity Backup, Waste Disposal, Floor: 1, Floors in Building: 2","Bedrooms: 2, Bathrooms: 2, Drawing Room, Dining Room, Kitchens: 1, Study Room, Prayer Room, Powder Room, Gym, Store Rooms: 1, Steam Room, Lounge or Sitting Room, Laundry Room","Broadband Internet Access, Satellite or Cable TV Ready, Business Center or Media Room in Building, Conference Room in Building, Intercom, ATM Machines","Community Lawn or Garden, Community Swimming Pool, Community Gym, First Aid or Medical Centre, Day Care Centre, Kids Play Area, Barbeque Area, Mosque, Community Centre","Sauna, Jacuzzi","Nearby Schools, Nearby Hospitals, Nearby Shopping Malls, Nearby Restaurants, Distance From Airport (kms), Nearby Public Transport Service, Other Nearby Places","Maintenance Staff, Security Staff, Laundry or Dry Cleaning Facility, Communal/Shared Kitchen, Facilities for Disabled",,,
https://www.zameen.com/Property/dha_valley_dha_valley_-_oleander_sector_8_marla_brand_new_home_available_for_sale-53242966-3213-1.html,"DHA Valley - Oleander Sector, DHA Valley",House,PKR1.35 Crore,3,8 Marla,For Sale,3,5 months ago,"DHA Defence, Islamabad, Islamabad Capital",Available For Sale 8 Marla Brand New Double Story Home More Information Please Contact Us M. Ishaq View Contact Detail AL NOOR REALTORS,"Double Glazed Windows, Central Heating, Flooring, Other Main Features","Bedrooms: 3, Bathrooms: 3, Servant Quarters: 1, Drawing Room, Dining Room, Kitchens: 1, Study Room, Prayer Room, Store Rooms: 1, Other Rooms","Broadband Internet Access, Satellite or Cable TV Ready","Community Lawn or Garden, Community Gym, First Aid or Medical Centre, Day Care Centre, Kids Play Area, Barbeque Area, Mosque, Community Centre, Other Community Facilities",,"Nearby Schools, Nearby Hospitals, Nearby Shopping Malls, Nearby Restaurants, Distance From Airport (kms), Nearby Public Transport Service, Other Nearby Places",,,,
https://www.zameen.com/Property/dha_defence_phase_5_dha_phase_5_-_sector_f_5_marla_newly_constructed_house_for_sale-53286054-8836-1.html,"DHA Phase 5 - Sector F, DHA Defence Phase 5",House,PKR3.25 Crore,3,5 Marla,For Sale,3,3 weeks ago,"DHA Defence, Islamabad, Islamabad Capital","Transfer in DHA All facilities available A central location like DHA Phase 5 - Sector F is the best choice for living as it's close to all necessities. Buying a 5 Marla property is a good option to live comfortably. This is the newest, most attractive neighbourhood of the Islamabad and you wouldn't want to miss an opportunity to live here. A price of PKR Rs. 35000000 is quite reasonable for a property with modern furnishings. You can book your House today at an ideal price of PKR Rs. 35000000. There is nothing better than purchasing your property in a thriving locality and we have just the options for you. It's a lucrative project offer to own your dream home, so call us today for booking or more information.","Built in year: 2023, Parking Spaces: 2, Double Glazed Windows, Central Air Conditioning, Central Heating, Flooring, Electricity Backup, Waste Disposal, Floors: 2, Other Main Features, Furnished","Bedrooms: 5, Bathrooms: 6, Servant Quarters, Drawing Room, Kitchens: 2, Study Room, Prayer Room, Powder Room, Gym, Store Rooms, Steam Room, Lounge or Sitting Room, Laundry Room, Other Rooms","Broadband Internet Access, Satellite or Cable TV Ready, Intercom, Other Business and Communication Facilities","Community Lawn or Garden, Community Swimming Pool, Community Gym, First Aid or Medical Centre, Day Care Centre, Kids Play Area, Barbeque Area, Mosque, Community Centre, Other Community Facilities","Lawn or Garden, Sauna, Jacuzzi, Other Healthcare and Recreation Facilities","Nearby Schools, Nearby Hospitals, Nearby Shopping Malls, Nearby Restaurants, Distance From Airport (kms), Nearby Public Transport Service, Other Nearby Places","Maintenance Staff, Security Staff, Facilities for Disabled, Other Facilities",,,
https://www.zameen.com/Property/g_10_g-10_1_g_10_1-_14_marla_house_for_sale_live_able_house_invester_price_6_bed_attached_bath_2_kitchen_2_dd_2_gate_rental_income_3_lac_per_month_used_for_house_residence_commercial_7_corer_95_lac_03335241734-53345535-3324-1.html,"G-10/1, G-10",House,PKR8 Crore,6,14 Marla,For Sale,6,4 months ago,"G-10, Islamabad, Islamabad Capital","*G,10/1- 14 MARLA HOUSE FOR SALE LIVE ABLE HOUSE INVESTER PRICE 6 BED ATTACHED BATH 2 KITCHEN 2 DD 2 GATE RENTAL INCOME 3 LAC PER MONTH USED FOR HOUSE RESIDENCE & COMMERCIAL 7 CORER 95 LAC View Contact Detail *",,,,,,"Nearby Schools, Nearby Hospitals, Nearby Shopping Malls, Nearby Restaurants, Distance From Airport (kms), Nearby Public Transport Service, Other Nearby Places","Security Staff, Other Facilities",,,
https://www.zameen.com/Property/park_view_city_park_view_-_block_h_8_marla_brand_new_house_for_sale_at_h_block_park_view_city-53345220-16868-1.html,"Park View - Block H, Park View City",House,PKR4.75 Crore,4,8 Marla,For Sale,4,4 months ago,"Park View City, Islamabad, Islamabad Capital",new house ready for living near to down town near to park,"Built in year: 2025, Parking Spaces: 2, Double Glazed Windows, Central Air Conditioning, Central Heating, Flooring, Electricity Backup, Waste Disposal, Floors: 2, Other Main Features, Furnished","Bedrooms: 4, Bathrooms: 4, Servant Quarters: 1, Drawing Room, Dining Room, Kitchens: 1, Study Room, Prayer Room, Powder Room, Gym, Store Rooms: 1, Steam Room, Lounge or Sitting Room, Laundry Room, Other Rooms","Broadband Internet Access, Satellite or Cable TV Ready, Intercom, Other Business and Communication Facilities","Community Lawn or Garden, Community Swimming Pool, Community Gym, First Aid or Medical Centre, Day Care Centre, Kids Play Area, Barbeque Area, Mosque, Community Centre, Other Community Facilities","Lawn or Garden, Sauna, Jacuzzi, Other Healthcare and Recreation Facilities","Nearby Schools, Nearby Hospitals, Nearby Shopping Malls, Nearby Restaurants, Distance From Airport (kms), Nearby Public Transport Service, Other Nearby Places","Maintenance Staff, Security Staff, Facilities for Disabled, Other Facilities",,,
https://www.zameen.com/Property/g_13_g-13_1_reasonably-priced_1000_square_feet_house_in_g-13_1_islamabad_is_available_as_of_now-53318749-3337-1.html,"G-13/1, G-13",House,PKR4.15 Crore,5,4.4 Marla,For Sale,4,2 months ago,"G-13, Islamabad, Islamabad Capital","25x40 Luxury Full House Is Available For Sale On Investor Rate Pindi Face Bedroom With Attach Bath Drawing Dining Tv Lounge Kitchen Car parking Space Fully Tile Flooring Near By Park, Masjid, School, Hospital, Market, And Srinagar Highway Ideal And Peace Full location Nice House Wide streets Nearby commercial and public parks with kids play area. This House is in one of the most leading and Emerging sector of Islamabad. Fully Tille Flooring All Facilities Are Available More Details Please Contact us And Arrange Visit","Parking Spaces: 2, Double Glazed Windows, Central Air Conditioning, Central Heating, Flooring, Electricity Backup, Waste Disposal, Other Main Features","Bedrooms: 10, Bathrooms: 10, Servant Quarters: 2, Drawing Room, Dining Room, Kitchens: 2, Study Room, Prayer Room, Powder Room, Gym, Store Rooms: 1, Steam Room, Lounge or Sitting Room, Laundry Room, Other Rooms","Broadband Internet Access, Satellite or Cable TV Ready, Intercom, Other Business and Communication Facilities","Community Lawn or Garden, Community Swimming Pool, Community Gym, First Aid or Medical Centre, Day Care Centre, Kids Play Area, Barbeque Area, Mosque, Community Centre, Other Community Facilities","Sauna, Jacuzzi, Other Healthcare and Recreation Facilities","Nearby Schools, Nearby Hospitals, Nearby Shopping Malls, Nearby Restaurants, Distance From Airport (kms), Nearby Public Transport Service, Other Nearby Places","Maintenance Staff, Security Staff, Facilities for Disabled, Other Facilities",,,
https://www.zameen.com/Property/g_13_g-13_1_25_40_used_house_for_sale_in_g-13_islamabad-53322066-3337-1.html,"G-13/1, G-13",House,PKR3.7 Crore,5,4 Marla,For Sale,4,4 months ago,"G-13, Islamabad, Islamabad Capital","4Marla (25*40) House For sale Located At Prime Location Of G-13/1 About the Property: 4Bedrooms 5 Washrooms Drawing Dining 2 Kitchens 2 TV Lounge Powder Room Servant Quarter With attached Washroom 1Car Parking Tile Flooring Green Lawn Double Unit House ideal Locality Electricity Available Water Boring Running & also Water Supply Facility available All Facilities Are Available Which Is The Need OF Living Very Near to Main Double Road and Kashmir Highway Very Near to School, College, Market, Masjid Park Gym Located in one of the best locations of G-13 Reply Islamabad","Built in year: 2016, Parking Spaces: 1, Double Glazed Windows, Central Air Conditioning, Central Heating, Flooring, Electricity Backup, Waste Disposal, Furnished","Bedrooms: 4, Bathrooms: 5, Servant Quarters: 1, Drawing Room, Dining Room, Kitchens: 2, Study Room, Prayer Room, Powder Room, Gym, Store Rooms: 1, Steam Room, Lounge or Sitting Room, Laundry Room","Broadband Internet Access, Satellite or Cable TV Ready, Intercom",,,,,,,
https://www.zameen.com/Property/gulberg_residencia_gulberg_residencia_-_block_o_10_marla_block_o_gulberg_residencia-53118513-9125-1.html,"Gulberg Residencia - Block O, Gulberg Residencia",House,PKR5.95 Crore,6,10 Marla,For Sale,6,5 days ago,"Gulberg, Islamabad, Islamabad Capital",O block gulberg residencia 10 marla house available for sale more options available in different block different areas different categories houses furnished non furnished available visit any time direct allotee meeting,"Built in year: 2025, Parking Spaces: 2, Double Glazed Windows, Central Air Conditioning, Central Heating, Flooring, Electricity Backup, Waste Disposal, Floors: 2, Other Main Features, Furnished","Bedrooms: 6, Bathrooms: 8, Servant Quarters: 1, Drawing Room, Dining Room, Kitchens: 2, Study Room, Prayer Room, Powder Room, Gym, Store Rooms: 3, Steam Room, Lounge or Sitting Room, Laundry Room, Other Rooms","Broadband Internet Access, Satellite or Cable TV Ready, Intercom, Other Business and Communication Facilities","Community Lawn or Garden, Community Swimming Pool, Community Gym, First Aid or Medical Centre, Day Care Centre, Kids Play Area, Barbeque Area, Mosque, Community Centre, Other Community Facilities","Lawn or Garden, Swimming Pool, Sauna, Jacuzzi, Other Healthcare and Recreation Facilities","Nearby Schools, Nearby Hospitals, Nearby Shopping Malls, Nearby Restaurants, Distance From Airport (kms), Nearby Public Transport Service, Other Nearby Places","Maintenance Staff, Security Staff, Facilities for Disabled, Other Facilities",,,
https://www.zameen.com/Property/gulberg_greens_gulberg_arena_mall_gulberg_areena_one_bed_apparment_available_for_sale_more_options_available_in_different_sizes_different_floors-53117942-19297-1.html,"Gulberg Arena Mall, Gulberg Greens",Flat,PKR1.05 Crore,1,3.2 Marla,For Sale,1,5 days ago,"Gulberg, Islamabad, Islamabad Capital",Gulberg Areena one bed furnished non furnished apartment available for sale more options available in different level different sizes 700sqft to 1054sqft,"Built in year: 2024, Parking Spaces: 3, Lobby in Building, Double Glazed Windows, Central Air Conditioning, Central Heating, Flooring, Electricity Backup, Waste Disposal, Floor, Floors in Building: 9, Elevators: 8, Service Elevators in Building, Other Main Features, Furnished","Bedrooms: 1, Bathrooms: 1, Servant Quarters: 1, Drawing Room, Dining Room, Kitchens: 1, Study Room, Prayer Room, Powder Room, Gym, Store Rooms: 1, Steam Room, Lounge or Sitting Room, Laundry Room, Other Rooms","Broadband Internet Access, Satellite or Cable TV Ready, Business Center or Media Room in Building, Conference Room in Building, Intercom, ATM Machines, Other Business and Communication Facilities","Community Lawn or Garden, Community Swimming Pool, Community Gym, First Aid or Medical Centre, Day Care Centre, Kids Play Area, Barbeque Area, Mosque, Community Centre, Other Community Facilities","Sauna, Jacuzzi, Other Healthcare and Recreation Facilities","Nearby Schools, Nearby Hospitals, Nearby Shopping Malls, Nearby Restaurants, Distance From Airport (kms), Nearby Public Transport Service, Other Nearby Places","Maintenance Staff, Security Staff, Laundry or Dry Cleaning Facility, Pets Allowed, Other Facilities",,,
https://www.zameen.com/Property/gulberg_residencia_gulberg_residencia_-_block_j_city_heights_gulberg_residencia_block_d_flat-53153787-9120-1.html,"Gulberg Residencia - Block J, Gulberg Residencia",Flat,PKR45 Lakh,1,2.2 Marla,For Sale,1,2 days ago,"Gulberg, Islamabad, Islamabad Capital",One Bed Apartment Options Available For Sale City Heights Gulberg Residencia Block D Markez More Options Available In Different Levels,"Built in year: 2025, Parking Spaces: 5, Lobby in Building, Double Glazed Windows, Central Air Conditioning, Central Heating, Flooring, Electricity Backup, Waste Disposal, Floor: 1, Floors in Building: 6, Elevators: 6, Service Elevators in Building, Other Main Features, Furnished","Bedrooms: 1, Bathrooms: 1, Servant Quarters: 1, Drawing Room, Dining Room, Kitchens: 1, Study Room, Prayer Room, Powder Room, Gym, Store Rooms: 1, Steam Room, Lounge or Sitting Room, Laundry Room, Other Rooms","Broadband Internet Access, Satellite or Cable TV Ready, Business Center or Media Room in Building, Conference Room in Building, Intercom, ATM Machines, Other Business and Communication Facilities","Community Lawn or Garden, Community Swimming Pool, Community Gym, First Aid or Medical Centre, Day Care Centre, Kids Play Area, Barbeque Area, Mosque, Community Centre, Other Community Facilities","Sauna, Jacuzzi, Other Healthcare and Recreation Facilities","Nearby Schools, Nearby Hospitals, Nearby Shopping Malls, Nearby Restaurants, Distance From Airport (kms), Nearby Public Transport Service, Other Nearby Places","Maintenance Staff, Security Staff, Laundry or Dry Cleaning Facility, Communal/Shared Kitchen, Facilities for Disabled, Pets Allowed, Other Facilities",,,
https://www.zameen.com/Property/gulberg_greens_gulberg_heights_one_bed_furnished_available_for_sale_investor_rate-53116928-19298-1.html,"Gulberg Heights, Gulberg Greens",Flat,PKR1.25 Crore,1,4 Marla,For Sale,1,3 weeks ago,"Gulberg, Islamabad, Islamabad Capital",one bed furnished available for sale A block Gulberg heights 1st floor price almost final no bargaining,"Built in year: 2024, Parking Spaces: 2, Lobby in Building, Double Glazed Windows, Central Air Conditioning, Central Heating, Flooring, Electricity Backup, Waste Disposal, Floor: 1, Floors in Building: 7, Elevators: 8, Service Elevators in Building, Other Main Features, Furnished","Bedrooms: 1, Bathrooms: 1, Servant Quarters: 1, Drawing Room, Dining Room, Kitchens: 1, Study Room, Prayer Room, Powder Room, Gym, Store Rooms: 1, Steam Room, Lounge or Sitting Room, Laundry Room, Other Rooms","Broadband Internet Access, Satellite or Cable TV Ready, Business Center or Media Room in Building, Conference Room in Building, Intercom, ATM Machines, Other Business and Communication Facilities","Community Lawn or Garden, Community Swimming Pool, Community Gym, First Aid or Medical Centre, Day Care Centre, Kids Play Area, Barbeque Area, Mosque, Community Centre, Other Community Facilities","Sauna, Jacuzzi, Other Healthcare and Recreation Facilities","Nearby Schools, Nearby Hospitals, Nearby Shopping Malls, Nearby Restaurants, Distance From Airport (kms), Nearby Public Transport Service, Other Nearby Places","Maintenance Staff, Security Staff, Laundry or Dry Cleaning Facility, Communal/Shared Kitchen, Facilities for Disabled, Other Facilities",,,
https://www.zameen.com/Property/bahria_enclave_bahria_enclave_-_sector_c1_10_marla_house_for_sale_sector_c1_bahria_enclave_islamabad-53280223-11987-1.html,"Bahria Enclave - Sector C1, Bahria Enclave",House,PKR4.35 Crore,5,10 Marla,For Sale,5,3 months ago,"Bahria Town, Islamabad, Islamabad Capital","10 Marla House for Sale Sector C1, Bahria Enclave Islamabad Beautiful and well-located 10 Marla house available for sale in Sector C1. 5 Bedrooms with attached bathrooms TV Lounge Kitchen Ideal Location & Solid Construction Demand: 4.35 Crore PKR For more details or visit, contact us today!","Built in year: 2025, Parking Spaces: 2, Double Glazed Windows, Central Air Conditioning, Central Heating, Flooring, Electricity Backup, Waste Disposal, Floors: 2, Other Main Features, Furnished","Bedrooms: 5, Bathrooms: 5, Servant Quarters: 1, Drawing Room, Dining Room, Kitchens: 2, Study Room, Prayer Room, Powder Room, Gym, Store Rooms: 1, Steam Room, Lounge or Sitting Room, Laundry Room, Other Rooms","Broadband Internet Access, Satellite or Cable TV Ready, Intercom, Other Business and Communication Facilities","Community Lawn or Garden, Community Swimming Pool, Community Gym, First Aid or Medical Centre, Day Care Centre, Kids Play Area, Barbeque Area, Mosque, Community Centre, Other Community Facilities","Lawn or Garden, Swimming Pool, Sauna, Jacuzzi, Other Healthcare and Recreation Facilities","Nearby Schools, Nearby Hospitals, Nearby Shopping Malls, Nearby Restaurants, Distance From Airport (kms), Nearby Public Transport Service, Other Nearby Places","Maintenance Staff, Security Staff, Facilities for Disabled, Other Facilities",,,
https://www.zameen.com/Property/bahria_enclave_cube_apartments_bahria_enclave_sector_a_two_bed_cube_apartment_for_sale-53291611-21520-1.html,"Cube Apartments, Bahria Enclave",Flat,PKR1.6 Crore,2,7.1 Marla,For Sale,2,4 months ago,"Bahria Town, Islamabad, Islamabad Capital","Bahria Enclave Islamabad Sector A Cube Apartment 2 Bedroom Apartment For Sale 1,558 Sqft 1st Floor 2 Bedroom Attech Washroom Powder Washroom TV lounge Open Kitchen 3 Balcony Note : possession Utilities Charge's paid Car parking Not paid Indoor Parking 15 Lac out door parking 10 Lac Water Gas slender Electricity Security Mentenence 24/7 24/7 Security Near to Main Gate, Children Park, Bicun house school, Hospital, Bank's, Market's, Shopping centre, Jogging Tracks,Cash& Carry. For More info please Contact/What's up Ocean visita Real Estate Bahria Enclave",,,,,,"Nearby Schools, Nearby Hospitals, Nearby Shopping Malls, Distance From Airport (kms), Nearby Public Transport Service",,,,
https://www.zameen.com/Property/bahria_enclave_bahria_enclave_-_sector_a_prime_location_2bedrooms_muree_facing_apartment_available_for_sale_in_bahria_enclave_islamabad_sector_a_cube_apartments_tower_1-53257919-11970-1.html,"Bahria Enclave - Sector A, Bahria Enclave",Flat,PKR1.6 Crore,2,6.9 Marla,For Sale,2,3 months ago,"Bahria Town, Islamabad, Islamabad Capital",Luxury interior&excellent elevation 2bedrooms cube Apartment Muree facing Apartment Available For Sale Near to Park School Hospital Commercial Market Best Area For Living Beautiful terrace view 20 minutes drive to Blue area Islamabad this Apartment Features 2 spacious bedrooms 2 Luxury bathrooms tv lounges Powder Room 24/7 Security staff Available 24/7 lift Services Available For more information and visit contact us Euro Homes Real Estate&Builders,"Built in year: 2025, Parking Spaces: 1, Lobby in Building, Double Glazed Windows, Central Air Conditioning, Central Heating, Flooring, Electricity Backup, Waste Disposal, Floor: 2, Floors in Building: 9, Elevators: 4, Service Elevators in Building, Other Main Features, Furnished","Bedrooms: 1, Bathrooms: 1, Servant Quarters: 1, Drawing Room, Dining Room, Kitchens: 1, Study Room, Prayer Room, Powder Room, Gym, Store Rooms: 1, Steam Room, Lounge or Sitting Room, Laundry Room, Other Rooms","Broadband Internet Access, Satellite or Cable TV Ready, Business Center or Media Room in Building, Intercom, Other Business and Communication Facilities","Community Lawn or Garden, Community Swimming Pool, Community Gym, First Aid or Medical Centre, Day Care Centre, Kids Play Area, Barbeque Area, Mosque, Community Centre, Other Community Facilities","Sauna, Jacuzzi, Other Healthcare and Recreation Facilities","Nearby Schools, Nearby Hospitals, Nearby Shopping Malls, Nearby Restaurants, Distance From Airport (kms), Nearby Public Transport Service, Other Nearby Places","Maintenance Staff, Security Staff, Facilities for Disabled, Pets Allowed, Other Facilities",,,
https://www.zameen.com/Property/islamabad_chak_shahzad_aesthetic_farm_house_of_20_kanal_for_sale_is_available-52975267-158-1.html,"Chak Shahzad, Islamabad",Farm House,PKR28 Crore,-,20 Kanal,For Sale,-,3 days ago,"Chak Shahzad, Islamabad, Islamabad Capital","Properties in this locality are a total bargain, which is a plus. The area is 20 Kanal, you were in search of! The Farm House is constructed with modern furnishings so you can enjoy living in comfort and style. The rates in Chak Shahzad at present are perfect for property purchase. Properties, right now, are at the best rates so a price of PKR Rs. 280000000 is reasonable when it comes to recently developed properties. A property for sale like this doesn't come often, so hurry up and make your booking. Find out more details about the property with the following. Impress your friends and family by hosting a barbeque in the barbeque area adjoining the Farm House. Sauna is a great way to lose weight and with access on the property you can make full use of it. This project features broadband internet access among other facilities. Your kids can play to their heart's content in the play area adjoining the property. This Farm House has a beautiful Jamiah mosque located at walking distance from it. Feeling stressed? Take a dip in the Jacuzzi and you will be fine in no time. All security concerns are taken into account with the availability of 24/7 security services. Looking for property options? Contact us and let us guide you for the best offers.","Built in year: 2025, Parking Spaces: 2, Double Glazed Windows, Central Air Conditioning, Central Heating, Flooring, Electricity Backup, Waste Disposal, Other Main Features, Furnished","Bedrooms: 4, Bathrooms: 5, Servant Quarters: 1, Drawing Room, Dining Room, Kitchens: 2, Study Room, Prayer Room, Powder Room, Gym, Store Rooms: 1, Steam Room, Lounge or Sitting Room, Laundry Room, Other Rooms","Broadband Internet Access, Satellite or Cable TV Ready, Intercom, Other Business and Communication Facilities","Community Lawn or Garden, Community Swimming Pool, Community Gym, First Aid or Medical Centre, Day Care Centre, Kids Play Area, Barbeque Area, Mosque, Community Centre, Other Community Facilities","Sauna, Jacuzzi, Other Healthcare and Recreation Facilities","Nearby Schools, Nearby Hospitals, Nearby Shopping Malls, Nearby Restaurants, Distance From Airport (kms), Nearby Public Transport Service, Other Nearby Places","Maintenance Staff, Security Staff, Facilities for Disabled, Other Facilities",,,
https://www.zameen.com/Property/islamabad_e-7_corner_house_for_sale_in_beautiful_e-7-53003573-343-1.html,"E-7, Islamabad",House,PKR68 Crore,-,1.6 Kanal,For Sale,-,6 days ago,"E-7, Islamabad, Islamabad Capital","E-7 has many options for all kinds of properties, so stop waiting and start looking. You need to trust us when we state: a better, more reasonable, price offer than this property's Rs. 680000000 tag may not appear on your radar for a while. It's the best time for investment in 800 Square Yards property and we know just the option for you. New house for sale have just popped up, so book an appointment today to find your dream home. This House is ideally located in E-7 E-7. E-7 is known for its easy access to amenities and public transport, so you should definitely check it out. Notable property details are as follows. You can take control of your health again by hitting the sauna in the building regularly. The community swimming pool in the building/society is a great facility, especially for the kids. You no longer need to worry about staying connected as this property comes with high-speed broadband internet access. The expert security staff will remain vigilant round the clock. The House has a Jamiah mosque at a convenient walking distance from it. The House features state-of-the-art amenities for the differently-abled. Host barbeque parties and entertain small gatherings at the adjoining barbeque area. We are just a phone call away, contact us now!","Built in year: 2008, Parking Spaces, Double Glazed Windows, Central Air Conditioning, Central Heating, Flooring, Electricity Backup, Waste Disposal, Other Main Features, Furnished","Bedrooms: 2, Bathrooms: 2, Drawing Room, Dining Room, Kitchens, Study Room, Prayer Room, Powder Room, Gym, Store Rooms: 2, Steam Room, Lounge or Sitting Room, Laundry Room","Broadband Internet Access, Satellite or Cable TV Ready, Intercom, Other Business and Communication Facilities","Community Lawn or Garden, Community Swimming Pool, Community Gym, First Aid or Medical Centre, Day Care Centre, Kids Play Area, Barbeque Area, Mosque, Community Centre, Other Community Facilities","Sauna, Jacuzzi, Other Healthcare and Recreation Facilities","Nearby Schools, Nearby Hospitals, Nearby Shopping Malls, Nearby Restaurants, Distance From Airport (kms), Nearby Public Transport Service, Other Nearby Places","Maintenance Staff, Security Staff, Facilities for Disabled, Other Facilities",,,
https://www.zameen.com/Property/f_8_f-8_4_your_search_for_house_in_islamabad_ends_here-53008239-3317-1.html,"F-8/4, F-8",House,PKR70 Crore,-,4 Kanal,For Sale,-,6 days ago,"F-8, Islamabad, Islamabad Capital","Ideally located on F-8/4, this is a rare and golden real estate opportunity. An offer like this once comes across quite rarely in Islamabad. All the options you may have looked at, we can guarantee that you wouldn't find a better buy. Become the owner of 2000 Square Yards property in few easy steps. The demand price is set pretty reasonably at Rs. 700000000. The House is smartly designed to have spacious bedrooms with large windows that can be opened whenever you need some ventilation. Property details are listed as follows. Setup the barbecue area at home, just the way you like and impress your guests. Stay connected and updated with the broadband internet access facility. The community swimming pool in the building/society proves to be great during summers. You can spend your time in peace and quiet with a beautiful mosque situated near the House. Breathe in the fresh air as an effective waste disposal team is on duty all the time. Your kids can play to their heart's content in the play area adjoining the property. Sitting in the sauna relieves the body from stress and tension. For booking details, call us on the given numbers.","Waste Disposal, Other Main Features",,"Broadband Internet Access, Satellite or Cable TV Ready, Intercom, Other Business and Communication Facilities","Community Lawn or Garden, Community Swimming Pool, Community Gym, First Aid or Medical Centre, Day Care Centre, Kids Play Area, Barbeque Area, Mosque, Community Centre, Other Community Facilities","Sauna, Jacuzzi, Other Healthcare and Recreation Facilities","Nearby Schools, Nearby Hospitals, Nearby Shopping Malls, Nearby Restaurants, Distance From Airport (kms), Nearby Public Transport Service, Other Nearby Places","Maintenance Staff, Security Staff, Facilities for Disabled, Other Facilities",,,
https://www.zameen.com/Property/chak_shahzad_chak_shahzad_farms_get_a_40_kanal_farm_house_for_sale_in_chak_shahzad_farms-52548478-20291-1.html,"Chak Shahzad Farms, Chak Shahzad",Farm House,PKR80 Crore,-,40 Kanal,For Sale,-,6 days ago,"Chak Shahzad, Islamabad, Islamabad Capital","If you are looking for 40 Kanal property, you've come to the right place. For your next investment, consider the property options in Islamabad which is currently booming. A Farm House in Chak Shahzad Farms comes with many benefits, prime among which is the ease of access to public transport and facilities. A Farm House is readily available in a prime location so don't miss this opportunity. The property is priced at Rs. 800000000 which is great, given its location. Looking for a well-constructed home for your family? This can be the best option for you. You can read the property features below. The Farm House is located close to a mosque and you can hear the call for prayer. Sit back and relax in your very own Jacuzzi. Now you can throw barbeque parties with ease with a dedicated barbeque area that comes with the Farm House. All security concerns are taken into account with the availability of 24/7 security services. You can take control of your health again by hitting the sauna in the building regularly. Your kids can play to their heart's content in the play area adjoining the property. Enjoy the convenience and comfort of broadband internet access. You can get rest of the details by calling us.",,,"Broadband Internet Access, Satellite or Cable TV Ready, Intercom, Other Business and Communication Facilities","Community Lawn or Garden, Community Swimming Pool, Community Gym, First Aid or Medical Centre, Day Care Centre, Kids Play Area, Barbeque Area, Mosque, Community Centre, Other Community Facilities","Sauna, Jacuzzi, Other Healthcare and Recreation Facilities","Nearby Schools, Nearby Hospitals, Nearby Shopping Malls, Nearby Restaurants, Nearby Public Transport Service, Other Nearby Places","Maintenance Staff, Security Staff, Facilities for Disabled",,,
https://www.zameen.com/Property/i_14_i-14_4_i-14-4_investor_price_brand_new_house_5_marla-53167114-8343-1.html,"I-14/4, I-14",House,PKR2.55 Crore,-,5 Marla,For Sale,-,5 months ago,"I-14, Islamabad, Islamabad Capital",I-14-4 Investor Price Brand New House 5 Marla i-14/4 25*50 5 marla Brand new House beautiful new design ceiling water 24 Hours boor electric 2 meters everything available in this house Open kitchens 5 Beds 5 baths 2 drawing dinning 2kitchens brand New Solid construction View Contact Detail,"Parking Spaces, Double Glazed Windows, Central Air Conditioning, Central Heating, Flooring, Waste Disposal, Other Main Features",,"Broadband Internet Access, Satellite or Cable TV Ready, Intercom, Other Business and Communication Facilities","Community Lawn or Garden, Community Swimming Pool, Community Gym, First Aid or Medical Centre, Day Care Centre, Kids Play Area, Barbeque Area, Other Community Facilities","Lawn or Garden, Other Healthcare and Recreation Facilities","Nearby Schools, Nearby Hospitals, Nearby Shopping Malls, Nearby Restaurants","Maintenance Staff, Security Staff, Facilities for Disabled, Other Facilities",,,
https://www.zameen.com/Property/islamabad_shah_allah_ditta_beautiful_house-52942392-8424-1.html,"Shah Allah Ditta, Islamabad",House,PKR2.4 Crore,3,5 Marla,For Sale,3,5 months ago,"Shah Allah Ditta, Islamabad, Islamabad Capital","New House In Prime Location Of Shah Allah Ditta Your ideal property type is up for sale, so what are you waiting for. Shah Allah Ditta seems to be an in-demand location as all the buyers and investors are eyeing it. And along with its reasonable Rs. 24000000 price tag, this property option is definitely a keeper. 5 Marla House is available for sale in the best location. Looking for a long-term investment option in Shah Allah Ditta? Here are some options. The House is beautifully designed for a comfortable lifestyle. For booking details, call us on the given numbers.","Built in year: 2020, Parking Spaces, Double Glazed Windows, Central Air Conditioning, Central Heating, Flooring, Electricity Backup, Waste Disposal, Other Main Features","Bedrooms: 02, Bathrooms: 3, Servant Quarters: 1, Drawing Room, Dining Room, Kitchens: 2, Study Room, Prayer Room, Powder Room, Gym, Store Rooms: 1, Steam Room, Lounge or Sitting Room, Laundry Room, Other Rooms","Broadband Internet Access, Satellite or Cable TV Ready, Intercom, Other Business and Communication Facilities","Community Lawn or Garden, Community Swimming Pool, Community Gym, First Aid or Medical Centre, Day Care Centre, Kids Play Area, Barbeque Area, Mosque, Community Centre, Other Community Facilities","Sauna, Jacuzzi, Other Healthcare and Recreation Facilities","Nearby Schools, Nearby Hospitals, Nearby Shopping Malls, Nearby Restaurants, Distance From Airport (kms), Nearby Public Transport Service, Other Nearby Places","Maintenance Staff, Security Staff, Facilities for Disabled, Other Facilities",,,
https://www.zameen.com/Property/mpchs_multi_gardens_mpchs_-_block_f_corner_5_marla_double_unit_house-53299887-8527-1.html,"MPCHS - Block F, MPCHS - Multi Gardens",House,PKR2.15 Crore,5,5 Marla,For Sale,4,4 weeks ago,"B-17, Islamabad, Islamabad Capital",corner double unit for double living family house two kitchens four bedrooms 5 bathrooms twoTV launch drawing dinings best opportunity for close relation or two brothers living together separately very close to basic amenities like Park masjid market and School,"Built in year, Parking Spaces, Double Glazed Windows, Central Air Conditioning, Central Heating, Flooring, Electricity Backup, Waste Disposal, Other Main Features","Bedrooms, Bathrooms, Servant Quarters, Drawing Room, Dining Room, Kitchens, Study Room, Prayer Room, Powder Room, Gym, Store Rooms, Steam Room, Lounge or Sitting Room, Laundry Room, Other Rooms","Broadband Internet Access, Satellite or Cable TV Ready, Intercom, Other Business and Communication Facilities","Community Lawn or Garden, Community Swimming Pool, Community Gym, First Aid or Medical Centre, Day Care Centre, Kids Play Area, Barbeque Area, Mosque, Community Centre, Other Community Facilities","Sauna, Jacuzzi, Other Healthcare and Recreation Facilities","Nearby Schools, Nearby Hospitals, Nearby Shopping Malls, Nearby Restaurants, Distance From Airport (kms), Nearby Public Transport Service, Other Nearby Places",,,,
https://www.zameen.com/Property/islamabad_g-13_14_marla_40x_80_brand_new_house_for_sale_in_g-13_islamabad-53216752-330-1.html,"G-13, Islamabad",House,PKR10.7 Crore,6,14 Marla,For Sale,6,2 weeks ago,"G-13, Islamabad, Islamabad Capital","14 Marla (40x80) Classical Design Brand New House for Sale in G-13 Islamabad Discover a beautifully designed brand new double unit house located in one of Islamabads most prime sectors G-13. This 14 Marla (40x80) masterpiece features a classical elevation, premium finishes, and an ideal layout perfect for two families or a luxurious single-family living experience. Property Features: Size: 14 Marla (40x80) Brand New Classical Design 6 Spacious Bedrooms with attached modern bathrooms 2 Stylish Kitchens with high-quality fittings 2 Drawing/Dining Rooms 2 TV Lounges for comfortable family living Servant Quarter with attached bath Car Porch for 3 to 4 cars Solid construction with imported fixtures and woodwork 2 Rooms on roof for multi purpose water boring plus supply connection available Location Highlights: Prime location in G-13 Islamabad Close to Kashmir Highway, Jogging Track, Main Double Road, Park, Market, and Masjid Wide streets and peaceful neighborhood Ideal for living or investment Demand: Rs. 10.7 Crore (Negotiable) For More Details & Visit: Property Empire G-13/2 Mughal Market, Islamabad Contact: View Contact Detail","Built in year: 2025, Parking Spaces: 4, Double Glazed Windows, Central Air Conditioning, Central Heating, Flooring, Electricity Backup, Waste Disposal, Floors: 3, Other Main Features","Bedrooms: 6, Bathrooms: 7, Servant Quarters: 2, Drawing Room, Dining Room, Kitchens: 2, Study Room, Prayer Room, Powder Room, Store Rooms: 2, Steam Room, Lounge or Sitting Room, Laundry Room, Other Rooms","Broadband Internet Access, Satellite or Cable TV Ready, Intercom","Community Lawn or Garden, Community Swimming Pool, Community Gym, First Aid or Medical Centre, Day Care Centre, Kids Play Area, Barbeque Area, Mosque, Community Centre, Other Community Facilities","Lawn or Garden, Swimming Pool, Sauna, Jacuzzi","Nearby Schools, Nearby Hospitals, Nearby Shopping Malls, Nearby Restaurants, Distance From Airport (kms), Nearby Public Transport Service, Other Nearby Places","Maintenance Staff, Security Staff, Facilities for Disabled",,,
https://www.zameen.com/Property/g_15_zarkon_heights_1177_square_feet_flat_for_sale_in_zarkon_heights_islamabad-53259906-10169-1.html,"Zarkon Heights, G-15",Flat,PKR1.7 Crore,2,4.8 Marla,For Sale,2,5 months ago,"G-15, Islamabad, Islamabad Capital","Flat for Sale Zarkoon Heights, Tower D (5th Floor) Location: Zarkoon Heights, G-15 Islamabad Size: 1177 Sq. Ft. 2 Bedrooms | 2 Baths | Lounge | Kitchen 5th Floor Tower D | Scenic View Designated Parking | Secure Gated Community Ideal for Living or Investment Demand: 1.70 Crore","Built in year: 2023, Parking Spaces: 1, Lobby in Building, Double Glazed Windows, Central Air Conditioning, Central Heating, Flooring, Electricity Backup, Waste Disposal, Floor: 2, Floors in Building: 2, Service Elevators in Building, Other Main Features","Bedrooms: 02, Bathrooms: 02, Servant Quarters: 1, Drawing Room, Dining Room, Kitchens: 1, Study Room, Prayer Room, Powder Room, Gym, Store Rooms: 1, Steam Room, Lounge or Sitting Room, Laundry Room, Other Rooms","Broadband Internet Access, Satellite or Cable TV Ready, Business Center or Media Room in Building, Conference Room in Building, Intercom, ATM Machines, Other Business and Communication Facilities","Community Lawn or Garden, Community Swimming Pool, Community Gym, First Aid or Medical Centre, Day Care Centre, Kids Play Area, Barbeque Area, Mosque, Community Centre, Other Community Facilities","Sauna, Jacuzzi, Other Healthcare and Recreation Facilities","Nearby Schools, Nearby Hospitals, Nearby Shopping Malls, Nearby Restaurants, Distance From Airport (kms), Nearby Public Transport Service, Other Nearby Places","Maintenance Staff, Security Staff, Laundry or Dry Cleaning Facility, Communal/Shared Kitchen, Facilities for Disabled, Other Facilities",,,
https://www.zameen.com/Property/g_13_g-13_2_7_marla_beautiful_house_for_sale_in_g-13_2_islamabad-53230807-3338-1.html,"G-13/2, G-13",House,PKR5.6 Crore,4,7 Marla,For Sale,4,5 months ago,"G-13, Islamabad, Islamabad Capital","4 Bedrooms | 4 Bathrooms 2 TV Lounges 2 Drawing & Dining Rooms 2 Kitchens Servant Quarter Green Lawn | Double Road Water Boring + Supply Electricity & Gas Meter Installed Prime Location: Near Kashmir Highway, schools, parks, hospitals, markets & masjid. Contact now for more details!","Built in year: 2023, Parking Spaces: 1, Double Glazed Windows, Central Air Conditioning, Central Heating, Flooring, Electricity Backup, Waste Disposal, Floors: 2, Other Main Features, Furnished","Bedrooms: 4, Bathrooms: 4, Servant Quarters: 1, Drawing Room, Dining Room, Kitchens: 2, Study Room, Prayer Room, Powder Room, Gym, Store Rooms: 2, Steam Room, Lounge or Sitting Room, Laundry Room, Other Rooms","Broadband Internet Access, Satellite or Cable TV Ready, Intercom, Other Business and Communication Facilities","Community Lawn or Garden, Community Swimming Pool, Community Gym, First Aid or Medical Centre, Day Care Centre, Kids Play Area, Barbeque Area, Mosque, Community Centre, Other Community Facilities","Lawn or Garden, Swimming Pool, Sauna, Jacuzzi, Other Healthcare and Recreation Facilities","Nearby Schools, Nearby Hospitals, Nearby Shopping Malls, Nearby Restaurants, Distance From Airport (kms), Nearby Public Transport Service, Other Nearby Places","Maintenance Staff, Security Staff, Facilities for Disabled, Other Facilities",,,
https://www.zameen.com/Property/gulberg_greens_gulberg_greens_-_block_b_5_kanal_block_b_furnished_farm_house_available_for_sale-53116696-8314-1.html,"Gulberg Greens - Block B, Gulberg Greens",Farm House,PKR31.5 Crore,6,5 Kanal,For Sale,10,3 weeks ago,"Gulberg, Islamabad, Islamabad Capital",5 kanal furnished farm house available for sale Block B More options available in different block Different categories constructed farm house available for sale swimming pool with cinepex available Farm house plots options available,"Built in year: 2024, Parking Spaces: 10, Double Glazed Windows, Central Air Conditioning, Central Heating, Flooring, Electricity Backup, Waste Disposal, Floors: 3, Other Main Features, Furnished","Bedrooms: 13, Bathrooms: 16, Servant Quarters: 4, Drawing Room, Dining Room, Kitchens: 3, Study Room, Prayer Room, Powder Room, Gym, Store Rooms: 4, Steam Room, Lounge or Sitting Room, Laundry Room, Other Rooms","Broadband Internet Access, Satellite or Cable TV Ready, Intercom, Other Business and Communication Facilities","Community Lawn or Garden, Community Swimming Pool, Community Gym, First Aid or Medical Centre, Day Care Centre, Kids Play Area, Barbeque Area, Mosque, Community Centre, Other Community Facilities","Lawn or Garden, Swimming Pool, Sauna, Jacuzzi, Other Healthcare and Recreation Facilities","Nearby Schools, Nearby Hospitals, Nearby Shopping Malls, Nearby Restaurants, Distance From Airport (kms), Nearby Public Transport Service, Other Nearby Places","Maintenance Staff, Security Staff, Facilities for Disabled, Other Facilities",,,
https://www.zameen.com/Property/naval_anchorage_naval_anchorage_-_block_g_naval_incorage_block_g_marla_5_houses_available_for_sale-53162063-9158-1.html,"Naval Anchorage - Block G, Naval Anchorage",House,PKR2.55 Crore,6,5 Marla,For Sale,4,2 days ago,"Naval Anchorage, Islamabad, Islamabad Capital",G block 5 marla plots and houses available for sale more options available in different blocks,"Built in year: 2025, Parking Spaces: 2, Double Glazed Windows, Central Air Conditioning, Central Heating, Flooring, Electricity Backup, Waste Disposal, Floors: 3, Other Main Features, Furnished","Bedrooms: 4, Bathrooms: 6, Servant Quarters: 2, Drawing Room, Dining Room, Kitchens: 2, Study Room, Prayer Room, Powder Room, Gym, Store Rooms: 2, Steam Room, Lounge or Sitting Room, Laundry Room, Other Rooms","Broadband Internet Access, Satellite or Cable TV Ready, Intercom, Other Business and Communication Facilities","Community Lawn or Garden, Community Swimming Pool, Community Gym, First Aid or Medical Centre, Day Care Centre, Kids Play Area, Barbeque Area, Mosque, Community Centre, Other Community Facilities","Lawn or Garden, Swimming Pool, Sauna, Jacuzzi, Other Healthcare and Recreation Facilities","Nearby Schools, Nearby Hospitals, Nearby Shopping Malls, Nearby Restaurants, Distance From Airport (kms), Nearby Public Transport Service, Other Nearby Places","Maintenance Staff, Security Staff, Facilities for Disabled, Other Facilities",,,
https://www.zameen.com/Property/simly_dam_road_kazani_resorts_beautiful_resort_near_simly_dam_for_sale-53336925-21060-1.html,"Kazani Resorts, Simly Dam Road",House,PKR6.3 Crore,3,1 Kanal,For Sale,3,5 months ago,"Simly Dam Road, Islamabad, Islamabad Capital","Plot Size: 1 Kanal. Covered Area: 2,500 Sq Ft Bedrooms: 3 Daily Rental: 65,000/- Per Night. Contact Now For Any Further Details And The Visit.","Built in year: 2025, Parking Spaces: 4, Double Glazed Windows, Central Air Conditioning, Central Heating, Flooring, Electricity Backup, Waste Disposal, Floors: 2, Other Main Features, Furnished","Bedrooms: 3, Bathrooms: 3, Servant Quarters: 1, Drawing Room, Dining Room, Kitchens: 1, Study Room, Prayer Room, Powder Room, Gym, Store Rooms, Steam Room, Lounge or Sitting Room, Laundry Room, Other Rooms","Broadband Internet Access, Satellite or Cable TV Ready, Intercom, Other Business and Communication Facilities","Community Lawn or Garden, Community Swimming Pool, Community Gym, First Aid or Medical Centre, Day Care Centre, Kids Play Area, Barbeque Area, Mosque, Community Centre, Other Community Facilities","Lawn or Garden, Swimming Pool, Sauna, Jacuzzi, Other Healthcare and Recreation Facilities","Nearby Schools, Nearby Hospitals, Nearby Shopping Malls, Nearby Restaurants, Distance From Airport (kms), Nearby Public Transport Service, Other Nearby Places","Maintenance Staff, Security Staff, Facilities for Disabled, Other Facilities",,,
https://www.zameen.com/Property/top_city_1_top_city_1_-_block_a_centrally_located_prime_location_house_available_in_top_city_1_-_block_a_for_sale-53134128-9231-1.html,"Top City 1 - Block A, Top City 1",House,PKR4.49 Crore,4,10 Marla,For Sale,4,1 week ago,"Top City 1, Islamabad, Islamabad Capital","Block A street no 6 House For Sale size. 10 marla Demand 449 lac Looking for the most trusted 10 Marla options. Here is something to consider. If you are looking to buy the best House in the prime locality in Islamabad, we can help! This comfortable property is available for sale. The right property for you in Top City 1 - Block A is right within your reach. The Islamabad is a good choice for your next chapter in life. Make this ideal property yours at a bargain price of Rs. 44900000. Features of property as follow. A central heating system in the House is convenient for everyone to operate. Rising temperatures can be detrimental to health but indoors you can stay safe with central air-conditioning that is part of the House. Having a community swimming pool is an amenity that one can't deny. Differently-abled people will find this House easy to navigate, as it is developed to incorporate their needs. Double Glazed windows are a perfect solution to outside noise. Your personal space can stay personal with a powder room in the home. In hardly a few minutes by walk, you can find a mosque near the House. We are just a phone call away, contact us now!","Built in year: 2020, Parking Spaces: 1, Double Glazed Windows, Central Air Conditioning, Central Heating, Flooring, Electricity Backup, Waste Disposal, Floors: 2, Other Main Features, Furnished","Bedrooms: 4, Bathrooms: 4, Servant Quarters: 1, Drawing Room, Dining Room, Kitchens: 1, Study Room, Prayer Room, Powder Room, Gym, Store Rooms: 1, Steam Room, Lounge or Sitting Room, Laundry Room, Other Rooms","Broadband Internet Access, Satellite or Cable TV Ready, Intercom, Other Business and Communication Facilities","Community Lawn or Garden, Community Swimming Pool, Community Gym, First Aid or Medical Centre, Day Care Centre, Kids Play Area, Barbeque Area, Mosque, Community Centre, Other Community Facilities","Lawn or Garden, Swimming Pool, Sauna, Jacuzzi, Other Healthcare and Recreation Facilities","Nearby Schools, Nearby Hospitals, Nearby Shopping Malls, Nearby Restaurants, Distance From Airport (kms), Nearby Public Transport Service, Other Nearby Places","Maintenance Staff, Security Staff, Facilities for Disabled, Other Facilities",,,
https://www.zameen.com/Property/islamabad_top_city_1_full_furnished_apartment_for_sale_coming_rent_55000-53156381-1383-1.html,"Top City 1, Islamabad",Flat,PKR75 Lakh,1,2.2 Marla,For Sale,1,3 months ago,"Top City 1, Islamabad, Islamabad Capital","Full Furnished Apartment Available at best Market rate. Top City Main commercial Project: City Tower coming Rent 55000/ monthly 1 Bed 2 Bad 3 Bed Apartments Available in Top City mumtaz city All categories Plots Available at Top city in best Market Rates. Kanal 10 Marla 5 Marla Corner, Parkface Commercial and Residential Briqs Developer And Marketing Offer A Prime Location Residential Plot In Top City 1 Islamabad 5 Marla 10 Marla and Kanal Also Commercial in All Catergries. The ideal location of TopCity-1 near Kashmir Highway, is one of its most attractive features. Although the housing society is located at a 20-minute drive from downtown G 11 Markaz Islamabad, it can be easily accessed through Kashmir Highway, Lahore and Islamabad Motorways and Grand Trunk Road. The new Islamabad International Airport is also situated at a distance of approximately 3 kilometers from TopCity-1. That means it will take residents just 5 minutes to reach the airport through New Islamabad Airport Road. It is also connected by a grand and an exclusive Interchange making a Loop on Kashmir Highway giving direct access to residents in TopCity-1. The under development public transit metro bus service connects TopCity-1 through two terminals while the International CPEC City is located at a short distance.","Built in year: 2024, Parking Spaces, Flooring, Floor, Floors in Building, Elevators: 1, Furnished",Kitchens: 1,,,,"Nearby Schools, Nearby Hospitals, Nearby Shopping Malls, Nearby Restaurants, Distance From Airport (kms), Nearby Public Transport Service",,,,
https://www.zameen.com/Property/top_city_1_top_city_1_-_block_a_brand_new_solid_beautiful_house_for_sale-53225727-9231-1.html,"Top City 1 - Block A, Top City 1",House,PKR4.8 Crore,5,10 Marla,For Sale,5,1 week ago,"Top City 1, Islamabad, Islamabad Capital","All categories Plots Available at Top city in best Market Rates. Kanal 10 Marla 5 Marla Corner, Parkface Commercial and Residential Briqs Developer And Marketing Offer A Prime Location Residential Plot In Top City 1 Islamabad 5 Marla 10 Marla and Kanal Also Commercial in All Catergries. The ideal location of TopCity-1 near Kashmir Highway, is one of its most attractive features. Although the housing society is located at a 20-minute drive from downtown G 11 Markaz Islamabad, it can be easily accessed through Kashmir Highway, Lahore and Islamabad Motorways and Grand Trunk Road. The new Islamabad International Airport is also situated at a distance of approximately 3 kilometers from TopCity-1. That means it will take residents just 5 minutes to reach the airport through New Islamabad Airport Road. It is also connected by a grand and an exclusive Interchange making a Loop on Kashmir Highway giving direct access to residents in TopCity-1. The under development public transit metro bus service connects TopCity-1 through two terminals while the International CPEC City is located at a short distance.","Built in year: 2024, Flooring, Floors: 2","Bedrooms: 5, Bathrooms: 6, Servant Quarters: 1, Drawing Room, Dining Room, Kitchens: 2, Store Rooms: 1",,"Community Lawn or Garden, Community Gym, First Aid or Medical Centre, Kids Play Area, Mosque, Community Centre",,"Nearby Schools, Nearby Hospitals, Nearby Shopping Malls, Nearby Restaurants, Distance From Airport (kms)",,,,
https://www.zameen.com/Property/naval_anchorage_naval_anchorage_-_block_g_5_marla_brand_new_and_state_of_art_solid_constructed_house_is_for_sale-53167243-9158-1.html,"Naval Anchorage - Block G, Naval Anchorage",House,PKR2.45 Crore,5,5 Marla,For Sale,4,1 month ago,"Naval Anchorage, Islamabad, Islamabad Capital","On a solid land , an artistically designed and solid constructed house is available for sale","Built in year: 2025, Parking Spaces: 3, Flooring, Electricity Backup, Floors: 3, Furnished","Bedrooms: 6, Bathrooms: 7, Servant Quarters: 2, Drawing Room, Dining Room, Kitchens, Study Room, Prayer Room, Powder Room, Gym, Store Rooms, Lounge or Sitting Room, Laundry Room","Broadband Internet Access, Satellite or Cable TV Ready, Intercom",,"Lawn or Garden, Jacuzzi","Nearby Schools, Nearby Hospitals, Nearby Shopping Malls, Nearby Restaurants, Distance From Airport (kms), Nearby Public Transport Service, Other Nearby Places","Security Staff, Other Facilities",,,
https://www.zameen.com/Property/dha_defence_phase_1_dha_phase_1_-_sector_f_classic_design_house_for_sale_in_dha-1_sector_f-52982350-8226-1.html,"DHA Phase 1 - Sector F, DHA Defence Phase 1",House,PKR14 Crore,7,1.1 Kanal,For Sale,7,5 days ago,"DHA Defence, Islamabad, Islamabad Capital","- Triple Story House With Special Proper Basement, Ground & First - Imported Accessories Installed - High Classic Wood Used in Doors - Top Nosh Finishing - Designer House 22 Marla - Solid Construction *****Ground Floor and First Floor******* Bed rooms . 7 Drawing room. 1 Dinning room. 1 Lounges. . . 3. (GF&FF Basement) Kitchens. . . . 3. (GF&FF Basement) Study/ gym. 2 Bathrooms. . . . 8 courtyard. 2 Laundry/utility room. . . 2 Store. . . 2 Terraces. . . 1","Built in year: 2024, Parking Spaces: 4, Double Glazed Windows, Central Air Conditioning, Central Heating, Flooring, Electricity Backup, Waste Disposal, Floors: 3, Other Main Features, Furnished","Bedrooms: 7, Bathrooms: 7, Servant Quarters: 2, Drawing Room, Dining Room, Kitchens: 2, Study Room, Prayer Room, Powder Room, Gym, Store Rooms: 1, Steam Room, Lounge or Sitting Room, Laundry Room, Other Rooms","Broadband Internet Access, Satellite or Cable TV Ready, Intercom, Other Business and Communication Facilities","Community Lawn or Garden, Community Swimming Pool, Community Gym, First Aid or Medical Centre, Day Care Centre, Kids Play Area, Barbeque Area, Mosque, Community Centre, Other Community Facilities","Lawn or Garden, Swimming Pool, Sauna, Jacuzzi, Other Healthcare and Recreation Facilities","Nearby Schools, Nearby Hospitals, Nearby Shopping Malls, Nearby Restaurants, Distance From Airport (kms), Nearby Public Transport Service, Other Nearby Places","Maintenance Staff, Security Staff, Facilities for Disabled, Other Facilities",,,
https://www.zameen.com/Property/top_city_1_top_city_1_-_block_a_a_block_10_marla_house_near_main_markaz-50489685-9231-1.html,"Top City 1 - Block A, Top City 1",House,PKR4.35 Crore,5,10 Marla,For Sale,5,4 months ago,"Top City 1, Islamabad, Islamabad Capital","Top City A block Very ideal Location Brand New double Story A Grade Construction Quality House is available for Sale. This stunning 10 Marla house is a masterpiece of modern architecture, boasting sleek designs, spacious rooms, and top-notch finishes. for more information feel free to contact with us","Built in year: 2024, Parking Spaces: 2, Double Glazed Windows, Central Air Conditioning, Central Heating, Flooring, Electricity Backup, Waste Disposal, Floors: 2, Other Main Features, Furnished","Bedrooms: 5, Bathrooms: 5, Servant Quarters: 1, Drawing Room, Dining Room, Kitchens: 2, Study Room, Prayer Room, Powder Room, Gym, Store Rooms: 1, Steam Room, Lounge or Sitting Room, Laundry Room, Other Rooms","Broadband Internet Access, Satellite or Cable TV Ready, Intercom, Other Business and Communication Facilities","Community Lawn or Garden, Community Swimming Pool, Community Gym, First Aid or Medical Centre, Day Care Centre, Kids Play Area, Barbeque Area, Mosque, Community Centre, Other Community Facilities","Lawn or Garden, Swimming Pool, Sauna, Jacuzzi, Other Healthcare and Recreation Facilities","Nearby Schools, Nearby Hospitals, Nearby Shopping Malls, Nearby Restaurants, Distance From Airport (kms), Nearby Public Transport Service, Other Nearby Places","Maintenance Staff, Security Staff, Facilities for Disabled, Other Facilities",,,
https://www.zameen.com/Property/top_city_1_top_city_1_-_block_a_a_block_10_marla_brand_new_house_for_sale-51131724-9231-1.html,"Top City 1 - Block A, Top City 1",House,PKR4.25 Crore,5,10 Marla,For Sale,5,4 months ago,"Top City 1, Islamabad, Islamabad Capital","Top City D block Very ideal Location Brand New double Story A Grade Construction Quality House is available for Sale. This stunning 10 Marla house is a masterpiece of modern architecture, boasting sleek designs, spacious rooms, and top-notch finishes. for more information feel free to contact with us","Built in year: 2024, Parking Spaces: 2, Double Glazed Windows, Central Air Conditioning, Central Heating, Flooring, Electricity Backup, Waste Disposal, Floors: 2, Other Main Features, Furnished","Bedrooms: 5, Bathrooms: 5, Servant Quarters: 1, Drawing Room, Dining Room, Kitchens: 2, Study Room, Prayer Room, Powder Room, Gym, Store Rooms: 1, Steam Room, Lounge or Sitting Room, Laundry Room, Other Rooms","Broadband Internet Access, Satellite or Cable TV Ready, Intercom, Other Business and Communication Facilities","Community Lawn or Garden, Community Swimming Pool, Community Gym, First Aid or Medical Centre, Day Care Centre, Kids Play Area, Barbeque Area, Mosque, Community Centre, Other Community Facilities","Lawn or Garden, Swimming Pool, Sauna, Jacuzzi, Other Healthcare and Recreation Facilities","Nearby Schools, Nearby Hospitals, Nearby Shopping Malls, Nearby Restaurants, Distance From Airport (kms), Nearby Public Transport Service, Other Nearby Places","Maintenance Staff, Security Staff, Facilities for Disabled, Other Facilities",,,
https://www.zameen.com/Property/top_city_1_top_city_1_-_block_a_a_block_10_marla_brand_new_house_for_sale-51868017-9231-1.html,"Top City 1 - Block A, Top City 1",House,PKR4 Crore,5,10 Marla,For Sale,5,4 days ago,"Top City 1, Islamabad, Islamabad Capital","Top City A block Very ideal Location Near Park Brand New double Story A Grade Construction Quality House is available for Sale. This stunning 10 Marla house is a masterpiece of modern architecture, boasting sleek designs, spacious rooms, and top-notch finishes. for more information feel free to contact with us","Built in year: 2024, Parking Spaces: 2, Double Glazed Windows, Central Air Conditioning, Central Heating, Flooring, Electricity Backup, Waste Disposal, Floors: 2, Other Main Features, Furnished","Bedrooms: 5, Bathrooms: 5, Servant Quarters: 1, Drawing Room, Dining Room, Kitchens: 2, Study Room, Prayer Room, Powder Room, Gym, Store Rooms: 1, Steam Room, Lounge or Sitting Room, Laundry Room, Other Rooms","Broadband Internet Access, Satellite or Cable TV Ready, Intercom, Other Business and Communication Facilities","Community Lawn or Garden, Community Swimming Pool, Community Gym, First Aid or Medical Centre, Day Care Centre, Kids Play Area, Barbeque Area, Mosque, Community Centre, Other Community Facilities","Lawn or Garden, Swimming Pool, Sauna, Jacuzzi, Other Healthcare and Recreation Facilities","Nearby Schools, Nearby Hospitals, Nearby Shopping Malls, Nearby Restaurants, Distance From Airport (kms), Nearby Public Transport Service, Other Nearby Places","Maintenance Staff, Security Staff, Facilities for Disabled, Other Facilities",,,
https://www.zameen.com/Property/dha_defence_phase_2_dha_phase_2_-_sector_a_idyllic_house_available_in_dha_phase_2_-_sector_a_for_sale-53046031-3196-1.html,"DHA Phase 2 - Sector A, DHA Defence Phase 2",House,PKR9.5 Crore,6,1 Kanal,For Sale,6,5 months ago,"DHA Defence, Islamabad, Islamabad Capital",Brandnew cheapest kanal designer house for sale DHA Phase 2 Sector A Kanal Brand New House 6 bedroom Double unit 9.50 crore demand,,"Bedrooms: 6, Bathrooms: 6, Drawing Room, Dining Room, Kitchens: 2, Lounge or Sitting Room",,,,"Nearby Schools, Nearby Hospitals, Nearby Shopping Malls, Nearby Restaurants, Nearby Public Transport Service",Security Staff,,,
https://www.zameen.com/Property/i_12_i-12_1_i-12_1_corner_5th_floor_d-type_flat_all_dues_clear-52673279-13800-1.html,"I-12/1, I-12",Flat,PKR80 Lakh,2,3.9 Marla,For Sale,2,2 days ago,"I-12, Islamabad, Islamabad Capital","Margalla Face Flat. Corner. D-Type (870 Sqft). All Dues Clear. Investment Opportunity. Direct Owner Meeting. Documents Available. Note: All Kinds Of Flats And Plots Available In I-12, Islamabad. Please Contact At Your Convenience.","Built in year: 2026, Parking Spaces, Lobby in Building, Double Glazed Windows, Central Air Conditioning, Central Heating, Flooring, Electricity Backup, Waste Disposal, Floor: 4, Floors in Building: 9, Elevators: 2, Other Main Features, Furnished","Bedrooms: 2, Bathrooms: 2, Servant Quarters: 2, Drawing Room, Dining Room, Kitchens: 1, Study Room, Prayer Room, Powder Room, Gym, Store Rooms: 1, Steam Room, Lounge or Sitting Room, Laundry Room, Other Rooms","Broadband Internet Access, Satellite or Cable TV Ready, Intercom, Other Business and Communication Facilities","Community Lawn or Garden, Community Swimming Pool, Community Gym, First Aid or Medical Centre, Day Care Centre, Kids Play Area, Barbeque Area, Mosque, Community Centre, Other Community Facilities","Sauna, Jacuzzi, Other Healthcare and Recreation Facilities","Nearby Schools, Nearby Hospitals, Nearby Shopping Malls, Nearby Restaurants, Distance From Airport (kms), Nearby Public Transport Service, Other Nearby Places","Maintenance Staff, Security Staff, Facilities for Disabled, Pets Allowed, Other Facilities",,,
https://www.zameen.com/Property/i_12_i-12_1_i-12_1_ground_floor_d-type_flat_top_location-52685891-13800-1.html,"I-12/1, I-12",Flat,PKR90 Lakh,2,3.9 Marla,For Sale,2,2 days ago,"I-12, Islamabad, Islamabad Capital","All Dues Clear Flat. D-Type (870 Sqft). Investment Opportunity. Direct Owner Meeting. Documents Available. Note: All Kinds of Flats and Plots available in I-12, Islamabad. Please contact at your Convenience.","Built in year: 2026, Parking Spaces, Lobby in Building, Double Glazed Windows, Central Air Conditioning, Central Heating, Flooring, Electricity Backup, Waste Disposal, Floor, Floors in Building: 9, Elevators: 2, Other Main Features, Furnished","Bedrooms: 2, Bathrooms: 2, Servant Quarters: 1, Drawing Room, Dining Room, Kitchens: 1, Study Room, Prayer Room, Powder Room, Gym, Store Rooms: 1, Steam Room, Lounge or Sitting Room, Laundry Room, Other Rooms","Broadband Internet Access, Satellite or Cable TV Ready, Conference Room in Building, Intercom, ATM Machines, Other Business and Communication Facilities","Community Lawn or Garden, Community Swimming Pool, Community Gym, First Aid or Medical Centre, Day Care Centre, Kids Play Area, Barbeque Area, Mosque, Community Centre","Sauna, Jacuzzi, Other Healthcare and Recreation Facilities","Nearby Schools, Nearby Hospitals, Nearby Shopping Malls, Nearby Restaurants, Distance From Airport (kms), Nearby Public Transport Service, Other Nearby Places","Maintenance Staff, Security Staff, Facilities for Disabled, Pets Allowed, Other Facilities",,,
https://www.zameen.com/Property/i_12_i-12_1_i-12_1_z-block_3rd_floor_top_located_e-type_flat-52686046-13800-1.html,"I-12/1, I-12",Flat,PKR60 Lakh,2,3.2 Marla,For Sale,2,2 days ago,"I-12, Islamabad, Islamabad Capital","All Dues Clear Flat. Last Installment Paid in December 2025. Sunface Flat. E-Type (710 Sqft). Investment Opportunity. Direct Owner Meeting. Documents Available. Note: All Kinds of Flats and Plots available in I-12, Islamabad. Please contact at your Convenience.","Built in year: 2026, Parking Spaces, Lobby in Building, Flooring, Electricity Backup, Floor: 3, Floors in Building: 9, Elevators: 2","Bedrooms: 2, Bathrooms: 2, Servant Quarters: 1, Dining Room, Kitchens: 1, Store Rooms: 1, Lounge or Sitting Room",Other Business and Communication Facilities,"Community Lawn or Garden, Community Gym, Kids Play Area, Mosque, Other Community Facilities",Other Healthcare and Recreation Facilities,"Nearby Schools, Nearby Hospitals, Nearby Shopping Malls, Nearby Restaurants, Distance From Airport (kms), Nearby Public Transport Service","Maintenance Staff, Security Staff, Pets Allowed",,,
https://www.zameen.com/Property/islamabad_f-17_f-17_t_t_30x60_brand_new_house_available_for_sale_60_feet_road_near_to_main_markaz_park-52896979-335-1.html,"F-17, Islamabad",House,PKR3.25 Crore,6,7 Marla,For Sale,6,4 months ago,"F-17, Islamabad, Islamabad Capital","8 Marla Double Unit House Available. For Sale in F-17 T&T Islamabad. House Size 30*60. 6 Bedrooms. 7 Baths. 2 Drawing Dining. 2 TV Lounge. 2 Kitchen. 2 Car Parking. Electricity ,Water and Gas Available. All Facilities Available. Interested People Can Contact Easily.","Built in year: 2025, Parking Spaces: 2, Double Glazed Windows, Central Air Conditioning, Central Heating, Flooring, Electricity Backup, Waste Disposal, Floors: 2, Other Main Features, Furnished","Bedrooms: 5, Bathrooms: 6, Servant Quarters: 1, Drawing Room, Dining Room, Kitchens: 2, Study Room, Prayer Room, Powder Room, Gym, Store Rooms: 1, Steam Room, Lounge or Sitting Room, Laundry Room, Other Rooms","Broadband Internet Access, Satellite or Cable TV Ready, Intercom, Other Business and Communication Facilities","Community Lawn or Garden, Community Swimming Pool, Community Gym, First Aid or Medical Centre, Day Care Centre, Kids Play Area, Barbeque Area, Mosque, Community Centre, Other Community Facilities","Lawn or Garden, Sauna, Jacuzzi, Other Healthcare and Recreation Facilities","Nearby Schools, Nearby Hospitals, Nearby Shopping Malls, Nearby Restaurants, Distance From Airport (kms), Nearby Public Transport Service, Other Nearby Places","Maintenance Staff, Security Staff, Facilities for Disabled, Other Facilities",,,
https://www.zameen.com/Property/islamabad_bhara_kahu_7_marla_double_story_corner_house_sale_in_bhara_kahu-53332586-156-1.html,"Bhara kahu, Islamabad",House,PKR1.5 Crore,6,7 Marla,For Sale,6,3 months ago,"Bhara kahu, Islamabad, Islamabad Capital",7 Marla Double Story Corner House Sale in bhara Kahu 4 bedrooms 2 drawing Rooms 6 Attched Bathrooms 1 car parking Electricity +Water Available location =Seri Chowk Bhara Kahu Islamabad,"Parking Spaces: 1, Flooring, Waste Disposal","Bedrooms: 5, Bathrooms: 6, Drawing Room, Kitchens: 2, Gym, Lounge or Sitting Room, Laundry Room","Broadband Internet Access, Satellite or Cable TV Ready","First Aid or Medical Centre, Mosque",,"Nearby Schools, Nearby Hospitals, Nearby Restaurants, Distance From Airport (kms), Nearby Public Transport Service",,,,
https://www.zameen.com/Property/top_city_1_top_city_1_-_block_d_10_marla_luxury_brand_new_house_for_sale_in_top_city_1_block-d_islamabad-53152981-9233-1.html,"Top City 1 - Block D, Top City 1",House,PKR4.9 Crore,5,10 Marla,For Sale,5,4 months ago,"Top City 1, Islamabad, Islamabad Capital","5 Bedrooms | 5 Bathrooms 2 TV Lounges 2 Drawing & Dining Rooms 2 Modern Kitchens 1 Servant Quarter Green Lawn | Double Road Water Boring + Supply Electricity Meter Installed Prime Location: Near Motorway, Near Kashmir Highway, schools, parks, hospitals, markets & masjid. Contact now for more details!","Built in year: 2025, Parking Spaces: 2, Double Glazed Windows, Central Air Conditioning, Central Heating, Flooring, Electricity Backup, Waste Disposal, Floors: 2, Other Main Features, Furnished","Bedrooms: 5, Bathrooms: 5, Servant Quarters: 1, Drawing Room, Dining Room, Kitchens: 2, Study Room, Prayer Room, Powder Room, Gym, Store Rooms: 1, Steam Room, Lounge or Sitting Room, Laundry Room, Other Rooms","Broadband Internet Access, Satellite or Cable TV Ready, Intercom, Other Business and Communication Facilities","Community Lawn or Garden, Community Swimming Pool, Community Gym, First Aid or Medical Centre, Day Care Centre, Kids Play Area, Barbeque Area, Mosque, Community Centre","Lawn or Garden, Swimming Pool, Sauna, Jacuzzi","Nearby Schools, Nearby Hospitals, Nearby Shopping Malls, Nearby Restaurants, Distance From Airport (kms), Nearby Public Transport Service, Other Nearby Places","Maintenance Staff, Security Staff, Facilities for Disabled, Other Facilities",,,
https://www.zameen.com/Property/gulberg_gulberg_greens_1_bed_apartment_available_for_sale-53109790-8312-1.html,"Gulberg Greens, Gulberg",Flat,PKR90 Lakh,1,2.4 Marla,For Sale,1,1 month ago,"Gulberg, Islamabad, Islamabad Capital","Gulberg Green Islamabad Apartment Available For sale Flat you've been looking for is available at the best price, so take action today. 550 Square Feet Flat is available for sale in the best location. We've just got the perfect deal for you. Gulberg Greens is best for living, renting or investment purposes. Islamabad is offering a good number of options through which you can experience the urban life at its best. You can look everywhere but a price of PKR Rs. 9000000 for this kind of property is the best you will find. Find out why this property is the best option for you below. A well-managed mosque near the Flat is ideal for community building. There is a community lawn at a walking distance from the Flat. The Flat features state-of-the-art amenities for the differently-abled. You can easily host a 3-course dinner party in this large dining room that comes with this Flat. You can avail the laundry service neat the Flat for your clothes and bedsheets. Double glazed windows in the Flat helps maintain the temperature inside. You can hang out in the apartment's lobby while you wait. For complete information about the property, contact us today and our representative will guide you.","Built in year: 2015, Parking Spaces: 1, Lobby in Building, Double Glazed Windows, Central Air Conditioning, Central Heating, Flooring, Electricity Backup, Waste Disposal, Floor: 3, Floors in Building: 6, Elevators: 2, Service Elevators in Building, Other Main Features, Furnished","Bedrooms: 3, Bathrooms: 2, Servant Quarters: 1, Drawing Room, Dining Room, Kitchens: 1, Study Room, Prayer Room, Powder Room, Gym, Store Rooms: 1, Steam Room, Lounge or Sitting Room, Laundry Room, Other Rooms","Broadband Internet Access, Satellite or Cable TV Ready, Business Center or Media Room in Building, Conference Room in Building, Intercom, ATM Machines, Other Business and Communication Facilities","Community Lawn or Garden, Community Swimming Pool, Community Gym, First Aid or Medical Centre, Day Care Centre, Kids Play Area, Barbeque Area, Mosque, Community Centre, Other Community Facilities","Sauna, Jacuzzi, Other Healthcare and Recreation Facilities","Nearby Schools, Nearby Hospitals, Nearby Shopping Malls, Nearby Restaurants, Distance From Airport (kms), Nearby Public Transport Service, Other Nearby Places","Maintenance Staff, Security Staff, Laundry or Dry Cleaning Facility, Communal/Shared Kitchen, Facilities for Disabled, Pets Allowed, Other Facilities",,,
https://www.zameen.com/Property/mumtaz_city_mumtaz_city_-_chanab_block_brand_new_1250_square_feet_house_available_in_mumtaz_city_-_chanab_block_for_sale-53230879-14993-1.html,"Mumtaz City - Chanab Block, Mumtaz City",House,PKR3.2 Crore,5,7 Marla,For Sale,4,2 months ago,"Mumtaz City, Islamabad, Islamabad Capital","Islamabad Property Solutions Offer A Prime Location Luxury Full House Is Available For Sale 04 Bedroom With Attach Bath Gas Meter Restored 2 Drawing Dining 2 Tv Lounge 2 Kitchen 1 Car parking Space Fully Tile Flooring Near By Park, Masjid, School, Hospital, Market, And Srinagar Highway Ideal And Peace Full location Nice House Wide streets Nearby commercial and public parks with kids play area. This House is in one of the most leading and Emerging sector of Islamabad. Fully Tille Flooring All Facilities Are Available More Details Please Contact us And Arrange Visit","Built in year: 2015, Parking Spaces: 2, Double Glazed Windows, Central Air Conditioning, Central Heating, Flooring, Electricity Backup, Waste Disposal, Floors: 13, Other Main Features","Bedrooms: 10, Bathrooms: 10, Servant Quarters: 2, Drawing Room, Dining Room, Kitchens: 2, Study Room, Prayer Room, Powder Room, Gym, Store Rooms: 1, Steam Room, Lounge or Sitting Room, Laundry Room, Other Rooms","Broadband Internet Access, Satellite or Cable TV Ready, Intercom, Other Business and Communication Facilities","Community Lawn or Garden, Community Swimming Pool, Community Gym, First Aid or Medical Centre, Day Care Centre, Kids Play Area, Barbeque Area, Mosque, Community Centre, Other Community Facilities","Sauna, Jacuzzi, Other Healthcare and Recreation Facilities","Nearby Schools, Nearby Hospitals, Nearby Shopping Malls, Nearby Restaurants, Distance From Airport (kms), Nearby Public Transport Service, Other Nearby Places","Maintenance Staff, Security Staff, Facilities for Disabled, Other Facilities",,,
https://www.zameen.com/Property/g_13_g-13_2_30_60_house_for_sale_in_g13_islamabad_ho-53271618-3338-1.html,"G-13/2, G-13",House,PKR7.1 Crore,7,7 Marla,For Sale,5,3 months ago,"G-13, Islamabad, Islamabad Capital","*""Modern meets classical* Rooted in tradition, built for today this Neo-classical residential elevation blends historic charm with modern living. It's where architectural heritage meets modern comfort, creating a space that feels both familiar and forward-thinking. *Features:* 1- Most ideal location in G-13/2 2- Sun face (Pindi face) 2- Neo-Classical Elevation 3- 8 Marla (30x60) 4- Double unit house 5- 40 feet wide street 6- Nearest to the park, masjid and market 7- 400 feet down Water boring is available as well as water supply facility. 8- Good quality material has been used 9- 60 grade Ittehad steel 10- RCC foundation and Plinth Beam 11- Solid wooden doors (Yellow pine) 12- A+ Grade tiles (size: 2x4) 13- Super & High gloss sheets for kitchens and wardrobes 14- Best quality sanitary fittings (Faisal) 15-GM cable 16- Nippon Wall Putty and Paint 17- Pak Altech Aluminium 18- Heavy gauge Double side Main gate 19- Inverter Fans 20- Closest to the Sirinagar highway 21-Rental value 2 lacs *About the Property:* *Ground Floor* Drawing Room 2 Bedrooms With Attached Bath TV Lounge Kitchen Loundary Area 2 cars parking *First floor* Drawing Room 3 Bedrooms With Attached Bath Kitchen TV Lounge *Roof Top* 1 Bed Room Washroom Laundry *For contact","Built in year: 2025, Parking Spaces: 1, Double Glazed Windows, Central Air Conditioning, Central Heating, Flooring, Electricity Backup, Waste Disposal, Other Main Features, Furnished","Bedrooms: 5, Bathrooms: 6, Servant Quarters: 1, Drawing Room, Dining Room, Kitchens: 2, Study Room, Prayer Room, Powder Room, Gym, Store Rooms: 1, Steam Room, Lounge or Sitting Room, Laundry Room, Other Rooms","Broadband Internet Access, Satellite or Cable TV Ready, Intercom, Other Business and Communication Facilities","Community Lawn or Garden, Community Swimming Pool, Community Gym, First Aid or Medical Centre, Day Care Centre, Kids Play Area, Barbeque Area, Mosque, Community Centre, Other Community Facilities","Sauna, Jacuzzi, Other Healthcare and Recreation Facilities","Nearby Schools, Nearby Hospitals, Nearby Shopping Malls, Nearby Restaurants, Distance From Airport (kms), Nearby Public Transport Service, Other Nearby Places","Maintenance Staff, Security Staff, Facilities for Disabled, Other Facilities",,,
https://www.zameen.com/Property/d_12_d-12_1_4_5_marla_luxury_house_for_sale_sector_d-12_1_markaz_islamabad-53148676-3154-1.html,"D-12/1, D-12",House,PKR4.75 Crore,3,4.5 Marla,For Sale,3,4 days ago,"D-12, Islamabad, Islamabad Capital","Abdullah Property & Builders Pvt. Ltd proudly presents a 4.5-Marla house for sale in Sector D-12/1 Markaz Islamabad. Dont miss this rare opportunity, ideal for families and investors alike. Location: Prime location in Sector D-12/1 Markaz, Islamabad Size: 4.5 Marla Dimension: 25/40 Bedrooms: 3 (with attached baths) Kitchen: Open-style Italian kitchen Parking: Spacious car porch Utilities: Water & electricity meters installed Demand: PKR 4.75 Crore Property Highlights: Modern luxury design with premium construction Spacious bedrooms with attached baths Located in the heart of D-12 Markaz a highly sought-after area Surrounded by schools, markets, and all major facilities Ideal for families seeking comfort & convenience Ideal for families or investors seeking high value returns For Details & Visit Contact: Abdullah Property & Builders Pvt. Ltd. Your Trusted Real Estate Partner in Islamabad For More Details View Contact Detail , View Contact Detail , View Contact Detail","Built in year: 2025, Parking Spaces, Double Glazed Windows, Flooring, Waste Disposal, Floors: 2, Furnished","Bedrooms: 3, Bathrooms: 3, Drawing Room, Dining Room, Kitchens: 2, Lounge or Sitting Room, Laundry Room","Broadband Internet Access, Satellite or Cable TV Ready","Community Lawn or Garden, Kids Play Area, Mosque","Lawn or Garden, Sauna, Jacuzzi","Nearby Schools, Nearby Hospitals, Nearby Shopping Malls, Nearby Restaurants, Other Nearby Places",,,,
https://www.zameen.com/Property/bahria_enclave_bahria_enclave_-_sector_c1_10_marla_house_for_sale_sector_c1-53152647-11987-1.html,"Bahria Enclave - Sector C1, Bahria Enclave",House,PKR4.4 Crore,6,10 Marla,For Sale,5,5 months ago,"Bahria Town, Islamabad, Islamabad Capital","10 Marla House Available for Sale Spacious and modern double-storey house located in a prime residential area. The house is well-designed with stylish interiors and high-quality finishes, perfect for a comfortable family lifestyle. 5 Bedrooms with attached baths Spacious TV lounge & drawing room Modern kitchen with cabinets Car parking space Terrace & lawn area Electricity, gas & water available Secure and peaceful neighborhood Ideal opportunity for investment or personal living. Prime Location Near to schools, parks, commercial market & mosque.","Built in year: 2025, Parking Spaces: 2, Double Glazed Windows, Central Air Conditioning, Central Heating, Flooring, Electricity Backup, Waste Disposal, Floors: 2, Other Main Features, Furnished","Bedrooms: 5, Bathrooms: 7, Servant Quarters: 1, Drawing Room, Dining Room, Kitchens: 2, Study Room, Prayer Room, Powder Room, Gym, Store Rooms: 2, Steam Room, Lounge or Sitting Room, Laundry Room, Other Rooms","Broadband Internet Access, Satellite or Cable TV Ready, Intercom, Other Business and Communication Facilities","Community Lawn or Garden, Community Gym, First Aid or Medical Centre, Day Care Centre, Kids Play Area, Barbeque Area, Mosque, Community Centre, Other Community Facilities","Lawn or Garden, Sauna, Jacuzzi, Other Healthcare and Recreation Facilities","Nearby Schools, Nearby Hospitals, Nearby Shopping Malls, Nearby Restaurants, Distance From Airport (kms), Nearby Public Transport Service, Other Nearby Places","Maintenance Staff, Security Staff, Facilities for Disabled, Other Facilities",,,
https://www.zameen.com/Property/bahria_town_bahria_enclave_5_marla_brand_new_park_face_house_for_sale-53297428-1705-1.html,"Bahria Enclave, Bahria Town",House,PKR2.4 Crore,4,5 Marla,For Sale,3,4 months ago,"Bahria Town, Islamabad, Islamabad Capital","Brand New 5 Marla House Park Facing Prime Location Property Overview: A beautifully constructed brand new 5 Marla house available in a prime location. This modern home is perfect for families seeking comfort, style, and convenience with a park right in front for a refreshing view and outdoor space. House Features: 3 Spacious Bedrooms with Attached Bathrooms Modern Kitchen with elegant fittings TV Lounge & Living Area Servant Room with Attached Bath Drawing / Dining Area Beautiful Front Elevation High-Quality Tile Flooring & Woodwork Ample Car Parking Space Park Facing Location Ideal for families and children Additional Highlights: Brand new construction never used before Peaceful and secure neighborhood Close to markets, schools, mosques, and main roads Contact: For visit and more details, please call or WhatsApp. A perfect combination of elegance, comfort, and location Brand New 5 Marla Park Facing House available now!","Built in year: 2025, Parking Spaces: 2, Double Glazed Windows, Flooring, Electricity Backup, Waste Disposal, Floors: 2","Bedrooms: 3, Bathrooms: 3, Servant Quarters: 1, Drawing Room, Dining Room, Kitchens: 1, Lounge or Sitting Room, Laundry Room","Broadband Internet Access, Satellite or Cable TV Ready","Community Lawn or Garden, Community Gym, First Aid or Medical Centre, Day Care Centre, Kids Play Area, Barbeque Area, Mosque, Community Centre",,"Nearby Schools, Nearby Hospitals, Nearby Shopping Malls, Nearby Restaurants, Distance From Airport (kms), Nearby Public Transport Service, Other Nearby Places","Maintenance Staff, Security Staff",,,
https://www.zameen.com/Property/bahria_town_bahria_enclave_3_bedrooms_apartment_for_sale_gold_category_project_bahria_enclave_islamabad-53270065-1705-1.html,"Bahria Enclave, Bahria Town",Flat,PKR1.35 Crore,3,7.5 Marla,For Sale,3,5 months ago,"Bahria Town, Islamabad, Islamabad Capital","3 Bedroom Apartments for Sale Gold Category Project, Bahria Enclave Islamabad Located in a 40 Kanal Gold Category Project featuring 24/7 security, Masjid, Ground Floor Shopping Mall, and an 8 Kanal Park on the First Floor, this apartment offers the ultimate blend of luxury, comfort, and modern living. Apartment Details: Size: 1695 Sq. ft 3 Bedrooms with attached bathrooms Modern Kitchen & Stylish Living Area Balcony with Park View Dedicated Car Parking High-quality construction & premium fittings Prime Location: Near School, Market, and Main Boulevard Demand: 1.35 Crore PKR Experience a luxurious lifestyle in one of Bahria Enclaves finest Gold Category projects perfect for families or smart investors.","Built in year: 2024, Parking Spaces: 1, Lobby in Building, Double Glazed Windows, Flooring, Electricity Backup, Waste Disposal, Floor: 3, Floors in Building: 9, Elevators: 16, Service Elevators in Building, Other Main Features","Bedrooms: 3, Bathrooms: 3, Kitchens: 1, Lounge or Sitting Room, Laundry Room","Broadband Internet Access, Satellite or Cable TV Ready, Business Center or Media Room in Building, Conference Room in Building, Intercom, ATM Machines","Community Lawn or Garden, Community Gym, First Aid or Medical Centre, Day Care Centre, Kids Play Area, Barbeque Area, Mosque, Community Centre",,"Nearby Schools, Nearby Hospitals, Nearby Shopping Malls, Nearby Restaurants, Distance From Airport (kms), Nearby Public Transport Service, Other Nearby Places",,,,
https://www.zameen.com/Property/bahria_town_bahria_enclave_two_bedroom_brand_new_corner_apartment_for_sale_bahria_enclave_islamabad-53277618-1705-1.html,"Bahria Enclave, Bahria Town",Flat,PKR1.17 Crore,2,6.1 Marla,For Sale,2,5 months ago,"Bahria Town, Islamabad, Islamabad Capital","Brand new corner category 2-bedroom apartment available for sale in Bahria Enclave Islamabad. Ideally located, offering modern design, high-quality finishes, and excellent ventilation perfect for families or investors seeking comfort and convenience. Key Features: 2 Bedrooms with attached bathrooms Laundry Room Modern Kitchen & Spacious Living Area One Car Parking Space 24/7 Security & Lift Available Corner Apartment More Light & Privacy Near School, Market & Mosque Location: Bahria Enclave Islamabad Demand: 1.19 Crore PKR Visit Anytime Key in Hand An ideal choice for those looking for a brand new, corner category apartment in one of Islamabads most desirable locations.","Built in year: 2025, Parking Spaces: 2, Lobby in Building, Double Glazed Windows, Flooring, Electricity Backup, Waste Disposal, Floor: 6, Floors in Building: 9, Elevators: 16","Bedrooms: 2, Bathrooms: 2, Kitchens: 1, Lounge or Sitting Room, Laundry Room","Broadband Internet Access, Satellite or Cable TV Ready, Conference Room in Building, Intercom, ATM Machines","Community Lawn or Garden, Community Gym, First Aid or Medical Centre, Day Care Centre, Kids Play Area, Barbeque Area, Mosque, Community Centre",,"Nearby Schools, Nearby Hospitals, Nearby Shopping Malls, Nearby Restaurants, Distance From Airport (kms), Nearby Public Transport Service, Other Nearby Places","Maintenance Staff, Security Staff, Other Facilities",,,
https://www.zameen.com/Property/dha_valley_oleander_sector_oleander_sector_-_dha_homes_block_a_8_marla_brand_new_house_for_sale_in_dha_home_for_sale-53293103-16792-1.html,"Oleander Sector - DHA Homes Block A, DHA Valley - Oleander Sector",House,PKR1.45 Crore,4,8 Marla,For Sale,3,4 months ago,"DHA Defence, Islamabad, Islamabad Capital","DHA Valley Islamabad Phase 7 Block: DHA Homes Size: 8 Marla Property Features: 3 Bedrooms 3 Bathrooms Drawing & Dining Room Store Room Beautiful Kitchen Servant Room with Attached Bath Location: Situated on a DHA Phase 6, easy access from Kallar Syedan Road, only 4 km from Rawalpindi rawat Ideal for living or investment Peaceful and fully developed area Ready-to-move house Contact: DHA Authorized Agent MH Real Estate Group","Double Glazed Windows, Central Air Conditioning, Central Heating, Flooring, Electricity Backup, Waste Disposal, Furnished","Drawing Room, Dining Room, Study Room, Prayer Room, Powder Room, Gym","Broadband Internet Access, Satellite or Cable TV Ready, Intercom","Community Lawn or Garden, Community Swimming Pool, Community Gym, First Aid or Medical Centre, Day Care Centre, Kids Play Area, Barbeque Area, Mosque","Lawn or Garden, Swimming Pool, Sauna, Jacuzzi","Nearby Schools, Nearby Hospitals, Nearby Shopping Malls, Nearby Restaurants, Nearby Public Transport Service","Maintenance Staff, Security Staff, Facilities for Disabled",,,
https://www.zameen.com/Property/islamabad_f-7_top_location_good_condition_house_reasonable_price_for_sale_f-7-53210567-165-1.html,"F-7, Islamabad",House,PKR23 Crore,5,1.1 Kanal,For Sale,5,5 months ago,"F-7, Islamabad, Islamabad Capital",533 Square Yard Triple Story House Very Good Condition Having 5 Bedrooms With Attached Washroom Drawing And Dining Room TV Lounge Kitchen Sun Face Closed Street Prime Location Near To F -7 Markaz Easy Access From Nazimudin Road,"Built in year: 2010, Parking Spaces: 4, Double Glazed Windows, Central Air Conditioning, Central Heating, Flooring, Electricity Backup, Waste Disposal, Floors: 3, Other Main Features, Furnished","Bedrooms: 5, Bathrooms: 5, Servant Quarters: 2, Drawing Room, Dining Room, Kitchens: 2, Study Room, Prayer Room, Powder Room, Gym, Store Rooms: 1, Steam Room, Lounge or Sitting Room, Laundry Room, Other Rooms","Broadband Internet Access, Satellite or Cable TV Ready, Intercom, Other Business and Communication Facilities","Community Lawn or Garden, Community Swimming Pool, Community Gym, First Aid or Medical Centre, Day Care Centre, Kids Play Area, Barbeque Area, Mosque, Community Centre, Other Community Facilities","Lawn or Garden, Swimming Pool, Sauna, Jacuzzi","Nearby Schools, Nearby Hospitals, Nearby Shopping Malls, Nearby Restaurants, Distance From Airport (kms), Nearby Public Transport Service, Other Nearby Places","Maintenance Staff, Security Staff, Facilities for Disabled, Other Facilities",,,
https://www.zameen.com/Property/islamabad_f-8_spacious_livable_house_for_sale_in_f-8-52846036-166-1.html,"F-8, Islamabad",House,PKR64.5 Crore,7,4 Kanal,For Sale,11,4 days ago,"F-8, Islamabad, Islamabad Capital","Attached Images Are For Reference Purpose Only Chohan HAY Estate Offers: - Good Liveable House - 4 Kanal (2000 Sq Yd) - 100x180 Dimensions - Double Story House - CDA Transfer - Bedrooms With Modern Attached Bathrooms - Drawing, Dining, And TV Lounge - Huge Size Lawn - Naturally Bright &Amp; Airy Interior - Servant Quarters - Huge Car Parking - Highly Secure Living Environment - Excellent Opportunity For Renovation Or New Construction - Don'T Waste Your Time, Just Grab This Prime Investment Opportunity For More Information And Additional Options, Kindly Contact The Mentioned Numbers Or Visit Chohan HAY Estate.","Built in year: 2012, Parking Spaces, Double Glazed Windows, Central Air Conditioning, Central Heating, Flooring, Electricity Backup, Waste Disposal, Floors, Other Main Features","Bedrooms, Bathrooms, Servant Quarters, Drawing Room, Dining Room, Kitchens, Study Room, Prayer Room, Powder Room, Gym, Store Rooms, Steam Room, Lounge or Sitting Room, Laundry Room","Broadband Internet Access, Satellite or Cable TV Ready, Intercom","Community Lawn or Garden, Community Swimming Pool, Community Gym, First Aid or Medical Centre, Day Care Centre, Kids Play Area, Barbeque Area, Mosque, Community Centre","Lawn or Garden, Swimming Pool, Sauna, Jacuzzi","Nearby Schools, Nearby Hospitals, Nearby Shopping Malls, Nearby Restaurants, Distance From Airport (kms), Nearby Public Transport Service, Other Nearby Places","Maintenance Staff, Security Staff, Facilities for Disabled, Other Facilities",,,
https://www.zameen.com/Property/islamabad_f-7_house_of_1166_square_yards_in_f-7_is_available-52781822-165-1.html,"F-7, Islamabad",House,PKR55 Crore,6,2.3 Kanal,For Sale,7,4 months ago,"F-7, Islamabad, Islamabad Capital","House is available for sale in prime location of Islamabad MOST SOUGHT-AFTER LOCATION, 7 Bedrooms, 2 Drawing/Dining, 2 Powder Rooms, 2 TV Lounges, 2 Kitchens with Dirty Kitchens 2 Servant Quarters, 4 Store Rooms, Laundry Areas, Ample Car Parking, CDA Transfer,","Double Glazed Windows, Central Air Conditioning, Central Heating","Drawing Room, Dining Room, Study Room, Prayer Room, Powder Room, Steam Room, Lounge or Sitting Room, Laundry Room","Broadband Internet Access, Satellite or Cable TV Ready, Intercom","Community Lawn or Garden, Community Swimming Pool, Community Gym, First Aid or Medical Centre, Day Care Centre, Kids Play Area, Barbeque Area, Mosque, Community Centre",,"Nearby Schools, Nearby Hospitals, Nearby Shopping Malls, Nearby Restaurants, Distance From Airport (kms), Nearby Public Transport Service, Other Nearby Places","Security Staff, Other Facilities",,,
https://www.zameen.com/Property/dha_defence_dha_defence_phase_2_1_kanal_designer_house_on_prime_location_near_central_park-52992044-339-1.html,"DHA Defence Phase 2, DHA Defence",House,PKR11.5 Crore,6,1 Kanal,For Sale,6,3 months ago,"DHA Defence, Islamabad, Islamabad Capital",Sector H 6 bedroom 7 Bathroom 2 TV lounge 2 Drawing room 2 servant quarter 2 Kitchen Parking space for 3 cars Call now for more info For visit contact,"Built in year: 2025, Parking Spaces: 3, Double Glazed Windows, Central Air Conditioning, Central Heating, Flooring, Electricity Backup, Waste Disposal, Floors: 2, Other Main Features, Furnished","Bedrooms: 5, Bathrooms: 6, Servant Quarters: 2, Drawing Room, Dining Room, Kitchens: 2, Study Room, Prayer Room, Powder Room, Gym, Store Rooms: 2, Steam Room, Lounge or Sitting Room, Laundry Room, Other Rooms","Broadband Internet Access, Satellite or Cable TV Ready, Intercom, Other Business and Communication Facilities","Community Lawn or Garden, Community Swimming Pool, Community Gym, First Aid or Medical Centre, Day Care Centre, Kids Play Area, Barbeque Area, Mosque, Community Centre, Other Community Facilities","Lawn or Garden, Swimming Pool, Sauna, Jacuzzi, Other Healthcare and Recreation Facilities","Nearby Schools, Nearby Hospitals, Nearby Shopping Malls, Nearby Restaurants, Distance From Airport (kms), Nearby Public Transport Service, Other Nearby Places","Maintenance Staff, Security Staff, Facilities for Disabled, Other Facilities",,,
https://www.zameen.com/Property/naval_anchorage_naval_anchorage_-_block_d_exclusive_2-kanal_property_in_secure_naval_anchorage_society-53308114-3470-1.html,"Naval Anchorage - Block D, Naval Anchorage",House,PKR15 Crore,7,2 Kanal,For Sale,9,5 months ago,"Naval Anchorage, Islamabad, Islamabad Capital","2-Kanal Bungalow for Sale Naval Anchorage Islamabad Property Highlights: 9 Spacious Bedrooms with Attached Baths Modern Kitchen & Living Spaces Beautiful Lawn & Car Parking Space Solid Construction Prime Location Naval Anchorage: CDA Approved & Boundary Wall Society Wide Carpeted Roads (up to 160 ft Boulevard) 24/7 Water, Electricity & Gas Availability Schools, Masjid, Parks & Commercial Zones Fully Gated & Secure Environment Ideal for Investment or Residence Note: Picture is not original ___________________________ NOTE: Investment option available in 5 Marla Non-Possession Plot for Sale in Gulberg Green, Islamabad Prime Investment Opportunity Reasonable Price Best Time to Buy Bulk Options Available for Investors Possession Expected Within 5 To 6 Months High Future Appreciation Price Set to Rise Soon","Built in year, Parking Spaces, Double Glazed Windows, Central Air Conditioning, Central Heating, Flooring, Electricity Backup, Waste Disposal, Floors, Other Main Features, Furnished","Bedrooms: 9, Bathrooms: 10, Servant Quarters: 1, Drawing Room, Dining Room, Kitchens: 4, Study Room, Prayer Room, Powder Room, Gym, Store Rooms, Steam Room, Lounge or Sitting Room, Laundry Room, Other Rooms","Broadband Internet Access, Satellite or Cable TV Ready, Intercom, Other Business and Communication Facilities","Community Lawn or Garden, Community Swimming Pool, Community Gym, First Aid or Medical Centre, Day Care Centre, Kids Play Area, Barbeque Area, Mosque, Community Centre, Other Community Facilities","Lawn or Garden, Swimming Pool, Sauna, Jacuzzi, Other Healthcare and Recreation Facilities","Nearby Schools, Nearby Hospitals, Nearby Shopping Malls, Nearby Restaurants, Distance From Airport (kms), Nearby Public Transport Service, Other Nearby Places","Maintenance Staff, Security Staff, Facilities for Disabled, Other Facilities",,,
https://www.zameen.com/Property/bahria_garden_city_bahria_garden_city_-_zone_1_30_marla_structure_villa_for_sale_in_garden_city-51240186-10605-1.html,"Bahria Garden City - Zone 1, Bahria Garden City",House,PKR8.5 Crore,5,1.4 Kanal,For Sale,5,4 days ago,"Bahria Town, Islamabad, Islamabad Capital","- 70 Percent Work Done - Real Pictures Attached . . . . Garden City Zone 1 - Inter Wood Doors Ready For Install - Size 30 Marla , Very Prime Street - Front Back Lawn - Direct Meeting With Owner - Contact Us For Visit Any Time Or More Information &Amp; Options - We Are Dealing In Bahria Garden City","Built in year: 2023, Parking Spaces, Double Glazed Windows, Central Air Conditioning, Central Heating, Flooring, Electricity Backup, Waste Disposal, Floors: 2, Other Main Features, Furnished","Bedrooms: 5, Bathrooms: 6, Servant Quarters: 1, Drawing Room, Dining Room, Kitchens: 2, Study Room, Prayer Room, Powder Room, Gym, Store Rooms: 1, Steam Room, Lounge or Sitting Room, Laundry Room, Other Rooms","Broadband Internet Access, Satellite or Cable TV Ready, Intercom, Other Business and Communication Facilities","Community Lawn or Garden, Community Swimming Pool, Community Gym, First Aid or Medical Centre, Day Care Centre, Kids Play Area, Barbeque Area, Mosque, Community Centre, Other Community Facilities","Lawn or Garden, Swimming Pool, Sauna, Jacuzzi, Other Healthcare and Recreation Facilities","Nearby Schools, Nearby Hospitals, Nearby Shopping Malls, Nearby Restaurants, Distance From Airport (kms), Nearby Public Transport Service, Other Nearby Places","Maintenance Staff, Security Staff, Facilities for Disabled, Other Facilities",,,
https://www.zameen.com/Property/islamabad_d-12_beautiful_location_brand_new_house_for_sale-53041507-160-1.html,"D-12, Islamabad",House,PKR26.5 Crore,6,1 Kanal,For Sale,9,4 months ago,"D-12, Islamabad, Islamabad Capital","BEAUTIFUL LOCATION BRAND NEW HOUSE FOR SALE With all the facilities you are looking for in a property, a price of PKR Rs. 250000000 is a great deal. This House available for sale is perfect for investment purposes. Residential properties in D-12 are plenty and you'll find a good price if you start looking today. In 20 Marla you're getting a house with all kinds of amenities so make a move to buy it today. Purchase your property today to secure your future. You will find current market rates quite attractive in D-12. Know more about the property with the details given below. In summers, the community swimming pool can be a blessing for the building residents. For the ultimate luxury experience, the property also has a sauna for a healthier and relaxed state of body and mind. Enjoy a luxurious lifestyle with fast broadband internet access among other facilities. Now you can throw barbeque parties with ease with a dedicated barbeque area that comes with the House. Differently-abled people will find this House easy to navigate, as it is developed to incorporate their needs. For religious queries and to offer prayers, you will find a mosque near the House within walking distance. As a resident, you don't have to worry about waste disposal as that is effectively taken care of. Our contact information is available for you to take action today.","Built in year: 2025, Parking Spaces: 2, Double Glazed Windows, Central Air Conditioning, Central Heating, Flooring, Electricity Backup, Waste Disposal, Floors: 3, Other Main Features","Bedrooms: 9, Bathrooms: 9, Servant Quarters: 1, Drawing Room, Dining Room, Kitchens: 2, Study Room, Prayer Room, Powder Room, Gym, Store Rooms: 1, Steam Room, Lounge or Sitting Room, Laundry Room, Other Rooms","Broadband Internet Access, Satellite or Cable TV Ready, Intercom, Other Business and Communication Facilities","Community Lawn or Garden, Community Swimming Pool, Community Gym, First Aid or Medical Centre, Day Care Centre, Kids Play Area, Barbeque Area, Mosque, Community Centre, Other Community Facilities","Lawn or Garden, Swimming Pool, Sauna, Jacuzzi, Other Healthcare and Recreation Facilities","Nearby Schools, Nearby Hospitals, Nearby Shopping Malls, Nearby Restaurants, Distance From Airport (kms), Nearby Public Transport Service, Other Nearby Places","Maintenance Staff, Security Staff, Facilities for Disabled, Other Facilities",,,
https://www.zameen.com/Property/islamabad_d-12_beautiful_location_brand_new_designer_house_for_sale-52930775-160-1.html,"D-12, Islamabad",House,PKR12.5 Crore,6,10 Marla,For Sale,5,5 months ago,"D-12, Islamabad, Islamabad Capital",BEAUTIFUL LOCATION 50 FEET ROAD SUNFACE EASY APPROACH NEAR TO MARKET NEAR TO PARK,"Built in year: 2025, Parking Spaces: 2, Double Glazed Windows, Central Air Conditioning, Central Heating, Flooring, Electricity Backup, Waste Disposal, Floors: 2, Other Main Features, Furnished","Bedrooms: 5, Bathrooms: 6, Servant Quarters: 1, Drawing Room, Dining Room, Kitchens: 1, Study Room, Prayer Room, Powder Room, Gym, Store Rooms: 1, Steam Room, Lounge or Sitting Room, Laundry Room, Other Rooms","Broadband Internet Access, Satellite or Cable TV Ready, Intercom, Other Business and Communication Facilities","Community Lawn or Garden, Community Swimming Pool, Community Gym, First Aid or Medical Centre, Day Care Centre, Kids Play Area, Barbeque Area, Mosque, Community Centre, Other Community Facilities","Lawn or Garden, Swimming Pool, Sauna, Jacuzzi, Other Healthcare and Recreation Facilities","Nearby Schools, Nearby Hospitals, Nearby Shopping Malls, Nearby Restaurants, Distance From Airport (kms), Nearby Public Transport Service, Other Nearby Places","Maintenance Staff, Security Staff, Facilities for Disabled, Other Facilities",,,
https://www.zameen.com/Property/dha_defence_dha_defence_phase_2_high_quality_corner_house_for_sale_in_dha_phase_2-53305624-339-1.html,"DHA Defence Phase 2, DHA Defence",House,PKR12.5 Crore,6,1 Kanal,For Sale,6,5 days ago,"DHA Defence, Islamabad, Islamabad Capital","For Sale: 1 Kanal Luxury House DHA Phase 2, Islamabad (Prime Location Close to Central Park) Demand: 12.50 Crore PKR 6 Bedrooms 2 TV Lounges Drawing Room + Dining Room 3-Car Parking Premium build quality & finishes Situated in a prime block near Central Park Managed by Al Arz Investments your trusted real-estate partner For enquiries & viewings, contact View Contact Detail (Al Arz Investments).","Built in year: 2025, Parking Spaces: 4, Double Glazed Windows, Central Air Conditioning, Central Heating, Flooring, Electricity Backup, Waste Disposal, Floors: 2, Other Main Features","Bedrooms: 6, Bathrooms: 7, Servant Quarters: 3, Drawing Room, Dining Room, Kitchens: 2, Study Room, Prayer Room, Powder Room, Store Rooms: 2, Steam Room, Lounge or Sitting Room, Laundry Room, Other Rooms","Broadband Internet Access, Satellite or Cable TV Ready, Intercom, Other Business and Communication Facilities","Community Lawn or Garden, Community Swimming Pool, Community Gym, First Aid or Medical Centre, Day Care Centre, Kids Play Area, Barbeque Area, Mosque, Community Centre, Other Community Facilities","Lawn or Garden, Swimming Pool, Sauna, Jacuzzi, Other Healthcare and Recreation Facilities","Nearby Schools, Nearby Hospitals, Nearby Shopping Malls, Nearby Restaurants, Distance From Airport (kms), Nearby Public Transport Service, Other Nearby Places","Maintenance Staff, Security Staff, Facilities for Disabled, Other Facilities",,,
https://www.zameen.com/Property/islamabad_pwd_housing_scheme_house_for_sale-53295104-424-1.html,"PWD Housing Scheme, Islamabad",House,PKR3.65 Crore,6,9.3 Marla,For Sale,5,1 month ago,"PWD Housing Scheme, Islamabad, Islamabad Capital",Beautiful House For Sale Size 30x70 Five Bedroom And Attached Bathroom DD TV Lounge Kitchen Car Porch Ele Gas Water Boring All Facilities Available,"Built in year: 2024, Parking Spaces: 1, Double Glazed Windows, Central Air Conditioning, Central Heating, Flooring, Electricity Backup, Waste Disposal, Floors: 1, Other Main Features","Bedrooms: 3, Bathrooms: 3, Servant Quarters: 1, Drawing Room, Dining Room, Kitchens: 2, Study Room, Prayer Room, Powder Room, Gym, Store Rooms: 1, Steam Room, Lounge or Sitting Room, Laundry Room, Other Rooms","Broadband Internet Access, Satellite or Cable TV Ready, Intercom, Other Business and Communication Facilities","Community Lawn or Garden, Community Swimming Pool, Community Gym, First Aid or Medical Centre, Day Care Centre, Kids Play Area, Barbeque Area, Mosque, Community Centre, Other Community Facilities","Lawn or Garden, Swimming Pool, Sauna, Jacuzzi, Other Healthcare and Recreation Facilities","Nearby Schools, Nearby Hospitals, Nearby Shopping Malls, Nearby Restaurants, Distance From Airport (kms), Nearby Public Transport Service, Other Nearby Places","Maintenance Staff, Security Staff, Facilities for Disabled, Other Facilities",,,
https://www.zameen.com/Property/islamabad_faisal_town_-_f-18_axis_mall_faisal_town_apartments_for_sale_ready_to_move_50_installed_ment_50_down_payment-53252792-8260-1.html,"Faisal Town - F-18, Islamabad",Flat,PKR3.18 Crore,2,8.6 Marla,For Sale,2,3 months ago,"Faisal Town - F-18, Islamabad, Islamabad Capital",Faisal Town Axis Mall Apartments for Sale 50% Installed Ment 50% Down Payment. Size 1930 square ft. Possession available.,"Built in year: 2024, Parking Spaces: 1, Lobby in Building, Double Glazed Windows, Central Air Conditioning, Central Heating, Flooring, Electricity Backup, Waste Disposal, Floor: 7, Floors in Building: 17, Elevators: 3, Service Elevators in Building, Other Main Features, Furnished","Bedrooms: 2, Bathrooms: 2, Servant Quarters: 1, Drawing Room, Dining Room, Kitchens: 1, Study Room, Prayer Room, Powder Room, Gym, Store Rooms: 1, Steam Room, Lounge or Sitting Room, Laundry Room","Broadband Internet Access, Satellite or Cable TV Ready, Business Center or Media Room in Building, Conference Room in Building, Intercom, ATM Machines, Other Business and Communication Facilities","Community Lawn or Garden, Community Swimming Pool, Community Gym, First Aid or Medical Centre, Day Care Centre, Kids Play Area, Barbeque Area, Mosque, Community Centre, Other Community Facilities","Sauna, Jacuzzi, Other Healthcare and Recreation Facilities","Nearby Schools, Nearby Hospitals, Nearby Shopping Malls, Nearby Restaurants, Distance From Airport (kms), Nearby Public Transport Service, Other Nearby Places","Maintenance Staff, Security Staff, Laundry or Dry Cleaning Facility, Communal/Shared Kitchen, Facilities for Disabled, Pets Not Allowed, Other Facilities",,,
https://www.zameen.com/Property/dha_defence_phase_2_askari_tower_1_apartment_for_sale-53120784-10663-1.html,"Askari Tower 1, DHA Defence Phase 2",Flat,PKR3.7 Crore,4,11.8 Marla,For Sale,3,5 months ago,"DHA Defence, Islamabad, Islamabad Capital",3 Bedroom Apartment Drawing Dining TV Lounge Servant Quatre Car Parking Gas Available,"Built in year: 2023, Parking Spaces: 2, Double Glazed Windows, Central Air Conditioning, Central Heating, Flooring, Electricity Backup, Waste Disposal, Floor, Floors in Building: 4, Elevators, Other Main Features, Furnished","Bedrooms: 3, Bathrooms: 4, Servant Quarters: 1, Drawing Room, Dining Room, Kitchens: 1, Study Room, Prayer Room, Powder Room, Gym, Store Rooms: 1, Steam Room, Lounge or Sitting Room, Laundry Room, Other Rooms","Broadband Internet Access, Satellite or Cable TV Ready, Business Center or Media Room in Building, Conference Room in Building, Intercom, ATM Machines, Other Business and Communication Facilities","Community Lawn or Garden, Community Swimming Pool, Community Gym, First Aid or Medical Centre, Day Care Centre, Kids Play Area, Barbeque Area, Mosque, Community Centre, Other Community Facilities","Sauna, Jacuzzi, Other Healthcare and Recreation Facilities","Nearby Schools, Nearby Hospitals, Nearby Shopping Malls, Nearby Restaurants, Distance From Airport (kms), Nearby Public Transport Service, Other Nearby Places","Maintenance Staff, Security Staff, Laundry or Dry Cleaning Facility, Communal/Shared Kitchen, Facilities for Disabled, Pets Allowed, Other Facilities",,,
https://www.zameen.com/Property/gulberg_greens_gulberg_greens_-_block_a_the_plaza_three_bed_two_bed_categories_flats_available_for_sale_corner_plus_farmhouse_facing-53118500-8313-1.html,"Gulberg Greens - Block A, Gulberg Greens",Flat,PKR3.15 Crore,3,8 Marla,For Sale,3,3 weeks ago,"Gulberg, Islamabad, Islamabad Capital",The Plazo Threee Bed Two Bed Categories Flats Available For Sale Lake Facing Farm House Facing Main Road Facing Margalla Facing 1200 Sqft To 3300sqft Flats Available Different Levels Direct Allotee Meeting Any Time Visit,"Built in year: 2025, Parking Spaces: 4, Lobby in Building, Double Glazed Windows, Central Air Conditioning, Central Heating, Flooring, Electricity Backup, Waste Disposal, Floor: 3, Floors in Building: 9, Elevators: 8, Service Elevators in Building, Other Main Features, Furnished","Bedrooms: 3, Bathrooms: 4, Servant Quarters: 1, Drawing Room, Dining Room, Kitchens: 1, Study Room, Prayer Room, Powder Room, Gym, Store Rooms: 1, Steam Room, Lounge or Sitting Room, Laundry Room, Other Rooms","Broadband Internet Access, Satellite or Cable TV Ready, Business Center or Media Room in Building, Conference Room in Building, Intercom, ATM Machines, Other Business and Communication Facilities","Community Lawn or Garden, Community Swimming Pool, Community Gym, First Aid or Medical Centre, Day Care Centre, Kids Play Area, Barbeque Area, Mosque, Community Centre, Other Community Facilities","Sauna, Jacuzzi, Other Healthcare and Recreation Facilities","Nearby Schools, Nearby Hospitals, Nearby Shopping Malls, Nearby Restaurants, Distance From Airport (kms), Nearby Public Transport Service, Other Nearby Places","Maintenance Staff, Security Staff, Laundry or Dry Cleaning Facility, Communal/Shared Kitchen, Facilities for Disabled, Pets Allowed, Other Facilities",,,
https://www.zameen.com/Property/gulberg_greens_smama_star_mall_residency_3_bed_furnished_apparments_available_for_sale_samama_star_direct_allotee-53117838-11278-1.html,"Smama Star Mall & Residency, Gulberg Greens",Flat,PKR1.65 Crore,3,5.5 Marla,For Sale,3,3 weeks ago,"Gulberg, Islamabad, Islamabad Capital",3 bed furnished apparments available for sale more options available in different floor different facing,"Built in year: 2024, Parking Spaces: 2, Lobby in Building, Double Glazed Windows, Central Air Conditioning, Central Heating, Flooring, Electricity Backup, Waste Disposal, Floor: 5, Floors in Building: 9, Elevators: 8, Service Elevators in Building, Other Main Features, Furnished","Bedrooms: 3, Bathrooms: 3, Servant Quarters: 1, Drawing Room, Dining Room, Kitchens: 1, Study Room, Prayer Room, Powder Room, Gym, Store Rooms: 1, Steam Room, Lounge or Sitting Room, Laundry Room, Other Rooms","Broadband Internet Access, Satellite or Cable TV Ready, Business Center or Media Room in Building, Conference Room in Building, Intercom, ATM Machines, Other Business and Communication Facilities","Community Lawn or Garden, Community Swimming Pool, Community Gym, First Aid or Medical Centre, Day Care Centre, Kids Play Area, Barbeque Area, Mosque, Community Centre, Other Community Facilities","Sauna, Jacuzzi, Other Healthcare and Recreation Facilities","Nearby Schools, Nearby Hospitals, Nearby Shopping Malls, Nearby Restaurants, Distance From Airport (kms), Nearby Public Transport Service, Other Nearby Places","Maintenance Staff, Security Staff, Laundry or Dry Cleaning Facility, Communal/Shared Kitchen, Facilities for Disabled, Pets Allowed, Other Facilities",,,
https://www.zameen.com/Property/gulberg_greens_karakoram_greens_karakoram_greens_two_bed_three_bed_furnished_r_non_furnished_apparments_available_for_sale-53117244-11832-1.html,"Karakoram Greens, Gulberg Greens",Flat,PKR3 Crore,3,8.6 Marla,For Sale,2,5 months ago,"Gulberg, Islamabad, Islamabad Capital",karakoram greens three bed two bed furnished apparments available for sale more options available in All floor lake facing main road facing farm house facing options available Installment options available contact any time,"Built in year: 2025, Parking Spaces: 3, Lobby in Building, Double Glazed Windows, Central Air Conditioning, Central Heating, Flooring, Electricity Backup, Waste Disposal, Floor: 12, Floors in Building: 22, Elevators: 8, Service Elevators in Building, Other Main Features, Furnished","Bedrooms: 2, Bathrooms: 3, Servant Quarters: 1, Drawing Room, Dining Room, Kitchens: 1, Study Room, Prayer Room, Powder Room, Gym, Store Rooms: 1, Steam Room, Lounge or Sitting Room, Laundry Room, Other Rooms","Broadband Internet Access, Satellite or Cable TV Ready, Business Center or Media Room in Building, Conference Room in Building, Intercom, ATM Machines, Other Business and Communication Facilities","Community Lawn or Garden, Community Swimming Pool, Community Gym, First Aid or Medical Centre, Day Care Centre, Kids Play Area, Barbeque Area, Mosque, Community Centre, Other Community Facilities","Sauna, Jacuzzi, Other Healthcare and Recreation Facilities","Nearby Schools, Nearby Hospitals, Nearby Shopping Malls, Nearby Restaurants, Distance From Airport (kms), Nearby Public Transport Service, Other Nearby Places","Maintenance Staff, Security Staff, Laundry or Dry Cleaning Facility, Communal/Shared Kitchen, Facilities for Disabled, Pets Allowed, Other Facilities",,,
https://www.zameen.com/Property/gulberg_greens_gulberg_greens_-_block_a_a_j_tower_two_bed_non_furnished_apartments_available_for_sale_farm_house_facing_plus_corner-53117192-8313-1.html,"Gulberg Greens - Block A, Gulberg Greens",Flat,PKR3.5 Crore,3,8 Marla,For Sale,2,5 months ago,"Gulberg, Islamabad, Islamabad Capital",A. J tower two bed furnished r non furnished apparments available for sale more options available in differ blocks differ projects,"Built in year: 2025, Parking Spaces: 3, Lobby in Building, Double Glazed Windows, Central Air Conditioning, Central Heating, Flooring, Electricity Backup, Waste Disposal, Floor: 13, Floors in Building: 22, Elevators: 11, Service Elevators in Building, Other Main Features, Furnished","Bedrooms: 2, Bathrooms: 3, Servant Quarters: 1, Drawing Room, Dining Room, Kitchens: 1, Study Room, Prayer Room, Powder Room, Gym, Store Rooms: 1, Steam Room, Lounge or Sitting Room, Laundry Room, Other Rooms","Broadband Internet Access, Satellite or Cable TV Ready, Business Center or Media Room in Building, Conference Room in Building, Intercom, ATM Machines, Other Business and Communication Facilities","Community Lawn or Garden, Community Swimming Pool, Community Gym, First Aid or Medical Centre, Day Care Centre, Kids Play Area, Mosque, Community Centre, Other Community Facilities","Sauna, Jacuzzi, Other Healthcare and Recreation Facilities","Nearby Schools, Nearby Hospitals, Nearby Shopping Malls, Nearby Restaurants, Distance From Airport (kms), Nearby Public Transport Service, Other Nearby Places","Maintenance Staff, Security Staff, Laundry or Dry Cleaning Facility, Communal/Shared Kitchen, Facilities for Disabled, Pets Allowed, Other Facilities",,,
https://www.zameen.com/Property/bahria_enclave_bahria_enclave_-_sector_c_two_bedroom_apartment_for_sale_cash_installment_plan_semi_furnished-53324499-11973-1.html,"Bahria Enclave - Sector C, Bahria Enclave",Flat,PKR1.6 Crore,2,5.6 Marla,For Sale,2,3 months ago,"Bahria Town, Islamabad, Islamabad Capital","Two Bedroom Apartment for Sale Cash & Installment Plan Semi Furnished Project Highlights: A beautifully designed Two Bedroom Apartment is available for sale on Cash or Easy 12-Month Installment Plan. Located in a prime area, this apartment offers comfort, style, and convenience ideal for families or investors. Payment Plan: 50% Down Payment Immediate Possession on Down Payment Remaining 50% on Easy 12-Month Installments Flexible payment options for serious buyers Apartment Features: 2 Bedrooms with attached bathrooms Semi Furnished (modern kitchen, wardrobes, lighting, etc. ) Spacious lounge and dining area Balcony with open view Imported fittings & fixtures Lift, 24/7 security, and maintenance services Dedicated car parking Location Highlights: Prime and peaceful location Near parks, schools, markets, and main road Fully developed neighborhood Possession: Available on 50% Down Payment Contact now for booking, visit, or full payment plan details.","Built in year: 2025, Parking Spaces: 1, Lobby in Building, Flooring, Electricity Backup, Waste Disposal, Floor: 6, Floors in Building: 9, Elevators: 1, Other Main Features","Bedrooms: 2, Bathrooms: 2, Kitchens: 1, Lounge or Sitting Room, Laundry Room, Other Rooms","Broadband Internet Access, Satellite or Cable TV Ready, Business Center or Media Room in Building, Conference Room in Building, Intercom, ATM Machines","Community Lawn or Garden, Community Gym, First Aid or Medical Centre, Day Care Centre, Kids Play Area, Barbeque Area, Mosque, Community Centre",,"Nearby Schools, Nearby Shopping Malls, Distance From Airport (kms), Nearby Public Transport Service, Other Nearby Places","Maintenance Staff, Security Staff",PKR82 Lakh,PKR6.5 Lakh,12 Months
https://www.zameen.com/Property/faisal_town_phase_1_faisal_town_phase_1_-_block_a_8_marla_brand_new_spanish_theme_double_unit_house_available_for_sale_in_faisal_town_f-18_islamabad-53225871-16416-1.html,"Faisal Town Phase 1 - Block A, Faisal Town Phase 1",House,PKR3.8 Crore,6,8 Marla,For Sale,5,4 days ago,"Faisal Town - F-18, Islamabad, Islamabad Capital","8 Marla Brand New Spanish theme Double Unit House Available. For Sale in Faisal Town F-18 Islamabad. House Size 30*60. Luxury house A+ construction Double Story. Double Unit. Near to masque 5Bedrooms. 6 Baths. 2 Drawing Dining. 2 Kitchen. 2 Study Rooms. Mumty + Washroom. Car Parking Space. Gas, Water Available Water Bore. Double Unit Ideal Location. Reasonable Price. Faisal Town F-18 is a Good Society for Residence. Because Neat and Clean. 24 Hours Security. All Basic and Necessary Facilities Available. Interested People Can Contact Easily.","Built in year: 2025, Parking Spaces: 1, Double Glazed Windows, Central Air Conditioning, Central Heating, Flooring, Electricity Backup, Waste Disposal, Floors: 2, Other Main Features","Bedrooms: 5, Bathrooms: 6, Servant Quarters: 1, Drawing Room, Dining Room, Kitchens: 2, Study Room, Prayer Room, Powder Room, Gym, Store Rooms: 1, Steam Room, Lounge or Sitting Room, Laundry Room, Other Rooms","Broadband Internet Access, Satellite or Cable TV Ready, Intercom, Other Business and Communication Facilities","Community Lawn or Garden, Community Swimming Pool, Community Gym, First Aid or Medical Centre, Day Care Centre, Kids Play Area, Barbeque Area, Mosque, Community Centre, Other Community Facilities","Lawn or Garden, Swimming Pool, Sauna, Jacuzzi, Other Healthcare and Recreation Facilities","Nearby Schools, Nearby Hospitals, Nearby Shopping Malls, Nearby Restaurants, Distance From Airport (kms), Nearby Public Transport Service, Other Nearby Places","Maintenance Staff, Security Staff, Facilities for Disabled, Other Facilities",,,
https://www.zameen.com/Property/islamabad_d-12_on_excellent_location_14_marla_house_for_sale_available_in_d-12-52827601-160-1.html,"D-12, Islamabad",House,PKR13.5 Crore,6,14 Marla,For Sale,7,5 months ago,"D-12, Islamabad, Islamabad Capital",3 Story With Besment House Is Available For Sale In D-12/2 Islamabad Size (4080) 14 Marla Oregnal Pictures And Video Are Upload 7 Bedroom With Attach Bath Drawing Dining With Powder Room 3 Tv Lounge 3 Kitchen Servant Room With Front Side Beautiful Huge Terrace Margalla Hills View Fully Marble Flooring Ideal And Peaceful Location Nice House More Details Please Contact Us,"Built in year: 2, Parking Spaces: 2, Double Glazed Windows, Flooring, Electricity Backup, Waste Disposal, Other Main Features","Bedrooms: 7, Bathrooms: 7, Servant Quarters: 1, Drawing Room, Dining Room, Kitchens: 3, Powder Room, Store Rooms: 1, Steam Room, Lounge or Sitting Room, Other Rooms","Broadband Internet Access, Satellite or Cable TV Ready, Intercom, Other Business and Communication Facilities","Community Lawn or Garden, Community Swimming Pool, Community Gym, First Aid or Medical Centre, Day Care Centre, Kids Play Area, Barbeque Area, Mosque, Community Centre, Other Community Facilities",Other Healthcare and Recreation Facilities,"Nearby Schools, Nearby Hospitals, Nearby Shopping Malls, Nearby Restaurants, Distance From Airport (kms), Nearby Public Transport Service",,,,
https://www.zameen.com/Property/islamabad_d-12_on_excellent_location_house_available_for_sale_in_d-12-52827600-160-1.html,"D-12, Islamabad",House,PKR28.5 Crore,6,1 Kanal,For Sale,8,5 months ago,"D-12, Islamabad, Islamabad Capital",Brand Ne 3 Story With Besment House Is Available For Sale In D-12/2 Islamabad Size (5090) 1 Kanal Oregnal Pictures And Video Are Upload Solar Installed In Full House 8 Bedroom With Attach Bath Drawing Dining With Powder Room 2 Tv Lounge 2 Kitchen And 1 Derty Kitchen Servent Room With Bath Besment Sweming Pool And Huge Hall Front Side Beautiful Huge Terrace Margalla Hills View Fully Tille Flooring Ideal And Peacefull Location Nice House More Details Please Contact Us,"Built in year: 2025, Parking Spaces: 3, Double Glazed Windows, Flooring, Electricity Backup, Waste Disposal, Other Main Features","Bedrooms: 8, Bathrooms: 10, Drawing Room, Dining Room, Kitchens: 2, Powder Room, Store Rooms: 1, Lounge or Sitting Room, Other Rooms","Broadband Internet Access, Satellite or Cable TV Ready, Intercom, Other Business and Communication Facilities","Community Lawn or Garden, Community Swimming Pool, Community Gym, First Aid or Medical Centre, Day Care Centre, Kids Play Area, Barbeque Area, Mosque, Community Centre, Other Community Facilities",Other Healthcare and Recreation Facilities,"Nearby Schools, Nearby Hospitals, Nearby Shopping Malls, Nearby Restaurants, Distance From Airport (kms), Nearby Public Transport Service",,,,
https://www.zameen.com/Property/islamabad_d-12_beautiful_location_brand_new_house_for_sale-52310055-160-1.html,"D-12, Islamabad",House,PKR8.5 Crore,4,10 Marla,For Sale,4,5 months ago,"D-12, Islamabad, Islamabad Capital","BEAUTIFUL LOCATION BRAND NEW HOUSE FOR SALE SOLID CONSTRUCTION OWNER BUILD HOUSE The property covers an area of 10 Marla for you and your family. At an ideal location of D-12, this House is a great investment option for all. What could possibly get more better than a property priced at Rs. 85000000. Plus, it has features that you'd definitely love! If you are looking for a safe neighbourhood, the location of D-12 is ideal for you. Buying the right property for you has never been so easier! Every area in D-12 is well-facilitated, so it doesn't matter where you buy your home. Know more about the property with the details given below. Refresh yourself in your very own swimming pool! The House has double glazed windows which keeps the house warmer in winter and provides better protection. Good weather and a spacious lawn in the House is all you need for a memorable family dinner outdoors. Plant your favorite fruits and vegetable in the garden, and enjoy them fresh at home. The expert security staff will remain vigilant round the clock. A drawing room as large as the one with this property can comfortably seat your guests. Sauna has proven health benefits and you can avail them too now. If these do not completely convince, you can just contact us and we will put all your concerns to rest.","Built in year: 2024, Parking Spaces: 2, Double Glazed Windows, Central Air Conditioning, Central Heating, Flooring, Electricity Backup, Waste Disposal, Floors: 2, Other Main Features, Furnished","Bedrooms: 6, Bathrooms: 6, Servant Quarters: 1, Drawing Room, Dining Room, Kitchens: 2, Study Room, Prayer Room, Powder Room, Gym, Steam Room, Lounge or Sitting Room, Laundry Room, Other Rooms","Broadband Internet Access, Satellite or Cable TV Ready, Intercom, Other Business and Communication Facilities","Community Lawn or Garden, Community Swimming Pool, Community Gym, First Aid or Medical Centre, Day Care Centre, Kids Play Area, Barbeque Area, Mosque, Community Centre, Other Community Facilities","Lawn or Garden, Swimming Pool, Sauna, Jacuzzi, Other Healthcare and Recreation Facilities","Nearby Schools, Nearby Hospitals, Nearby Shopping Malls, Nearby Restaurants, Distance From Airport (kms), Nearby Public Transport Service, Other Nearby Places","Maintenance Staff, Security Staff, Facilities for Disabled, Other Facilities",,,
https://www.zameen.com/Property/islamabad_d-12_beautiful_location_brand_new_house_for_sale-52128783-160-1.html,"D-12, Islamabad",House,PKR9 Crore,5,8 Marla,For Sale,5,5 months ago,"D-12, Islamabad, Islamabad Capital","BEAUTIFUL LOCATION BRAND NEW HOUSE FOR SALE SOLID CONSTRUCTION OWNER BUILD HOUSE D-12 offers a life of comfort and luxury, and right now has ample opportunities for investment. D-12 has property options for all kinds of buyers, so begin your search today. 8 Marla property offers maximum space utility option, so you and your family can live comfortably. According to our analysis, price of PKR Rs View Contact Detail is quite a steal for the property in question. The House is designed keeping in mind the demands of the modern buyer. A well-constructed property is up for sale, have a look today. The following property features will tell you what makes it special. Have a great time throughout the year with a swimming pool of your own. Sauna facilities on the property are great for fitness enthusiasts and you can benefit from it too. Having a community swimming pool is an amenity that everyone can enjoy. There is a large landscaped garden area in the House with well-manicured grass. Active security staff is on duty 24/7 to keep residents safe and secure. Let your troubles melt away by relaxing in this Jacuzzi. A dedicated space for washing, like a separate laundry room comes in handy, especially when you have a large load. If you have more questions, call us.","Built in year: 2024, Parking Spaces: 2, Double Glazed Windows, Central Air Conditioning, Central Heating, Flooring, Electricity Backup, Waste Disposal, Floors: 2, Other Main Features, Furnished","Bedrooms: 5, Bathrooms: 5, Servant Quarters: 1, Drawing Room, Dining Room, Kitchens: 2, Study Room, Prayer Room, Powder Room, Gym, Store Rooms: 1, Steam Room, Lounge or Sitting Room, Laundry Room, Other Rooms","Broadband Internet Access, Satellite or Cable TV Ready, Intercom, Other Business and Communication Facilities","Community Lawn or Garden, Community Swimming Pool, Community Gym, First Aid or Medical Centre, Day Care Centre, Kids Play Area, Barbeque Area, Mosque, Community Centre, Other Community Facilities","Lawn or Garden, Swimming Pool, Sauna, Jacuzzi, Other Healthcare and Recreation Facilities","Nearby Schools, Nearby Hospitals, Nearby Shopping Malls, Nearby Restaurants, Distance From Airport (kms), Nearby Public Transport Service, Other Nearby Places","Maintenance Staff, Security Staff, Facilities for Disabled, Other Facilities",,,
https://www.zameen.com/Property/d_12_d-12_3_beautiful_location_brand_new_house_for_sale-52119142-3156-1.html,"D-12/3, D-12",House,PKR4.75 Crore,4,4 Marla,For Sale,3,3 months ago,"D-12, Islamabad, Islamabad Capital","BEAUTIFUL LOCATION BRAND NEW HOUSE FOR SALE SOLID CONSTRUCTION Real estate prices fluctuate really quick so be wise to book your property at PKR Rs. 42500000, as it is the best price on offer considering previous data. All your dreams can come true with this House, which is well-constructed and centrally-located. Your search for, for sale units can end here with these well-fitted and spacious properties. Islamabad is thriving with real estate investment opportunities so what are you waiting for. Don't miss out the chance of acquiring one of these 4 Marla sized property. D-12/3 is central to all kinds of facilities, making it a top choice for investors. Following are some details of the property. The House has a spacious lawn area where the kids can play without any safety concerns. All security concerns are taken into account with the availability of 24/7 security services. Host barbeque parties and entertain small gatherings at the adjoining barbeque area. The premise is kept clean at all times through an effective waste disposal management service. You can set up swings and slides for the children in the spacious lawn of the House. Enjoy your evening walks in the community park located at a walking distance from the House. It is no longer difficult to complete assignments after school or work with the high-speed broadband internet access that comes with this property. You can contact us now to know all about it.","Built in year: 2024, Parking Spaces: 1, Double Glazed Windows, Flooring, Electricity Backup, Waste Disposal, Floors: 2, Other Main Features","Bedrooms: 3, Bathrooms: 4, Servant Quarters: 1, Drawing Room, Dining Room, Kitchens: 1, Store Rooms: 1, Other Rooms","Broadband Internet Access, Satellite or Cable TV Ready, Intercom, Other Business and Communication Facilities","Community Lawn or Garden, Community Swimming Pool, Community Gym, First Aid or Medical Centre, Day Care Centre, Kids Play Area, Barbeque Area, Mosque, Community Centre, Other Community Facilities","Lawn or Garden, Swimming Pool, Sauna, Jacuzzi, Other Healthcare and Recreation Facilities","Nearby Schools, Nearby Hospitals, Nearby Shopping Malls, Nearby Restaurants, Distance From Airport (kms), Nearby Public Transport Service, Other Nearby Places","Maintenance Staff, Security Staff, Facilities for Disabled, Other Facilities",,,
https://www.zameen.com/Property/islamabad_d-12_a_spacious_on_excellent_location_14_marla_house_in_d-12-52827602-160-1.html,"D-12, Islamabad",House,PKR14.5 Crore,6,14 Marla,For Sale,7,5 months ago,"D-12, Islamabad, Islamabad Capital",Short Corner Brand New Double Story House Is Available For Sale In D-12/2 Islamabad Size (4080) 14 Marla Oregnal Pictures And Video Are Upload 7 Bedroom With Attach Bath Drawing Dining With Powder Room 2 Tv Lounge 2 Kitchen Servent Room With Front Side Beautiful Huge Terrace Margalla Hills View Fully Tille Flooring Ideal And Peacefull Location Nice House More Details Please Contact Us,"Built in year: 2025, Parking Spaces: 2, Double Glazed Windows, Central Air Conditioning, Central Heating, Flooring, Electricity Backup, Waste Disposal, Floors: 2, Other Main Features, Furnished","Bedrooms: 7, Bathrooms: 7, Servant Quarters: 1, Drawing Room, Dining Room, Kitchens: 2, Study Room, Prayer Room, Powder Room, Gym, Store Rooms: 1, Steam Room, Lounge or Sitting Room, Laundry Room, Other Rooms","Broadband Internet Access, Satellite or Cable TV Ready, Intercom, Other Business and Communication Facilities","Community Lawn or Garden, Community Swimming Pool, Community Gym, First Aid or Medical Centre, Day Care Centre, Kids Play Area, Barbeque Area, Mosque, Community Centre, Other Community Facilities","Lawn or Garden, Sauna, Jacuzzi, Other Healthcare and Recreation Facilities","Nearby Schools, Nearby Hospitals, Nearby Shopping Malls, Nearby Restaurants, Distance From Airport (kms), Nearby Public Transport Service, Other Nearby Places","Maintenance Staff, Security Staff, Facilities for Disabled, Other Facilities",,,
https://www.zameen.com/Property/islamabad_d-12_14_marla_house_for_sale-52077144-160-1.html,"D-12, Islamabad",House,PKR15 Crore,7,14 Marla,For Sale,7,4 months ago,"D-12, Islamabad, Islamabad Capital","14 Marla House for sale, lush condition House, luxury House,7 bedrooms with 8bathroom's, Drawing Dinning, kitchen, servant,3 car parking porch, street corner House,2 Main gates, Near to park, Near to double Road, carpeted street,70 ft street width, Margalla face, good location.","Built in year: 2024, Parking Spaces: 3, Double Glazed Windows, Central Air Conditioning, Central Heating, Flooring, Electricity Backup, Waste Disposal, Floors, Other Main Features",,,,,"Nearby Schools, Nearby Hospitals, Nearby Shopping Malls, Nearby Restaurants, Distance From Airport (kms), Nearby Public Transport Service, Other Nearby Places","Security Staff, Other Facilities",,,
https://www.zameen.com/Property/islamabad_national_police_foundation_o-9_flat_for_sale_in_police_foundation_in_hpcl_project-53302321-331-1.html,"National Police Foundation O-9, Islamabad",Flat,PKR47 Lakh,2,2.9 Marla,For Sale,2,3 days ago,"National Police Foundation O-9, Islamabad, Islamabad Capital","Flat For Sale at 3rd Floor Best Place to Live in at 136 Bus Stop Close to Bahria Gate Opposite to Attock Pump Builder Transfer , Separate Electricity Meter , Separate Stairs For Flats For more details , Feel Free to Contact Us","Built in year, Parking Spaces, Flooring, Floors in Building: 5","Bedrooms: 2, Bathrooms: 2, Drawing Room, Dining Room, Kitchens, Prayer Room",Broadband Internet Access,"Community Lawn or Garden, Community Gym, Kids Play Area, Mosque",,"Nearby Schools, Nearby Hospitals, Nearby Shopping Malls, Nearby Restaurants, Distance From Airport (kms), Nearby Public Transport Service, Other Nearby Places",,,,
https://www.zameen.com/Property/cbr_town_phase_1_cbr_town_phase_1_-_block_c_brand_new_designer_house_available_for_sale_in_cbr_town_c_block-53275672-3149-1.html,"CBR Town Phase 1 - Block C, CBR Town Phase 1",House,PKR3.65 Crore,5,8 Marla,For Sale,4,5 months ago,"CBR Town, Islamabad, Islamabad Capital",Brand New Double Story 4 bedroom attach bathroom 2 Drawing Room attach bathroom 2 dining 2 tv lounge 2 kitchen 2 light meter Good Location near Masque near market near school near highway near Park,"Built in year: 2024, Parking Spaces: 1, Double Glazed Windows, Central Air Conditioning, Central Heating, Waste Disposal","Bedrooms: 4, Bathrooms: 7, Servant Quarters: 1, Drawing Room, Dining Room, Kitchens: 2, Lounge or Sitting Room, Laundry Room","Broadband Internet Access, Satellite or Cable TV Ready, Intercom","Community Lawn or Garden, Community Swimming Pool, Community Gym, First Aid or Medical Centre, Day Care Centre, Kids Play Area, Barbeque Area, Mosque, Community Centre","Lawn or Garden, Swimming Pool, Sauna, Jacuzzi","Nearby Schools, Nearby Hospitals, Nearby Shopping Malls, Nearby Restaurants, Distance From Airport (kms), Nearby Public Transport Service",,,,
https://www.zameen.com/Property/islamabad_soan_garden_1_kanal_brand_new_house_for_sale-53152929-338-1.html,"Soan Garden, Islamabad",House,PKR7.4 Crore,6,1 Kanal,For Sale,6,1 day ago,"Soan Garden, Islamabad, Islamabad Capital",7 bedrooms with washrooms prime location near to market brand new house for sale near to main highway Peaceful Environment. Reasonable Demand. Interested Persons Welcome To Visit The Property. Please Feel Free To Call Us If You Need Further Details About It. We Request That Only Serious Individuals Contact Us To Make An Immediate Deal. Please Remember To Mention Zameen. Com When Calling.,"Built in year: 1, Parking Spaces: 4, Double Glazed Windows, Central Air Conditioning, Central Heating, Flooring, Electricity Backup, Waste Disposal, Floors: 02, Other Main Features, Furnished","Bedrooms: 05, Bathrooms: 05, Servant Quarters: 2, Drawing Room, Dining Room, Kitchens: 02, Study Room, Prayer Room, Powder Room, Gym, Store Rooms: 1, Steam Room, Lounge or Sitting Room, Laundry Room, Other Rooms","Broadband Internet Access, Satellite or Cable TV Ready, Intercom, Other Business and Communication Facilities","Community Lawn or Garden, Community Swimming Pool, Community Gym, First Aid or Medical Centre, Day Care Centre, Kids Play Area, Barbeque Area, Mosque, Community Centre, Other Community Facilities","Lawn or Garden, Swimming Pool, Sauna, Jacuzzi, Other Healthcare and Recreation Facilities","Nearby Schools, Nearby Hospitals, Nearby Shopping Malls, Nearby Restaurants, Distance From Airport (kms), Nearby Public Transport Service, Other Nearby Places","Maintenance Staff, Security Staff, Facilities for Disabled, Other Facilities",,,
https://www.zameen.com/Property/fechs_jinnah_gardens_7_marla_brand_new_house_for_sale-53144920-1420-1.html,"Jinnah Gardens, FECHS",House,PKR3.8 Crore,6,7 Marla,For Sale,5,2 weeks ago,"FECHS, Islamabad, Islamabad Capital","Brand new double story house for sale in Jinnah garden. LOP clear, CDA Approved. 2 kitchens 7 baths 5 beds Porch for 2 cars near to market ,masjid,school,park and haiway 10 kv soler system installed pani ki 400 ft boor 24 ganta pani atha ha os ma","Built in year: 1, Parking Spaces: 2, Double Glazed Windows, Central Air Conditioning, Central Heating, Flooring, Electricity Backup, Waste Disposal, Floors: 4, Other Main Features, Furnished","Bedrooms: 5, Bathrooms: 6, Servant Quarters: 1, Drawing Room, Dining Room, Kitchens: 1, Study Room, Prayer Room, Powder Room, Gym, Store Rooms: 1, Steam Room, Lounge or Sitting Room, Laundry Room, Other Rooms","Broadband Internet Access, Satellite or Cable TV Ready, Intercom, Other Business and Communication Facilities","Community Lawn or Garden, Community Swimming Pool, Community Gym, First Aid or Medical Centre, Day Care Centre, Kids Play Area, Barbeque Area, Mosque, Community Centre, Other Community Facilities","Lawn or Garden, Other Healthcare and Recreation Facilities","Nearby Schools, Nearby Hospitals, Nearby Shopping Malls, Nearby Restaurants, Distance From Airport (kms), Nearby Public Transport Service, Other Nearby Places","Maintenance Staff, Security Staff, Facilities for Disabled, Other Facilities",,,
https://www.zameen.com/Property/g_13_g-13_1_g-13_1_old_house_for_sale_size_4_marla_sun_facing-53170911-3337-1.html,"G-13/1, G-13",House,PKR3.3 Crore,4,4 Marla,For Sale,4,4 months ago,"G-13, Islamabad, Islamabad Capital","A well-maintained 4 Marla house located in the prime sector of G-13/1 is available for sale. Built on a solid structure, this house offers: 2 Bedrooms with attached bathrooms Spacious TV lounge & dining area Modern kitchen Car parking space Gas, electricity, and water supply available Peaceful and secure neighborhood The house is ideally situated close to the main road, market, masjid, schools, and Kashmir Highway, ensuring convenience and easy accessibility. Ideal option for small families or investment purposes.","Built in year: 2015, Parking Spaces: 1, Double Glazed Windows, Central Air Conditioning, Central Heating, Flooring, Electricity Backup, Waste Disposal, Floors: 2, Other Main Features, Furnished","Bedrooms: 4, Bathrooms: 4, Servant Quarters: 01, Drawing Room, Dining Room, Kitchens: 2, Study Room, Prayer Room, Powder Room, Gym, Store Rooms: 01, Steam Room, Lounge or Sitting Room, Laundry Room, Other Rooms","Broadband Internet Access, Satellite or Cable TV Ready, Intercom, Other Business and Communication Facilities","Community Lawn or Garden, Community Swimming Pool, Community Gym, First Aid or Medical Centre, Day Care Centre, Kids Play Area, Barbeque Area, Mosque, Community Centre, Other Community Facilities","Lawn or Garden, Swimming Pool, Sauna, Jacuzzi, Other Healthcare and Recreation Facilities","Nearby Schools, Nearby Hospitals, Nearby Shopping Malls, Nearby Restaurants, Distance From Airport (kms), Nearby Public Transport Service, Other Nearby Places","Maintenance Staff, Security Staff, Facilities for Disabled, Other Facilities",,,
https://www.zameen.com/Property/gulberg_gulberg_greens_4_bedrooms_xl_appartment_available_for_sale-53129629-8312-1.html,"Gulberg Greens, Gulberg",Flat,PKR1.85 Crore,4,7.7 Marla,For Sale,4,4 months ago,"Gulberg, Islamabad, Islamabad Capital","*Splendid 4-Bedroom XL Apartment in Gulberg Greens, Islamabad - Diamond Mall & Residency, Block B* *Luxurious Living in a Prestigious Location* We are pleased to showcase this magnificent 4-bedroom XL apartment in Diamond Mall & Residency, Block B, Gulberg Greens, Islamabad. This expansive and elegantly designed property offers a premium lifestyle experience. *Key Features:* - *Bedrooms:* 4 spacious bedrooms with attached baths - *Living Spaces:* - Open kitchen concept for modern culinary experiences - Stylish TV lounge for relaxation and entertainment - *Parking:* Dedicated car parking in the underground facility - *Size:* 1725 sqft of luxurious living space - *Security:* 24/7 security ensuring safety and peace of mind *Highlights:* - Located in the reputable Diamond Mall & Residency, Gulberg Greens, Block B, Islamabad - XL apartment with generous space (1725 sqft) for comfort and luxury - 4 bedrooms with attached baths for utmost convenience and privacy - Open kitchen layout catering to modern living preferences - Underground dedicated car parking for secure vehicle storage - Round-the-clock security for a safe living environment - Part of a prestigious development in a sought-after location *Ideal For:* - Families desiring spacious and luxurious accommodation - Professionals seeking a high-end residence in a prime area - Anyone valuing comfort, security, and upscale amenities *Why Choose This Apartment:* - Prime location in Gulberg Greens, a desirable neighborhood in Islamabad - Ample space and modern design elements - Secure environment with dedicated parking facilities - Prestigious address reflecting a luxurious lifestyle *Contact Information:* For viewing or purchase/rental inquiries, please contact: [Adeel khan] [ View Contact Detail || View Contact Detail ] [ Send e-mail ] Don't miss this opportunity to experience premium living in one of Islamabad's esteemed locations!","Built in year: 2022, Parking Spaces: 1, Lobby in Building, Double Glazed Windows, Central Air Conditioning, Central Heating, Flooring, Electricity Backup, Waste Disposal, Floor: 5, Floors in Building: 8, Elevators: 4, Service Elevators in Building, Other Main Features, Furnished","Bedrooms: 4, Bathrooms: 4, Drawing Room, Dining Room, Kitchens: 1, Study Room, Prayer Room, Powder Room, Gym, Store Rooms: 1, Steam Room, Lounge or Sitting Room, Laundry Room, Other Rooms","Broadband Internet Access, Satellite or Cable TV Ready, Business Center or Media Room in Building, Conference Room in Building, Intercom, ATM Machines, Other Business and Communication Facilities","Community Lawn or Garden, Community Swimming Pool, Community Gym, First Aid or Medical Centre, Day Care Centre, Kids Play Area, Barbeque Area, Mosque, Community Centre, Other Community Facilities","Sauna, Jacuzzi, Other Healthcare and Recreation Facilities","Nearby Schools, Nearby Hospitals, Nearby Shopping Malls, Nearby Restaurants, Distance From Airport (kms), Nearby Public Transport Service, Other Nearby Places","Maintenance Staff, Security Staff, Laundry or Dry Cleaning Facility, Communal/Shared Kitchen, Facilities for Disabled, Pets Allowed, Other Facilities",,,
https://www.zameen.com/Property/islamabad_f-6_corner_house_for_sale_in_f6-53101641-164-1.html,"F-6, Islamabad",House,PKR24 Crore,4,17.8 Marla,For Sale,5,5 months ago,"F-6, Islamabad, Islamabad Capital","Corner House for Sale in F6 at a Prime Location. Note: Pictures are for Reference purposes Satoon Real Estate presents a 444 SQYD 2-side corner property with an old yet livable house. A rare opportunity with easy access from 2 sides, ideal for renovation or brand-new construction. Perfect for those looking to build a custom home or make a smart investment. Plot Size: 444 SQYD corner with extra land prime location CDA Transfer approved Great potential for new construction or renovation Exclusive listing by Satoon Real Estate. For details and site visit, kindly contact us.","Built in year: 1995, Parking Spaces: 2, Flooring, Floors: 2","Bedrooms: 5, Bathrooms: 4, Servant Quarters: 1, Kitchens: 1","Broadband Internet Access, Satellite or Cable TV Ready",Mosque,,"Nearby Schools, Nearby Hospitals, Nearby Shopping Malls, Nearby Restaurants, Distance From Airport (kms), Nearby Public Transport Service",,,,
https://www.zameen.com/Property/bahria_enclave_bahria_enclave_-_sector_c1_brand_new_10_marla_luxury_designer_house_for_sale_prime_location-53305815-11987-1.html,"Bahria Enclave - Sector C1, Bahria Enclave",House,PKR4.2 Crore,6,10 Marla,For Sale,5,5 months ago,"Bahria Town, Islamabad, Islamabad Capital","Brand New 10 Marla Luxury Designer House for Sale Prime Location Property Overview: A beautifully built brand new 10 Marla designer house is available for sale in a prime and peaceful location. This elegant home combines modern architecture, premium finishing, and spacious living ideal for families seeking comfort and style. Key Features: 5 Spacious Bedrooms with attached modern bathrooms Stylish Designer Kitchen with high-end fittings Elegant Drawing, Dining & TV Lounge Beautiful Front Elevation with Modern Design High-Quality Woodwork & Stylish False Ceilings Imported Tiles & Sanitary Fittings throughout Servant Quarter with Attached Bath Spacious Car Parking Area Lawn / Sitting Area for outdoor relaxation Additional Highlights: Brand New Construction Never Used Before Located in a peaceful and secure neighborhood Close to schools, parks, mosques, and markets Solid construction with top-quality materials Ideal for families seeking a modern lifestyle Demand: (Mention Price Here) Size: 10 Marla Contact: For visit and more details, please call or WhatsApp. A perfect combination of comfort, quality, and style Brand New 10 Marla Designer House ready to move in!","Built in year: 2024, Parking Spaces: 2, Double Glazed Windows, Central Heating, Flooring, Electricity Backup, Floors: 2, Other Main Features","Bedrooms: 5, Bathrooms: 6, Servant Quarters: 1, Drawing Room, Dining Room, Kitchens: 2, Study Room, Prayer Room, Store Rooms: 1, Lounge or Sitting Room, Laundry Room, Other Rooms","Broadband Internet Access, Satellite or Cable TV Ready, Intercom","Community Gym, Day Care Centre, Kids Play Area, Barbeque Area, Mosque, Community Centre",,"Nearby Schools, Nearby Shopping Malls, Distance From Airport (kms), Nearby Public Transport Service, Other Nearby Places",Security Staff,,,
https://www.zameen.com/Property/margalla_hills_2_capital_residencia_three_bedroom_luxury_apartment_available_for_sale-52672388-10573-1.html,"Capital Residencia, Margalla Hills-2",Flat,PKR2.4 Crore,3,8.4 Marla,For Sale,3,1 month ago,"E-11, Islamabad, Islamabad Capital",Capital residencia Sector E 11 4 Islamabad 12 3 Bedroom Apartments Available For Rent and sale Amenities: Family Residence Only 24 7 Security Services CCTV Monitored Secure Environment ETag Assisted Dedicated Car Parking 24 7 Reception Staff High Speed Passenger Elevators Backup Power Supply Water Filtration Plant Fire Fighting System Excellent Maintenance Services Cleaning Garbage Disposal Staff Separate Gas Electricity Meters Location capitals residencia main margala roadway,"Built in year: 2024, Parking Spaces: 4, Double Glazed Windows, Central Air Conditioning, Central Heating, Flooring, Electricity Backup, Waste Disposal, Other Main Features, Furnished","Bedrooms: 6, Bathrooms: 7, Servant Quarters: 2, Drawing Room, Dining Room, Kitchens: 2, Study Room, Prayer Room, Powder Room, Gym, Store Rooms: 2, Steam Room, Lounge or Sitting Room, Laundry Room, Other Rooms","Broadband Internet Access, Satellite or Cable TV Ready, Intercom, Other Business and Communication Facilities","Community Lawn or Garden, Community Swimming Pool, Community Gym, First Aid or Medical Centre, Day Care Centre, Kids Play Area, Barbeque Area, Mosque, Community Centre, Other Community Facilities","Sauna, Jacuzzi, Other Healthcare and Recreation Facilities","Nearby Schools, Nearby Hospitals, Nearby Shopping Malls, Nearby Restaurants, Distance From Airport (kms), Nearby Public Transport Service, Other Nearby Places","Maintenance Staff, Security Staff, Facilities for Disabled, Other Facilities",,,
https://www.zameen.com/Property/f_10_f-10_3_9_bedrooms_house_for_sale_f-10_3_3_storey_house_prime_location-53079915-3278-1.html,"F-10/3, F-10",House,PKR18 Crore,6,1.2 Kanal,For Sale,9,2 weeks ago,"F-10, Islamabad, Islamabad Capital",F10/3 600 sq yards House CDA Sector Islamabad prime location 3 story House CDA Transfer Asking 20 Cror Further information Call,"Parking Spaces: 2, Double Glazed Windows, Central Air Conditioning, Central Heating, Flooring, Electricity Backup, Other Main Features","Bedrooms: 6, Bathrooms: 6, Servant Quarters: 1, Drawing Room, Dining Room, Kitchens: 2, Study Room, Prayer Room, Powder Room, Store Rooms: 1, Steam Room, Lounge or Sitting Room, Laundry Room","Broadband Internet Access, Satellite or Cable TV Ready, Other Business and Communication Facilities","Community Lawn or Garden, Community Gym, First Aid or Medical Centre, Day Care Centre, Kids Play Area, Barbeque Area, Mosque, Community Centre, Other Community Facilities",,"Nearby Schools, Nearby Hospitals, Nearby Shopping Malls, Nearby Restaurants, Nearby Public Transport Service, Other Nearby Places","Maintenance Staff, Security Staff, Other Facilities",,,
https://www.zameen.com/Property/islamabad_d-12_brand_new_house_for_sale_cda_sector_d_12_islamabad-53096801-160-1.html,"D-12, Islamabad",House,PKR14.5 Crore,7,14 Marla,For Sale,6,2 weeks ago,"D-12, Islamabad, Islamabad Capital",Brand new House For Sale CDA Sector D/12 Islamabad. 6 Bedrooms 6+Bathrooms Lavish House 40/80 14 Marla First Entry Ready to move Further Information call us Muhammad Atif View Contact Detail,"Built in year: 2025, Parking Spaces: 3, Double Glazed Windows, Central Air Conditioning, Central Heating, Flooring, Electricity Backup, Waste Disposal, Floors: 2, Other Main Features, Furnished","Bedrooms: 6, Bathrooms: 1, Servant Quarters, Drawing Room, Dining Room, Kitchens: 2, Study Room, Prayer Room, Store Rooms, Other Rooms","Broadband Internet Access, Satellite or Cable TV Ready, Intercom, Other Business and Communication Facilities","Community Lawn or Garden, Community Swimming Pool, Community Gym, First Aid or Medical Centre, Day Care Centre, Kids Play Area, Barbeque Area, Mosque, Community Centre, Other Community Facilities","Lawn or Garden, Swimming Pool, Sauna, Jacuzzi, Other Healthcare and Recreation Facilities","Nearby Schools, Nearby Hospitals, Nearby Shopping Malls, Nearby Restaurants, Distance From Airport (kms), Nearby Public Transport Service, Other Nearby Places","Maintenance Staff, Security Staff, Facilities for Disabled, Other Facilities",,,
https://www.zameen.com/Property/soan_garden_soan_garden_-_block_a_flat_in_a_block_of_soan_gardens_housing_society_isb-53357617-3491-1.html,"Soan Garden - Block A, Soan Garden",Flat,PKR49 Lakh,2,2.7 Marla,For Sale,2,5 months ago,"Soan Garden, Islamabad, Islamabad Capital","1st Floor Flat in Soan gardens housing society Islamabad, 5 mint walking distance to PWD and Islamabad expressway (soan gardens housing scheme us fully developed housing society,every facility is available at walking dustance) Covered Area about 600 sq ft. 2 bedrooms with attach baths and seperate kitchen. Construction work is in progress of completion. Basement, ground and first floor pillars are completed. Flat price is 49 lakh, about 26 lakh payment in form of installment pay ho chuki ha in 19 months, Remaining payment 17 months me hogi, monthly payment is 82 thousands, quarterly payment is about 1 lakh. price is much discountable",Waste Disposal,"Bedrooms: 2, Bathrooms: 2",,"Kids Play Area, Mosque",,"Nearby Schools, Nearby Hospitals, Nearby Shopping Malls, Nearby Restaurants, Nearby Public Transport Service",,PKR26 Lakh,PKR1.44 Lakh,16 Months
https://www.zameen.com/Property/al_ghurair_giga_al-ghurair_giga_-_block_7_two_bed_flat_available_for_sale_in_defence_resideny_block_7-52997300-15133-1.html,"Al-Ghurair Giga - Block 7, Al-Ghurair Giga",Flat,PKR80 Lakh,2,3.6 Marla,For Sale,2,4 months ago,"DHA Defence, Islamabad, Islamabad Capital",Two bed flat available for sale in defence resideny block 7 Two bed attached washroom ges meter installed wapda meter installed Tvl Kitchen Tarrace lifts car parking family parks security guards defence resideny block 7 is near too giga mall and imtiyaz super mall,"Parking Spaces: 3, Flooring, Waste Disposal","Bedrooms: 4, Bathrooms: 4, Servant Quarters: 1, Drawing Room, Dining Room, Kitchens: 2",,"Community Lawn or Garden, Kids Play Area, Barbeque Area, Mosque, Community Centre",,"Nearby Schools, Nearby Hospitals, Nearby Shopping Malls, Nearby Restaurants, Distance From Airport (kms), Nearby Public Transport Service, Other Nearby Places","Security Staff, Other Facilities",,,
https://www.zameen.com/Property/bahria_enclave_the_galleria_sun-facing_3_bed_diamond_category_apartment_with_servant_quarter_for_sale_in_the_galleria_apartments_bahria_enclave_islamabad-53270579-10002-1.html,"The Galleria, Bahria Enclave",Flat,PKR2.1 Crore,4,11.2 Marla,For Sale,3,5 months ago,"Bahria Town, Islamabad, Islamabad Capital","Experience luxury living in this Sun-Facing 3 Bed Diamond Category Apartment located in The Galleria Apartments, Sector H, Bahria Enclave Islamabad. This beautifully designed apartment offers 3 spacious bedrooms with attached baths, a modern kitchen, a stylish living area, and a balcony that welcomes plenty of natural sunlight throughout the day. The apartment also includes a servant quarter with an attached bath and 2 dedicated car parking spaces, providing extra comfort and convenience for residents. Featuring premium fittings, high-end finishing, and an elegant layout, this apartment ensures a sophisticated lifestyle. The building offers 24/7 security, smart entrance system, high-speed elevators, and a peaceful residents-only environment. Ideally located near mosque, park, main commercial area, schools, and restaurants, The Galleria promises a vibrant yet serene living experience. Perfect for families or investors, this property also offers strong rental income potential and long-term value appreciation. Location: Sector H, The Galleria Apartments, Bahria Enclave Islamabad Category: Diamond Bedrooms: 3 Bathrooms: Attached Servant Quarter: Yes (with attached bath) Parking: 2 Dedicated Spaces View: Sun-Facing Building: Residents-only with smart access and 24/7 security","Built in year: 2022, Parking Spaces: 2, Lobby in Building, Flooring, Electricity Backup, Floor: 3, Floors in Building: 9, Elevators: 7, Service Elevators in Building","Bedrooms: 3, Bathrooms: 4, Servant Quarters: 1, Drawing Room, Dining Room, Kitchens: 1, Powder Room, Lounge or Sitting Room, Laundry Room","Broadband Internet Access, Business Center or Media Room in Building","Community Lawn or Garden, First Aid or Medical Centre, Kids Play Area, Mosque, Community Centre",,"Nearby Schools, Nearby Hospitals, Nearby Shopping Malls, Nearby Restaurants, Distance From Airport (kms), Nearby Public Transport Service, Other Nearby Places","Maintenance Staff, Security Staff, Laundry or Dry Cleaning Facility, Facilities for Disabled, Pets Not Allowed, Other Facilities",,,
https://www.zameen.com/Property/bahria_town_bahria_enclave_bahria_enclave_islamabad_5_marla_park_face_and_back_open_house_available_for_sale_with_green_patch-53227638-1705-1.html,"Bahria Enclave, Bahria Town",House,PKR2.4 Crore,4,5 Marla,For Sale,3,5 months ago,"Bahria Town, Islamabad, Islamabad Capital","*5 Marla House for Sale Prime Location Dont Miss Out!** Looking for your dream home in a top-notch location? This **5 Marla beautifully constructed house** is now available for sale at a **prime location**, offering the perfect blend of comfort, convenience, and modern living. **Property Features:** - Size: 5 Marla - Bedrooms: 3 spacious bedrooms with attached bathrooms - Bathrooms: 4 (including guest bathroom) - Kitchens: 1 modern American-style kitchen - Drawing Room & TV Lounge - Car Porch - Stylish ceilings and tiled flooring - Solid construction with quality materials - 24/7 Security and peaceful neighborhood **Location Highlights:** - Located in a well-developed and highly sought-after area - Close proximity to schools, hospitals, shopping malls, parks, and main roads - Easy access to public transport and major landmarks Dont miss this golden opportunity to own a house in one of the most desirable areas. Book your visit now!","Built in year: 4, Parking Spaces: 1, Double Glazed Windows, Central Air Conditioning, Central Heating, Flooring, Electricity Backup, Waste Disposal, Floors: 2, Other Main Features","Bedrooms: 3, Bathrooms: 3, Servant Quarters: 1, Drawing Room, Dining Room, Kitchens: 1, Study Room, Prayer Room, Powder Room, Gym, Store Rooms: 1, Steam Room, Lounge or Sitting Room, Laundry Room, Other Rooms","Broadband Internet Access, Satellite or Cable TV Ready, Intercom, Other Business and Communication Facilities","Community Lawn or Garden, Community Swimming Pool, Community Gym, First Aid or Medical Centre, Day Care Centre, Kids Play Area, Barbeque Area, Mosque, Community Centre, Other Community Facilities","Sauna, Jacuzzi, Other Healthcare and Recreation Facilities","Nearby Schools, Nearby Hospitals, Nearby Shopping Malls, Nearby Restaurants, Distance From Airport (kms), Nearby Public Transport Service, Other Nearby Places","Maintenance Staff, Security Staff, Facilities for Disabled, Other Facilities",,,
https://www.zameen.com/Property/bahria_enclave_bahria_enclave_-_sector_h_park_face_back_open_desugner_house_for_sale_in_sector_h_3_bedroom_with_attach_bath_heighted_location_bahria_enclave_islamabad-53257169-11983-1.html,"Bahria Enclave - Sector H, Bahria Enclave",House,PKR2.3 Crore,4,5 Marla,For Sale,3,4 months ago,"Bahria Town, Islamabad, Islamabad Capital","Back Open Park face House for Sale in Sector H, Bahria Enclave Islamabad Discover an exceptional opportunity to own a beautiful A+ construction house located at an extreme top location in Sector H, Bahria Enclave Islamabad. This elegant home features 3 spacious bedrooms with attached baths, 2 stylish TV lounges, a drawing room, and a servant room. The back-open design adds extra ventilation and natural light, making the home bright and comfortable. Ideally located near the mosque, park, school, and civic zone, it offers both convenience and a peaceful living environment. Enjoy Bahria Enclaves premium lifestyle with 24/7 security, well-maintained infrastructure, and modern amenities. Demand: 230 Lac Only","Built in year: 2024, Parking Spaces, Double Glazed Windows, Central Air Conditioning, Central Heating, Flooring, Electricity Backup, Waste Disposal, Floors: 2, Other Main Features","Bedrooms: 3, Bathrooms: 4, Servant Quarters: 1, Drawing Room, Dining Room, Kitchens: 2, Study Room, Prayer Room, Powder Room, Gym, Store Rooms: 1, Steam Room, Lounge or Sitting Room, Laundry Room, Other Rooms","Broadband Internet Access, Satellite or Cable TV Ready, Intercom, Other Business and Communication Facilities","Community Lawn or Garden, Community Swimming Pool, Community Gym, First Aid or Medical Centre, Day Care Centre, Kids Play Area, Barbeque Area, Mosque, Community Centre, Other Community Facilities","Lawn or Garden, Swimming Pool, Sauna, Jacuzzi, Other Healthcare and Recreation Facilities","Nearby Schools, Nearby Hospitals, Nearby Shopping Malls, Nearby Restaurants, Distance From Airport (kms), Nearby Public Transport Service, Other Nearby Places","Security Staff, Other Facilities",,,
https://www.zameen.com/Property/mpchs_multi_gardens_mpchs_-_block_e_b-17_7_marla_luxury_house_for_sale_best_location_near_to_mdr-53165583-3120-1.html,"MPCHS - Block E, MPCHS - Multi Gardens",House,PKR2.7 Crore,4,7 Marla,For Sale,4,5 months ago,"B-17, Islamabad, Islamabad Capital","7 Marla House available for sale in B-17 Islamabad 4 Bedrooms with attached bathrooms 2 Drawing rooms 2 Kitchens 2 Car parking spaces Located near commercial area, school, mart, masjid, and MDR Prime location with all basic facilities available","Built in year: 2025, Parking Spaces: 2, Double Glazed Windows, Central Air Conditioning, Central Heating, Flooring, Electricity Backup, Waste Disposal, Floors: 1, Other Main Features, Furnished","Bedrooms: 4, Bathrooms: 4, Servant Quarters: 1, Drawing Room, Dining Room, Kitchens: 2, Study Room, Prayer Room, Powder Room, Gym, Store Rooms: 1, Steam Room, Lounge or Sitting Room, Laundry Room, Other Rooms","Broadband Internet Access, Satellite or Cable TV Ready, Intercom, Other Business and Communication Facilities","Community Lawn or Garden, Community Swimming Pool, Community Gym, First Aid or Medical Centre, Day Care Centre, Kids Play Area, Barbeque Area, Mosque, Community Centre, Other Community Facilities","Lawn or Garden, Swimming Pool, Sauna, Jacuzzi, Other Healthcare and Recreation Facilities","Nearby Schools, Nearby Hospitals, Nearby Shopping Malls, Nearby Restaurants, Distance From Airport (kms), Nearby Public Transport Service, Other Nearby Places","Maintenance Staff, Security Staff, Facilities for Disabled, Other Facilities",,,
https://www.zameen.com/Property/b_17_mpchs_-_multi_gardens_house_for_sale_multi_garden_b17_islamabad-53233632-3115-1.html,"MPCHS - Multi Gardens, B-17",House,PKR2.3 Crore,5,5 Marla,For Sale,4,3 months ago,"B-17, Islamabad, Islamabad Capital",house for sale multi garden b17 Islamabad more details,,,,,,"Nearby Schools, Nearby Hospitals, Nearby Shopping Malls, Nearby Restaurants, Nearby Public Transport Service, Other Nearby Places",,,,
https://www.zameen.com/Property/dha_defence_phase_2_defence_executive_apartments_1_bed_luxury_fully_furnished_apartment_available_for_sale_in_defence_executive_apartment_al_ghurair_giga_dha_phase_2_gaye_2_islamabad-53105177-9615-1.html,"Defence Executive Apartments, DHA Defence Phase 2",Flat,PKR1.25 Crore,1,4.3 Marla,For Sale,1,1 month ago,"DHA Defence, Islamabad, Islamabad Capital",1 bed Tv lounge Kitchen 1 bathroom Area 978 sq. ft Near to mosque Family park Car parking Security Maintenance stuff Security cameras Water filtration plant 5 elevators in building More details please contact me,"Built in year: 2021, Parking Spaces, Lobby in Building, Double Glazed Windows, Central Air Conditioning, Central Heating, Flooring, Electricity Backup, Waste Disposal, Floors in Building: 19, Elevators: 5, Service Elevators in Building, Other Main Features, Furnished","Bedrooms: 1, Bathrooms: 1, Servant Quarters: 2, Drawing Room, Dining Room, Kitchens: 1, Study Room, Prayer Room, Powder Room, Gym, Store Rooms: 2, Steam Room, Lounge or Sitting Room, Laundry Room, Other Rooms","Broadband Internet Access, Satellite or Cable TV Ready, Intercom, Other Business and Communication Facilities","Community Lawn or Garden, Community Swimming Pool, Community Gym, First Aid or Medical Centre, Day Care Centre, Kids Play Area, Barbeque Area, Mosque, Community Centre, Other Community Facilities","Sauna, Jacuzzi, Other Healthcare and Recreation Facilities","Nearby Schools, Nearby Hospitals, Nearby Shopping Malls, Nearby Restaurants, Distance From Airport (kms), Nearby Public Transport Service, Other Nearby Places","Maintenance Staff, Security Staff, Facilities for Disabled, Other Facilities",,,
https://www.zameen.com/Property/bahria_enclave_bahria_enclave_-_sector_h_corner_designer_house_for_sale_in_sector_h_size_7_5_marla_4_bedroom_with_basement_extreme_top_location_bahria_enclave_islamabad-53277011-11983-1.html,"Bahria Enclave - Sector H, Bahria Enclave",House,PKR3.85 Crore,6,7 Marla,For Sale,4,5 months ago,"Bahria Town, Islamabad, Islamabad Capital","Beautiful 7.5 Marla Corner House for Sale in Bahria Enclave, Islamabad This stunning 7.5 marla house features a basement, ground floor, first floor, and rooftop. Basement: Includes one bedroom, a lounge, and an open backyard space. Ground Floor: Offers a spacious lounge, a modern kitchen, and one bedroom with a double-heighted area featuring natural skylight. First Floor: Consists of two bedrooms with attached baths, a TV lounge, and an additional sitting area. Rooftop: Comes with a separate room and open terrace space. The house includes a total of four bedrooms, designed with modern architecture and quality construction. Being a corner plot, it has two-side entrances, adding to its beauty and convenience. Located in a fully developed sector (90% completed) of Bahria Enclave Islamabad, this house enjoys proximity to the mosque, park, and commercial area. Demand: 3 Crore 85 Lakh PKR For more details, contact:","Built in year: 2025, Parking Spaces, Double Glazed Windows, Central Air Conditioning, Central Heating, Flooring, Electricity Backup, Waste Disposal, Floors: 3, Other Main Features","Bedrooms: 4, Bathrooms: 6, Servant Quarters: 1, Drawing Room, Dining Room, Kitchens: 1, Study Room, Prayer Room, Powder Room, Gym, Store Rooms: 1, Steam Room, Lounge or Sitting Room, Laundry Room, Other Rooms","Broadband Internet Access, Satellite or Cable TV Ready, Intercom, Other Business and Communication Facilities","Community Lawn or Garden, Community Swimming Pool, Community Gym, First Aid or Medical Centre, Day Care Centre, Kids Play Area, Barbeque Area, Mosque, Community Centre, Other Community Facilities","Lawn or Garden, Swimming Pool, Sauna, Jacuzzi, Other Healthcare and Recreation Facilities","Nearby Schools, Nearby Hospitals, Nearby Shopping Malls, Nearby Restaurants, Distance From Airport (kms), Nearby Public Transport Service, Other Nearby Places","Maintenance Staff, Security Staff, Facilities for Disabled, Other Facilities",,,
https://www.zameen.com/Property/dha_defence_dha_defence_phase_2_stylish_10_marla_house_for_sale_in_dha_phase_2_prime_location-53276192-339-1.html,"DHA Defence Phase 2, DHA Defence",House,PKR6.75 Crore,5,10 Marla,For Sale,5,2 months ago,"DHA Defence, Islamabad, Islamabad Capital","Experience upscale living in the heart of DHA Phase 2, one of Islamabads most prestigious and secure communities. This beautifully constructed 10 Marla house offers a perfect blend of timeless design and modern functionality ideal for families seeking elegance, comfort, and convenience. Property Features: 5 Generously Sized Bedrooms with stylish attached bathrooms 2 Spacious TV Lounges Perfect for relaxing with family Elegant Drawing Room and Formal Dining Area Contemporary Kitchen with high-quality fittings Tastefully designed Powder Room Separate Servant Room with attached bath 2-Car Covered Parking Solid construction with premium finishes, tile flooring, and woodwork Located in a peaceful street within DHA Phase 2, this home enjoys close proximity to schools, shopping centers, mosques, and main access routes making it an ideal choice for modern families. ________________________________________ Gated Community | 24/7 Security | Uninterrupted Utilities Dont miss this opportunity to own a dream home in DHA! Contact now to schedule a visit.","Built in year: 2, Parking Spaces: 2, Double Glazed Windows, Central Air Conditioning, Central Heating, Flooring, Electricity Backup, Waste Disposal, Floors: 2, Other Main Features, Furnished","Bedrooms: 5, Bathrooms: 5, Servant Quarters: 1, Drawing Room, Dining Room, Kitchens: 1, Study Room, Prayer Room, Powder Room, Gym, Store Rooms: 1, Steam Room, Lounge or Sitting Room, Laundry Room, Other Rooms","Broadband Internet Access, Satellite or Cable TV Ready, Intercom, Other Business and Communication Facilities","Community Lawn or Garden, Community Swimming Pool, Community Gym, First Aid or Medical Centre, Day Care Centre, Kids Play Area, Barbeque Area, Mosque, Community Centre, Other Community Facilities","Lawn or Garden, Swimming Pool, Sauna, Jacuzzi, Other Healthcare and Recreation Facilities","Nearby Schools, Nearby Hospitals, Nearby Shopping Malls, Nearby Restaurants, Distance From Airport (kms), Nearby Public Transport Service, Other Nearby Places","Maintenance Staff, Security Staff, Facilities for Disabled, Other Facilities",,,
https://www.zameen.com/Property/dha_defence_dha_defence_phase_2_spacious_1_kanal_house_for_sale_ideal_family_home_in_dha_phase_2_islamabad-53276858-339-1.html,"DHA Defence Phase 2, DHA Defence",House,PKR9.2 Crore,6,1 Kanal,For Sale,5,2 months ago,"DHA Defence, Islamabad, Islamabad Capital","An exceptional opportunity to own a beautifully designed 1 Kanal single-unit house in the prestigious and secure community of DHA Phase 2, Islamabad. This spacious residence offers a perfect blend of comfort, elegance, and functionality ideal for families seeking refined living in one of the citys most sought-after locations. Property Highlights: 5 Spacious Bedrooms with stylish attached bathrooms Elegant Drawing Room and Formal Dining Area Perfect for hosting in style Modern Powder Room for guests Functional Kitchen with quality fittings (option to upgrade or customize) Servant Room with attached bath and separate access Parking for 3 Cars Wide porch and driveway Single-Unit Construction Perfect for families seeking cohesive living under one roof Quality finishes, solid woodwork, tiled flooring, and ample natural light throughout Location Advantages: Situated in the heart of DHA Phase 2 a fully developed, gated community Walking distance to parks, schools, shopping areas, mosques, and main boulevards Easy access to GT Road, Islamabad Expressway, and major landmarks This is more than just a house its a lifestyle upgrade in one of Islamabad's most prestigious sectors. Contact now to schedule a private visit. Serious buyers only.","Built in year: 2025, Parking Spaces: 3, Flooring, Waste Disposal, Floors: 2, Other Main Features","Bedrooms: 5, Bathrooms: 5, Servant Quarters: 1, Drawing Room, Dining Room, Kitchens: 2, Powder Room, Store Rooms: 1, Lounge or Sitting Room, Laundry Room","Broadband Internet Access, Satellite or Cable TV Ready","Community Lawn or Garden, Community Swimming Pool, Community Gym, First Aid or Medical Centre, Day Care Centre, Kids Play Area, Barbeque Area, Mosque, Community Centre",,"Nearby Schools, Nearby Hospitals, Nearby Shopping Malls, Nearby Restaurants, Distance From Airport (kms), Nearby Public Transport Service, Other Nearby Places","Security Staff, Other Facilities",,,
https://www.zameen.com/Property/g_14_g-14_4_g14_4_use_house_for_sale_tiles_flooring_sun_facing_house-53168805-3346-1.html,"G-14/4, G-14",House,PKR3.5 Crore,4,4 Marla,For Sale,4,2 months ago,"G-14, Islamabad, Islamabad Capital","A well-maintained 4 Marla house located in the prime sector of G-14/4 is available for sale. Built on a solid structure, this house offers: 2 Bedrooms with attached bathrooms Spacious TV lounge & dining area Modern kitchen Car parking space Gas, electricity, and water supply available Peaceful and secure neighborhood The house is ideally situated close to the main road, market, masjid, schools, and Kashmir Highway, ensuring convenience and easy accessibility. Ideal option for small families or investment purposes.","Built in year: 2023, Parking Spaces: 1, Flooring, Electricity Backup, Waste Disposal, Floors: 2","Bedrooms: 4, Bathrooms: 4, Drawing Room, Dining Room, Kitchens: 2","Broadband Internet Access, Satellite or Cable TV Ready, Intercom, Other Business and Communication Facilities","Community Lawn or Garden, Community Swimming Pool, Community Gym, First Aid or Medical Centre, Day Care Centre, Kids Play Area, Barbeque Area, Mosque, Community Centre, Other Community Facilities","Lawn or Garden, Swimming Pool, Sauna, Jacuzzi, Other Healthcare and Recreation Facilities","Nearby Schools, Nearby Hospitals, Nearby Shopping Malls, Nearby Restaurants, Distance From Airport (kms), Nearby Public Transport Service, Other Nearby Places","Maintenance Staff, Security Staff, Facilities for Disabled, Other Facilities",,,
https://www.zameen.com/Property/g_13_g-13_4_g13_used_house_for_sale_size_4_marla-53168646-3340-1.html,"G-13/4, G-13",House,PKR3 Crore,4,4 Marla,For Sale,4,3 months ago,"G-13, Islamabad, Islamabad Capital","A well-maintained 4 Marla house located in the prime sector of G-13/4 is available for sale. Built on a solid structure, this house offers: 2 Bedrooms with attached bathrooms Spacious TV lounge & dining area Modern kitchen Car parking space Gas, electricity, and water supply available Peaceful and secure neighborhood The house is ideally situated close to the main road, market, masjid, schools, and Kashmir Highway, ensuring convenience and easy accessibility. Ideal option for small families or investment purposes.","Built in year: 2014, Parking Spaces: 1, Flooring, Electricity Backup, Waste Disposal, Floors: 2","Bedrooms: 2, Bathrooms: 3, Dining Room, Kitchens: 2",,"First Aid or Medical Centre, Day Care Centre, Kids Play Area, Mosque, Community Centre",,"Nearby Schools, Nearby Hospitals, Nearby Shopping Malls, Nearby Restaurants, Distance From Airport (kms), Nearby Public Transport Service, Other Nearby Places","Security Staff, Other Facilities",,,
https://www.zameen.com/Property/g_13_g-13_2_brand_new_double-story_luxury_house_sale_size_30_60-53276723-3338-1.html,"G-13/2, G-13",House,PKR6.9 Crore,6,8 Marla,For Sale,4,3 months ago,"G-13, Islamabad, Islamabad Capital","Brand new double-story luxury house 4 spacious bedrooms with attached modern bathrooms 2 stylish kitchens with fitted cabinets 2 TV lounges for family gatherings Drawing & dining rooms Car parking space available Electricity, gas, and water supply available Boring water facility Top location near main road and park All basic facilities available nearby (school, market, masjid, etc. ) Perfect for comfortable family living!","Built in year: 2025, Parking Spaces: 2, Flooring, Floors: 2","Bedrooms: 5, Bathrooms: 7, Drawing Room, Dining Room, Kitchens: 2",,"First Aid or Medical Centre, Day Care Centre, Kids Play Area, Mosque, Community Centre",,"Nearby Schools, Nearby Hospitals, Nearby Shopping Malls, Nearby Restaurants, Distance From Airport (kms), Nearby Public Transport Service, Other Nearby Places","Security Staff, Other Facilities",,,
https://www.zameen.com/Property/g_14_g-14_4_g14_4_brand_new_house_for_sale_size_4_marla_sun_facing_first_entry_tiles_flooring-53260431-3346-1.html,"G-14/4, G-14",House,PKR3.7 Crore,5,4 Marla,For Sale,4,1 week ago,"G-14, Islamabad, Islamabad Capital","G-14/4, Islamabad a well-connected and developing residential sector. Easy access to main roads, schools, markets, and amenities. Size & Layout: Plot area: ~ 4 Marla (approx. 25 40 ft) Double-story / firstentry Rooms: 4 bedrooms all with attached bathrooms 2 kitchens 2 TV Lounges 1 Drawing room Servant quarter (on rooftop or ground floor) Car porch Construction & Finishes: Brand new, solid build Modern design / contemporary architecture High-quality tile flooring throughout Imported cupboards / laminated kitchen cabinets Good quality sanitary fittings Powder coated aluminum windows (1.6 mm or similar) Stylish ceiling designs (plaster / gypsum / false ceilings as per design) Granite stairs, marble porch (if corner / premium finish) Utilities & Features: Electricity & wiring complete, with proper switches Gas connection (or gas meter installed) Sewerage & paved road access Street lighting & boundary walls Water supply, possibly with a bore / underground tank Balcony or terrace Near mosque, park, market; possibly scenic view (e. g. Margalla Hills if corner or front)","Built in year: 2025, Parking Spaces: 1, Flooring, Electricity Backup, Floors: 2","Bedrooms: 4, Bathrooms: 5, Dining Room, Kitchens: 2",,"First Aid or Medical Centre, Day Care Centre, Kids Play Area, Mosque, Community Centre",,"Nearby Schools, Nearby Hospitals, Nearby Shopping Malls, Nearby Restaurants, Distance From Airport (kms), Nearby Public Transport Service, Other Nearby Places","Security Staff, Other Facilities",,,
https://www.zameen.com/Property/b_17_mpchs_-_multi_gardens_park_face_designer_house_double_heighted_prime_locations_in_fmc_b-17-53166871-3115-1.html,"MPCHS - Multi Gardens, B-17",House,PKR3.1 Crore,6,5 Marla,For Sale,4,4 months ago,"B-17, Islamabad, Islamabad Capital",Lavish designer house Park face Close to masjid markaz park 4 bedrooms Double heighted For more details call or what's app,"Built in year: 2025, Parking Spaces: 6, Double Glazed Windows, Central Air Conditioning, Central Heating, Flooring, Electricity Backup, Waste Disposal, Floors: 2, Other Main Features, Furnished","Bedrooms: 4, Bathrooms: 6, Servant Quarters: 1, Drawing Room, Dining Room, Kitchens: 1, Study Room, Prayer Room, Powder Room, Gym, Store Rooms: 1, Steam Room, Lounge or Sitting Room, Laundry Room, Other Rooms","Broadband Internet Access, Satellite or Cable TV Ready, Intercom, Other Business and Communication Facilities","Community Lawn or Garden, Community Swimming Pool, Community Gym, First Aid or Medical Centre, Day Care Centre, Kids Play Area, Barbeque Area, Mosque, Community Centre, Other Community Facilities","Lawn or Garden, Swimming Pool, Sauna, Jacuzzi, Other Healthcare and Recreation Facilities","Nearby Schools, Nearby Hospitals, Nearby Shopping Malls, Nearby Restaurants, Distance From Airport (kms), Nearby Public Transport Service, Other Nearby Places","Maintenance Staff, Security Staff, Facilities for Disabled, Other Facilities",,,
https://www.zameen.com/Property/dha_valley_lilly_sector_lilly_sector_-_dha_homes_5_marla_corner_house_in_main_street_lilly_b_dha_homes-50726159-16826-1.html,"Lilly Sector - DHA Homes, DHA Valley - Lilly Sector",House,PKR78 Lakh,2,5 Marla,For Sale,2,2 weeks ago,"DHA Defence, Islamabad, Islamabad Capital","Excellent Location, Brand New, Neat & Clean House, Decent Neighborhood, Spacious Lawn, 2 Bedrooms With Attached Baths, TV Lounge, Separate Laundry Area, Car Parking Peaceful Environment. Reasonable Demand. Urgent Sale Interested Persons Welcome To Visit The Property.","Built in year: 2021, Parking Spaces: 2, Double Glazed Windows, Central Air Conditioning, Central Heating, Flooring, Electricity Backup, Waste Disposal, Floors: 1, Other Main Features, Furnished","Bedrooms: 3, Bathrooms: 4, Servant Quarters: 1, Drawing Room, Dining Room, Kitchens: 1, Study Room, Prayer Room, Powder Room, Gym, Store Rooms: 2, Steam Room, Lounge or Sitting Room, Laundry Room, Other Rooms","Broadband Internet Access, Satellite or Cable TV Ready, Intercom, Other Business and Communication Facilities","Community Lawn or Garden, Community Swimming Pool, Community Gym, First Aid or Medical Centre, Day Care Centre, Kids Play Area, Barbeque Area, Mosque, Community Centre, Other Community Facilities","Lawn or Garden, Swimming Pool, Sauna, Jacuzzi, Other Healthcare and Recreation Facilities","Nearby Schools, Nearby Hospitals, Nearby Shopping Malls, Nearby Restaurants, Distance From Airport (kms), Nearby Public Transport Service, Other Nearby Places","Maintenance Staff, Security Staff, Facilities for Disabled, Other Facilities",,,
https://www.zameen.com/Property/gulberg_greens_karakoram_greens_karakoram_greens_4_bed_xl_flats_available_for_sale-53117272-11832-1.html,"Karakoram Greens, Gulberg Greens",Flat,PKR5 Crore,5,19 Marla,For Sale,4,5 days ago,"Gulberg, Islamabad, Islamabad Capital",karakoram greens 4 bed xl apartments available for sale 3bed option available 2 bed option available furnished r non furnished Call Us,"Built in year: 2025, Parking Spaces: 4, Lobby in Building, Double Glazed Windows, Central Air Conditioning, Central Heating, Flooring, Electricity Backup, Waste Disposal, Floor: 13, Floors in Building: 22, Elevators: 8, Service Elevators in Building, Other Main Features, Furnished","Bedrooms: 4, Bathrooms: 6, Servant Quarters: 1, Drawing Room, Dining Room, Kitchens: 2, Study Room, Prayer Room, Powder Room, Gym, Store Rooms: 2, Steam Room, Lounge or Sitting Room, Laundry Room, Other Rooms","Broadband Internet Access, Satellite or Cable TV Ready, Business Center or Media Room in Building, Conference Room in Building, Intercom, ATM Machines, Other Business and Communication Facilities","Community Lawn or Garden, Community Swimming Pool, Community Gym, First Aid or Medical Centre, Day Care Centre, Kids Play Area, Barbeque Area, Mosque, Community Centre, Other Community Facilities","Sauna, Jacuzzi, Other Healthcare and Recreation Facilities","Nearby Schools, Nearby Hospitals, Nearby Shopping Malls, Nearby Restaurants, Distance From Airport (kms), Nearby Public Transport Service, Other Nearby Places","Maintenance Staff, Security Staff, Laundry or Dry Cleaning Facility, Communal/Shared Kitchen, Facilities for Disabled, Pets Not Allowed, Other Facilities",,,
https://www.zameen.com/Property/g_9_g-9_3_get_in_touch_now_to_buy_a_2450_square_feet_house_in_g-9_3-53178591-3386-1.html,"G-9/3, G-9",House,PKR9.5 Crore,4,10.9 Marla,For Sale,4,5 months ago,"G-9, Islamabad, Islamabad Capital",House Is Available For Sale 4 Bed With Attached Baths DD TV Lounge Kitchen Store Room Car Parking CDA TRANSFER Get In Touch With Us Today For More Information And Direct Deal.,"Double Glazed Windows, Waste Disposal","Drawing Room, Dining Room, Study Room, Prayer Room, Powder Room, Steam Room, Lounge or Sitting Room, Laundry Room","Broadband Internet Access, Satellite or Cable TV Ready, Intercom","Community Lawn or Garden, Community Swimming Pool, Community Gym, First Aid or Medical Centre, Day Care Centre, Kids Play Area, Barbeque Area, Mosque, Community Centre",,"Nearby Schools, Nearby Hospitals, Nearby Shopping Malls, Nearby Restaurants, Distance From Airport (kms), Nearby Public Transport Service, Other Nearby Places","Security Staff, Other Facilities",,,
https://www.zameen.com/Property/g_8_g-8_2_5_marla_cornor_house_for_sale_in_g-8_2_islamabad-53347713-3377-1.html,"G-8/2, G-8",House,PKR5.45 Crore,4,5 Marla,For Sale,5,5 months ago,"G-8, Islamabad, Islamabad Capital",it's 25x50 house Cornor near to main boulevard and park and and blue area and shopping mall Pims hospital is near by old construction with new renovations owner own house,,"Bedrooms: 5, Bathrooms: 4, Servant Quarters: 1, Drawing Room, Dining Room, Kitchens: 2, Study Room, Prayer Room, Powder Room, Gym, Store Rooms: 1, Steam Room, Lounge or Sitting Room, Laundry Room","Broadband Internet Access, Satellite or Cable TV Ready, Intercom","Community Lawn or Garden, Community Gym, Kids Play Area, Mosque",,"Nearby Schools, Nearby Hospitals, Nearby Shopping Malls, Nearby Restaurants, Nearby Public Transport Service",,,,
https://www.zameen.com/Property/gulberg_greens_gulberg_arena_mall_areena_mall_one_bed_apartment_available_for_sale-53117926-19297-1.html,"Gulberg Arena Mall, Gulberg Greens",Flat,PKR1.43 Crore,1,4.7 Marla,For Sale,1,3 weeks ago,"Gulberg, Islamabad, Islamabad Capital",Areena Mall One Bed Furnished Or Non-Furnished Apartment Available For Sale 6 Options Available My Own Apartments 700 Sqft To 1024 Sqft 6 Options In Different Floors,"Built in year: 2023, Parking Spaces: 2, Lobby in Building, Double Glazed Windows, Central Air Conditioning, Central Heating, Flooring, Electricity Backup, Waste Disposal, Floor, Floors in Building: 9, Elevators: 8, Service Elevators in Building, Other Main Features, Furnished","Bedrooms: 1, Bathrooms: 1, Servant Quarters: 1, Drawing Room, Dining Room, Kitchens: 1, Study Room, Prayer Room, Powder Room, Gym, Store Rooms: 1, Steam Room, Lounge or Sitting Room, Laundry Room, Other Rooms","Broadband Internet Access, Satellite or Cable TV Ready, Business Center or Media Room in Building, Conference Room in Building, Intercom, ATM Machines, Other Business and Communication Facilities","Community Lawn or Garden, Community Swimming Pool, Community Gym, First Aid or Medical Centre, Day Care Centre, Kids Play Area, Barbeque Area, Mosque, Community Centre, Other Community Facilities","Sauna, Jacuzzi, Other Healthcare and Recreation Facilities","Nearby Schools, Nearby Hospitals, Nearby Shopping Malls, Nearby Restaurants, Distance From Airport (kms), Nearby Public Transport Service, Other Nearby Places","Maintenance Staff, Security Staff, Laundry or Dry Cleaning Facility, Communal/Shared Kitchen, Facilities for Disabled, Pets Allowed, Other Facilities",,,
https://www.zameen.com/Property/e_11_e-11_4_triple_storey_corner_house_at_prime_location_in_e_11_4_for_sale-53182815-3241-1.html,"E-11/4, E-11",House,PKR4.75 Crore,6,6 Marla,For Sale,6,4 months ago,"E-11, Islamabad, Islamabad Capital","Triple-Storey Corner House for Sale In E-11, Islamabad** Size : 25 60 Dead-End Street (Last House) Top most Location Peaceful Neighborhood with Easy Access **Ground Floor** * 2 Bedrooms with Attached Baths * Spacious Lounge connected to Open Kitchen * Dining Area with Powder Room * Front Garage + Side Gate (Back Gali small car access) **Basement** * 2 Bedrooms with Large Attached Baths * Kitchen * Large Lounge/Dining Area * Two Storage Spaces (by Kitchen & Staircase) * Back Gali for Laundry + Separate Entrance for Basement **First Floor** * 2 Bedrooms with Attached Baths * Kitchen * Lounge/Dining Area * Separate Drawing Room (or optional 3rd Bedroom) with Attached Powder Room * Front, Side & Back Balconies * Internal Staircase to Mumti & Rooftop **Mumti & Rooftop** * Access via Internal Stairs & External Spiral Staircase from Back Gali Demend: 4.80 Crore Professional Real Estate Consultancy Services by Falcon Real Estate""* Falcon Real Estate having it's Office at D-12 Markaz is a highly professional setup with it's **CEO Air Cdre Syed Abdullah (R)** Having decade old experience to it's Credit, we are providing professional Consultancy Services to the Clients in the Field of Real Estate. By ensuring Fair Deals only, a large number of Clients have benefited from our Services by Selling / buying Plots, Houses, Apartment, shops etc. "" *We believe that best marketing is done by the existing Clients"". * We look forward to build up mutually beneficial relationship. Pls feel free to contact us at the time of ur convenience.","Built in year: 2025, Parking Spaces: 1, Double Glazed Windows, Central Air Conditioning, Central Heating, Flooring, Electricity Backup, Waste Disposal, Floors: 3, Other Main Features, Furnished","Bedrooms: 6, Bathrooms: 6, Servant Quarters: 1, Drawing Room, Dining Room, Kitchens: 3, Study Room, Prayer Room, Powder Room, Gym, Store Rooms: 1, Steam Room, Lounge or Sitting Room, Laundry Room, Other Rooms","Broadband Internet Access, Satellite or Cable TV Ready, Intercom, Other Business and Communication Facilities","Community Lawn or Garden, Community Swimming Pool, Community Gym, First Aid or Medical Centre, Day Care Centre, Kids Play Area, Barbeque Area, Mosque, Community Centre, Other Community Facilities","Lawn or Garden, Swimming Pool, Sauna, Jacuzzi, Other Healthcare and Recreation Facilities","Nearby Schools, Nearby Hospitals, Nearby Shopping Malls, Nearby Restaurants, Distance From Airport (kms), Nearby Public Transport Service, Other Nearby Places","Maintenance Staff, Security Staff, Facilities for Disabled, Other Facilities",,,
https://www.zameen.com/Property/faisal_town_phase_1_faisal_town_phase_1_-_block_b_2_bed_apartment_available_for_sale_in_faisal_town_f-18_islamabad-53225747-16417-1.html,"Faisal Town Phase 1 - Block B, Faisal Town Phase 1",Flat,PKR80 Lakh,2,4 Marla,For Sale,2,3 months ago,"Faisal Town - F-18, Islamabad, Islamabad Capital","2 Bed Apartment Available For Sale. In Faisal Town F-18 Islamabad. Apartment Size 870 Sq Ft. 2 Bedrooms. 2 Baths. TV Lounge. Kitchen. Double Road Facing. Rental Value Rs 40,000. furnished rent value 60 to 70 Close to Gate 2. Near to Park. Near to Masjid. Near to Markaz. Car Parking Space. Water Available Water Bore. Investor Rate Ideal Location. Reasonable Price. Faisal Town F-18 is a Good Society for Residence. Because Neat and Clean. 24 Hours Security. All Basic and Necessary Facilities Available. Interested People Can Contact Easily.","Built in year: 2024, Parking Spaces: 1, Lobby in Building, Double Glazed Windows, Central Air Conditioning, Central Heating, Flooring, Electricity Backup, Waste Disposal, Floor: 4, Floors in Building: 5, Elevators: 1, Service Elevators in Building, Furnished","Bedrooms: 2, Bathrooms: 2, Drawing Room, Dining Room, Kitchens: 1, Prayer Room, Powder Room, Steam Room, Lounge or Sitting Room, Laundry Room, Other Rooms","Broadband Internet Access, Satellite or Cable TV Ready, Business Center or Media Room in Building, Conference Room in Building, Intercom, ATM Machines","Community Lawn or Garden, Community Swimming Pool, Community Gym, First Aid or Medical Centre, Day Care Centre, Kids Play Area, Barbeque Area, Mosque, Community Centre",Other Healthcare and Recreation Facilities,"Nearby Schools, Nearby Hospitals, Nearby Shopping Malls, Nearby Restaurants, Distance From Airport (kms), Nearby Public Transport Service, Other Nearby Places","Maintenance Staff, Security Staff, Other Facilities",,,
https://www.zameen.com/Property/b_17_faisal_margalla_city_2_bed_apartment_of_valencia_heights_fmc_for_sale-53167466-13424-1.html,"Faisal Margalla City, B-17",Flat,PKR51 Lakh,2,3.6 Marla,For Sale,2,3 months ago,"B-17, Islamabad, Islamabad Capital",Selling on a reason able price Valencia heights is located in Faisal Margalla City Top location on main boulevard 2 bed apartment square feet 820 Apartments is located at 8 floor with too view Total floors of this building is 16 floors Want to sell urgently fast face development is going on.,"Built in year: 2025, Parking Spaces, Lobby in Building, Double Glazed Windows, Central Air Conditioning, Central Heating, Flooring, Electricity Backup, Waste Disposal, Floor: 8, Floors in Building: 16, Elevators, Service Elevators in Building, Other Main Features","Bedrooms: 2, Bathrooms: 2, Servant Quarters: 1, Drawing Room, Dining Room, Kitchens: 1, Study Room, Prayer Room, Lounge or Sitting Room, Laundry Room, Other Rooms","Broadband Internet Access, Satellite or Cable TV Ready, Business Center or Media Room in Building, ATM Machines","Community Swimming Pool, Community Gym, First Aid or Medical Centre, Day Care Centre, Kids Play Area, Barbeque Area, Mosque",,"Nearby Schools, Nearby Hospitals, Nearby Shopping Malls, Nearby Restaurants, Distance From Airport (kms), Nearby Public Transport Service, Other Nearby Places","Maintenance Staff, Security Staff, Laundry or Dry Cleaning Facility, Communal/Shared Kitchen, Facilities for Disabled, Other Facilities",,,
https://www.zameen.com/Property/bahria_enclave_bahria_enclave_-_sector_g_sector_g_5_marla_house_for_sale_in_bahria_enclave_islamabad-53280189-11984-1.html,"Bahria Enclave - Sector G, Bahria Enclave",House,PKR2.5 Crore,3,5 Marla,For Sale,3,1 month ago,"Bahria Town, Islamabad, Islamabad Capital","Sector G 5 Marla House For Sale - Location: Sector G, Bahria Enclave, Islamabad - Access from the main boulevard - Facing a dedicated family park - Situated on a 50-foot street (dead end) - 4 bedrooms: 1 on the ground floor and 3 on the first floor, each with an attached bathroom - 2 drawing rooms - Kitchen - Servant room with an attached bathroom - Car porch - A+ construction, self-used non-Furnished Demand 2 Crore 50 Lac","Built in year: 2025, Parking Spaces: 1, Double Glazed Windows, Central Air Conditioning, Central Heating, Flooring, Electricity Backup, Waste Disposal, Floors: 2, Other Main Features, Furnished","Bedrooms: 3, Bathrooms: 3, Servant Quarters: 1, Drawing Room, Dining Room, Kitchens: 1, Study Room, Prayer Room, Powder Room, Gym, Store Rooms: 1, Steam Room, Lounge or Sitting Room, Laundry Room, Other Rooms","Broadband Internet Access, Satellite or Cable TV Ready, Intercom, Other Business and Communication Facilities","Community Lawn or Garden, Community Swimming Pool, Community Gym, First Aid or Medical Centre, Day Care Centre, Kids Play Area, Barbeque Area, Mosque, Community Centre, Other Community Facilities","Lawn or Garden, Swimming Pool, Sauna, Jacuzzi, Other Healthcare and Recreation Facilities","Nearby Schools, Nearby Hospitals, Nearby Shopping Malls, Nearby Restaurants, Distance From Airport (kms), Nearby Public Transport Service, Other Nearby Places","Maintenance Staff, Security Staff, Facilities for Disabled, Other Facilities",,,
https://www.zameen.com/Property/bahria_enclave_bahria_enclave_-_sector_h_5_marla_brand_new_designer_house_for_sale_sector_h_bahria_enclave_islamabad-53280283-11983-1.html,"Bahria Enclave - Sector H, Bahria Enclave",House,PKR2.75 Crore,3,5 Marla,For Sale,3,1 month ago,"Bahria Town, Islamabad, Islamabad Capital","5 Marla Brand New Designer House for Sale Sector H, Bahria Enclave Islamabad Beautiful brand new designer house available for sale in Sector H. 3 Bedrooms with attached bathrooms TV Lounge Modern Kitchen Solid Woodwork & Stylish Finishing Prime Location Ready to Move Demand: 2.75 Crore PKR For more details or visit, contact us today!","Built in year: 2025, Parking Spaces: 1, Double Glazed Windows, Central Air Conditioning, Central Heating, Flooring, Electricity Backup, Waste Disposal, Floors: 2, Other Main Features, Furnished","Bedrooms: 3, Bathrooms: 3, Servant Quarters: 1, Drawing Room, Dining Room, Kitchens: 1, Study Room, Prayer Room, Powder Room, Gym, Store Rooms: 1, Steam Room, Lounge or Sitting Room, Laundry Room, Other Rooms","Broadband Internet Access, Satellite or Cable TV Ready, Intercom, Other Business and Communication Facilities","Community Lawn or Garden, Community Swimming Pool, Community Gym, First Aid or Medical Centre, Day Care Centre, Kids Play Area, Barbeque Area, Mosque, Community Centre, Other Community Facilities","Lawn or Garden, Swimming Pool, Sauna, Jacuzzi, Other Healthcare and Recreation Facilities","Nearby Schools, Nearby Hospitals, Nearby Shopping Malls, Nearby Restaurants, Distance From Airport (kms), Nearby Public Transport Service, Other Nearby Places","Maintenance Staff, Security Staff, Facilities for Disabled, Other Facilities",,,
https://www.zameen.com/Property/islamabad_g-11_marriot_hotel_suit_for_sale-53136318-168-1.html,"G-11, Islamabad",Flat,PKR1.25 Crore,-,1 Marla,For Sale,1,1 week ago,"G-11, Islamabad, Islamabad Capital","Hotel suite available in the courtyard by marriot (G-11 Markaz) . Rental coming against this hotel suit is :104,166","Built in year: 2026, Parking Spaces, Lobby in Building, Double Glazed Windows, Central Air Conditioning, Central Heating, Flooring, Electricity Backup, Waste Disposal, Floor: 11, Floors in Building: 13, Elevators, Other Main Features, Furnished","Bedrooms, Bathrooms, Servant Quarters, Drawing Room, Dining Room, Kitchens, Study Room, Prayer Room, Powder Room, Gym, Store Rooms, Steam Room, Lounge or Sitting Room, Laundry Room, Other Rooms","Broadband Internet Access, Satellite or Cable TV Ready, Business Center or Media Room in Building, Conference Room in Building, Intercom, ATM Machines, Other Business and Communication Facilities","Community Lawn or Garden, Community Swimming Pool, Community Gym, First Aid or Medical Centre, Day Care Centre, Kids Play Area, Barbeque Area, Mosque, Community Centre, Other Community Facilities","Sauna, Jacuzzi, Other Healthcare and Recreation Facilities","Nearby Schools, Nearby Hospitals, Nearby Shopping Malls, Nearby Restaurants, Distance From Airport (kms), Nearby Public Transport Service, Other Nearby Places","Maintenance Staff, Security Staff, Facilities for Disabled, Other Facilities",,,
https://www.zameen.com/Property/islamabad_diplomatic_enclave_flat_for_sale_in_diplomatic_enclave_g-5_islamabad-53144501-429-1.html,"Diplomatic Enclave, Islamabad",Flat,PKR6.5 Crore,2,6.7 Marla,For Sale,2,4 weeks ago,"Diplomatic Enclave, Islamabad, Islamabad Capital","2 bedrooms apartment 2 bathrooms Dinning area, living area Kitchen Excellent view from apartment Good natural sunlight Windows in all rooms Fully equipped kitchen Modern design apartment Children play area , open ground for walk and jogging Grocery store near by. Please do contact for more details.","Built in year: 2025, Parking Spaces: 1, Lobby in Building, Double Glazed Windows, Central Air Conditioning, Central Heating, Flooring, Electricity Backup, Waste Disposal, Other Main Features, Furnished","Bedrooms: 2, Bathrooms: 2, Servant Quarters: 1, Drawing Room, Dining Room, Kitchens: 1, Study Room, Prayer Room, Powder Room, Gym, Store Rooms: 1, Steam Room, Lounge or Sitting Room, Laundry Room, Other Rooms","Broadband Internet Access, Satellite or Cable TV Ready, Intercom, ATM Machines, Other Business and Communication Facilities","Community Lawn or Garden, Community Swimming Pool, Community Gym, First Aid or Medical Centre, Day Care Centre, Kids Play Area, Barbeque Area, Mosque, Community Centre, Other Community Facilities","Sauna, Jacuzzi, Other Healthcare and Recreation Facilities","Nearby Schools, Nearby Hospitals, Nearby Shopping Malls, Nearby Restaurants, Distance From Airport (kms), Nearby Public Transport Service, Other Nearby Places","Maintenance Staff, Security Staff, Facilities for Disabled, Pets Allowed, Other Facilities",,,
https://www.zameen.com/Property/bahria_town_bahria_enclave_beautiful_location_designer_house_for_sale-53277251-1705-1.html,"Bahria Enclave, Bahria Town",House,PKR3.1 Crore,3,6 Marla,For Sale,3,5 months ago,"Bahria Town, Islamabad, Islamabad Capital","Elegant Designer House for Sale in Bahria Enclave, Islamabad Experience unparalleled luxury in this 5.6 marla designer home, perfectly situated in the heart of Bahria Enclave. With a generous 30-foot frontage and a 29-foot depth, this home features a grand double-heighted living area adorned with a stunning chandelier and ample natural light from beautiful skylights. The modern kitchen comes with imported fittings, ensuring both style and functionality. The bathrooms are elegantly designed, featuring premium brands like Faisal and Porta, and the stairs are enhanced with tempered glass for a contemporary touch. This home includes three well-appointed bedrooms, each with its own attached bathroom. The property also offers a single TV lounge and inverter fans for optimal comfort. Located on the main boulevard, the house is south-facing, allowing for ample sunlight throughout the day. Its conveniently close to the main gate, mosque, and a school in Sector B, as well as nearby parks and the zoo, making it an ideal living location. Priced at 3 crore 10 lakh PKR, this home perfectly blends modern elegance","Built in year: 2025, Parking Spaces, Double Glazed Windows, Flooring, Electricity Backup, Floors: 2","Bedrooms: 3, Bathrooms: 3, Servant Quarters: 1, Drawing Room, Dining Room, Kitchens: 1","Broadband Internet Access, Satellite or Cable TV Ready",,,,"Maintenance Staff, Security Staff, Facilities for Disabled",,,
https://www.zameen.com/Property/mpchs_multi_gardens_mpchs_-_block_b_designer_house_for_sale_in_b_17_mpchs_block_b_islamabad-53062189-3117-1.html,"MPCHS - Block B, MPCHS - Multi Gardens",House,PKR9.5 Crore,-,1 Kanal,For Sale,6,5 months ago,"B-17, Islamabad, Islamabad Capital","Designer House For Sale Location: Block B, B-17, Multi Gardens, Islamabad *Size* 50*90. 1 kanal house *Asking Price* 9.50 Cr Only/- *Features:* - Double Heighted Lobby - Luxurious Finishing - 15 KV Solar with Green Meter - Electric Fencing - CCTV Cameras - 1 Drawing Room - 6 Bedrooms with attached baths. - 2 Sitting Spaces - 1 Designer Kitchen - 1* Designer kitchnet - 2 Cars Parking Space - 1 Room on Mumty - Sitting arrangement on Mumty - Near to Masjid, Markaz, Park and Grounds - servant Quarter - Single Unit - Basement, Ground plus First Floor","Parking Spaces: 2, Double Glazed Windows, Central Air Conditioning, Central Heating, Flooring, Electricity Backup","Bedrooms: 5, Bathrooms: 5, Servant Quarters: 1, Drawing Room, Dining Room, Kitchens: 2, Store Rooms: 1, Lounge or Sitting Room, Laundry Room, Other Rooms","Broadband Internet Access, Satellite or Cable TV Ready, Other Business and Communication Facilities","Community Lawn or Garden, Community Gym, First Aid or Medical Centre, Day Care Centre, Kids Play Area, Barbeque Area, Mosque, Community Centre, Other Community Facilities",,"Nearby Schools, Nearby Hospitals, Nearby Shopping Malls, Nearby Restaurants, Nearby Public Transport Service, Other Nearby Places","Maintenance Staff, Security Staff, Other Facilities",,,
https://www.zameen.com/Property/gulberg_greens_smama_star_mall_residency_book_flat_today_in_smama_star_mall_residency-51554992-11278-1.html,"Smama Star Mall & Residency, Gulberg Greens",Flat,PKR1.75 Crore,3,5.5 Marla,For Sale,3,2 weeks ago,"Gulberg, Islamabad, Islamabad Capital",Gulberg Greens Islamabad Samama Star 3 BED APARTMENT AVAILABLE For Sale 7th Floor 2bed 2bath TV Lounge Kitchen SIZE: 1236 SQ FT Wood Work Done Already Rented Rented Value 55-85k Ready To Live OWN APARTMENT Contact For More Details,"Parking Spaces: 5, Flooring, Electricity Backup, Waste Disposal, Floor: 7, Service Elevators in Building","Servant Quarters: 1, Drawing Room, Kitchens: 1, Steam Room, Lounge or Sitting Room, Laundry Room",,,,"Nearby Schools, Nearby Hospitals, Nearby Shopping Malls, Nearby Restaurants, Distance From Airport (kms), Nearby Public Transport Service, Other Nearby Places","Maintenance Staff, Security Staff, Other Facilities",,,
https://www.zameen.com/Property/top_city_1_top_city_1_-_block_a_a_block_10_marla_house_for_sale-52820038-9231-1.html,"Top City 1 - Block A, Top City 1",House,PKR4.2 Crore,5,10 Marla,For Sale,5,4 days ago,"Top City 1, Islamabad, Islamabad Capital","10 Marla House for Sale Elegant & Spacious Living Discover this beautifully designed 10 Marla house, offering a perfect blend of elegance and modern comfort. Located in a prime residential area, this home is ideal for families looking for luxury, space, and a peaceful environment. Property Features: Classic Architectural Design with premium finishing Spacious Bedrooms with attached modern bathrooms Grand Drawing & Dining Room for formal gatherings Stylish TV Lounge for comfortable family time Modern Kitchen with high-quality fittings Beautiful Lawn & Terrace for a refreshing outdoor experience Car Parking Space for multiple vehicles Secure & Peaceful Neighborhood with all essential amenities","Built in year: 2023, Parking Spaces: 2, Double Glazed Windows, Central Air Conditioning, Central Heating, Flooring, Electricity Backup, Waste Disposal, Floors: 2, Other Main Features, Furnished","Bedrooms: 5, Bathrooms: 5, Servant Quarters: 1, Drawing Room, Dining Room, Kitchens: 2, Study Room, Prayer Room, Powder Room, Gym, Store Rooms: 1, Steam Room, Lounge or Sitting Room, Laundry Room, Other Rooms","Broadband Internet Access, Satellite or Cable TV Ready, Intercom, Other Business and Communication Facilities","Community Lawn or Garden, Community Swimming Pool, Community Gym, First Aid or Medical Centre, Day Care Centre, Kids Play Area, Barbeque Area, Mosque, Community Centre, Other Community Facilities","Lawn or Garden, Sauna, Jacuzzi, Other Healthcare and Recreation Facilities","Nearby Schools, Nearby Hospitals, Nearby Shopping Malls, Nearby Restaurants, Distance From Airport (kms), Nearby Public Transport Service, Other Nearby Places","Maintenance Staff, Security Staff, Facilities for Disabled, Other Facilities",,,
https://www.zameen.com/Property/e_11_e-11_3_1_kanal_house_for_sale_in_e-11_islamabad-53314086-3238-1.html,"E-11/3, E-11",House,PKR16.5 Crore,7,1 Kanal,For Sale,9,5 months ago,"E-11, Islamabad, Islamabad Capital","1 Kanal House for Sale E-11 Islamabad Location: E-11 (Peaceful Close-End Street, Near Main Markaz & Family Park) Plot Size: 5090 (1 Kanal) Structure: Triple Storey (Basement + Ground + Upper) Property Highlights: * 10 Spacious Bedrooms each with attached modern bathrooms * 3 Elegant Drawing & Dining Rooms one on each portion * 3 Fully Equipped Stylish Kitchens with premium fittings * Beautiful Terrace offering stunning Margalla Hills views * Fully Maintained Rooftop with built-in barbecue setup * Ample Car Parking for 34 vehicles * Landscaped Front Garden adding elegance and serenity Additional Features: * Separate water tanks, electricity, and gas meters for each portion * 2 Servant Rooms with independent access * Security Cameras Installed throughout the property * Water Bore & Supply Line available * 24/7 Society Security ensures peace of mind * Walking distance to Masjid, Family Park, and Main Markaz Ideal for large families or investors seeking a luxurious, secure, and convenient lifestyle in Islamabads prime sector.","Built in year: 2022, Parking Spaces: 4, Double Glazed Windows, Central Air Conditioning, Central Heating, Flooring, Electricity Backup, Waste Disposal, Floors: 3, Other Main Features, Furnished","Bedrooms: 9, Bathrooms: 10, Servant Quarters: 2, Drawing Room, Dining Room, Kitchens: 3, Study Room, Prayer Room, Powder Room, Gym, Store Rooms: 2, Steam Room, Lounge or Sitting Room, Laundry Room, Other Rooms","Broadband Internet Access, Satellite or Cable TV Ready, Intercom, Other Business and Communication Facilities","Community Lawn or Garden, Community Swimming Pool, Community Gym, First Aid or Medical Centre, Day Care Centre, Kids Play Area, Barbeque Area, Mosque, Community Centre, Other Community Facilities","Lawn or Garden, Swimming Pool, Sauna, Jacuzzi, Other Healthcare and Recreation Facilities","Nearby Schools, Nearby Hospitals, Nearby Shopping Malls, Nearby Restaurants, Distance From Airport (kms), Nearby Public Transport Service, Other Nearby Places","Maintenance Staff, Security Staff, Other Facilities",,,
https://www.zameen.com/Property/g_15_g-15_1_600_square_yards_house_in_g-15_1_is_best_option-53132531-3348-1.html,"G-15/1, G-15",House,PKR7.5 Crore,-,1.2 Kanal,For Sale,-,3 months ago,"G-15, Islamabad, Islamabad Capital","House No : 00 Street no : 04 House for Sale JKCHS G-15/1 600 Sq. Yds | Solid Construction | Double Story 7 Spacious Bedrooms + Mumty Ready to Move Prime Location Peaceful & Secure Very Reasonable Price Demand: Rs. 7,50,00,000/-","Flooring, Electricity Backup, Waste Disposal, Furnished","Bedrooms: 2, Bathrooms: 2, Drawing Room, Dining Room, Kitchens: 1, Study Room, Prayer Room, Powder Room, Store Rooms: 1, Lounge or Sitting Room, Laundry Room","Broadband Internet Access, Satellite or Cable TV Ready, Other Business and Communication Facilities","Mosque, Other Community Facilities",Other Healthcare and Recreation Facilities,"Nearby Schools, Nearby Hospitals, Nearby Shopping Malls, Nearby Restaurants, Distance From Airport (kms), Nearby Public Transport Service, Other Nearby Places","Maintenance Staff, Security Staff, Other Facilities",,,
https://www.zameen.com/Property/g_15_g-15_4_g-15_4_house_sized_200_square_yards_for_sale-53132532-3351-1.html,"G-15/4, G-15",House,PKR4 Crore,7,8 Marla,For Sale,5,4 days ago,"G-15, Islamabad, Islamabad Capital","House No : 00 Street no : 12 Property Highlights: 4 Bedrooms with attached baths 2 Drawing Rooms (attached baths) 2 TV Lounges, 1 Dining Room 2 Kitchens, Mumty with Bath 2 Electricity Meters (incl. 1 green meter) Solar System: 15kW inverter, 12 panels Water Supply + Rooftop Storage Tank 2-Car Parking Space","Flooring, Electricity Backup, Waste Disposal, Furnished","Drawing Room, Dining Room, Study Room, Prayer Room, Powder Room","Broadband Internet Access, Satellite or Cable TV Ready, Other Business and Communication Facilities","Mosque, Other Community Facilities",Other Healthcare and Recreation Facilities,"Nearby Schools, Nearby Hospitals, Nearby Shopping Malls, Nearby Restaurants, Distance From Airport (kms), Nearby Public Transport Service, Other Nearby Places","Maintenance Staff, Security Staff, Other Facilities",,,
https://www.zameen.com/Property/g_15_g-15_2_corner_house_for_sale_rs_46000000_--53132535-3349-1.html,"G-15/2, G-15",House,PKR4.4 Crore,6,9.8 Marla,For Sale,5,2 months ago,"G-15, Islamabad, Islamabad Capital",House for Sale G-15/2 JKCHS Property Details: Double Storey Corner House 5 Bedrooms with attached washrooms 2 TV Lounges 2 Drawing Rooms 1 Study Room Servant Quarter with attached washroom 1 Electric Meter 1 Gas Meter Water Bore Working Shakrial & Co G-15,"Built in year: 2020, Parking Spaces: 2, Double Glazed Windows, Central Air Conditioning, Central Heating, Flooring, Electricity Backup, Waste Disposal, Other Main Features, Furnished","Bedrooms: 4, Bathrooms: 5, Servant Quarters: 1, Drawing Room, Dining Room, Kitchens: 1, Study Room, Prayer Room, Powder Room, Store Rooms: 1, Other Rooms","Broadband Internet Access, Satellite or Cable TV Ready, Intercom, Other Business and Communication Facilities","Community Lawn or Garden, Community Swimming Pool, Community Gym, First Aid or Medical Centre, Day Care Centre, Kids Play Area, Barbeque Area, Mosque, Community Centre, Other Community Facilities","Lawn or Garden, Sauna, Jacuzzi, Other Healthcare and Recreation Facilities","Nearby Schools, Nearby Hospitals, Nearby Shopping Malls, Nearby Restaurants, Distance From Airport (kms), Nearby Public Transport Service, Other Nearby Places","Maintenance Staff, Security Staff, Facilities for Disabled, Other Facilities",,,
https://www.zameen.com/Property/soan_garden_soan_garden_-_block_h_10_marla_double_unit_house_for_sale-53124087-3498-1.html,"Soan Garden - Block H, Soan Garden",House,PKR3.6 Crore,6,10 Marla,For Sale,6,3 months ago,"Soan Garden, Islamabad, Islamabad Capital",Brand new 10 marla double unit house 6 bed rooms 6 bathrooms 2 kitchens 1 servant 2 Drawing rooms Tile flooring Modern construction Walking distance from capital express way Also have many other options in different price range,"Built in year: 2025, Parking Spaces, Double Glazed Windows, Central Air Conditioning, Central Heating, Flooring, Electricity Backup, Waste Disposal, Floors: 2, Other Main Features, Furnished","Bedrooms: 6, Bathrooms: 6, Servant Quarters: 1, Drawing Room, Dining Room, Kitchens: 2, Study Room, Prayer Room, Powder Room, Gym, Store Rooms: 1, Steam Room, Lounge or Sitting Room, Laundry Room, Other Rooms","Broadband Internet Access, Satellite or Cable TV Ready, Intercom, Other Business and Communication Facilities","Community Lawn or Garden, Community Swimming Pool, Community Gym, First Aid or Medical Centre, Day Care Centre, Kids Play Area, Barbeque Area, Mosque, Community Centre, Other Community Facilities","Lawn or Garden, Swimming Pool, Sauna, Jacuzzi, Other Healthcare and Recreation Facilities","Nearby Schools, Nearby Hospitals, Nearby Shopping Malls, Nearby Restaurants, Distance From Airport (kms), Nearby Public Transport Service, Other Nearby Places","Maintenance Staff, Security Staff, Facilities for Disabled, Other Facilities",,,
https://www.zameen.com/Property/dha_valley_oleander_sector_oleander_sector_-_block_b_5_marla_home_for_sale-51979079-16477-1.html,"Oleander Sector - Block B, DHA Valley - Oleander Sector",House,PKR65 Lakh,2,5 Marla,For Sale,2,2 days ago,"DHA Defence, Islamabad, Islamabad Capital",2 Bedroom 2 Washroom Tv Lounge Kitchen Laundry Car Parking,"Built in year: 2024, Parking Spaces: 3, Double Glazed Windows, Central Air Conditioning, Central Heating, Flooring, Electricity Backup, Waste Disposal, Floors: 2, Other Main Features, Furnished","Bedrooms: 5, Bathrooms: 6, Servant Quarters: 2, Drawing Room, Dining Room, Kitchens: 2, Study Room, Prayer Room, Powder Room, Gym, Store Rooms: 2, Steam Room, Lounge or Sitting Room, Laundry Room, Other Rooms","Broadband Internet Access, Satellite or Cable TV Ready, Intercom, Other Business and Communication Facilities","Community Lawn or Garden, Community Swimming Pool, Community Gym, First Aid or Medical Centre, Day Care Centre, Kids Play Area, Barbeque Area, Mosque, Community Centre, Other Community Facilities","Lawn or Garden, Swimming Pool, Sauna, Jacuzzi, Other Healthcare and Recreation Facilities","Nearby Schools, Nearby Hospitals, Nearby Shopping Malls, Nearby Restaurants, Distance From Airport (kms), Nearby Public Transport Service, Other Nearby Places","Security Staff, Other Facilities",,,
https://www.zameen.com/Property/g_8_g-8_2_5_marla_cornor_house_for_sale_in_g-8_2_islamabad-53347713-3377-1.html,"G-8/2, G-8",House,PKR5.45 Crore,4,5 Marla,For Sale,5,5 months ago,"G-8, Islamabad, Islamabad Capital",it's 25x50 house Cornor near to main boulevard and park and and blue area and shopping mall Pims hospital is near by old construction with new renovations owner own house,,"Bedrooms: 5, Bathrooms: 4, Servant Quarters: 1, Drawing Room, Dining Room, Kitchens: 2, Study Room, Prayer Room, Powder Room, Gym, Store Rooms: 1, Steam Room, Lounge or Sitting Room, Laundry Room","Broadband Internet Access, Satellite or Cable TV Ready, Intercom","Community Lawn or Garden, Community Gym, Kids Play Area, Mosque",,"Nearby Schools, Nearby Hospitals, Nearby Shopping Malls, Nearby Restaurants, Nearby Public Transport Service",,,,
https://www.zameen.com/Property/gulberg_greens_gulberg_arena_mall_areena_mall_one_bed_apartment_available_for_sale-53117926-19297-1.html,"Gulberg Arena Mall, Gulberg Greens",Flat,PKR1.43 Crore,1,4.7 Marla,For Sale,1,3 weeks ago,"Gulberg, Islamabad, Islamabad Capital",Areena Mall One Bed Furnished Or Non-Furnished Apartment Available For Sale 6 Options Available My Own Apartments 700 Sqft To 1024 Sqft 6 Options In Different Floors,"Built in year: 2023, Parking Spaces: 2, Lobby in Building, Double Glazed Windows, Central Air Conditioning, Central Heating, Flooring, Electricity Backup, Waste Disposal, Floor, Floors in Building: 9, Elevators: 8, Service Elevators in Building, Other Main Features, Furnished","Bedrooms: 1, Bathrooms: 1, Servant Quarters: 1, Drawing Room, Dining Room, Kitchens: 1, Study Room, Prayer Room, Powder Room, Gym, Store Rooms: 1, Steam Room, Lounge or Sitting Room, Laundry Room, Other Rooms","Broadband Internet Access, Satellite or Cable TV Ready, Business Center or Media Room in Building, Conference Room in Building, Intercom, ATM Machines, Other Business and Communication Facilities","Community Lawn or Garden, Community Swimming Pool, Community Gym, First Aid or Medical Centre, Day Care Centre, Kids Play Area, Barbeque Area, Mosque, Community Centre, Other Community Facilities","Sauna, Jacuzzi, Other Healthcare and Recreation Facilities","Nearby Schools, Nearby Hospitals, Nearby Shopping Malls, Nearby Restaurants, Distance From Airport (kms), Nearby Public Transport Service, Other Nearby Places","Maintenance Staff, Security Staff, Laundry or Dry Cleaning Facility, Communal/Shared Kitchen, Facilities for Disabled, Pets Allowed, Other Facilities",,,
https://www.zameen.com/Property/e_11_e-11_4_triple_storey_corner_house_at_prime_location_in_e_11_4_for_sale-53182815-3241-1.html,"E-11/4, E-11",House,PKR4.75 Crore,6,6 Marla,For Sale,6,4 months ago,"E-11, Islamabad, Islamabad Capital","Triple-Storey Corner House for Sale In E-11, Islamabad** Size : 25 60 Dead-End Street (Last House) Top most Location Peaceful Neighborhood with Easy Access **Ground Floor** * 2 Bedrooms with Attached Baths * Spacious Lounge connected to Open Kitchen * Dining Area with Powder Room * Front Garage + Side Gate (Back Gali small car access) **Basement** * 2 Bedrooms with Large Attached Baths * Kitchen * Large Lounge/Dining Area * Two Storage Spaces (by Kitchen & Staircase) * Back Gali for Laundry + Separate Entrance for Basement **First Floor** * 2 Bedrooms with Attached Baths * Kitchen * Lounge/Dining Area * Separate Drawing Room (or optional 3rd Bedroom) with Attached Powder Room * Front, Side & Back Balconies * Internal Staircase to Mumti & Rooftop **Mumti & Rooftop** * Access via Internal Stairs & External Spiral Staircase from Back Gali Demend: 4.80 Crore Professional Real Estate Consultancy Services by Falcon Real Estate""* Falcon Real Estate having it's Office at D-12 Markaz is a highly professional setup with it's **CEO Air Cdre Syed Abdullah (R)** Having decade old experience to it's Credit, we are providing professional Consultancy Services to the Clients in the Field of Real Estate. By ensuring Fair Deals only, a large number of Clients have benefited from our Services by Selling / buying Plots, Houses, Apartment, shops etc. "" *We believe that best marketing is done by the existing Clients"". * We look forward to build up mutually beneficial relationship. Pls feel free to contact us at the time of ur convenience.","Built in year: 2025, Parking Spaces: 1, Double Glazed Windows, Central Air Conditioning, Central Heating, Flooring, Electricity Backup, Waste Disposal, Floors: 3, Other Main Features, Furnished","Bedrooms: 6, Bathrooms: 6, Servant Quarters: 1, Drawing Room, Dining Room, Kitchens: 3, Study Room, Prayer Room, Powder Room, Gym, Store Rooms: 1, Steam Room, Lounge or Sitting Room, Laundry Room, Other Rooms","Broadband Internet Access, Satellite or Cable TV Ready, Intercom, Other Business and Communication Facilities","Community Lawn or Garden, Community Swimming Pool, Community Gym, First Aid or Medical Centre, Day Care Centre, Kids Play Area, Barbeque Area, Mosque, Community Centre, Other Community Facilities","Lawn or Garden, Swimming Pool, Sauna, Jacuzzi, Other Healthcare and Recreation Facilities","Nearby Schools, Nearby Hospitals, Nearby Shopping Malls, Nearby Restaurants, Distance From Airport (kms), Nearby Public Transport Service, Other Nearby Places","Maintenance Staff, Security Staff, Facilities for Disabled, Other Facilities",,,
https://www.zameen.com/Property/faisal_town_phase_1_faisal_town_phase_1_-_block_b_2_bed_apartment_available_for_sale_in_faisal_town_f-18_islamabad-53225747-16417-1.html,"Faisal Town Phase 1 - Block B, Faisal Town Phase 1",Flat,PKR80 Lakh,2,4 Marla,For Sale,2,3 months ago,"Faisal Town - F-18, Islamabad, Islamabad Capital","2 Bed Apartment Available For Sale. In Faisal Town F-18 Islamabad. Apartment Size 870 Sq Ft. 2 Bedrooms. 2 Baths. TV Lounge. Kitchen. Double Road Facing. Rental Value Rs 40,000. furnished rent value 60 to 70 Close to Gate 2. Near to Park. Near to Masjid. Near to Markaz. Car Parking Space. Water Available Water Bore. Investor Rate Ideal Location. Reasonable Price. Faisal Town F-18 is a Good Society for Residence. Because Neat and Clean. 24 Hours Security. All Basic and Necessary Facilities Available. Interested People Can Contact Easily.","Built in year: 2024, Parking Spaces: 1, Lobby in Building, Double Glazed Windows, Central Air Conditioning, Central Heating, Flooring, Electricity Backup, Waste Disposal, Floor: 4, Floors in Building: 5, Elevators: 1, Service Elevators in Building, Furnished","Bedrooms: 2, Bathrooms: 2, Drawing Room, Dining Room, Kitchens: 1, Prayer Room, Powder Room, Steam Room, Lounge or Sitting Room, Laundry Room, Other Rooms","Broadband Internet Access, Satellite or Cable TV Ready, Business Center or Media Room in Building, Conference Room in Building, Intercom, ATM Machines","Community Lawn or Garden, Community Swimming Pool, Community Gym, First Aid or Medical Centre, Day Care Centre, Kids Play Area, Barbeque Area, Mosque, Community Centre",Other Healthcare and Recreation Facilities,"Nearby Schools, Nearby Hospitals, Nearby Shopping Malls, Nearby Restaurants, Distance From Airport (kms), Nearby Public Transport Service, Other Nearby Places","Maintenance Staff, Security Staff, Other Facilities",,,
https://www.zameen.com/Property/b_17_faisal_margalla_city_2_bed_apartment_of_valencia_heights_fmc_for_sale-53167466-13424-1.html,"Faisal Margalla City, B-17",Flat,PKR51 Lakh,2,3.6 Marla,For Sale,2,3 months ago,"B-17, Islamabad, Islamabad Capital",Selling on a reason able price Valencia heights is located in Faisal Margalla City Top location on main boulevard 2 bed apartment square feet 820 Apartments is located at 8 floor with too view Total floors of this building is 16 floors Want to sell urgently fast face development is going on.,"Built in year: 2025, Parking Spaces, Lobby in Building, Double Glazed Windows, Central Air Conditioning, Central Heating, Flooring, Electricity Backup, Waste Disposal, Floor: 8, Floors in Building: 16, Elevators, Service Elevators in Building, Other Main Features","Bedrooms: 2, Bathrooms: 2, Servant Quarters: 1, Drawing Room, Dining Room, Kitchens: 1, Study Room, Prayer Room, Lounge or Sitting Room, Laundry Room, Other Rooms","Broadband Internet Access, Satellite or Cable TV Ready, Business Center or Media Room in Building, ATM Machines","Community Swimming Pool, Community Gym, First Aid or Medical Centre, Day Care Centre, Kids Play Area, Barbeque Area, Mosque",,"Nearby Schools, Nearby Hospitals, Nearby Shopping Malls, Nearby Restaurants, Distance From Airport (kms), Nearby Public Transport Service, Other Nearby Places","Maintenance Staff, Security Staff, Laundry or Dry Cleaning Facility, Communal/Shared Kitchen, Facilities for Disabled, Other Facilities",,,
https://www.zameen.com/Property/d_12_d-12_2_d-12_4080_3_storey_house_for_sale-52883833-3155-1.html,"D-12/2, D-12",House,PKR12.25 Crore,7,14.2 Marla,For Sale,8,2 days ago,"D-12, Islamabad, Islamabad Capital","D-12/2 4080 New House Beautiful location Owner Built 8 bed Attached bath 3 kitchen 3 tv lounge 2 D/D S/Q Store Car Parking gas electricity Available More Details Contact ASR Marketing Located ideally on the D-12/2, you know this property will always be high in demand. With the rapid fluctuations in real estate market, the opportunity to book your home at a price of PKR Rs. 130000000 is a good idea. This 356 Square Yards sized property best fits the description you plugged in. Nothing is better than scoring the ultimate property deal. And this Islamabad happens to have the best ones. Buying this property is bound to make you reasonable profits. The House is constructed with modern furnishings so you can enjoy living in comfort and style. Some of the prominent features of this property are as follows. On-duty security services ensure the building stays well-protected. A central air-conditioning system is very beneficial in summers and with the House you can enjoy its benefits. A prayer room in the House is a great addition as a dedicated room for religious activity. You can rely on round-the-clock waste disposal team to keep society neat and tidy. Double-glazed windows in your House can help reduce energy costs. Stay cozy in your home due to the central heating system. If these do not completely convince, you can just contact us and we will put all your concerns to rest.","Built in year: 2022, Parking Spaces: 3, Double Glazed Windows, Central Air Conditioning, Central Heating, Flooring, Electricity Backup, Waste Disposal, Floors: 3, Other Main Features, Furnished","Bedrooms: 4, Bathrooms: 5, Servant Quarters, Drawing Room, Dining Room, Kitchens: 1, Study Room, Prayer Room, Powder Room, Gym, Store Rooms: 1, Steam Room, Lounge or Sitting Room, Laundry Room, Other Rooms","Broadband Internet Access, Satellite or Cable TV Ready, Intercom, Other Business and Communication Facilities","Community Lawn or Garden, Community Swimming Pool, Community Gym, First Aid or Medical Centre, Day Care Centre, Kids Play Area, Barbeque Area, Mosque, Community Centre, Other Community Facilities","Lawn or Garden, Swimming Pool, Sauna, Jacuzzi, Other Healthcare and Recreation Facilities","Nearby Schools, Nearby Hospitals, Nearby Shopping Malls, Nearby Restaurants, Distance From Airport (kms), Nearby Public Transport Service, Other Nearby Places","Maintenance Staff, Security Staff, Facilities for Disabled, Other Facilities",,,
