Scraped_URL,Type,Price,Bath(s),Area,Purpose,Bedroom(s),Added,Location,Description,Amenities: Main Features,Amenities: Rooms,Amenities: Business and Communication,Amenities: Community Features,Amenities: Healthcare Recreational,Amenities: Nearby Locations and Other Facilities,Amenities: Other Facilities,Initial Amount,Monthly Installment,Remaining Installments
https://www.zameen.com/Property/islamabad_river_garden_elegant_8_marla_american_style_house_for_sale_in_river_garden_islamabad-53202085-1457-1.html,House,PKR4.3 Crore,6,7.5 Marla,For Sale,5,5 days ago,"River Garden, Islamabad, Islamabad Capital","FOR SALE: A DREAM HOME IN RIVER GARDEN, ISLAMABAD 7.5 Marla Brand-New Corner House | CDA Completion | Zero Electricity Bill | Premium Finishing The Best House Ever Built in River Garden A Rare Opportunity! Step into luxury with this brand-new, professionally built 7.5 Marla corner housecrafted with precision, quality, and elegance. Located in the prime locality of River Garden, Islamabad, this home is perfect for those who seek comfort, sustainability, and peace of mind. PROPERTY HIGHLIGHTS: CDA Completion Certificate Approved Legal & Secure Investment 5 Bedrooms | 7 Bathrooms 2 Drawing Rooms with attached baths 2 American-style spacious Kitchens 2 Living Rooms + Study / Ironing Room 2 Laundry Areas Spacious Porch Fits 2 Cars MODERN AMENITIES & INSTALLATIONS: 7.1kW Solar System with 15kVA Inverter + Green Meter Zero Electricity Bill 24/7 CCTV Surveillance System installed High-Speed Wi-Fi installed Built using Top-Quality Materials and premium finishes Constructed by a Professional Engineer ensuring Safety, Strength & Durability Location: Prime Sector, River Garden Islamabad Status: Brand-New & Move-In Ready Ownership: CDA Approved | Documentation 100% Clear Grab the Keys to Your Dream Home Today! Call Now to Schedule a Visit Luxury, Security & Sustainability Await You!","Built in year: 2025, Parking Spaces: 2, Double Glazed Windows, Central Air Conditioning, Central Heating, Flooring, Electricity Backup, Waste Disposal, Floors: 3, Other Main Features","Bedrooms: 5, Bathrooms: 6, Servant Quarters: 1, Drawing Room, Dining Room, Kitchens: 2, Study Room, Prayer Room, Powder Room, Gym, Store Rooms: 1, Steam Room, Lounge or Sitting Room, Laundry Room, Other Rooms","Broadband Internet Access, Satellite or Cable TV Ready, Intercom, Other Business and Communication Facilities","Community Lawn or Garden, Community Swimming Pool, Community Gym, First Aid or Medical Centre, Day Care Centre, Kids Play Area, Barbeque Area, Mosque, Community Centre, Other Community Facilities","Lawn or Garden, Swimming Pool, Sauna, Jacuzzi, Other Healthcare and Recreation Facilities","Nearby Schools, Nearby Hospitals, Nearby Shopping Malls, Nearby Restaurants, Distance From Airport (kms), Nearby Public Transport Service, Other Nearby Places","Maintenance Staff, Security Staff, Facilities for Disabled, Other Facilities",,,
https://www.zameen.com/Property/b_17_faisal_margalla_city_30x60_luxury_house_for_sale_in_faisal_margalla_city_b-17_islamabad-53335764-13424-1.html,House,PKR3.6 Crore,6,8 Marla,For Sale,5,6 days ago,"B-17, Islamabad, Islamabad Capital","For Sale: Luxury 8 Marla Double Unit House Faisal Margalla City, Islamabad (B-17, A Block) Location: Prime location in A Block, Faisal Margalla City, B-17, Islamabad Property Details: Elegant Double Unit / Double Storey Luxury House 5 Spacious Bedrooms with attached bathrooms 2 Modern Kitchens (open & closed style) 6 Stylish Bathrooms with imported fittings 2 Car Porch Spaces Separate Servant Quarter with attached bath Beautiful elevation and well-designed interior walking distance from Park Masque main commercial market School Main Double Road All facilities Features: Solid construction with premium materials Wide drawing, dining, and TV lounges Imported fittings and marble/tile flooring Excellent ventilation and natural light Peaceful and secure neighborhood Price: Reasonable / As per market rate Contact: For further details or to schedule a visit","Built in year: 2025, Parking Spaces: 2, Double Glazed Windows, Central Air Conditioning, Central Heating, Flooring, Electricity Backup, Waste Disposal, Floors: 2, Other Main Features, Furnished","Bedrooms: 5, Bathrooms: 6, Servant Quarters: 2, Drawing Room, Dining Room, Kitchens: 2, Study Room, Prayer Room, Powder Room, Gym, Store Rooms: 1, Steam Room, Lounge or Sitting Room, Laundry Room, Other Rooms","Broadband Internet Access, Satellite or Cable TV Ready, Intercom, Other Business and Communication Facilities","Community Lawn or Garden, Community Swimming Pool, Community Gym, First Aid or Medical Centre, Day Care Centre, Kids Play Area, Barbeque Area, Mosque, Community Centre, Other Community Facilities","Lawn or Garden, Swimming Pool, Sauna, Jacuzzi, Other Healthcare and Recreation Facilities","Nearby Schools, Nearby Hospitals, Nearby Shopping Malls, Nearby Restaurants, Distance From Airport (kms), Nearby Public Transport Service, Other Nearby Places","Maintenance Staff, Security Staff, Facilities for Disabled, Other Facilities",,,
https://www.zameen.com/Property/bahria_enclave_bahria_enclave_-_sector_b1_sector_b_5_6_marla_designer_house_for_sale-53301057-11972-1.html,House,PKR3.1 Crore,3,5.6 Marla,For Sale,3,1 month ago,"Bahria Town, Islamabad, Islamabad Capital","Bahria Enclave Islamabad 5.6 Marla Designer House Elegant Designer House for Sale in Bahria Enclave, Islamabad Experience unparalleled luxury in this 5.6 marla designer home, perfectly situated in the heart of Bahria Enclave. With a generous 30-foot frontage and a 29-foot depth, this home features a grand double-heighted living area adorned with a stunning chandelier and ample natural light from beautiful skylights. The modern kitchen comes with imported fittings, ensuring both style and functionality. The bathrooms are elegantly designed, featuring premium brands like Faisal and Porta, and the stairs are enhanced with tempered glass for a contemporary touch. This home includes three well-appointed bedrooms, each with its own attached bathroom. The property also offers a single TV lounge and inverter fans for optimal comfort. Located on the main boulevard, the house is south-facing, allowing for ample sunlight throughout the day. Its conveniently close to the main gate, mosque, and a school in Sector B, as well as nearby parks and the zoo, making it an ideal living location. Priced at 3 crore 10 lakh PKR, this home perfectly blends modern elegance and convenience. Feel free to let me know if theres anything else youd like","Built in year: 2025, Parking Spaces: 1, Double Glazed Windows, Flooring, Electricity Backup, Waste Disposal, Floors: 2","Bedrooms: 3, Bathrooms: 3, Servant Quarters: 1, Drawing Room, Dining Room, Kitchens: 1, Powder Room, Lounge or Sitting Room, Laundry Room","Broadband Internet Access, Satellite or Cable TV Ready, Other Business and Communication Facilities","Community Lawn or Garden, Community Gym, First Aid or Medical Centre, Day Care Centre, Kids Play Area, Barbeque Area, Mosque, Community Centre",Lawn or Garden,"Nearby Schools, Nearby Hospitals, Nearby Shopping Malls, Nearby Restaurants, Distance From Airport (kms), Nearby Public Transport Service, Other Nearby Places","Maintenance Staff, Security Staff, Facilities for Disabled, Other Facilities",,,
https://www.zameen.com/Property/g_11_g-11_3_2_bed_furnished_apartment_for_sale_g-11_3_pha_islamabad_e-type-53338053-3332-1.html,Flat,PKR1.5 Crore,2,3.3 Marla,For Sale,2,5 days ago,"G-11, Islamabad, Islamabad Capital","2 Bed Furnished Apartment for Sale G-11/3, PHA Islamabad (E-Type) Location: Prime area of G-11/3, Islamabad Floor: 1st Floor Size: 750 Sq. Ft. Bedrooms: 2 with attached baths TV Lounge Open kitchen Fully Furnished & Ready to Move Peaceful Environment All Basic Facilities Available (Gas, Water, Electricity) almost final: 1 caror 50 lack For details&visit:",Flooring,"Bedrooms: 2, Bathrooms: 2, Drawing Room, Dining Room, Kitchens: 1, Lounge or Sitting Room, Laundry Room","Broadband Internet Access, Satellite or Cable TV Ready, Business Center or Media Room in Building, Conference Room in Building, Intercom, ATM Machines, Other Business and Communication Facilities","Community Lawn or Garden, Community Swimming Pool, Community Gym, First Aid or Medical Centre, Day Care Centre, Kids Play Area, Barbeque Area, Mosque, Community Centre, Other Community Facilities",Other Healthcare and Recreation Facilities,"Nearby Schools, Nearby Hospitals, Nearby Shopping Malls, Nearby Restaurants, Distance From Airport (kms), Nearby Public Transport Service, Other Nearby Places",Security Staff,,,
https://www.zameen.com/Property/islamabad_f-7_livable_standard_size_kanal_livable_house_is_for_sale-53127154-165-1.html,House,PKR29 Crore,6,1 Kanal,For Sale,5,1 week ago,"F-7, Islamabad, Islamabad Capital","Attached Images are for reference. Chohan HAY Estate Offers: - Good Livable house with potential - Standard Size - 500 SQYD - 50x90 - Priced for investors - Located in a prime area - Situated on a very peaceful and secure Street - Surrounded by greenery - Perfect time to invest in the real estate market - Don't miss out, seize this opportunity now! For more details and additional options, please contact us at the provided numbers or visit Chohan HAY Estate.","Parking Spaces, Other Main Features","Bedrooms: 5, Bathrooms: 6, Servant Quarters, Drawing Room, Dining Room, Kitchens, Lounge or Sitting Room","Broadband Internet Access, Satellite or Cable TV Ready, Intercom",,"Lawn or Garden, Swimming Pool","Nearby Schools, Nearby Hospitals, Nearby Shopping Malls, Nearby Restaurants, Distance From Airport (kms), Nearby Public Transport Service, Other Nearby Places","Maintenance Staff, Security Staff, Other Facilities",,,
https://www.zameen.com/Property/islamabad_new_blue_area_own_your_luxury_2_bed_apartment_on_the_most_lucrative_location_of_islamabad_with_just_10_of_down_payment_and_avail_5_year_easy_and_avail_flexible_installment_plan-53232359-16810-1.html,Flat,PKR4.5 Crore,2,4.4 Marla,For Sale,2,2 days ago,"New Blue Area, Islamabad, Islamabad Capital","Own Your Luxury Apartment on The Most Lucrative Location of Islamabad Discover Imarat Residences a premium 2-bed apartment project offering 100+ world-class amenities in the most prime location of Islamabad. 2530% annual appreciation Only 10% down payment Flexible 5-year payment plan Size: 1700 Sqft More Options of Studio 1,2,3 Bed Are Available Starting From 10 Million to 40Milliion","Parking Spaces, Lobby in Building, Double Glazed Windows, Central Air Conditioning, Central Heating, Flooring, Electricity Backup, Waste Disposal, Elevators, Service Elevators in Building, Other Main Features, Furnished","Bedrooms: 2, Bathrooms: 2, Drawing Room, Dining Room, Kitchens: 1, Study Room, Powder Room, Store Rooms: 1, Lounge or Sitting Room, Laundry Room, Other Rooms","Broadband Internet Access, Satellite or Cable TV Ready, Business Center or Media Room in Building, Conference Room in Building, Intercom, ATM Machines, Other Business and Communication Facilities","Community Lawn or Garden, Community Swimming Pool, Community Gym, First Aid or Medical Centre, Day Care Centre, Kids Play Area, Barbeque Area, Mosque, Community Centre, Other Community Facilities","Jacuzzi, Other Healthcare and Recreation Facilities","Nearby Schools, Nearby Hospitals, Nearby Shopping Malls, Nearby Restaurants, Nearby Public Transport Service, Other Nearby Places",,PKR45 Lakh,PKR6.75 Lakh,60 Months
https://www.zameen.com/Property/faisal_hills_faisal_hills_-_block_a_5_marla_brand_new_double_unit_house_for_sale_faisal_hills_a_block-53327248-12655-1.html,House,PKR2.3 Crore,4,5 Marla,For Sale,4,6 days ago,"Faisal Hills, Islamabad, Islamabad Capital","5 Marla Brand New Double Unit House for Sale Faisal Hills A Block A beautifully designed modern home offering comfort, elegance, and style in one of the most prime locations of Faisal Hills. 4 Spacious Bedrooms 5 Modern Washrooms 2 TV Lounges Drawing Room All Facilities Available (Gas, Water, Electricity) Demand: Rs. 2 Crore 30 Lakh Location: A Block, Faisal Hills Elaaf Properties & Builders Premium Real Estate & Construction Solutions Contact fordetails&visit",,,"Broadband Internet Access, Satellite or Cable TV Ready, Intercom, Other Business and Communication Facilities","Community Lawn or Garden, Community Swimming Pool, Community Gym, First Aid or Medical Centre, Day Care Centre, Kids Play Area, Barbeque Area, Mosque, Community Centre, Other Community Facilities","Lawn or Garden, Swimming Pool, Sauna, Jacuzzi, Other Healthcare and Recreation Facilities","Nearby Schools, Nearby Hospitals, Nearby Shopping Malls, Nearby Restaurants, Distance From Airport (kms), Nearby Public Transport Service, Other Nearby Places","Security Staff, Other Facilities",,,
https://www.zameen.com/Property/mpchs_multi_gardens_mpchs_-_block_d_8_marla_house_for_sale_in_d_block_b-17-53133195-3119-1.html,House,PKR3.4 Crore,6,8 Marla,For Sale,6,2 weeks ago,"B-17, Islamabad, Islamabad Capital","In MULTI GARDENs B-17,Block D,8 Marla BRAND NEW, A modern, stylish home with double living convenience! Modern layout & quality construction Design House with Double Units & Double Story, Spacious 2+3+1 Bedrooms & Elegant Interiors Stylish 2 Kitchens & Luxury Bathrooms Ideal for Family Living or Rental Income,2 Car's Parking. Prime location of B-17 with easy access to main roads Near to MASJID,Park, School & Commercial,","Built in year: 2025, Parking Spaces: 2, Flooring, Floors: 2","Bedrooms: 5, Bathrooms: 6, Servant Quarters: 1, Drawing Room, Dining Room, Kitchens: 2, Study Room, Lounge or Sitting Room, Laundry Room",Satellite or Cable TV Ready,"Community Lawn or Garden, First Aid or Medical Centre, Day Care Centre, Kids Play Area, Mosque, Community Centre",,"Nearby Schools, Nearby Hospitals, Nearby Shopping Malls, Nearby Restaurants, Distance From Airport (kms), Nearby Public Transport Service, Other Nearby Places","Maintenance Staff, Security Staff, Other Facilities",,,
https://www.zameen.com/Property/islamabad_bani_gala_10_marla_designer_house_available_for_sale-53290132-340-1.html,House,PKR4.6 Crore,6,10 Marla,For Sale,4,3 hours ago,"Bani Gala, Islamabad, Islamabad Capital",10 marla Designer house : Double Story House Solid House with A+ Quality material used Master Pipes for PPR & PVC A+ Cement A+ quality Bricks Graded Steel used Tiled Washrooms Designer and Modern House 4 Bed attached bath 2 Guest room attached bath Big Mumty 2 Kitchen Terrace at front and Back Big Garage servant room Architecture | Construction | Interior Design | Construction & Project,"Built in year: 2025, Parking Spaces: 2, Flooring","Bedrooms: 4, Bathrooms: 6, Drawing Room, Dining Room, Kitchens: 2, Powder Room, Store Rooms: 1, Lounge or Sitting Room, Laundry Room","Broadband Internet Access, Satellite or Cable TV Ready","Kids Play Area, Barbeque Area, Mosque",,"Nearby Schools, Nearby Hospitals, Nearby Shopping Malls, Nearby Restaurants, Distance From Airport (kms), Nearby Public Transport Service, Other Nearby Places","Security Staff, Other Facilities",,,
https://www.zameen.com/Property/f_11_1_18_west_residencia_stunning_unfurnished_apartment_for_sale_in_18_west_residencia_f-11_islamabad-50931830-15522-1.html,Flat,PKR4.5 Crore,2,7.8 Marla,For Sale,2,1 week ago,"F-11, Islamabad, Islamabad Capital","Stunning apartment on 1750 square feet it has 2 bedroom plus bathroom, Grand open lounge bright large windows sophisticated and elegant apartment perfect for family living and great investment. Well maintained building 24 security, reserved car parking, power backup in the building. Close to park and schools mins to commercial area. Specializes in buying selling renting finest luxury real estate in Islamabad. Experience most desirable properties We will counsel you on how to invest in a precise way. Which gives you an outstanding return in terms of profit, commercial & residential property, house & apartment in Islamabad. CDA sector G-5, F-6, F-7, F-8, F-10, F-11, E-11, D-12, architecture, design more. Contact us for features Saad Associate Keeping promises is our priority","Built in year: 2020, Parking Spaces: 1, Lobby in Building, Double Glazed Windows, Central Air Conditioning, Central Heating, Flooring, Electricity Backup, Waste Disposal, Floor: 5, Floors in Building: 6, Elevators: 3, Service Elevators in Building, Other Main Features, Furnished","Bedrooms: 2, Bathrooms: 2, Servant Quarters: 2, Drawing Room, Dining Room, Kitchens: 1, Study Room, Prayer Room, Powder Room, Gym, Store Rooms, Steam Room, Lounge or Sitting Room, Laundry Room, Other Rooms","Broadband Internet Access, Satellite or Cable TV Ready, Business Center or Media Room in Building, Conference Room in Building, Intercom, ATM Machines, Other Business and Communication Facilities","Community Lawn or Garden, Community Swimming Pool, Community Gym, First Aid or Medical Centre, Day Care Centre, Kids Play Area, Barbeque Area, Mosque, Community Centre, Other Community Facilities","Sauna, Jacuzzi, Other Healthcare and Recreation Facilities","Nearby Schools, Nearby Hospitals, Nearby Shopping Malls, Nearby Restaurants, Distance From Airport (kms), Nearby Public Transport Service, Other Nearby Places","Maintenance Staff, Security Staff, Laundry or Dry Cleaning Facility, Communal/Shared Kitchen, Facilities for Disabled, Pets Allowed, Other Facilities",,,
https://www.zameen.com/Property/islamabad_blue_area_luxury_1-bed_apartment_for_sale_in_elan_square_blue_area_islamabad-52093903-157-1.html,Flat,PKR4.08 Crore,1,3.8 Marla,For Sale,1,4 weeks ago,"Blue Area, Islamabad, Islamabad Capital","Luxury apartment on 850 square feet, High ceilings and modern windows with great views, Private quiet 1 bedroom plus bathroom, The updated kitchen equipped with stainless fittings and wooden cabinets, Entertaining tv lounge and expensive sitting area, providing peaceful living and a great investment opportunity. Brand new building 24-hour security, reserved car parking and power backup in the building. Close to park and schools located in heart of Islamabad mins to downtown shopping and dining options. Specializes in buying selling renting finest luxury real estate in Islamabad. Experience most desirable properties We will counsel you on how to invest in a precise way. Which gives you an outstanding return in terms of profit, commercial & residential property, house & apartment in Islamabad. CDA sector G-5, F-6, F-7, F-8, F-10, F-11, E-11, D-12, architecture, design more. Contact us for features Saad Associate Keeping promises is our priority","Parking Spaces: 1, Lobby in Building, Double Glazed Windows, Central Air Conditioning, Central Heating, Flooring, Electricity Backup, Waste Disposal, Floors in Building: 6, Elevators: 3, Service Elevators in Building","Bedrooms: 1, Bathrooms: 1, Servant Quarters: 1, Drawing Room, Dining Room, Kitchens: 1, Prayer Room, Store Rooms: 1, Steam Room, Lounge or Sitting Room, Laundry Room","Broadband Internet Access, Satellite or Cable TV Ready, Intercom","Community Lawn or Garden, Community Swimming Pool, Community Gym, First Aid or Medical Centre, Day Care Centre, Kids Play Area, Barbeque Area, Mosque, Community Centre","Sauna, Jacuzzi","Nearby Schools, Nearby Hospitals, Nearby Shopping Malls, Nearby Restaurants, Distance From Airport (kms), Nearby Public Transport Service, Other Nearby Places","Maintenance Staff, Security Staff, Laundry or Dry Cleaning Facility, Facilities for Disabled, Pets Allowed, Other Facilities",,,
https://www.zameen.com/Property/islamabad_f-11_3-bed_apartment_for_sale_in_tariq_heights_f-11_islamabad-48869345-163-1.html,Flat,PKR4.25 Crore,3,11.8 Marla,For Sale,3,4 weeks ago,"F-11, Islamabad, Islamabad Capital","Brilliantly designed 2650square feet apartment situated in Tariq Heights F-11 Islamabad. Elegant interior high ceilings and you will love the bright & open feeling with large windows, well appointed 3-Bedroom plus bathroom, Drawing dining are perfect, Grand open lounge and expensive sitting space, Family style kitchen with wooden cabinets adjoining daily eat-area. Offering the space and privacy you are looking for Tariq Heights well maintained building 24-hour security, power backup and reserved car parking in the building. Close to park and schools, Steps to commercial area shopping and dining options easy access to highway and expressway. Specializes in buying selling renting finest luxury real estate in Islamabad. Experience most desirable properties We will counsel you on how to invest in a precise way. Which gives you an outstanding return in terms of profit, we are providing real estate services, Property consulting commercial & residential property, house & apartment in Islamabad. CDA sector G-5, F-6, F-7, F-8, F-10, F-11, E-11, D-12, architecture, design more. Contact us for features Saad Associate Keeping promises is our priority","Built in year: 2024, Parking Spaces: 1, Lobby in Building, Double Glazed Windows, Central Air Conditioning, Central Heating, Flooring, Electricity Backup, Waste Disposal, Floors in Building: 6, Elevators: 3, Service Elevators in Building, Other Main Features, Furnished","Bedrooms: 3, Bathrooms: 3, Servant Quarters: 2, Drawing Room, Dining Room, Kitchens: 1, Study Room, Prayer Room, Powder Room, Gym, Store Rooms: 2, Steam Room, Lounge or Sitting Room, Laundry Room, Other Rooms","Broadband Internet Access, Satellite or Cable TV Ready, Business Center or Media Room in Building, Conference Room in Building, Intercom, ATM Machines, Other Business and Communication Facilities","Community Lawn or Garden, Community Swimming Pool, Community Gym, First Aid or Medical Centre, Day Care Centre, Kids Play Area, Barbeque Area, Mosque, Community Centre, Other Community Facilities","Sauna, Jacuzzi, Other Healthcare and Recreation Facilities","Nearby Schools, Nearby Hospitals, Nearby Shopping Malls, Nearby Restaurants, Distance From Airport (kms), Nearby Public Transport Service, Other Nearby Places","Maintenance Staff, Security Staff, Laundry or Dry Cleaning Facility, Facilities for Disabled, Pets Allowed, Other Facilities",,,
https://www.zameen.com/Property/blue_area_elysium_mall_stunning_1-bed_apartment_for_sale_in_elysium_mall_islamabad-49750979-10739-1.html,Flat,PKR6.5 Crore,1,4.4 Marla,For Sale,1,4 weeks ago,"Blue Area, Islamabad, Islamabad Capital","Welcome to the most magnificent residence with the grandest scale of any apartment on 925 square feet, Murree facade 1-Bedroom plus ensuite, Entertaining lounge bright large windows with incredible views of city, high ceilings and tiles flooring and spectacular long terrace. There is nothing like it on the market . Elysium Mall 24/7 security/reserved car parking/power backup in the building. Close to park and schools, shopping and dining options just mins away. Offering 54 Million, Incoming rent two lac and fifty thousand per month, Please contact me for further information and to schedule a private visit. Specializes in buying selling renting finest luxury real estate in Islamabad. Experience most desirable properties We will counsel you on how to invest in a precise way. Which gives you an outstanding return in terms of profit, we are providing real estate services, Property consulting commercial & residential property, house & apartment in Islamabad. CDA sector G-5, F-6, F-7, F-8, F-10, F-11, E-11, D-12, architecture, design more. Contact us for features Saad Associate Keeping promises is our priority","Built in year: 2024, Parking Spaces: 1, Lobby in Building, Double Glazed Windows, Central Air Conditioning, Central Heating, Flooring, Electricity Backup, Waste Disposal, Floors in Building: 17, Elevators: 4, Service Elevators in Building, Other Main Features, Furnished","Bedrooms: 1, Bathrooms: 1, Servant Quarters: 1, Drawing Room, Dining Room, Kitchens: 1, Study Room, Prayer Room, Powder Room, Gym, Store Rooms: 1, Steam Room, Lounge or Sitting Room, Laundry Room, Other Rooms","Broadband Internet Access, Satellite or Cable TV Ready, Business Center or Media Room in Building, Conference Room in Building, Intercom, Other Business and Communication Facilities","Community Lawn or Garden, Community Swimming Pool, Community Gym, First Aid or Medical Centre, Day Care Centre, Kids Play Area, Barbeque Area, Mosque, Community Centre, Other Community Facilities","Sauna, Jacuzzi, Other Healthcare and Recreation Facilities","Nearby Schools, Nearby Hospitals, Nearby Shopping Malls, Nearby Restaurants, Distance From Airport (kms), Nearby Public Transport Service, Other Nearby Places","Maintenance Staff, Security Staff, Laundry or Dry Cleaning Facility, Facilities for Disabled, Pets Allowed, Other Facilities",,,
https://www.zameen.com/Property/i_8_i-8_2_in_i-8_2_of_islamabad_a_14_marla_house_is_available-53249919-3442-1.html,House,PKR10.75 Crore,5,14 Marla,For Sale,5,6 days ago,"I-8, Islamabad, Islamabad Capital",House is available for sale 5 beds with attached baths DD TV lounge kitchen store room car parking CDA TRANSFER best option for living near markaz school masjid and community park peaceful environment more options also available Get in touch with us today for more information and direct deal.,"Double Glazed Windows, Central Air Conditioning, Central Heating, Waste Disposal","Drawing Room, Dining Room, Study Room, Prayer Room, Powder Room, Steam Room, Lounge or Sitting Room, Laundry Room","Broadband Internet Access, Satellite or Cable TV Ready, Intercom","Community Lawn or Garden, Community Swimming Pool, Community Gym, First Aid or Medical Centre, Day Care Centre, Kids Play Area, Barbeque Area, Mosque, Community Centre, Other Community Facilities",,,,,,
https://www.zameen.com/Property/i_8_i-8_3_sale_a_house_in_islamabad_prime_location-53249926-3443-1.html,House,PKR16 Crore,6,14 Marla,For Sale,6,1 week ago,"I-8, Islamabad, Islamabad Capital",House is available for sale 6 beds with attached baths DD TV lounge kitchen store room car parking CDA TRANSFER best option for living near markaz school masjid and community park peaceful environment more options also available Get in touch with us today for more information and direct deal.,"Double Glazed Windows, Central Air Conditioning, Central Heating, Waste Disposal","Drawing Room, Dining Room, Study Room, Prayer Room, Powder Room, Steam Room, Lounge or Sitting Room, Laundry Room","Broadband Internet Access, Satellite or Cable TV Ready, Intercom","Community Lawn or Garden, Community Swimming Pool, Community Gym, First Aid or Medical Centre, Day Care Centre, Kids Play Area, Barbeque Area, Mosque, Community Centre, Other Community Facilities",,,,,,
https://www.zameen.com/Property/bahria_enclave_bahria_enclave_-_sector_n_5_marla_designer_house_for_sale_bahria_enclave_islamabad-52823180-11975-1.html,House,PKR2.38 Crore,3,5 Marla,For Sale,3,4 days ago,"Bahria Town, Islamabad, Islamabad Capital",Bahria enclave islamabad Second N 5 marla designer house for sale 3 bedrooms attach washrooms Drawing room Tv lounge Kitchen Servant quarter Near by School parks masjid banks brands and restaurants are available,"Built in year: 2025, Parking Spaces, Double Glazed Windows, Central Air Conditioning, Central Heating, Flooring, Electricity Backup, Waste Disposal, Floors: 2, Other Main Features","Bedrooms: 3, Bathrooms: 3, Servant Quarters: 1, Drawing Room, Dining Room, Kitchens: 1, Study Room, Prayer Room, Powder Room, Store Rooms: 1, Steam Room, Lounge or Sitting Room, Laundry Room, Other Rooms","Broadband Internet Access, Satellite or Cable TV Ready, Intercom, Other Business and Communication Facilities",,,,,,,
https://www.zameen.com/Property/bahria_enclave_bahria_enclave_-_sector_b1_8_marla_modern_design_house_for_sale_sector_b1_bahria_enclave_islamabad-52979211-11972-1.html,House,PKR4.5 Crore,5,8 Marla,For Sale,4,3 weeks ago,"Bahria Town, Islamabad, Islamabad Capital",Bahria enclave islamabad Sector B1 8 marla modern design house for sale 4 bedrooms attach washrooms Drawing room + powder room 2 big tv lounges 1 modern kitchen Servant quarter Store Near by School parks masjid banks brands and restaurants are available,"Built in year: 2025, Parking Spaces, Double Glazed Windows, Central Air Conditioning, Flooring, Electricity Backup, Floors: 2","Bedrooms: 4, Bathrooms: 5, Servant Quarters: 1, Drawing Room, Dining Room, Kitchens: 1, Powder Room, Store Rooms: 1, Steam Room, Lounge or Sitting Room, Laundry Room, Other Rooms","Broadband Internet Access, Satellite or Cable TV Ready, Intercom",,,,,,,
https://www.zameen.com/Property/islamabad_faisal_town_-_f-18_faisal_town_f-18_house_for_sale_double_storey-53156190-8260-1.html,House,PKR4 Crore,6,8 Marla,For Sale,5,3 days ago,"Faisal Town - F-18, Islamabad, Islamabad Capital",Luxury House for Sale faisal town block A . Pakistan cabels used Large size water tank 2 tanks storage space Beaitiful simple and decent tiles Beautiful doors Front full tile work on House 2 car parking space 5bed rooms total 2 drawing rooms 2 tv lounges 2 kitchens 1 servent Quater Best location near to nova school and near to markaz and park House beautiful Designer house Washroom portaa seats Each and every thing is Expencive and brand meterial used,"Built in year: 2025, Parking Spaces: 2, Double Glazed Windows, Central Air Conditioning, Central Heating, Flooring, Electricity Backup, Waste Disposal, Floors: 2, Other Main Features","Bedrooms: 5, Bathrooms: 6, Servant Quarters, Drawing Room, Dining Room, Kitchens: 2, Study Room, Prayer Room, Powder Room, Store Rooms, Lounge or Sitting Room, Other Rooms","Broadband Internet Access, Satellite or Cable TV Ready, Intercom","Community Lawn or Garden, Community Swimming Pool, Community Gym, First Aid or Medical Centre, Day Care Centre, Kids Play Area, Barbeque Area, Mosque, Community Centre","Lawn or Garden, Swimming Pool, Sauna, Jacuzzi","Nearby Schools, Nearby Hospitals, Nearby Shopping Malls, Nearby Restaurants, Distance From Airport (kms), Nearby Public Transport Service, Other Nearby Places","Maintenance Staff, Security Staff, Facilities for Disabled, Other Facilities",,,
https://www.zameen.com/Property/bahria_enclave_bahria_enclave_-_sector_n_05_marla_luxury_spacious_house_available_for_sale_in_bahria_enclave_islamabad-50967497-11975-1.html,House,PKR2.35 Crore,4,5 Marla,For Sale,3,2 weeks ago,"Bahria Town, Islamabad, Islamabad Capital","05 Marla Luxury Spacious House Available For Sale In Bahria Enclave, Islamabad 1-Bed Luxury Spacious Furnished Apartment Available For Rent In Bahria Town Phase 7 Rawalpindi *Key Features: Always 0pen View, Margalla Hills View, Down-Town Lake Walking Distance, Main Blouewolrd Entrance 1- Completion in 2024 2- Dedicated Car Parking 3- amenities 4- All Utilities available 5- Near to Qeutta Resturant 6- Near to Blue Masque Park View 7- Near to School 8- Walking Distance From Park 9- Walking Distance From Main Commercial 10- Walking Distance From Park View City Down Town Lake","Built in year: 2024, Parking Spaces: 2, Double Glazed Windows, Central Air Conditioning, Central Heating, Flooring, Electricity Backup, Waste Disposal, Floors: 2, Other Main Features, Furnished","Bedrooms: 3, Bathrooms: 4, Servant Quarters: 1, Drawing Room, Dining Room, Kitchens: 1, Study Room, Prayer Room, Powder Room, Gym, Store Rooms: 1, Steam Room, Lounge or Sitting Room, Laundry Room, Other Rooms","Broadband Internet Access, Satellite or Cable TV Ready, Intercom, Other Business and Communication Facilities","Community Lawn or Garden, Community Swimming Pool, Community Gym, First Aid or Medical Centre, Day Care Centre, Kids Play Area, Barbeque Area, Mosque, Community Centre, Other Community Facilities","Lawn or Garden, Swimming Pool, Sauna, Jacuzzi, Other Healthcare and Recreation Facilities","Nearby Schools, Nearby Hospitals, Nearby Shopping Malls, Nearby Restaurants, Distance From Airport (kms), Nearby Public Transport Service, Other Nearby Places","Maintenance Staff, Security Staff, Facilities for Disabled, Other Facilities",,,
https://www.zameen.com/Property/bahria_enclave_bahria_enclave_-_sector_n_beautiful_designer_8_marla_double_story_house_for_sale_sector_n_bahria_enclave_islamabad-53349911-11975-1.html,House,PKR3.6 Crore,5,8 Marla,For Sale,5,2 weeks ago,"Bahria Town, Islamabad, Islamabad Capital","Beautiful Designer 8 Marla Double story House For Sale Sector N Bahria Enclave Islamabad. (Accomodation). . . * 5 bedrooms with attached washroom. . . * 2 kitchen. . . * 2 car parking space. . . * Drawing and dawning area. * 1 servant quarter with attached washroom. . Charming 5-Bedroom Family Home in a Quiet Neighborhood. . . . . Welcome to your dream home! This beautifully maintained 5-bedroom, 5-bathroom residence is nestled in a serene and friendly neighborhood, perfect for families or those seeking a peaceful retreat. (Key Features). . . Spacious Living Areas: - Enjoy an open-concept living and dining area filled with natural light, perfect for entertaining or cozy family nights. Modern Kitchen: - The well-appointed kitchen features stainless steel appliances, granite countertops, and ample cabinetry, making it a chefs delight. Comfortable Bedrooms: The master suite includes a private bathroom and generous closet space, while the other two bedrooms are perfect for kids, guests, or a home office. Outdoor Oasis: - Step outside to a beautifully landscaped backyard with a patio, ideal for summer barbecues and relaxation. Convenient Location: Close to schools, parks, shopping, and public transport, this home offers both convenience and tranquility. Additional Highlights. . . - Attached garage with additional storage - Energy-efficient windows - Freshly painted interiors Demand 360 lacs","Built in year: 2025, Parking Spaces: 2, Central Air Conditioning, Central Heating, Waste Disposal, Floors: 2","Bedrooms: 5, Bathrooms: 5, Servant Quarters: 1, Drawing Room, Dining Room, Kitchens: 2, Study Room, Prayer Room, Store Rooms: 1","Broadband Internet Access, Satellite or Cable TV Ready","Community Lawn or Garden, Community Swimming Pool, Community Gym, First Aid or Medical Centre, Day Care Centre, Kids Play Area, Barbeque Area, Mosque, Community Centre",Lawn or Garden,"Nearby Schools, Nearby Hospitals, Nearby Shopping Malls, Nearby Restaurants, Distance From Airport (kms), Nearby Public Transport Service, Other Nearby Places","Maintenance Staff, Security Staff",,,
https://www.zameen.com/Property/bahria_enclave_bahria_enclave_-_sector_n_brand_new_5_marla_house_for_sale_prime_sector_n_bahria_enclave-53334076-11975-1.html,House,PKR2.45 Crore,3,5 Marla,For Sale,3,1 month ago,"Bahria Town, Islamabad, Islamabad Capital","Presenting a stunning brand new 5 Marla house in the most beautiful part of Sector N, Bahria Enclave. This meticulously finished property is ready for immediate possession, offering a perfect blend of modern design and spacious living for a discerning family. Property Features: 3 Spacious Bedrooms: All with attached, modern bathrooms. Expansive Living Areas: Features 2 separate drawing and dining areas along with a TV lounge, providing ample space for both family living and elegant entertainment. Convenient Powder Room: A dedicated guest washroom for visitors. Servant Quarters: Includes a servant room with an attached bathroom. Ample Parking: Designated car parking space. Move-In Ready: A brand-new construction with high-quality finishes throughout. Prime Location: Nestled in the peaceful and sought-after Sector N, you are just moments away from the Bahria Enclave Zoo, Beacon House School, Farooq International Hospital, parks, mosques, shopping malls, and commercial areas. Demand: PKR 2.45 Crore Contact us today to schedule a private viewing and for more details.","Built in year: 2025, Parking Spaces, Double Glazed Windows, Central Air Conditioning, Central Heating, Flooring, Electricity Backup, Waste Disposal, Floors: 2, Other Main Features, Furnished","Bedrooms: 3, Bathrooms: 3, Servant Quarters: 1, Drawing Room, Dining Room, Kitchens: 2, Study Room, Prayer Room, Powder Room, Gym, Store Rooms: 1, Steam Room, Lounge or Sitting Room, Laundry Room, Other Rooms","Broadband Internet Access, Satellite or Cable TV Ready, Intercom, Other Business and Communication Facilities","Community Lawn or Garden, Community Swimming Pool, Community Gym, First Aid or Medical Centre, Day Care Centre, Kids Play Area, Barbeque Area, Mosque, Community Centre, Other Community Facilities","Lawn or Garden, Sauna, Jacuzzi, Other Healthcare and Recreation Facilities","Nearby Schools, Nearby Hospitals, Nearby Shopping Malls, Nearby Restaurants, Distance From Airport (kms), Nearby Public Transport Service, Other Nearby Places","Maintenance Staff, Security Staff, Facilities for Disabled, Other Facilities",,,
https://www.zameen.com/Property/chak_shahzad_chak_shahzad_farms_an_excellent_farm_house_22_kanals_central_location_chakshazad_available_for_sale-53336117-20291-1.html,Farm House,PKR45 Crore,4,22 Kanal,For Sale,4,2 weeks ago,"Chak Shahzad, Islamabad, Islamabad Capital","Details: 1. Size 180 x 660 : 22 kanals. 2. Central location. 3. Heighted plot. 4. Accomldation; It's an old demolishable house of 4 bed rooms, kitchen, lounge. The quality of the house is it's lush green landscape and lush green lawn all around. 5. Single owner. 6. CDA tranafer. 7. possession Available. 8. price 45.","Built in year: 1968, Parking Spaces: 100, Double Glazed Windows, Central Air Conditioning, Central Heating, Flooring, Electricity Backup, Floors: 1, Other Main Features, Furnished","Bedrooms: 4, Bathrooms: 4, Servant Quarters: 1, Drawing Room, Dining Room, Kitchens: 1, Study Room, Prayer Room, Powder Room, Gym, Store Rooms: 1, Steam Room, Lounge or Sitting Room, Laundry Room, Other Rooms","Broadband Internet Access, Satellite or Cable TV Ready, Intercom, Other Business and Communication Facilities","Community Lawn or Garden, Community Swimming Pool, Community Gym, First Aid or Medical Centre, Day Care Centre, Kids Play Area, Barbeque Area, Mosque, Community Centre, Other Community Facilities","Lawn or Garden, Swimming Pool, Sauna, Jacuzzi, Other Healthcare and Recreation Facilities","Nearby Schools, Nearby Hospitals, Nearby Shopping Malls, Nearby Restaurants, Distance From Airport (kms), Nearby Public Transport Service, Other Nearby Places",,,,
https://www.zameen.com/Property/dha_defence_dha_defence_phase_2_ideal_1_kanal_house_available_in_dha_defence_phase_2_islamabad-53172641-339-1.html,House,PKR12.2 Crore,6,1 Kanal,For Sale,7,4 days ago,"DHA Defence, Islamabad, Islamabad Capital","Beautifully constructed house available for sale in a well-developed and secure housing society. Ideal for families seeking peaceful living with modern facilities, wide roads, parks, and 24/7 security. A perfect investment and dream home opportunity Luxurious designer house with 5 spacious bedrooms now available for sale in a prime location. Built with premium materials and modern architecture, this home offers stylish interiors, wide open spaces, and top-notch finishes. Ideal for families seeking comfort, elegance, and privacy in a secure gated community Accommodation 6 Masters Bedrooms 6 Attach Designer's Baths Beautiful Art & Schendle Air's Drawing Room Dining Table 2 Tv lounge Kitchens with All Accessories install BBQ Space Available Modern Elevation 4 Car Parking Lawn Available Servant Room with Attach Bath Visit Any Time Direct Deal With Seller We have Multiple Options of Houses in DHA & Bahria (ISB/RWP) More Details on Call/Whatsapp For more detaisl feel free to Contact on View Contact Detail (M. Shahrukh)","Built in year: 2025, Parking Spaces, Double Glazed Windows, Central Air Conditioning, Central Heating, Flooring, Electricity Backup, Waste Disposal, Floors: 2, Other Main Features","Bedrooms: 6, Bathrooms: 6, Servant Quarters, Drawing Room, Dining Room, Kitchens, Study Room, Prayer Room, Powder Room, Store Rooms, Lounge or Sitting Room, Laundry Room, Other Rooms","Broadband Internet Access, Satellite or Cable TV Ready, Intercom, Other Business and Communication Facilities","Community Lawn or Garden, Community Swimming Pool, Community Gym, First Aid or Medical Centre, Day Care Centre, Kids Play Area, Barbeque Area, Mosque, Community Centre, Other Community Facilities","Lawn or Garden, Sauna, Jacuzzi, Other Healthcare and Recreation Facilities","Nearby Schools, Nearby Hospitals, Nearby Shopping Malls, Nearby Restaurants, Distance From Airport (kms), Nearby Public Transport Service, Other Nearby Places","Maintenance Staff, Security Staff, Facilities for Disabled",,,
https://www.zameen.com/Property/islamabad_d-12_beutifull_brend_new_house_for_sale-53255303-160-1.html,House,PKR11 Crore,6,8 Marla,For Sale,6,1 week ago,"D-12, Islamabad, Islamabad Capital",NEAT AND CLEAN HOUSE FOR SALE REASONABLE PRICE IDEAL LOTION ALL FACILITIES AVAILABLE FOR FURTHER DETAILS CONTACT US,"Built in year: 2025, Parking Spaces: 2, Double Glazed Windows, Central Air Conditioning, Central Heating, Flooring, Electricity Backup, Waste Disposal, Floors: 2, Other Main Features","Bedrooms: 6, Bathrooms: 8, Servant Quarters: 1, Drawing Room, Dining Room, Kitchens: 2, Study Room, Prayer Room, Powder Room, Gym, Store Rooms: 1, Steam Room, Lounge or Sitting Room, Laundry Room, Other Rooms","Broadband Internet Access, Satellite or Cable TV Ready, Intercom, Other Business and Communication Facilities","Community Lawn or Garden, Community Swimming Pool, Community Gym, First Aid or Medical Centre, Day Care Centre, Kids Play Area, Barbeque Area, Mosque, Community Centre, Other Community Facilities","Lawn or Garden, Swimming Pool, Sauna, Jacuzzi, Other Healthcare and Recreation Facilities","Nearby Schools, Nearby Hospitals, Nearby Shopping Malls, Nearby Restaurants, Distance From Airport (kms), Nearby Public Transport Service, Other Nearby Places",Security Staff,,,
https://www.zameen.com/Property/islamabad_d-12_beutifull_brend_new_house_for_sale-53255432-160-1.html,House,PKR6.75 Crore,3,4 Marla,For Sale,3,1 week ago,"D-12, Islamabad, Islamabad Capital",NEAT AND CLEAN HOUSE FOR SALE REASONABLE PRICE IDEAL LOTION ALL FACILITIES AVAILABLE FOR FURTHER DETAILS CONTACT US,"Built in year: 2025, Parking Spaces: 1, Double Glazed Windows, Central Air Conditioning, Central Heating, Flooring, Electricity Backup, Waste Disposal, Floors: 2, Other Main Features","Bedrooms: 3, Bathrooms: 4, Servant Quarters: 1, Drawing Room, Dining Room, Kitchens: 1, Study Room, Prayer Room, Powder Room, Gym, Store Rooms: 1, Steam Room, Lounge or Sitting Room, Laundry Room, Other Rooms","Broadband Internet Access, Satellite or Cable TV Ready, Intercom, Other Business and Communication Facilities","Community Lawn or Garden, Community Swimming Pool, Community Gym, First Aid or Medical Centre, Day Care Centre, Kids Play Area, Barbeque Area, Mosque, Community Centre, Other Community Facilities","Lawn or Garden, Swimming Pool, Sauna, Jacuzzi, Other Healthcare and Recreation Facilities","Nearby Schools, Nearby Hospitals, Nearby Shopping Malls, Nearby Restaurants, Distance From Airport (kms), Nearby Public Transport Service, Other Nearby Places",,,,
https://www.zameen.com/Property/islamabad_d-12_brend_new_house_for_sale-53255736-160-1.html,House,PKR5.5 Crore,5,5 Marla,For Sale,4,5 hours ago,"D-12, Islamabad, Islamabad Capital",NEAT AND CLEAN HOUSE FOR SALE REASONABLE PRICE IDEAL LOCTION ALL FACILITIES AVAILABLE FOR FURTHER DITAILS CONTACT US,"Built in year: 2025, Parking Spaces: 1, Double Glazed Windows, Central Air Conditioning, Central Heating, Flooring, Electricity Backup, Waste Disposal, Floors: 2, Other Main Features","Bedrooms: 4, Bathrooms: 5, Servant Quarters: 1, Drawing Room, Dining Room, Kitchens: 1, Study Room, Prayer Room, Powder Room, Gym, Store Rooms: 1, Steam Room, Lounge or Sitting Room, Laundry Room, Other Rooms","Broadband Internet Access, Satellite or Cable TV Ready, Intercom, Other Business and Communication Facilities","Community Lawn or Garden, Community Swimming Pool, Community Gym, First Aid or Medical Centre, Day Care Centre, Kids Play Area, Barbeque Area, Mosque, Community Centre, Other Community Facilities","Lawn or Garden, Swimming Pool, Sauna, Jacuzzi, Other Healthcare and Recreation Facilities","Nearby Schools, Nearby Hospitals, Nearby Shopping Malls, Nearby Restaurants, Distance From Airport (kms), Nearby Public Transport Service, Other Nearby Places","Maintenance Staff, Security Staff, Other Facilities",,,
https://www.zameen.com/Property/islamabad_d-12_beutifull_brand_new_house_for_sale-53284650-160-1.html,House,PKR13 Crore,6,10 Marla,For Sale,6,4 days ago,"D-12, Islamabad, Islamabad Capital",NEAT AND CLEAN BRAND NEW HOUSE REASONABLE PRICE IDEAL LOCTION ALL FACILITIES AVAILABLE FOR FURTHER DETAILS CONTACT US,"Built in year: 2025, Parking Spaces: 1, Double Glazed Windows, Central Air Conditioning, Central Heating, Flooring, Electricity Backup, Waste Disposal, Floors: 2, Other Main Features","Bedrooms: 6, Bathrooms: 8, Servant Quarters: 2, Drawing Room, Dining Room, Kitchens: 2, Study Room, Prayer Room, Powder Room, Gym, Store Rooms: 2, Steam Room, Lounge or Sitting Room, Laundry Room, Other Rooms","Broadband Internet Access, Satellite or Cable TV Ready, Intercom, Other Business and Communication Facilities","Community Lawn or Garden, Community Swimming Pool, Community Gym, First Aid or Medical Centre, Day Care Centre, Kids Play Area, Barbeque Area, Mosque, Community Centre, Other Community Facilities","Lawn or Garden, Swimming Pool, Sauna, Jacuzzi, Other Healthcare and Recreation Facilities","Nearby Schools, Nearby Hospitals, Nearby Shopping Malls, Nearby Restaurants, Distance From Airport (kms), Nearby Public Transport Service, Other Nearby Places","Security Staff, Other Facilities",,,
https://www.zameen.com/Property/bahria_town_bahria_enclave_1_kanal_designer_house_for_sale_in_bahria_enclave_islamabad_sector_c_main_boulevard_margalla_facing-53310496-1705-1.html,House,PKR12.45 Crore,6,1 Kanal,For Sale,6,4 weeks ago,"Bahria Town, Islamabad, Islamabad Capital","1 Kanal Designer House for Sale in Bahria Enclave Islamabad Sector C (Main Boulevard, Margalla Facing) This beautifully designed designer house features A+ construction quality with a modern and unique architectural touch. Property Features: 5 spacious bedrooms 2 modern kitchens Elegant drawing room Stylish TV lounge Premium fittings and finishing Located on Main Boulevard, Margalla Facing Demand: 12 Crore 45 Lakh (Negotiable) Perfect choice for those looking for a luxury lifestyle in a prime location.","Built in year: 2025, Parking Spaces: 3, Double Glazed Windows, Central Air Conditioning, Central Heating, Flooring, Electricity Backup, Waste Disposal, Floors: 2, Other Main Features","Bedrooms: 5, Bathrooms: 7, Servant Quarters: 1, Drawing Room, Dining Room, Kitchens: 2, Study Room, Prayer Room, Powder Room, Gym, Steam Room, Lounge or Sitting Room, Laundry Room, Other Rooms","Broadband Internet Access, Satellite or Cable TV Ready, Intercom, Other Business and Communication Facilities","Community Lawn or Garden, Community Swimming Pool, Community Gym, First Aid or Medical Centre, Day Care Centre, Kids Play Area, Barbeque Area, Mosque",Other Healthcare and Recreation Facilities,"Nearby Schools, Nearby Hospitals, Nearby Shopping Malls, Nearby Restaurants, Distance From Airport (kms), Nearby Public Transport Service, Other Nearby Places","Maintenance Staff, Security Staff, Facilities for Disabled, Other Facilities",,,
https://www.zameen.com/Property/bahria_enclave_bahria_enclave_-_sector_c1_elegant_10_marla_designer_house_for_sale_sector_c1_bahria_enclave_islamabad-53141016-11987-1.html,House,PKR5.95 Crore,6,10 Marla,For Sale,5,2 weeks ago,"Bahria Town, Islamabad, Islamabad Capital","Elegant 10 Marla Designer House For Sale Sector C1, Bahria Enclave Islamabad Discover Luxury Living In This Beautifully Crafted A+ Construction Designer House, Ideally Located In The Heart Of Bahria Enclave. Property Features: 5 Spacious Luxury Bedrooms With Attached Modern Bathrooms 2 Stylish TV Lounges Designed For Comfort And Entertainment 1 Stunning Open American Kitchen With Premium Fittings Elegant Drawing Room Servant Room With Attached Bath Car Porch With Ample Space Additional Highlights: Solid And Durable Construction Sun-Facing House Ensuring Natural Light And Warmth Prime Location Walking Distance To Park, Masjid, Filtration Plant, And Commercial Area This Home Offers The Perfect Blend Of Comfort, Style, And Convenience Making It An Ideal Choice For Families Seeking A Modern Lifestyle. For More Details And Site Visit, Please Contact Us Today.","Built in year: 2025, Parking Spaces: 3, Flooring, Electricity Backup, Waste Disposal, Floors: 2, Other Main Features","Bedrooms: 5, Bathrooms: 6, Servant Quarters: 1, Drawing Room, Dining Room, Kitchens: 1, Study Room, Prayer Room, Powder Room, Store Rooms: 1, Lounge or Sitting Room, Laundry Room","Broadband Internet Access, Satellite or Cable TV Ready, Intercom, Other Business and Communication Facilities","Community Lawn or Garden, Community Gym, First Aid or Medical Centre, Day Care Centre, Kids Play Area, Barbeque Area, Mosque, Community Centre, Other Community Facilities",,"Nearby Schools, Nearby Hospitals, Nearby Shopping Malls, Nearby Restaurants, Distance From Airport (kms), Nearby Public Transport Service, Other Nearby Places","Maintenance Staff, Security Staff, Facilities for Disabled, Other Facilities",,,
https://www.zameen.com/Property/bahria_town_bahria_enclave_5_marla_brand_new_house_for_sale_in_bahria_enclave_islamabad-53331671-1705-1.html,House,PKR2.65 Crore,3,5 Marla,For Sale,3,4 weeks ago,"Bahria Town, Islamabad, Islamabad Capital","5 Marla Brand New House for Sale in Bahria Enclave Islamabad A beautifully constructed brand new 5 Marla house is available for sale in Bahria Enclave Islamabad. This modern home features 3 stylish bedrooms with attached bathrooms, 2 TV lounges, open kitchens a drawing room, servant room, and a car porch. Built with high-quality materials and excellent finishing, this house offers both comfort and elegance in one of the most desirable locations of Islamabad. Location: Bahria Enclave, Islamabad Plot Size: 5 Marla Demand: 2.65 Crore Ideal choice for a small family looking for a modern lifestyle in a peaceful environment.","Built in year: 2025, Parking Spaces: 1, Flooring, Electricity Backup, Waste Disposal, Floors: 2, Other Main Features","Bedrooms: 3, Bathrooms: 3, Servant Quarters: 1, Drawing Room, Dining Room, Kitchens: 1, Powder Room",,,,,,,,
https://www.zameen.com/Property/islamabad_f-11_renovated_apartment_for_sale_in_f-11_islamabad-52104492-163-1.html,Flat,PKR3.15 Crore,2,7.1 Marla,For Sale,2,2 weeks ago,"F-11, Islamabad, Islamabad Capital","The apartment on 1600 square feet, recently renovated lavish painted detailed finishing, Private quiet 2-bedroom plus bathroom, Grand open tv lounge and expensive sitting area, Daily source kitchen with wooden cabinets, Privacy and daily convince located in F-11 Islamabad Well maintained building 24-hour security, reserved car parking and power backup in the building. Close to park and schools steps to F-11 markaz. Specializes in buying selling renting finest luxury real estate in Islamabad. Experience most desirable properties We will counsel you on how to invest in a precise way. Which gives you an outstanding return in terms of profit, commercial & residential property, house & apartment in Islamabad. CDA sector G-5, F-6, F-7, F-8, F-10, F-11, E-11, D-12, architecture, design more. Contact us for features Saad Associate Keeping promises is our priority","Built in year: 2, Parking Spaces: 1, Lobby in Building, Double Glazed Windows, Central Air Conditioning, Central Heating, Flooring, Electricity Backup, Waste Disposal, Floor, Floors in Building: 6, Elevators: 3, Service Elevators in Building, Other Main Features, Furnished","Bedrooms: 2, Bathrooms: 2, Servant Quarters, Drawing Room, Dining Room, Kitchens: 1, Study Room, Prayer Room, Powder Room, Gym, Store Rooms: 1, Steam Room, Lounge or Sitting Room, Laundry Room, Other Rooms","Broadband Internet Access, Satellite or Cable TV Ready, Business Center or Media Room in Building, Conference Room in Building, Intercom, Other Business and Communication Facilities","Community Lawn or Garden, Community Swimming Pool, Community Gym, First Aid or Medical Centre, Day Care Centre, Kids Play Area, Barbeque Area, Mosque, Community Centre, Other Community Facilities","Sauna, Jacuzzi, Other Healthcare and Recreation Facilities","Nearby Schools, Nearby Hospitals, Nearby Shopping Malls, Nearby Restaurants, Distance From Airport (kms), Nearby Public Transport Service, Other Nearby Places","Maintenance Staff, Security Staff, Laundry or Dry Cleaning Facility, Communal/Shared Kitchen, Facilities for Disabled, Pets Allowed, Other Facilities",,,
https://www.zameen.com/Property/gulberg_gulberg_greens_3_bedroom_attached_bathroom_flat_available_for_sale-53302781-8312-1.html,Flat,PKR2.15 Crore,3,5.5 Marla,For Sale,3,3 days ago,"Gulberg, Islamabad, Islamabad Capital",4 th floor 3 bed attached bathroom Samma star tower 3 Fully furnished apartment for sale Front facing. All amenities available on walking distance,"Built in year: 2015, Parking Spaces: 1, Double Glazed Windows, Central Air Conditioning, Central Heating, Flooring, Electricity Backup, Waste Disposal, Other Main Features, Furnished","Bedrooms: 3, Bathrooms: 3, Servant Quarters: 1, Drawing Room, Dining Room, Kitchens: 2, Study Room, Prayer Room, Powder Room, Gym, Steam Room, Lounge or Sitting Room, Laundry Room","Broadband Internet Access, Satellite or Cable TV Ready, Business Center or Media Room in Building, Conference Room in Building, Intercom, ATM Machines, Other Business and Communication Facilities","Community Lawn or Garden, Community Swimming Pool, Community Gym, First Aid or Medical Centre, Day Care Centre, Kids Play Area, Barbeque Area, Mosque, Community Centre, Other Community Facilities","Sauna, Jacuzzi, Other Healthcare and Recreation Facilities","Nearby Schools, Nearby Hospitals, Nearby Shopping Malls, Nearby Restaurants, Distance From Airport (kms), Nearby Public Transport Service, Other Nearby Places","Maintenance Staff, Security Staff, Facilities for Disabled, Other Facilities",,,
https://www.zameen.com/Property/islamabad_d-17_2100_sq_ft_beautiful_house_available_for_sale_in_d-17-53313196-737-1.html,House,PKR4.15 Crore,-,9.3 Marla,For Sale,-,1 week ago,"D-17, Islamabad, Islamabad Capital","2100 sq ft house available for sale in D-17 IN CDA SECTOR NEWLY CONSTRUCTED, MARKET AT WALKING DISTANCE. A+ MATERIAL USED IN CONSTRUCTION, LAVISH FINISHING FILLING EVERY INCH WITH LUXURY. 5 BED ROOMS 2 DINING ROOM 2 DRAWING ROOM 2 LOUNGE 2 KITCHEN ROOFTOP SITTING AREA WITH BBQ AREA, PERFECT HOME FOR LIVING",,"Bedrooms: 5, Bathrooms: 5, Drawing Room, Dining Room","Broadband Internet Access, Satellite or Cable TV Ready, Intercom","Community Lawn or Garden, Community Swimming Pool, Community Gym, First Aid or Medical Centre, Day Care Centre, Kids Play Area, Barbeque Area, Mosque, Community Centre","Lawn or Garden, Swimming Pool, Sauna, Jacuzzi","Nearby Schools, Nearby Hospitals, Nearby Shopping Malls, Nearby Restaurants, Distance From Airport (kms), Nearby Public Transport Service, Other Nearby Places",,,,
https://www.zameen.com/Property/islamabad_i-10_affordable_house_of_6_marla_is_available_for_sale-52911615-173-1.html,House,PKR4.7 Crore,4,6 Marla,For Sale,4,6 days ago,"I-10, Islamabad, Islamabad Capital","25x60 House Available Sale* (I-10) : : I-10 Islamabad. : 25x60.6Marla : 4 : 4 TV Lounge: 2 Drawing Dinning: 2 : 2 Servant Room + Bath Carporch : Electricity Gas Water Boring No Water Issue Nearby Mosque Nearby Market Nearby School Park DEMAND: Rs. 4, 80, 00, 000/- : GHAKKHAR REAL ESTATE","Double Glazed Windows, Central Air Conditioning, Central Heating, Waste Disposal","Drawing Room, Dining Room, Study Room, Prayer Room, Powder Room, Gym, Steam Room, Lounge or Sitting Room, Laundry Room","Broadband Internet Access, Satellite or Cable TV Ready, Intercom","Community Lawn or Garden, Community Swimming Pool, Community Gym, First Aid or Medical Centre, Day Care Centre, Kids Play Area, Barbeque Area, Mosque, Community Centre","Sauna, Jacuzzi","Nearby Schools, Nearby Hospitals, Nearby Shopping Malls, Nearby Restaurants, Distance From Airport (kms), Nearby Public Transport Service, Other Nearby Places","Maintenance Staff, Security Staff, Facilities for Disabled, Other Facilities",,,
https://www.zameen.com/Property/islamabad_b-17_fully_furnished_house_available_for_sale-53322172-616-1.html,House,PKR2.5 Crore,4,5 Marla,For Sale,4,2 weeks ago,"B-17, Islamabad, Islamabad Capital",Fully Furnished House Available For Sale 4 Bedroom 4 Washroom Tv Lounge Kitchen Brand New,"Built in year, Parking Spaces, Double Glazed Windows, Central Air Conditioning, Central Heating, Flooring, Waste Disposal, Other Main Features, Furnished","Drawing Room, Dining Room, Study Room, Prayer Room, Powder Room, Gym, Steam Room, Lounge or Sitting Room, Laundry Room","Broadband Internet Access, Satellite or Cable TV Ready, Intercom","Community Lawn or Garden, Community Swimming Pool, Community Gym, First Aid or Medical Centre, Day Care Centre, Kids Play Area, Barbeque Area, Mosque, Community Centre","Lawn or Garden, Swimming Pool, Sauna, Jacuzzi","Nearby Schools, Nearby Hospitals, Nearby Shopping Malls, Nearby Restaurants, Distance From Airport (kms), Nearby Public Transport Service, Other Nearby Places","Maintenance Staff, Security Staff, Facilities for Disabled",,,
https://www.zameen.com/Property/islamabad_i-14_06_marla_brand_new_luxury_spacious_house_for_sale_in_cda_sector_i-14_islamabad-52023776-1045-1.html,House,PKR3.05 Crore,5,6 Marla,For Sale,4,6 days ago,"I-14, Islamabad, Islamabad Capital","06 Marla Luxury Spacious House For Sale In I-14 Islamabad 03 Mins Drive From Main GT Road, 1- 2 Car Parking 2- 10 Mins Drive From Islamabad International Airport 3- All Utilities available 4- Near to Golra More 5- Near to Government Girls School 6- Near to Government Boys School 7- Walking Distance From Park","Built in year: 2024, Parking Spaces, Double Glazed Windows, Central Air Conditioning, Central Heating, Flooring, Electricity Backup, Waste Disposal, Floors: 2, Other Main Features, Furnished","Bedrooms: 4, Bathrooms: 5, Servant Quarters: 1, Drawing Room, Dining Room, Kitchens: 2, Study Room, Prayer Room, Powder Room, Gym, Store Rooms: 1, Steam Room, Lounge or Sitting Room, Laundry Room, Other Rooms","Broadband Internet Access, Satellite or Cable TV Ready, Intercom, Other Business and Communication Facilities","Community Lawn or Garden, Community Swimming Pool, Community Gym, First Aid or Medical Centre, Day Care Centre, Kids Play Area, Barbeque Area, Mosque, Community Centre, Other Community Facilities","Lawn or Garden, Swimming Pool, Sauna, Jacuzzi, Other Healthcare and Recreation Facilities","Nearby Schools, Nearby Hospitals, Nearby Shopping Malls, Nearby Restaurants, Distance From Airport (kms), Nearby Public Transport Service, Other Nearby Places","Maintenance Staff, Security Staff, Facilities for Disabled, Other Facilities",,,
https://www.zameen.com/Property/f_6_f-6_2_an_excellent_new_house_2500_sq_yrds_off_margla_road_f-6_available_for_sale-53349882-3300-1.html,House,PKR1.75 Arab,6,5 Kanal,For Sale,10,2 weeks ago,"F-6, Islamabad, Islamabad Capital","Details: 1. Size 90 x 250 : 2500 sqyrds. 2. Sunfacung. 3. off Margla Road. 4. Small, wide, lush green street. 5. Convienient approach from Margla road. 6. Accomodation; it's a new house having total covered area approx. 35000 sqrft. All the modern day civic facilities like, indoor parking, party hall, swimming pool, elevator, gym, sohana, jacozi are installed. The house lavish wood work. marble and tile floorings. 7. Single owner. 8. CDA transfer. 9. possession available. 10. price 175 crs.",,,,,,"Nearby Schools, Nearby Hospitals, Nearby Shopping Malls, Nearby Restaurants, Nearby Public Transport Service",,,,
https://www.zameen.com/Property/bahria_enclave_bahria_enclave_-_sector_c1_beautiful_designer_10_marla_double_story_house_for_sale_sector_c1_bahria_enclave_islamabad-53349880-11987-1.html,House,PKR5.5 Crore,5,10 Marla,For Sale,5,1 month ago,"Bahria Town, Islamabad, Islamabad Capital","Beautiful Designer 10 Marla Double story House For Sale Sector C1 Bahria Enclave Islamabad. (Accomodation). . . * 5 bedrooms with attached washroom. . . * 2 kitchen. . . * 2 car parking space. . . * Drawing and dawning area. * 1 servant quarter with attached washroom. . Charming 5-Bedroom Family Home in a Quiet Neighborhood. . . . . Welcome to your dream home! This beautifully maintained 5-bedroom, 5-bathroom residence is nestled in a serene and friendly neighborhood, perfect for families or those seeking a peaceful retreat. (Key Features). . . Spacious Living Areas: - Enjoy an open-concept living and dining area filled with natural light, perfect for entertaining or cozy family nights. Modern Kitchen: - The well-appointed kitchen features stainless steel appliances, granite countertops, and ample cabinetry, making it a chefs delight. Comfortable Bedrooms: The master suite includes a private bathroom and generous closet space, while the other two bedrooms are perfect for kids, guests, or a home office. Outdoor Oasis: - Step outside to a beautifully landscaped backyard with a patio, ideal for summer barbecues and relaxation. Convenient Location: Close to schools, parks, shopping, and public transport, this home offers both convenience and tranquility. Additional Highlights. . . - Attached garage with additional storage - Energy-efficient windows - Freshly painted interiors Demand 550 lacs","Built in year: 2025, Parking Spaces: 2, Double Glazed Windows, Central Air Conditioning, Flooring, Floors: 2","Bedrooms: 5, Bathrooms: 5, Servant Quarters: 1, Drawing Room, Dining Room, Kitchens: 2, Study Room, Prayer Room, Store Rooms: 1","Broadband Internet Access, Satellite or Cable TV Ready, Intercom","Community Lawn or Garden, Community Swimming Pool, Community Gym, First Aid or Medical Centre, Day Care Centre, Kids Play Area, Barbeque Area, Mosque, Community Centre","Lawn or Garden, Swimming Pool, Sauna, Jacuzzi","Nearby Schools, Nearby Hospitals, Nearby Shopping Malls, Nearby Restaurants, Distance From Airport (kms), Nearby Public Transport Service, Other Nearby Places","Maintenance Staff, Security Staff, Facilities for Disabled",,,
https://www.zameen.com/Property/islamabad_f-6_brand_new_triple_storey_beautiful_house-52333462-164-1.html,House,PKR25.5 Crore,5,14 Marla,For Sale,5,5 days ago,"F-6, Islamabad, Islamabad Capital",F6 Brand New Triple Story House Prime Location 5 Bedrooms Accomodation 5 Wash Rooms with Modern Accessories 2 Kitchen Equipped with Branded Appliances Servant Quater Ample Parking space Dem 25 crores 50 lakhs Little Negotiable,"Built in year, Parking Spaces: 8, Double Glazed Windows, Central Air Conditioning, Central Heating, Flooring, Electricity Backup, Waste Disposal, Other Main Features, Furnished","Bedrooms: 5, Bathrooms: 5, Servant Quarters: 1, Drawing Room, Dining Room, Kitchens: 2, Study Room, Prayer Room, Powder Room, Gym, Store Rooms: 2, Steam Room, Lounge or Sitting Room, Laundry Room, Other Rooms","Broadband Internet Access, Satellite or Cable TV Ready, Intercom, Other Business and Communication Facilities","Community Lawn or Garden, Community Swimming Pool, Community Gym, First Aid or Medical Centre, Day Care Centre, Kids Play Area, Barbeque Area, Mosque, Community Centre, Other Community Facilities","Lawn or Garden, Sauna, Jacuzzi, Other Healthcare and Recreation Facilities","Nearby Schools, Nearby Hospitals, Nearby Shopping Malls, Nearby Restaurants, Distance From Airport (kms), Nearby Public Transport Service, Other Nearby Places","Maintenance Staff, Security Staff, Facilities for Disabled, Other Facilities",,,
https://www.zameen.com/Property/islamabad_chak_shahzad_beautifu_new_farm_house_for_sale-52429848-158-1.html,Farm House,PKR58 Crore,3,20 Kanal,For Sale,3,1 day ago,"Chak Shahzad, Islamabad, Islamabad Capital",New farm House Prime Location Tile Flooring 3 Bedrooms Accommodation 3 Washrooms with Branded Appliances 1 Study Room 1 Kitchen Equipped with Branded Appliances Huge Drawing and Dinning Room 2 servant Fully Developed Huge Parking space Dem 58 crs Little Negotiable,"Built in year: 2025, Parking Spaces: 4, Double Glazed Windows, Central Air Conditioning, Central Heating, Flooring, Electricity Backup, Waste Disposal, Floors: 3, Other Main Features, Furnished","Bedrooms: 3, Bathrooms: 3, Servant Quarters: 2, Drawing Room, Dining Room, Kitchens: 1, Study Room, Prayer Room, Powder Room, Gym, Store Rooms: 2, Steam Room, Lounge or Sitting Room, Laundry Room, Other Rooms","Broadband Internet Access, Satellite or Cable TV Ready, Intercom, Other Business and Communication Facilities","Community Lawn or Garden, Community Swimming Pool, Community Gym, First Aid or Medical Centre, Day Care Centre, Kids Play Area, Barbeque Area, Mosque, Community Centre, Other Community Facilities","Lawn or Garden, Swimming Pool, Sauna, Jacuzzi, Other Healthcare and Recreation Facilities","Nearby Schools, Nearby Hospitals, Nearby Shopping Malls, Nearby Restaurants, Distance From Airport (kms), Nearby Public Transport Service, Other Nearby Places","Maintenance Staff, Security Staff, Facilities for Disabled, Other Facilities",,,
https://www.zameen.com/Property/dha_phase_1_sector_f_dha_phase_1_-_defence_villas_11_marla_defence_villa_available_for_sale-52029737-3075-1.html,House,PKR3.8 Crore,4,11 Marla,For Sale,3,1 day ago,"DHA Defence, Islamabad, Islamabad Capital",Defence Villa Available For Sale 11 Marla 3 bed room with attached washroom drawing Room dining room servant Room car Porch balcony Trace Green lawn,"Built in year: 2020, Parking Spaces: 2, Double Glazed Windows, Central Air Conditioning, Central Heating, Flooring, Electricity Backup, Waste Disposal, Floors: 2, Other Main Features","Bedrooms: 3, Bathrooms: 4, Servant Quarters: 1, Drawing Room, Dining Room, Kitchens: 1, Study Room, Prayer Room, Powder Room, Gym, Store Rooms: 1, Steam Room, Lounge or Sitting Room, Laundry Room, Other Rooms","Broadband Internet Access, Satellite or Cable TV Ready, Intercom, Other Business and Communication Facilities","Community Lawn or Garden, Community Swimming Pool, Community Gym, First Aid or Medical Centre, Day Care Centre, Kids Play Area, Barbeque Area, Mosque, Community Centre, Other Community Facilities","Lawn or Garden, Swimming Pool, Sauna, Jacuzzi, Other Healthcare and Recreation Facilities","Nearby Schools, Nearby Hospitals, Nearby Shopping Malls, Nearby Restaurants, Distance From Airport (kms), Nearby Public Transport Service, Other Nearby Places","Maintenance Staff, Security Staff, Facilities for Disabled, Other Facilities",,,
https://www.zameen.com/Property/mpchs_multi_gardens_mpchs_-_block_b_extension_1_brand_new_10_marley_house_for_sale_in_b-17_islamabad-53335830-16519-1.html,House,PKR6.6 Crore,6,10.9 Marla,For Sale,6,3 weeks ago,"B-17, Islamabad, Islamabad Capital","Brand New 10 Marley House for Sale CDA Sector B-17, Islamabad Property Details: Plot Size: 35x70 (2450Sqft) Double Unit Location: Prime Location in Multi Gardens B1-Block Sector B-17 Islamabad House Features: 6 Spacious Bedrooms 2 Drawing Room 2 TV Lounge 7 Stylish Washrooms 2 Modern Kitchens Servant Quarter Elegant & Classic Elevation 10Kw Solar System installed 70 Fit Carpet Road Prime Location Benefits: Walking Distance to Commercial Area Near Mosque, Family Park & Multi Zoo Close to Hospital & Schools Installed Utilities: Own Water Bore ,Gas Meter , Separate Electric Meters For More Details & Visit Contact Now!","Built in year: 2025, Parking Spaces: 2, Double Glazed Windows, Central Air Conditioning, Central Heating, Flooring, Electricity Backup, Floors: 2, Other Main Features","Bedrooms: 6, Bathrooms: 7, Servant Quarters: 1, Drawing Room, Dining Room, Kitchens: 2, Powder Room, Gym, Store Rooms: 1, Steam Room, Lounge or Sitting Room, Laundry Room","Broadband Internet Access, Satellite or Cable TV Ready, Intercom","Community Lawn or Garden, Community Swimming Pool, Community Gym, First Aid or Medical Centre, Day Care Centre, Kids Play Area, Barbeque Area, Mosque, Community Centre","Lawn or Garden, Swimming Pool","Nearby Schools, Nearby Hospitals, Nearby Shopping Malls, Nearby Restaurants, Distance From Airport (kms), Nearby Public Transport Service, Other Nearby Places","Maintenance Staff, Security Staff, Facilities for Disabled",,,
https://www.zameen.com/Property/gulberg_greens_gulberg_greens_-_block_e_block_a_luxurious_10_kanal_corner_farmhouse_for_sale_prime_location-53113692-8317-1.html,Farm House,PKR60 Crore,7,10 Kanal,For Sale,11,4 weeks ago,"Gulberg, Islamabad, Islamabad Capital","Experience serene living in this beautifully crafted 10 kanal farmhouse, ideally situated on a corner plot in the prestigious Block A. Built by the owner with attention to detail, this property offers a perfect blend of elegance, functionality, and sustainability. Key Features: - Spacious Layout: 12 generously sized rooms designed for comfort and versatility - Owner-Built Quality: Solid 8-year-old construction with premium materials and finishes - Prime Location: Corner plot ensures privacy, natural light, and easy access - Eco-Friendly Living: Solar power system with negative billing enjoy energy savings year-round - Ideal for Families or Investors: Perfect for residential use, weekend retreats, or high-end rental potential This farmhouse is a rare opportunity for those seeking space, style, and sustainability in one package. Contact now to schedule a viewing and make this dream property yours.","Built in year: 2017, Parking Spaces, Double Glazed Windows, Central Air Conditioning, Flooring, Electricity Backup, Floors: 2, Other Main Features","Bedrooms: 12, Bathrooms: 14, Servant Quarters, Drawing Room, Dining Room, Kitchens, Study Room, Prayer Room, Store Rooms, Other Rooms","Broadband Internet Access, Satellite or Cable TV Ready, Intercom","Community Lawn or Garden, Community Swimming Pool, Community Gym, First Aid or Medical Centre, Day Care Centre, Kids Play Area, Barbeque Area, Mosque, Community Centre","Lawn or Garden, Swimming Pool","Nearby Schools, Nearby Hospitals, Nearby Shopping Malls, Nearby Restaurants, Distance From Airport (kms), Other Nearby Places",,,,
https://www.zameen.com/Property/dha_defence_dha_defence_phase_2_1_kanal_brand_new_beautiful_lowest_price_house_up_for_sale_in_dha2_islamabad-53303489-339-1.html,House,PKR9.95 Crore,6,1 Kanal,For Sale,6,4 days ago,"DHA Defence, Islamabad, Islamabad Capital","Blue Rock Investment Present the 1kanal beautiful brand new lowest price house Up for sale in dha2 Islamabad. The Main Feature Are : Design As 2 units 6 beautiful Bedrooms 6 Bathrooms 2 specious TV Lounge Drawing and Dinning 2 Stylish Kitchens 2 Serventrooms with bath 3 Car parking Green lush Lawn For More details please contact as feel free Very neat and clean deal, Direct meeting possible with house owner.","Built in year: 2024, Parking Spaces: 3, Flooring, Electricity Backup, Waste Disposal, Other Main Features","Bedrooms: 6, Bathrooms: 7, Servant Quarters: 2, Drawing Room, Dining Room, Kitchens: 2, Study Room, Prayer Room, Powder Room, Store Rooms: 1, Steam Room, Lounge or Sitting Room, Laundry Room, Other Rooms","Broadband Internet Access, Satellite or Cable TV Ready, Intercom, Other Business and Communication Facilities","Community Lawn or Garden, Community Swimming Pool, Community Gym, First Aid or Medical Centre, Day Care Centre, Kids Play Area, Barbeque Area, Mosque, Community Centre, Other Community Facilities","Sauna, Jacuzzi, Other Healthcare and Recreation Facilities","Nearby Schools, Nearby Hospitals, Nearby Shopping Malls, Nearby Restaurants, Distance From Airport (kms), Nearby Public Transport Service, Other Nearby Places","Maintenance Staff, Security Staff, Facilities for Disabled, Other Facilities",,,
https://www.zameen.com/Property/islamabad_e-7_brand_new_house_800_sqyrds_e-7_available_for_sale-53334751-343-1.html,House,PKR75 Crore,6,1.6 Kanal,For Sale,6,2 weeks ago,"E-7, Islamabad, Islamabad Capital","Details: 1. Size 60 x 120 : 800 sqyrds. 2. Situated at a service road, front open to Green belt. 3. Heighted location. 4. Convienient apprach from Margla Road. 5. Accomodation; It's a single unit house of 6 bed rooms in total. Ground floor has 2 bed rooms, open American kitchen, Spacious lounge, kitchen, D+D, Huge drive way with the capacity of 8 big cars. lush green lawn. Lower ground floor has one bed rooms, Lounge, store room, cinema ans swimming pool. Upper floor has three bed rooms, lounge, terrace, The house top of the line elevator solid wooden doors, marble floorings, glass and wooden staircase railings. 6. Single owner. 7. CDA transfer. 8. Rental Value. 9. approx. 12000 usd. 10. Price 75 Negociable.","Built in year: 2024, Parking Spaces: 8, Double Glazed Windows, Central Air Conditioning, Central Heating, Flooring, Electricity Backup, Waste Disposal, Floors: 3, Other Main Features, Furnished","Bedrooms: 6, Bathrooms: 6, Servant Quarters: 2, Drawing Room, Dining Room, Kitchens: 2, Study Room, Prayer Room, Powder Room, Gym, Store Rooms: 2, Steam Room, Lounge or Sitting Room, Laundry Room, Other Rooms","Broadband Internet Access, Satellite or Cable TV Ready, Intercom, Other Business and Communication Facilities","Community Lawn or Garden, Community Swimming Pool, Community Gym, First Aid or Medical Centre, Day Care Centre, Kids Play Area, Barbeque Area, Mosque, Community Centre, Other Community Facilities","Lawn or Garden, Swimming Pool, Sauna, Jacuzzi, Other Healthcare and Recreation Facilities","Nearby Schools, Nearby Hospitals, Nearby Shopping Malls, Nearby Restaurants, Distance From Airport (kms), Nearby Public Transport Service, Other Nearby Places",,,,
https://www.zameen.com/Property/g_6_g-6_4_an_old_liveable_house_1200_sqyrds_off_embassy_road_available_for_sale-53328475-3365-1.html,House,PKR36 Crore,6,2.4 Kanal,For Sale,5,2 weeks ago,"G-6, Islamabad, Islamabad Capital","Details: 1. Size 60 x 180 : 1200 sqyrds 2. Margla Facing. 3. Convienient apprach from Embassy Road. 4. Small, wide, lush green, closed end street. 5. Accomodation, It is an old but liveable house. classic design with front and back terraces. Huge drive way, lush green lawn, two bed rooms, spacious kitchen, lounge, D+D on the ground floor, Upper floor has three bed rooms, lounge, terrace. chips floorings, solid wood doors and windows. Two servant quarters at its back. 6. Single owner. 7. price 36.","Built in year: 1978, Parking Spaces: 10, Double Glazed Windows, Central Air Conditioning, Central Heating, Flooring, Electricity Backup, Waste Disposal, Floors: 2, Other Main Features, Furnished","Bedrooms: 5, Bathrooms: 6, Servant Quarters: 2, Drawing Room, Dining Room, Kitchens: 1, Study Room, Prayer Room, Powder Room, Gym, Store Rooms: 2, Steam Room, Lounge or Sitting Room, Laundry Room, Other Rooms","Broadband Internet Access, Satellite or Cable TV Ready, Intercom, Other Business and Communication Facilities","Community Lawn or Garden, Community Swimming Pool, Community Gym, First Aid or Medical Centre, Day Care Centre, Kids Play Area, Barbeque Area, Mosque, Community Centre, Other Community Facilities","Lawn or Garden, Jacuzzi, Other Healthcare and Recreation Facilities","Nearby Schools, Nearby Hospitals, Nearby Shopping Malls, Nearby Restaurants, Distance From Airport (kms), Nearby Public Transport Service, Other Nearby Places","Security Staff, Other Facilities",,,
https://www.zameen.com/Property/bahria_enclave_bahria_enclave_-_sector_c_sector_c_1_kanal_brand_new_house_excellent_construction_quality_sun_facing_house_available_for_sale-53261352-11973-1.html,House,PKR11 Crore,7,1 Kanal,For Sale,6,5 days ago,"Bahria Town, Islamabad, Islamabad Capital","Sector C 1 Kanal Brand New House Excellent Construction Quality Sun Facing House Available for Sale Note: Most Beautiful Location of Sector C Walking Distance from Main Gate, Mosque Park and Commercial. Meeting with Direct Owner. Accommodation: 6 Bedrooms with Attach Bathrooms 2 Kitchen 2 Tv Lounge Drawing & Dinning Room Servant Quarter with Attached Bath Front Terrace 4 Car Parking Note: Best Quality Guaranteed Construction & Finishing Material. Ideal Location for Living and Enjoying the Amenities & Live in a Healthy Natural Environment Contact us for More details:","Built in year, Parking Spaces: 4, Double Glazed Windows, Central Air Conditioning, Central Heating, Flooring, Electricity Backup, Waste Disposal, Floors: 2","Bedrooms: 6, Bathrooms: 8, Servant Quarters: 2, Drawing Room, Dining Room, Kitchens: 2, Study Room, Prayer Room, Powder Room, Gym, Store Rooms: 2, Steam Room, Lounge or Sitting Room, Laundry Room","Broadband Internet Access, Satellite or Cable TV Ready, Intercom","Community Lawn or Garden, Community Swimming Pool, Community Gym, First Aid or Medical Centre, Day Care Centre, Kids Play Area, Barbeque Area, Mosque, Community Centre","Lawn or Garden, Swimming Pool, Sauna, Jacuzzi","Nearby Schools, Nearby Hospitals, Nearby Shopping Malls, Nearby Restaurants, Distance From Airport (kms), Nearby Public Transport Service, Other Nearby Places","Maintenance Staff, Security Staff, Other Facilities",,,
https://www.zameen.com/Property/g_6_g-6_3_an_excellent_new_house_1633_sqyrds_swimming_pool_tripple_storey_g-6_3_is_available_for_sale-53329094-3364-1.html,House,PKR60 Crore,6,3.3 Kanal,For Sale,7,2 weeks ago,"G-6, Islamabad, Islamabad Capital","You Can Find All Kinds Of Properties For Sale Or Rent In Islamabad So Make Your Move Today. A House Like This Doesn'T Come Around Easily, So Make The Most Of This Deal Today. A Location Like The One Of G-6/3 Will Reap Great Benefits In The Longer Run. A Price Of PKR Rs. 600000000 Is Quite Reasonable For This House. If You Are A Serious Property Buyer And Ready To Make A Calculative, Bold Investment Move, Buy This Property Today. Don'T Miss Out On These 1633 Square Yards Units. Avail A Well-Suited Option Today. Some Prominent Details Of The Property Are As Follows. You Can Relax Whenever You Want With Access To The Jacuzzi. Impress Your Friends And Family By Hosting A Barbeque In The Barbeque Area Adjoining The House. Now You Can Enjoy Part Of Your Day De-Stressing In The Steam Room That Comes With The House. The House Has Double Glazed Windows Which Keeps The House Warmer In Winter And Provides Better Protection. You Can Find A Mosque Near The House Easily. The House Comes With Central Air-Conditioning Which Keeps The Inside Temperature Pleasant. Looking For Properties Featuring Gardens? Here Is A Comprehensive Listing To Search Through. If You Want More Information, Please Contact Us.","Parking Spaces: 1, Double Glazed Windows, Central Air Conditioning, Central Heating, Flooring, Electricity Backup, Waste Disposal, Other Main Features","Bedrooms: 3, Bathrooms: 4, Drawing Room, Dining Room, Kitchens: 1, Powder Room, Store Rooms: 1, Steam Room, Lounge or Sitting Room, Laundry Room","Broadband Internet Access, Satellite or Cable TV Ready, Intercom","Community Lawn or Garden, Community Swimming Pool, Community Gym, First Aid or Medical Centre, Day Care Centre, Kids Play Area, Barbeque Area, Mosque, Community Centre","Lawn or Garden, Sauna, Jacuzzi","Nearby Schools, Nearby Hospitals, Nearby Shopping Malls, Nearby Restaurants, Distance From Airport (kms), Nearby Public Transport Service, Other Nearby Places","Security Staff, Other Facilities",,,
https://www.zameen.com/Property/d_12_d-12_4_7_marla_brand_new_house_for_sale-53241389-3157-1.html,House,PKR9.75 Crore,5,7 Marla,For Sale,5,2 weeks ago,"D-12, Islamabad, Islamabad Capital","Beautifully designed brand new 7 Marla house 5 spacious bedrooms with attached modern washrooms One stylish kitchen on ground floor + small kitchen on upper portion Elegant drawing room & comfortable TV lounge Servant quarter with bath for added convenience 2 car parking spaces available Margalla facing enjoy your coffee with breathtaking mountain views Walking distance to Markaz, schools, mosque & park Solid construction with high-quality materials used Peaceful & secure neighborhood ideal for family living CDA sector with proper planning & wide carpeted roads Excellent option for both residence and investment Price: 9 Crore 75 Lac Location: D-12/4, Islamabad Contact: Abdullah Abbasi Fair Deal Realtors D-12","Built in year: 2025, Parking Spaces: 2, Double Glazed Windows, Central Air Conditioning, Central Heating, Flooring, Electricity Backup, Waste Disposal, Floors: 2, Other Main Features, Furnished","Bedrooms: 4, Bathrooms: 5, Servant Quarters: 1, Drawing Room, Dining Room, Kitchens, Study Room, Prayer Room, Powder Room, Gym, Store Rooms: 1, Steam Room, Lounge or Sitting Room, Laundry Room, Other Rooms","Broadband Internet Access, Satellite or Cable TV Ready, Intercom, Other Business and Communication Facilities","Community Lawn or Garden, Community Swimming Pool, Community Gym, First Aid or Medical Centre, Day Care Centre, Kids Play Area, Barbeque Area, Mosque, Community Centre, Other Community Facilities","Lawn or Garden, Swimming Pool, Sauna, Jacuzzi, Other Healthcare and Recreation Facilities","Nearby Schools, Nearby Hospitals, Nearby Shopping Malls, Nearby Restaurants, Distance From Airport (kms), Nearby Public Transport Service, Other Nearby Places","Maintenance Staff, Security Staff, Facilities for Disabled, Other Facilities",,,
https://www.zameen.com/Property/dha_defence_dha_defence_phase_2_1_kanal_modern_luxury_home_for_sale_dha_phase_2_islamabad_prime_location-53281581-339-1.html,House,PKR12.25 Crore,7,1 Kanal,For Sale,6,2 weeks ago,"DHA Defence, Islamabad, Islamabad Capital","For Visits & More Details, Call Now Brand New 1 Kanal Luxury House for Sale DHA Phase 2, Islamabad Prime Location Ideally situated in the heart of DHA Phase 2, offering easy access to commercial areas, schools, parks, and main GT Road. Spacious 1 Kanal Plot A beautifully constructed, south-facing property that ensures excellent ventilation and natural light throughout the day. 6 Master Bedrooms All with elegant attached bathrooms featuring modern fittings and high-end finishes. 2 Stylish Powder Rooms Conveniently located for guests on both floors. Dual Drawing & Dining Rooms Perfect for formal entertaining and family gatherings, with timeless design and layout. 2 Expansive TV Lounges Comfortable family living areas on both floors with ample space and lighting. Modern Kitchens 2 fully equipped kitchens plus a separate dirty kitchen for heavy cooking, designed for convenience and functionality. 2 Servant Quarters With attached baths and separate entrance, ensuring privacy for residents. Top-Quality Construction Premium materials, imported fixtures, and superior craftsmanship used throughout. Secure & Peaceful Environment Located in a fully developed and secure sector of DHA, ideal for families seeking comfort, privacy, and prestige.","Built in year: 2025, Parking Spaces: 3, Flooring, Waste Disposal, Floors: 2","Bedrooms: 6, Bathrooms: 6, Servant Quarters: 2, Drawing Room, Dining Room, Kitchens: 2, Powder Room, Store Rooms: 2, Lounge or Sitting Room, Laundry Room","Broadband Internet Access, Satellite or Cable TV Ready","Community Lawn or Garden, Community Swimming Pool, Community Gym, First Aid or Medical Centre, Day Care Centre, Kids Play Area, Barbeque Area, Mosque, Community Centre",,"Nearby Schools, Nearby Hospitals, Nearby Shopping Malls, Nearby Restaurants, Distance From Airport (kms), Nearby Public Transport Service, Other Nearby Places",Security Staff,,,
https://www.zameen.com/Property/dha_defence_dha_defence_phase_2_luxurious_10_marla_house_for_sale_in_dha_phase_2_prime_location_modern_design-53285968-339-1.html,House,PKR7.5 Crore,5,10 Marla,For Sale,5,2 weeks ago,"DHA Defence, Islamabad, Islamabad Capital","Discover your dream home in one of the most sought-after areas of DHA Phase 2. This beautifully designed 10 Marla house offers the perfect blend of modern architecture, premium finishes, and functional living spaces ideal for families seeking comfort, style, and convenience. Key Features: 5 Spacious Bedrooms Each with attached modern bathrooms for ultimate privacy and comfort. Elegant Drawing & Dining Room Perfect for hosting family gatherings and formal events. 2 Contemporary Kitchens Fully equipped and thoughtfully designed for everyday living and entertaining. Servant Quarter With attached bath for added convenience and privacy. Ample Car Parking Space Secure and easily accessible from the main road. South-Facing Orientation Ensures excellent natural sunlight and reduces moisture-related seepage. Prime DHA Phase 2 Location Close to main boulevard, parks, schools, shopping centers, and mosque. This property is a perfect combination of luxury and practicality, designed to provide a comfortable lifestyle with long-term value. Dont miss out on this rare opportunity! Contact now for a visit or more details your new home awaits in DHA Phase 2.","Built in year: 2025, Parking Spaces: 2, Flooring, Waste Disposal, Floors: 2, Other Main Features","Bedrooms: 5, Bathrooms: 5, Servant Quarters: 1, Drawing Room, Dining Room, Kitchens: 2, Powder Room, Store Rooms: 1, Lounge or Sitting Room","Broadband Internet Access, Satellite or Cable TV Ready","Community Swimming Pool, Community Gym, First Aid or Medical Centre, Day Care Centre, Kids Play Area, Barbeque Area, Mosque, Community Centre",,"Nearby Schools, Nearby Hospitals, Nearby Shopping Malls, Nearby Restaurants, Distance From Airport (kms), Nearby Public Transport Service, Other Nearby Places",Security Staff,,,
https://www.zameen.com/Property/gt_road_zeta-1_mall_luxury_1-bedroom_non_furnished_apartment_for_sale_in_zeta_mall_islamabad-53294810-16699-1.html,Flat,PKR2.82 Crore,1,4.4 Marla,For Sale,1,3 weeks ago,"GT Road, Islamabad, Islamabad Capital","Modern non furnished 1-bedroom apartment available for sale in the prestigious Zeta Mall, Islamabad Brand New Apartment Prime location with direct access to GT Road and DHA sectors Elegant layout featuring 1 spacious bedroom with attached bathroom Contemporary kitchen equipped with premium fittings and finishes Bright living and dining area designed for comfort and functionality High-quality construction with stylish interiors and durable materials Secure environment with 24/7 CCTV surveillance and controlled access Access to top-class amenities including shopping outlets, food court, and entertainment zones Dedicated parking space for residents","Built in year: 2024, Parking Spaces: 1, Lobby in Building, Double Glazed Windows, Central Air Conditioning, Central Heating, Flooring, Electricity Backup, Waste Disposal, Floor: 5, Elevators: 2, Service Elevators in Building, Other Main Features, Furnished","Bedrooms: 2, Bathrooms: 2, Servant Quarters: 1, Drawing Room, Dining Room, Kitchens: 1, Study Room, Prayer Room, Powder Room, Gym, Store Rooms: 1, Steam Room, Lounge or Sitting Room, Laundry Room, Other Rooms","Broadband Internet Access, Satellite or Cable TV Ready, Conference Room in Building, Intercom, ATM Machines, Other Business and Communication Facilities","Community Lawn or Garden, Community Swimming Pool, Community Gym, First Aid or Medical Centre, Day Care Centre, Kids Play Area, Barbeque Area, Mosque, Community Centre, Other Community Facilities","Sauna, Jacuzzi, Other Healthcare and Recreation Facilities","Nearby Schools, Nearby Hospitals, Nearby Shopping Malls, Nearby Restaurants, Distance From Airport (kms), Nearby Public Transport Service, Other Nearby Places","Maintenance Staff, Security Staff, Facilities for Disabled, Other Facilities",PKR1.41 Crore,PKR47.08 Lakh,3 Months
https://www.zameen.com/Property/dha_defence_phase_5_dha_phase_5_-_sector_f_exclusive_10_marla_brand_new_house_for_sale_most_prime_location-53251451-8836-1.html,House,PKR6.4 Crore,6,10 Marla,For Sale,5,3 weeks ago,"DHA Defence, Islamabad, Islamabad Capital","For Sale/Purchase of All Kind of Properties. Feel Free to Contqct Us! 10 Marla Brand New House (Park Facing), Sector F, DHA Phase 5, Islamabad having independent electric, UPS and gas setups for both floors, designed for installation of the solar system as required. The house has 5 bedrooms, 6 washrooms, 2 kitchens, 2 TV Lounges and a drawing room, the car porch can easily accommodate two large and one small size car, in addition a store and a servant room with attached washroom are also available. Details on material used:- - Wiring - Fast & Newage - Fans - Royal Inverters with remote control - All sanitary fittings - Faisal - Gas appliances - Nasgas - Tiles - AAA grade with variant sizes/ textures as per floors and walls specs - Marble/ Granite - Travertine, Markino, Ziarat White - Wood items - High standard Kel , Talli, UV and tactile sheets - CCTV cameras - Paint - Berger Top grade - In clear weathers u can see Faisal mosque and entire Margalla mountains range even from first floor. Note: Orignal Photos are Attached For you Kind Consideration. For more Information Feel Free to contact us!","Built in year: 2025, Parking Spaces: 2, Flooring, Electricity Backup, Floors: 2","Bedrooms: 5, Bathrooms: 6, Servant Quarters: 1, Drawing Room, Dining Room, Kitchens: 2, Powder Room, Lounge or Sitting Room",,,,"Nearby Schools, Nearby Hospitals, Nearby Shopping Malls, Nearby Restaurants, Nearby Public Transport Service, Other Nearby Places",Security Staff,,,
https://www.zameen.com/Property/f_10_sukh_chayn_residence_850_square_feet_flat_for_sale_in_f-10-53198562-13589-1.html,Flat,PKR5.5 Crore,1,3.8 Marla,For Sale,-,1 month ago,"F-10, Islamabad, Islamabad Capital","For Sale Studio Luxury Apartment Is Available For Sale In Sukh Chayn F 10 Islamabad Margala Facing View For Private Life Attached bath Drawing Dining Kitchen Underground Car Parking Facilities: Private Left Margalla Face Health Club Facilities: Swimming Pool, Sauna Room, Steam Room, Jacuzzi Separate Gym for Ladies and Gents Table Tennis, Squash Court, Snooker, Soccer Shopping Mall within the building Uninterrupted Electricity Supply with Backup Generator Plants Central Heating and Cooling System with Separate HVAC Unit for Each Apartment High-Quality Fittings and Fixtures Visitors Lobby with Intercom Facility Dedicated Entrance and Car Parking Basement Floor for Residents Uninterrupted Water Supply High-Speed Elevators and Service Lifts Structure Designed to Withstand Earthquake Up to 9.5 on the Richter Scale Built by an International Construction Company Ranked Number 12 Globally","Parking Spaces: 1, Lobby in Building, Double Glazed Windows, Central Air Conditioning, Central Heating, Flooring, Electricity Backup, Waste Disposal, Elevators: 2, Service Elevators in Building, Other Main Features","Servant Quarters: 1, Drawing Room, Dining Room, Kitchens: 1, Study Room, Prayer Room, Powder Room, Gym, Store Rooms: 1, Steam Room, Lounge or Sitting Room, Laundry Room, Other Rooms","Broadband Internet Access, Satellite or Cable TV Ready, Business Center or Media Room in Building, Conference Room in Building, Intercom, ATM Machines, Other Business and Communication Facilities","Community Lawn or Garden, Community Swimming Pool, Community Gym, First Aid or Medical Centre, Day Care Centre, Kids Play Area, Barbeque Area, Mosque, Community Centre, Other Community Facilities","Sauna, Jacuzzi, Other Healthcare and Recreation Facilities","Nearby Schools, Nearby Hospitals, Nearby Shopping Malls, Nearby Restaurants, Distance From Airport (kms), Nearby Public Transport Service, Other Nearby Places","Maintenance Staff, Security Staff, Laundry or Dry Cleaning Facility, Communal/Shared Kitchen, Facilities for Disabled, Other Facilities",,,
https://www.zameen.com/Property/f_11_f-11_1_luxury_apartment_for_sale_in_f-11_islamabad-53101164-3282-1.html,Flat,PKR4.15 Crore,3,14.4 Marla,For Sale,3,1 week ago,"F-11, Islamabad, Islamabad Capital",A beautiful 3 bedrooms Apartments With Attached Bathrooms Drawing Area Dining Area TV Lounge Huge Kitchen Newly designed Apartment Area is 3250 Sqft Out Side Servant Quarter Family Environment New Apartment Front Facing Rental Value 1.5 Unfurnished & Furnished Value 2.5 Lakh Monthly,"Built in year: 1, Parking Spaces: 1, Lobby in Building, Double Glazed Windows, Central Air Conditioning, Central Heating, Flooring, Electricity Backup, Waste Disposal, Floor: 3, Floors in Building: 5, Elevators: 2, Service Elevators in Building, Furnished","Bedrooms: 6, Bathrooms: 6, Servant Quarters: 1, Drawing Room, Dining Room, Kitchens: 2, Study Room, Prayer Room, Powder Room, Gym, Store Rooms: 1, Steam Room, Lounge or Sitting Room, Laundry Room, Other Rooms","Broadband Internet Access, Satellite or Cable TV Ready, Intercom, ATM Machines, Other Business and Communication Facilities","Community Lawn or Garden, Community Swimming Pool, Community Gym, First Aid or Medical Centre, Day Care Centre, Kids Play Area, Barbeque Area, Mosque, Community Centre, Other Community Facilities",,"Nearby Schools, Nearby Hospitals, Nearby Shopping Malls, Nearby Restaurants, Distance From Airport (kms), Nearby Public Transport Service, Other Nearby Places","Maintenance Staff, Security Staff, Other Facilities",,,
https://www.zameen.com/Property/mpchs_multi_gardens_mpchs_-_block_f_reserve_a_centrally_located_house_in_mpchs_-_block_f-53327348-8527-1.html,House,PKR2.4 Crore,4,5 Marla,For Sale,4,2 weeks ago,"B-17, Islamabad, Islamabad Capital","Mpchs B_17 Islambad 5 Marla House Is Availbel For Sale 4 Bedrooms 5 Bathroom Kitchen Dring Dining Tv Lounge Mumty Car Parking Water Supply Electricity 24/7 Security System All Basic Facilities Re Avilabel Here,And Best Chance Of Investment Here.","Built in year: 2016, Parking Spaces: 1, Double Glazed Windows, Central Air Conditioning, Central Heating, Flooring, Electricity Backup, Waste Disposal, Other Main Features, Furnished","Bedrooms: 5, Bathrooms: 5, Kitchens: 2, Other Rooms","Broadband Internet Access, Satellite or Cable TV Ready, Other Business and Communication Facilities","Mosque, Other Community Facilities",Other Healthcare and Recreation Facilities,"Nearby Schools, Nearby Hospitals, Nearby Shopping Malls, Nearby Restaurants, Distance From Airport (kms), Nearby Public Transport Service, Other Nearby Places","Maintenance Staff, Security Staff, Other Facilities",,,
https://www.zameen.com/Property/islamabad_d-17_d17_house_for_block_d-53331148-737-1.html,House,PKR4.2 Crore,6,14.2 Marla,For Sale,7,2 weeks ago,"D-17, Islamabad, Islamabad Capital",40*80 House For Sale Top Location Near To Park Commercial Mosque Sun Price Reasonable Price Gas And Electricity Available For Mor Details Call Thanx,"Built in year: 2024, Parking Spaces: 4, Double Glazed Windows, Central Air Conditioning, Central Heating, Flooring, Electricity Backup, Waste Disposal, Floors, Other Main Features","Bedrooms: 4, Bathrooms: 4, Servant Quarters: 1, Drawing Room, Dining Room, Kitchens: 2, Study Room, Prayer Room, Powder Room, Gym, Store Rooms: 4, Steam Room, Lounge or Sitting Room, Laundry Room, Other Rooms","Broadband Internet Access, Satellite or Cable TV Ready, Intercom, Other Business and Communication Facilities","Community Lawn or Garden, Community Swimming Pool, Community Gym, First Aid or Medical Centre, Day Care Centre, Kids Play Area, Barbeque Area, Mosque, Community Centre, Other Community Facilities","Lawn or Garden, Swimming Pool, Sauna, Jacuzzi, Other Healthcare and Recreation Facilities","Nearby Schools, Nearby Hospitals, Nearby Shopping Malls, Nearby Restaurants, Distance From Airport (kms), Nearby Public Transport Service, Other Nearby Places","Maintenance Staff, Security Staff, Facilities for Disabled",,,
https://www.zameen.com/Property/islamabad_b-17_8_marla_owner_made_house_for_sale_at_multi_garden_b17_islamabad_at_reasonable_price-53316435-616-1.html,House,PKR3.1 Crore,6,8 Marla,For Sale,7,1 month ago,"B-17, Islamabad, Islamabad Capital",8 Marla beautiful house for sale at multi garden B17 Islamabad at reasonable price if you're looking for house for cheap price and good rental value it's good option for you further information please contact us we are. providing design and construction services at Islamabad contact us for quality construction services,"Parking Spaces: 1, Double Glazed Windows, Central Air Conditioning, Central Heating, Flooring, Waste Disposal, Other Main Features","Bedrooms: 4, Bathrooms: 3, Drawing Room, Dining Room, Kitchens: 1, Study Room, Prayer Room, Powder Room, Gym, Store Rooms: 1, Steam Room, Lounge or Sitting Room, Laundry Room, Other Rooms","Broadband Internet Access, Satellite or Cable TV Ready, Intercom, Other Business and Communication Facilities","Community Lawn or Garden, Community Swimming Pool, Community Gym, First Aid or Medical Centre, Day Care Centre, Kids Play Area, Barbeque Area, Mosque, Community Centre, Other Community Facilities","Lawn or Garden, Swimming Pool, Sauna, Jacuzzi, Other Healthcare and Recreation Facilities","Nearby Schools, Nearby Hospitals, Nearby Shopping Malls, Nearby Restaurants, Distance From Airport (kms), Nearby Public Transport Service, Other Nearby Places","Maintenance Staff, Security Staff, Facilities for Disabled, Other Facilities",,,
https://www.zameen.com/Property/f_6_f-6_2_a_decent_house_2400_sqyrds_back_open_f-6_2_is_available_for_sale-53349834-3300-1.html,House,PKR1.25 Arab,6,4.8 Kanal,For Sale,7,2 weeks ago,"F-6, Islamabad, Islamabad Capital","Details: 1. Size 120 x 240 : 2400 sqyrds. 2. A decent single unit house with hughe lush green lawn and long drive. It has 7 bed rooms alomge with attached wash rooms, tow royal lounges, D+D, terraces, many mature lush green trees. A study room 3. Marvle and tile floorings slid wood doors. fully refurbished kitchen. 4. Rented to foreigners. 5. Demand 1.30 BLNs.","Built in year: 1980, Parking Spaces: 10, Double Glazed Windows, Central Air Conditioning, Central Heating, Flooring, Electricity Backup, Waste Disposal, Floors: 2, Other Main Features, Furnished","Bedrooms: 7, Bathrooms: 8, Servant Quarters: 2, Drawing Room, Dining Room, Kitchens: 2, Study Room, Prayer Room, Powder Room, Gym, Store Rooms: 1, Steam Room, Lounge or Sitting Room, Laundry Room, Other Rooms","Broadband Internet Access, Satellite or Cable TV Ready, Intercom, Other Business and Communication Facilities","Community Lawn or Garden, Community Swimming Pool, Community Gym, First Aid or Medical Centre, Day Care Centre, Kids Play Area, Barbeque Area, Mosque, Community Centre, Other Community Facilities",,"Nearby Schools, Nearby Hospitals, Nearby Shopping Malls, Nearby Restaurants, Distance From Airport (kms), Nearby Public Transport Service, Other Nearby Places","Maintenance Staff, Security Staff, Facilities for Disabled, Other Facilities",,,
https://www.zameen.com/Property/b_17_faisal_margalla_city_modern_luxury_house_for_sale_in_faisal_marglla_city_islamabad-52787798-13424-1.html,House,PKR3.15 Crore,5,5.6 Marla,For Sale,4,3 weeks ago,"B-17, Islamabad, Islamabad Capital","Brand New Modern House For Sale in Faisal Marglla City Islamabad Plot Size: 6 Marla = 25x50 feet (approx. 1250 sq. ft. ) Construction Details: Single Unit House (Basement, Ground + Upper Floor ) Solid structure with A+ material (bricks, cement, steel) Rooms Bathroom & Layout: 4 Bedrooms (with attached bathrooms) TV Lounges 1 Drawing Room 1 Kitchen (Open ) 1 Store Room (optional) Terrace/Balcony Laundry Area Doors, Windows, Flooring: Solid wood doors (Ash/Deodar) Aluminum sliding windows with glass Tile flooring Ceiling design with LED lights Utilities & Facilities: Electricity, Gas, Water (bore/wasa) Car porch for 2 car, intercom wiring (optional) UPS/inverter wiring Modern kitchen cabinets False ceiling work Popular Locations : Faisal Marglla City Islamabad Reasonable price according to the market Rates. More information Contact Us : Madni Associates and builder's","Built in year: 2025, Parking Spaces: 2, Double Glazed Windows, Central Air Conditioning, Central Heating, Flooring, Waste Disposal, Floors: 3, Other Main Features","Bedrooms: 4, Bathrooms: 5, Servant Quarters: 1, Drawing Room, Dining Room, Kitchens: 1, Study Room, Prayer Room, Powder Room, Gym, Store Rooms: 1, Steam Room, Lounge or Sitting Room, Laundry Room, Other Rooms","Broadband Internet Access, Satellite or Cable TV Ready, Intercom","Community Lawn or Garden, Community Swimming Pool, Community Gym, First Aid or Medical Centre, Day Care Centre, Kids Play Area, Barbeque Area, Mosque, Community Centre","Lawn or Garden, Swimming Pool, Sauna, Jacuzzi","Nearby Schools, Nearby Hospitals, Nearby Shopping Malls, Nearby Restaurants, Distance From Airport (kms), Nearby Public Transport Service, Other Nearby Places","Maintenance Staff, Security Staff, Facilities for Disabled, Other Facilities",,,
https://www.zameen.com/Property/mpchs_multi_gardens_mpchs_-_block_e_facing_house_for_sale_in_multi_garden_b-17_islamabad-53052930-3120-1.html,House,PKR3.5 Crore,6,8 Marla,For Sale,4,3 weeks ago,"B-17, Islamabad, Islamabad Capital","Brand New Designer House for Sale CDA Sector B-17, Islamabad Property Details: Plot Size: 30x60 (1800 Sqft) Double Unit Location: Prime Location in Multi Gardens E-Block Sector B-17 Islamabad House Features: 4 Spacious Bedrooms 2 Guest Rooms 6 Stylish Washrooms 2 Tv Lounges 2 Modern Kitchens Servant Quarter Park Facing Elegant & Classic Elevation Prime Location Benefits: Walking Distance to Commercial Area Near Mosque, Family Park & Multi Zoo Close to Hospital & Schools Installed Utilities: Own Water Bore ,Gas Meter , Separate Electric Meters For More Details & Visit Contact Now!","Built in year: 2025, Parking Spaces: 2, Double Glazed Windows, Central Air Conditioning, Central Heating, Flooring, Electricity Backup, Waste Disposal, Floors: 2, Other Main Features","Bedrooms: 4, Bathrooms: 6, Servant Quarters: 1, Drawing Room, Dining Room, Kitchens: 2, Study Room, Prayer Room, Powder Room, Gym, Store Rooms: 1, Steam Room, Lounge or Sitting Room, Laundry Room",Satellite or Cable TV Ready,"Community Lawn or Garden, Community Swimming Pool, Community Gym, First Aid or Medical Centre, Day Care Centre, Kids Play Area, Barbeque Area, Mosque, Community Centre","Lawn or Garden, Swimming Pool, Sauna","Nearby Schools, Nearby Hospitals, Nearby Shopping Malls, Nearby Restaurants, Distance From Airport (kms), Nearby Public Transport Service, Other Nearby Places","Maintenance Staff, Security Staff, Other Facilities",,,
https://www.zameen.com/Property/park_enclave_park_enclave_1_500_sq-yrd_beautiful_luxury_brand_new_6_bed_s_double_storey_house_for_sale_park_enclave_1-46901858-17148-1.html,House,PKR16 Crore,-,1 Kanal,For Sale,6,1 day ago,"Park Enclave, Islamabad, Islamabad Capital","CDA Transfer Luxurious Brand-New House For Sale Park Enclave Further Details About This House,Double Story House Built In 2023 At Very Prime Location Wide Street Beautiful View 6 Bedroom Attached Washroom 2 Tv/Lounge Drawing And Dining Servant Quarter/Store/Laundry Area/4-Car Parking Fotile Double Kitchen Also Dirty Kitchen Ground/Upper Ac Units Installed All Room And Gas Central Heating, All Baths Are Equipped With Imported Grohe Fittings Fixture'S Amazing Woodwork, All Teak Wood Ash Wood Used In Bungalow. Beautiful Lawn With Variety Of Planters. Peaceful And Highly Secured Living Area Great Opportunity, Don'T Waste Your Time Just Grab This Opportunity More Options Are Available House/Plot'S/Flats/Villa'S We Deal In CDA Residential And Commercial Property Can Contact Us Sale,BuY,Rent Property'S In Islamabad","Built in year: 2021, Parking Spaces: 1, Central Air Conditioning, Central Heating, Flooring, Electricity Backup, Waste Disposal, Other Main Features",,"Broadband Internet Access, Satellite or Cable TV Ready, Intercom, Other Business and Communication Facilities","Community Lawn or Garden, Community Swimming Pool, Community Gym, First Aid or Medical Centre, Day Care Centre, Kids Play Area, Barbeque Area, Mosque, Community Centre, Other Community Facilities",,"Nearby Schools, Nearby Hospitals, Nearby Shopping Malls, Nearby Restaurants, Distance From Airport (kms), Nearby Public Transport Service, Other Nearby Places",,,,
https://www.zameen.com/Property/islamabad_park_enclave_1_kanal_luxurious_brand-new_modren_design_house_for_sale_park_enclave_1_islamabad-50527398-1706-1.html,House,PKR16 Crore,-,1 Kanal,For Sale,6,1 day ago,"Park Enclave, Islamabad, Islamabad Capital","CDA Transfer Luxurious Brand-New House For Sale Park Enclave Further Details About This House,Double Story House Built In 2023 At Very Prime Location Wide Street Beautiful View 6 Bedroom Attached Washroom 2 Tv/Lounge Drawing And Dining Servant Quarter/Store/Laundry Area/4-Car Parking Fotile Double Kitchen Also Dirty Kitchen Ground/Upper Ac Units Installed All Room And Gas Central Heating, All Baths Are Equipped With Imported Grohe Fittings Fixture'S Amazing Woodwork, All Teak Wood Ash Wood Used In Bungalow. Beautiful Lawn With Variety Of Planters. Peaceful And Highly Secured Living Area Great Opportunity, Don'T Waste Your Time Just Grab This Opportunity More Options Are Available House/Plot'S/Flats/Villa'S We Deal In CDA Residential And Commercial Property Can Contact Us Sale,BuY,Rent Property'S In Islamabad","Built in year: 2023, Parking Spaces, Double Glazed Windows, Central Air Conditioning, Central Heating, Flooring, Electricity Backup, Waste Disposal, Floors, Other Main Features, Furnished","Bedrooms: 6, Bathrooms: 6, Servant Quarters: 1, Drawing Room, Dining Room, Kitchens: 2, Study Room, Prayer Room, Powder Room, Gym, Store Rooms: 1, Steam Room, Lounge or Sitting Room, Laundry Room, Other Rooms","Broadband Internet Access, Satellite or Cable TV Ready, Intercom, Other Business and Communication Facilities","Community Lawn or Garden, Community Swimming Pool, Community Gym, First Aid or Medical Centre, Day Care Centre, Kids Play Area, Barbeque Area, Mosque, Community Centre, Other Community Facilities","Lawn or Garden, Swimming Pool, Sauna, Jacuzzi, Other Healthcare and Recreation Facilities","Nearby Schools, Nearby Hospitals, Nearby Shopping Malls, Nearby Restaurants, Distance From Airport (kms), Nearby Public Transport Service, Other Nearby Places","Maintenance Staff, Security Staff, Facilities for Disabled, Other Facilities",,,
https://www.zameen.com/Property/dha_defence_dha_defence_phase_2_dha_phase_2_one_kanal_brand_new_luxury_house-52584406-339-1.html,House,PKR11.9 Crore,6,1 Kanal,For Sale,6,1 week ago,"DHA Defence, Islamabad, Islamabad Capital",Demand 11.90 caror 6000 sq/ft 6 bed designer house Spanish tiles Tripple bodied floor tiles Solid USA yellow pine wood work Yall fixtures Paradiso Granite kitchen tops,"Double Glazed Windows, Central Air Conditioning, Central Heating, Flooring, Waste Disposal, Other Main Features, Furnished","Bedrooms: 2, Bathrooms: 2, Drawing Room, Dining Room, Kitchens: 1, Study Room, Prayer Room, Powder Room, Gym, Steam Room, Lounge or Sitting Room, Laundry Room","Broadband Internet Access, Satellite or Cable TV Ready, Intercom","First Aid or Medical Centre, Day Care Centre, Kids Play Area, Barbeque Area, Mosque, Community Centre",,"Nearby Schools, Nearby Hospitals, Nearby Shopping Malls, Nearby Restaurants, Distance From Airport (kms), Nearby Public Transport Service, Other Nearby Places","Maintenance Staff, Security Staff, Facilities for Disabled, Other Facilities",,,
https://www.zameen.com/Property/dha_defence_phase_2_dha_phase_2_-_sector_b_1_kanal_brand_new_designer_house_available_for_sale_in_dha_phase_2_islamabad-53349539-3197-1.html,House,PKR13.9 Crore,6,1 Kanal,For Sale,5,2 days ago,"DHA Defence, Islamabad, Islamabad Capital","Presenting This Exceptional 1 Kanal Masterpiece, one of the most sought-after houses for sale in DHA. Situated near a park and close to all essential amenities, this property offers luxurious living at its finest. Here are some key features of this remarkable house: 5 spacious bedrooms, each with attached bathrooms All bathrooms equipped with high-quality imported fittings, including Grohe fittings Impeccable woodwork throughout the house, using teak wood and ash wood Imported fittings installed in every washroom Conveniently located near a park and mosque Commercial area in close proximity Total covered area of approximately 6000 sq ft Double-story structure Wiring for UPS and generator completed Provision for CCTV cameras Solid steel work for the main gate Sliding doors for ease of access Elegant marble-tiled wooden flooring Spanish tiles used to cover all washrooms Contact Us For Further information","Built in year: 2025, Parking Spaces: 3, Double Glazed Windows, Flooring, Electricity Backup, Waste Disposal, Floors: 2","Bedrooms: 5, Bathrooms: 6, Drawing Room, Dining Room, Kitchens: 2, Study Room, Powder Room, Store Rooms: 2, Steam Room, Lounge or Sitting Room, Laundry Room","Broadband Internet Access, Satellite or Cable TV Ready, Intercom","Community Lawn or Garden, Kids Play Area, Barbeque Area","Lawn or Garden, Jacuzzi","Nearby Schools, Nearby Hospitals, Nearby Shopping Malls, Nearby Restaurants, Distance From Airport (kms), Nearby Public Transport Service","Maintenance Staff, Security Staff, Facilities for Disabled",,,
https://www.zameen.com/Property/dha_defence_dha_defence_phase_2_jinnah_boulevard_house_prime_location_near_to_park_near_to_aps_school_near_to_masjid_near_to_b_pharmacy-53280700-339-1.html,House,PKR12.7 Crore,6,1 Kanal,For Sale,6,4 weeks ago,"DHA Defence, Islamabad, Islamabad Capital",House for Sale Your Dream Home Awaits! Location: Prime & peaceful area Size: Spacious design with modern architecture Move in today & start living your dream life! Perfect Family House Comfort aur Class ek sath,"Built in year: 2025, Parking Spaces: 03, Double Glazed Windows, Central Air Conditioning, Central Heating, Flooring, Electricity Backup, Waste Disposal, Floors: 01, Other Main Features","Bedrooms: 06, Bathrooms: 07, Servant Quarters: 02, Drawing Room, Dining Room, Kitchens: 02, Study Room, Prayer Room, Powder Room, Gym, Store Rooms: 01, Steam Room, Lounge or Sitting Room, Laundry Room","Broadband Internet Access, Satellite or Cable TV Ready, Intercom, Other Business and Communication Facilities","Community Lawn or Garden, Community Swimming Pool, Community Gym, First Aid or Medical Centre, Day Care Centre, Kids Play Area, Barbeque Area, Mosque, Community Centre, Other Community Facilities","Lawn or Garden, Swimming Pool, Sauna, Jacuzzi, Other Healthcare and Recreation Facilities","Nearby Schools, Nearby Hospitals, Nearby Shopping Malls, Nearby Restaurants, Distance From Airport (kms), Nearby Public Transport Service, Other Nearby Places","Maintenance Staff, Security Staff, Facilities for Disabled, Other Facilities",,,
https://www.zameen.com/Property/f_6_f-6_1_17_marla_ambassador_house_for_sale-53315615-3299-1.html,House,PKR42 Crore,6,19.5 Marla,For Sale,5,5 days ago,"F-6, Islamabad, Islamabad Capital","488 Sqyard Ambassador House For Sale (488 Sq Yds) Prime Location *F-6/1 Islamabad* 5 Bed room house Ground 1 Bed attached bath, one powder room wide tv lounge Drawing Dining Open Kitchen+greasy kitchen First Floor 3 Bed attached bath, powder room, open kitchen, tv lounge & Basement Party Hall 1 Bed attach bath, powder bathroom, small open kitchen +Cinema Room +Jacqucy Room 2 Servant Quarters Laundry area 1 Momty Roof Top bed with bath Wide Car Parking Prime Location very Near F-6 Kohsar Market Islamabad Rent: 6000 USD/ Foreigners Only For Sale :42 Crore for more details Feel free to contact Fair Deal Realtors D-12","Built in year: 2023, Parking Spaces: 3, Double Glazed Windows, Central Air Conditioning, Central Heating, Flooring, Electricity Backup, Waste Disposal, Floors: 3, Other Main Features, Furnished","Bedrooms: 5, Bathrooms: 6, Servant Quarters: 2, Drawing Room, Dining Room, Kitchens: 3, Powder Room, Store Rooms: 1, Lounge or Sitting Room, Other Rooms","Broadband Internet Access, Satellite or Cable TV Ready",Community Lawn or Garden,"Lawn or Garden, Jacuzzi","Nearby Schools, Nearby Hospitals, Nearby Shopping Malls, Nearby Restaurants, Distance From Airport (kms), Nearby Public Transport Service, Other Nearby Places",Security Staff,,,
https://www.zameen.com/Property/mpchs_multi_gardens_mpchs_-_block_c_8_marla_brand_new_double_unit_double_story_house_for_sale_in_multi_gardens_b-17_islamabad-53256848-3118-1.html,House,PKR3.2 Crore,5,8 Marla,For Sale,4,4 days ago,"B-17, Islamabad, Islamabad Capital","8 Marla Double Unit House for Sale in Multi Gardens B-17, Islamabad A beautifully built 8 Marla double-unit, double-storey house is available for sale in the prime location of Multi Gardens, Sector B-17, Islamabad. This modern home offers direct access from the main double road and is just a short walk from the mosque, park, and school, making it ideal for families. Property Features: 4 spacious bedrooms with attached bathrooms Servant quarter with separate entrance Stylish and fully equipped kitchen Powder room for guests 2-car parking space in a wide porch Elegant front elevation and modern architecture Bright, airy rooms with excellent ventilation Premium fittings and quality construction Location Highlights: Prime sector of B-17, Multi Gardens Direct access from main double road Walking distance from mosque, park, and school Peaceful and secure neighborhood This property offers a perfect blend of luxury, comfort, and convenience an ideal choice for families seeking a beautiful home in one of Islamabads most prestigious housing","Built in year: 2025, Parking Spaces: 2, Flooring, Electricity Backup, Floors: 2","Bedrooms: 4, Bathrooms: 5, Servant Quarters: 1, Drawing Room, Dining Room, Kitchens: 2, Study Room, Prayer Room, Powder Room, Store Rooms: 1, Steam Room, Lounge or Sitting Room, Laundry Room","Broadband Internet Access, Satellite or Cable TV Ready, Intercom","Community Lawn or Garden, Community Swimming Pool, Community Gym, First Aid or Medical Centre, Day Care Centre, Kids Play Area, Barbeque Area, Mosque, Community Centre","Lawn or Garden, Swimming Pool, Sauna, Jacuzzi","Nearby Schools, Nearby Hospitals, Nearby Shopping Malls, Nearby Restaurants, Distance From Airport (kms), Nearby Public Transport Service, Other Nearby Places",,,,
https://www.zameen.com/Property/mpchs_multi_gardens_mpchs_-_block_f_5_marla_brand_new_luxury_designer_house_for_sale_in_multi_gardens_b-17_islamabad_block_f-53274904-8527-1.html,House,PKR2.45 Crore,5,5 Marla,For Sale,4,6 days ago,"B-17, Islamabad, Islamabad Capital",size. 25x50 5 Marla Brand new Solid land Sun Facing Good location A++ Quality of construction All facilities Water boring Gas Electricity Walking distance from Park Masque main commercial market School Direct access from main Double Road very Reasonable For more details contact Zohaib Adalat Baloch Grow More Farm and Land,"Built in year: 2025, Parking Spaces: 1, Double Glazed Windows, Central Air Conditioning, Central Heating, Flooring, Electricity Backup, Waste Disposal, Floors: 2","Bedrooms: 4, Bathrooms: 5, Servant Quarters: 1, Drawing Room, Dining Room, Kitchens: 2, Study Room, Prayer Room, Powder Room, Store Rooms: 1, Steam Room, Lounge or Sitting Room, Laundry Room","Broadband Internet Access, Satellite or Cable TV Ready, Intercom","Community Lawn or Garden, Community Swimming Pool, Community Gym, First Aid or Medical Centre, Day Care Centre, Kids Play Area, Barbeque Area, Mosque, Community Centre","Lawn or Garden, Swimming Pool, Sauna, Jacuzzi","Nearby Schools, Nearby Hospitals, Nearby Shopping Malls, Nearby Restaurants, Distance From Airport (kms), Nearby Public Transport Service, Other Nearby Places",Security Staff,,,
https://www.zameen.com/Property/mpchs_multi_gardens_mpchs_-_block_b_14_marla_double_story_single_unit_corner_house_for_sale_in_multi_gardens_b-17_islamabad-53274969-3117-1.html,House,PKR4.35 Crore,6,14 Marla,For Sale,5,6 days ago,"B-17, Islamabad, Islamabad Capital",14 Marla with extra land B block Used Double Story Single Unit Corner house Prime Location Some steps from Park Masque main commercial market main Double Road School Main Gate No. 1 All facilities Sui Gas Meter installed Water boring 60 feet wide carpeted Street Corner Sun face investor Rate price Visit any time possible for more details contact. Zohaib Adalat Baloch,"Built in year: 2019, Parking Spaces: 2, Flooring, Electricity Backup, Floors: 2","Bedrooms: 5, Bathrooms: 6, Servant Quarters: 1, Drawing Room, Dining Room, Kitchens: 2, Study Room, Prayer Room, Powder Room, Store Rooms: 1, Steam Room, Lounge or Sitting Room, Laundry Room","Broadband Internet Access, Satellite or Cable TV Ready, Intercom","Community Lawn or Garden, Community Swimming Pool, Community Gym, First Aid or Medical Centre, Day Care Centre, Kids Play Area, Barbeque Area, Mosque, Community Centre","Lawn or Garden, Swimming Pool, Sauna, Jacuzzi","Nearby Schools, Nearby Hospitals, Nearby Shopping Malls, Nearby Restaurants, Distance From Airport (kms), Nearby Public Transport Service, Other Nearby Places",Security Staff,,,
https://www.zameen.com/Property/mpchs_multi_gardens_mpchs_-_block_e_8_marla_brand_new_main_double_road_house_for_sale_in_multi_gardens_b-17_islamabad-53251877-3120-1.html,House,PKR2.85 Crore,6,8 Marla,For Sale,4,6 days ago,"B-17, Islamabad, Islamabad Capital",30X60 E block Brand new house Main Double Road Sun face Solid land A++ Quality of construction walking distance from Park Masque main commercial market School All facilities Water boring Electricity Visit any time possible For more information contact Zohaib Adalat Baloch,"Built in year: 2025, Parking Spaces: 2, Double Glazed Windows, Central Air Conditioning, Central Heating, Flooring, Electricity Backup, Waste Disposal, Floors: 2, Other Main Features, Furnished","Bedrooms: 4, Bathrooms: 6, Servant Quarters: 1, Drawing Room, Dining Room, Kitchens: 2, Study Room, Prayer Room, Powder Room, Gym, Store Rooms: 1, Steam Room, Lounge or Sitting Room, Laundry Room","Broadband Internet Access, Satellite or Cable TV Ready, Intercom, Other Business and Communication Facilities","Community Lawn or Garden, Community Swimming Pool, Community Gym, First Aid or Medical Centre, Day Care Centre, Kids Play Area, Barbeque Area, Mosque, Community Centre","Lawn or Garden, Swimming Pool, Sauna, Jacuzzi, Other Healthcare and Recreation Facilities","Nearby Schools, Nearby Hospitals, Nearby Shopping Malls, Nearby Restaurants, Distance From Airport (kms), Nearby Public Transport Service, Other Nearby Places",Other Facilities,,,
https://www.zameen.com/Property/mpchs_multi_gardens_mpchs_-_block_b_house_for_sale-53244852-3117-1.html,House,PKR6.6 Crore,5,14 Marla,For Sale,5,5 days ago,"B-17, Islamabad, Islamabad Capital",New designer house A+ construction house for sale. Brand new house. *Desirous rooms with attached washroms. Big size designer washrooms. * A+ construction. * Heighted doors. Prime location house. * Walking distance park. * Walking distance musjed. * Walking distance markaz. Society give free water supply.,"Built in year: 2025, Double Glazed Windows, Central Air Conditioning, Central Heating","Drawing Room, Dining Room, Study Room, Prayer Room, Powder Room, Steam Room, Lounge or Sitting Room, Laundry Room","Broadband Internet Access, Satellite or Cable TV Ready, Intercom","Community Lawn or Garden, Community Swimming Pool, Community Gym, First Aid or Medical Centre, Day Care Centre, Kids Play Area, Barbeque Area, Mosque, Community Centre","Lawn or Garden, Swimming Pool, Sauna, Jacuzzi","Nearby Schools, Nearby Hospitals, Nearby Shopping Malls, Nearby Restaurants, Distance From Airport (kms), Nearby Public Transport Service, Other Nearby Places","Maintenance Staff, Security Staff, Facilities for Disabled, Other Facilities",,,
https://www.zameen.com/Property/islamabad_f-10_luxury_park_towers_apartment_3_bed_2000_sq_ft-53290739-162-1.html,Flat,PKR5.5 Crore,3,8.9 Marla,For Sale,3,2 weeks ago,"F-10, Islamabad, Islamabad Capital","A Rare Opportunity at Park Towers! Secure your dream luxury residence in the prestigious Park Towers with this exceptional apartment, perfectly blending space, comfort, and a premier location. , this apartment offers an unbeatable Park-Facing view, providing a tranquil and green outlook. Spanning a generous 2000 square feet (s/f), the unit is meticulously designed for a sophisticated lifestyle. Key Apartment Features: 3 Spacious Bedrooms: Each room comes with its own attached washroom, ensuring maximum privacy and convenience. Dedicated Living Spaces: Includes a large Drawing Room, separate Dining Area, and a comfortable TV Loungeperfect for entertaining and family gatherings. Servant Quarter: A dedicated quarter for staff adds to the convenience and functionality of the home. View: Direct Park Face view. Size: Generous 2000 s/f layout. This is a ready-to-move-in opportunity in one of the city's most sought-after addresses. Demand Price: 5.50 Crore Serious buyers are invited to contact us for further details and to schedule a private viewing. Don't miss out on acquiring this prime piece of real estate!","Built in year: 2022, Parking Spaces: 1, Lobby in Building, Double Glazed Windows, Central Air Conditioning, Central Heating, Flooring, Electricity Backup, Waste Disposal, Floor: 2, Floors in Building: 6, Elevators, Service Elevators in Building, Other Main Features, Furnished","Bedrooms: 3, Bathrooms: 3, Servant Quarters: 1, Drawing Room, Dining Room, Kitchens: 1",,,,,,,,
https://www.zameen.com/Property/bahria_enclave_cube_apartments_studio_cube_apartment_for_sale_murree_hills_view_sector_a_bahria_enclave-53291186-21520-1.html,Flat,PKR79 Lakh,1,2.9 Marla,For Sale,-,1 day ago,"Bahria Town, Islamabad, Islamabad Capital","Discover modern and compact living in this stunning studio apartment at Cube Apartments, Sector A, Bahria Enclave. This 650 sq-ft property offers a breathtaking, unobstructed Murree-facing hills view from the 5th floor, providing a serene and picturesque backdrop. Featuring solid construction and designer finishes, it's a perfect opportunity for both end-users and investors. Apartment Features: Layout: A smart, open-plan studio with 1 bathroom and an open-style kitchen. View: Unparalleled, direct Murree Hills view. Floor: 5th Floor (Ideal for views and privacy). Parking: Inner car parking space (Paid). Condition: Solid construction with high-quality designer finishes. Building & Community Amenities: 24/7 Security with CCTV Surveillance Fast Elevators with Backup Generator Modern Lobby & Reception Area Gated Community with access to all Bahria Enclave facilities (Parks, Zoo, etc. ) Prime Location: Walking distance to Masjid, Park, and Commercial Area. Close to schools, clinics, grocery stores, and restaurants. Peaceful, clean neighborhood near the main entrance of Bahria Enclave. Ideal for: First-time buyers, investors seeking high rental yield, or anyone wanting a low-maintenance, modern home with a premium view. Demand: PKR 79 Lacs Contact us today to schedule a viewing and secure this unique property!","Built in year: 2022, Parking Spaces, Lobby in Building, Double Glazed Windows, Central Air Conditioning, Central Heating, Flooring, Electricity Backup, Waste Disposal, Floor, Floors in Building: 9, Elevators, Service Elevators in Building, Other Main Features, Furnished","Bedrooms: 1, Bathrooms: 1, Servant Quarters: 1, Drawing Room, Dining Room, Kitchens: 1, Study Room, Prayer Room, Powder Room, Gym, Store Rooms: 1, Steam Room, Lounge or Sitting Room, Laundry Room, Other Rooms","Broadband Internet Access, Satellite or Cable TV Ready, Business Center or Media Room in Building, Conference Room in Building, Intercom, ATM Machines","Community Lawn or Garden, Community Swimming Pool, Community Gym, First Aid or Medical Centre, Day Care Centre, Kids Play Area, Barbeque Area, Mosque, Community Centre, Other Community Facilities","Sauna, Jacuzzi, Other Healthcare and Recreation Facilities","Nearby Schools, Nearby Hospitals, Nearby Shopping Malls, Nearby Restaurants, Distance From Airport (kms), Nearby Public Transport Service, Other Nearby Places","Maintenance Staff, Security Staff, Laundry or Dry Cleaning Facility, Facilities for Disabled, Other Facilities",,,
https://www.zameen.com/Property/g_11_g-11_2_facing_park_house_for_grabs_in_1800_square_feet_islamabad-53118035-3331-1.html,House,PKR7.25 Crore,4,8 Marla,For Sale,5,5 days ago,"G-11, Islamabad, Islamabad Capital","Park Facing 30x60 Front Open Beautiful House Is Available For Sale On Investor Rate. Bedroom With Attach Bath Drawing Dining Tv Lounge Kitchen Car parking Space Fully Tile Flooring Near By Park, Masjid, School, Hospital, Market, And Srinagar Highway Ideal And Peace Full location Nice House Wide streets Nearby commercial and public parks with kids play area. This House is in one of the most leading and Emerging sector of Islamabad. Fully Tille Flooring All Facilities Are Available More Details Please Contact us And Arrange Visit","Parking Spaces: 2, Double Glazed Windows, Central Air Conditioning, Central Heating, Flooring, Electricity Backup, Waste Disposal, Other Main Features","Servant Quarters: 1, Drawing Room, Dining Room, Kitchens: 2, Study Room, Prayer Room, Powder Room, Gym, Store Rooms: 1, Steam Room, Lounge or Sitting Room, Laundry Room, Other Rooms","Broadband Internet Access, Satellite or Cable TV Ready, Intercom, Other Business and Communication Facilities","Community Lawn or Garden, Community Swimming Pool, Community Gym, First Aid or Medical Centre, Day Care Centre, Kids Play Area, Barbeque Area, Mosque, Community Centre, Other Community Facilities","Sauna, Jacuzzi, Other Healthcare and Recreation Facilities","Nearby Schools, Nearby Hospitals, Nearby Shopping Malls, Nearby Restaurants, Distance From Airport (kms), Nearby Public Transport Service, Other Nearby Places","Maintenance Staff, Security Staff, Facilities for Disabled, Other Facilities",,,
https://www.zameen.com/Property/dha_defence_dha_defence_phase_2_1_kanal_luxury_house_for_sale_in_dha_phase_2_islamabad-53271268-339-1.html,House,PKR10 Crore,6,1 Kanal,For Sale,5,2 days ago,"DHA Defence, Islamabad, Islamabad Capital","1 Kanal Luxury House for Sale in DHA Phase 2, Islamabad Discover a beautifully designed 1 kanal home located in the heart of DHA Phase 2, Islamabad where modern architecture meets ultimate comfort. Property Features: 5 Spacious Bedrooms with Attached Baths Stylish Drawing, Dining & TV Lounges Modern Kitchen with Quality Fittings Servant Quarter with Separate Entrance Beautiful Lawn & Car Parking Space Solid Construction with Premium Finishing Prime Location Easy Access to Gate, Schools & Markets This house is perfect for families looking for elegance, space, and a peaceful lifestyle in a secure DHA community.","Built in year: 2019, Parking Spaces, Double Glazed Windows, Central Air Conditioning, Central Heating, Flooring, Electricity Backup, Waste Disposal, Other Main Features, Furnished","Bedrooms: 9, Bathrooms: 9, Servant Quarters: 2, Drawing Room, Dining Room, Kitchens: 3, Study Room, Prayer Room, Powder Room, Gym, Store Rooms: 1, Steam Room, Lounge or Sitting Room, Laundry Room, Other Rooms","Broadband Internet Access, Satellite or Cable TV Ready, Intercom, Other Business and Communication Facilities","Community Lawn or Garden, Community Swimming Pool, Community Gym, First Aid or Medical Centre, Day Care Centre, Kids Play Area, Barbeque Area, Mosque, Community Centre, Other Community Facilities","Lawn or Garden, Swimming Pool, Sauna, Jacuzzi, Other Healthcare and Recreation Facilities","Nearby Schools, Nearby Hospitals, Nearby Shopping Malls, Nearby Restaurants, Distance From Airport (kms), Nearby Public Transport Service, Other Nearby Places","Maintenance Staff, Security Staff, Facilities for Disabled, Other Facilities",,,
https://www.zameen.com/Property/islamabad_soan_garden_5_marla_double_storey_house_is_available_for_sale-47859693-338-1.html,House,PKR2.25 Crore,6,5 Marla,For Sale,4,10 hours ago,"Soan Garden, Islamabad, Islamabad Capital",5 Marla Double Story House is Available For Sale In Soan Garden Housing Society Islamabad Stunning Location Front wide Road Reasonable price Features 4 Bedrooms 6 Bathroom 2 kitchen 2 Drawing Room TV lounge Space for car parking All facilities are Available Gas meter Apply call Us More Information,"Built in year: 2023, Parking Spaces: 1, Double Glazed Windows, Central Air Conditioning, Central Heating, Flooring, Electricity Backup, Waste Disposal, Floors: 2, Other Main Features, Furnished","Bedrooms: 4, Bathrooms: 6, Servant Quarters: 1, Drawing Room, Dining Room, Kitchens: 2, Study Room, Prayer Room, Powder Room, Gym, Store Rooms: 1, Steam Room, Lounge or Sitting Room, Laundry Room, Other Rooms","Broadband Internet Access, Satellite or Cable TV Ready, Intercom, Other Business and Communication Facilities","Community Lawn or Garden, Community Swimming Pool, Community Gym, First Aid or Medical Centre, Day Care Centre, Kids Play Area, Barbeque Area, Mosque, Community Centre, Other Community Facilities","Lawn or Garden, Swimming Pool, Sauna, Jacuzzi, Other Healthcare and Recreation Facilities","Nearby Schools, Nearby Hospitals, Nearby Shopping Malls, Nearby Restaurants, Distance From Airport (kms), Nearby Public Transport Service, Other Nearby Places","Maintenance Staff, Security Staff, Facilities for Disabled, Other Facilities",,,
https://www.zameen.com/Property/soan_garden_soan_garden_-_block_e_1_kanal_double_storey_latest_design_house_for_sale_in_cechs-52528902-3495-1.html,House,PKR7.5 Crore,6,1 Kanal,For Sale,7,1 day ago,"Soan Garden, Islamabad, Islamabad Capital",1 KANAL DOUBLE STORY HOUSE FOR SALE IN SOAN GARDEN HOUSING SOCIETY ISLAMABAD Stunning Location Front Wide Road 40 Feet Reasonable Price Feachers Solid Construction All Record Available Tile Flooring 6 Bedrooms 9 Bathroom 2 Drawing Room 2 Dinning Room TV Lounge 2 Kitchen+2 Dirty Kitchen Servant Room Attech Bathroom 2 Store Room Near To Masjid Park Water Filter Schools Hospital Shopping MaLL Near To Main High Way Islamabad 2 Electric Meter 2 Water Tank Overhead Call Us More Information,"Built in year: 2025, Parking Spaces: 3, Double Glazed Windows, Central Air Conditioning, Central Heating, Flooring, Electricity Backup, Waste Disposal, Floors: 2, Other Main Features, Furnished","Bedrooms: 6, Bathrooms: 9, Servant Quarters: 1, Drawing Room, Dining Room, Kitchens: 2, Study Room, Prayer Room, Powder Room, Gym, Store Rooms: 1, Steam Room, Lounge or Sitting Room, Laundry Room, Other Rooms","Broadband Internet Access, Satellite or Cable TV Ready, Intercom, Other Business and Communication Facilities","Community Lawn or Garden, Community Swimming Pool, Community Gym, First Aid or Medical Centre, Day Care Centre, Kids Play Area, Barbeque Area, Mosque, Community Centre, Other Community Facilities","Lawn or Garden, Swimming Pool, Sauna, Jacuzzi, Other Healthcare and Recreation Facilities","Nearby Schools, Nearby Hospitals, Nearby Shopping Malls, Nearby Restaurants, Distance From Airport (kms), Nearby Public Transport Service, Other Nearby Places","Maintenance Staff, Security Staff, Facilities for Disabled, Other Facilities",,,
https://www.zameen.com/Property/mpchs_multi_gardens_mpchs_-_block_f_specious_5_marla_double_story_house_for_sale-53091156-8527-1.html,House,PKR1.9 Crore,5,5 Marla,For Sale,3,8 hours ago,"B-17, Islamabad, Islamabad Capital",Multi Garden B17 Islamabad. Block F House 5 Marla Double Story Double Unit. Water Electric Available . Gas Available In Street. Near To Mosque School Shopping Mall Park Very Prime Location Boring Water Available A + Construction Available On Bank Loan Payment Also For More Detail Or Viewing Call Or Whatsapp On Mentioned Contact No. We have another house at sale block F st no 106 dauble unit house park face price 2 cror rental value 80k per month,,,,,,"Nearby Schools, Nearby Hospitals, Nearby Shopping Malls, Nearby Restaurants, Distance From Airport (kms), Nearby Public Transport Service, Other Nearby Places",,,,
https://www.zameen.com/Property/islamabad_emaar_canyon_views_14_marla_luxury_house_for_sale_emaar_dha_phase_5_islamabad_10_marla_covered_4_marla_side_lawn_back_open-53025273-8370-1.html,House,PKR4.25 Crore,4,14 Marla,For Sale,4,5 days ago,"Emaar Canyon Views, Islamabad, Islamabad Capital","Discover a beautifully designed 14 Marla house located in the prestigious Emaar DHA Phase 5 Islamabad. The property offers a perfect blend of elegance, comfort, and open space, making it an ideal choice for families seeking a premium lifestyle. 10 Marla Covered Area + 4 Marla Side Lawn Back Open Ensuring extra ventilation, privacy, and natural light Spacious layout with modern interiors Located in one of the most secure and highly in-demand communities of Islamabad Walking distance to parks, commercial, and main boulevard This house is perfect for those who appreciate luxury living with extra open space in one of the most sought-after projects of DHA.","Built in year: 2010, Parking Spaces: 1, Double Glazed Windows, Flooring, Electricity Backup, Waste Disposal, Floors: 2, Other Main Features","Bedrooms: 3, Bathrooms: 3, Drawing Room, Dining Room, Kitchens: 1, Store Rooms, Lounge or Sitting Room, Laundry Room, Other Rooms","Broadband Internet Access, Satellite or Cable TV Ready, Intercom, Other Business and Communication Facilities","Community Lawn or Garden, Community Swimming Pool, Community Gym, First Aid or Medical Centre, Day Care Centre, Kids Play Area, Barbeque Area, Mosque, Community Centre, Other Community Facilities","Lawn or Garden, Swimming Pool, Sauna, Jacuzzi, Other Healthcare and Recreation Facilities","Nearby Schools, Nearby Hospitals, Nearby Shopping Malls, Nearby Restaurants, Distance From Airport (kms), Nearby Public Transport Service, Other Nearby Places","Maintenance Staff, Security Staff, Facilities for Disabled, Other Facilities",,,
https://www.zameen.com/Property/g_14_g-14_4_brand_new_5_marla_luxury_full_house_is_available_for_sale_in_g-14-53300273-3346-1.html,House,PKR5.25 Crore,4,5 Marla,For Sale,4,2 days ago,"G-14, Islamabad, Islamabad Capital","Brand New 5 Marla Luxury Full House Is Available For Sale In G-14 04 Bedroom With Attach Bathroom Drawing Dining Tv Lounge Kitchen Car parking Space Fully Tile Flooring Near By Park, Masjid, School, Hospital, Market, And Srinagar Highway Ideal And Peace Full location Nice House Wide streets Nearby commercial and public parks with kids play area. This House is in one of the most leading and Emerging sector of Islamabad. Fully Tille Flooring All Facilities Are Available More Details Please Contact us And Arrange Visit","Built in year: 2025, Parking Spaces: 2, Double Glazed Windows, Central Air Conditioning, Central Heating, Flooring, Electricity Backup, Waste Disposal, Other Main Features","Bedrooms: 04, Bathrooms: 04, Servant Quarters: 1, Drawing Room, Dining Room, Kitchens: 2, Study Room, Prayer Room, Powder Room, Gym, Store Rooms: 1, Steam Room, Lounge or Sitting Room, Laundry Room, Other Rooms","Broadband Internet Access, Satellite or Cable TV Ready, Intercom, Other Business and Communication Facilities","Community Lawn or Garden, Community Swimming Pool, Community Gym, First Aid or Medical Centre, Day Care Centre, Kids Play Area, Barbeque Area, Mosque, Community Centre, Other Community Facilities","Sauna, Jacuzzi, Other Healthcare and Recreation Facilities","Nearby Schools, Nearby Hospitals, Nearby Shopping Malls, Nearby Restaurants, Distance From Airport (kms), Nearby Public Transport Service, Other Nearby Places","Maintenance Staff, Security Staff, Facilities for Disabled, Other Facilities",,,
https://www.zameen.com/Property/dha_defence_phase_2_dha_phase_2_-_sector_g_1_kanal_brand_new_designer_top_location_house_available_for_sale_in_dha_phase_2_islamabad-53349444-3202-1.html,House,PKR13.2 Crore,6,1 Kanal,For Sale,5,2 days ago,"DHA Defence, Islamabad, Islamabad Capital","Presenting This Exceptional 1 Kanal Masterpiece, one of the most sought-after houses for sale in DHA. Situated near a park and close to all essential amenities, this property offers luxurious living at its finest. Here are some key features of this remarkable house: 5 spacious bedrooms, each with attached bathrooms All bathrooms equipped with high-quality imported fittings, including Grohe fittings Impeccable woodwork throughout the house, using teak wood and ash wood Imported fittings installed in every washroom Conveniently located near a park and mosque Commercial area in close proximity Total covered area of approximately 6000 sq ft Double-story structure Wiring for UPS and generator completed Provision for CCTV cameras Solid steel work for the main gate Sliding doors for ease of access Elegant marble-tiled wooden flooring Spanish tiles used to cover all washrooms Contact Us For Further information","Built in year: 2028, Parking Spaces: 3, Double Glazed Windows, Flooring, Electricity Backup, Waste Disposal, Floors: 2, Other Main Features","Bedrooms: 5, Bathrooms: 6, Servant Quarters: 2, Drawing Room, Dining Room, Kitchens: 2, Study Room, Powder Room, Store Rooms: 1, Steam Room, Lounge or Sitting Room, Laundry Room","Broadband Internet Access, Satellite or Cable TV Ready, Intercom","Community Lawn or Garden, Kids Play Area, Barbeque Area","Lawn or Garden, Jacuzzi","Nearby Schools, Nearby Hospitals, Nearby Shopping Malls, Nearby Restaurants, Distance From Airport (kms), Nearby Public Transport Service, Other Nearby Places","Maintenance Staff, Security Staff, Facilities for Disabled, Other Facilities",,,
https://www.zameen.com/Property/i_8_i-8_3_40_80_triple_storey_house_for_sale-51866099-3443-1.html,House,PKR15 Crore,7,12 Marla,For Sale,9,4 weeks ago,"I-8, Islamabad, Islamabad Capital",9 BEDROOMS WITH WASHROOMS TRIPLE STOREY BEAUTIFUL LOCATION REASONABLE PRICE,"Built in year, Parking Spaces, Double Glazed Windows, Central Air Conditioning, Central Heating, Flooring, Electricity Backup, Waste Disposal, Floors: 3, Other Main Features, Furnished","Bedrooms, Bathrooms, Servant Quarters, Drawing Room, Dining Room, Kitchens, Study Room, Prayer Room, Powder Room, Gym, Store Rooms, Steam Room, Lounge or Sitting Room, Laundry Room, Other Rooms","Broadband Internet Access, Satellite or Cable TV Ready, Intercom, Other Business and Communication Facilities","Community Lawn or Garden, Community Swimming Pool, Community Gym, First Aid or Medical Centre, Day Care Centre, Kids Play Area, Barbeque Area, Mosque, Community Centre, Other Community Facilities","Lawn or Garden, Swimming Pool, Sauna, Jacuzzi, Other Healthcare and Recreation Facilities","Nearby Schools, Nearby Hospitals, Nearby Shopping Malls, Nearby Restaurants, Distance From Airport (kms), Nearby Public Transport Service, Other Nearby Places","Security Staff, Other Facilities",,,
https://www.zameen.com/Property/islamabad_i-12_ground_floor_flat_available_for_sale-43624920-1418-1.html,Flat,PKR57 Lakh,2,3.9 Marla,For Sale,2,1 day ago,"I-12, Islamabad, Islamabad Capital","All Dues Clear Ground Floor with An Ultra Modern Interior, Spacious Rooms, Attached Bath And Kitchen, This Flat Is No Less Than A Dream. Just Know That A Purchasing Opportunity Like This Doesn't Come Easy. The Centrally Located 870 Square Feet Property Is Perfect To Live A Lavish Life. You'll Thank Your Future Self For Investing In Property At Pkr Rs. 7,000,000 Today. If You Are Looking For A Good Neighborhood, The Location Of I-12 Can Be Your Best Pick. Return On Investment, Capital Gains And Better Annual Rental Yield, What Else Do You Want In I-12. notable Property Details Are As Follows. you Won't Have To Worry About Lifting Your Goods To Your Floor, As The Building Facilities Includes A Service Elevator For That Purpose. you Can Enjoy Superior Air-quality With A Central Air-conditioning System That Is Part Of The Flat. the Flat Has Double Glazed Windows That Are Stylish Yet Practical. with A Communal Kitchen In The Building, Sharing Meals Can Become Easier. the Flat Features State-of-the-art Amenities For The Differently-abled. a Powder Room In The Residence Can Be Used As An Extra Bathroom. the Apartment Building Provides An Inviting Ambiance With Its Spacious Lobby And Reception Area. to Purchase Your Home At The Best Prices, Drop Us A Line Today.","Built in year: 2024, Parking Spaces, Double Glazed Windows, Central Air Conditioning, Central Heating, Flooring, Electricity Backup, Waste Disposal, Floor, Floors in Building: 1, Elevators, Service Elevators in Building, Other Main Features","Bedrooms, Bathrooms, Servant Quarters: 1, Drawing Room, Dining Room, Kitchens: 1, Study Room, Prayer Room, Powder Room, Store Rooms: 1, Lounge or Sitting Room, Laundry Room, Other Rooms","Broadband Internet Access, Satellite or Cable TV Ready, ATM Machines, Other Business and Communication Facilities","Community Lawn or Garden, Community Swimming Pool, Community Gym, First Aid or Medical Centre, Day Care Centre, Kids Play Area, Barbeque Area, Mosque, Community Centre, Other Community Facilities",,"Nearby Schools, Nearby Hospitals, Nearby Shopping Malls, Nearby Restaurants, Distance From Airport (kms), Nearby Public Transport Service, Other Nearby Places","Maintenance Staff, Security Staff, Other Facilities",,,
https://www.zameen.com/Property/islamabad_i-12_d_type_flat_available_for_sale-46428366-1418-1.html,Flat,PKR55 Lakh,2,3.9 Marla,For Sale,2,1 day ago,"I-12, Islamabad, Islamabad Capital","If you're looking for a Flat for investment purposes, you're in the right place. Check out this property that's just landed on the market for sale. 876 Square Feet Flat is available for sale in the best location. Not many properties are priced Rs. 6,500,000. So, it's better to grab the offer, before someone else does. I-12 is based away from the humdrum of urban city life, giving you the peace of mind you need most. Thinking about upgrading your lifestyle? Check out these properties in I-12. These features below will convince you why this property is right for you. A prayer room in the Flat is a great addition as a dedicated room for religious activity. Kids can swim to their hearts desire at the community pool. The Flat comes with spacious attached drawing room. The central heating system in the Flat keeps it cozy and warm inside. The building includes a well-designed lobby. Your home can stay cooler in summers with double-glazed windows. There is a community lawn at a walking distance from the Flat. Our agents can help address your concerns, if you dial the given number.","Built in year: 2018, Parking Spaces: 1, Lobby in Building, Double Glazed Windows, Central Air Conditioning, Central Heating, Flooring, Electricity Backup, Waste Disposal, Floor: 1, Floors in Building: 2018, Elevators, Service Elevators in Building, Other Main Features, Furnished","Bedrooms: 2, Bathrooms: 2, Servant Quarters: 1, Drawing Room, Dining Room, Kitchens: 1, Study Room, Prayer Room, Powder Room, Gym, Store Rooms: 1, Steam Room, Lounge or Sitting Room, Laundry Room, Other Rooms","Broadband Internet Access, Satellite or Cable TV Ready, Business Center or Media Room in Building, Conference Room in Building, Intercom, ATM Machines, Other Business and Communication Facilities","Community Lawn or Garden, Community Swimming Pool, Community Gym, First Aid or Medical Centre, Day Care Centre, Kids Play Area, Barbeque Area, Mosque, Community Centre, Other Community Facilities","Sauna, Jacuzzi, Other Healthcare and Recreation Facilities","Nearby Schools, Nearby Hospitals, Nearby Shopping Malls, Nearby Restaurants, Distance From Airport (kms), Nearby Public Transport Service, Other Nearby Places","Maintenance Staff, Security Staff, Laundry or Dry Cleaning Facility, Communal/Shared Kitchen, Facilities for Disabled, Pets Not Allowed, Other Facilities",,,
https://www.zameen.com/Property/dha_defence_phase_2_dha_phase_2_-_sector_g_1_kanal_brand_new_designer_house_for_sale_in_dha_phase_2_islamabad-53349230-3202-1.html,House,PKR11.9 Crore,6,1 Kanal,For Sale,5,2 days ago,"DHA Defence, Islamabad, Islamabad Capital","Presenting This Exceptional 1 Kanal Masterpiece, one of the most sought-after houses for sale in DHA. Situated near a park and close to all essential amenities, this property offers luxurious living at its finest. Here are some key features of this remarkable house: 5 spacious bedrooms, each with attached bathrooms All bathrooms equipped with high-quality imported fittings, including Grohe fittings Impeccable woodwork throughout the house, using teak wood and ash wood Imported fittings installed in every washroom Conveniently located near a park and mosque Commercial area in close proximity Total covered area of approximately 6000 sq ft Double-story structure Wiring for UPS and generator completed Provision for CCTV cameras Solid steel work for the main gate Sliding doors for ease of access Elegant marble-tiled wooden flooring Spanish tiles used to cover all washrooms Contact Us For Further information","Built in year: 2028, Parking Spaces: 3, Double Glazed Windows, Flooring, Electricity Backup, Waste Disposal, Floors: 2","Bedrooms: 5, Bathrooms: 6, Servant Quarters: 2, Drawing Room, Dining Room, Kitchens: 2, Study Room, Powder Room, Store Rooms: 2, Steam Room, Lounge or Sitting Room, Laundry Room","Broadband Internet Access, Satellite or Cable TV Ready, Intercom","Community Lawn or Garden, Kids Play Area, Barbeque Area, Mosque","Lawn or Garden, Jacuzzi","Nearby Schools, Nearby Hospitals, Nearby Shopping Malls, Nearby Restaurants, Distance From Airport (kms), Nearby Public Transport Service, Other Nearby Places","Maintenance Staff, Security Staff, Facilities for Disabled, Other Facilities",,,
https://www.zameen.com/Property/dha_defence_dha_defence_phase_2_6_marla_house_available_for_sale_in_dha_phase_2_islamabad-53349118-339-1.html,House,PKR4.2 Crore,5,6 Marla,For Sale,4,2 days ago,"DHA Defence, Islamabad, Islamabad Capital",6 Marla Brand New house available for sale in DHA phase 2 islamabad 4 bedrooms 5 washrooms car parking servant quarter 2 kitchen,"Built in year: 2025, Parking Spaces: 1, Double Glazed Windows, Flooring, Electricity Backup, Waste Disposal, Floors: 2","Bedrooms: 4, Bathrooms: 5, Servant Quarters: 1, Drawing Room, Kitchens: 2, Powder Room, Store Rooms: 1, Lounge or Sitting Room, Laundry Room",,,,"Nearby Schools, Nearby Hospitals, Nearby Shopping Malls, Nearby Restaurants, Distance From Airport (kms), Nearby Public Transport Service, Other Nearby Places","Security Staff, Other Facilities",,,
https://www.zameen.com/Property/islamabad_f-8_f-8_most_prime_location_house_available_for_sale_reasonable_price_87_ft_front_park_face-49454536-166-1.html,House,PKR40 Crore,6,2 Kanal,For Sale,6,3 hours ago,"F-8, Islamabad, Islamabad Capital","Uk Property Advisors and offer a very beautifully built house on very prime location facing the majestic Margalla hills for /sale in Islamabad 6 bedrooms with attached washrooms, 2 kitchens, T. V lounges, Drawing room, Dining room, Beautiful lawn and terrace, Servant rooms, Multiple car parkings, Installed air conditioners, central heating system Water bore. We have multiple options available for sale and rent in sectors F-6, F-7, F-8, E-7, G-6(3) F-10, F-11. For further details please contact us.","Built in year: 2002, Parking Spaces: 7, Double Glazed Windows, Central Air Conditioning, Central Heating, Flooring, Electricity Backup, Waste Disposal, Floors: 2, Other Main Features, Furnished","Bedrooms: 6, Bathrooms: 6, Servant Quarters: 2, Drawing Room, Dining Room, Kitchens: 2, Study Room, Prayer Room, Powder Room, Gym, Store Rooms: 1, Steam Room, Lounge or Sitting Room, Laundry Room","Broadband Internet Access, Satellite or Cable TV Ready, Intercom, Other Business and Communication Facilities","Community Lawn or Garden, Community Swimming Pool, Community Gym, First Aid or Medical Centre, Day Care Centre, Kids Play Area, Barbeque Area, Mosque, Community Centre, Other Community Facilities","Lawn or Garden, Swimming Pool, Sauna, Jacuzzi, Other Healthcare and Recreation Facilities","Nearby Schools, Nearby Hospitals, Nearby Shopping Malls, Nearby Restaurants, Distance From Airport (kms), Nearby Public Transport Service, Other Nearby Places","Maintenance Staff, Security Staff, Facilities for Disabled, Other Facilities",,,
https://www.zameen.com/Property/islamabad_d-12_brand_new_luxury_house_for_sale_in_d12_1-53183516-160-1.html,House,PKR4.8 Crore,3,4 Marla,For Sale,3,6 days ago,"D-12, Islamabad, Islamabad Capital","Brand New 25x40 4 Marla House For Sale In D12/1 Details: Accomodations and Facilities: Brand New Designer House Style 3 Beds with Attached Baths TV Lounge Drawing Dying kitchen Sarvent Quarter Car Parking Electric Meters Water Boring and cda supply available Solid Construction, Best Quality windows, Wooden Doors, Stylish Roof Selling, Best Sanitary work etc Top location , VIP Area, Near Family Park, Markaz, Masjid, Service Road and many more. Neat and Clean Environment. Best Option for Living For More Information, Please Contact. Note: Our Special Sectors: D-12, E-12, and C-14,15,16 We are Dealing in all types of Properties. Residential/Commercial in all CDA Sectors","Built in year: 2025, Parking Spaces: 2, Double Glazed Windows, Central Air Conditioning, Central Heating, Flooring, Electricity Backup, Waste Disposal, Floors: 2, Other Main Features","Bedrooms: 3, Bathrooms: 3, Servant Quarters: 1, Drawing Room, Dining Room, Kitchens: 1, Study Room, Prayer Room, Powder Room, Gym, Store Rooms: 1, Steam Room, Lounge or Sitting Room, Laundry Room, Other Rooms","Broadband Internet Access, Satellite or Cable TV Ready, Intercom, Other Business and Communication Facilities","Community Lawn or Garden, Community Swimming Pool, Community Gym, First Aid or Medical Centre, Day Care Centre, Kids Play Area, Barbeque Area, Mosque, Community Centre, Other Community Facilities","Lawn or Garden, Swimming Pool, Sauna, Jacuzzi, Other Healthcare and Recreation Facilities","Nearby Schools, Nearby Hospitals, Nearby Shopping Malls, Nearby Restaurants, Distance From Airport (kms), Nearby Public Transport Service, Other Nearby Places","Maintenance Staff, Security Staff, Facilities for Disabled, Other Facilities",,,
https://www.zameen.com/Property/islamabad_d-12_brand_new_house_for_sale_in_cda_sector_d12-53183652-160-1.html,House,PKR8.75 Crore,5,8 Marla,For Sale,5,4 days ago,"D-12, Islamabad, Islamabad Capital","Brand New 30x60 House For Sale in CDA Sector D12 Islamabad Details: Accomodations and Facilities: Brand New Designer House Style 5 Beds with Attached Baths TV Lounge Drawing Dying kitchen Sarvent Quarter Car Parking Electric Meters Water Boring and cda supply available Solid Construction, Best Quality windows, Wooden Doors, Stylish Roof Selling, Best Sanitary work etc Top location , VIP Area, Near Family Park, Markaz, Masjid, Service Road and many more. Neat and Clean Environment. Best Option for Living For More Informations, Please Contact. M Husnain View Contact Detail Note: Our Special Sectors: D-12, E-12, and C-14,15,16 We are Dealing in all types of Properties. Residential/Commercial in all CDA Sectors","Built in year: 2024, Parking Spaces: 3, Double Glazed Windows, Central Air Conditioning, Central Heating, Flooring, Electricity Backup, Waste Disposal, Floors: 3, Other Main Features, Furnished","Bedrooms: 5, Bathrooms: 5, Servant Quarters: 1, Drawing Room, Dining Room, Kitchens: 2, Study Room, Prayer Room, Powder Room, Gym, Store Rooms: 1, Steam Room, Lounge or Sitting Room, Laundry Room, Other Rooms","Broadband Internet Access, Satellite or Cable TV Ready, Intercom, Other Business and Communication Facilities","Community Lawn or Garden, Community Swimming Pool, Community Gym, First Aid or Medical Centre, Day Care Centre, Kids Play Area, Barbeque Area, Mosque, Community Centre, Other Community Facilities","Lawn or Garden, Swimming Pool, Sauna, Jacuzzi, Other Healthcare and Recreation Facilities","Nearby Schools, Nearby Hospitals, Nearby Shopping Malls, Nearby Restaurants, Distance From Airport (kms), Nearby Public Transport Service, Other Nearby Places","Maintenance Staff, Security Staff, Facilities for Disabled, Other Facilities",,,
https://www.zameen.com/Property/f_17_telegardens_t_t_echs_1_bedroom_flat_for_sale_f-17_islamabad_all_facility_available_cda_pproved_sector-53134581-12136-1.html,Flat,PKR36 Lakh,1,1.8 Marla,For Sale,1,1 month ago,"F-17, Islamabad, Islamabad Capital",1 BEDROOM FLAT FOR SALE F-17 ISLAMABAD ALL FACILITY AVAILABLE 1 BEDROOM 1 BATHROOM 1 KITCHEN TV LAUNCH SUI GAS ELECTRICITY WATER SUPPLY AVAILABLE 2ND FLOOR LEFT NOT AVAILABLE 400 SQ FT RENT INCOME 40K CORNER FLAT READY TO MOVE ONLY CASH PAYMENT BEAUTIFUL LOCATION. ALL FACILITIES AVAILABLE FULL DEVELOPED SECTOR FINAL NOC APPROVED BY CDA CDA APPROVED SECTOR T&TECHS F-17 ISLAMABAD ALL SIZE RESIDENTIAL AND COMMERCIAL PLOTS AND HOUSE APARTMENT SHOP AVAILABLE FOR SALE AND RENT FACILITIES IN F-17 FULL GATED SOCIETY BEAUTIFUL LOCATION GAS ELECTRICITY WATER SUPPLY BANK SCHOOL BAKERY MOSQUE SHOPPING MALLS HOSPITALS PARK PLAY GROUND PTCL 5G AVAILABLE 24/7 SECURITY CCTV CAMERA NEW NEAR TO ISLAMABAD INTERNATIONAL AIRPORT 6KM METRO BUS 5KM GT ROAD N5 4KM M-1 M-2 MOTORWAY 2KM WE DEAL IN F-17 F-18 B-17 E-17 E-18 AND ALL CDA SECTOR PLOTS HOUSE APARTMENT SHOP FOR SALE F-17 T&TECHS AND MPCHS MORE INFORMATION CONTACT ZIMRI ASSOCIATES F-17 AND F-18 ISLAMABAD,"Built in year: 2022, Parking Spaces: 1, Lobby in Building, Double Glazed Windows, Central Air Conditioning, Central Heating, Flooring, Floor: 2, Floors in Building: 4, Elevators: 1, Service Elevators in Building, Other Main Features, Furnished","Bedrooms: 1, Bathrooms: 1, Servant Quarters: 1, Drawing Room, Dining Room, Kitchens: 1, Study Room, Prayer Room, Powder Room, Gym, Store Rooms: 1, Steam Room, Lounge or Sitting Room, Laundry Room, Other Rooms","Broadband Internet Access, Satellite or Cable TV Ready, Business Center or Media Room in Building, Conference Room in Building, Intercom, ATM Machines, Other Business and Communication Facilities","Community Lawn or Garden, Community Swimming Pool, Community Gym, First Aid or Medical Centre, Day Care Centre, Kids Play Area, Barbeque Area, Mosque, Community Centre, Other Community Facilities","Sauna, Jacuzzi, Other Healthcare and Recreation Facilities","Nearby Schools, Nearby Hospitals, Nearby Shopping Malls, Nearby Restaurants, Distance From Airport (kms), Nearby Public Transport Service, Other Nearby Places","Maintenance Staff, Security Staff, Laundry or Dry Cleaning Facility, Communal/Shared Kitchen, Other Facilities",,,
https://www.zameen.com/Property/dha_defence_phase_2_dha_phase_2_-_sector_b_1_kanal_designer_brand_new_house_for_sale_in_dha_phase_2-53201877-3197-1.html,House,PKR13.75 Crore,6,1 Kanal,For Sale,5,6 days ago,"DHA Defence, Islamabad, Islamabad Capital","Beautifully constructed house available for sale in a well-developed and secure housing society. Ideal for families seeking peaceful living with modern facilities, wide roads, parks, and 24/7 security. A perfect investment and dream home opportunity Luxurious designer house with 5 spacious bedrooms now available for sale in a prime location. Built with premium materials and modern architecture, this home offers stylish interiors, wide open spaces, and top-notch finishes. Ideal for families seeking comfort, elegance, and privacy in a secure gated community Accommodation Corner House 5 Master Bedrooms 5 Attach Designer's Baths with Jacuzzi Install Double Height Lobby With Beautiful Art & Schendle Air's Drawing Room 2 Tv lounge Kitchens with All Accessories installed BBQ Space Available Modern Elevation Huge Car Parking Lawn Available Servant Room with Attached Bath Visit Any Time Direct Deal With Seller We have Multiple Options of Houses in DHA & Bahria (ISB/RWP) More Details on Call/WhatsApp For more details feel free to contact","Built in year: 2025, Parking Spaces, Double Glazed Windows, Central Air Conditioning, Central Heating, Flooring, Electricity Backup, Waste Disposal, Floors: 2, Other Main Features, Furnished","Bedrooms: 5, Bathrooms: 6, Servant Quarters, Drawing Room, Dining Room, Kitchens, Store Rooms, Lounge or Sitting Room, Laundry Room, Other Rooms","Broadband Internet Access, Satellite or Cable TV Ready, Intercom, Other Business and Communication Facilities","Community Lawn or Garden, Community Swimming Pool, Community Gym, First Aid or Medical Centre, Day Care Centre, Kids Play Area, Barbeque Area, Mosque, Community Centre, Other Community Facilities","Lawn or Garden, Sauna, Jacuzzi, Other Healthcare and Recreation Facilities","Nearby Schools, Nearby Hospitals, Nearby Shopping Malls, Nearby Restaurants, Distance From Airport (kms), Nearby Public Transport Service, Other Nearby Places","Maintenance Staff, Security Staff, Facilities for Disabled, Other Facilities",,,
https://www.zameen.com/Property/g_13_g-13_2_brand_new_50x90_luxury_full_house_is_available_for_sale_in_g-14-53300300-3338-1.html,House,PKR16 Crore,7,1 Kanal,For Sale,7,2 days ago,"G-13, Islamabad, Islamabad Capital","Brand New 50x90 Luxury Full House Is Available For Sale In G-14 Bedroom With Attach Bath Drawing Dining Tv Lounge Kitchen Car parking Space Fully Tile Flooring Near By Park, Masjid, School, Hospital, Market, And Srinagar Highway Ideal And Peace Full location Nice House Wide streets Nearby commercial and public parks with kids play area. This House is in one of the most leading and Emerging sector of Islamabad. Fully Tille Flooring All Facilities Are Available More Details Please Contact us And Arrange Visit","Built in year, Parking Spaces: 2, Double Glazed Windows, Central Air Conditioning, Central Heating, Flooring, Electricity Backup, Waste Disposal, Other Main Features, Furnished","Bedrooms: 7, Bathrooms: 7, Servant Quarters: 1, Drawing Room, Dining Room, Kitchens: 2, Study Room, Prayer Room, Powder Room, Gym, Store Rooms: 1, Steam Room, Lounge or Sitting Room, Laundry Room, Other Rooms","Broadband Internet Access, Satellite or Cable TV Ready, Intercom, Other Business and Communication Facilities","Community Lawn or Garden, Community Swimming Pool, Community Gym, First Aid or Medical Centre, Day Care Centre, Kids Play Area, Barbeque Area, Mosque, Community Centre, Other Community Facilities","Sauna, Jacuzzi, Other Healthcare and Recreation Facilities","Nearby Schools, Nearby Hospitals, Nearby Shopping Malls, Nearby Restaurants, Distance From Airport (kms), Nearby Public Transport Service, Other Nearby Places","Maintenance Staff, Security Staff, Facilities for Disabled, Other Facilities",,,
https://www.zameen.com/Property/g_14_g-14_4_25_50_house_for_sale_in_g-14_islamabad-53328754-3346-1.html,House,PKR5.25 Crore,6,5 Marla,For Sale,4,6 days ago,"G-14, Islamabad, Islamabad Capital","5 Marla (25*50) House For sale Located At Prime Location Of G-14/4 About the Property: 4 Bedrooms 6 Washrooms 2 Drawing Dining 2 Kitchens 2 TV Lounge Powder Room 1Servant Quarter With attached Washroom Car Parking Tile Flooring Green Lawn Double Unit House ideal Locality Electricity Available Water Boring Running & also Water Supply Facility available All Facilities Are Available Which Is The Need OF Living Very Near to Main Double Road and Kashmir Highway Very Near to School, College, Market, Masjid Park Gym Located in one of the best locations of G-14/4 Reply Islamabad","Built in year, Parking Spaces: 1, Double Glazed Windows, Central Air Conditioning, Central Heating, Flooring, Electricity Backup","Bedrooms: 4, Bathrooms: 6, Servant Quarters: 1, Drawing Room, Dining Room, Kitchens: 2, Study Room, Prayer Room, Powder Room, Gym, Store Rooms: 1, Steam Room, Lounge or Sitting Room, Laundry Room","Broadband Internet Access, Satellite or Cable TV Ready, Intercom, Other Business and Communication Facilities","Community Lawn or Garden, Community Gym, First Aid or Medical Centre, Day Care Centre, Kids Play Area, Barbeque Area, Mosque, Community Centre",,"Nearby Schools, Nearby Hospitals, Nearby Shopping Malls, Nearby Restaurants, Distance From Airport (kms), Nearby Public Transport Service",,,,
https://www.zameen.com/Property/islamabad_g-10_4_beds_4_baths_house_available_for_sale-53082959-167-1.html,House,PKR4.8 Crore,4,6.7 Marla,For Sale,4,3 weeks ago,"G-10, Islamabad, Islamabad Capital",Beautiful Full House available for sale in G10 Size : 2100 SQ feet 4 bedrooms 4 washroom 2 Tv lounge 1 drawing rooms 2 kitchen 1 Car parking in said Rent demand : 480lac *Hanif ullah khattak* *KK real estate G10 Markaz* Not ( more options available ),"Parking Spaces: 1, Double Glazed Windows, Central Air Conditioning, Central Heating, Flooring, Electricity Backup, Floors: 2","Bedrooms: 4, Bathrooms: 4, Servant Quarters: 1, Drawing Room, Dining Room, Kitchens: 2, Study Room, Prayer Room, Powder Room, Store Rooms: 2, Steam Room, Lounge or Sitting Room, Laundry Room","Broadband Internet Access, Satellite or Cable TV Ready, Intercom","Community Lawn or Garden, Community Swimming Pool, Community Gym, First Aid or Medical Centre, Day Care Centre, Kids Play Area, Barbeque Area, Mosque, Community Centre","Lawn or Garden, Swimming Pool, Sauna, Jacuzzi","Nearby Schools, Nearby Hospitals, Nearby Shopping Malls, Nearby Restaurants, Distance From Airport (kms), Nearby Public Transport Service, Other Nearby Places",Security Staff,,,
https://www.zameen.com/Property/islamabad_g-10_house_available_for_sale-53077383-167-1.html,House,PKR9 Crore,6,10.9 Marla,For Sale,6,3 weeks ago,"G-10, Islamabad, Islamabad Capital",Beautiful Full House available for sale in G10 Size : 2450 SQ feet 6 bedrooms 6 washroom 2 Tv lounge 1 drawing rooms 2 kitchen 1 Car parking in said Rent demand : 900lac CDA transfer *Hanif ullah khattak* *KK real estate G10 Markaz* Not ( more options available ),"Parking Spaces: 1, Double Glazed Windows, Central Air Conditioning, Central Heating, Flooring, Electricity Backup, Furnished","Bedrooms: 6, Bathrooms: 6, Drawing Room, Dining Room, Kitchens: 2, Study Room, Prayer Room, Powder Room, Gym, Store Rooms: 2, Steam Room, Lounge or Sitting Room, Laundry Room","Broadband Internet Access, Satellite or Cable TV Ready, Intercom","Community Lawn or Garden, Community Swimming Pool, Community Gym, First Aid or Medical Centre, Day Care Centre, Kids Play Area, Barbeque Area, Mosque, Community Centre","Lawn or Garden, Swimming Pool, Sauna, Jacuzzi","Nearby Schools, Nearby Hospitals, Nearby Shopping Malls, Nearby Restaurants, Distance From Airport (kms), Nearby Public Transport Service, Other Nearby Places",,,,
https://www.zameen.com/Property/fechs_jinnah_gardens_5_marla_1_5_storey_brand_new_house_for_sale_proper_jinnah_garden_demand_1_90_crore_negotiable-53100487-1420-1.html,House,PKR2 Crore,3,5 Marla,For Sale,3,3 weeks ago,"FECHS, Islamabad, Islamabad Capital","Must Read Description : Plot Size: 5 Marla Storeys: 1.5 Storey (Not Full Double Storey) Bedrooms: 3 (2 On Ground Floor, 1 On First Floor) Bathrooms: 3 TV Lounge: 1 Drawing Room: 1 Kitchen: 1 Car Parking: 1 Water: Available Electricity: Available Street Width: 40 Ft Wide Street Status: Non-LOP Status: Ready To Possess Paperwork Completed Year Built: 2025 (Completed Just 2 Days Ago Brand New) Condition: Unused, Freshly Built House Location: Proper Jinnah Garden, Heighted Prime Location With Excellent View Demand: 1.90 Crore (Price Slightly Negotiable) Key Highlights: A Brand New 1.5 Storey House, Just Completed In 2025, Located In A Heighted Prime Block Of Jinnah Garden. Solid Construction, Modern Finishing, With All Utilities Available. Non-LOP Plot, Ready To Possess With Complete Paperwork. A Beautiful Option For Families At A Very Reasonable And Negotiable Price. Contact Now For Visit And Final Deal.","Built in year: 2025, Parking Spaces: 1, Double Glazed Windows, Central Air Conditioning, Central Heating, Flooring, Electricity Backup, Waste Disposal, Furnished","Bedrooms: 3, Bathrooms: 3, Servant Quarters: 1, Drawing Room, Dining Room, Kitchens: 1, Study Room, Prayer Room, Powder Room, Gym, Store Rooms: 1, Steam Room, Lounge or Sitting Room, Laundry Room","Broadband Internet Access, Satellite or Cable TV Ready, Intercom","Community Lawn or Garden, Community Swimming Pool, Community Gym, First Aid or Medical Centre, Day Care Centre, Kids Play Area, Barbeque Area, Mosque, Community Centre",,"Nearby Schools, Nearby Hospitals, Nearby Shopping Malls, Nearby Restaurants, Distance From Airport (kms), Nearby Public Transport Service, Other Nearby Places","Maintenance Staff, Security Staff, Facilities for Disabled",,,
https://www.zameen.com/Property/islamabad_top_city_1_10_marla_brand_new_house_for_sale_available_solid_construction_in_top_city-1_islamabad-53030189-1383-1.html,House,PKR4.85 Crore,5,10 Marla,For Sale,5,5 days ago,"Top City 1, Islamabad, Islamabad Capital",10 Marla Brand New House for Sale Available Solid Construction. . . Block A Prime location Best for Residence best for Best incoming rent best for future investment 5 Bedrooms attached Bathroom Separate Kitchens luxury Drawing room Contact us for More information,"Built in year: 1, Parking Spaces: 2, Double Glazed Windows, Central Air Conditioning, Central Heating, Flooring, Electricity Backup, Waste Disposal, Floors: 2, Other Main Features, Furnished","Bedrooms: 5, Bathrooms: 5, Servant Quarters: 1, Drawing Room, Dining Room, Kitchens: 2, Study Room, Prayer Room, Powder Room, Gym, Store Rooms: 2, Steam Room, Lounge or Sitting Room, Laundry Room, Other Rooms","Broadband Internet Access, Satellite or Cable TV Ready, Intercom, Other Business and Communication Facilities","Community Lawn or Garden, Community Swimming Pool, Community Gym, First Aid or Medical Centre, Day Care Centre, Kids Play Area, Barbeque Area, Mosque, Community Centre, Other Community Facilities","Lawn or Garden, Swimming Pool, Sauna, Jacuzzi, Other Healthcare and Recreation Facilities","Nearby Schools, Nearby Hospitals, Nearby Shopping Malls, Nearby Restaurants, Distance From Airport (kms), Nearby Public Transport Service, Other Nearby Places","Maintenance Staff, Security Staff, Facilities for Disabled, Other Facilities",,,
https://www.zameen.com/Property/b_17_faisal_margalla_city_in_faisal_margalla_city_7_marla_house_for_sale-52739799-13424-1.html,House,PKR4 Crore,-,7 Marla,For Sale,-,1 day ago,"B-17, Islamabad, Islamabad Capital","To fulfill your search for a property in Faisal Margalla City, here's what we have. You can book your unit for sale today without a worry. Buying a 7 Marla property is a good option to live comfortably. Your family will later thank you for investing in the House. Islamabad is developing at a fast pace and this property is located at an ideal spot in Islamabad. Centrally-located unit at a price of PKR Rs. 40000000 is quite a good deal to consider. Find out more details about the property with the following. Laundry room in the House provides a dedicated space for washing clothes. Rising temperatures can be detrimental to health but indoors you can stay safe with central air-conditioning that is part of the House. You can easily conduct your meetings in the study room that comes with the House. Double-glazed windows in your House can help reduce energy costs. One of the many great features of the property is its powder room. Stay cozy in your home due to the central heating system. You can work out at the gym within premises to make up for the physical activity lag created by the urban life. Our contact information is made available so you can reach us with all your queries.","Double Glazed Windows, Central Air Conditioning, Central Heating, Flooring, Electricity Backup, Waste Disposal, Furnished","Drawing Room, Dining Room, Study Room, Prayer Room, Powder Room, Gym, Steam Room, Lounge or Sitting Room, Laundry Room","Broadband Internet Access, Satellite or Cable TV Ready, Other Business and Communication Facilities","Mosque, Other Community Facilities",Other Healthcare and Recreation Facilities,"Nearby Schools, Nearby Hospitals, Nearby Shopping Malls, Nearby Restaurants, Distance From Airport (kms), Nearby Public Transport Service, Other Nearby Places","Maintenance Staff, Security Staff, Other Facilities",,,
https://www.zameen.com/Property/faisal_hills_faisal_hills_-_executive_block_in_faisal_hills_-_executive_block_of_taxila_a_5_marla_house_is_available-52741666-16527-1.html,House,PKR2 Crore,-,5 Marla,For Sale,-,3 days ago,"Faisal Hills, Islamabad, Islamabad Capital","PKR Rs. 20000000 is the best price for property right now, so hurry up before it is too late. You cannot find a better deal than this for House available at a busy and central location. We have the best deal on offer for 5 Marla House you can purchase at current market situation. It is now time to book your House in Faisal Hills - Executive Block, Taxila. Buy a property today to secure your family's future. The properties in Faisal Hills - Executive Block will reap great benefits in the future. A few highlighting features of the property are as follows. Having a prayer room in the House, lets you pray peacefully and conveniently. A central heating system in the House is convenient for everyone to operate. Laundry room in the House provides a dedicated space for washing clothes. You can easily host a 3-course dinner party in this large dining room that comes with this House. Having a mosque nearby is a blessing and you can conveniently reach it in a few minutes. Central air conditioning in the House can save you from the outside heat. A steam room is beneficial for health and the House comes with one! Call us today to book your House.","Double Glazed Windows, Central Air Conditioning, Central Heating, Flooring, Electricity Backup, Waste Disposal, Furnished","Drawing Room, Dining Room, Study Room, Prayer Room, Powder Room, Gym, Steam Room, Lounge or Sitting Room, Laundry Room","Broadband Internet Access, Satellite or Cable TV Ready, Other Business and Communication Facilities","Mosque, Other Community Facilities",Other Healthcare and Recreation Facilities,"Nearby Schools, Nearby Hospitals, Nearby Shopping Malls, Nearby Restaurants, Distance From Airport (kms), Nearby Public Transport Service, Other Nearby Places","Maintenance Staff, Security Staff, Other Facilities",,,
https://www.zameen.com/Property/b_17_faisal_margalla_city_house_for_sale_in_faisal_margalla_city-52728634-13424-1.html,House,PKR2.3 Crore,-,5 Marla,For Sale,-,1 day ago,"B-17, Islamabad, Islamabad Capital",FMC. 5 marla. Double Story. Near to Masjid and Markaz. Demand 2.30 crore .,"Double Glazed Windows, Central Air Conditioning, Central Heating, Flooring, Electricity Backup, Waste Disposal, Furnished","Drawing Room, Dining Room, Study Room, Prayer Room, Powder Room, Gym, Steam Room, Lounge or Sitting Room, Laundry Room","Broadband Internet Access, Satellite or Cable TV Ready, Other Business and Communication Facilities","Mosque, Other Community Facilities",Other Healthcare and Recreation Facilities,"Nearby Schools, Nearby Hospitals, Nearby Shopping Malls, Nearby Restaurants, Distance From Airport (kms), Nearby Public Transport Service, Other Nearby Places","Maintenance Staff, Security Staff, Other Facilities",,,
https://www.zameen.com/Property/mpchs_multi_gardens_mpchs_-_block_c1_affordable_house_available_for_sale_in_mpchs_-_block_c1-52739795-12607-1.html,House,PKR2.3 Crore,-,5 Marla,For Sale,-,1 day ago,"B-17, Islamabad, Islamabad Capital","All the important amenities and facilities are made available in MPCHS - Block C1. It's high time to move to Islamabad with tonnes of new opportunities. The House is a truly well-thought out property, best for those with a fine taste in architectures. Price of PKR Rs. 23000000 is reasonable for property at this location. This 5 Marla sized property will prove to be the perfect space for you to invest some (or all) of your future in. Just know that a purchasing opportunity like this doesn't come easy! Some of the prominent features of this property are as follows. You can work out at the gym within premises to make up for the physical activity lag created by the urban life. The House has a prayer room as well, which you can utilize any way you like. This House comes with a spacious drawing room to seat your special guests. Relax in the lounge/ sitting room after a long day and spend quality time with your family. Double glazed windows in the House maintain the temperature inside and give beautiful views of the outside. This project features broadband internet access among other facilities. Stay healthy and warm indoors during winters with the central heating system in your House. For further correspondence about the property, you can fill the form and we'll get in touch.","Double Glazed Windows, Central Air Conditioning, Central Heating, Flooring, Electricity Backup, Waste Disposal, Furnished","Drawing Room, Dining Room, Study Room, Prayer Room, Powder Room, Gym, Steam Room, Lounge or Sitting Room, Laundry Room","Broadband Internet Access, Satellite or Cable TV Ready, Other Business and Communication Facilities","Mosque, Other Community Facilities",Other Healthcare and Recreation Facilities,"Nearby Schools, Nearby Hospitals, Nearby Shopping Malls, Nearby Restaurants, Distance From Airport (kms), Nearby Public Transport Service, Other Nearby Places","Maintenance Staff, Security Staff, Other Facilities",,,
https://www.zameen.com/Property/top_city_1_top_city_1_-_block_k_964_square_feet_flat_for_sale_in_top_city_1_-_block_k_islamabad_in_only_rs_18000000-53142711-16277-1.html,Flat,PKR1.8 Crore,1,4.3 Marla,For Sale,1,14 hours ago,"Top City 1, Islamabad, Islamabad Capital","Real estate prices fluctuate really quick so be wise to book your property at PKR Rs. 18000000, as it is the best price on offer considering previous data. The current market conditions makes the deal fairly attractive for buyers eyeing property in Islamabad. For those of you who are interested, Top City 1 - Block K is offering a lucrative opportunity of investment. This property will prove to be the best investment opportunity for you. 964 Square Feet properties are best for investment as well as living purposes. Whatever kind of Flat you are looking for, you are in the right place to find it. Find out the basic features of the property below. The security staff will be available round the clock to ensure that residents can lead a peaceful life. The spacious lawn in the Flat serves to be a kids play area while ensuring the safety of your kids. The Flat has a mosque located at a walking distance from it. The nearby community lawn is a great place to interact with neighbours and enjoy nature. You won't have to worry about lifting your goods to your floor, as the building facilities includes a service elevator for that purpose. Give your formal clothes for dry cleaning to the dry cleaning facility nearby. The central heating system in the Flat keeps it cozy and warm inside. All your queries concerned with this property are welcome, so please contact us.","Built in year: 2025, Parking Spaces: 1, Lobby in Building, Double Glazed Windows, Central Air Conditioning, Central Heating, Flooring, Electricity Backup, Waste Disposal, Floor: 3, Floors in Building: 8, Elevators: 2, Service Elevators in Building, Other Main Features","Bedrooms: 1, Bathrooms: 1, Servant Quarters: 2, Drawing Room, Dining Room, Kitchens: 1, Study Room, Prayer Room, Powder Room, Gym, Store Rooms: 1, Steam Room, Lounge or Sitting Room, Laundry Room, Other Rooms","Broadband Internet Access, Satellite or Cable TV Ready, Business Center or Media Room in Building, Conference Room in Building, Intercom, ATM Machines, Other Business and Communication Facilities","Community Lawn or Garden, Community Swimming Pool, Community Gym, First Aid or Medical Centre, Day Care Centre, Kids Play Area, Barbeque Area, Mosque, Community Centre, Other Community Facilities","Sauna, Jacuzzi, Other Healthcare and Recreation Facilities","Nearby Schools, Nearby Hospitals, Nearby Shopping Malls, Nearby Restaurants, Distance From Airport (kms), Nearby Public Transport Service, Other Nearby Places","Maintenance Staff, Security Staff, Laundry or Dry Cleaning Facility, Communal/Shared Kitchen, Facilities for Disabled, Other Facilities",,,
https://www.zameen.com/Property/g_16_g-16_4_g-16_4_newly_built_house_for_sale-53287117-3355-1.html,House,PKR6 Crore,6,12.4 Marla,For Sale,6,2 weeks ago,"G-16, Islamabad, Islamabad Capital","35X80 12MARLA House for sale in G-16/4 Street 27 with electricity and Gas also available 10Kva Solar installed, Electricity bill with full use of AC is in Minus (250000), Green Meter Installed Water Boring Available and Water Supply also available Gas Meter is Installed CDA sector","Built in year: 2022, Parking Spaces, Double Glazed Windows, Central Air Conditioning, Central Heating, Flooring, Electricity Backup, Waste Disposal, Floors: 2, Other Main Features, Furnished","Bedrooms: 6, Bathrooms: 6, Servant Quarters: 1, Drawing Room, Dining Room, Kitchens: 2, Study Room, Prayer Room, Powder Room, Gym, Store Rooms: 1, Steam Room, Lounge or Sitting Room, Laundry Room, Other Rooms","Broadband Internet Access, Satellite or Cable TV Ready, Intercom, Other Business and Communication Facilities","Community Lawn or Garden, Community Swimming Pool, Community Gym, First Aid or Medical Centre, Day Care Centre, Kids Play Area, Barbeque Area, Mosque, Community Centre, Other Community Facilities","Lawn or Garden, Swimming Pool, Sauna, Jacuzzi, Other Healthcare and Recreation Facilities","Nearby Schools, Nearby Hospitals, Nearby Shopping Malls, Nearby Restaurants, Distance From Airport (kms), Nearby Public Transport Service, Other Nearby Places","Maintenance Staff, Security Staff, Facilities for Disabled, Other Facilities",,,
https://www.zameen.com/Property/islamabad_f-6_prime_location_old_house_is_for_sale_in_f-6-53139004-164-1.html,House,PKR45 Crore,5,2.1 Kanal,For Sale,4,1 day ago,"F-6, Islamabad, Islamabad Capital","Attached Images are just for reference purpose only. Chohan HAY Estate Offers: - Approx. 1066 SQYD - CDA Transfer - Old Demolishable House - Investor Price - Great Time to Invest in Real Estate - Beat Option to Build Your Dream Home in F-6 - Peaceful and Secured Living Area - Dont Waste Your Time, Just Grab this Opportunity For more information and additional options, kindly contact at mentioned numbers or visit Chohan HAY Estate","Built in year: 2023, Parking Spaces, Double Glazed Windows, Central Air Conditioning, Central Heating, Flooring, Electricity Backup, Waste Disposal, Floors: 2, Other Main Features, Furnished","Bedrooms: 4, Bathrooms: 5, Servant Quarters, Drawing Room, Dining Room, Kitchens, Study Room, Prayer Room, Powder Room, Gym, Store Rooms: 1, Steam Room, Lounge or Sitting Room, Laundry Room, Other Rooms","Broadband Internet Access, Satellite or Cable TV Ready, Intercom, Other Business and Communication Facilities","Community Lawn or Garden, Community Swimming Pool, Community Gym, First Aid or Medical Centre, Day Care Centre, Kids Play Area, Barbeque Area, Mosque, Community Centre, Other Community Facilities","Lawn or Garden, Swimming Pool, Sauna, Jacuzzi","Nearby Schools, Nearby Hospitals, Nearby Shopping Malls, Nearby Restaurants, Distance From Airport (kms), Nearby Public Transport Service, Other Nearby Places","Maintenance Staff, Security Staff, Facilities for Disabled, Other Facilities",,,
https://www.zameen.com/Property/islamabad_g-11_2_bed_corner_front_facing_fully_renovated_apartment_for_sale_in_warda_hamna_1-53326054-168-1.html,Flat,PKR3.35 Crore,2,8 Marla,For Sale,2,2 weeks ago,"G-11, Islamabad, Islamabad Capital",proper corner front facing sun facing 2bed with attached washrooms lounge Drawing rental value 135k fully furnished car parking available full proof security all basic facilities are available,"Built in year: 2025, Parking Spaces: 1, Lobby in Building, Double Glazed Windows, Central Air Conditioning, Central Heating, Flooring, Electricity Backup, Waste Disposal, Floor: 20, Floors in Building: 25, Elevators: 4, Service Elevators in Building, Other Main Features, Furnished","Bedrooms: 2, Bathrooms: 2, Servant Quarters: 1, Drawing Room, Dining Room, Kitchens: 1, Study Room, Prayer Room, Powder Room, Gym, Store Rooms: 1, Steam Room, Lounge or Sitting Room, Laundry Room, Other Rooms","Broadband Internet Access, Satellite or Cable TV Ready, Business Center or Media Room in Building, Conference Room in Building, Intercom, ATM Machines, Other Business and Communication Facilities","Community Lawn or Garden, Community Swimming Pool, Community Gym, First Aid or Medical Centre, Day Care Centre, Kids Play Area, Barbeque Area, Mosque, Community Centre, Other Community Facilities","Sauna, Jacuzzi, Other Healthcare and Recreation Facilities","Nearby Schools, Nearby Hospitals, Nearby Shopping Malls, Nearby Restaurants, Distance From Airport (kms), Nearby Public Transport Service, Other Nearby Places","Maintenance Staff, Security Staff, Laundry or Dry Cleaning Facility, Communal/Shared Kitchen, Facilities for Disabled, Other Facilities",,,
https://www.zameen.com/Property/margalla_hills_2_capital_residencia_three_bedroom_1700_sq_ft_available_for_sale_in_capital_residencia_e11_4_islamabad-50237461-10573-1.html,Flat,PKR2.1 Crore,3,7.6 Marla,For Sale,3,5 days ago,"E-11, Islamabad, Islamabad Capital","Capital Residencia is building the future of luxury living in style. Imagine a lifestyle special that exceeds imagination, with luxurious apartments at the Capital Residencia, theres nothing short of inspiration and harmony. Living in Islamabad within an eco-friendly ambiance and experiencing the absolute luxury lifestyle is no more a dream. You can live your life in style within the verdant foliage, amazing parks, and the landscaped lawns. Designed to be a distinctive and prominent architectural landmark in the capital city, the soaring ten-story structure consists of luxury apartments. The unique contemporary form and sophisticated styling of the facade will set a new benchmark for the design of buildings in the federal capital. A Modern, elegant exterior and an interior with cutting-edge styling, that use a mixture of glass and both natural and artificial finishes set the tone for a new way of living. Capital Residencia is the next generation of property development offering the very best of dynamic community living, rising above the lush green surroundings in complete harmony with the spectacular environment. Come home to Capital Residencia. Go ahead; experience a radiant lifestyle, the Capital Residencia lifestyle. The colors are vibrant, the style is harmonious. Indulge yourself in the dynamic community living. Look at some of the unique features: Central Heating System. CCTV Cameras. Earthquake resistant structure. Reverse Osmosis Plant. Grand Entrance with trained Security staff. Reception Lobby. Dedicated Mail Box. 12 High speed . Convenient Garbage . Stand-by Power Generator. Complete Privacy. Basement plus 2 floors Car Parking. Recreational Facilities. State-of-the-art Club-House. Swimming Pool. Community Center. Children Play Area. Central Landscaped Courtyard. FEATURES CCTV Monitoring. Community Center. Elevators Masjid. Park. Standby Generator.","Built in year: 2020, Parking Spaces: 1, Lobby in Building, Double Glazed Windows, Central Air Conditioning, Central Heating, Flooring, Electricity Backup, Waste Disposal, Floor: 1, Floors in Building: 15, Elevators: 2, Service Elevators in Building, Other Main Features, Furnished","Bedrooms: 3, Bathrooms: 3, Servant Quarters: 1, Drawing Room, Dining Room, Kitchens: 1, Study Room, Prayer Room, Powder Room, Gym, Store Rooms: 2, Steam Room, Lounge or Sitting Room, Laundry Room, Other Rooms","Broadband Internet Access, Satellite or Cable TV Ready, Business Center or Media Room in Building, Conference Room in Building, Intercom, ATM Machines, Other Business and Communication Facilities","Community Lawn or Garden, Community Swimming Pool, Community Gym, First Aid or Medical Centre, Day Care Centre, Kids Play Area, Barbeque Area, Mosque, Community Centre, Other Community Facilities","Sauna, Jacuzzi, Other Healthcare and Recreation Facilities","Nearby Schools, Nearby Hospitals, Nearby Shopping Malls, Nearby Restaurants, Distance From Airport (kms), Nearby Public Transport Service, Other Nearby Places","Maintenance Staff, Security Staff, Laundry or Dry Cleaning Facility, Communal/Shared Kitchen, Facilities for Disabled, Pets Not Allowed, Other Facilities",,,
https://www.zameen.com/Property/margalla_hills_2_capital_residencia_4_bedroom_unfurnished_apartment_for_sale_in_capital_residencia_e11-50050276-10573-1.html,Flat,PKR3.1 Crore,4,10.7 Marla,For Sale,4,17 hours ago,"E-11, Islamabad, Islamabad Capital","Capital Residencia is building the future of luxury living in style. Imagine a lifestyle special that exceeds imagination, with luxurious apartments at the Capital Residencia, theres nothing short of inspiration and harmony. Living in Islamabad within an eco-friendly ambiance and experiencing the absolute luxury lifestyle is no more a dream. You can live your life in style within the verdant foliage, amazing parks, and the landscaped lawns. Designed to be a distinctive and prominent architectural landmark in the capital city, the soaring ten-story structure consists of luxury apartments. The unique contemporary form and sophisticated styling of the facade will set a new benchmark for the design of buildings in the federal capital. A Modern, elegant exterior and an interior with cutting-edge styling, that use a mixture of glass and both natural and artificial finishes set the tone for a new way of living. Capital Residencia is the next generation of property development offering the very best of dynamic community living, rising above the lush green surroundings in complete harmony with the spectacular environment. Come home to Capital Residencia. Go ahead; experience a radiant lifestyle, the Capital Residencia lifestyle. The colors are vibrant, the style is harmonious. Indulge yourself in the dynamic community living. Look at some of the unique features: Central Heating System. CCTV Cameras. Earthquake resistant structure. Reverse Osmosis Plant. Grand Entrance with trained Security staff. Reception Lobby. Dedicated Mail Box. 12 High speed . Convenient Garbage . Stand-by Power Generator. Complete Privacy. Basement plus 2 floors Car Parking. Recreational Facilities. State-of-the-art Club-House. Swimming Pool. Community Center. Children Play Area. Central Landscaped Courtyard. FEATURES CCTV Monitoring. Community Center. Elevators Masjid. Park. Standby Generator.","Built in year: 2020, Parking Spaces: 1, Lobby in Building, Double Glazed Windows, Central Air Conditioning, Central Heating, Flooring, Electricity Backup, Waste Disposal, Floor: 9, Floors in Building: 15, Elevators: 2, Service Elevators in Building, Other Main Features, Furnished","Bedrooms: 4, Bathrooms: 4, Servant Quarters: 1, Drawing Room, Dining Room, Kitchens: 1, Study Room, Prayer Room, Powder Room, Gym, Store Rooms: 1, Steam Room, Lounge or Sitting Room, Laundry Room","Broadband Internet Access, Satellite or Cable TV Ready, Business Center or Media Room in Building, Conference Room in Building, Intercom, ATM Machines, Other Business and Communication Facilities","Community Lawn or Garden, Community Swimming Pool, Community Gym, First Aid or Medical Centre, Day Care Centre, Kids Play Area, Barbeque Area, Mosque, Community Centre, Other Community Facilities","Sauna, Jacuzzi, Other Healthcare and Recreation Facilities","Nearby Schools, Nearby Hospitals, Nearby Shopping Malls, Nearby Restaurants, Distance From Airport (kms), Nearby Public Transport Service, Other Nearby Places","Maintenance Staff, Security Staff, Laundry or Dry Cleaning Facility, Communal/Shared Kitchen, Facilities for Disabled, Pets Allowed, Other Facilities",,,
https://www.zameen.com/Property/margalla_hills_2_capital_residencia_one_bed_room_available_for_sale_capital_resdincya_e-11_4_islamabad-52601168-10573-1.html,Flat,PKR1.1 Crore,1,2.7 Marla,For Sale,1,4 days ago,"E-11, Islamabad, Islamabad Capital","Discover a spacious 600sqft 1Bedroom flat with attached bath, TV lounge, and kitchen capital Resdincya Conveniently located near main road, market, mall of Islamabad, and hospital. Available for sale *About interior* The flat should be well-ventilated This home is reflect good vibes, and well-ventilated is ideal for living. Dwellers stay happy and healthy in this well-ventilated home where ample sunlight comes in and air flows well. Good ventilation is important for several reasons. It helps in controlling the lingering moisture inside the home and keeps the floors, ceilings, walls and the furniture dry. Proper airflow can remove the bad odor from the house and help keep the house smelling fresh. The design of the interiors is Ergonomic design and well utilized space are two of the most important aspects this house. A well-designed interior built with ergonomic design, with good space utilization in this House help to make the rooms more spacious. The material used in construction is of good quality This well-constructed flat desired by many, because one this is one time purchased property . The height of the ceilings should be between 10-12 feet. The ceiling height nowadays is built between 10-12 feet. The reason behind this is that the rooms look spacious and one can keep the false ceilings without making the rooms look congested. With high ceilings, a room can look more capacious. The living rooms have enough space for dining table & sofa placement The kitchen is one of the most important spaces of a house, so it should have enough space for keeping the kitchen essentials & cooking stoves easily. Quality fittings is used Quality fittings are used by any the developer. Good taps, shower fittings, bathroom fittings and locks are used in this House Moreover, good fittings are add a touch of oomph to the interiors and make the property look exclusive. So feel free to contact Al Nafay realtors for this flat","Built in year: 2022, Parking Spaces: 1, Lobby in Building, Double Glazed Windows, Central Air Conditioning, Central Heating, Flooring, Electricity Backup, Waste Disposal, Floor: 4, Floors in Building: 15, Elevators: 3, Service Elevators in Building, Other Main Features, Furnished","Bedrooms: 1, Bathrooms: 1, Drawing Room, Dining Room, Kitchens: 1, Study Room, Prayer Room, Powder Room, Gym, Steam Room, Lounge or Sitting Room, Laundry Room, Other Rooms","Broadband Internet Access, Satellite or Cable TV Ready, Business Center or Media Room in Building, Conference Room in Building, Intercom, ATM Machines, Other Business and Communication Facilities","Community Lawn or Garden, Community Swimming Pool, Community Gym, First Aid or Medical Centre, Day Care Centre, Kids Play Area, Barbeque Area, Mosque, Community Centre, Other Community Facilities","Sauna, Jacuzzi, Other Healthcare and Recreation Facilities","Nearby Schools, Nearby Hospitals, Nearby Shopping Malls, Nearby Restaurants, Distance From Airport (kms), Nearby Public Transport Service, Other Nearby Places","Maintenance Staff, Security Staff, Laundry or Dry Cleaning Facility, Communal/Shared Kitchen, Facilities for Disabled, Pets Not Allowed, Other Facilities",,,
https://www.zameen.com/Property/margalla_hills_2_capital_residencia_2_bedroom_apartment_available_for_sale_in_capital_residencia-52146816-10573-1.html,Flat,PKR1.43 Crore,2,4 Marla,For Sale,2,5 days ago,"E-11, Islamabad, Islamabad Capital","Capital Residencia is building the future of luxury living in style. Imagine a lifestyle special that exceeds imagination, with luxurious apartments at the Capital Residencia, theres nothing short of inspiration and harmony. Living in Islamabad within an eco-friendly ambiance and experiencing the absolute luxury lifestyle is no more a dream. You can live your life in style within the verdant foliage, amazing parks, and the landscaped lawns. Designed to be a distinctive and prominent architectural landmark in the capital city, the soaring ten-story structure consists of luxury apartments. The unique contemporary form and sophisticated styling of the facade will set a new benchmark for the design of buildings in the federal capital. A Modern, elegant exterior and an interior with cutting-edge styling, that use a mixture of glass and both natural and artificial finishes set the tone for a new way of living. Capital Residencia is the next generation of property development offering the very best of dynamic community living, rising above the lush green surroundings in complete harmony with the spectacular environment. Come home to Capital Residencia. Go ahead; experience a radiant lifestyle, the Capital Residencia lifestyle. The colors are vibrant, the style is harmonious. Indulge yourself in the dynamic community living. Look at some of the unique features: Central Heating System. CCTV Cameras. Earthquake resistant structure. Reverse Osmosis Plant. Grand Entrance with trained Security staff. Reception Lobby. Dedicated Mail Box. 12 High speed . Convenient Garbage . Stand-by Power Generator. Complete Privacy. Basement plus 2 floors Car Parking. Recreational Facilities. State-of-the-art Club-House. Swimming Pool. Community Center. Children Play Area. Central Landscaped Courtyard. FEATURES CCTV Monitoring. Community Center. Elevators Masjid. Park. Standby Generator.","Built in year: 2018, Parking Spaces: 1, Double Glazed Windows, Central Air Conditioning, Flooring, Electricity Backup, Waste Disposal, Floor, Floors in Building: 15, Other Main Features, Furnished","Bedrooms: 2, Bathrooms: 2, Kitchens: 1, Gym, Lounge or Sitting Room, Laundry Room, Other Rooms","Broadband Internet Access, Satellite or Cable TV Ready, Other Business and Communication Facilities","Community Lawn or Garden, Community Swimming Pool, Community Gym, First Aid or Medical Centre, Day Care Centre",,"Nearby Schools, Nearby Hospitals, Nearby Shopping Malls, Nearby Restaurants, Distance From Airport (kms), Nearby Public Transport Service, Other Nearby Places","Maintenance Staff, Security Staff, Other Facilities",,,
https://www.zameen.com/Property/mpchs_multi_gardens_mpchs_-_block_c1_house_of_5_marla_for_sale_in_mpchs_-_block_c1-52716345-12607-1.html,House,PKR2.3 Crore,-,5 Marla,For Sale,-,1 day ago,"B-17, Islamabad, Islamabad Capital",C1 block . Size 5 marla . Double heighted. All facilities avaliable. Demand 2.30 crore,"Double Glazed Windows, Central Air Conditioning, Central Heating, Flooring, Electricity Backup, Waste Disposal, Furnished","Drawing Room, Dining Room, Study Room, Prayer Room, Powder Room, Gym, Steam Room, Lounge or Sitting Room, Laundry Room","Broadband Internet Access, Satellite or Cable TV Ready, Other Business and Communication Facilities","Mosque, Other Community Facilities",Other Healthcare and Recreation Facilities,"Nearby Schools, Nearby Hospitals, Nearby Shopping Malls, Nearby Restaurants, Distance From Airport (kms), Nearby Public Transport Service, Other Nearby Places","Maintenance Staff, Security Staff, Other Facilities",,,
https://www.zameen.com/Property/mpchs_multi_gardens_mpchs_-_block_c1_5_marla_house_is_available_in_mpchs_-_block_c1-52716344-12607-1.html,House,PKR2.4 Crore,-,5 Marla,For Sale,-,1 day ago,"B-17, Islamabad, Islamabad Capital","C1 block . 5 marla house . Double heighted. Near to Masjid, park, Markaz. All facilities available. Demand 2.40 crore .","Double Glazed Windows, Central Air Conditioning, Central Heating, Flooring, Electricity Backup, Waste Disposal, Furnished","Drawing Room, Dining Room, Study Room, Prayer Room, Powder Room, Gym, Steam Room, Lounge or Sitting Room, Laundry Room","Broadband Internet Access, Satellite or Cable TV Ready, Other Business and Communication Facilities","Mosque, Other Community Facilities",Other Healthcare and Recreation Facilities,"Nearby Schools, Nearby Hospitals, Nearby Shopping Malls, Nearby Restaurants, Distance From Airport (kms), Nearby Public Transport Service, Other Nearby Places","Maintenance Staff, Security Staff, Other Facilities",,,
https://www.zameen.com/Property/b_17_faisal_margalla_city_get_in_touch_now_to_buy_a_house_in_faisal_margalla_city-52860002-13424-1.html,House,PKR2.6 Crore,3,5 Marla,For Sale,3,1 day ago,"B-17, Islamabad, Islamabad Capital","Location:* House 511 25*50, FMC, B-17, Islamabad *Category:* - Luxury Finishing - double Unit *Features:* - Drawing Room - Bedrooms - 2 TV Lounges - 2 Designer Kitchens - 1 Cars Parking Space - Room on Mumty - Demand. 260 lacs","Double Glazed Windows, Central Air Conditioning, Central Heating, Flooring, Electricity Backup, Waste Disposal, Furnished","Drawing Room, Dining Room, Study Room, Prayer Room, Powder Room, Steam Room, Lounge or Sitting Room, Laundry Room","Broadband Internet Access, Satellite or Cable TV Ready, Other Business and Communication Facilities","Mosque, Other Community Facilities",Other Healthcare and Recreation Facilities,"Nearby Schools, Nearby Hospitals, Nearby Shopping Malls, Nearby Restaurants, Distance From Airport (kms), Nearby Public Transport Service, Other Nearby Places","Maintenance Staff, Security Staff, Other Facilities",,,
https://www.zameen.com/Property/mpchs_multi_gardens_mpchs_-_block_f_in_mpchs_-_block_f_of_islamabad_a_5_marla_house_is_available-52935848-8527-1.html,House,PKR2.4 Crore,5,5 Marla,For Sale,4,1 day ago,"B-17, Islamabad, Islamabad Capital",F block 5 marla . Double unit . 60ft road. Near to Masjid park Markaz. Designer house demand 2.40 House 2740,"Double Glazed Windows, Central Air Conditioning, Central Heating, Flooring, Electricity Backup, Waste Disposal, Furnished","Drawing Room, Dining Room, Study Room, Prayer Room, Powder Room, Gym, Steam Room, Lounge or Sitting Room, Laundry Room","Broadband Internet Access, Satellite or Cable TV Ready, Other Business and Communication Facilities","Mosque, Other Community Facilities",Other Healthcare and Recreation Facilities,"Nearby Schools, Nearby Hospitals, Nearby Shopping Malls, Nearby Restaurants, Distance From Airport (kms), Nearby Public Transport Service, Other Nearby Places","Maintenance Staff, Security Staff, Other Facilities",,,
https://www.zameen.com/Property/dha_defence_dha_defence_phase_2_1_5_kanal_brand_new_corner_designer_and_furnished_house_up_for_sale_in_dha2_islamabad-53341071-339-1.html,House,PKR18 Crore,6,1 Kanal,For Sale,6,6 days ago,"DHA Defence, Islamabad, Islamabad Capital","Blue Rock Investment Present the 1.5 kanal brand new corner, stylish, Designer and fulll furnished Up For Sale in dha2 Islamabad, All Appliances, Fitting and finishing are imported. The Main Feature Are: Design As Single Unit 6 beautiful Bedrooms 6 stylish bathrooms Very specious TV Lounge Drawing and Dinning room Stylish Kitchens Serventrooms with bath Store 5 car parking Big green lush lown For More details please contact as feel free Very neat and clean deal Meeting direct with house owner","Built in year: 2023, Parking Spaces: 5, Double Glazed Windows, Central Air Conditioning, Central Heating, Flooring, Electricity Backup, Waste Disposal, Other Main Features, Furnished","Bedrooms: 6, Bathrooms: 6, Servant Quarters: 1, Drawing Room, Dining Room, Kitchens: 1, Study Room, Prayer Room, Powder Room, Store Rooms: 1, Steam Room, Lounge or Sitting Room, Laundry Room, Other Rooms","Broadband Internet Access, Satellite or Cable TV Ready, Intercom, Other Business and Communication Facilities","Community Lawn or Garden, Community Swimming Pool, Community Gym, First Aid or Medical Centre, Day Care Centre, Kids Play Area, Barbeque Area, Mosque, Community Centre, Other Community Facilities","Sauna, Jacuzzi, Other Healthcare and Recreation Facilities","Nearby Schools, Nearby Hospitals, Nearby Shopping Malls, Nearby Restaurants, Distance From Airport (kms), Nearby Public Transport Service, Other Nearby Places","Maintenance Staff, Security Staff, Facilities for Disabled, Other Facilities",,,
https://www.zameen.com/Property/islamabad_h-13_brand_new_double_story_available_for_sale_location_near_nust_double_road-53023209-1039-1.html,House,PKR1.4 Crore,4,4 Marla,For Sale,4,1 month ago,"H-13, Islamabad, Islamabad Capital",Brand new double story house available for sale location near nust double road water electricity available sewerage underground near Kashmir high way and metro station 4bedroom with attched washrooms 2kitvhen tv lonch for further deTails contact with me,,,,,,"Nearby Schools, Nearby Hospitals, Nearby Shopping Malls, Nearby Restaurants, Nearby Public Transport Service, Other Nearby Places","Security Staff, Other Facilities",,,
https://www.zameen.com/Property/islamabad_h-13_brand_new_1_5_storey_house_available_for_sale_prime_location_near_shams_colony_road_water_electricity_available-53310300-1039-1.html,House,PKR1.28 Crore,4,4 Marla,For Sale,3,3 weeks ago,"H-13, Islamabad, Islamabad Capital",Brand new luxury 1.5 story house available for sale prime location near shams kaloni h13 water electricity available sewerage underground near Kashmir high way and metro station. 3bedroom with attached washrooms 1drawing room with attched washroom 1kitchen tv lonch.,,,,,,"Nearby Schools, Nearby Hospitals, Nearby Shopping Malls, Nearby Restaurants, Distance From Airport (kms), Nearby Public Transport Service, Other Nearby Places","Security Staff, Other Facilities",,,
https://www.zameen.com/Property/bahria_enclave_bahria_enclave_-_sector_c_sector_c_1_kanal_brand_new_house_excellent_construction_quality_sun_facing_house_available_for_sale-53226910-11973-1.html,House,PKR12.5 Crore,6,1 Kanal,For Sale,6,6 days ago,"Bahria Town, Islamabad, Islamabad Capital",Sector C 1 Kanal Brand New House Excellent Construction Quality Sun facing House Available for Sale Note: Most Beautiful Location of Sector C Walking Distance from Mosque Park and Commercial. Meeting with Director Owner Accommodation: 6 Bedrooms with Attach Bathrooms 2 Kitchen 2 Tv Lounge Drawing & Dinning Room Servant Quarter with Attached Bath Front Terrace 2 Car Parking Note: Best Quality Guaranteed Construction & Finishing Material. Ideal Location for Living and Enjoying the Amenities & Live in a Healthy Natural Environment. Contact for More details:,"Built in year, Parking Spaces: 3, Double Glazed Windows, Central Air Conditioning, Central Heating, Flooring, Electricity Backup, Waste Disposal, Floors: 2, Other Main Features, Furnished","Bedrooms: 6, Bathrooms: 6, Servant Quarters: 1, Drawing Room, Dining Room, Kitchens: 2, Study Room, Prayer Room, Powder Room, Gym, Store Rooms: 1, Steam Room, Lounge or Sitting Room, Laundry Room, Other Rooms","Broadband Internet Access, Satellite or Cable TV Ready, Intercom, Other Business and Communication Facilities","Community Lawn or Garden, Community Swimming Pool, Community Gym, First Aid or Medical Centre, Day Care Centre, Kids Play Area, Barbeque Area, Mosque, Community Centre, Other Community Facilities","Lawn or Garden, Sauna, Jacuzzi, Other Healthcare and Recreation Facilities","Nearby Schools, Nearby Hospitals, Nearby Shopping Malls, Nearby Restaurants, Distance From Airport (kms), Nearby Public Transport Service, Other Nearby Places","Maintenance Staff, Security Staff, Other Facilities",,,
https://www.zameen.com/Property/islamabad_diplomatic_enclave_brand_new_apartment_for_sale_in_diplomatic_enclave_islamabad-53196376-429-1.html,Flat,PKR6.5 Crore,2,7.1 Marla,For Sale,3,1 week ago,"Diplomatic Enclave, Islamabad, Islamabad Capital","3 Bedroom with attach washroom, Drawing Dining Kitchen, Tv Lounge, Store Room, Tiles Flooring, Dedicated Car parking. Excellent Green Garden View. Prime location in Islamabads Diplomatic Enclave. Close proximity to Embassies, consulates, and International organizations. Easy access to elite schools, hospitals, and shopping centers. Well-connected to major roads and public transportation. Investment Opportunity: This flat is an excellent investment opportunity for buyers looking for a prestigious address in Islamabad. The property promises high returns and a luxurious lifestyle in a secure and serene environment. Contact Information","Parking Spaces: 1, Lobby in Building, Central Air Conditioning, Central Heating, Flooring, Electricity Backup, Waste Disposal, Service Elevators in Building, Other Main Features, Furnished","Bedrooms: 3, Bathrooms: 2, Drawing Room, Dining Room, Kitchens: 1, Powder Room, Store Rooms: 1, Lounge or Sitting Room, Laundry Room, Other Rooms","Broadband Internet Access, Satellite or Cable TV Ready, Intercom, ATM Machines, Other Business and Communication Facilities","Community Lawn or Garden, Community Swimming Pool, Community Gym, First Aid or Medical Centre, Day Care Centre, Kids Play Area, Barbeque Area, Mosque, Community Centre, Other Community Facilities",,"Nearby Schools, Nearby Hospitals, Nearby Shopping Malls, Nearby Restaurants, Distance From Airport (kms), Nearby Public Transport Service, Other Nearby Places","Maintenance Staff, Security Staff, Other Facilities",,,
https://www.zameen.com/Property/islamabad_b-17_modern_1-bed_apartment_in_prime_location-53170886-616-1.html,Flat,PKR71 Lakh,1,2.3 Marla,For Sale,1,3 weeks ago,"B-17, Islamabad, Islamabad Capital","""Affordable 1-Bed Apartment for Small Families"" This 1-bed apartment is a great choice for families looking for a practical and affordable home. It includes a well-sized bedroom that can fit basic furniture, a simple kitchen perfect for daily cooking, a clean bathroom, and a small living area where the family can spend time together. The apartment is located in a family-friendly area with easy access to shops, schools, mosques, and public transport, making daily life convenient. It is a good option for those who want a safe place to live without spending too much.","Built in year: 2025, Lobby in Building, Double Glazed Windows, Central Air Conditioning, Central Heating, Flooring, Electricity Backup, Waste Disposal, Service Elevators in Building","Bedrooms: 2, Bathrooms: 2, Kitchens: 1","Broadband Internet Access, Satellite or Cable TV Ready, Intercom","Community Lawn or Garden, Community Swimming Pool, Community Gym, First Aid or Medical Centre, Day Care Centre, Kids Play Area, Barbeque Area, Mosque, Community Centre",Sauna,"Nearby Schools, Nearby Hospitals, Nearby Shopping Malls, Nearby Restaurants, Nearby Public Transport Service, Other Nearby Places",,PKR21.3 Lakh,PKR1.24 Lakh,40 Months
https://www.zameen.com/Property/dha_defence_phase_2_dha_phase_2_-_sector_d_prominently-located_1_kanal_house_available_in_dha_phase_2_-_sector_d-53281385-3199-1.html,House,PKR7.75 Crore,-,1 Kanal,For Sale,6,3 weeks ago,"DHA Defence, Islamabad, Islamabad Capital",DHA phase 2 Sector D For sale 1 kanal used House 6 bedroom 8 bathroom 2 drawing dining 2 kitchen 3 car parking Demand 8crore,"Built in year: 2000, Parking Spaces: 2, Double Glazed Windows, Central Air Conditioning, Central Heating, Flooring, Electricity Backup, Waste Disposal, Floors: 2, Other Main Features, Furnished","Bedrooms: 6, Bathrooms: 8, Servant Quarters: 2, Drawing Room, Dining Room, Kitchens: 2, Study Room, Prayer Room, Powder Room, Gym, Store Rooms: 2, Steam Room, Lounge or Sitting Room, Laundry Room, Other Rooms","Broadband Internet Access, Satellite or Cable TV Ready, Intercom, Other Business and Communication Facilities","Community Lawn or Garden, Community Swimming Pool, Community Gym, First Aid or Medical Centre, Day Care Centre, Kids Play Area, Barbeque Area, Mosque, Community Centre, Other Community Facilities","Lawn or Garden, Swimming Pool, Sauna, Jacuzzi, Other Healthcare and Recreation Facilities","Nearby Schools, Nearby Hospitals, Nearby Shopping Malls, Nearby Restaurants, Distance From Airport (kms), Nearby Public Transport Service, Other Nearby Places","Maintenance Staff, Security Staff, Facilities for Disabled, Other Facilities",,,
https://www.zameen.com/Property/dha_defence_dha_defence_phase_2_1_kanal_double_unit_house_reasonable_price_prime_location_6_bedroom-53324347-339-1.html,House,PKR9.85 Crore,6,1 Kanal,For Sale,6,2 days ago,"DHA Defence, Islamabad, Islamabad Capital","A beautifully designed brand new 1 Kanal house is available for sale at a prime location. This luxurious house combines modern architecture with premium quality finishes ideal for families looking for elegance, comfort, and a peaceful lifestyle. House Features: 6 Spacious Bedrooms with Attached Modern Bathrooms 7 Stylish Washrooms Elegant Drawing Room & Dining Area Beautifully Designed TV Lounge Imported Fitted Kitchen with High-Quality Fixtures and Cabinets Solid Construction & Premium Imported Tiles and Woodwork Stylish Ceiling & Lighting Design Servant Quarter with Bath Car Parking Space for 23 Cars Lush Green Lawn Location: DHA Phase 2, Islamabad Status: Brand New | Ready to Move Demand: [9.85] This house is a perfect blend of luxury and comfort, built with attention to every detail. Dont miss the chance to own this dream home in one of Islamabads most desirable locations. Contact: Visit For More information!!!. .","Built in year: 2024, Parking Spaces, Double Glazed Windows, Central Air Conditioning, Central Heating, Flooring, Electricity Backup, Waste Disposal, Floors: 2, Other Main Features, Furnished","Bedrooms: 6, Bathrooms: 7, Servant Quarters: 2, Drawing Room, Dining Room, Kitchens: 2, Study Room, Prayer Room, Powder Room, Store Rooms: 1, Steam Room, Lounge or Sitting Room, Laundry Room, Other Rooms","Broadband Internet Access, Satellite or Cable TV Ready, Intercom","Community Lawn or Garden, Community Swimming Pool, Community Gym, First Aid or Medical Centre, Day Care Centre, Kids Play Area, Barbeque Area, Mosque, Community Centre","Lawn or Garden, Swimming Pool, Sauna, Jacuzzi","Nearby Schools, Nearby Hospitals, Nearby Shopping Malls, Nearby Restaurants, Distance From Airport (kms), Nearby Public Transport Service, Other Nearby Places","Maintenance Staff, Security Staff, Facilities for Disabled, Other Facilities",,,
https://www.zameen.com/Property/dha_defence_phase_5_dha_phase_5_-_sector_f_designer_5_marla_house_for_sale_reasonable_price_luxury_house-53323934-8836-1.html,House,PKR4.15 Crore,6,5 Marla,For Sale,4,1 month ago,"DHA Defence, Islamabad, Islamabad Capital",5 Marla Designer House For Sale Front Elevation Very Beautiful Near To Park Near To Mosque Near To Commercial More Details on Call,"Built in year: 2025, Parking Spaces: 2, Double Glazed Windows, Central Air Conditioning, Central Heating, Flooring, Electricity Backup, Waste Disposal, Floors: 1","Bedrooms: 4, Bathrooms: 6, Servant Quarters: 1, Drawing Room, Dining Room, Kitchens: 2, Study Room, Prayer Room, Powder Room, Gym, Store Rooms: 1, Steam Room, Lounge or Sitting Room, Laundry Room","Broadband Internet Access, Satellite or Cable TV Ready, Intercom, Other Business and Communication Facilities","Community Lawn or Garden, Community Swimming Pool, Community Gym, First Aid or Medical Centre, Day Care Centre, Kids Play Area, Barbeque Area, Mosque, Community Centre, Other Community Facilities","Lawn or Garden, Swimming Pool, Sauna, Jacuzzi","Nearby Schools, Nearby Hospitals, Nearby Shopping Malls, Nearby Restaurants, Distance From Airport (kms), Nearby Public Transport Service, Other Nearby Places","Maintenance Staff, Security Staff, Facilities for Disabled, Other Facilities",,,
https://www.zameen.com/Property/dha_defence_dha_defence_phase_2_brand_new_1_kanal_luxury_house_for_sale_prime_location_5_bedroom_modern_design-53323516-339-1.html,House,PKR13.5 Crore,6,1 Kanal,For Sale,5,6 days ago,"DHA Defence, Islamabad, Islamabad Capital","A beautifully designed brand new 1 Kanal house is available for sale at a prime location. This luxurious house combines modern architecture with premium quality finishes ideal for families looking for elegance, comfort, and a peaceful lifestyle. House Features: 5 Spacious Bedrooms with Attached Modern Bathrooms 6 Stylish Washrooms Elegant Drawing Room & Dining Area Beautifully Designed TV Lounge Imported Fitted Kitchen with High-Quality Fixtures and Cabinets Solid Construction & Premium Imported Tiles and Woodwork Stylish Ceiling & Lighting Design Servant Quarter with Bath Car Parking Space for 23 Cars Lush Green Lawn Location: DHA Phase 2, Islamabad (or your society name) Status: Brand New | Ready to Move Demand: [13.50 Crore ] This house is a perfect blend of luxury and comfort, built with attention to every detail. Dont miss the chance to own this dream home in one of Islamabads most desirable locations. Contact: For Visit More information","Built in year: 2025, Parking Spaces, Double Glazed Windows, Central Air Conditioning, Central Heating, Flooring, Electricity Backup, Waste Disposal, Floors: 2, Other Main Features, Furnished","Bedrooms: 5, Bathrooms: 6, Servant Quarters: 2, Drawing Room, Dining Room, Kitchens: 3, Study Room, Prayer Room, Powder Room, Gym, Store Rooms, Steam Room, Lounge or Sitting Room, Laundry Room, Other Rooms","Broadband Internet Access, Satellite or Cable TV Ready, Intercom, Other Business and Communication Facilities","Community Lawn or Garden, Community Swimming Pool, Community Gym, First Aid or Medical Centre, Day Care Centre, Kids Play Area, Barbeque Area, Mosque, Community Centre, Other Community Facilities","Lawn or Garden, Swimming Pool, Sauna, Jacuzzi, Other Healthcare and Recreation Facilities","Nearby Schools, Nearby Hospitals, Nearby Shopping Malls, Nearby Restaurants, Distance From Airport (kms), Nearby Public Transport Service, Other Nearby Places","Maintenance Staff, Security Staff, Facilities for Disabled, Other Facilities",,,
https://www.zameen.com/Property/islamabad_d-12_25x40_investor_price_house_for_sale_in_d-12-53246803-160-1.html,House,PKR3.75 Crore,4,4 Marla,For Sale,3,2 weeks ago,"D-12, Islamabad, Islamabad Capital",Investor Price House For Sale In D-12. 3 Bedrooms With Attached Bathrooms Drawing TV Lounge 2 Kitchens Sun Face. Top Location Of D-12. Gas Water And Electricity Available In This House Best Option For Living purpose More Details For Call.,"Built in year: 2024, Parking Spaces: 1, Double Glazed Windows, Central Air Conditioning, Central Heating, Flooring, Waste Disposal, Floors: 2, Other Main Features","Bedrooms: 3, Bathrooms: 4, Servant Quarters, Drawing Room, Dining Room, Kitchens: 2, Study Room, Prayer Room, Powder Room, Gym, Store Rooms, Steam Room, Lounge or Sitting Room, Laundry Room, Other Rooms","Broadband Internet Access, Satellite or Cable TV Ready, Intercom, Other Business and Communication Facilities","Community Lawn or Garden, Community Swimming Pool, Community Gym, First Aid or Medical Centre, Day Care Centre, Kids Play Area, Barbeque Area, Mosque, Community Centre, Other Community Facilities","Lawn or Garden, Swimming Pool, Sauna, Jacuzzi, Other Healthcare and Recreation Facilities","Nearby Schools, Nearby Hospitals, Nearby Shopping Malls, Nearby Restaurants, Distance From Airport (kms), Nearby Public Transport Service, Other Nearby Places","Maintenance Staff, Security Staff, Facilities for Disabled, Other Facilities",,,
https://www.zameen.com/Property/islamabad_f-11_1750_sq_ft_two_bedroom_apartment_available_for_sale_in_f-11_markaz_islamabad-52751330-163-1.html,Flat,PKR2.65 Crore,2,7.8 Marla,For Sale,2,1 week ago,"F-11, Islamabad, Islamabad Capital","Experience comfort in a 1750 sqft 2-bedroom flat at, designed for optimal airflow and quality living, conveniently located near markets and hospitals Results Looking for a spacious and well-ventilated flat in Islamabad? Discover this 2 bed flat in with airy rooms that are perfect for happy and healthy living. The interior design is practical and spacious, making the most of the available space. The high-quality construction materials and fittings add a touch of luxury to this rental property. Contact Al Nafay realtors today to make this flat your new home.","Built in year: 2013, Parking Spaces: 1, Lobby in Building, Double Glazed Windows, Central Air Conditioning, Central Heating, Flooring, Electricity Backup, Waste Disposal, Floor: 3, Floors in Building: 3, Elevators: 3, Service Elevators in Building, Other Main Features, Furnished","Bedrooms: 2, Bathrooms: 2, Servant Quarters: 1, Drawing Room, Dining Room, Kitchens: 1, Study Room, Prayer Room, Powder Room, Gym, Store Rooms: 1, Steam Room, Lounge or Sitting Room, Laundry Room, Other Rooms","Broadband Internet Access, Satellite or Cable TV Ready, Business Center or Media Room in Building, Conference Room in Building, Intercom, ATM Machines, Other Business and Communication Facilities","Community Lawn or Garden, Community Swimming Pool, Community Gym, First Aid or Medical Centre, Day Care Centre, Kids Play Area, Barbeque Area, Mosque, Community Centre, Other Community Facilities","Sauna, Jacuzzi, Other Healthcare and Recreation Facilities","Nearby Schools, Nearby Hospitals, Nearby Shopping Malls, Nearby Restaurants, Distance From Airport (kms), Nearby Public Transport Service, Other Nearby Places","Maintenance Staff, Security Staff, Laundry or Dry Cleaning Facility, Communal/Shared Kitchen, Facilities for Disabled, Pets Allowed, Other Facilities",,,
https://www.zameen.com/Property/islamabad_f-11_one_bedroom_available_for_sale_in_f-11_markaz_islamabad-52768768-163-1.html,Flat,PKR2 Crore,1,4.4 Marla,For Sale,1,4 days ago,"F-11, Islamabad, Islamabad Capital",One Bedroom Available For sale In F-11 Markaz Islamabad One bedroom with Attached Washroom Tv lounge separate Kitchen cover Area 1000sq. ft One dedicated Car parking Rental Income Monthly 1lac More Information contact us,"Built in year: 2010, Parking Spaces: 1, Lobby in Building, Double Glazed Windows, Central Air Conditioning, Central Heating, Flooring, Electricity Backup, Waste Disposal, Elevators: 3, Service Elevators in Building, Other Main Features, Furnished","Bedrooms: 1, Bathrooms: 1, Servant Quarters: 1, Drawing Room, Dining Room, Kitchens: 2, Study Room, Prayer Room, Powder Room, Gym, Store Rooms: 1, Steam Room, Lounge or Sitting Room, Laundry Room, Other Rooms","Broadband Internet Access, Satellite or Cable TV Ready, Business Center or Media Room in Building, Conference Room in Building, Intercom, Other Business and Communication Facilities","Community Lawn or Garden, Community Swimming Pool, Community Gym, First Aid or Medical Centre, Day Care Centre, Kids Play Area, Barbeque Area, Mosque, Community Centre","Sauna, Jacuzzi, Other Healthcare and Recreation Facilities","Nearby Schools, Nearby Hospitals, Nearby Shopping Malls, Nearby Restaurants, Distance From Airport (kms), Nearby Public Transport Service, Other Nearby Places","Maintenance Staff, Security Staff, Laundry or Dry Cleaning Facility, Communal/Shared Kitchen, Facilities for Disabled, Other Facilities",,,
https://www.zameen.com/Property/i_14_i-14_1_brand_new_house_for_sale-52796204-8340-1.html,House,PKR3.6 Crore,6,7 Marla,For Sale,6,3 weeks ago,"I-14, Islamabad, Islamabad Capital","CDA Developing Sector I-14 Connected With PESHAWAR ROAD/G. T ROAD 25min Drive From New Islamabad Airport 15min Drive From Saddar , RWP Safe & Profitable Investment Possession Plots Gas & Electricity Available GOLRA MOR UNDERPASS WORK OPERATIONAL NOW OPPORTUNITY FOR INVESTORS ITS 7marla Brand New House Available for Sale HOUSE FEATURES: 30*60 (7marla) OUTCLASS CONSTRUCTION BEAUTIFUL DESIGN DOUBLE STORY HOUSE WITH MAIN DOUBLE ROAD SUNFACING NEAR PARK,MASJID & MARKET AC WIRNIG DONE ELECTRIC GEEZER IS ALSO INSTALLED POPULATED STREET. CONTACT FOR DETAILS ALL SIZE HOUSE AVAILABLE FOR SALE & RENT. All Size Category Non-Category 50ft,70ft Road Double Rd OR Double Rd Back Plots Available ALLOTEES/OWNERS CONTACT FOR BEST OFFER OF THEIR PLOTS DEALS IN CDA SECTORS TOPCITY-1 FAISAL TOWN TAJ RESIDENCIA B-17","Built in year: 2025, Parking Spaces: 2, Double Glazed Windows, Central Air Conditioning, Central Heating, Flooring, Electricity Backup, Waste Disposal, Floors: 2, Other Main Features, Furnished","Bedrooms: 3, Bathrooms: 4, Servant Quarters: 1, Drawing Room, Dining Room, Kitchens: 1, Study Room, Prayer Room, Powder Room, Gym, Store Rooms: 1, Steam Room, Lounge or Sitting Room, Laundry Room, Other Rooms","Broadband Internet Access, Satellite or Cable TV Ready, Intercom, Other Business and Communication Facilities","Community Lawn or Garden, Community Swimming Pool, Community Gym, First Aid or Medical Centre, Day Care Centre, Kids Play Area, Barbeque Area, Mosque, Community Centre, Other Community Facilities","Lawn or Garden, Swimming Pool, Sauna, Jacuzzi, Other Healthcare and Recreation Facilities","Nearby Schools, Nearby Hospitals, Nearby Shopping Malls, Nearby Restaurants, Distance From Airport (kms), Nearby Public Transport Service, Other Nearby Places","Maintenance Staff, Security Staff, Facilities for Disabled, Other Facilities",,,
https://www.zameen.com/Property/e_11_4_capital_resorts_two_bedroom_apartment_available_for_sale_in_capital_resorts-51100159-10725-1.html,Flat,PKR1.05 Crore,2,4.2 Marla,For Sale,2,1 week ago,"E-11, Islamabad, Islamabad Capital","1. Two-bedroom apartments are now available for sale in Capital Resorts, situated on the prominent Margalla Road in Sector E-11, Islamabad. These 950 square feet residences offer an exceptional value in a prime location, featuring underground car parking and an e-tag gated community for enhanced security. This is a unique opportunity to own a home in the heart of Islamabad at an attractive price.","Built in year: 2025, Parking Spaces: 1, Lobby in Building, Double Glazed Windows, Central Air Conditioning, Central Heating, Flooring, Electricity Backup, Waste Disposal, Floor: 10, Floors in Building: 15, Elevators: 2, Service Elevators in Building, Other Main Features, Furnished","Bedrooms: 2, Bathrooms: 2, Servant Quarters: 1, Drawing Room, Dining Room, Kitchens: 1, Study Room, Prayer Room, Powder Room, Gym, Store Rooms: 1, Steam Room, Lounge or Sitting Room, Laundry Room, Other Rooms","Broadband Internet Access, Satellite or Cable TV Ready, Business Center or Media Room in Building, Intercom, ATM Machines, Other Business and Communication Facilities","Community Lawn or Garden, Community Swimming Pool, Community Gym, First Aid or Medical Centre, Day Care Centre, Kids Play Area, Barbeque Area, Mosque, Community Centre, Other Community Facilities","Sauna, Jacuzzi, Other Healthcare and Recreation Facilities","Nearby Schools, Nearby Hospitals, Nearby Shopping Malls, Nearby Restaurants, Distance From Airport (kms), Nearby Public Transport Service, Other Nearby Places","Maintenance Staff, Security Staff, Laundry or Dry Cleaning Facility, Communal/Shared Kitchen, Facilities for Disabled, Pets Allowed, Other Facilities",,,
https://www.zameen.com/Property/margalla_hills_2_capital_residencia_two_bedroom_1400_square_feet_available_for_sale_in_capital_residencia-52598363-10573-1.html,Flat,PKR1.85 Crore,2,6.2 Marla,For Sale,2,2 weeks ago,"E-11, Islamabad, Islamabad Capital","Escape the chaos and enjoy peaceful living in this stunning 2-bedroom, 1400 sq ft apartment at Capital Residencia E-11. - Spacious 2-bedroom layout with a separate drawing room and TV lounge - American-style open kitchen for effortless cooking and entertaining - Underground parking with CCTV cameras for maximum security - Situated on the prestigious Margalla Road in a family-friendly environment Step into a serene sanctuary just minutes from the heart of the city. This apartment offers the perfect balance of space, comfort and convenience for growing families. Relax in the privacy of your own home while enjoying the amenities of a secure, community-oriented building. With ample room to spread out and all the modern comforts, this is the ideal urban oasis you've been searching for","Built in year: 2020, Parking Spaces: 1, Double Glazed Windows, Central Air Conditioning, Central Heating, Flooring, Electricity Backup, Waste Disposal, Floor: 2, Floors in Building: 15, Elevators: 3, Service Elevators in Building, Other Main Features, Furnished","Bedrooms: 2, Bathrooms: 2, Servant Quarters: 1, Drawing Room, Dining Room, Kitchens: 1, Study Room, Prayer Room, Powder Room, Gym, Store Rooms: 1, Steam Room, Lounge or Sitting Room, Laundry Room, Other Rooms","Broadband Internet Access, Satellite or Cable TV Ready, Intercom, Other Business and Communication Facilities","Community Lawn or Garden, Community Swimming Pool, Community Gym, First Aid or Medical Centre, Day Care Centre, Kids Play Area, Barbeque Area, Mosque, Community Centre, Other Community Facilities","Sauna, Jacuzzi, Other Healthcare and Recreation Facilities","Nearby Schools, Nearby Hospitals, Nearby Shopping Malls, Nearby Restaurants, Distance From Airport (kms), Nearby Public Transport Service, Other Nearby Places","Maintenance Staff, Security Staff, Laundry or Dry Cleaning Facility, Facilities for Disabled, Pets Allowed, Other Facilities",,,
https://www.zameen.com/Property/bahria_enclave_bahria_enclave_-_sector_c1_10_marla_house_for_sale_in_bahria_enclave_islamabad-53348470-11987-1.html,House,PKR5.6 Crore,6,10 Marla,For Sale,5,2 weeks ago,"Bahria Town, Islamabad, Islamabad Capital",Brand New beautifully designed house available for in Bahria Enclave Islamabad prime location Mosque and Park on walking distance well maintained and populated sector C1 5 Bedrooms with attached Washrooms car Parking for 2 vehicles 2 Kitchens Servant room with separate entrance for more details Contact us,"Built in year: 2025, Parking Spaces: 2, Double Glazed Windows, Central Air Conditioning, Central Heating, Flooring, Electricity Backup, Floors: 2","Bedrooms: 5, Bathrooms: 7, Servant Quarters: 1, Drawing Room, Dining Room, Kitchens: 2, Study Room, Prayer Room, Store Rooms: 1, Lounge or Sitting Room, Laundry Room","Broadband Internet Access, Satellite or Cable TV Ready",,Lawn or Garden,"Nearby Schools, Nearby Hospitals, Nearby Shopping Malls, Nearby Restaurants, Distance From Airport (kms), Nearby Public Transport Service",,,,
https://www.zameen.com/Property/gulberg_greens_gulberg_greens_-_block_a_flat_for_sale_in_aj_tower_gulberg_greens_islamabad-53082558-8313-1.html,Flat,PKR2.9 Crore,3,7.3 Marla,For Sale,2,4 weeks ago,"Gulberg, Islamabad, Islamabad Capital","Gulberg green Islamabad AJ Tower 2 Bedroom apparent for sale Different SIZE Different floor furnished apartment & Non Furnished Apartment Total floor 12th floor Farmhouse facing & main road facing apartment available Apartment SIZE Sqft 1748,1870,1940,2650 all size apartment available Per sqft rate 18000 More information Contact us","Built in year: 2025, Parking Spaces: 3, Lobby in Building, Double Glazed Windows, Central Air Conditioning, Central Heating, Flooring, Electricity Backup, Waste Disposal, Floor: 4, Floors in Building: 12, Elevators: 6, Service Elevators in Building, Other Main Features, Furnished","Bedrooms: 2, Bathrooms: 3, Servant Quarters: 1, Drawing Room, Dining Room, Kitchens: 1, Study Room, Prayer Room, Powder Room, Gym, Store Rooms: 1, Steam Room, Lounge or Sitting Room, Laundry Room, Other Rooms","Broadband Internet Access, Satellite or Cable TV Ready, Business Center or Media Room in Building, Conference Room in Building, Intercom, ATM Machines, Other Business and Communication Facilities","Community Lawn or Garden, Community Swimming Pool, Community Gym, First Aid or Medical Centre, Day Care Centre, Kids Play Area, Barbeque Area, Mosque, Community Centre, Other Community Facilities","Sauna, Jacuzzi, Other Healthcare and Recreation Facilities","Nearby Schools, Nearby Hospitals, Nearby Shopping Malls, Nearby Restaurants, Distance From Airport (kms), Nearby Public Transport Service, Other Nearby Places","Maintenance Staff, Security Staff, Laundry or Dry Cleaning Facility, Communal/Shared Kitchen, Facilities for Disabled, Pets Allowed, Other Facilities",,,
https://www.zameen.com/Property/gulberg_greens_diamond_mall_residency_gulberg_green_islamabad_diamond_mall_residencia-53158166-10982-1.html,Flat,PKR1.85 Crore,4,7.8 Marla,For Sale,4,19 hours ago,"Gulberg, Islamabad, Islamabad Capital",*Daimond MALL & Residency Gulberg Green* *Daimond MALL 4 BED XL Corner APARTMENT AVAILABLE For Sale* *On 1st&5th Floor *SIZE: 1753 SQ FT* *Non-Furnished apparment* *Wood work done* Basement car parking space 3 *OWN APARTMENT* *VISIT POSSIBLE ANY TIME* *For more information Contact us*,"Built in year: 2024, Parking Spaces: 3, Lobby in Building, Double Glazed Windows, Central Air Conditioning, Central Heating, Flooring, Electricity Backup, Waste Disposal, Floor: 1, Floors in Building: 13, Elevators: 4, Service Elevators in Building, Other Main Features, Furnished","Bedrooms: 4, Bathrooms: 4, Servant Quarters: 1, Drawing Room, Dining Room, Kitchens: 1, Study Room, Prayer Room, Powder Room, Gym, Store Rooms: 1, Steam Room, Lounge or Sitting Room, Laundry Room, Other Rooms","Broadband Internet Access, Satellite or Cable TV Ready, Business Center or Media Room in Building, Conference Room in Building, Intercom, Other Business and Communication Facilities","Community Lawn or Garden, Community Swimming Pool, Community Gym, First Aid or Medical Centre, Day Care Centre, Kids Play Area, Barbeque Area, Mosque, Community Centre, Other Community Facilities","Sauna, Jacuzzi, Other Healthcare and Recreation Facilities","Nearby Schools, Nearby Hospitals, Nearby Shopping Malls, Nearby Restaurants, Distance From Airport (kms), Nearby Public Transport Service, Other Nearby Places","Maintenance Staff, Security Staff, Laundry or Dry Cleaning Facility, Communal/Shared Kitchen, Facilities for Disabled, Pets Allowed, Other Facilities",,,
https://www.zameen.com/Property/b_17_faisal_margalla_city_brand_new_house_availible_for_sale-53348425-13424-1.html,House,PKR3.6 Crore,5,8 Marla,For Sale,4,1 week ago,"B-17, Islamabad, Islamabad Capital","Double Unit House for Sale FMC HOUSE NO200 Size: 30x60 4 Spacious Bedrooms with Attached Washrooms 2 Elegant Drawing Rooms 2 Stylish & Spacious TV Lounges 2 Modern Kitchens Car Parking Space Servant Room with Attached Washroom & Kitchen Water, Gas & Electricity Available Top Class Location Just a few steps from Football Ground, Commercial Area & School Very Reasonable Demand: 3 Crore 60 Lakh Only","Built in year: 2025, Parking Spaces: 2, Double Glazed Windows, Flooring, Floors: 2","Bedrooms: 4, Bathrooms: 5, Servant Quarters: 1, Drawing Room, Dining Room, Kitchens: 2",Broadband Internet Access,"Community Lawn or Garden, Community Gym, First Aid or Medical Centre, Kids Play Area, Mosque",,"Nearby Schools, Nearby Hospitals, Nearby Shopping Malls, Nearby Restaurants, Distance From Airport (kms)",,,,
https://www.zameen.com/Property/islamabad_f-11_f-11_abu_dhabi_tower_1_bed_room_fully_furnished-51218509-163-1.html,Flat,PKR2.1 Crore,1,3.3 Marla,For Sale,1,7 hours ago,"F-11, Islamabad, Islamabad Capital","F-11 Abu Dhabi Tower 1 Bed Room Apartment Fully Furnished 750 Sqft Available For Urgent Sale Detail Please Contact With The Rapid Fluctuations In Real Estate Market, The Opportunity To Book Your Home At A Price Of PKR Rs. 16500000 Is A Good Idea. At A Price Like This, The Flat Is The Best Option. If You Want To Buy This Property, Then Please Consider Booking It Quickly - Because Our Offers (You Should Know) Are As Liquid As They Come! Looking For The Most Trusted 750 Square Feet Options. Here Is Something To Consider. The Growing Property Trend In F-11 Makes It An Ideal Investment Place. A Central Location Like F-11 Is The Best Choice For Living As It'S Close To All Necessities. Looking For Property Options? Contact Us And Let Us Guide You For The Best Offers.","Built in year: 2023, Parking Spaces: 1, Double Glazed Windows, Central Air Conditioning, Central Heating, Flooring, Electricity Backup, Waste Disposal, Other Main Features, Furnished","Bedrooms: 3, Bathrooms: 4, Servant Quarters: 1, Drawing Room, Dining Room, Kitchens: 2, Study Room, Prayer Room, Powder Room, Gym, Store Rooms: 1, Steam Room, Lounge or Sitting Room, Laundry Room, Other Rooms","Broadband Internet Access, Satellite or Cable TV Ready, Intercom, Other Business and Communication Facilities","Community Lawn or Garden, Community Swimming Pool, Community Gym, First Aid or Medical Centre, Day Care Centre, Kids Play Area, Barbeque Area, Mosque, Community Centre, Other Community Facilities","Sauna, Jacuzzi, Other Healthcare and Recreation Facilities","Nearby Schools, Nearby Hospitals, Nearby Shopping Malls, Nearby Restaurants, Distance From Airport (kms), Nearby Public Transport Service, Other Nearby Places","Maintenance Staff, Security Staff, Facilities for Disabled, Other Facilities",,,
https://www.zameen.com/Property/islamabad_mumtaz_city_mumtaz_city_5_marla_house_available_for_sale-53312962-3464-1.html,House,PKR2.45 Crore,6,5 Marla,For Sale,6,6 days ago,"Mumtaz City, Islamabad, Islamabad Capital","_Mumtaz City Islamabad - Luxury House for Sale_ - Near International Airport - 5 Marla Brand New Luxury House - 6 Bedrooms with Attached Baths - Asking Price: 2 Crore 45 Lakh - Rental Value: 80,000/- - Brand New House - Prime Location - Excellent Investment Opportunity: Earn 80,000/- per month by renting out this property! Secure your dream home or invest in a prime location! Contact for visit and more details. Call/WhatsApp for appointment: [insert contact number] Don't miss this opportunity!","Built in year: 2025, Parking Spaces: 1, Double Glazed Windows, Central Air Conditioning, Central Heating, Flooring, Electricity Backup, Waste Disposal, Floors: 2, Other Main Features, Furnished","Bedrooms: 6, Bathrooms: 6, Servant Quarters: 1, Drawing Room, Dining Room, Kitchens: 2, Study Room, Prayer Room, Powder Room, Gym, Store Rooms: 2, Steam Room, Lounge or Sitting Room, Laundry Room, Other Rooms","Broadband Internet Access, Satellite or Cable TV Ready, Intercom, Other Business and Communication Facilities","Community Lawn or Garden, Community Swimming Pool, Community Gym, First Aid or Medical Centre, Day Care Centre, Kids Play Area, Barbeque Area, Mosque, Community Centre, Other Community Facilities","Lawn or Garden, Swimming Pool, Sauna, Jacuzzi, Other Healthcare and Recreation Facilities","Nearby Schools, Nearby Hospitals, Nearby Shopping Malls, Nearby Restaurants, Distance From Airport (kms), Nearby Public Transport Service, Other Nearby Places","Maintenance Staff, Security Staff, Facilities for Disabled, Other Facilities",,,
https://www.zameen.com/Property/bahria_enclave_bahria_enclave_-_sector_c3_sector_c3_10_marla_brand_new_house_excellent_construction_quality_sun_facing_house_available_for_sale-53225593-11989-1.html,House,PKR4.6 Crore,6,10 Marla,For Sale,5,1 week ago,"Bahria Town, Islamabad, Islamabad Capital",Sector C3 10 Marla Brand New House Excellent Construction Quality Sun facing House Available for Sale Note: Most Beautiful Location of Sector N Walking Distance from Mosque Park and Commercial. Meeting with Director Owner Accommodation: 5Bedrooms with Attach Bathrooms 2 Kitchen 2 Tv Lounge Drawing & Dinning Room Servant Quarter with Attached Bath Front Terrace 2 Car Parking Note: Best Quality Guaranteed Construction & Finishing Material. Ideal Location for Living and Enjoying the Amenities & Live in a Healthy Natural Environment. Contact for More details:,"Built in year, Parking Spaces: 3, Double Glazed Windows, Flooring, Electricity Backup, Waste Disposal, Floors: 2","Bedrooms: 5, Bathrooms: 6, Servant Quarters: 1, Drawing Room, Dining Room, Kitchens: 2, Study Room, Prayer Room, Powder Room, Store Rooms: 1, Steam Room, Lounge or Sitting Room","Broadband Internet Access, Satellite or Cable TV Ready, Intercom","Community Lawn or Garden, Community Swimming Pool, Community Gym, First Aid or Medical Centre, Day Care Centre, Kids Play Area, Barbeque Area, Mosque, Community Centre","Lawn or Garden, Swimming Pool, Sauna, Jacuzzi","Nearby Schools, Nearby Hospitals, Nearby Shopping Malls, Nearby Restaurants, Distance From Airport (kms), Nearby Public Transport Service, Other Nearby Places","Security Staff, Other Facilities",,,
https://www.zameen.com/Property/bahria_enclave_bahria_enclave_-_sector_g_bahria_enclave_sector_g_8_marla_new_house_excellent_construction_quality_sun_facing_house_for_sale-53174344-11984-1.html,House,PKR3.3 Crore,6,8 Marla,For Sale,5,3 days ago,"Bahria Town, Islamabad, Islamabad Capital","Bahria Enclave Sector G 8 Marla New House Excellent Construction Quality Sun facing House for Sale Note: Best Quality Guaranteed Construction & Finishing Material. Ideal Location for Living and Enjoying the Amenities & Live in a Healthy Natural Environment Accommodation: 5 Bedrooms with Attach Imported fitting Washrooms 2 Kitchens 2 Huge TVs Lounge Drawing & Dining Room Servant Quarter with Attached Bath Front Terrace 2 Cars Parking Outside Beautiful Lawn Most Beautiful Location of Bahria Enclave Islamabad Walking Distance from Main Gate, Mosque Park and Commercials. Contact for More details.","Built in year, Parking Spaces: 2, Double Glazed Windows, Central Air Conditioning, Central Heating, Flooring, Electricity Backup, Waste Disposal, Floors: 2","Bedrooms: 5, Bathrooms: 6, Servant Quarters: 1, Drawing Room, Dining Room, Kitchens: 2, Study Room, Prayer Room, Powder Room, Store Rooms: 1, Lounge or Sitting Room, Laundry Room","Broadband Internet Access, Satellite or Cable TV Ready, Intercom","Community Lawn or Garden, Community Swimming Pool, Community Gym, First Aid or Medical Centre, Day Care Centre, Kids Play Area, Barbeque Area, Mosque, Community Centre","Lawn or Garden, Swimming Pool, Sauna, Jacuzzi","Nearby Schools, Nearby Hospitals, Nearby Shopping Malls, Nearby Restaurants, Distance From Airport (kms), Nearby Public Transport Service, Other Nearby Places",,,,
https://www.zameen.com/Property/bahria_enclave_bahria_enclave_-_sector_c3_sector_c3_9_marla_brand_new_house_excellent_construction_quality_sun_facing_house_available_for_sale-53227434-11989-1.html,House,PKR4.18 Crore,6,9 Marla,For Sale,5,5 days ago,"Bahria Town, Islamabad, Islamabad Capital","Sector C3 9 Marla Brand New House Excellent Construction Quality Sun Facing House Available for Sale Note: Most Beautiful Location of Sector C3 Walking Distance from Main Gate, Mosque Park and Commercial. Meeting with Direct Owner. Accommodation: 5 Bedrooms with Attach Bathrooms 2 Kitchen 2 Tv Lounge Drawing & Dinning Room Servant Quarter with Attached Bath Front Terrace 2 Car Parking Note: Best Quality Guaranteed Construction & Finishing Material. Ideal Location for Living and Enjoying the Amenities & Live in a Healthy Natural Environment Contact us for More details:","Built in year, Parking Spaces: 2, Double Glazed Windows, Flooring, Electricity Backup, Waste Disposal, Floors: 2","Bedrooms: 5, Bathrooms: 6, Servant Quarters: 1, Drawing Room, Dining Room, Kitchens: 2, Study Room, Prayer Room, Powder Room, Gym, Store Rooms: 1, Lounge or Sitting Room, Laundry Room","Broadband Internet Access, Satellite or Cable TV Ready","Community Lawn or Garden, Community Swimming Pool, Community Gym, First Aid or Medical Centre, Day Care Centre, Kids Play Area, Barbeque Area, Mosque, Community Centre","Lawn or Garden, Sauna, Jacuzzi","Nearby Schools, Nearby Hospitals, Nearby Shopping Malls, Nearby Restaurants, Distance From Airport (kms), Nearby Public Transport Service, Other Nearby Places",,,,
https://www.zameen.com/Property/dha_defence_dha_defence_phase_2_rak_properties_offers_2_kanal_single_unit_house_for_sale_in_prime_location_of_dha_phase_ii_islamabad-53180668-339-1.html,House,PKR16.25 Crore,6,2 Kanal,For Sale,5,1 month ago,"DHA Defence, Islamabad, Islamabad Capital","RAK PROPERTIES OFFERS 2 KANAL SINGLE UNIT HOUSE DHA PHASE 2, ISLAMABAD 18.00CRORES DEMAND 5 LUXURY BEDROOM WITH ATTACHED WASHROOM 1 KANAL BEAUTIFUL LAWN HUGE BEAUTIFUL OPEN KITCHEN WITH SOLID CABINETS FANCY ELEGANT CHANDELIER HIGH QUALITY IMPORTED TILE FLOORING 4 CAR PARKING SPACE TO SCHEDULE A VISIT OR INQUIRE ABOUT MORE DETAILS, CONTACT US","Built in year: 2012, Parking Spaces: 4, Double Glazed Windows, Central Air Conditioning, Central Heating, Flooring, Electricity Backup, Floors: 3, Other Main Features","Bedrooms: 5, Bathrooms: 6, Servant Quarters: 2, Drawing Room, Dining Room, Kitchens: 2, Study Room, Prayer Room, Powder Room, Store Rooms: 2, Lounge or Sitting Room, Laundry Room, Other Rooms","Broadband Internet Access, Satellite or Cable TV Ready, Intercom, Other Business and Communication Facilities","Community Lawn or Garden, Community Swimming Pool, Community Gym, First Aid or Medical Centre, Day Care Centre, Kids Play Area, Barbeque Area, Mosque, Community Centre, Other Community Facilities","Lawn or Garden, Swimming Pool, Sauna, Jacuzzi, Other Healthcare and Recreation Facilities","Nearby Schools, Nearby Hospitals, Nearby Shopping Malls, Nearby Restaurants, Distance From Airport (kms), Nearby Public Transport Service, Other Nearby Places","Security Staff, Other Facilities",,,
https://www.zameen.com/Property/g_13_g-13_3_stunning_30_60_onwer_built_house_for_sale_in_cda_sector_g13_islamabad-53320957-3339-1.html,House,PKR5.3 Crore,6,8 Marla,For Sale,5,2 weeks ago,"G-13, Islamabad, Islamabad Capital","*Stunning 3060 Owner-Built House For Sale In CDA Sector G13, Islamabad! * Reasonable Price *Property Details:* - *Location:* G13/3, Islamabad - *House Size:* 3060 - *Asking Price:* Rs. 5 Crore 30 Lakh - *Features:* - 2 Drawing Rooms - 5 Bedrooms - 2 TV Lounges - 1 Designer Kitchen - 1 Study Room - 2 Car Parking Spaces - 1 Store On Mumty - 1 Servant Room On Mumty *Prime Location Benefits:* - *Near Amenities* Like Masjid, Markaz, Playground &Amp; Family Park - *Convenient Living* In A Well-Planned Sector - *Ideal For Family* Looking For Comfort And Accessibility - *Owner-Built* With Attention To Detail And Quality *Contact For More Information:* Don'T Miss This Opportunity To Own A Beautifully Designed, Owner-Built Home In A Prime Location Of Islamabad!","Built in year: 2025, Parking Spaces: 2, Double Glazed Windows, Central Air Conditioning, Central Heating, Flooring, Electricity Backup, Waste Disposal, Floors: 2, Furnished","Bedrooms: 5, Bathrooms: 6, Servant Quarters: 1, Drawing Room, Dining Room, Kitchens: 1, Study Room, Prayer Room, Powder Room, Gym, Store Rooms: 1, Steam Room, Lounge or Sitting Room, Laundry Room","Broadband Internet Access, Satellite or Cable TV Ready, Intercom","Community Lawn or Garden, Community Swimming Pool, Community Gym, First Aid or Medical Centre, Day Care Centre, Kids Play Area, Barbeque Area, Mosque, Community Centre","Lawn or Garden, Swimming Pool, Sauna, Jacuzzi","Nearby Schools, Nearby Hospitals, Nearby Shopping Malls, Nearby Restaurants, Distance From Airport (kms), Nearby Public Transport Service, Other Nearby Places","Maintenance Staff, Security Staff, Facilities for Disabled",,,
https://www.zameen.com/Property/islamabad_bani_gala_17_marla_single_story_house_for_sale_in_bani_gala_near_allied_bank-53208252-340-1.html,House,PKR4.25 Crore,4,17 Marla,For Sale,3,2 weeks ago,"Bani Gala, Islamabad, Islamabad Capital","17 Marla property in Bani Gala is hard to come by, so make use of the offer today. Take a decision today to own your House in an ideal location at an ideal price. The location of the House in Bani Gala is such that all the attractions and landmarks of the city are easily accessible from it. This property at Rs. 42500000 is just what you need to start a better life! This could be your chance to buy such a precious real estate asset. With real estate on the boom, investing in Bani Gala is no less than an opportunity. For any kind of property advice, you can get in touch with us.","Built in year: 2025, Parking Spaces: 4, Double Glazed Windows, Central Air Conditioning, Central Heating, Flooring, Electricity Backup, Waste Disposal, Floors: 2, Other Main Features, Furnished","Bedrooms: 5, Bathrooms: 6, Servant Quarters: 2, Drawing Room, Dining Room, Kitchens: 2, Study Room, Prayer Room, Powder Room, Gym, Store Rooms: 2, Steam Room, Lounge or Sitting Room, Laundry Room, Other Rooms","Broadband Internet Access, Satellite or Cable TV Ready, Intercom, Other Business and Communication Facilities","Community Lawn or Garden, Community Swimming Pool, Community Gym, First Aid or Medical Centre, Day Care Centre, Kids Play Area, Barbeque Area, Mosque, Community Centre, Other Community Facilities","Lawn or Garden, Swimming Pool, Sauna, Jacuzzi, Other Healthcare and Recreation Facilities","Nearby Schools, Nearby Hospitals, Nearby Shopping Malls, Nearby Restaurants, Distance From Airport (kms), Nearby Public Transport Service, Other Nearby Places","Maintenance Staff, Security Staff, Facilities for Disabled, Other Facilities",,,
https://www.zameen.com/Property/mpchs_multi_gardens_mpchs_-_block_c_1_brand_new_10_marla_house_for_sale_in_mpchs_c_block-53343011-3118-1.html,House,PKR4.5 Crore,5,10 Marla,For Sale,5,6 days ago,"B-17, Islamabad, Islamabad Capital","10 Marla modern design ghar B-17 C Block mein, spacious rooms, stylish kitchen, car porch aur ideal location. Near market & masjid, ready to move!","Built in year: 2025, Parking Spaces: 3, Double Glazed Windows, Flooring, Electricity Backup","Bedrooms: 5, Bathrooms: 5, Servant Quarters: 1, Drawing Room, Dining Room, Kitchens: 2, Study Room, Prayer Room, Powder Room, Store Rooms: 1, Steam Room, Laundry Room",,"Day Care Centre, Kids Play Area, Barbeque Area, Mosque, Community Centre",Lawn or Garden,,,,,
https://www.zameen.com/Property/gulberg_gulberg_residencia_gulberg_residencia_c_block-53180957-8319-1.html,House,PKR2.7 Crore,4,5 Marla,For Sale,4,2 days ago,"Gulberg, Islamabad, Islamabad Capital","5 Marla Luxury House for Sale in Gulberg Residencia Block C (25x50) SOLID CONSTRUCTION | MODERN DESIGN --- Prime Location CDA Approved Area Situated in Gulberg Residencia Block C Close proximity to park, market, and mosque Peaceful and well-developed neighborhood --- Accommodation Details Double Unit House 4 Spacious Bedrooms 4 Modern Washrooms 2 Stylish Kitchens 2 Comfortable TV Lounges 2 Elegant Drawing Rooms --- Contact Us for More Details Interested buyers, please get in touch for price, visit scheduling, or further information.","Built in year: 2025, Parking Spaces: 1, Double Glazed Windows, Central Air Conditioning, Central Heating, Flooring, Electricity Backup, Waste Disposal, Floors: 1, Other Main Features, Furnished","Bedrooms: 4, Bathrooms: 4, Servant Quarters: 1, Drawing Room, Dining Room, Kitchens: 1, Study Room, Prayer Room, Powder Room, Gym, Store Rooms: 1, Steam Room, Lounge or Sitting Room, Laundry Room, Other Rooms","Broadband Internet Access, Satellite or Cable TV Ready, Intercom, Other Business and Communication Facilities","Community Lawn or Garden, Community Swimming Pool, Community Gym, First Aid or Medical Centre, Day Care Centre, Kids Play Area, Barbeque Area, Mosque, Community Centre, Other Community Facilities","Lawn or Garden, Swimming Pool, Sauna, Jacuzzi, Other Healthcare and Recreation Facilities","Nearby Schools, Nearby Hospitals, Nearby Shopping Malls, Nearby Restaurants, Distance From Airport (kms), Nearby Public Transport Service, Other Nearby Places","Maintenance Staff, Security Staff, Facilities for Disabled, Other Facilities",,,
https://www.zameen.com/Property/b_17_faisal_margalla_city_5_marla_25x50_luxury_house_for_sale_faisal_margalla_city_fmc_b-17_islamabad-53340751-13424-1.html,House,PKR2.48 Crore,-,5 Marla,For Sale,-,5 days ago,"B-17, Islamabad, Islamabad Capital","5 Marla (25x50) Luxury House For Sale Faisal Margalla City FMC B-17 Islamabad. Prime Location Masjid, Markaz, School, Family Park and Water Filtration Plant are at walking distance Ready to Move House Features: A+ Construction Double Story + Servant Room & Mumty Single/ Double Unit (Both options) Beautiful Interior designing 2 Drawing areas 2 TV lounges with beautiful LCD Panel 4 Bedrooms Attached Baths 4 Baths 2 Kitchens with Modern Wood Work Imported Tiles Work upto Ceilling Trending Feature Walls Double Heighted Stairs Area Floating Stairs For More info free to contact us:","Built in year: 2025, Parking Spaces, Double Glazed Windows, Central Air Conditioning, Central Heating, Flooring, Electricity Backup, Waste Disposal, Other Main Features","Bedrooms: 4, Bathrooms: 4, Drawing Room, Dining Room, Kitchens: 2, Lounge or Sitting Room, Laundry Room, Other Rooms","Broadband Internet Access, Satellite or Cable TV Ready, Intercom, Other Business and Communication Facilities","Community Lawn or Garden, Community Swimming Pool, Community Gym, First Aid or Medical Centre, Day Care Centre, Kids Play Area, Barbeque Area, Mosque, Community Centre, Other Community Facilities","Lawn or Garden, Swimming Pool, Sauna, Jacuzzi, Other Healthcare and Recreation Facilities","Nearby Schools, Nearby Hospitals, Nearby Shopping Malls, Nearby Restaurants, Distance From Airport (kms), Nearby Public Transport Service, Other Nearby Places","Security Staff, Other Facilities",,,
https://www.zameen.com/Property/islamabad_g-15_house_for_sale-53057667-764-1.html,House,PKR6.25 Crore,6,14 Marla,For Sale,6,1 week ago,"G-15, Islamabad, Islamabad Capital",beautiful brand new luxury house available for sale in G15/1 accommodation 6Bed with attach washroom to kitchen to drawing room 2 TV launch 3 car parking space water boring ideal location near market and markaz near Bank ATM and schools please contact more information,"Built in year: 2012, Parking Spaces: 4, Double Glazed Windows, Central Air Conditioning, Flooring, Electricity Backup, Floors: 2",,,,,,,,,
https://www.zameen.com/Property/islamabad_soan_garden_6_marla_brind_new_double_story_house_for_sale-53348294-338-1.html,House,PKR2.85 Crore,6,6 Marla,For Sale,6,2 days ago,"Soan Garden, Islamabad, Islamabad Capital",6 MARLA BRIND NEW DOUBLE STORY HOUSE FOR SALE IN SOAN GARDEN HOUSING SOCIETY ISLAMABAD Stunning Location front Wide Road Reasonable Price Tile Flooring 6 Bedrooms 8 Bathroom 2 kitchen Drawing Room Tv Lounge All Facilities Available Near to Mian High way Islamabad call Us More Information,"Built in year: 2025, Parking Spaces: 1, Double Glazed Windows, Central Air Conditioning, Central Heating, Flooring, Electricity Backup, Waste Disposal, Floors: 2, Other Main Features","Bedrooms: 6, Bathrooms: 6, Servant Quarters: 1, Drawing Room, Dining Room, Kitchens: 2, Study Room, Prayer Room, Powder Room, Gym, Store Rooms: 1, Steam Room, Lounge or Sitting Room, Laundry Room, Other Rooms","Broadband Internet Access, Satellite or Cable TV Ready, Intercom, Other Business and Communication Facilities","Community Lawn or Garden, Community Swimming Pool, Community Gym, First Aid or Medical Centre, Day Care Centre, Kids Play Area, Barbeque Area, Mosque, Community Centre, Other Community Facilities","Lawn or Garden, Swimming Pool, Sauna, Jacuzzi, Other Healthcare and Recreation Facilities","Nearby Schools, Nearby Hospitals, Nearby Shopping Malls, Nearby Restaurants, Distance From Airport (kms), Nearby Public Transport Service, Other Nearby Places","Maintenance Staff, Security Staff, Facilities for Disabled, Other Facilities",,,
https://www.zameen.com/Property/dha_defence_dha_defence_phase_2_1_kanal_ultra_luxurious_designer_house_for_sale-53041868-339-1.html,House,PKR13.75 Crore,6,1 Kanal,For Sale,5,10 hours ago,"DHA Defence, Islamabad, Islamabad Capital",*property Details* - Area - DHA-2 ISLAMABAD - Property Size - 1 kanal (90 50) - Location - Prime location - Near By - jacaranda family club - House Highlights - Single Unit House *House Details* - (05)bedrooms with attached washrooms - Central Heating installed - Drawing & Dinning area - Powder Room - Tv Lounge - Kitchen (2 ) - Servant Quarter (2 ) *PRICE 13.75CRORE* Direct deal with owner,"Built in year: 2025, Parking Spaces: 3, Double Glazed Windows, Central Air Conditioning, Central Heating, Flooring, Electricity Backup, Waste Disposal, Floors: 2, Other Main Features","Bedrooms: 5, Bathrooms: 6, Servant Quarters: 2, Drawing Room, Dining Room, Kitchens: 2, Study Room, Prayer Room, Powder Room, Gym, Store Rooms: 1, Steam Room, Lounge or Sitting Room, Laundry Room, Other Rooms","Broadband Internet Access, Satellite or Cable TV Ready, Intercom, Other Business and Communication Facilities","Community Lawn or Garden, Community Swimming Pool, Community Gym, First Aid or Medical Centre, Day Care Centre, Kids Play Area, Barbeque Area, Mosque, Community Centre, Other Community Facilities","Lawn or Garden, Swimming Pool, Sauna, Jacuzzi","Nearby Schools, Nearby Hospitals, Nearby Shopping Malls, Nearby Restaurants, Distance From Airport (kms), Nearby Public Transport Service, Other Nearby Places","Maintenance Staff, Security Staff, Facilities for Disabled, Other Facilities",,,
https://www.zameen.com/Property/dha_defence_dha_defence_phase_2_1_kanal_brand_new_ultra_luxurious_designer_house_for_sale-53057660-339-1.html,House,PKR14.4 Crore,6,1 Kanal,For Sale,5,2 days ago,"DHA Defence, Islamabad, Islamabad Capital","*Property Details* sector E* - Area - DHA-2 ISLAMABAD - Property Size - 1 Kanal - House Highlights - *Aesthetically Built Double Story Brand New House* - *House Details* - 5 bedrooms with attached washrooms - Drawing & Dining area - Powder Room - Double Highted Lobby - Tv Lounge - Kitchen (2 ) - Servant Quarter *House Aesthetics* - All Doors made of Solid mohagni Wood - Double Height Lobby - Windows Of UPVC - Imported Tiles - Jacuzzi""s Installed in washrooms - Car Porch for 3 Cars(SUV's) *Demand 14.40*cr direct deal with owner","Built in year: 2024, Parking Spaces: 3, Double Glazed Windows, Central Air Conditioning, Central Heating, Flooring, Waste Disposal, Floors: 2, Other Main Features","Bedrooms: 5, Bathrooms: 6, Servant Quarters: 2, Drawing Room, Dining Room, Kitchens: 1, Study Room, Prayer Room, Powder Room, Gym, Store Rooms: 1, Steam Room, Lounge or Sitting Room, Laundry Room, Other Rooms","Broadband Internet Access, Satellite or Cable TV Ready, Intercom","Community Lawn or Garden, Community Swimming Pool, Community Gym, First Aid or Medical Centre, Day Care Centre, Kids Play Area, Barbeque Area, Mosque, Community Centre","Lawn or Garden, Swimming Pool, Sauna, Jacuzzi","Nearby Schools, Nearby Hospitals, Nearby Shopping Malls, Nearby Restaurants, Distance From Airport (kms), Nearby Public Transport Service, Other Nearby Places","Maintenance Staff, Security Staff, Facilities for Disabled, Other Facilities",,,
https://www.zameen.com/Property/dha_defence_dha_defence_phase_2_1_kanal_brand_new_beautiful_proper_double_unit_house_for_sale_at_main_boulevard-53041861-339-1.html,House,PKR12.5 Crore,6,1 Kanal,For Sale,6,2 days ago,"DHA Defence, Islamabad, Islamabad Capital",*property Details* - Area - DHA-2 ISLAMABAD - Property Size - 1 kanal (90 50) - Location - Sec A - Near By - Near to gate 1 - 1 mint drive to GT road islamabad - House Highlights - double Unit house *House Details* - (06)bedrooms with attached washrooms - Drawing & Dinning area - Powder Room - Tv Lounge - Kitchen (2 ) - Servant Quarter (2 ) *PRICE 12.50 CRORE,"Built in year: 2024, Parking Spaces: 3, Double Glazed Windows, Central Air Conditioning, Central Heating, Flooring, Waste Disposal, Floors: 2, Other Main Features","Bedrooms: 6, Bathrooms: 7, Servant Quarters: 2, Drawing Room, Dining Room, Kitchens: 2, Study Room, Prayer Room, Powder Room, Gym, Store Rooms: 2, Steam Room, Lounge or Sitting Room, Laundry Room","Broadband Internet Access, Satellite or Cable TV Ready, Intercom","Community Lawn or Garden, Community Swimming Pool, Community Gym, First Aid or Medical Centre, Day Care Centre, Kids Play Area, Barbeque Area, Mosque, Community Centre","Lawn or Garden, Swimming Pool, Sauna, Jacuzzi","Nearby Schools, Nearby Hospitals, Nearby Shopping Malls, Nearby Restaurants, Distance From Airport (kms), Nearby Public Transport Service, Other Nearby Places","Maintenance Staff, Security Staff, Facilities for Disabled, Other Facilities",,,
https://www.zameen.com/Property/dha_defence_dha_defence_phase_2_1_kanal_brand_new_beautiful_designer_house_for_sale-52417300-339-1.html,House,PKR12 Crore,6,1 Kanal,For Sale,5,5 days ago,"DHA Defence, Islamabad, Islamabad Capital",*property Details* - Area - DHA-2 ISLAMABAD - Property Size - 1 kanal (90 50) - Location - Sec B - Near By - jacranda club - 5 mint drive to expressway islamabad - House Highlights - double Unit house *House Details* - (05)bedrooms with attached washrooms - Drawing & Dinning area - Powder Room - Tv Lounge - Kitchen (2 ) - Servant Quarter (2 ) *PRICE 12 CRORE.,"Built in year: 2024, Parking Spaces: 3, Double Glazed Windows, Central Air Conditioning, Central Heating, Flooring, Waste Disposal, Floors: 2, Other Main Features","Bedrooms: 6, Bathrooms: 7, Servant Quarters: 2, Drawing Room, Dining Room, Kitchens: 2, Study Room, Prayer Room, Powder Room, Gym, Store Rooms: 2, Steam Room, Lounge or Sitting Room, Laundry Room","Broadband Internet Access, Satellite or Cable TV Ready, Intercom","Community Lawn or Garden, Community Swimming Pool, Community Gym, First Aid or Medical Centre, Day Care Centre, Kids Play Area, Barbeque Area, Mosque, Community Centre","Lawn or Garden, Swimming Pool, Sauna, Jacuzzi","Nearby Schools, Nearby Hospitals, Nearby Shopping Malls, Nearby Restaurants, Distance From Airport (kms), Nearby Public Transport Service, Other Nearby Places","Maintenance Staff, Security Staff, Facilities for Disabled, Other Facilities",,,
https://www.zameen.com/Property/dha_defence_dha_defence_phase_2_beautiful_house_for_sale-52401412-339-1.html,House,PKR10.5 Crore,6,1 Kanal,For Sale,5,1 day ago,"DHA Defence, Islamabad, Islamabad Capital",*property Details* - Area - DHA-2 ISLAMABAD - Property Size - 1 kanal (90 50) - Near By - Near to gate 7 - 5 mint drive to expressway islamabad - House Highlights - single Unit house *House Details* - (05)bedrooms with attached washrooms - Drawing & Dinning area - Powder Room - Tv Lounge - Kitchen (1 ) - Servant Quarter (2 ) *PRICE 10.50 CRORE,"Built in year: 2025, Parking Spaces: 3, Double Glazed Windows, Central Air Conditioning, Central Heating, Flooring, Electricity Backup, Waste Disposal, Floors: 2, Other Main Features","Bedrooms: 6, Bathrooms: 7, Servant Quarters: 2, Drawing Room, Dining Room, Kitchens: 2, Study Room, Prayer Room, Powder Room, Gym, Store Rooms: 2, Steam Room, Lounge or Sitting Room, Laundry Room, Other Rooms","Broadband Internet Access, Satellite or Cable TV Ready, Intercom","Community Lawn or Garden, Community Swimming Pool, Community Gym, First Aid or Medical Centre, Day Care Centre, Kids Play Area, Barbeque Area, Mosque, Community Centre","Lawn or Garden, Swimming Pool, Sauna, Jacuzzi","Nearby Schools, Nearby Hospitals, Nearby Shopping Malls, Nearby Restaurants, Distance From Airport (kms), Nearby Public Transport Service, Other Nearby Places","Maintenance Staff, Security Staff, Facilities for Disabled",,,
https://www.zameen.com/Property/dha_defence_dha_defence_phase_2_1_kanal_brand_new_beautiful_single_unit_house-52401406-339-1.html,House,PKR13.5 Crore,6,1 Kanal,For Sale,6,1 day ago,"DHA Defence, Islamabad, Islamabad Capital","DHA-2 | OWNER MADE | HIGHEST TABLE TOP STREET HOUSE FOR SALE | 1 kanal most elegent and *Designer House* that is basically owner made and is single unit and is on the highest table top street of *SECTOR A,DHA PHASE 2* is available for sale. - Walking Distance From GIGA MALL, Mosque, Park & GATE 3 - Solid Construction as per owner made - 6 Bedrooms with attached Washrooms - 1st floor 2 bed with Drawing dinning ,tv lounge and kitchen - 2nd floor 4 bed with tv lounge and kitchen - Further Drawing, dinning rooms as well - Totally high-class work done Demand 13.5 Cr Direct deal with owner","Built in year: 2025, Parking Spaces: 3, Double Glazed Windows, Central Air Conditioning, Central Heating, Flooring, Electricity Backup, Waste Disposal, Floors: 2, Other Main Features, Furnished","Bedrooms: 6, Bathrooms: 7, Servant Quarters: 2, Drawing Room, Dining Room, Kitchens: 2, Study Room, Prayer Room, Powder Room, Gym, Store Rooms: 2, Steam Room, Lounge or Sitting Room, Laundry Room, Other Rooms","Broadband Internet Access, Satellite or Cable TV Ready, Intercom, Other Business and Communication Facilities","Community Lawn or Garden, Community Swimming Pool, Community Gym, First Aid or Medical Centre, Day Care Centre, Kids Play Area, Barbeque Area, Mosque, Community Centre, Other Community Facilities","Lawn or Garden, Swimming Pool, Sauna, Jacuzzi, Other Healthcare and Recreation Facilities","Nearby Schools, Nearby Hospitals, Nearby Shopping Malls, Nearby Restaurants, Distance From Airport (kms), Nearby Public Transport Service, Other Nearby Places","Maintenance Staff, Security Staff, Facilities for Disabled, Other Facilities",,,
https://www.zameen.com/Property/top_city_1_top_city_1_-_block_b_own_a_flat_in_470_square_feet_islamabad-53317291-9230-1.html,Flat,PKR45 Lakh,-,2.1 Marla,For Sale,-,1 month ago,"Top City 1, Islamabad, Islamabad Capital","Explore all the property you could ask for in Islamabad. If you are looking to buy some decent property to secure your future, this Flat on offer here promises just that. Of all the locations that you could wish to buy property, none currently match Top City 1 - Block B in the potential returns on investment. Your ideal property type is up for sale, so what are you waiting for. You need to trust us when we state: a better, more reasonable, price offer than this property's Rs. 4500000 tag may not appear on your radar for a while. This 470 Square Feet property is easily the most sought-after one in the locale. Find out the basic features of the property below. You won't have to worry about lifting your goods to your floor, as the building facilities includes a service elevator for that purpose. A beautifully furnished Flat that you must see for yourself before making the decision. You can enjoy winters inside your Flat with double-glazed windows that provide better insulation. The apartment lobby is well-designed to facilitate visitors. The Flat has a mosque located at a walking distance from it. Central air conditioning in the Flat ensures the temperate inside is always maintained. You can enjoy winters from the warmth of your home due to central heating in the Flat. Contact us today for the details on the property.","Lobby in Building, Double Glazed Windows, Central Air Conditioning, Central Heating, Flooring, Electricity Backup, Waste Disposal, Service Elevators in Building, Furnished",,"Broadband Internet Access, Satellite or Cable TV Ready, Other Business and Communication Facilities","Mosque, Other Community Facilities",Other Healthcare and Recreation Facilities,"Nearby Schools, Nearby Hospitals, Nearby Shopping Malls, Nearby Restaurants, Distance From Airport (kms), Nearby Public Transport Service, Other Nearby Places","Maintenance Staff, Security Staff, Pets Allowed, Other Facilities",,,
https://www.zameen.com/Property/bahria_enclave_bahria_enclave_-_sector_f1_brand_new_house_for_sale_in_sector_f-1_5_bedroom_extreme_top_location_reasonable_price_bahria_enclave_islamabad-53255896-11986-1.html,House,PKR3.25 Crore,5,8 Marla,For Sale,4,5 days ago,"Bahria Town, Islamabad, Islamabad Capital","8 Marla Brand New Designer House Sector F-1, Bahria Enclave Islamabad Live where elegance meets convenience! This luxurious brand new 8 Marla designer house is perfectly crafted for modern living with premium finishing, a prime location, and every comfort you need. Property Features: 5 Spacious Bedrooms with attached baths 2 Stylish TV Lounges for family comfort Elegant Drawing Room for guests Servant Room with Bath Main Boulevard Location High Value & Easy Access Just steps away from Mosque, Shops & Daily Conveniences Near Bahria Enclave Main Entrance Prime Spot! Demand: 3 Crore 25 Lac This isnt just a house its a statement of class and lifestyle in the most sought-after sector of Bahria Enclave. Sector F-1, Bahria Enclave Islamabad Secure your dream home today properties like this dont last long!","Built in year: 2025, Parking Spaces, Double Glazed Windows, Central Air Conditioning, Central Heating, Flooring, Electricity Backup, Waste Disposal, Floors: 2, Other Main Features","Bedrooms: 5, Bathrooms: 6, Servant Quarters: 1, Drawing Room, Dining Room, Kitchens: 2, Study Room, Prayer Room, Powder Room, Gym, Store Rooms: 2, Steam Room, Lounge or Sitting Room, Laundry Room, Other Rooms","Broadband Internet Access, Satellite or Cable TV Ready, Intercom, Other Business and Communication Facilities","Community Lawn or Garden, Community Swimming Pool, Community Gym, First Aid or Medical Centre, Day Care Centre, Kids Play Area, Barbeque Area, Mosque, Community Centre, Other Community Facilities","Lawn or Garden, Swimming Pool, Sauna, Jacuzzi, Other Healthcare and Recreation Facilities","Nearby Schools, Nearby Hospitals, Nearby Shopping Malls, Nearby Restaurants, Distance From Airport (kms), Nearby Public Transport Service, Other Nearby Places",,,,
https://www.zameen.com/Property/gulberg_residencia_gulberg_residencia_-_block_q_triple_storey_newly_built_house_for_sale-53315710-9127-1.html,House,PKR6.5 Crore,7,10 Marla,For Sale,9,2 weeks ago,"Gulberg, Islamabad, Islamabad Capital","Q Block Basement, Ground, First floor with Mounty Newly Built House Last year Visit possible Excellent Rental Value return Solid construction","Built in year: 2023, Parking Spaces, Double Glazed Windows, Flooring, Electricity Backup, Floors: 3, Other Main Features","Bedrooms: 10, Bathrooms: 10, Servant Quarters: 1, Drawing Room, Dining Room, Kitchens: 3, Study Room, Prayer Room, Store Rooms: 1","Broadband Internet Access, Satellite or Cable TV Ready, Intercom","Community Lawn or Garden, Community Swimming Pool, Community Gym, First Aid or Medical Centre, Day Care Centre, Kids Play Area, Barbeque Area, Mosque",Lawn or Garden,"Nearby Schools, Nearby Hospitals, Nearby Shopping Malls, Nearby Restaurants, Distance From Airport (kms), Nearby Public Transport Service, Other Nearby Places",Security Staff,,,
https://www.zameen.com/Property/bahria_town_bahria_enclave_park_face_5_marla_brand_new_house_for_sale_bahria_enclave_islamabad_sector_n-53287553-1705-1.html,House,PKR2.35 Crore,3,5 Marla,For Sale,3,2 weeks ago,"Bahria Town, Islamabad, Islamabad Capital","Beautiful Designer Park Face 5 Marla Double story House For Sale Sector N Bahria Enclave Islamabad. (Accomodation). . . 3 bedrooms with attached washroom. . . 1 kitchen. . . 1 car parking space. . . Drawing and dawning area. 1 servant quarter with attached washroom. . Charming 3-Bedroom Family Home in a Quiet Neighborhood. . . . . Welcome to your dream home! This beautifully maintained 3-bedroom, 3-bathroom residence is nestled in a serene and friendly neighborhood, perfect for families or those seeking a peaceful retreat. (Key Features). . . Spacious Living Areas: - Enjoy an open-concept living and dining area filled with natural light, perfect for entertaining or cozy family nights. Modern Kitchen: - The well-appointed kitchen features stainless steel appliances, granite countertops, and ample cabinetry, making it a chefs delight. Comfortable Bedrooms: The master suite includes a private bathroom and generous closet space, while the other two bedrooms are perfect for kids, guests, or a home office. Outdoor Oasis: - Step outside to a beautifully landscaped backyard with a patio, ideal for summer barbecues and relaxation. Convenient Location: Close to schools, parks, shopping, and public transport, this home offers both convenience and tranquility. Additional Highlights. . . - Attached garage with additional storage - Energy-efficient windows - Freshly painted interiors Demand 235 lacs","Built in year: 2025, Parking Spaces: 1, Double Glazed Windows, Central Air Conditioning, Central Heating, Flooring, Electricity Backup, Waste Disposal, Floors: 2, Other Main Features, Furnished","Bedrooms: 3, Bathrooms: 3, Servant Quarters: 1, Drawing Room, Dining Room, Kitchens: 1, Study Room, Prayer Room, Powder Room, Gym, Store Rooms: 2, Steam Room, Lounge or Sitting Room, Laundry Room, Other Rooms","Broadband Internet Access, Satellite or Cable TV Ready, Intercom, Other Business and Communication Facilities","Community Lawn or Garden, Community Swimming Pool, Community Gym, First Aid or Medical Centre, Day Care Centre, Kids Play Area, Barbeque Area, Mosque, Community Centre, Other Community Facilities","Lawn or Garden, Swimming Pool, Sauna, Jacuzzi, Other Healthcare and Recreation Facilities","Nearby Schools, Nearby Hospitals, Nearby Shopping Malls, Nearby Restaurants, Distance From Airport (kms), Nearby Public Transport Service, Other Nearby Places","Maintenance Staff, Security Staff, Facilities for Disabled, Other Facilities",,,
https://www.zameen.com/Property/gulberg_residencia_gulberg_residencia_-_block_c_gulberg_greens_islamabad_gulberg_residencia_block_c_5_marla_prime_location_house_rental_value_1lac_all_facilities_available-53286133-9114-1.html,House,PKR2.9 Crore,5,5 Marla,For Sale,5,4 days ago,"Gulberg, Islamabad, Islamabad Capital",Gulberg Residencia Block C 7marla Developed Possession Ready To Construction Prime Location For More Detail Content Me,"Parking Spaces, Double Glazed Windows, Flooring, Electricity Backup, Waste Disposal, Floors: 2","Bedrooms: 6, Bathrooms: 5, Drawing Room, Dining Room, Kitchens: 2, Study Room, Prayer Room, Powder Room, Store Rooms: 1, Lounge or Sitting Room, Laundry Room",,"Community Lawn or Garden, First Aid or Medical Centre, Day Care Centre, Kids Play Area, Mosque, Community Centre",,"Nearby Schools, Nearby Hospitals, Nearby Shopping Malls, Nearby Restaurants, Distance From Airport (kms), Nearby Public Transport Service",Security Staff,,,
https://www.zameen.com/Property/bahria_enclave_bahria_enclave_-_sector_c_1_kanal_house_for_sale_sector_c_bahria_enclave_islamabad-53280170-11973-1.html,House,PKR11 Crore,6,1 Kanal,For Sale,6,1 day ago,"Bahria Town, Islamabad, Islamabad Capital","1 Kanal House for Sale Sector C, Bahria Enclave Islamabad Beautiful and well-built 1 Kanal house available for sale in Sector C. 6 Spacious Bedrooms with attached baths Double Kitchen 2 Dressing Rooms Prime Location & Solid Construction Demand: 11 Crore PKR For more details or visit, contact us today!","Built in year: 2025, Parking Spaces: 3, Flooring, Electricity Backup, Floors: 2","Bedrooms: 6, Bathrooms: 6, Servant Quarters: 1, Drawing Room, Dining Room, Kitchens: 2, Study Room, Prayer Room, Store Rooms: 1","Broadband Internet Access, Satellite or Cable TV Ready","Community Lawn or Garden, Community Swimming Pool, Community Gym, First Aid or Medical Centre, Day Care Centre, Kids Play Area, Barbeque Area, Mosque","Lawn or Garden, Swimming Pool, Jacuzzi","Nearby Schools, Nearby Hospitals, Nearby Shopping Malls, Nearby Restaurants, Distance From Airport (kms), Nearby Public Transport Service, Other Nearby Places","Maintenance Staff, Security Staff",,,
https://www.zameen.com/Property/gulberg_greens_gulberg_greens_-_block_a_a_block_5_kanal_farm_house_south_face_fully_furnished_heighted_location-53183630-8313-1.html,Farm House,PKR35 Crore,-,5 Kanal,For Sale,-,4 weeks ago,"Gulberg, Islamabad, Islamabad Capital","5 kanal Fully Furnished Farm House South Facing Available for Sale in Gulberg Islamabad Basement : 2 bed+1servent room+ hall Ground floor: Drawing+Dinning Service kitchen+proper kitchen with stairs of servent room Two bed bed room Theatre hall Double heighted Open to sky( sitting place) Double heighted Tv launch Proper store First floor: Proper kitchen 4 bed room three tarus Direct Meeting with Sellers, Call for more Information we are Registered Property Firm with Gulberg (IBECHS) Features of Listing: Block :: A Size:: 110x246 Location:: Near Islamabad Expressway Near to Main road Location Il Amenities Il Security 24/7 || Sustainability Living I| Green Lifestyle Environment || sustainable Infrastructure II Cda Approved I| Best Investment Il Heighted Location","Built in year: 2008, Parking Spaces: 3, Double Glazed Windows, Central Air Conditioning, Central Heating, Flooring, Electricity Backup, Waste Disposal, Floors: 3, Other Main Features, Furnished","Bedrooms: 10, Bathrooms: 10, Servant Quarters, Drawing Room, Dining Room, Kitchens: 3, Study Room, Prayer Room, Powder Room, Gym, Store Rooms, Steam Room, Lounge or Sitting Room, Laundry Room, Other Rooms","Broadband Internet Access, Satellite or Cable TV Ready, Intercom, Other Business and Communication Facilities","Community Lawn or Garden, Community Swimming Pool, Community Gym, First Aid or Medical Centre, Day Care Centre, Kids Play Area, Barbeque Area, Mosque, Community Centre, Other Community Facilities","Lawn or Garden, Swimming Pool, Sauna, Jacuzzi, Other Healthcare and Recreation Facilities","Nearby Schools, Nearby Hospitals, Nearby Shopping Malls, Nearby Restaurants, Distance From Airport (kms), Nearby Public Transport Service, Other Nearby Places","Maintenance Staff, Security Staff, Facilities for Disabled, Other Facilities",,,
https://www.zameen.com/Property/b_17_faisal_margalla_city_5_marla_25x50_luxury_house_for_sale_faisal_margalla_city_fmc_b-17_islamabad-53340751-13424-1.html,House,PKR2.48 Crore,-,5 Marla,For Sale,-,5 days ago,"B-17, Islamabad, Islamabad Capital","5 Marla (25x50) Luxury House For Sale Faisal Margalla City FMC B-17 Islamabad. Prime Location Masjid, Markaz, School, Family Park and Water Filtration Plant are at walking distance Ready to Move House Features: A+ Construction Double Story + Servant Room & Mumty Single/ Double Unit (Both options) Beautiful Interior designing 2 Drawing areas 2 TV lounges with beautiful LCD Panel 4 Bedrooms Attached Baths 4 Baths 2 Kitchens with Modern Wood Work Imported Tiles Work upto Ceilling Trending Feature Walls Double Heighted Stairs Area Floating Stairs For More info free to contact us:","Built in year: 2025, Parking Spaces, Double Glazed Windows, Central Air Conditioning, Central Heating, Flooring, Electricity Backup, Waste Disposal, Other Main Features","Bedrooms: 4, Bathrooms: 4, Drawing Room, Dining Room, Kitchens: 2, Lounge or Sitting Room, Laundry Room, Other Rooms","Broadband Internet Access, Satellite or Cable TV Ready, Intercom, Other Business and Communication Facilities","Community Lawn or Garden, Community Swimming Pool, Community Gym, First Aid or Medical Centre, Day Care Centre, Kids Play Area, Barbeque Area, Mosque, Community Centre, Other Community Facilities","Lawn or Garden, Swimming Pool, Sauna, Jacuzzi, Other Healthcare and Recreation Facilities","Nearby Schools, Nearby Hospitals, Nearby Shopping Malls, Nearby Restaurants, Distance From Airport (kms), Nearby Public Transport Service, Other Nearby Places","Security Staff, Other Facilities",,,
https://www.zameen.com/Property/b_17_faisal_margalla_city_5_marla_brand_new_single_unit_house_available_for_sale_in_faisal_margalla_city_fmc-53340777-13424-1.html,House,PKR2.35 Crore,4,5 Marla,For Sale,4,6 days ago,"B-17, Islamabad, Islamabad Capital","5 Marla Brand New Single Unit House Available. For Sale in Faisal Margalla City FMC. House Size 25*50. Near to American School. Luxury house A+ construction Double Story. 4 Bedrooms. 4 Baths. 2 Drawing Dining. 2 Kitchen. Mumty + Washroom. Car Parking Space. Gas, Water Available Investor Rate Ideal Location. Reasonable Price. Faisal Margalla City FMC B-17 is a Good Society for Residence. Because Neat and Clean. 24 Hours Security. All Basic and Necessary Facilities Available. Interested People Can Contact Easily.","Built in year: 2023, Parking Spaces: 1, Double Glazed Windows, Central Air Conditioning, Central Heating, Flooring, Electricity Backup, Waste Disposal, Floors: 2, Other Main Features, Furnished","Bedrooms: 4, Bathrooms: 4, Servant Quarters, Drawing Room, Dining Room, Kitchens: 2, Study Room, Prayer Room, Powder Room, Gym, Store Rooms, Steam Room, Lounge or Sitting Room, Laundry Room, Other Rooms","Broadband Internet Access, Satellite or Cable TV Ready, Intercom, Other Business and Communication Facilities","Community Lawn or Garden, Community Swimming Pool, Community Gym, First Aid or Medical Centre, Day Care Centre, Kids Play Area, Barbeque Area, Mosque, Community Centre, Other Community Facilities","Lawn or Garden, Swimming Pool, Sauna, Jacuzzi, Other Healthcare and Recreation Facilities","Nearby Schools, Nearby Hospitals, Nearby Shopping Malls, Nearby Restaurants, Distance From Airport (kms), Nearby Public Transport Service, Other Nearby Places","Maintenance Staff, Security Staff, Facilities for Disabled",,,
https://www.zameen.com/Property/islamabad_h-13_1-bed_new_apartment_for_for_sale_opp_nust_sector_h-13_islamabad_road-53319619-1039-1.html,Flat,PKR45 Lakh,1,1.6 Marla,For Sale,1,4 weeks ago,"H-13, Islamabad, Islamabad Capital","First Floor,1-bed attached bath lounge open kitchen laundry area electric geyser install sapret wapda mater walking distance Nust Road . For Further information kindly contact us. Office, Gate # 7 Opp Nust university sector H-13 Islamabad.","Built in year: 2024, Parking Spaces, Lobby in Building, Double Glazed Windows, Central Air Conditioning, Central Heating, Flooring, Electricity Backup, Waste Disposal, Floor: 1, Floors in Building: 7, Elevators: 1, Service Elevators in Building, Other Main Features, Furnished","Bedrooms: 1, Bathrooms: 1, Drawing Room, Dining Room, Kitchens: 1, Study Room, Prayer Room, Powder Room, Gym, Steam Room, Lounge or Sitting Room, Laundry Room","Broadband Internet Access, Satellite or Cable TV Ready, Business Center or Media Room in Building, Conference Room in Building, Intercom, ATM Machines, Other Business and Communication Facilities","Community Lawn or Garden, Community Swimming Pool, Community Gym, First Aid or Medical Centre, Day Care Centre, Kids Play Area, Barbeque Area, Mosque, Community Centre, Other Community Facilities","Sauna, Jacuzzi","Nearby Schools, Nearby Hospitals, Nearby Shopping Malls, Nearby Restaurants, Distance From Airport (kms), Nearby Public Transport Service, Other Nearby Places","Maintenance Staff, Security Staff, Laundry or Dry Cleaning Facility, Communal/Shared Kitchen, Facilities for Disabled, Pets Allowed, Other Facilities",,,
https://www.zameen.com/Property/gulberg_greens_smama_star_mall_residency_1_bedroom_furnished_apartment_available_for_sale_in_samama_gulberg-53180397-11278-1.html,Flat,PKR1.15 Crore,1,2.4 Marla,For Sale,1,5 days ago,"Gulberg, Islamabad, Islamabad Capital","1 Bedroom Fully Furnished Apartment Available For Sale. It's very convenient to live in Islamabad in one of the upcoming housing projects as they were well-planned with all kinds of amenities present inside. If you want to buy this property, then please consider booking it quickly - because our offers (you should know) are as liquid as they come! This property in Smama Star Mall & Residency brings you what you need. Trust us when we say, this property at Rs. 11500000 is the best investment you could wish for. The spacious and centrally located Flat is ideal to live a luxurious lifestyle. You can live your best life in 537 Square Feet Flat, so what are you waiting for. Features of property as follow. The building service elevators ensure there is no delay in the passenger elevators due to luggage. You can move in quickly to the spacious and fully-furnished Flat. The premise is kept clean at all times through an effective waste disposal management service. Special attention in the Flat has been given to religious obligations by constructing a separate prayer room. You can get rest of the details by calling us.","Built in year: 2022, Parking Spaces, Flooring, Electricity Backup, Waste Disposal, Floors in Building: 8, Elevators, Service Elevators in Building, Furnished",,,,,,,,,
https://www.zameen.com/Property/islamabad_i-10_house_for_grabs_in_6_marla_i-10-51108868-173-1.html,House,PKR5.5 Crore,5,6 Marla,For Sale,5,3 weeks ago,"I-10, Islamabad, Islamabad Capital",25*60 Brand New House For Sale In I 10 Big 60 Foot Wide Street. Accommodation Ground Floor 2 Beds Drawing Dinning With 2 Washrooms And Kitchen. First Floor 2 Beds Drawing Dinning With 2 Attach Washrooms And Kitchen. Top Floor One Bed With Attach Washrooms. Demand 5.50 Crore,"Built in year: 2024, Parking Spaces: 4, Double Glazed Windows, Central Air Conditioning, Central Heating, Flooring, Electricity Backup, Waste Disposal, Floors: 2, Other Main Features, Furnished","Bedrooms: 5, Bathrooms: 6, Servant Quarters: 2, Drawing Room, Dining Room, Kitchens: 2, Study Room, Prayer Room, Powder Room, Gym, Store Rooms: 2, Steam Room, Lounge or Sitting Room, Laundry Room","Broadband Internet Access, Satellite or Cable TV Ready, Intercom, Other Business and Communication Facilities","Community Lawn or Garden, Community Swimming Pool, Community Gym, First Aid or Medical Centre, Day Care Centre, Kids Play Area, Barbeque Area, Mosque, Community Centre, Other Community Facilities","Lawn or Garden, Swimming Pool, Sauna, Jacuzzi, Other Healthcare and Recreation Facilities","Nearby Schools, Nearby Hospitals, Nearby Shopping Malls, Nearby Restaurants, Distance From Airport (kms), Nearby Public Transport Service, Other Nearby Places",,,,
https://www.zameen.com/Property/islamabad_i-10_house_for_sale-51139856-173-1.html,House,PKR3.85 Crore,5,6 Marla,For Sale,5,4 weeks ago,"I-10, Islamabad, Islamabad Capital",25*60 Double Storey New House Constructed In 2012 From Plot New. Accommodation Ground Floor 2 Beds Drawing Dining With 3 Washrooms And Kitchen. First Floor 3 Beds Drawing And Tv Lounge With 2 Washrooms And Kitchen. Water Bore Also Available. Demand 3.85 Crore Peaceful Environment. Reasonable Demand. Interested Persons Are Welcome To Visit The Property. Please Feel Free To Call Us If You Need Further Details About this. We Request That Only Serious Individuals Contact Us To Make An Immediate Deal. Please Remember To Mention Zameen. Com When Calling.,"Flooring, Waste Disposal",,,,,"Nearby Schools, Nearby Hospitals, Nearby Shopping Malls, Nearby Restaurants, Distance From Airport (kms), Nearby Public Transport Service, Other Nearby Places","Security Staff, Other Facilities",,,
https://www.zameen.com/Property/islamabad_i-10_house_for_sale-52355530-173-1.html,House,PKR3.5 Crore,3,6 Marla,For Sale,3,1 month ago,"I-10, Islamabad, Islamabad Capital","25*60 double storey open phase 40 foot wide street house for sale in I 10. Accomodation ground floor 1 bed drawing dinning with 2 washrooms and kitchen. First floor 2 beds and one washroom And kitchen. Big car parking Demand 3.50 crore Don't miss out on these 6 Marla units. Avail a well-suited option today. The metropolis of I-10 is offering a 6 Marla House at an ideal location of I-10. At a price of PKR Rs. 35000000 this is an ideal property you must consider. The property you yearned to buy is finally available. This House is on the top of buyer's demand so don't let this opportunity slip. I-10 has some of the best property deals, so what are you waiting for! These features below will convince you why this property is right for you. You don't have to worry about waste disposal in your new place. Its already been taken care of. Ask us more using the provided contact information.","Built in year: 2025, Parking Spaces: 4, Double Glazed Windows, Central Air Conditioning, Central Heating, Flooring, Electricity Backup, Waste Disposal, Floors: 2, Other Main Features, Furnished","Bedrooms: 5, Bathrooms: 6, Servant Quarters: 1, Drawing Room, Dining Room, Kitchens: 2, Study Room, Prayer Room, Powder Room, Gym, Store Rooms: 1, Steam Room, Lounge or Sitting Room, Laundry Room, Other Rooms","Broadband Internet Access, Satellite or Cable TV Ready, Intercom, Other Business and Communication Facilities","Community Lawn or Garden, Community Swimming Pool, Community Gym, First Aid or Medical Centre, Day Care Centre, Kids Play Area, Barbeque Area, Mosque, Community Centre, Other Community Facilities","Lawn or Garden, Swimming Pool, Sauna, Jacuzzi, Other Healthcare and Recreation Facilities","Nearby Schools, Nearby Hospitals, Nearby Shopping Malls, Nearby Restaurants, Distance From Airport (kms), Nearby Public Transport Service, Other Nearby Places","Maintenance Staff, Security Staff, Facilities for Disabled, Other Facilities",,,
https://www.zameen.com/Property/islamabad_i-10_house_for_sale-52395555-173-1.html,House,PKR3.9 Crore,4,6 Marla,For Sale,5,4 weeks ago,"I-10, Islamabad, Islamabad Capital",25*60 Double Storey Park Phase House For Sale In I 10. Accomodation Ground Floor 1 Bed Drawing Dinning With 2 Washrooms And Kitchen. First Floor 4 Beds And 2 Washrooms And Kitchen. Demand 3.90 Crore,"Flooring, Waste Disposal","Bedrooms: 3, Bathrooms: 3, Servant Quarters: 1, Drawing Room, Dining Room, Kitchens: 1, Gym","Broadband Internet Access, Satellite or Cable TV Ready, Intercom","Community Gym, First Aid or Medical Centre, Kids Play Area, Barbeque Area, Mosque",,"Nearby Schools, Nearby Hospitals, Nearby Shopping Malls, Nearby Restaurants, Distance From Airport (kms), Nearby Public Transport Service, Other Nearby Places","Maintenance Staff, Security Staff, Facilities for Disabled, Other Facilities",,,
https://www.zameen.com/Property/islamabad_i-10_house_for_sale-52975063-173-1.html,House,PKR3.85 Crore,5,6 Marla,For Sale,5,4 weeks ago,"I-10, Islamabad, Islamabad Capital",25*60 corner triple storey house for sale in I 10 2. Accomodation ground floor 1 bed drawing dinning with 2 washrooms and kitchen. First floor 2 beds drawing dinning with 2 washrooms And kitchen. Basement floor 2 beds lounge and one washroom and kitchen. 3 gas meters and 3 electricity meters. Demand 3.85 crore,"Parking Spaces: 2, Double Glazed Windows, Flooring, Waste Disposal, Floors: 3",,,,,"Nearby Schools, Nearby Hospitals, Nearby Shopping Malls, Nearby Restaurants, Distance From Airport (kms), Nearby Public Transport Service, Other Nearby Places","Security Staff, Other Facilities",,,
https://www.zameen.com/Property/islamabad_i-10_house_for_sale-52891327-173-1.html,House,PKR4.5 Crore,6,6 Marla,For Sale,6,3 weeks ago,"I-10, Islamabad, Islamabad Capital",25*50 New Triple Storey House For Sale In I 10 4. Accomodation Ground Floor 2 Beds Drawing Dinning With 2 Attach Washrooms And Kitchen. Basement 2 Beds Drawing Dinning With 2 Attach Washrooms And Kitchen. First Floor 2 Beds Drawing Dinning With 2 Attach Washrooms And Kitchen. Attach Pictures Are Original Rental Value 2 Lacs Demand 4.30 Crore,"Built in year: 2024, Parking Spaces: 2, Double Glazed Windows, Central Air Conditioning, Central Heating, Flooring, Electricity Backup, Waste Disposal, Floors: 3, Other Main Features","Bedrooms: 2, Bathrooms: 3, Drawing Room, Dining Room, Kitchens: 1, Powder Room, Store Rooms, Lounge or Sitting Room, Laundry Room, Other Rooms","Broadband Internet Access, Satellite or Cable TV Ready, Intercom","Community Lawn or Garden, First Aid or Medical Centre, Kids Play Area, Barbeque Area, Mosque",Lawn or Garden,"Nearby Schools, Nearby Hospitals, Nearby Shopping Malls, Nearby Restaurants, Distance From Airport (kms), Nearby Public Transport Service",,,,
https://www.zameen.com/Property/islamabad_i-10_house_for_sale-53187901-173-1.html,House,PKR3.5 Crore,4,4 Marla,For Sale,5,1 week ago,"I-10, Islamabad, Islamabad Capital",25*40 brand new solar of 10 kv installed. Accomodation ground floor 2 beds tv lounge with 2 attach washrooms and kitchen. First floor 2 beds tv lounge with 2 attach washrooms. Coming rent 130 lacs Demand 3.50 crore,"Built in year: 2025, Parking Spaces: 1, Double Glazed Windows, Central Air Conditioning, Central Heating, Flooring, Electricity Backup, Waste Disposal, Floors: 2, Furnished","Bedrooms: 1, Bathrooms: 1, Kitchens, Lounge or Sitting Room","Broadband Internet Access, Satellite or Cable TV Ready","Community Lawn or Garden, Community Swimming Pool, Community Gym, First Aid or Medical Centre, Day Care Centre, Kids Play Area, Barbeque Area, Mosque, Community Centre",,"Nearby Schools, Nearby Hospitals, Nearby Shopping Malls, Nearby Restaurants, Distance From Airport (kms), Nearby Public Transport Service, Other Nearby Places",,,,
https://www.zameen.com/Property/islamabad_f-6_livable_house_is_for_sale_in_f-6_islamabad-53138766-164-1.html,House,PKR35 Crore,5,1.6 Kanal,For Sale,4,1 week ago,"F-6, Islamabad, Islamabad Capital","Attached Images Are Just For Reference Purpose Only Chohan HAY Estate Offers: - Livable House - CDA Transfer - 4 Bedrooms With Attached Modern Bathrooms - Drawing, Dining And TV Lounge - Family Rooms With Walk-In Closets - Modern Kitchen, Handsome Cabinetry With Quartz Counter-Tops - Modern Baths With Separate Shower Cabin - Terrace - Ceiling Roof - Servant Quarters - Parking Space - Peaceful And Highly Secured Living Area - Great Opportunity, Don'T Waste Your Time Just Grab This Opportunity For More Information And Additional Options, Kindly Call On The Mentioned Numbers Or Visit Chohan HAY Estate","Parking Spaces, Other Main Features","Bedrooms: 4, Bathrooms: 5, Servant Quarters, Drawing Room, Dining Room, Kitchens, Study Room, Prayer Room, Powder Room, Lounge or Sitting Room, Laundry Room","Broadband Internet Access, Satellite or Cable TV Ready, Intercom",,Lawn or Garden,"Nearby Schools, Nearby Hospitals, Nearby Shopping Malls, Nearby Restaurants, Distance From Airport (kms), Nearby Public Transport Service, Other Nearby Places","Maintenance Staff, Security Staff",,,
https://www.zameen.com/Property/dha_defence_phase_2_dha_phase_2_-_sector_a_brand_new_1_kanal_luxury_house_for_sale_in_dha_phase_2_sector_a_islamabad-53290077-3196-1.html,House,PKR12.7 Crore,7,1 Kanal,For Sale,5,4 days ago,"DHA Defence, Islamabad, Islamabad Capital","The Brand New 1 Kanal Double Storey house for sale comes with top-notch fixtures and A construction which means that the home and luxuries it offers is well worth the Available at a Reasonable Price of PKR 12 Crore 70Lakh. >Ideal Location. >5 Bedrooms >6 Bathrooms >1 Drawing Dining >2 TV lounge >2 Kitchen > Servant With Attached Bath >Near By amenities School Mosque Hospital Banks Commercial Shops >are just a few steps away. >Other Facilities are also available, >The modern architecture, imported finishing materials, and beautiful >exteriors will make you fall in love with it >The house enjoys a perfect location of DHA 2 Islamabad which >means that you will have access to all the best options for education, >health, shopping, and entertainment just around the corner. >Buying this property will open up options for you. >It has been professionally designed so that both aesthetics and >functionality are at their best. >Take our word of advice and check it out. >This property helps you out for your searches on a House. > Beautifully design & Nice constructed.","Built in year: 2025, Parking Spaces: 3, Double Glazed Windows, Flooring, Electricity Backup, Floors: 2","Bedrooms: 5, Bathrooms: 7, Servant Quarters: 2, Drawing Room, Dining Room, Kitchens: 2, Store Rooms: 1, Other Rooms","Broadband Internet Access, Intercom","Community Lawn or Garden, Community Swimming Pool, Community Gym, First Aid or Medical Centre, Day Care Centre, Kids Play Area, Barbeque Area, Mosque, Community Centre, Other Community Facilities",Lawn or Garden,"Nearby Schools, Nearby Hospitals, Nearby Shopping Malls, Nearby Restaurants, Distance From Airport (kms), Nearby Public Transport Service, Other Nearby Places",Maintenance Staff,,,
https://www.zameen.com/Property/islamabad_b-17_designer_house_for_sale-53303858-616-1.html,House,PKR2.5 Crore,6,5 Marla,For Sale,4,2 days ago,"B-17, Islamabad, Islamabad Capital","Designer House for Sale! Top notch location Sector B17 Block F House # 2533 Street # 77 Size: 25/50 i. e 5 Marla Double storey, single unit Near to Markaz, Masjid & School Sunface Asking price: 2.50 Cr #KM Real Estate & Builders B17","Built in year: 2025, Parking Spaces: 1, Double Glazed Windows, Flooring, Electricity Backup, Waste Disposal, Floors: 2, Other Main Features","Bedrooms: 3, Bathrooms: 5, Servant Quarters, Drawing Room, Dining Room, Kitchens, Study Room, Prayer Room, Powder Room, Store Rooms, Lounge or Sitting Room, Laundry Room",,,Lawn or Garden,"Nearby Schools, Nearby Hospitals, Nearby Shopping Malls, Nearby Restaurants, Distance From Airport (kms), Nearby Public Transport Service, Other Nearby Places","Maintenance Staff, Security Staff, Facilities for Disabled",,,
https://www.zameen.com/Property/faisal_town_f_18_faisal_town_phase_1_8_marla_luxury_house_for_sale-53121172-16415-1.html,House,PKR3.8 Crore,6,8 Marla,For Sale,6,4 days ago,"Faisal Town - F-18, Islamabad, Islamabad Capital","Luxury Living at Its Finest! 8 Marla Luxury House for Sale in Faisal Town Phase 1, Islamabad Experience the epitome of luxury living in this stunning 8 marla house, nestled in the heart of Faisal Town Phase 1, Islamabad. This magnificent property boasts: - Modern architecture with sleek designs - Spacious 5 bedrooms with attached bathrooms - Expansive living areas, perfect for entertaining guests - Gourmet kitchen with high-end fixtures and appliances - Lush green lawn and beautifully landscaped garden - Prime location with easy access to major roads and amenities Features: - Marble flooring - High ceilings - Large windows for natural light - Secure gated community - 24/7 security Ideal for: - Families seeking luxury living - Investors looking for a prime location - Those desiring a peaceful, upscale lifestyle Contact: For more information or to schedule a viewing.","Built in year: 2025, Parking Spaces: 2, Double Glazed Windows, Central Air Conditioning, Central Heating, Flooring, Electricity Backup, Waste Disposal, Floors: 3, Other Main Features","Bedrooms: 5, Bathrooms: 5, Servant Quarters: 1, Drawing Room, Dining Room, Kitchens: 2, Study Room, Prayer Room, Lounge or Sitting Room","Broadband Internet Access, Satellite or Cable TV Ready, Intercom","Community Lawn or Garden, Community Swimming Pool, Community Gym, First Aid or Medical Centre, Day Care Centre, Kids Play Area, Barbeque Area, Mosque, Community Centre","Lawn or Garden, Sauna","Nearby Schools, Nearby Hospitals, Nearby Shopping Malls, Nearby Restaurants, Distance From Airport (kms), Nearby Public Transport Service, Other Nearby Places","Maintenance Staff, Security Staff",,,
https://www.zameen.com/Property/faisal_town_f_18_faisal_town_phase_1_8_marla_prime_location_luxury_house_for_slae-53121165-16415-1.html,House,PKR3.7 Crore,6,8 Marla,For Sale,7,4 days ago,"Faisal Town - F-18, Islamabad, Islamabad Capital","Luxury Living at Its Finest! 8 Marla Luxury House for Sale in Faisal Town Phase 1, Islamabad Experience the epitome of luxury living in this stunning 8 marla house, nestled in the heart of Faisal Town Phase 1, Islamabad. This magnificent property boasts: - Modern architecture with sleek designs - Spacious 5 bedrooms with attached bathrooms - Expansive living areas, perfect for entertaining guests - Gourmet kitchen with high-end fixtures and appliances - Lush green lawn and beautifully landscaped garden - Prime location with easy access to major roads and amenities Features: - Marble flooring - High ceilings - Large windows for natural light - Secure gated community - 24/7 security Ideal for: - Families seeking luxury living - Investors looking for a prime location - Those desiring a peaceful, upscale lifestyle Contact: For more information or to schedule a viewing.","Built in year: 2025, Parking Spaces: 2, Double Glazed Windows, Flooring, Electricity Backup, Floors: 3, Other Main Features","Bedrooms: 5, Bathrooms: 5, Servant Quarters: 1, Drawing Room, Dining Room, Kitchens: 2, Study Room, Prayer Room, Store Rooms: 2",,,Lawn or Garden,"Nearby Schools, Nearby Hospitals, Nearby Shopping Malls, Nearby Restaurants, Distance From Airport (kms), Nearby Public Transport Service, Other Nearby Places","Maintenance Staff, Security Staff",,,
https://www.zameen.com/Property/islamabad_multi_residencia_orchards_sale_a_farm_house_in_multi_residencia_orchards_prime_location-53220291-8332-1.html,Farm House,PKR4.5 Crore,-,5 Kanal,For Sale,-,2 weeks ago,"Multi Residencia & Orchards, Islamabad, Islamabad Capital","URGENT Heres a clear, short bullet-point summary of your plot details: Plot Size: 5 Kanal Location: multi orchard Position: Heighted land, fully covered and fenced Security: Security cameras, solar lights, floodlights, street lamp poles installed Agriculture: Mature fruit trees peaches, olives, plums, grapes, mangoes, loquat, pears, lemons, oranges Annexe: Modern, well-built with servant room & large storage room Recreational Facilities: Small kids swimming pool Utilities: Biogas plant (not operational but available) Animal Space: Fenced area for chickens & goats","Built in year: 2, Parking Spaces: 1, Double Glazed Windows, Central Air Conditioning, Central Heating, Flooring, Electricity Backup, Waste Disposal, Other Main Features, Furnished","Bedrooms: 3, Bathrooms: 3, Servant Quarters: 1, Drawing Room, Dining Room, Kitchens: 1, Study Room, Prayer Room, Powder Room, Gym, Store Rooms: 1, Steam Room, Lounge or Sitting Room, Laundry Room","Broadband Internet Access, Satellite or Cable TV Ready, Intercom, Other Business and Communication Facilities","Community Lawn or Garden, Community Swimming Pool, Community Gym, First Aid or Medical Centre, Day Care Centre, Kids Play Area, Barbeque Area, Mosque, Community Centre, Other Community Facilities","Jacuzzi, Other Healthcare and Recreation Facilities","Nearby Schools, Nearby Hospitals, Nearby Shopping Malls, Nearby Restaurants, Distance From Airport (kms), Nearby Public Transport Service, Other Nearby Places","Maintenance Staff, Security Staff, Facilities for Disabled, Other Facilities",,,
https://www.zameen.com/Property/g_13_1_lifestyle_residency_type-a_3_bed_2050_sq_ft_margalla_face_flat_for_sale_lifestyle_residency_g-13-48081458-10664-1.html,Flat,PKR1.45 Crore,3,9.1 Marla,For Sale,3,5 days ago,"G-13, Islamabad, Islamabad Capital","Its full size Type-A 2050 square feet, 3-bed room with attach, bath living room, laundry area, terrace and separate kitchen. Most Spacious Apartment. Available options for sale at ground, 1st, 3rd, 5th, 12th & 14th floors. FGEHA Lifestyle Residency Apartments. All Categories Federal government employees flats are available in Re-sale on Profit (own) category wise. Our Expertise are in FGEHA Projects Sale & purchase. For more details contact us to get your best deal. EHFPRO Lifestyle Residency Apartments are one of the most luxurious & Affordable Residential Apartment complex, located in Sector G-13, Islamabad. It is a Ground + 16 storey high-rise residential apartment complex & Shopping Mall. The project was jointly launched by the FGEHA, Ministry of Housing Works & Progressive motels & Resorts. It is Equipped with all the Modern-day amenities & facilities. Offering 1, 2 & 3 Bed Spacious Apartments. Lifestyle Residency has 5 Categories (Sizes) / Types Apartments 1- Type-A 2,050 sq. ft 3 Bed apartment 2- Type-B 1,750 sq. ft 3 Bed apartment 3- Type-C 1,350 sq. ft 2 Bed apartment 4- Type-D 1,150 sq. ft 2 Bed apartment 5- Type-E 950 sq. ft 1 Bed apartment Accessibility Lifestyle Residency has the most Ideal location in terms of access 1 minutes drive from Srinagar Highway (Kashmir Highway) Islamabad. 5 minutes drive from N-5, National Highway (GT-Road). 3 minutes drive from Golra Mor Islamabad 10 minutes from zero-point Islamabad. 10 minutes from New Islamabad international Airport. For More details feel free to Call / WhatsApp us at given numbers","Built in year: 2021, Parking Spaces, Lobby in Building, Double Glazed Windows, Central Air Conditioning, Central Heating, Flooring, Electricity Backup, Waste Disposal, Floor, Floors in Building, Elevators, Service Elevators in Building, Other Main Features, Furnished","Bedrooms: 3, Bathrooms: 3, Servant Quarters: 2, Drawing Room, Dining Room, Kitchens: 1, Study Room, Prayer Room, Powder Room, Gym, Store Rooms: 1, Steam Room, Lounge or Sitting Room, Laundry Room, Other Rooms","Broadband Internet Access, Satellite or Cable TV Ready, Business Center or Media Room in Building, Conference Room in Building, Intercom, ATM Machines, Other Business and Communication Facilities","Community Lawn or Garden, Community Swimming Pool, Community Gym, First Aid or Medical Centre, Day Care Centre, Kids Play Area, Barbeque Area, Mosque, Community Centre, Other Community Facilities","Sauna, Jacuzzi, Other Healthcare and Recreation Facilities","Nearby Schools, Nearby Hospitals, Nearby Shopping Malls, Nearby Restaurants, Distance From Airport (kms), Nearby Public Transport Service, Other Nearby Places","Maintenance Staff, Security Staff, Facilities for Disabled, Other Facilities",,,
https://www.zameen.com/Property/f_10_sukh_chayn_residence_sukh_chayn_residence_f-10_beautiful_view_type_d_apartment_available_for_sale_beautiful_location-53312789-13589-1.html,Flat,PKR9 Crore,4,9.2 Marla,For Sale,3,3 weeks ago,"F-10, Islamabad, Islamabad Capital",Sukh Chayn Residence f-10 beautiful View Type D Apartment Available For Sale beautiful location Size 2060 Sq. ft 3 bedroom 4 bath Tv lounge beautiful view Two Car parking sewing pool beautiful location,"Built in year: 2025, Parking Spaces: 2, Lobby in Building, Double Glazed Windows, Central Air Conditioning, Central Heating, Flooring, Electricity Backup, Waste Disposal, Floor: 8, Floors in Building: 12, Elevators: 2, Service Elevators in Building, Other Main Features","Bedrooms: 3, Bathrooms: 4, Drawing Room, Dining Room, Kitchens: 1, Prayer Room, Powder Room, Gym, Steam Room, Lounge or Sitting Room, Laundry Room",,"Community Lawn or Garden, Community Swimming Pool, Community Gym, Day Care Centre, Kids Play Area, Mosque, Community Centre, Other Community Facilities",,,,,,
https://www.zameen.com/Property/islamabad_bani_gala_one_kanal_house_for_sale_in_bani_gala_near_imran_khan_chowk-50796636-340-1.html,House,PKR5.75 Crore,6,1 Kanal,For Sale,4,4 weeks ago,"Bani Gala, Islamabad, Islamabad Capital",one kenal house for sale in bani gala near Imran Kahn Chook demand 5 karoor 75 lack Reasonable Price Best Opportunity To Get A Better Idea Of What You Want To Do With Your Business. Genuine Customers Interested In Checking This Property Out Should Get In Touch Immediately So As Not To Miss This Opportunity. our Demand Is Reasonable And According To The Market Rate. we Want Only Serious Buyers To Contact Us. Do Not Forget To Mention Zameen. com While Calling.,"Built in year, Parking Spaces: 4, Double Glazed Windows, Central Air Conditioning, Central Heating, Flooring, Electricity Backup, Waste Disposal, Floors, Other Main Features, Furnished","Bedrooms: 4, Bathrooms: 3, Servant Quarters: 1, Drawing Room, Dining Room, Kitchens: 2, Study Room, Prayer Room, Powder Room, Gym, Store Rooms, Steam Room, Lounge or Sitting Room, Laundry Room, Other Rooms","Broadband Internet Access, Satellite or Cable TV Ready, Intercom, Other Business and Communication Facilities","Community Lawn or Garden, Community Swimming Pool, Community Gym, First Aid or Medical Centre, Day Care Centre, Kids Play Area, Barbeque Area, Mosque, Community Centre, Other Community Facilities","Lawn or Garden, Swimming Pool, Sauna, Jacuzzi, Other Healthcare and Recreation Facilities","Nearby Schools, Nearby Hospitals, Nearby Shopping Malls, Nearby Restaurants, Distance From Airport (kms), Nearby Public Transport Service, Other Nearby Places","Maintenance Staff, Security Staff, Facilities for Disabled, Other Facilities",,,
https://www.zameen.com/Property/bahria_enclave_cube_apartments_murree_facing_larger_layout_apartment_for_sale-53306977-21520-1.html,Flat,PKR1.85 Crore,3,6.9 Marla,For Sale,2,1 month ago,"Bahria Town, Islamabad, Islamabad Capital","iscover the perfect blend of comfort, elegance, and modern living in this premium 2-bedroom apartment located in Cube Apartments Tower 1, Sector A, Bahria Enclave Islamabad one of the most desirable addresses in the city. This stylish apartment is thoughtfully designed to offer both functionality and aesthetic appeal, making it ideal for families or investors looking for a high-end property in a prime location. Property Features: 2 Spacious Bedrooms with attached modern washrooms Elegant TV Lounge with a Powder Room for guests Open-Style Kitchen integrated with a cozy Dining Area Murree-Facing Apartment offering serene and panoramic mountain views Private Terraces with both bedrooms and lounge perfect for relaxing and enjoying fresh air Duct Room for extra storage and utilities Located near Passenger and Service Lifts for easy access and convenience Project Highlights: Cube Apartments are known for their high construction standards, elegant architecture, and modern facilities. The building is fully equipped with 24/7 security, standby power backup, high-speed lifts, and a professional maintenance team. Location Benefits: Prime location in Sector A, Bahria Enclave Islamabad Close to main commercial areas, restaurants, schools, and parks Easy access to Islamabad Expressway and major city centers Peaceful environment surrounded by natural beauty and well-planned infrastructure This apartment offers a luxurious lifestyle along with a sound investment opportunity in one of Islamabads most secure and rapidly developing communities.","Built in year: 2022, Parking Spaces: 1, Lobby in Building, Flooring, Electricity Backup, Waste Disposal, Floor: 7, Floors in Building: 10, Elevators: 4, Service Elevators in Building, Other Main Features","Bedrooms: 2, Bathrooms: 3, Dining Room, Kitchens: 1, Powder Room, Store Rooms: 1, Lounge or Sitting Room","Broadband Internet Access, Satellite or Cable TV Ready","Community Lawn or Garden, First Aid or Medical Centre, Kids Play Area, Barbeque Area, Mosque, Community Centre",,"Nearby Schools, Nearby Hospitals, Nearby Shopping Malls, Nearby Restaurants, Distance From Airport (kms), Nearby Public Transport Service, Other Nearby Places",,,,
https://www.zameen.com/Property/gulberg_residencia_gulberg_residencia_-_block_j_1_kanal_designer_house_with_double_height_available_for_sale_in_gulberg_islamabad-53136482-9120-1.html,House,PKR11 Crore,-,1 Kanal,For Sale,-,3 weeks ago,"Gulberg, Islamabad, Islamabad Capital","Direct Meeting With Sellers , Call For More Information, We Are Registered Property Firm With Gulberg ( IBECHS ) Features Of Listing Floors : Basement , Ground &Amp; 1st Floor Bedrooms : 7 Washrooms : 9 Lounges: 2 Tv Lounges ( Double Heighted ) Kitchen : 3 Kitchen ( Fully Equipped ) Haier Double Door Refrigerator &Amp; Oven Improrted Marble &Amp; Tiles Laundry Space Mosque In House Cafeteria BBQ Palace Double Heighted Lobby+ Lounge Spacious Terrace 15 Kv Solor Installed With Green Meter ON Ha Isco Meter 6 AC Installed Zero Electricity Bill Concealed Commode/Porta Philips Electric Fitting High Quality Premium Aluminium 1.6 Mm Used 7 Watt Lights Water Boor 1 Jacuzzi Curtains Imported Double Malae Lundar And Qail Wood Location Ll Amenities Ll Security 24/7 Ll Sustainability Living Ll Green Lifestyle Environment || Sustainable Infrastructure Ll Cda In Approved Ll Best Investment Ll Heighted Location","Built in year: 2025, Parking Spaces: 4, Flooring, Electricity Backup, Waste Disposal, Floors: 3, Furnished","Bedrooms: 9, Bathrooms: 9, Drawing Room, Dining Room, Kitchens: 3, Study Room, Prayer Room","Broadband Internet Access, Satellite or Cable TV Ready","Barbeque Area, Mosque",,"Nearby Schools, Nearby Hospitals, Nearby Shopping Malls, Nearby Restaurants, Distance From Airport (kms), Nearby Public Transport Service, Other Nearby Places","Maintenance Staff, Security Staff",,,
https://www.zameen.com/Property/islamabad_new_blue_area_park-facing_super_luxury_apartments_in_new_blue_area_islamabad_on_easy_installment-53257750-16810-1.html,Flat,PKR22.5 Crore,4,16.7 Marla,For Sale,4,6 days ago,"New Blue Area, Islamabad, Islamabad Capital","Available Options: 4-Bedroom Apartment: 3750 sq. ft Rate Rs. 60,000/- per sq. ft 2-Bedroom Apartment: 1766 sq. ft Rate Rs. 60,000/- per sq. ft Payment Plan: 35% Down Payment 16 Quarterly Installments over 4 Years Beautiful Park-Facing Location New Blue Area, Islamabad A lifestyle of class, comfort, and convenience all in one address! Contact for Complete Broucher Floor Plans and Site Visit Project Highlights: Prime New Blue Area Islamabad location Elegant architecture & premium finishing Park-facing apartments with breathtaking views High-speed elevators & 24/7 power backup Dedicated parking & round-the-clock security Fitness center, rooftop leisure area & community spaces Shops & cafs within the project For Details & Booking: UR Property","Built in year, Parking Spaces, Lobby in Building, Double Glazed Windows, Central Air Conditioning, Central Heating, Flooring, Electricity Backup, Waste Disposal, Floor, Floors in Building, Elevators, Service Elevators in Building, Other Main Features, Furnished","Bedrooms: 4, Bathrooms: 4, Servant Quarters, Drawing Room, Dining Room, Kitchens, Study Room, Prayer Room, Powder Room, Gym, Store Rooms, Steam Room, Lounge or Sitting Room, Laundry Room, Other Rooms","Broadband Internet Access, Satellite or Cable TV Ready, Business Center or Media Room in Building, Conference Room in Building, Intercom, ATM Machines, Other Business and Communication Facilities","Community Lawn or Garden, Community Swimming Pool, Community Gym, First Aid or Medical Centre, Day Care Centre, Kids Play Area, Barbeque Area, Mosque, Community Centre, Other Community Facilities","Sauna, Jacuzzi, Other Healthcare and Recreation Facilities","Nearby Schools, Nearby Hospitals, Nearby Shopping Malls, Nearby Restaurants, Distance From Airport (kms), Nearby Public Transport Service, Other Nearby Places","Maintenance Staff, Security Staff, Laundry or Dry Cleaning Facility, Communal/Shared Kitchen, Facilities for Disabled, Pets Not Allowed, Other Facilities",,,
https://www.zameen.com/Property/bahria_town_bahria_enclave_prime_location_10_marla_5bedrooms_brand_new_house_for_sale_in_bahria_enclave_islamabad-53141738-1705-1.html,House,PKR6 Crore,5,10 Marla,For Sale,5,1 week ago,"Bahria Town, Islamabad, Islamabad Capital",Luxury Interior&Amp;Excellent Elevation 10 Marla 5bedrooms Brand New House For Sale In Bahria Enclave Islamabad Sector C2 Newly Constructed At A Very Peaceful Location Excellent Wood Work Quality Fitting And Stylish Two Kitchens Near To Masjid Park School Hospital Commercial Market Best Area For Living Beautiful Terrace View This House Features 5 Spacious Bedrooms 5 Luxury Bathrooms Tv Lounges Drawing Dining 1 Servant Room With Attached Bathroom Entrance Lobby With Stairs Parking Space Almost Cars For More Details Please Contact Us Muhammad Sohail Euro Homes Real Estate&Amp;Builders,,"Bedrooms: 5, Bathrooms: 5, Servant Quarters: 1, Drawing Room, Dining Room, Kitchens: 2, Powder Room, Lounge or Sitting Room","Broadband Internet Access, Satellite or Cable TV Ready, Intercom","Community Lawn or Garden, Community Swimming Pool, First Aid or Medical Centre, Day Care Centre, Kids Play Area, Barbeque Area, Mosque, Community Centre",,"Nearby Schools, Nearby Hospitals, Nearby Shopping Malls, Nearby Restaurants, Distance From Airport (kms), Nearby Public Transport Service, Other Nearby Places","Maintenance Staff, Security Staff",,,
https://www.zameen.com/Property/islamabad_h-13_2_bedroom_apartment_for_sale_in_h-13_lift_installed-53295560-1039-1.html,Flat,PKR90 Lakh,2,4 Marla,For Sale,2,2 weeks ago,"H-13, Islamabad, Islamabad Capital","2-Bedroom Apartment for Sale Near NUST University, H-13 Islamabad A perfect investment opportunity near NUST University! This modern 2-bedroom apartment (910 sq. ft. ) combines comfort, convenience, and steady rental income. Key Features: 2 Bedrooms with Attached Baths Stylish Kitchen Lift-Operated Building Registry / Inteqal Available Direct WAPDA Meter Installed Walking Distance from NUST University, Metro Station, and Kashmir Highway Already Rented (Immediate Income) Rental Income: Unfurnished: Rs. 55,000/month Furnished 80k to 100K Demand: Rs. 90 Lac(negotiable) Ideal for investors or families looking for a well-connected, high-demand location.","Built in year: 2010, Parking Spaces: 2, Lobby in Building, Double Glazed Windows, Central Air Conditioning, Central Heating, Flooring, Electricity Backup, Waste Disposal, Floor: 4, Floors in Building: 6, Elevators: 1, Service Elevators in Building, Other Main Features, Furnished","Bedrooms: 2, Bathrooms: 2, Drawing Room, Dining Room, Kitchens: 1, Study Room, Prayer Room, Powder Room, Gym, Store Rooms: 1, Steam Room, Lounge or Sitting Room, Laundry Room, Other Rooms","Broadband Internet Access, Satellite or Cable TV Ready, Business Center or Media Room in Building, Conference Room in Building, Intercom, ATM Machines, Other Business and Communication Facilities","Community Lawn or Garden, Community Swimming Pool, Community Gym, First Aid or Medical Centre, Day Care Centre, Kids Play Area, Barbeque Area, Mosque, Community Centre","Sauna, Jacuzzi","Nearby Schools, Nearby Hospitals, Nearby Shopping Malls, Nearby Restaurants, Distance From Airport (kms), Nearby Public Transport Service, Other Nearby Places","Maintenance Staff, Security Staff, Laundry or Dry Cleaning Facility, Communal/Shared Kitchen, Facilities for Disabled, Pets Not Allowed, Other Facilities",,,
https://www.zameen.com/Property/islamabad_top_city_1_fully_furnished_1_bed_apartment_for_sale-53254699-1383-1.html,Flat,PKR76 Lakh,1,2.7 Marla,For Sale,1,3 weeks ago,"Top City 1, Islamabad, Islamabad Capital","Elegant 1-Bed Furnished Apartment for Sale Time Square Residence, Top City-1 Beautifully furnished 1-bed apartment available for sale in Time Square Residence, Block C, Top City-1 Islamabad. The apartment is fully furnished with modern furniture and fittings. Ideal for small families or investment.",,,,,,"Nearby Schools, Nearby Hospitals, Nearby Shopping Malls, Nearby Restaurants, Distance From Airport (kms), Nearby Public Transport Service, Other Nearby Places","Security Staff, Other Facilities",,,
https://www.zameen.com/Property/dha_defence_dha_defence_phase_2_marriot_hotel_suit_for_sale-53136284-339-1.html,Flat,PKR1.17 Crore,-,1.6 Marla,For Sale,-,1 week ago,"DHA Defence, Islamabad, Islamabad Capital",Marriot hotel suit for sale in DHA phase 2 (Main GT road ) -Residence by marriot . already rented property . Rental income against this property :87938,"Built in year: 2025, Parking Spaces, Lobby in Building, Flooring, Electricity Backup, Floor: 9, Floors in Building: 13, Elevators, Other Main Features","Bedrooms, Bathrooms, Servant Quarters, Drawing Room, Dining Room, Kitchens, Study Room, Prayer Room, Store Rooms, Other Rooms","Broadband Internet Access, Satellite or Cable TV Ready, Business Center or Media Room in Building, Conference Room in Building, Intercom, ATM Machines, Other Business and Communication Facilities","Community Lawn or Garden, Community Swimming Pool, Community Gym, First Aid or Medical Centre, Day Care Centre, Kids Play Area, Barbeque Area, Mosque, Community Centre, Other Community Facilities","Sauna, Jacuzzi, Other Healthcare and Recreation Facilities","Nearby Schools, Nearby Hospitals, Nearby Shopping Malls, Nearby Restaurants, Distance From Airport (kms), Nearby Public Transport Service, Other Nearby Places",,,,
https://www.zameen.com/Property/faisal_hills_faisal_hills_-_block_a_5_marla_brand_new_house_for_sale_in_faisal_hills_a_block-53316711-12655-1.html,House,PKR2.3 Crore,5,5 Marla,For Sale,4,3 weeks ago,"Faisal Hills, Islamabad, Islamabad Capital","5 Marla Brand New Double Unit House for Sale Faisal Hills A Block A beautifully designed modern home offering comfort, elegance, and style in one of the most prime locations of Faisal Hills. 4 Spacious Bedrooms 5 Modern Washrooms 2 TV Lounges Drawing Room All Facilities Available (Gas, Water, Electricity) Demand: Rs. 2 Crore 30 Lakh Location: A Block, Faisal Hills Elaaf Properties & Builders Premium Real Estate & Construction Solutions Contact for details & visit View Contact Detail",Flooring,,,,,,,,,
https://www.zameen.com/Property/bahria_enclave_bahria_enclave_-_sector_g_fully_furnished_3-bed_penthouse_bahria_enclave_islamabad_sector_g-52974971-11984-1.html,Penthouse,PKR3.65 Crore,3,13.3 Marla,For Sale,3,4 weeks ago,"Bahria Town, Islamabad, Islamabad Capital","Fully Furnished 3-Bed Penthouse Bahria Enclave Islamabad (Sector G) Live in luxury with this stunning 3-bedroom penthouse on the 5th floor of Sector G, Bahria Enclave. Boasting an open lounge and top-class furnishings, this property offers both comfort and elegance in one of Islamabads most sought-after communities. 3 Spacious Bedrooms with attached baths Open Lounge & Dining Perfect for relaxing and entertaining Fully Furnished Premium furniture, modern appliances, and stylish dcor Prime Location Sector G with breathtaking Margalla views Strong Investment Currently rented at PKR 1.10 crore annually Bahria Transfer Smooth and secure ownership transfer",,,,,,,,,,
https://www.zameen.com/Property/islamabad_b-17_10_marla_brand_new_house_for_sale_in_multi_gardens_b-17_islamabad_b_block-53352958-616-1.html,House,PKR5.5 Crore,6,14 Marla,For Sale,7,3 weeks ago,"B-17, Islamabad, Islamabad Capital","10 Marla Brand New House for Sale in B-17 B Block, Islamabad Discover this beautifully designed brand new 10 Marla house, ideally located in B-17 B Block, just steps away from the park, stadium, and markaz. Property Features: Total Rooms: 7 spacious rooms Washrooms: 6 modern washrooms Kitchens: 2 stylish and functional kitchens TV Lounges: 2 comfortable TV lounges Parking: Space for 23 vehicles A perfect home offering comfort, convenience, and prime location ideal for families looking for a ready-to-move option in one of Islamabads most desirable sectors. Location: Multi Gardens B-17, B Block, Islamabad Demand: 5.50 cr",,,,,,,,,,
https://www.zameen.com/Property/g_15_g-15_markaz_2_bedroom_available_for_sale_g_15_markaz-53246901-3352-1.html,Flat,PKR51 Lakh,2,2.9 Marla,For Sale,2,3 weeks ago,"G-15, Islamabad, Islamabad Capital",2 BEDROOM AVAILABLE FOR SALE G/15 MARKAZ MORE INFORMATION CALL ALI,"Built in year: 8, Parking Spaces: 2, Flooring, Electricity Backup, Other Main Features","Bedrooms: 2, Bathrooms: 2, Servant Quarters: 1, Drawing Room, Dining Room, Kitchens: 1, Study Room, Prayer Room, Powder Room, Gym, Store Rooms: 1, Steam Room, Lounge or Sitting Room, Laundry Room, Other Rooms","Broadband Internet Access, Satellite or Cable TV Ready, Business Center or Media Room in Building, Conference Room in Building, Intercom, ATM Machines, Other Business and Communication Facilities","Community Lawn or Garden, Community Swimming Pool, Community Gym, First Aid or Medical Centre, Day Care Centre, Kids Play Area, Barbeque Area, Mosque, Community Centre, Other Community Facilities","Sauna, Jacuzzi, Other Healthcare and Recreation Facilities","Nearby Schools, Nearby Hospitals, Nearby Shopping Malls, Nearby Restaurants, Distance From Airport (kms), Nearby Public Transport Service, Other Nearby Places","Security Staff, Other Facilities",,,
https://www.zameen.com/Property/g_11_g-11_3_fully_furnished_3_bedroom_available_for_sale_g11_3-53281000-3332-1.html,Flat,PKR2.45 Crore,3,4.9 Marla,For Sale,3,5 days ago,"G-11, Islamabad, Islamabad Capital",FULLY FURNISHED 3 BEDROOM AVAILABLE FOR SALE G11/3 MORE INFORMATION CALL ALI,"Built in year: 10, Parking Spaces, Flooring, Electricity Backup, Other Main Features","Bedrooms: 3, Bathrooms: 3, Servant Quarters: 1, Drawing Room, Dining Room, Kitchens: 1, Study Room, Prayer Room, Powder Room, Gym, Store Rooms: 1, Steam Room, Lounge or Sitting Room, Laundry Room, Other Rooms","Broadband Internet Access, Satellite or Cable TV Ready, Business Center or Media Room in Building, Conference Room in Building, Intercom, ATM Machines, Other Business and Communication Facilities","Community Lawn or Garden, Community Gym, First Aid or Medical Centre, Day Care Centre, Kids Play Area, Barbeque Area, Mosque, Community Centre, Other Community Facilities","Sauna, Jacuzzi, Other Healthcare and Recreation Facilities","Nearby Schools, Nearby Hospitals, Nearby Shopping Malls, Nearby Restaurants, Distance From Airport (kms), Nearby Public Transport Service, Other Nearby Places",,,,
https://www.zameen.com/Property/g_11_g-11_3_triple_story_house_available_for_sale_g11_3-53326493-3332-1.html,House,PKR3.2 Crore,3,3 Marla,For Sale,5,2 weeks ago,"G-11, Islamabad, Islamabad Capital",HOUSE AVAILABLE FOR SALE G11/3 More information call ali View Contact Detail View Contact Detail,"Built in year: 2015, Parking Spaces: 2, Central Air Conditioning, Central Heating, Flooring, Electricity Backup, Waste Disposal, Floors: 3, Other Main Features","Bedrooms: 5, Bathrooms: 3, Servant Quarters: 1, Drawing Room, Dining Room, Kitchens: 2, Study Room, Prayer Room, Powder Room, Gym, Store Rooms: 1, Steam Room, Lounge or Sitting Room, Laundry Room, Other Rooms","Broadband Internet Access, Satellite or Cable TV Ready, Intercom, Other Business and Communication Facilities","Community Lawn or Garden, Community Swimming Pool, Community Gym, First Aid or Medical Centre, Day Care Centre, Kids Play Area, Barbeque Area, Mosque, Community Centre, Other Community Facilities","Lawn or Garden, Swimming Pool, Sauna, Jacuzzi, Other Healthcare and Recreation Facilities","Nearby Schools, Nearby Hospitals, Nearby Shopping Malls, Nearby Restaurants, Distance From Airport (kms), Nearby Public Transport Service, Other Nearby Places","Maintenance Staff, Security Staff, Facilities for Disabled, Other Facilities",,,
https://www.zameen.com/Property/dha_defence_dha_defence_phase_1_luxury_apartments_at_dha-1_hilton_hotel_management_services-53318124-376-1.html,Flat,PKR1.08 Crore,1,2.3 Marla,For Sale,1,1 week ago,"DHA Defence, Islamabad, Islamabad Capital","Grand Orchard Innovative, Contemporary Lifestyle Spaces Grand Orchard Is A Mixed-Use Development Spanning 17 Kanals Thats All Set To Offer Buyers A Chance To Acquire A Valuable Property Asset In DHA-Islamabad. Prominently Located In Phase-I, This Project Encompasses Three Stunning Towers That Are Developed Into A Comprehensive Inventory Of Commercial Outlets And Apartments. It Is An Approved Project With A Sophisticated Take On Vertical Living In The Heart Of The Capital City, Where Residents Will Feel Facilitated, Comfortable And Filled With Opportunities To Experience A Satisfying Lifestyle. The Commercial Aspect Of The Project Provides Maximum Business Exposure To Retailers And Appreciatable Convenience To Shoppers And Project Dwellers. Location Highlights Located At The Prime Location Of Orchard Boulevard, Phase-I, DHA Islamabad, Grand Orchard Is Strategically Placed To Offer Optimal Benefits To Residential And Commercial Buyers. Some Important Highlights Of The Area Include Its Being In Proximity To The Following Key Points In Rawalpindi And Islamabad: 300-Meter From DHA Phase 1s Main Gate 1-Minute Drive From GT Road 1 Minute Drive From Fauji Foundation. 2 Kilometres From Al Shifa Eye Hospital 7 Kilometres From Pearl Continental, Rawalpindi 27 Kilometres From Blue Area Islamabad 35 Kilometres From Islamabad International Airport","Built in year: 2025, Parking Spaces: 4, Lobby in Building, Double Glazed Windows, Central Air Conditioning, Central Heating, Flooring, Electricity Backup, Waste Disposal, Floor, Floors in Building: 18, Elevators, Service Elevators in Building","Bedrooms: 3, Bathrooms: 4, Drawing Room, Dining Room, Kitchens: 1, Study Room, Prayer Room, Powder Room, Gym, Lounge or Sitting Room, Laundry Room","Broadband Internet Access, Conference Room in Building, Intercom, ATM Machines","Community Swimming Pool, Kids Play Area, Barbeque Area, Mosque, Community Centre",,"Nearby Schools, Nearby Hospitals, Nearby Shopping Malls, Nearby Restaurants, Distance From Airport (kms), Nearby Public Transport Service, Other Nearby Places","Security Staff, Other Facilities",,,
https://www.zameen.com/Property/dha_defence_dha_defence_phase_1_skywalk_apartment-_dha_1s_landmark_project_on_main_gt_road-53318750-376-1.html,Flat,PKR5.27 Crore,3,11.5 Marla,For Sale,3,1 week ago,"DHA Defence, Islamabad, Islamabad Capital","Grand Orchard Innovative, Contemporary Lifestyle Spaces Grand Orchard Is A Mixed-Use Development Spanning 17 Kanals Thats All Set To Offer Buyers A Chance To Acquire A Valuable Property Asset In DHA-Islamabad. Prominently Located In Phase-I, This Project Encompasses Three Stunning Towers That Are Developed Into A Comprehensive Inventory Of Commercial Outlets And Apartments. It Is An Approved Project With A Sophisticated Take On Vertical Living In The Heart Of The Capital City, Where Residents Will Feel Facilitated, Comfortable And Filled With Opportunities To Experience A Satisfying Lifestyle. The Commercial Aspect Of The Project Provides Maximum Business Exposure To Retailers And Appreciatable Convenience To Shoppers And Project Dwellers. Location Highlights Located At The Prime Location Of Orchard Boulevard, Phase-I, DHA Islamabad, Grand Orchard Is Strategically Placed To Offer Optimal Benefits To Residential And Commercial Buyers. Some Important Highlights Of The Area Include Its Being In Proximity To The Following Key Points In Rawalpindi And Islamabad: 300-Meter From DHA Phase 1s Main Gate 1-Minute Drive From GT Road 1 Minute Drive From Fauji Foundation. 2 Kilometres From Al Shifa Eye Hospital 7 Kilometres From Pearl Continental, Rawalpindi 27 Kilometres From Blue Area Islamabad 35 Kilometres From Islamabad International Airport","Built in year, Parking Spaces: 3, Double Glazed Windows, Central Air Conditioning, Central Heating, Flooring, Electricity Backup, Waste Disposal, Other Main Features, Furnished","Bedrooms: 5, Bathrooms: 6, Servant Quarters, Drawing Room, Dining Room, Kitchens, Study Room, Prayer Room, Powder Room, Store Rooms, Steam Room, Lounge or Sitting Room, Laundry Room, Other Rooms","Broadband Internet Access, Satellite or Cable TV Ready, Intercom, Other Business and Communication Facilities","Community Lawn or Garden, Community Swimming Pool, Community Gym, First Aid or Medical Centre, Day Care Centre, Kids Play Area, Barbeque Area, Mosque, Community Centre, Other Community Facilities","Jacuzzi, Other Healthcare and Recreation Facilities","Nearby Schools, Nearby Hospitals, Nearby Shopping Malls, Nearby Restaurants, Distance From Airport (kms), Nearby Public Transport Service, Other Nearby Places","Maintenance Staff, Security Staff, Facilities for Disabled, Other Facilities",,,
https://www.zameen.com/Property/islamabad_bani_gala_5_marla_brand_near_house_3_floor_walking_distance_to_allied_bank_bani_gala-49879521-340-1.html,House,PKR2.15 Crore,6,5 Marla,For Sale,5,4 weeks ago,"Bani Gala, Islamabad, Islamabad Capital","5 Marla Brand New House For Sale In Bani Near Allied Bank Waking Distance Demand 2 crore 15 Lack At such amazing rate of Rs. 21500000, such a deal doesn't remain open for long. The highly lucrative real estate options in Bani Gala should not be missed. This 5 Marla sized property is definitely a bargain, so please consider signing up for it quickly. You won't find House like this too often. So, it's better to beat the clock before someone else grabs it up for comfort. A well-constructed property doesn't come easily, so buy today or regret later. With upcoming development projects in Bani Gala, it is high time to invest here. You can read the property features below. You can feel secure with round-the-clock security staff that patrols the premises. You can have all your doubts cleared by giving us a call.","Built in year: 2023, Parking Spaces: 4, Double Glazed Windows, Central Air Conditioning, Central Heating, Flooring, Electricity Backup, Waste Disposal, Floors: 2, Other Main Features, Furnished","Bedrooms: 5, Bathrooms: 6, Servant Quarters: 2, Drawing Room, Dining Room, Kitchens: 3, Study Room, Prayer Room, Powder Room, Gym, Store Rooms: 1, Steam Room, Lounge or Sitting Room, Laundry Room, Other Rooms","Broadband Internet Access, Satellite or Cable TV Ready, Intercom, Other Business and Communication Facilities","Community Lawn or Garden, Community Swimming Pool, Community Gym, First Aid or Medical Centre, Day Care Centre, Kids Play Area, Barbeque Area, Mosque, Community Centre, Other Community Facilities","Lawn or Garden, Swimming Pool, Sauna, Jacuzzi, Other Healthcare and Recreation Facilities","Nearby Schools, Nearby Hospitals, Nearby Shopping Malls, Nearby Restaurants, Distance From Airport (kms), Nearby Public Transport Service, Other Nearby Places","Maintenance Staff, Security Staff, Facilities for Disabled, Other Facilities",,,
https://www.zameen.com/Property/islamabad_bani_gala_a_good_option_for_sale_is_the_house_available_in_bani_gala-44845746-340-1.html,House,PKR12 Crore,6,1.8 Kanal,For Sale,8,4 weeks ago,"Bani Gala, Islamabad, Islamabad Capital","A House like this doesn't come around easily, so make the most of this deal today. This comfortable property is available for sale. If you're looking for 8325 Square Feet properties that fit your needs, here's what you need. The House valued at PKR Rsus120000000 karoor is reasonable, given its features. Property in this Bani Gala is up to the mark. So, go ahead and check it out for yourself. Get your chunk of urban living with property in Bani Gala. Have questions? Get in contact with us.","Built in year: 2023, Parking Spaces, Double Glazed Windows, Central Air Conditioning, Central Heating, Flooring, Electricity Backup, Waste Disposal, Floors: 2, Other Main Features, Furnished","Bedrooms: 3, Bathrooms: 3, Servant Quarters: 1, Drawing Room, Dining Room, Kitchens: 1, Study Room, Prayer Room, Powder Room, Gym, Store Rooms, Steam Room, Lounge or Sitting Room, Laundry Room, Other Rooms","Broadband Internet Access, Satellite or Cable TV Ready, Intercom, Other Business and Communication Facilities","Community Lawn or Garden, Community Swimming Pool, Community Gym, First Aid or Medical Centre, Day Care Centre, Kids Play Area, Barbeque Area, Mosque, Community Centre, Other Community Facilities","Lawn or Garden, Sauna, Jacuzzi, Other Healthcare and Recreation Facilities","Nearby Schools, Nearby Hospitals, Nearby Shopping Malls, Nearby Restaurants, Distance From Airport (kms), Nearby Public Transport Service, Other Nearby Places","Maintenance Staff, Security Staff, Facilities for Disabled, Other Facilities",,,
https://www.zameen.com/Property/islamabad_bani_gala_5_marla_single_story_house_for_sale_in_the_bani_gala_akram_rood-51596323-340-1.html,House,PKR1.1 Crore,3,5 Marla,For Sale,2,4 weeks ago,"Bani Gala, Islamabad, Islamabad Capital","The rates in Bani Gala at present are perfect for property purchase. With a serene neighbourhood, carpeted roads and a location like that of Bani Gala, it is an opportunity that should not be missed. Purchasing this 5 Marla House is a decision you will not regret. The well-constructed House carries a price tag of PKR Rs. 11000000 and you shouldn't miss this offer. Are you in search of a House in Bani Gala in Bani Gala that's priced reasonably? If yes, you have landing on the right page. Schedule your appointment to view the House for sale today, before it's gone. Book your unit by contacting on our given numbers.",,,,,,"Nearby Schools, Nearby Hospitals, Nearby Shopping Malls, Nearby Restaurants, Nearby Public Transport Service, Other Nearby Places","Security Staff, Other Facilities",,,
https://www.zameen.com/Property/islamabad_bani_gala_5_marla_double_story_house_for_sale-49525496-340-1.html,House,PKR1.8 Crore,6,5 Marla,For Sale,4,4 weeks ago,"Bani Gala, Islamabad, Islamabad Capital",5 Marla House For Sale Brand New Good Location Reasonable Price Best Opportunity To Get A Better Idea Of What You Want To Do With Your Business. Genuine Customers Interested In Checking This Property Out Should Get In Touch Immediately So As Not To Miss This Opportunity. our Demand Is Reasonable And According To The Market Rate. we Want Only Serious Buyers To Contact Us. Do Not Forget To Mention Zameen. com While Calling.,"Built in year: 2024, Parking Spaces: 3, Double Glazed Windows, Central Air Conditioning, Central Heating, Flooring, Electricity Backup, Waste Disposal, Floors: 2","Bedrooms: 5, Bathrooms: 7, Servant Quarters: 1, Drawing Room, Dining Room, Kitchens: 2, Study Room, Prayer Room, Powder Room, Gym, Store Rooms: 1, Lounge or Sitting Room, Laundry Room, Other Rooms","Broadband Internet Access, Satellite or Cable TV Ready, Intercom, Other Business and Communication Facilities","Community Lawn or Garden, Community Swimming Pool, Community Gym, First Aid or Medical Centre, Day Care Centre, Kids Play Area, Barbeque Area, Mosque, Community Centre, Other Community Facilities","Lawn or Garden, Jacuzzi","Nearby Schools, Nearby Hospitals, Nearby Shopping Malls, Nearby Restaurants, Distance From Airport (kms), Nearby Public Transport Service, Other Nearby Places","Maintenance Staff, Security Staff, Facilities for Disabled, Other Facilities",,,
https://www.zameen.com/Property/islamabad_bani_gala_6_marla_sami_dabble_story_house_for_sale_in_bani_gala_near_alid_bank-53208262-340-1.html,House,PKR1.65 Crore,4,6 Marla,For Sale,3,2 weeks ago,"Bani Gala, Islamabad, Islamabad Capital",6 marla house for sale in bani gala near alid bank good location,,"Bedrooms: 2, Bathrooms: 2, Servant Quarters: 1, Drawing Room, Dining Room, Kitchens: 1, Prayer Room",,,"Sauna, Jacuzzi","Nearby Schools, Nearby Hospitals, Nearby Shopping Malls, Nearby Restaurants, Distance From Airport (kms), Nearby Public Transport Service, Other Nearby Places","Maintenance Staff, Security Staff, Facilities for Disabled",,,
https://www.zameen.com/Property/islamabad_bani_gala_10_marla_brand_new_house_for_sale_in_bani_gala_near_waking_distance_imran_khan_chowk-51994368-340-1.html,House,PKR4 Crore,5,10 Marla,For Sale,5,4 weeks ago,"Bani Gala, Islamabad, Islamabad Capital",10 Marla New House For Sale In Bani Gala Near Main Korang Rood Demand 4 Karoor Reasonable Price Best Opportunity To Get A Better Idea Of What You Want To Do With Your Business. Genuine Customers Interested In Checking This Property Out Should Get In Touch Immediately So As Not To Miss This Opportunity. our Demand Is Reasonable And According To The Market Rate. we Want Only Serious Buyers To Contact Us. Do Not Forget To Mention Zameen. com While Calling.,,,,,,"Nearby Schools, Nearby Hospitals, Nearby Shopping Malls, Nearby Restaurants, Distance From Airport (kms), Nearby Public Transport Service, Other Nearby Places","Security Staff, Other Facilities",,,
https://www.zameen.com/Property/islamabad_b-17_2-bed_apartment_for_sale_capital_square_b-17_islamabad-53212467-616-1.html,Flat,PKR85 Lakh,2,4.7 Marla,For Sale,2,2 days ago,"B-17, Islamabad, Islamabad Capital","2-Bed Apartment for Sale Capital Square, B-17 Islamabad Contact View Contact Detail Spacious Layout | Modern Design All Facilities Available (Electricity, Gas, Water, Security) Prime Location Easy Access to Markaz, Masjid & School Demand: 85 Lac For details & visit, contact: Elaaf Properties & Builders B-17 Islamabad | SECP Registered",,,,,,,,,,
https://www.zameen.com/Property/islamabad_d-17_for_sale_luxury_penthouse_in_platinum_center_fmc_b-17_islamabad-53192795-737-1.html,Penthouse,PKR3 Crore,5,6.7 Marla,For Sale,5,4 weeks ago,"D-17, Islamabad, Islamabad Capital","For Sale Luxury Penthouse in Platinum Center, FMC B-17 Islamabad Location: Platinum Center, FMC B-17, Islamabad Type: Penthouse Size: 4,000+ Sq. Ft. Bedrooms: 5 Fully Furnished Spacious luxury penthouse with modern interiors Premium furnishing and elegant design Prime location in FMC, B-17 with all amenities Demand: 3 Crore",,,,,,,,,,
https://www.zameen.com/Property/islamabad_b-17_luxury_4-bedroom_house_for_sale_in_b-17_islamabad_experience_elegant_living_in_this_beautifully_designed_fully_furnished_house_located_in_the_serene_sector_b-17_islamabad-53252331-616-1.html,House,PKR3.7 Crore,4,19.6 Marla,For Sale,4,4 weeks ago,"B-17, Islamabad, Islamabad Capital","Luxury 4-Bedroom House for Sale in B-17, Islamabad Experience elegant living in this beautifully designed fully furnished house located in the serene sector B-17, Islamabad. Property Features: 4 Spacious Bedrooms with Attached Baths Stylish Drawing Room Modern TV Lounge 2 Fully Equipped Kitchens Dedicated BBQ Area Private Plunge Pool with Filtration System Separate Water Tank Beautiful Fountain Feature Imported Furniture & Premium Accessories Total Covered Area: 4,400 sq. ft. This home combines comfort, luxury, and functionality perfect for families looking for an upscale lifestyle in a prime location. Demand: 3 Crore 70 Lakh (370) For serious buyers only contact for details and visit.",,,,,,,,,,
https://www.zameen.com/Property/islamabad_b-17_5_marla_brand_new_double_unit_house_for_sale_multi_gardens_b-17_f_block-53134663-616-1.html,House,PKR2.15 Crore,4,5 Marla,For Sale,4,4 weeks ago,"B-17, Islamabad, Islamabad Capital","5 Marla Brand New Double Unit House for Sale Multi Gardens B-17, F Block A beautifully designed brand new double unit house is available for sale in F Block, Multi Gardens B-17 Islamabad. With a modern layout and high-quality construction, this home is ideal for comfortable family living. 4 Bedrooms 4 Washrooms 2 Spacious TV Lounges 2 Modern Kitchens Car Parking Space Electricity Available Gas Available Water Available Demand: [2 Crore 15 lack ] Location: Multi Gardens B-17, F Block Islamabad Contact for Details & Visit: View Contact Detail",,,,,,,,,,
https://www.zameen.com/Property/i_16_i-16_3_i-16_3_pha-53302436-3437-1.html,Flat,PKR60 Lakh,2,4.1 Marla,For Sale,2,4 weeks ago,"I-16, Islamabad, Islamabad Capital",Pha flat I-16 for sale E type,,,,,,,,,,
https://www.zameen.com/Property/dha_valley_dha_homes_dha_home_for_sale_main_blvd-53329940-3226-1.html,House,PKR1.47 Crore,4,8 Marla,For Sale,3,1 month ago,"DHA Defence, Islamabad, Islamabad Capital","DHA Homes Islamabad Oleander Block A Road 5, House No. 11 South Facing | Boulevard Category Demand: 147 Lacs Description: Beautifully located DHA Home in Oleander Block A, facing South with ideal boulevard frontage. Prime location offering easy access, peaceful surroundings, and close proximity to community park and mosque. Perfect for living or investment secure environment with all modern DHA facilities",,,,,,,,,,
https://www.zameen.com/Property/d_12_d-12_1_house_for_sale_in_d-12_1-53236112-3154-1.html,House,PKR4 Crore,-,4 Marla,For Sale,-,1 month ago,"D-12, Islamabad, Islamabad Capital","**House for Sale in D-12/1, Islamabad** - *Size: 25*40* - - Solid Construction - - *Single-Unit House with Besment* *Features:* - 4 Bedrooms with Attached Bathrooms - 1 Kitchens - 1 Servant Room on Rooftop - Sun Facing *Highlights:* - Beautiful Front Elevation - *Demand: 4 Crore*",,,,,,,,,,
https://www.zameen.com/Property/islamabad_top_city_1_one_bed_apartment_for_sale-53047921-1383-1.html,Flat,PKR80 Lakh,1,2.7 Marla,For Sale,1,2 days ago,"Top City 1, Islamabad, Islamabad Capital",One Bed apartment with attached washroom is available for sale. Investor price . Ready to move Car parking facility is available . All leaving facilities is available . Near to shopping centre . The building has a very good elevator for residents. For more information contact us,"Built in year, Parking Spaces: 10, Lobby in Building, Double Glazed Windows, Central Air Conditioning, Flooring, Electricity Backup, Waste Disposal, Floor, Floors in Building: 9, Elevators: 1, Other Main Features","Bedrooms: 2, Bathrooms: 3, Dining Room, Kitchens: 1, Lounge or Sitting Room",,"Community Lawn or Garden, Community Swimming Pool, Community Gym, First Aid or Medical Centre, Day Care Centre, Kids Play Area",,"Nearby Schools, Nearby Hospitals, Nearby Shopping Malls, Nearby Restaurants, Distance From Airport (kms), Nearby Public Transport Service, Other Nearby Places","Maintenance Staff, Security Staff, Other Facilities",,,
https://www.zameen.com/Property/islamabad_new_blue_area_own_your_luxury_2_bed_apartment_on_the_most_lucrative_location_of_islamabad_with_just_10_of_down_payment_and_avail_5_year_easy_and_avail_flexible_installment_plan-53322949-16810-1.html,Flat,PKR4.5 Crore,2,5.3 Marla,For Sale,2,1 day ago,"New Blue Area, Islamabad, Islamabad Capital","Own Your Luxury Apartment on The Most Lucrative Location of Islamabad Discover Imarat Residences a premium 2-bed apartment project offering 100+ world-class amenities in the most prime location of Islamabad. 25-30% annual appreciation Only 10% down payment Flexible 5-year payment plan Size: 1700 Sqft More Options of Studio 1,2,3 Beds Are Available PENT HOUSE also available Starting From 10 Million to 40Milliion","Parking Spaces, Lobby in Building, Double Glazed Windows, Central Air Conditioning, Central Heating, Electricity Backup, Waste Disposal, Elevators, Service Elevators in Building, Other Main Features, Furnished","Bedrooms: 2, Bathrooms: 2","Broadband Internet Access, Satellite or Cable TV Ready, Conference Room in Building, ATM Machines, Other Business and Communication Facilities",,,"Nearby Schools, Nearby Hospitals, Nearby Shopping Malls, Nearby Restaurants, Distance From Airport (kms), Nearby Public Transport Service, Other Nearby Places","Maintenance Staff, Security Staff, Other Facilities",PKR45 Lakh,PKR6.75 Lakh,60 Months
https://www.zameen.com/Property/g_11_g-11_markaz_flat_on_investor_rate_at_prime_location_of_islamabad_for_sale-53296688-3334-1.html,Flat,PKR2.1 Crore,2,2 Marla,For Sale,2,1 day ago,"G-11, Islamabad, Islamabad Capital","Generate passive income from your own luxury asset. This serviced apartment offers both premium living and monthly rental income. Turn your investment into a guaranteed income stream. The perfect blend of lifestyle and investment. Buy now fully-managed serviced apartment by MARRIOTT INTERNATIONAL and enjoy a high-yield rental income from day one. TOTAL PRICE: 2CR 10 LACS RENT COMING: 175,000/ monthly","Built in year: 2025, Parking Spaces, Lobby in Building, Double Glazed Windows, Central Air Conditioning, Central Heating, Flooring, Electricity Backup, Waste Disposal, Floor: 5, Floors in Building: 10, Elevators, Service Elevators in Building, Other Main Features, Furnished",,,,,"Nearby Schools, Nearby Hospitals, Nearby Shopping Malls, Nearby Restaurants, Distance From Airport (kms), Nearby Public Transport Service, Other Nearby Places","Security Staff, Other Facilities",,,
https://www.zameen.com/Property/dha_defence_dha_defence_phase_2_32_marla_fully_furnished_state_of_the_art_royal_mansion_for_sale_in_most_posh_area_of_bahria_town_islamabad-53172643-339-1.html,House,PKR39 Crore,7,1.6 Kanal,For Sale,6,6 days ago,"DHA Defence, Islamabad, Islamabad Capital",House of Heavenly Lights Intellectual Village Accommodations Covered Area 14000 Sqft House Size 60118 6 Masters Bedrooms 10 Attach Designer's Baths with Jacuzzi Install With LED Double Height View With Beautiful Art & Schendle Air's Drawing Room Dining Table 3 Tv lounge 4 American theme kitchens with All Accessories install Also Dirty kitchens Brazilian & Spanish & Turkish Tiles Mohangny Solid wood Doors & Turkish Wardrobes and kitchens GM Cables & Aqua Switches & Mim Breakers Wall Air conditioners Gree Inverter Floor Standing Kenwood Kenwood Refrigerator Washing Machine Samsung Dish washer Bosch Hood & Hob Fotile & Robam Oven & Microwave Robam Tv Samsung Furniture Installed By Wing Chairs Rugs & Carpets handmade Persians & Afghans Automatic Curtains Many More BBQ Space Available Roof Top Garden Basement Swimming Pool & Sauna & Gym And Cinema Modern American Themed Elevation 3 Car Parking Servant Room with Attach Bath Electricity Remote Control Gate Visit Any Time Direct Deal With Seller We have Multiple Options of Houses in DHA & Bahria (ISB/RWP) More Details on Call/Whatsapp For more details feel free to Contact at View Contact Detail (M. Shahrukh),"Built in year: 2023, Parking Spaces, Double Glazed Windows, Central Air Conditioning, Central Heating, Flooring, Electricity Backup, Waste Disposal, Floors: 2, Other Main Features, Furnished","Bedrooms: 6, Bathrooms: 7, Servant Quarters, Drawing Room, Dining Room, Kitchens, Study Room, Prayer Room, Powder Room, Gym, Store Rooms, Steam Room, Lounge or Sitting Room, Laundry Room, Other Rooms","Broadband Internet Access, Satellite or Cable TV Ready, Intercom, Other Business and Communication Facilities","Community Lawn or Garden, Community Swimming Pool, Community Gym, First Aid or Medical Centre, Day Care Centre, Kids Play Area, Barbeque Area, Mosque, Community Centre, Other Community Facilities","Lawn or Garden, Swimming Pool, Sauna, Jacuzzi, Other Healthcare and Recreation Facilities","Nearby Schools, Nearby Hospitals, Nearby Shopping Malls, Nearby Restaurants, Distance From Airport (kms), Nearby Public Transport Service, Other Nearby Places","Maintenance Staff, Security Staff, Facilities for Disabled, Other Facilities",,,
https://www.zameen.com/Property/dha_defence_dha_defence_phase_1_luxury_apartments_at_dha-1_hilton_hotel_management_services-53318124-376-1.html,Flat,PKR1.08 Crore,1,2.3 Marla,For Sale,1,1 week ago,"DHA Defence, Islamabad, Islamabad Capital","Grand Orchard Innovative, Contemporary Lifestyle Spaces Grand Orchard Is A Mixed-Use Development Spanning 17 Kanals Thats All Set To Offer Buyers A Chance To Acquire A Valuable Property Asset In DHA-Islamabad. Prominently Located In Phase-I, This Project Encompasses Three Stunning Towers That Are Developed Into A Comprehensive Inventory Of Commercial Outlets And Apartments. It Is An Approved Project With A Sophisticated Take On Vertical Living In The Heart Of The Capital City, Where Residents Will Feel Facilitated, Comfortable And Filled With Opportunities To Experience A Satisfying Lifestyle. The Commercial Aspect Of The Project Provides Maximum Business Exposure To Retailers And Appreciatable Convenience To Shoppers And Project Dwellers. Location Highlights Located At The Prime Location Of Orchard Boulevard, Phase-I, DHA Islamabad, Grand Orchard Is Strategically Placed To Offer Optimal Benefits To Residential And Commercial Buyers. Some Important Highlights Of The Area Include Its Being In Proximity To The Following Key Points In Rawalpindi And Islamabad: 300-Meter From DHA Phase 1s Main Gate 1-Minute Drive From GT Road 1 Minute Drive From Fauji Foundation. 2 Kilometres From Al Shifa Eye Hospital 7 Kilometres From Pearl Continental, Rawalpindi 27 Kilometres From Blue Area Islamabad 35 Kilometres From Islamabad International Airport","Built in year: 2025, Parking Spaces: 4, Lobby in Building, Double Glazed Windows, Central Air Conditioning, Central Heating, Flooring, Electricity Backup, Waste Disposal, Floor, Floors in Building: 18, Elevators, Service Elevators in Building","Bedrooms: 3, Bathrooms: 4, Drawing Room, Dining Room, Kitchens: 1, Study Room, Prayer Room, Powder Room, Gym, Lounge or Sitting Room, Laundry Room","Broadband Internet Access, Conference Room in Building, Intercom, ATM Machines","Community Swimming Pool, Kids Play Area, Barbeque Area, Mosque, Community Centre",,"Nearby Schools, Nearby Hospitals, Nearby Shopping Malls, Nearby Restaurants, Distance From Airport (kms), Nearby Public Transport Service, Other Nearby Places","Security Staff, Other Facilities",,,
https://www.zameen.com/Property/dha_defence_dha_defence_phase_1_skywalk_apartment-_dha_1s_landmark_project_on_main_gt_road-53318750-376-1.html,Flat,PKR5.27 Crore,3,11.5 Marla,For Sale,3,1 week ago,"DHA Defence, Islamabad, Islamabad Capital","Grand Orchard Innovative, Contemporary Lifestyle Spaces Grand Orchard Is A Mixed-Use Development Spanning 17 Kanals Thats All Set To Offer Buyers A Chance To Acquire A Valuable Property Asset In DHA-Islamabad. Prominently Located In Phase-I, This Project Encompasses Three Stunning Towers That Are Developed Into A Comprehensive Inventory Of Commercial Outlets And Apartments. It Is An Approved Project With A Sophisticated Take On Vertical Living In The Heart Of The Capital City, Where Residents Will Feel Facilitated, Comfortable And Filled With Opportunities To Experience A Satisfying Lifestyle. The Commercial Aspect Of The Project Provides Maximum Business Exposure To Retailers And Appreciatable Convenience To Shoppers And Project Dwellers. Location Highlights Located At The Prime Location Of Orchard Boulevard, Phase-I, DHA Islamabad, Grand Orchard Is Strategically Placed To Offer Optimal Benefits To Residential And Commercial Buyers. Some Important Highlights Of The Area Include Its Being In Proximity To The Following Key Points In Rawalpindi And Islamabad: 300-Meter From DHA Phase 1s Main Gate 1-Minute Drive From GT Road 1 Minute Drive From Fauji Foundation. 2 Kilometres From Al Shifa Eye Hospital 7 Kilometres From Pearl Continental, Rawalpindi 27 Kilometres From Blue Area Islamabad 35 Kilometres From Islamabad International Airport","Built in year, Parking Spaces: 3, Double Glazed Windows, Central Air Conditioning, Central Heating, Flooring, Electricity Backup, Waste Disposal, Other Main Features, Furnished","Bedrooms: 5, Bathrooms: 6, Servant Quarters, Drawing Room, Dining Room, Kitchens, Study Room, Prayer Room, Powder Room, Store Rooms, Steam Room, Lounge or Sitting Room, Laundry Room, Other Rooms","Broadband Internet Access, Satellite or Cable TV Ready, Intercom, Other Business and Communication Facilities","Community Lawn or Garden, Community Swimming Pool, Community Gym, First Aid or Medical Centre, Day Care Centre, Kids Play Area, Barbeque Area, Mosque, Community Centre, Other Community Facilities","Jacuzzi, Other Healthcare and Recreation Facilities","Nearby Schools, Nearby Hospitals, Nearby Shopping Malls, Nearby Restaurants, Distance From Airport (kms), Nearby Public Transport Service, Other Nearby Places","Maintenance Staff, Security Staff, Facilities for Disabled, Other Facilities",,,
https://www.zameen.com/Property/dha_defence_phase_1_dha_phase_1_-_sector_f_dha_phase_1_family_apartments_near_save_mart-53315334-8226-1.html,Flat,PKR2.95 Crore,3,9.3 Marla,For Sale,3,1 week ago,"DHA Defence, Islamabad, Islamabad Capital","The development is situated in DHA Phase V (and nearby sectors) in Islamabad, along the main Islamabad Expressway and/or GT Road in the DHA area meaning good connectivity and visibility. Being in a premium society, the neighbourhood is well-planned and secure, in line with the reputation of DHA Islamabad as one of the upscale residential communities. Architecture & Design Concept The high-rise towers are designed to bring together luxury, modern style, and vertical living with features like rooftop amenities, high-speed elevators, smart layouts, etc. Interiors are geared for upscale living: smart-home features, premium finishes, balconies with views, large windows, high ceilings in premium units. Amenities & Services High-rise towers in DHA Islamabad offer amenities such as rooftop swimming pools, health clubs/gyms, saunas/steam rooms, childrens play areas, jogging tracks, landscaped gardens. Building utilities like 24/7 security (CCTV, guarded entry), full backup power, high-speed elevators, covered parking, waste disposal systems are often included. Investment & Lifestyle Value From an investment perspective, these high-rise buildings in DHA Islamabad offer potential due to location, amenity set, and the premium tag of DHA society. For residents, the lifestyle is aimed at luxury, convenience, and modern vertical living.","Built in year: 2027, Parking Spaces: 3, Double Glazed Windows, Central Air Conditioning, Central Heating, Flooring, Electricity Backup, Waste Disposal, Floor, Floors in Building: 14, Elevators, Service Elevators in Building, Other Main Features","Bedrooms: 3, Bathrooms: 5, Servant Quarters: 1, Drawing Room, Dining Room, Kitchens: 1, Study Room, Prayer Room, Powder Room, Gym, Store Rooms: 1, Steam Room, Lounge or Sitting Room, Laundry Room, Other Rooms","Broadband Internet Access, Satellite or Cable TV Ready, Conference Room in Building, Intercom, ATM Machines, Other Business and Communication Facilities","Community Lawn or Garden, Community Swimming Pool, Community Gym, First Aid or Medical Centre, Day Care Centre, Kids Play Area, Barbeque Area, Mosque, Community Centre, Other Community Facilities","Jacuzzi, Other Healthcare and Recreation Facilities","Nearby Schools, Nearby Hospitals, Nearby Shopping Malls, Nearby Restaurants, Distance From Airport (kms), Nearby Public Transport Service, Other Nearby Places",,,,
https://www.zameen.com/Property/top_city_1_top_city_1_-_block_d_10_marla_pair_house_lawn_for_sale-53249606-9233-1.html,House,PKR7.5 Crore,6,1 Kanal,For Sale,6,2 weeks ago,"Top City 1, Islamabad, Islamabad Capital","The area has good connectivity, providing easy access to major roads and key locations. Near To Islamabad International Airport Near To Metro Bus Service Near To GT Road (N5) Near To M-1 & M-2 Motorways Facilities in Top city top city offers a complete residential experience with: Gated Community & 24/7 Security CCTV monitoring and security personnel Schools & Banks Quality education and banking services nearby Shopping Malls & Markets Convenient access to daily essentials Hospitals & Pharmacies Healthcare facilities within easy reach Mosques & Parks A peaceful and family-friendly environment PTCL 5G Availability High-speed internet access","Built in year: 1, Parking Spaces: 2, Double Glazed Windows, Central Air Conditioning, Central Heating, Flooring, Electricity Backup, Waste Disposal, Floors: 2, Other Main Features, Furnished","Bedrooms: 6, Bathrooms: 6, Servant Quarters: 1, Drawing Room, Dining Room, Kitchens: 2, Study Room, Prayer Room, Powder Room, Gym, Store Rooms, Steam Room, Lounge or Sitting Room, Laundry Room, Other Rooms","Broadband Internet Access, Satellite or Cable TV Ready, Intercom, Other Business and Communication Facilities","Community Lawn or Garden, Community Swimming Pool, Community Gym, First Aid or Medical Centre, Day Care Centre, Kids Play Area, Barbeque Area, Mosque, Community Centre, Other Community Facilities","Lawn or Garden, Swimming Pool, Sauna, Jacuzzi, Other Healthcare and Recreation Facilities","Nearby Schools, Nearby Hospitals, Nearby Shopping Malls, Nearby Restaurants, Distance From Airport (kms), Nearby Public Transport Service, Other Nearby Places","Maintenance Staff, Security Staff, Facilities for Disabled, Other Facilities",,,
https://www.zameen.com/Property/gulberg_gulberg_greens_gulberg_icon_2_front_facing_luxury_apartment-53341811-8312-1.html,Flat,PKR1 Crore,2,3.5 Marla,For Sale,2,5 days ago,"Gulberg, Islamabad, Islamabad Capital","2 Bed Apartment | Scenic Views | Investor Price A golden opportunity to own a 2 Bed View Apartment on the 6th Floor of the prestigious Icon 2 Project ideal for living or investment! Property Highlights: Located on 6th Floor Beautiful Height & View 2 Spacious Bedrooms 2 Balconies with Stunning Views Non-Furnished Unit Currently Rented at Rs. 47,500/month Can be rented up to Rs. 80,000/month if furnished Asking Price: Rs. 1 Crore 10 Lac Contact: A prime rental income property in a highly demanded project dont miss this investor deal!","Built in year: 2023, Parking Spaces, Lobby in Building, Double Glazed Windows, Central Air Conditioning, Central Heating, Flooring, Electricity Backup, Waste Disposal, Floor: 6, Floors in Building: 7, Elevators, Other Main Features, Furnished","Bedrooms: 2, Bathrooms: 2, Servant Quarters: 1, Drawing Room, Dining Room, Kitchens: 1, Study Room, Prayer Room, Powder Room, Gym, Store Rooms: 1, Steam Room, Lounge or Sitting Room, Laundry Room, Other Rooms","Broadband Internet Access, Satellite or Cable TV Ready, Business Center or Media Room in Building, Conference Room in Building, Intercom, ATM Machines, Other Business and Communication Facilities","Community Lawn or Garden, Community Swimming Pool, Community Gym, First Aid or Medical Centre, Day Care Centre, Kids Play Area, Barbeque Area, Mosque, Community Centre, Other Community Facilities","Sauna, Jacuzzi, Other Healthcare and Recreation Facilities","Nearby Schools, Nearby Hospitals, Nearby Shopping Malls, Nearby Restaurants, Distance From Airport (kms), Nearby Public Transport Service, Other Nearby Places","Maintenance Staff, Security Staff, Facilities for Disabled, Other Facilities",,,
https://www.zameen.com/Property/gulberg_gulberg_greens_soft_light_refined_textures_and_a_quiet_sense_of_luxury_this_is_life_at_sky_park_residences-53040564-8312-1.html,Flat,PKR2.7 Crore,3,7.6 Marla,For Sale,2,3 days ago,"Gulberg, Islamabad, Islamabad Capital",Gulberg green Islamabad Sky park one 2BHK APARTMENT FOR SALE SIZE SQFT 1610 5th&4th floor Non furnished Luxurious Apartments Farmhouse facing & main road facing,"Built in year: 2025, Parking Spaces: 7, Lobby in Building, Double Glazed Windows, Central Air Conditioning, Central Heating, Flooring, Electricity Backup, Waste Disposal, Floor: 23, Floors in Building: 26, Elevators: 03, Service Elevators in Building, Other Main Features, Furnished","Bedrooms: 7, Bathrooms: 7, Servant Quarters: 3, Drawing Room, Dining Room, Kitchens: 2, Study Room, Prayer Room, Powder Room, Gym, Store Rooms: 1, Steam Room, Lounge or Sitting Room, Laundry Room, Other Rooms","Broadband Internet Access, Satellite or Cable TV Ready, Business Center or Media Room in Building, Conference Room in Building, Intercom, ATM Machines, Other Business and Communication Facilities","Community Lawn or Garden, Community Swimming Pool, Community Gym, First Aid or Medical Centre, Day Care Centre, Kids Play Area, Barbeque Area, Mosque, Community Centre, Other Community Facilities","Sauna, Jacuzzi, Other Healthcare and Recreation Facilities","Nearby Schools, Nearby Hospitals, Nearby Shopping Malls, Nearby Restaurants, Distance From Airport (kms), Nearby Public Transport Service, Other Nearby Places","Maintenance Staff, Security Staff, Pets Allowed, Other Facilities",,,
https://www.zameen.com/Property/gulberg_greens_gulberg_greens_-_block_a_gulberg_green_islamabad_flat_gulberg_heights-53118523-8313-1.html,Flat,PKR1.45 Crore,1,6.1 Marla,For Sale,1,14 hours ago,"Gulberg, Islamabad, Islamabad Capital","ROYAL DOME LUXURY FURNISHED ONE BED APARTMENT FOR SALE IN GULBERG HEIGHTS ISLAMABAD Prime Investment Opportunity in Gulberg Heights Exclusive 1-Bed Dome Apartment with High-Yield Rental Income Presenting a rare and exceptional investment opportunity in the highly sought-after Gulberg Heights. This stunning 1-bedroom Dome Apartment on the 5th floor offers a perfect blend of luxury, high rental returns, and prime capital appreciation. Property Overview: Location: Gulberg Heights, 5th Floor Type: 1-Bed Dome Apartment Size: A spacious 1300 Sq. Ft. Current Rental Income: PKR 150,000/- per month (Already Occupied & Tenanted) Key Highlights: Unbeatable Rental Yield: Enjoy immediate returns with the apartment already tenanted at a high rental of PKR 150,000 per month, ensuring a hassle-free income from day one. Brand New Luxury Furniture: The apartment is impeccably furnished with brand new, high-end luxury furniture, making it move-in ready for the most discerning tenants and justifying its premium rental value. Spacious & Elite Living: Experience expansive 1300 sq. ft. living space, a hallmark of the exclusive Dome apartments, offering a grandeur unmatched by standard units. Prime Investment for Secure Future: This is not just a property purchase; it's a strategic investment in one of Islamabad's most prestigious addresses, promising significant long-term capital growth alongside stellar rental income. Ideal For: Astute investors seeking a high-return, low-hassle investment. Individuals looking to park capital in a secure, appreciating real estate asset. Those wanting a premium property with a guaranteed tenant already in place. This turnkey opportunity combines a premium asset with instant cash flow. The numbers speak for themselves, making it one of the best investment deals currently available in the market. Dont miss out on this chance to own a luxury asset with a proven rental track record. Contact us today to schedule a viewing and secure this high-yield","Built in year: 2024, Parking Spaces: 2, Lobby in Building, Double Glazed Windows, Central Air Conditioning, Central Heating, Flooring, Electricity Backup, Waste Disposal, Floor: 5, Floors in Building: 14, Elevators: 6, Service Elevators in Building, Other Main Features, Furnished","Bedrooms: 1, Bathrooms: 1, Servant Quarters, Drawing Room, Dining Room, Kitchens: 1, Study Room, Prayer Room, Powder Room, Gym, Store Rooms: 1, Steam Room, Lounge or Sitting Room, Laundry Room, Other Rooms","Broadband Internet Access, Satellite or Cable TV Ready, Business Center or Media Room in Building, Conference Room in Building, Intercom, ATM Machines, Other Business and Communication Facilities","Community Lawn or Garden, Community Swimming Pool, Community Gym, First Aid or Medical Centre, Day Care Centre, Kids Play Area, Barbeque Area, Mosque, Community Centre, Other Community Facilities","Sauna, Jacuzzi, Other Healthcare and Recreation Facilities","Nearby Schools, Nearby Hospitals, Nearby Shopping Malls, Nearby Restaurants, Distance From Airport (kms), Nearby Public Transport Service, Other Nearby Places","Maintenance Staff, Security Staff, Laundry or Dry Cleaning Facility, Communal/Shared Kitchen, Facilities for Disabled, Pets Allowed, Other Facilities",,,
https://www.zameen.com/Property/islamabad_khanna_pul_house_for_sale_in_islamabad_in_very_reasonable_price-53274992-9020-1.html,House,PKR70 Lakh,3,5 Marla,For Sale,3,1 week ago,"Khanna Pul, Islamabad, Islamabad Capital","Beautiful fresh house for sale in burma town near rehman enclave Khanna pul islamabad 3 Beds room With attach wash rooms Drawing Room, 1 kithcen Total Marble, Selling and Tiles Rent value : 30 thoushand Just 1 Mint walk from Main road 5 Mint Walk From Rawal Genral Hospital 5 Mint Distance From Blue area , Faizabad, zero point. Gas, Water, and Electricity facilities are available Very peaceful and Secure Area for living","Built in year: 2025, Central Air Conditioning, Electricity Backup, Waste Disposal",,"Broadband Internet Access, Satellite or Cable TV Ready, Intercom","Community Lawn or Garden, Community Swimming Pool, Community Gym, First Aid or Medical Centre, Day Care Centre, Kids Play Area, Barbeque Area, Mosque, Community Centre","Lawn or Garden, Swimming Pool, Sauna, Jacuzzi","Nearby Schools, Nearby Hospitals, Nearby Shopping Malls, Nearby Restaurants, Distance From Airport (kms), Nearby Public Transport Service, Other Nearby Places","Maintenance Staff, Security Staff, Facilities for Disabled",,,
https://www.zameen.com/Property/islamabad_khanna_pul_house_for_sale_in_islamabad-53306461-9020-1.html,House,PKR90 Lakh,3,5 Marla,For Sale,3,1 week ago,"Khanna Pul, Islamabad, Islamabad Capital","Beautiful fresh house for sale in madina town sanam chowak near rehman enclave Khanna pul islamabad 3 Beds room With attach wash rooms Drawing Room, 1 kithcen Total Marble, Selling and Tiles Rent value : 30 thoushand Just 1 Mint walk from Main road 5 Mint Walk From Rawal Genral Hospital 5 Mint Distance From Blue area , Faizabad, zero point. Gas, Water, and Electricity facilities are available Very peaceful and Secure Area for living",,,"Broadband Internet Access, Intercom","Community Lawn or Garden, Community Swimming Pool, Community Gym, First Aid or Medical Centre, Day Care Centre, Kids Play Area, Barbeque Area, Mosque, Community Centre",,"Nearby Schools, Nearby Hospitals, Nearby Shopping Malls, Nearby Restaurants, Distance From Airport (kms), Nearby Public Transport Service, Other Nearby Places","Security Staff, Other Facilities",,,
https://www.zameen.com/Property/islamabad_khanna_pul_house_for_sale_in_islamabad-44608581-9020-1.html,House,PKR60 Lakh,3,3 Marla,For Sale,3,1 week ago,"Khanna Pul, Islamabad, Islamabad Capital","Beautiful and Fresh Commercial House for sale in Madina Town sanam chowak khanna pul Islamabad 2 Beds room With attach wash rooms One shop and kitchen Total Marble, Selling and Tiles Rent value : 24 thoushand Just 1 Mint walk from Main road 5 Mint Walk From Rawal Genral Hospital 5 Mint Distance From Khanna Pul Islamabad Gas Water Electricity facilities are available Very peaceful and Secure Area for living","Built in year: 2023, Parking Spaces: 2, Double Glazed Windows, Central Air Conditioning, Central Heating, Flooring, Electricity Backup, Waste Disposal, Floors: 2, Other Main Features, Furnished","Bedrooms: 5, Bathrooms: 6, Servant Quarters: 1, Drawing Room, Dining Room, Kitchens: 2, Study Room, Prayer Room, Powder Room, Gym, Store Rooms: 1, Steam Room, Lounge or Sitting Room, Laundry Room, Other Rooms","Broadband Internet Access, Satellite or Cable TV Ready, Intercom, Other Business and Communication Facilities","Community Lawn or Garden, Community Swimming Pool, Community Gym, First Aid or Medical Centre, Day Care Centre, Kids Play Area, Barbeque Area, Mosque, Community Centre, Other Community Facilities","Lawn or Garden, Swimming Pool, Sauna, Jacuzzi, Other Healthcare and Recreation Facilities","Nearby Schools, Nearby Hospitals, Nearby Shopping Malls, Nearby Restaurants, Distance From Airport (kms), Nearby Public Transport Service, Other Nearby Places","Maintenance Staff, Security Staff, Facilities for Disabled, Other Facilities",,,
https://www.zameen.com/Property/islamabad_khanna_pul_double_storey_house_for_sale_in_islamabad-49445134-9020-1.html,House,PKR60 Lakh,4,2.7 Marla,For Sale,4,1 week ago,"Khanna Pul, Islamabad, Islamabad Capital","Double story House for sale in Madina Town sanam chowak khanna pul islamabad 2 Bed rooms With attach wash rooms, Tv Loung , Car porch (Ground floor) 2 Beds room With attach wash rooms, Tv lounge (First Floor) Rent value : 40 thoushand Just 1 Mint walk from Main road 5 Mint Walk From Rawal Genral Hospital 5 Mint Distance From Khanna Pul Islamabad Gas Water Electricity facilities are available Very peaceful and Secure Area for living","Built in year: 2020, Parking Spaces: 5, Double Glazed Windows, Central Air Conditioning, Central Heating, Flooring, Electricity Backup, Waste Disposal, Floors: 2, Other Main Features, Furnished","Bedrooms: 8, Bathrooms: 8, Servant Quarters: 3, Drawing Room, Dining Room, Kitchens: 2, Study Room, Prayer Room, Powder Room, Gym, Store Rooms: 1, Steam Room, Lounge or Sitting Room, Laundry Room, Other Rooms","Broadband Internet Access, Satellite or Cable TV Ready, Intercom, Other Business and Communication Facilities","Community Lawn or Garden, Community Swimming Pool, Community Gym, First Aid or Medical Centre, Day Care Centre, Kids Play Area, Barbeque Area, Mosque, Community Centre, Other Community Facilities","Lawn or Garden, Swimming Pool, Sauna, Jacuzzi, Other Healthcare and Recreation Facilities","Nearby Schools, Nearby Hospitals, Nearby Shopping Malls, Nearby Restaurants, Distance From Airport (kms), Nearby Public Transport Service, Other Nearby Places","Maintenance Staff, Security Staff, Facilities for Disabled, Other Facilities",,,
https://www.zameen.com/Property/islamabad_khanna_pul_house_for_sale_in_islamabad-52381879-9020-1.html,House,PKR70 Lakh,3,4 Marla,For Sale,3,1 week ago,"Khanna Pul, Islamabad, Islamabad Capital","Beautiful fresh house for sale in burma town near rehman enclave Khanna pul islamabad 3 Beds room With attach wash rooms Drawing Room, 1 kithcen Total Marble, Selling and Tiles Rent value : 30 thoushand Just 1 Mint walk from Main road 5 Mint Walk From Rawal Genral Hospital 5 Mint Distance From Blue area , Faizabad, zero point. Gas, Water, and Electricity facilities are available Very peaceful and Secure Area for living",,,,,,"Nearby Schools, Nearby Hospitals, Nearby Shopping Malls, Nearby Restaurants, Distance From Airport (kms), Nearby Public Transport Service, Other Nearby Places","Security Staff, Other Facilities",,,
https://www.zameen.com/Property/f_6_f-6_2_a_liveable_house_1200_sqyrds_margla_facing_f-6_2_available_for_sale-53350634-3300-1.html,House,PKR48 Crore,6,2.4 Kanal,For Sale,4,2 weeks ago,"F-6, Islamabad, Islamabad Capital","Details: 1. Size 60 x 180 : 1200 sqyrds. 2. Margla Facing. 3. Dead End street. 4. Convienient approach from School Road and Margla Road. 5. Accomodatuon; it's is a liveable house of 4 bed rooms, kitchen, lounge, D+D, terrace, drive way, lounge, Marble floorings, solid wood doors. 6. Single owner. 7. CDA transfer. 8. possession Available. 9. price 48.",,,,,,"Nearby Schools, Nearby Hospitals, Nearby Shopping Malls, Nearby Restaurants, Distance From Airport (kms), Nearby Public Transport Service, Other Nearby Places","Security Staff, Other Facilities",,,
