Scraped_URL,Type,Price,Bath(s),Area,Purpose,Bedroom(s),Added,Location,Description,Amenities: Main Features,Amenities: Rooms,Amenities: Business and Communication,Amenities: Community Features,Amenities: Healthcare Recreational,Amenities: Nearby Locations and Other Facilities,Amenities: Other Facilities,Initial Amount,Monthly Installment,Remaining Installments
https://www.zameen.com/Property/d_12_d-12_3_corner_22_marla_house_in_d-12_of_islamabad_is_available_for_sale-53344722-3156-1.html,House,PKR32 Crore,6,1.1 Kanal,For Sale,7,2 days ago,"D-12, Islamabad, Islamabad Capital","Corner Park-Facing House for Sale D-12/3, Islamabad Property Details: Size: 22 Marla (Corner with Extra Land) Location: Ideal location directly in front of the park, with easy access via Iran Avenue View: Beautiful Margalla Hills view Features: 7 Spacious Bedrooms with Attached Baths 3 Modern Kitchens Drawing & Dining Rooms Comfortable TV Lounge 1 Store Room 2 Servant Quarters with Bath & Kitchen Huge Green Lawn perfect for outdoor gatherings Corner + Park Facing for maximum light and ventilation Additional Highlights: Solar Panel Installed Energy-efficient & cost-saving Security Cameras Installed Ensuring peace of mind Margalla Facing Enjoy serene views & fresh air Ideal for family living or a secure investment opportunity Prime Location: Peaceful neighborhood in D-12/3 Islamabad In front of park Easy access from main Iran Avenue For More Details & Viewing:","Parking Spaces: 3, Double Glazed Windows, Flooring, Electricity Backup, Waste Disposal, Other Main Features","Bedrooms: 7, Bathrooms: 9, Servant Quarters: 2, Drawing Room, Dining Room, Kitchens: 3, Powder Room, Store Rooms: 1, Lounge or Sitting Room, Other Rooms","Broadband Internet Access, Satellite or Cable TV Ready, Other Business and Communication Facilities","Community Lawn or Garden, Community Swimming Pool, Community Gym, First Aid or Medical Centre, Day Care Centre, Kids Play Area, Barbeque Area, Mosque, Community Centre, Other Community Facilities",Other Healthcare and Recreation Facilities,"Nearby Schools, Nearby Hospitals, Nearby Shopping Malls, Nearby Restaurants, Distance From Airport (kms), Nearby Public Transport Service, Other Nearby Places",,,,
https://www.zameen.com/Property/islamabad_chak_shahzad_an_excellet_palacial_farm_house_23_kanals_next_to_mushraf_farm_chakshazad_available_for_sale-53327721-158-1.html,Farm House,PKR1.1 Arab,7,23 Kanal,For Sale,7,6 days ago,"Chak Shahzad, Islamabad, Islamabad Capital","AN EXCELLET PALACIAL FARM HOUSE/ 23 KANALS/ NEXT TO MUSHRAF FARM/ CHAKSHAZAD/ AVAILABLE FOR SALE. Details: 1. Size 180 x 660 approx. 2. Magnificent house having 7 master bed rooms, indoor and out door spacious pools, Gym, King size study room with solid wood wall decor and ceilings, kitchen, Lounge, D+D, terraces all around, solid wooden, doors, staircase cases, stair steps, wooden ceiling, 50 KVA Generator, solar system of 40 KVA, open lower ground floor, designed to provide sunshine and ventilation, Huge lake with a lot of fish inside, Gazebo inside the lake having connect with bridge, BBQ and party hall at the back side, rain water harvesting system, four water boors, water well, own masjid, separate office buildin having two rooms and attached wash rooms. Lounge, guard room, livestock shed. Hundreds of fully mature fruit trees and tall trees hedge all around the boundary wall. It's a world of its own. 3. Separate rooms with attached wash rooms for drivers. 4. A separate compound for staff for two families. 5. Covered parking for 4 SUVs. 6. Covered area approx. 17000 sqrft. 7. Single owner. 8. Cda transfer. 9. Possession available. Please coorodinate for further details.","Built in year: 6, Parking Spaces, Double Glazed Windows, Central Air Conditioning, Central Heating, Flooring, Electricity Backup, Waste Disposal, Other Main Features, Furnished","Bedrooms: 4, Bathrooms: 6, Servant Quarters, Drawing Room, Dining Room, Kitchens, Study Room, Prayer Room, Powder Room, Gym, Store Rooms, Steam Room, Lounge or Sitting Room, Laundry Room, Other Rooms","Broadband Internet Access, Satellite or Cable TV Ready, Intercom, Other Business and Communication Facilities","Community Lawn or Garden, Community Swimming Pool, Community Gym, First Aid or Medical Centre, Day Care Centre, Kids Play Area, Barbeque Area, Mosque, Community Centre, Other Community Facilities","Lawn or Garden, Swimming Pool, Sauna, Jacuzzi, Other Healthcare and Recreation Facilities","Nearby Schools, Nearby Hospitals, Nearby Shopping Malls, Nearby Restaurants, Distance From Airport (kms), Nearby Public Transport Service, Other Nearby Places","Maintenance Staff, Security Staff, Facilities for Disabled, Other Facilities",,,
https://www.zameen.com/Property/top_city_1_top_city_1_-_block_a_prime_location_house_spread_over_10_marla_in_top_city_1_-_block_a_available-52947200-9231-1.html,House,PKR4.4 Crore,5,10 Marla,For Sale,5,1 week ago,"Top City 1, Islamabad, Islamabad Capital","The property of 10 Marla is an ideal option in Top City 1 - Block A. If you're looking for a House for your family, we have the best property options to show you. Get your ideal House on a special price of Rs. 44000000. Looking to buy property? We have the best options for you. Looking for real estate options in Islamabad? We are here to suggest the most excellent neighbourhoods. Top City 1 - Block A is undeniably the best location you can own a house in. You can find out more about the property below. The premises is well-guarded with an active and vigilant security services staff that is available seven days a week. To bring a touch of nature to the surroundings, the House also has a community lawn nearby. During winters, central heating in the House is an essential feature and one which you can get with the property. A well-equipped powder room is one of the most convenient features of the property. 24/7 waste disposal services ensures the society looks and feels clean. Differently-abled people will find this House easy to navigate, as it is developed to incorporate their needs. Now you can decorate your sitting room any way you like with the one in this House. We really suggest you contact us, and we will break down all the details of this property for you.","Built in year: 1, Parking Spaces: 1, Double Glazed Windows, Central Air Conditioning, Central Heating, Flooring, Electricity Backup, Waste Disposal, Furnished","Bedrooms: 4, Bathrooms: 5, Servant Quarters, Drawing Room, Dining Room, Kitchens: 2, Study Room, Prayer Room, Powder Room, Gym, Store Rooms, Steam Room, Lounge or Sitting Room, Laundry Room","Broadband Internet Access, Satellite or Cable TV Ready, Intercom","Community Lawn or Garden, Community Swimming Pool, Community Gym, First Aid or Medical Centre, Day Care Centre, Kids Play Area, Barbeque Area, Mosque, Community Centre","Sauna, Jacuzzi","Nearby Schools, Nearby Hospitals, Nearby Shopping Malls, Nearby Restaurants, Distance From Airport (kms), Nearby Public Transport Service, Other Nearby Places","Maintenance Staff, Security Staff, Facilities for Disabled, Other Facilities",,,
https://www.zameen.com/Property/islamabad_mumtaz_city_double_road_10_marla_house_at_prime_location-53010755-3464-1.html,House,PKR4.38 Crore,7,10 Marla,For Sale,5,3 weeks ago,"Mumtaz City, Islamabad, Islamabad Capital",DOUBLE ROAD 10 MARLA HOUSE AVAILABLE HIGHTED Prime Location Plot For Sale In MUMTAZ CITY Rs. 43800000 Only,"Built in year: 2025, Parking Spaces: 2, Double Glazed Windows, Flooring, Electricity Backup, Waste Disposal, Floors: 2","Bedrooms: 6, Bathrooms: 6, Servant Quarters, Drawing Room, Dining Room, Kitchens: 2, Store Rooms, Lounge or Sitting Room, Laundry Room",Broadband Internet Access,"Community Lawn or Garden, Community Swimming Pool, Community Gym, First Aid or Medical Centre, Kids Play Area, Mosque, Community Centre",Lawn or Garden,"Nearby Schools, Nearby Hospitals, Nearby Shopping Malls, Nearby Restaurants, Distance From Airport (kms), Nearby Public Transport Service, Other Nearby Places",Security Staff,,,
https://www.zameen.com/Property/dha_defence_dha_defence_phase_2_dha_phase_2_islamabad_1_kanal_single_unit_designer_house_available_for_sale-52609443-339-1.html,House,PKR11.5 Crore,6,1 Kanal,For Sale,5,1 week ago,"DHA Defence, Islamabad, Islamabad Capital",Dha Phase 2 Ialamabad 1 Kanal single Unit House 5 Bedroom Drawing Dining Tv Lounge Kitchen Store Servant Quarter Sollar Installed,"Built in year: 2025, Parking Spaces: 3, Double Glazed Windows, Central Air Conditioning, Central Heating, Flooring, Electricity Backup, Waste Disposal, Floors: 2, Other Main Features","Bedrooms: 5, Bathrooms: 6, Servant Quarters: 2, Drawing Room, Dining Room, Kitchens: 2, Study Room, Prayer Room, Powder Room, Gym, Store Rooms: 1, Steam Room, Lounge or Sitting Room, Laundry Room, Other Rooms","Broadband Internet Access, Satellite or Cable TV Ready, Intercom, Other Business and Communication Facilities","Community Lawn or Garden, Community Swimming Pool, Community Gym, First Aid or Medical Centre, Day Care Centre, Kids Play Area, Barbeque Area, Mosque, Community Centre, Other Community Facilities","Lawn or Garden, Swimming Pool, Sauna, Jacuzzi, Other Healthcare and Recreation Facilities","Nearby Schools, Nearby Hospitals, Nearby Shopping Malls, Nearby Restaurants, Distance From Airport (kms), Nearby Public Transport Service, Other Nearby Places","Maintenance Staff, Security Staff, Facilities for Disabled, Other Facilities",,,
https://www.zameen.com/Property/dha_defence_phase_3_dha_phase_3_-_block_b_get_your_one_kanal_house_in_prime_location_of_dha_islamabad-53347232-16227-1.html,House,PKR6.25 Crore,6,1 Kanal,For Sale,5,4 weeks ago,"DHA Defence, Islamabad, Islamabad Capital","Get a 1 kanal house built with us today in DHA Phase 3 for only 6.25 Crore and DHA Phase 2 for only 7.95 Crore , including the plot and all taxes. It includes: 5 bedrooms with attached washrooms Drawing and dining rooms TV lounge Kitchen Servant room Lawn Space for 3 car parking","Built in year: 2025, Parking Spaces: 3, Double Glazed Windows, Central Air Conditioning, Central Heating, Flooring, Electricity Backup, Waste Disposal, Floors: 2, Other Main Features, Furnished","Bedrooms: 5, Bathrooms: 6, Servant Quarters: 2, Drawing Room, Dining Room, Kitchens: 1, Study Room, Prayer Room, Powder Room, Gym, Store Rooms: 1, Steam Room, Lounge or Sitting Room, Laundry Room","Broadband Internet Access, Satellite or Cable TV Ready, Intercom, Other Business and Communication Facilities","Community Lawn or Garden, Community Swimming Pool, Community Gym, First Aid or Medical Centre, Day Care Centre, Kids Play Area, Barbeque Area, Mosque, Community Centre, Other Community Facilities","Lawn or Garden, Swimming Pool, Sauna, Jacuzzi, Other Healthcare and Recreation Facilities","Nearby Schools, Nearby Hospitals, Nearby Shopping Malls, Nearby Restaurants, Distance From Airport (kms), Nearby Public Transport Service, Other Nearby Places","Maintenance Staff, Security Staff, Facilities for Disabled",,,
https://www.zameen.com/Property/bahria_enclave_bahria_enclave_-_sector_h_5_marla_house_for_sale-53347645-11983-1.html,House,PKR2.2 Crore,4,5 Marla,For Sale,3,3 weeks ago,"Bahria Town, Islamabad, Islamabad Capital",Urgent Sale Monthly Rent 70000 Per Month Sector H 5 Marla House Boulevard Category Used House But Well Maintain Reasonable Rate,"Built in year: 2022, Parking Spaces, Double Glazed Windows, Central Air Conditioning, Central Heating, Flooring, Electricity Backup, Waste Disposal, Floors: 2, Other Main Features, Furnished","Bedrooms: 2, Bathrooms: 2, Servant Quarters, Drawing Room, Dining Room, Kitchens: 1, Study Room, Prayer Room, Powder Room, Gym, Store Rooms: 1, Steam Room, Lounge or Sitting Room, Laundry Room, Other Rooms","Broadband Internet Access, Satellite or Cable TV Ready, Intercom, Other Business and Communication Facilities","Community Lawn or Garden, Community Swimming Pool, Community Gym, First Aid or Medical Centre, Day Care Centre, Kids Play Area, Barbeque Area, Mosque, Community Centre, Other Community Facilities","Lawn or Garden, Swimming Pool, Sauna, Jacuzzi, Other Healthcare and Recreation Facilities","Nearby Schools, Nearby Hospitals, Nearby Shopping Malls, Nearby Restaurants, Distance From Airport (kms), Nearby Public Transport Service, Other Nearby Places","Maintenance Staff, Security Staff, Facilities for Disabled, Other Facilities",,,
https://www.zameen.com/Property/islamabad_d-12_8_marla_brand_new_house_available_for_sale_d-12-53183014-160-1.html,House,PKR8 Crore,6,8 Marla,For Sale,5,1 week ago,"D-12, Islamabad, Islamabad Capital",Brand New Designer House Available for Sale D-12 Accommodation Ground Floor 2 bedroom Attached washroom Drawing room T. v lounge Kitchen Car parking 1st Floor 3 bedroom with attached washroom T. v lounge Kitchen Top floor one bedroom with attached washroom And big roof Best view margalla hills Real picture attached Transperat deal Direct with owner For more details Contact Us,"Built in year: 2025, Parking Spaces: 2, Double Glazed Windows, Flooring, Electricity Backup, Waste Disposal, Floors: 2, Other Main Features",,"Broadband Internet Access, Satellite or Cable TV Ready, Other Business and Communication Facilities","Community Lawn or Garden, Community Swimming Pool, Community Gym, First Aid or Medical Centre, Day Care Centre, Kids Play Area, Barbeque Area, Mosque, Community Centre, Other Community Facilities",,"Nearby Schools, Nearby Hospitals, Nearby Shopping Malls, Nearby Restaurants, Distance From Airport (kms), Nearby Public Transport Service, Other Nearby Places","Maintenance Staff, Security Staff, Other Facilities",,,
https://www.zameen.com/Property/islamabad_e-11_e11_one_bedroom_unfurnished_apartment_available_for_sale-52537365-329-1.html,Flat,PKR1.2 Crore,1,3.8 Marla,For Sale,1,4 weeks ago,"E-11, Islamabad, Islamabad Capital",1 Master Bedroom Attached Washroom Open Kitchen Belcony Available T. V Lounge Unground Car Parking Double Elevator Available 24/7 Security System Contact Us For More Details,"Built in year: 5, Parking Spaces: 1, Double Glazed Windows, Central Air Conditioning, Central Heating, Flooring, Electricity Backup, Waste Disposal, Floor: 1, Floors in Building: 9, Elevators: 2, Other Main Features, Furnished","Bedrooms: 1, Bathrooms: 1, Servant Quarters: 2, Drawing Room, Dining Room, Kitchens: 1, Study Room, Prayer Room, Powder Room, Gym, Store Rooms: 1, Steam Room, Lounge or Sitting Room, Laundry Room, Other Rooms","Broadband Internet Access, Satellite or Cable TV Ready, Intercom, Other Business and Communication Facilities","Community Lawn or Garden, Community Swimming Pool, Community Gym, First Aid or Medical Centre, Day Care Centre, Kids Play Area, Barbeque Area, Mosque, Community Centre, Other Community Facilities","Sauna, Jacuzzi, Other Healthcare and Recreation Facilities","Nearby Schools, Nearby Hospitals, Nearby Shopping Malls, Nearby Restaurants, Distance From Airport (kms), Nearby Public Transport Service, Other Nearby Places","Maintenance Staff, Security Staff, Facilities for Disabled, Other Facilities",,,
https://www.zameen.com/Property/islamabad_e-11_e11_luxury_3_bedroom_furnished_apartment_for_sale-53208247-329-1.html,Flat,PKR2.25 Crore,3,7.6 Marla,For Sale,3,4 weeks ago,"E-11, Islamabad, Islamabad Capital",E11 3 Bedroom Luxury Apartment For Sale In the Heart of Islamabad That Include 3 Bedroom Attach Bathroom Tv Lounge Italian Style Open Kitchen and Hudge Balcony Margala Facing Proper Family Building Double Elevator Double Basement Car parking Proper Security System Best Opportunity For investment and Rental Income,"Built in year: 4, Parking Spaces: 1, Lobby in Building, Central Air Conditioning, Central Heating, Flooring, Electricity Backup, Waste Disposal, Floor: 12, Floors in Building: 15, Elevators: 2, Service Elevators in Building, Furnished","Bedrooms: 3, Bathrooms: 3, Drawing Room, Dining Room, Kitchens: 1, Lounge or Sitting Room",,,Sauna,"Nearby Schools, Nearby Hospitals, Nearby Shopping Malls, Nearby Restaurants, Distance From Airport (kms)","Maintenance Staff, Security Staff, Laundry or Dry Cleaning Facility",,,
https://www.zameen.com/Property/dha_defence_dha_defence_phase_2_fully_furnished_corner_1_kanal_house_available_for_sale-52823044-339-1.html,House,PKR9.95 Crore,6,1 Kanal,For Sale,5,2 days ago,"DHA Defence, Islamabad, Islamabad Capital","Corner Fully Furnished Spanish-Style 5-Bedroom House for Sale DHA Phase 2, Islamabad Experience the charm of Spanish architecture blended with modern luxury in this beautifully designed corner house, located in the prime and peaceful sector of DHA Phase 2, Islamabad. This fully furnished masterpiece is ideal for families looking for elegance, comfort, and functionality. Property Features: Location: DHA Phase 2 Prime corner plot 5 Spacious Bedrooms with attached designer bathrooms Elegant Drawing & Dining Room 2 Modern TV Lounges with comfortable seating Stylish Fully-Equipped Kitchen with imported fittings Luxury Bathrooms with Spanish-style tile work and fittings Landscaped Lawn and outdoor sitting area Wide Windows for natural light and ventilation Solid Woodwork & High-Quality Finishes Spanish Elevation with beautiful front faade Fully Furnished with tasteful, high-end furniture Servant Quarter with separate entrance Spacious Car Parking (2-3 cars) Additional Highlights: Corner plot ensures more natural light and openness Peaceful and secure environment of DHA Phase 2 Close to commercial areas, schools, and mosques Ideal for both residence and rental investment Contact Al Arz Investments","Built in year: 2025, Parking Spaces: 5, Double Glazed Windows, Central Air Conditioning, Central Heating, Flooring, Electricity Backup, Waste Disposal, Floors: 2, Other Main Features, Furnished","Bedrooms: 5, Bathrooms: 6, Servant Quarters: 1, Drawing Room, Dining Room, Kitchens: 2, Study Room, Prayer Room, Powder Room, Store Rooms: 1, Steam Room, Lounge or Sitting Room, Laundry Room, Other Rooms","Broadband Internet Access, Satellite or Cable TV Ready, Intercom, Other Business and Communication Facilities","Community Lawn or Garden, Community Swimming Pool, Community Gym, First Aid or Medical Centre, Day Care Centre, Kids Play Area, Barbeque Area, Mosque, Community Centre, Other Community Facilities","Lawn or Garden, Swimming Pool, Sauna, Jacuzzi, Other Healthcare and Recreation Facilities","Nearby Schools, Nearby Hospitals, Nearby Shopping Malls, Nearby Restaurants, Distance From Airport (kms), Nearby Public Transport Service, Other Nearby Places","Maintenance Staff, Security Staff, Facilities for Disabled, Other Facilities",,,
https://www.zameen.com/Property/dha_defence_dha_defence_phase_2_luxury_6-bedroom_house_for_sale_in_dha_phase_2_ideal_for_comfortable_family_living-52823190-339-1.html,House,PKR10.9 Crore,6,1 Kanal,For Sale,6,5 days ago,"DHA Defence, Islamabad, Islamabad Capital","Presenting a high-quality, beautifully designed 6-bedroom house located in the prestigious DHA Phase 2 Islamabad a perfect blend of elegance, practicality, and modern comfort. Key Features: 6 Spacious Bedrooms with attached modern bathrooms 2 Fully Functional Kitchens Ideal for large families or dual-family setup Main kitchen with elegant cabinetry and latest appliances Secondary kitchen (dirty kitchen or service kitchen) for daily cooking Grand TV Lounge & Drawing/Dining Room Solid Construction with top-quality materials and elegant finishing Excellent Natural Light & Ventilation throughout the house Stylish Bathrooms with imported fittings Spacious Car Porch Easily fits 2 to 3 vehicles Lawn/Garden Area for outdoor relaxation Servant Quarter, store room, and laundry space included 24/7 Security and access to DHAs premium facilities Location Highlights: Situated in a prime street of DHA Phase 2 close to schools, parks, commercial areas, and main GT Road Peaceful, family-friendly environment with all utilities and infrastructure in place Why This House? This home is not only luxurious but practically designed for a comfortable lifestyle. The dual kitchens make it ideal for large or joint families, while the spacious layout ensures privacy and convenience. A perfect option for both residential living or as a rental investment.","Built in year: 2025, Parking Spaces: 3, Double Glazed Windows, Central Air Conditioning, Central Heating, Flooring, Electricity Backup, Waste Disposal, Floors: 2, Other Main Features, Furnished","Bedrooms: 6, Bathrooms: 7, Servant Quarters: 2, Drawing Room, Dining Room, Kitchens: 2, Study Room, Prayer Room, Powder Room, Store Rooms: 2, Steam Room, Lounge or Sitting Room, Laundry Room, Other Rooms","Broadband Internet Access, Satellite or Cable TV Ready, Intercom, Other Business and Communication Facilities","Community Lawn or Garden, Community Swimming Pool, Community Gym, First Aid or Medical Centre, Day Care Centre, Kids Play Area, Barbeque Area, Mosque, Community Centre, Other Community Facilities","Lawn or Garden, Swimming Pool, Sauna, Other Healthcare and Recreation Facilities","Nearby Schools, Nearby Hospitals, Nearby Shopping Malls, Nearby Restaurants, Distance From Airport (kms), Nearby Public Transport Service, Other Nearby Places","Maintenance Staff, Security Staff, Facilities for Disabled, Other Facilities",,,
https://www.zameen.com/Property/dha_defence_dha_defence_phase_2_1_kanal_brand_new_beautiful_single_unit_house-53041848-339-1.html,House,PKR13.75 Crore,6,1 Kanal,For Sale,7,5 days ago,"DHA Defence, Islamabad, Islamabad Capital",*property Details* - Area - DHA-2 ISLAMABAD - Property Size - 1 kanal (90 50) - Location - Sec E - Near By - Near to gate 7 - 5 mint drive to expressway islamabad - House Highlights - double Unit house *House Details* - (07)bedrooms with attached washrooms - Drawing & Dinning area - Powder Room - Tv Lounge - Kitchen (2 ) - Servant Quarter (2 ) *PRICE 13.75CRORE,"Built in year: 2025, Parking Spaces: 3, Double Glazed Windows, Central Air Conditioning, Central Heating, Flooring, Electricity Backup, Waste Disposal, Floors: 2, Other Main Features, Furnished","Bedrooms: 5, Bathrooms: 6, Servant Quarters: 2, Drawing Room, Dining Room, Kitchens: 2, Study Room, Prayer Room, Powder Room, Gym, Store Rooms: 2, Steam Room, Lounge or Sitting Room, Laundry Room, Other Rooms","Broadband Internet Access, Satellite or Cable TV Ready, Intercom, Other Business and Communication Facilities","Community Lawn or Garden, Community Swimming Pool, Community Gym, First Aid or Medical Centre, Day Care Centre, Kids Play Area, Barbeque Area, Mosque, Community Centre, Other Community Facilities","Lawn or Garden, Swimming Pool, Sauna, Jacuzzi, Other Healthcare and Recreation Facilities","Nearby Schools, Nearby Hospitals, Nearby Shopping Malls, Nearby Restaurants, Distance From Airport (kms), Nearby Public Transport Service, Other Nearby Places","Maintenance Staff, Security Staff, Facilities for Disabled, Other Facilities",,,
https://www.zameen.com/Property/dha_defence_dha_defence_phase_2_1_kanal_brand_new_beautiful_solid_constructed_house_for_sale-52727498-339-1.html,House,PKR10 Crore,6,1 Kanal,For Sale,6,5 days ago,"DHA Defence, Islamabad, Islamabad Capital","Dha2 One kanal brand new beautiful Double unit House near jacranda family club 6 bed rooms with attach bath, 2 kitchens, Drawing rooms, Tv lounge, big car porch at least 3 car parking spacse 2 servant quarter etc Demand 10crore (negotiable) Direct deal with the owner","Built in year: 2024, Parking Spaces: 2, Double Glazed Windows, Central Air Conditioning, Central Heating, Flooring, Electricity Backup, Waste Disposal, Floors: 2, Other Main Features","Bedrooms: 6, Bathrooms: 7, Servant Quarters: 2, Drawing Room, Dining Room, Kitchens: 2, Study Room, Prayer Room, Powder Room, Gym, Store Rooms: 2, Steam Room, Lounge or Sitting Room, Laundry Room","Broadband Internet Access, Satellite or Cable TV Ready, Intercom","Community Lawn or Garden, Community Swimming Pool, Community Gym, First Aid or Medical Centre, Day Care Centre, Kids Play Area, Barbeque Area, Mosque, Community Centre","Lawn or Garden, Swimming Pool, Sauna, Jacuzzi","Nearby Schools, Nearby Hospitals, Nearby Shopping Malls, Nearby Restaurants, Distance From Airport (kms), Nearby Public Transport Service, Other Nearby Places","Maintenance Staff, Security Staff, Facilities for Disabled, Other Facilities",,,
https://www.zameen.com/Property/dha_defence_dha_defence_phase_2_1_kanal_ultra_luxurious_designer_house_for_sale_on_70_feet_wide_road-52410823-339-1.html,House,PKR13.9 Crore,6,1 Kanal,For Sale,5,3 days ago,"DHA Defence, Islamabad, Islamabad Capital",*property Details* - Area - DHA-2 ISLAMABAD - Property Size - 1 kanal (90 50) - Location - Sec G - Near By - Near to gate 7 - 5 mint drive to expressway islamabad - House Highlights - Single Unit house *House Details* - (05)bedrooms with attached washrooms - Drawing & Dinning area - Powder Room - Tv Lounge - Kitchen (1 ) - Servant Quarter (2 ) *PRICE 13.90 CRORE*,"Built in year: 2025, Parking Spaces: 3, Double Glazed Windows, Central Air Conditioning, Central Heating, Flooring, Electricity Backup, Waste Disposal, Floors: 2, Other Main Features, Furnished","Bedrooms: 5, Bathrooms: 6, Servant Quarters: 2, Drawing Room, Dining Room, Kitchens: 1, Study Room, Prayer Room, Powder Room, Gym, Store Rooms: 1, Steam Room, Lounge or Sitting Room, Laundry Room, Other Rooms","Broadband Internet Access, Satellite or Cable TV Ready, Intercom, Other Business and Communication Facilities","Community Lawn or Garden, Community Swimming Pool, Community Gym, First Aid or Medical Centre, Day Care Centre, Kids Play Area, Barbeque Area, Mosque, Community Centre, Other Community Facilities","Lawn or Garden, Swimming Pool, Sauna, Jacuzzi, Other Healthcare and Recreation Facilities","Nearby Schools, Nearby Hospitals, Nearby Shopping Malls, Nearby Restaurants, Distance From Airport (kms), Nearby Public Transport Service, Other Nearby Places","Maintenance Staff, Security Staff, Facilities for Disabled, Other Facilities",,,
https://www.zameen.com/Property/gulberg_greens_smama_star_mall_residency_3_bed_apartment_for_sale_in_samama_star_gulberg_greens_islamabad-53033163-11278-1.html,Flat,PKR1.85 Crore,3,5.4 Marla,For Sale,3,4 days ago,"Gulberg, Islamabad, Islamabad Capital","3 Bedroom Apartment Is Available For Sale In Samama Star Gulberg Greens, Islamabad. - Parking Available - Best Location - 1st Floor - 3 Bedroom - Attached Bathrooms","Parking Spaces: 1, Lobby in Building, Double Glazed Windows, Flooring, Waste Disposal, Floor: 1, Floors in Building: 7, Elevators: 2, Service Elevators in Building, Furnished","Bedrooms: 3, Bathrooms: 3, Drawing Room, Kitchens: 1, Study Room, Lounge or Sitting Room, Laundry Room","Broadband Internet Access, Satellite or Cable TV Ready, Business Center or Media Room in Building, Conference Room in Building, Intercom, ATM Machines","Community Lawn or Garden, Community Swimming Pool, Community Gym, First Aid or Medical Centre, Day Care Centre, Kids Play Area, Barbeque Area, Mosque, Community Centre","Sauna, Jacuzzi","Nearby Schools, Nearby Hospitals, Nearby Shopping Malls, Nearby Restaurants, Distance From Airport (kms), Nearby Public Transport Service, Other Nearby Places","Maintenance Staff, Security Staff, Laundry or Dry Cleaning Facility, Facilities for Disabled, Other Facilities",,,
https://www.zameen.com/Property/b_17_mpchs_-_multi_gardens_8_marla_30_60_corner_house_for_sale_in_block_e_mpchs_multi_garden_b17_islamabad-53357160-3115-1.html,House,PKR3.9 Crore,5,8 Marla,For Sale,4,3 weeks ago,"B-17, Islamabad, Islamabad Capital","Property Features 8 Marla Short Corner House Double Unit (Separate Entrances) 4/5 Spacious Bedrooms 2 Modern Open Kitchens 2 Stylish TV Lounges / Dining Area Attached Bathrooms Store Room Excellent Ventilation Corner Location Open View & Airy --- Interior Features Modern Ceiling Work Imported Tiled Flooring Premium Quality Fixtures Stylish Lighting Solid Wooden Doors Beautiful Balcony Steel/Glass Stair Railing --- Exterior & Parking Double Road Access Car Parking Space Modern Front Elevation Terrace / Roof Access Wide Street & Open Surroundings --- Utilities & Security 24/7 Security Electricity / Water / Gas Available Underground Electricity System Water Boring / Reliable Water Supply --- Nearby Facilities Near Main Road Near Park Near Mosque Schools & Market At Walking Distance --- Location: B-17 Islamabad, Block-E Size: 8 Marla Corner House Type: Double Unit House","Built in year: 2025, Parking Spaces: 2, Flooring, Waste Disposal, Floors: 2, Other Main Features, Furnished","Bedrooms: 4, Bathrooms: 5, Servant Quarters: 1, Drawing Room, Dining Room, Kitchens: 2, Study Room, Prayer Room, Powder Room, Gym, Store Rooms: 1, Steam Room, Lounge or Sitting Room, Laundry Room, Other Rooms","Broadband Internet Access, Satellite or Cable TV Ready, Intercom, Other Business and Communication Facilities","Community Lawn or Garden, Community Swimming Pool, Community Gym, First Aid or Medical Centre, Day Care Centre, Kids Play Area, Barbeque Area, Mosque, Community Centre, Other Community Facilities","Lawn or Garden, Swimming Pool, Other Healthcare and Recreation Facilities","Nearby Schools, Nearby Hospitals, Nearby Shopping Malls, Nearby Restaurants, Distance From Airport (kms), Nearby Public Transport Service, Other Nearby Places","Maintenance Staff, Security Staff, Facilities for Disabled, Other Facilities",,,
https://www.zameen.com/Property/e_16_e-16_3_house_available_for_sale_in_e-16_3-53285404-3249-1.html,House,PKR2.5 Crore,-,7 Marla,For Sale,7,1 day ago,"E-16, Islamabad, Islamabad Capital","7 Marla House for Sale in E-16/3 Prime Location Property Details: 4 Bedrooms with Attached Bathrooms 2 Guest Rooms with Attached Bathrooms 2 TV Lounges (Upper & Ground Floor) 2 Modern Window Kitchens 1 Room with Attached Bathroom on Rooftop 2 Separate Electric Meters (Ideal for Two Families) Second to Corner Location, Wide Street, Excellent Ventilation Additional Highlights: Solid Construction & Elegant Finishing Easy Access to Main Road Ideal for Family Living or Rental Investment",,"Bedrooms: 7, Bathrooms: 7, Drawing Room, Dining Room, Kitchens: 2, Lounge or Sitting Room",,,,"Nearby Schools, Nearby Hospitals, Nearby Shopping Malls, Nearby Restaurants, Distance From Airport (kms), Nearby Public Transport Service, Other Nearby Places","Security Staff, Other Facilities",,,
https://www.zameen.com/Property/gulberg_gulberg_greens_modern_living_studio_apartment_available_for_sale_in_gulberg_greens-53357109-8312-1.html,Flat,PKR75 Lakh,1,2.4 Marla,For Sale,1,9 hours ago,"Gulberg, Islamabad, Islamabad Capital","Beautiful , Studio Apartment For Sale Having Beautiful View , In One Of The Most Beautiful Modern Living Constructed Building In Gulberg Green Islamabad . Note Strict 92 Redefining Corporate Excellence In The Twin Cities! We Offer Premium Corporate Offices With Complete Turnkey Solutions Including Architectural Designing, Elegant Ceiling Work, Premium Flooring, And Modern Interior Finishing Creating Inspiring Workspaces That Truly Reflect Your Corporate Prestige And Vision.","Built in year: 2022, Parking Spaces, Flooring, Electricity Backup, Floors in Building, Elevators","Bedrooms: 1, Bathrooms, Servant Quarters: 1, Drawing Room, Dining Room, Kitchens, Study Room, Prayer Room, Powder Room, Gym, Store Rooms: 1, Steam Room, Lounge or Sitting Room, Laundry Room","Broadband Internet Access, Satellite or Cable TV Ready, ATM Machines","Community Lawn or Garden, Community Gym, First Aid or Medical Centre, Day Care Centre, Kids Play Area, Barbeque Area, Mosque, Community Centre",,"Nearby Schools, Nearby Hospitals, Nearby Shopping Malls, Nearby Restaurants, Distance From Airport (kms), Nearby Public Transport Service","Maintenance Staff, Security Staff",,,
https://www.zameen.com/Property/bahria_enclave_bahria_enclave_-_sector_n_sector_n_8_marla_brand_new_house_for_sale_in_bahria_enclave_islamabad-53144275-11975-1.html,House,PKR3.6 Crore,5,8 Marla,For Sale,5,1 day ago,"Bahria Town, Islamabad, Islamabad Capital","Sector N 8 Marla Brand New House For Sale In Bahria Enclave Islamabad Discover your dream home in the heart of Bahria Enclave Islamabad! This brand new 8 Marla house is located in the prime Sector N and offers: 5 Spacious Bedrooms Stylish TV Lounge Modern Kitchen Car Parking Space 15KV Solar Installed High-Quality Finishing Excellent Location, Peaceful Environment This property is ideal for families seeking comfort or investors looking for a secure opportunity in one of Islamabads most prestigious communities. Demand: 3 Crore 70 Lac Contact now for more details and to schedule a visit.","Built in year: 2025, Parking Spaces: 2, Double Glazed Windows, Flooring, Floors: 2","Bedrooms: 5, Bathrooms: 5, Servant Quarters: 1, Drawing Room, Dining Room, Kitchens: 2, Study Room, Prayer Room, Store Rooms: 1","Broadband Internet Access, Satellite or Cable TV Ready, Intercom, Other Business and Communication Facilities","Community Lawn or Garden, Community Swimming Pool, Community Gym, First Aid or Medical Centre, Day Care Centre, Kids Play Area, Barbeque Area, Mosque, Community Centre","Lawn or Garden, Swimming Pool, Sauna, Jacuzzi","Nearby Schools, Nearby Hospitals, Nearby Shopping Malls, Nearby Restaurants, Distance From Airport (kms), Nearby Public Transport Service, Other Nearby Places","Maintenance Staff, Security Staff, Facilities for Disabled, Other Facilities",,,
https://www.zameen.com/Property/i_16_i-16_3_e_type_2_bed_pha_apartment_on_6th_floor_with_complet_wooden_work_and_electricity_meter_installed_available_for_sale-53341780-3437-1.html,Flat,PKR49 Lakh,2,4.1 Marla,For Sale,2,3 weeks ago,"I-16, Islamabad, Islamabad Capital",E type 2 Bed PHA Apartment on 6th floor with complet wooden work and Electricity meter Installed available for sale PHA I- 16/3,"Built in year: 2023, Parking Spaces, Flooring, Electricity Backup, Waste Disposal, Floor, Floors in Building: 7, Elevators: 3, Service Elevators in Building, Other Main Features",,,,,"Nearby Schools, Nearby Hospitals, Nearby Shopping Malls, Nearby Restaurants, Distance From Airport (kms), Nearby Public Transport Service, Other Nearby Places","Security Staff, Other Facilities",,,
https://www.zameen.com/Property/islamabad_phulgran_27_marla_semi_finished_house_for_sale_islamabad_upper_banigala_side-53304374-9742-1.html,House,PKR3.59 Crore,6,1.3 Kanal,For Sale,5,2 weeks ago,"Phulgran, Islamabad, Islamabad Capital","27 marla villa, 5000sqft villa structure four sided open, comprising of drawing & dining with powder room, 4 bed attach bath, 02 Tv lounge, huge dual kitchen (neat and dirty), veranda and covered terrace, bbq area, roof top, huge lawn, separate car porch for 3 cars parking space and extra car parking, 02 water bores (12 inch and 7 inch dia 250 feet depth) active and separate 01 bore (7 inch dia 40 feet depth) for earthing pit (solar) / optional, 7.5 feet heightened secure boundary wall with 6 feet main gate. 40 feet wide street on main Gala vila Road near imran khan residence and 800 meters from Imran Khan Chowk. Its complete brick and rcc structure class A (60 grade fazal steel, 1:1.5:3 class A concrete, fauji cement / All round tie beam from dpc to plinth 7 feet every floor from foundation till roof top with 25 Column). Its a complete finished grey structure with respect to tiles, flooring, electrical wiring etc. Can be handed over as finished grey structure or complete finish state in 30 days with back to back warranty and approved detailed engineering design.","Built in year: 2025, Parking Spaces: 05, Double Glazed Windows, Central Air Conditioning, Central Heating, Flooring, Electricity Backup, Waste Disposal, Other Main Features, Furnished","Bedrooms: 05, Bathrooms: 06, Servant Quarters: 01, Drawing Room, Dining Room, Kitchens: 02, Study Room, Prayer Room, Powder Room, Gym, Store Rooms: 01, Steam Room, Lounge or Sitting Room, Laundry Room, Other Rooms","Broadband Internet Access, Satellite or Cable TV Ready, Intercom, Other Business and Communication Facilities","Community Lawn or Garden, Community Swimming Pool, Community Gym, First Aid or Medical Centre, Day Care Centre, Kids Play Area, Barbeque Area, Mosque, Community Centre, Other Community Facilities","Lawn or Garden, Sauna, Jacuzzi, Other Healthcare and Recreation Facilities","Nearby Schools, Nearby Hospitals, Nearby Shopping Malls, Nearby Restaurants, Distance From Airport (kms), Nearby Public Transport Service, Other Nearby Places","Maintenance Staff, Security Staff, Facilities for Disabled, Other Facilities",,,
https://www.zameen.com/Property/islamabad_expressway_kazani_heights_spacious_1-bedroom_apartment_for_sale_kazani_heights-53346849-13445-1.html,Flat,PKR1.35 Crore,1,2.9 Marla,For Sale,1,2 weeks ago,"Islamabad Expressway, Islamabad, Islamabad Capital","Layout: 1 bedroom, 1 bathroom, open living/dining, fitted kitchen; some units feature 2 balconies and a separate lift lobby for privacy and convenience. Location: Situated on the prominent Islamabad Expressway, in Gulberg Greens, providing excellent connectivity and amenities. Features & amenities: Mixed-use project blending residential and commercial spaces, premium finishes, high-speed lifts, dedicated parking, temperature-controlled rooftop pool, gymnasium, mini-cinema and more. Investment prospects: Given the prime location and modern amenities, this 1-bedroom unit offers strong rental yield and capital appreciation potential. Recent listings show 1-bed units being offered in the range","Built in year: 2025, Parking Spaces: 1, Lobby in Building, Double Glazed Windows, Central Air Conditioning, Central Heating, Flooring, Electricity Backup, Waste Disposal, Floor: 5, Floors in Building: 10, Service Elevators in Building, Other Main Features, Furnished","Bedrooms: 1, Bathrooms: 1, Servant Quarters: 1, Drawing Room, Dining Room, Kitchens: 1, Study Room, Prayer Room, Powder Room, Gym, Store Rooms, Steam Room, Lounge or Sitting Room, Laundry Room, Other Rooms","Broadband Internet Access, Satellite or Cable TV Ready, Business Center or Media Room in Building, Conference Room in Building, Intercom, ATM Machines, Other Business and Communication Facilities","Community Lawn or Garden, Community Swimming Pool, Community Gym, First Aid or Medical Centre, Day Care Centre, Kids Play Area, Barbeque Area, Mosque, Community Centre, Other Community Facilities","Sauna, Jacuzzi, Other Healthcare and Recreation Facilities","Nearby Schools, Nearby Hospitals, Nearby Shopping Malls, Nearby Restaurants, Distance From Airport (kms), Nearby Public Transport Service, Other Nearby Places","Maintenance Staff, Security Staff, Laundry or Dry Cleaning Facility, Communal/Shared Kitchen, Facilities for Disabled, Pets Allowed, Other Facilities",,,
https://www.zameen.com/Property/d_12_d-12_3_reasonably-priced_corner_4_marla_house_in_d-12_3_islamabad_is_available_as_of_now-53345180-3156-1.html,House,PKR6.75 Crore,4,4 Marla,For Sale,4,3 weeks ago,"D-12, Islamabad, Islamabad Capital","Main Double Brand New Corner With Extra Land House for Sale D-12/3 Islamabad Prime Location | Double Road | Extra Land | Stunning Margalla Hills View Location: D-12/3, Islamabad (Directly in front of D-12 Markaz, near KFC) Property Details: Size: 4 Marla (25x40) Bedrooms: 4 (each with attached bath) TV Lounge Modern Kitchen Servant Room with Bath Corner Plot with Extra Land Beautiful Margalla Hills View Peaceful and Ideal Location Features & Facilities: Brand new construction All basic and modern amenities available Wide double road access Original pictures and video available For more details or to schedule a visit, please contact: [Your Name / Contact Number]","Built in year: 2025, Parking Spaces: 2, Double Glazed Windows, Flooring, Electricity Backup, Waste Disposal, Other Main Features","Bedrooms: 4, Bathrooms: 4, Drawing Room, Kitchens: 1","Broadband Internet Access, Satellite or Cable TV Ready, Other Business and Communication Facilities","Community Lawn or Garden, Community Swimming Pool, Community Gym, First Aid or Medical Centre, Day Care Centre, Kids Play Area, Barbeque Area, Mosque, Community Centre, Other Community Facilities",Other Healthcare and Recreation Facilities,"Nearby Schools, Nearby Hospitals, Nearby Shopping Malls, Nearby Restaurants, Distance From Airport (kms), Nearby Public Transport Service",,,,
https://www.zameen.com/Property/g_13_g-13_2_highly-desirable_on_excellent_location_house_available_in_g-13_2_for_sale-53345456-3338-1.html,House,PKR17 Crore,6,1 Kanal,For Sale,6,2 weeks ago,"G-13, Islamabad, Islamabad Capital","Brand New House for Sale in G-13/2, Islamabad Plot Dimensions: 50 x 90 Size: 1 Kanal Asking Price: PKR 17 Crore Property Overview A beautifully designed, brand-new double-unit house located in the prime sector of G-13/2, Islamabad. This modern residence offers a perfect blend of luxury, comfort, and convenience ideal for a large family or as an investment property. Accommodation Details 6 Spacious Bedrooms 8 Modern Washrooms 2 Stylish Kitchens 2 Elegant Drawing Rooms 2 Comfortable TV Lounges 2 Servant Quarters (each with attached bath) Parking & Utilities 3-Car Parking Space Electricity Meter Installed Water Bore Running + Water Supply Connection Key Features Premium Tile Flooring throughout the house Fireplace and modern interior design elements Ample storage space and attached 3-car garage Located in a prime area of G-13, close to: Schools, Colleges, and Universities Markets, Masjid, Hospitals Public Transport Access Immediate access to Main Double Road & Kashmir Highway Contact now for more details or to schedule a visit! This is your chance to own a brand new, luxurious 1 Kanal house in one of Islamabads most sought-after sectors.","Built in year: 2025, Parking Spaces: 2, Double Glazed Windows, Flooring, Electricity Backup, Waste Disposal, Other Main Features","Bedrooms: 6, Bathrooms: 7, Servant Quarters: 1, Drawing Room, Dining Room, Kitchens: 2, Study Room, Prayer Room, Powder Room, Steam Room, Lounge or Sitting Room, Laundry Room, Other Rooms","Broadband Internet Access, Satellite or Cable TV Ready, Intercom, Other Business and Communication Facilities","Community Lawn or Garden, Community Swimming Pool, Community Gym, First Aid or Medical Centre, Day Care Centre, Kids Play Area, Barbeque Area, Mosque, Community Centre, Other Community Facilities",Other Healthcare and Recreation Facilities,"Nearby Schools, Nearby Hospitals, Nearby Shopping Malls, Nearby Restaurants, Distance From Airport (kms), Nearby Public Transport Service, Other Nearby Places","Maintenance Staff, Security Staff",,,
https://www.zameen.com/Property/islamabad_d-12_brand_new_house_available_for_sale_d-12-52868538-160-1.html,House,PKR12.25 Crore,6,10.9 Marla,For Sale,6,2 weeks ago,"D-12, Islamabad, Islamabad Capital",Brand New Designer Double Story House Is Available For Sale In D-12 Islamabad Short corner house Ground floor Powder room Drawing room Tv lounge Kitchen 3 beds attach bath First floor Open to sky patio 3 beds attach bath 1 office/study room attach bath Mini store room Seperate access to Servants room with attach bath and kitchen Hybrid fans Cctv camera Razor security wires Imported tiles and fittings Wire Pakistan Cables WIFI installed Huge big windows real pictures Attached More Details Please Contact Us,"Built in year: 2025, Parking Spaces: 3, Double Glazed Windows, Central Air Conditioning, Central Heating, Flooring, Waste Disposal, Floors: 2","Bedrooms: 6, Bathrooms: 6, Servant Quarters: 1, Drawing Room, Dining Room, Kitchens: 2, Study Room, Prayer Room, Powder Room, Steam Room, Lounge or Sitting Room, Laundry Room","Broadband Internet Access, Satellite or Cable TV Ready, Intercom","Community Lawn or Garden, Community Swimming Pool, Community Gym, First Aid or Medical Centre, Day Care Centre, Kids Play Area, Barbeque Area, Mosque","Lawn or Garden, Swimming Pool, Sauna","Nearby Schools, Nearby Hospitals, Nearby Shopping Malls, Nearby Restaurants, Distance From Airport (kms), Nearby Public Transport Service, Other Nearby Places","Security Staff, Other Facilities",,,
https://www.zameen.com/Property/dha_defence_dha_defence_phase_4_outstanding_location_askari_heights_islamabad_apartment_for_sale_on_installments-52833252-8413-1.html,Flat,PKR5.6 Crore,4,11.2 Marla,For Sale,3,4 weeks ago,"DHA Defence, Islamabad, Islamabad Capital","Outstanding location Askari Heights Islamabad Apartment for sale on installments details: Building grey structure is ready 100% PAYMENT PLAN: down payment 10% : 5,598,300/- booking 10%: 5,598,30/- 42 Monthly installments: 500,000/- 3 balloon Payments after 12 months: 3,263,550/- On possession 25%: 13,995,750/- call us or Whatsapp us for further details.","Built in year: 2026, Parking Spaces: 100, Lobby in Building, Double Glazed Windows, Central Air Conditioning, Central Heating, Flooring, Electricity Backup, Waste Disposal, Floor: 13, Floors in Building: 13, Elevators: 3, Service Elevators in Building, Other Main Features, Furnished","Bedrooms: 3, Bathrooms: 4, Servant Quarters: 1, Drawing Room, Dining Room, Kitchens: 1, Study Room, Prayer Room, Powder Room, Gym, Store Rooms: 1, Steam Room, Lounge or Sitting Room, Laundry Room, Other Rooms","Broadband Internet Access, Satellite or Cable TV Ready, Business Center or Media Room in Building, Conference Room in Building, Intercom, ATM Machines, Other Business and Communication Facilities","Community Lawn or Garden, Community Swimming Pool, Community Gym, First Aid or Medical Centre, Day Care Centre, Kids Play Area, Barbeque Area, Mosque, Community Centre, Other Community Facilities","Sauna, Jacuzzi, Other Healthcare and Recreation Facilities","Nearby Schools, Nearby Hospitals, Nearby Shopping Malls, Nearby Restaurants, Distance From Airport (kms), Nearby Public Transport Service, Other Nearby Places","Maintenance Staff, Security Staff, Laundry or Dry Cleaning Facility, Communal/Shared Kitchen, Facilities for Disabled, Pets Allowed, Other Facilities",,,
https://www.zameen.com/Property/islamabad_e-11_e11_three_bedroom_unfurnished_apartment_available_for_sale-53208315-329-1.html,Flat,PKR1 Crore,3,6.2 Marla,For Sale,3,4 weeks ago,"E-11, Islamabad, Islamabad Capital",E11 Three Bedroom Unfurnished Apartment Available For Sale in the heart of Islamabad That Includes 3 Bedroom Attach Bathroom Italian style Separate Kitchen Family building Elevator Available Basement Car parking Best For investment and rental income,"Built in year: 5, Parking Spaces: 1, Lobby in Building, Double Glazed Windows, Central Air Conditioning, Flooring, Electricity Backup, Floor: 2, Floors in Building: 9, Elevators: 1","Bedrooms: 3, Bathrooms: 3, Drawing Room, Dining Room, Kitchens: 1, Lounge or Sitting Room",,Mosque,,"Nearby Schools, Nearby Hospitals, Nearby Shopping Malls, Nearby Restaurants, Distance From Airport (kms), Nearby Public Transport Service","Maintenance Staff, Security Staff, Laundry or Dry Cleaning Facility",,,
https://www.zameen.com/Property/faisal_hills_faisal_hills_-_executive_block_faisal_hills_islamabad_5_marla_spanish_design_villa_available_for_sale_24_7_boring_water_electric_meter_available_near_market_masjid_school_park_everything_available_on_walking_distance_prime_location-53228528-16527-1.html,House,PKR2.15 Crore,4,5 Marla,For Sale,3,22 hours ago,"Faisal Hills, Islamabad, Islamabad Capital",Faisal Hills Islamabad 5 Marla Spanish Design Villa Available For Sale 3 Bed Room'S 4 Wash Room'S Tv Lunch Drowning Rooms Sarqat Room 1 Kitchen Car Parking 24/7 Boring Water Electric Meter Available Near Market Masjid School Park Everything Available On Walking Distance Prime Location More Details Non Furniture Price 2cror15lac Fully Furnished 2cror 25lacs,"Built in year: 2025, Parking Spaces: 1, Double Glazed Windows, Central Air Conditioning, Central Heating, Flooring, Electricity Backup, Waste Disposal, Floors: 3, Other Main Features, Furnished","Bedrooms: 3, Bathrooms: 4, Servant Quarters: 1, Drawing Room, Dining Room, Kitchens: 1, Study Room, Prayer Room, Powder Room, Gym, Store Rooms: 1, Steam Room, Lounge or Sitting Room, Laundry Room, Other Rooms","Broadband Internet Access, Satellite or Cable TV Ready, Intercom, Other Business and Communication Facilities","Community Lawn or Garden, Community Swimming Pool, Community Gym, First Aid or Medical Centre, Day Care Centre, Kids Play Area, Barbeque Area, Mosque, Community Centre, Other Community Facilities","Lawn or Garden, Swimming Pool, Sauna, Jacuzzi, Other Healthcare and Recreation Facilities","Nearby Schools, Nearby Hospitals, Nearby Shopping Malls, Nearby Restaurants, Distance From Airport (kms), Nearby Public Transport Service, Other Nearby Places","Maintenance Staff, Security Staff, Facilities for Disabled, Other Facilities",,,
https://www.zameen.com/Property/bani_gala_aryan_enclave_luxury_home10_marla_designer_villa_prime_location_modern_living_for_sale_bani_gala_islamabad-52701166-15662-1.html,House,PKR4.9 Crore,6,10 Marla,For Sale,8,4 weeks ago,"Bani Gala, Islamabad, Islamabad Capital","10 Marla Brand New two point five Story Stylish House for Sale Bani Gala Alhamdulillah, Ready for Possession! Luxurious Living in Aryan Enclave! Discover modern comfort in this beautifully crafted home, nestled in the peaceful and prestigious Aryan Enclave, Bani Gala. This thoughtfully designed house offers elegance, space, and functionality perfect for a growing family! Key Features: Ground Floor: 3 Spacious Bedrooms First Floor: 3 Comfortable Bedrooms Rooftop: 1 Stylish Bedroom with Scenic Views TV Lounges: 2 Elegant & Cozy Family Areas Store Room: Dedicated Storage Space Kitchens: 2 Fully Equipped Modern Kitchens Parking: Secure Parking for 2 Cars Prime Location Heart of Aryan Enclave, Bani Gala Peaceful Environment | Perfect for Family Living Dont miss out on this dream home!","Built in year, Parking Spaces: 2, Double Glazed Windows, Central Air Conditioning, Central Heating, Flooring, Electricity Backup, Waste Disposal, Floors: 2.5, Other Main Features","Bedrooms: 8, Bathrooms: 9, Servant Quarters: 1, Drawing Room, Dining Room, Kitchens: 3, Study Room, Prayer Room, Powder Room, Gym, Store Rooms: 1, Lounge or Sitting Room, Laundry Room","Broadband Internet Access, Satellite or Cable TV Ready, Intercom, Other Business and Communication Facilities","Community Lawn or Garden, Community Swimming Pool, Community Gym, First Aid or Medical Centre, Day Care Centre, Kids Play Area, Barbeque Area, Mosque, Community Centre, Other Community Facilities","Lawn or Garden, Other Healthcare and Recreation Facilities","Nearby Schools, Nearby Hospitals, Nearby Shopping Malls, Nearby Restaurants, Distance From Airport (kms), Nearby Public Transport Service, Other Nearby Places","Maintenance Staff, Security Staff, Facilities for Disabled, Other Facilities",,,
https://www.zameen.com/Property/islamabad_bani_gala_5_marla_single_story_design_house_for_sale_in_bani_gala-53355891-340-1.html,House,PKR1.2 Crore,2,5 Marla,For Sale,2,2 days ago,"Bani Gala, Islamabad, Islamabad Capital",5 marla single story design house for sale in banigala 2 bedroom attached washroom 1 kitchen 1 drawing attached washroom one car parking tv lunch street close end water boring electrician meter,"Built in year: 2025, Parking Spaces: 1, Flooring, Electricity Backup, Waste Disposal, Floors: 1, Other Main Features","Bedrooms: 2, Bathrooms: 2, Drawing Room, Dining Room, Kitchens: 1, Store Rooms: 1, Lounge or Sitting Room, Laundry Room","Broadband Internet Access, Satellite or Cable TV Ready",,,,,,,
https://www.zameen.com/Property/islamabad_pwd_housing_scheme_12_marla_double_story-53356283-424-1.html,House,PKR5.4 Crore,6,12 Marla,For Sale,6,4 weeks ago,"PWD Housing Scheme, Islamabad, Islamabad Capital",12 MARLA Double story sale in PWD good location good work,,"Bedrooms: 6, Bathrooms: 8, Servant Quarters: 1, Drawing Room, Dining Room, Kitchens: 2",,,,"Nearby Schools, Nearby Hospitals, Nearby Shopping Malls, Nearby Restaurants, Distance From Airport (kms), Nearby Public Transport Service, Other Nearby Places","Security Staff, Other Facilities",,,
https://www.zameen.com/Property/bahria_enclave_bahria_enclave_-_sector_c1_10_marla_brand_new_designer_house_available_for_sale_bahria_enclave_islamabad_sector_c1-53283270-11987-1.html,House,PKR5.6 Crore,5,10 Marla,For Sale,5,6 days ago,"Bahria Town, Islamabad, Islamabad Capital",10 Marla Brand New Designer House Available For Sale Bahria Enclave Islamabad Sector C1 5 Precious Bedroom 5 Open Washrooms 1 TV Lounge 2 Open Kitchen 1 TV Lounge Drawing Room Servant Room With Attach Bath 2 Car Parking Space Beautiful And Outstanding Location Near Of Commercial Near Of Masjid Near Of Water Filtration Near Of Park Near Of Main Entrance Contact Us For More Details,"Built in year: 2025, Parking Spaces: 2, Double Glazed Windows, Central Air Conditioning, Central Heating, Flooring, Electricity Backup, Waste Disposal, Floors: 2, Other Main Features, Furnished","Bedrooms: 5, Bathrooms: 5, Servant Quarters: 1, Drawing Room, Kitchens: 2, Study Room, Prayer Room, Powder Room, Laundry Room","Broadband Internet Access, Other Business and Communication Facilities","First Aid or Medical Centre, Day Care Centre, Kids Play Area, Barbeque Area, Mosque, Community Centre, Other Community Facilities",Other Healthcare and Recreation Facilities,"Nearby Schools, Nearby Hospitals, Nearby Shopping Malls, Nearby Restaurants, Distance From Airport (kms), Nearby Public Transport Service, Other Nearby Places",,,,
https://www.zameen.com/Property/bahria_enclave_bahria_enclave_-_sector_c1_brand_new_rented_studio_apartment_for_sale_sector_c1_bahria_enclave_islamabad-52930256-11987-1.html,Flat,PKR55 Lakh,1,1.8 Marla,For Sale,-,6 days ago,"Bahria Town, Islamabad, Islamabad Capital","Brand New Rented Studio Apartment For Sale 408 Sqft Lift Installed CC Camry Available Safe And Secure Men Boulevard Apartment Car Parking Space Near Of Stylo, Service, Cash &Amp; Carry Outstanding Location","Built in year: 2025, Parking Spaces: 1, Lobby in Building, Double Glazed Windows, Central Air Conditioning, Flooring, Electricity Backup, Waste Disposal, Floor: 5, Floors in Building: 2, Elevators: 1, Other Main Features","Bedrooms: 1, Bathrooms: 1, Servant Quarters: 1, Drawing Room, Dining Room, Kitchens: 1, Study Room, Prayer Room, Powder Room, Store Rooms: 1, Steam Room, Lounge or Sitting Room, Laundry Room, Other Rooms","Broadband Internet Access, Satellite or Cable TV Ready, Intercom, Other Business and Communication Facilities","Community Lawn or Garden, Community Gym, First Aid or Medical Centre, Day Care Centre, Kids Play Area, Barbeque Area, Mosque, Community Centre, Other Community Facilities","Sauna, Jacuzzi","Nearby Schools, Nearby Hospitals, Nearby Shopping Malls, Nearby Restaurants, Distance From Airport (kms), Nearby Public Transport Service, Other Nearby Places","Maintenance Staff, Security Staff, Facilities for Disabled, Other Facilities",,,
https://www.zameen.com/Property/bahria_town_bahria_enclave_brand_new_3_bedrooms_apartment_1695_sq_ft_park_facing_available_for_sale_in_bahria_enclave_islamabad-52933271-1705-1.html,Flat,PKR1.35 Crore,3,7.5 Marla,For Sale,3,6 days ago,"Bahria Town, Islamabad, Islamabad Capital",Brand New 3 bedrooms Apartment park facing available for sale in The Galleria Bahria Enclave Islamabad Total Sq ft 1695 3 bedrooms attached bath TV Lounge American Kitchen Drawing and Dining Terrace Park Facing Parking Space Separate Electric Meter 1st Bedroom 12 15 Bath 6 7 2nd Bedroom 12 16 Bath 6 7 3rd Bedroom 12 15 Bath 6 7 Lounge 17 25 Kitchen 12 7 The Galleria Bahria Enclave Islamabad 40 Kanal Project Family Oriented Project Double Basment Parking 16 Elevators Installed 4 kanal Gamming Zone On Ground For More info Contact us,"Built in year: 2025, Parking Spaces: 1, Lobby in Building, Double Glazed Windows, Central Air Conditioning, Central Heating, Flooring, Electricity Backup, Waste Disposal, Floor: 7, Floors in Building: 9, Elevators: 12, Service Elevators in Building, Other Main Features, Furnished","Bedrooms: 3, Bathrooms: 3, Servant Quarters: 1, Drawing Room, Dining Room, Kitchens: 1, Study Room, Prayer Room, Powder Room, Gym, Store Rooms: 1, Steam Room, Lounge or Sitting Room, Laundry Room","Broadband Internet Access, Satellite or Cable TV Ready, Business Center or Media Room in Building, Conference Room in Building, Intercom, ATM Machines","Community Lawn or Garden, Community Swimming Pool, Community Gym, First Aid or Medical Centre, Day Care Centre, Kids Play Area, Barbeque Area, Mosque, Community Centre, Other Community Facilities","Sauna, Jacuzzi","Nearby Schools, Nearby Hospitals, Nearby Shopping Malls, Nearby Restaurants, Distance From Airport (kms), Nearby Public Transport Service, Other Nearby Places","Maintenance Staff, Facilities for Disabled",,,
https://www.zameen.com/Property/bahria_enclave_bahria_enclave_-_sector_c2_9_marla_brand_new_house_for_sale_bahria_enclave_islamabad_sector_c2-52937220-11988-1.html,House,PKR4 Crore,5,9 Marla,For Sale,5,3 weeks ago,"Bahria Town, Islamabad, Islamabad Capital",9 Marla brand new designer house for sale 5 bedrooms 5 bedrooms 1 kitchen TV lounge servant room with attach both car parking space beautiful and outstanding location contact for more details,"Built in year: 2025, Parking Spaces: 2, Double Glazed Windows, Central Air Conditioning, Central Heating, Flooring, Electricity Backup, Waste Disposal, Floors: 2, Other Main Features","Bedrooms: 3, Bathrooms: 3, Servant Quarters: 1, Drawing Room, Dining Room, Kitchens: 1, Study Room, Prayer Room, Powder Room, Gym, Store Rooms: 1, Steam Room, Lounge or Sitting Room, Laundry Room, Other Rooms","Broadband Internet Access, Satellite or Cable TV Ready, Intercom","Community Lawn or Garden, Community Swimming Pool, Community Gym, First Aid or Medical Centre, Day Care Centre, Kids Play Area, Barbeque Area, Mosque, Community Centre","Lawn or Garden, Sauna","Nearby Schools, Nearby Hospitals, Nearby Shopping Malls, Nearby Restaurants, Distance From Airport (kms), Nearby Public Transport Service, Other Nearby Places","Maintenance Staff, Security Staff, Facilities for Disabled",,,
https://www.zameen.com/Property/bahria_enclave_bahria_enclave_-_sector_g_8_marla_brand_new_park_face_house_available_for_sale_sector_g_bahria_enclave_islamabad-52943180-11984-1.html,House,PKR3.9 Crore,3,8 Marla,For Sale,3,6 days ago,"Bahria Town, Islamabad, Islamabad Capital",8 Marla Brand New Park Face House For Sale 3 Bedrooms 3 Washrooms 2 Precious Kitchen Car Parking Space Servant Room With Attach Both 2 Car Parking Space Beautiful And Outstanding Location Park Face House Near Of Commercial Contact For More Details,"Built in year: 2025, Parking Spaces: 5, Double Glazed Windows, Central Air Conditioning, Central Heating, Flooring, Electricity Backup, Waste Disposal, Floors: 3, Other Main Features, Furnished","Bedrooms: 6, Bathrooms: 7, Servant Quarters: 3, Drawing Room, Dining Room, Kitchens: 2, Study Room, Prayer Room, Powder Room, Gym, Store Rooms: 2, Steam Room, Lounge or Sitting Room, Laundry Room, Other Rooms","Broadband Internet Access, Satellite or Cable TV Ready, Intercom, Other Business and Communication Facilities","Community Lawn or Garden, Community Swimming Pool, Community Gym, First Aid or Medical Centre, Day Care Centre, Kids Play Area, Barbeque Area, Mosque, Community Centre, Other Community Facilities","Lawn or Garden, Swimming Pool, Sauna, Jacuzzi, Other Healthcare and Recreation Facilities","Nearby Schools, Nearby Hospitals, Nearby Shopping Malls, Nearby Restaurants, Distance From Airport (kms), Nearby Public Transport Service, Other Nearby Places","Maintenance Staff, Security Staff, Facilities for Disabled, Other Facilities",,,
https://www.zameen.com/Property/islamabad_e-11_single_unit_house_available_for_sale-53196157-329-1.html,House,PKR3.75 Crore,3,7.3 Marla,For Sale,3,2 weeks ago,"E-11, Islamabad, Islamabad Capital",single unit house Available for Sale E-11 3 bedroom with attached washroom kitchen t. v lounge modern designer house real picture attached for more details Contact Us,"Built in year: 2016, Parking Spaces: 1, Double Glazed Windows, Central Air Conditioning, Central Heating, Flooring, Electricity Backup, Waste Disposal, Floors: 2, Furnished","Bedrooms: 3, Bathrooms: 3, Drawing Room, Kitchens: 1",,,,,,,,
https://www.zameen.com/Property/bahria_town_bahria_enclave_bahria_enclave_-_2_bedroom_apartment_for_sale_semi_furnished_royal_mall-52888609-1705-1.html,Flat,PKR1.53 Crore,2,6.1 Marla,For Sale,2,2 days ago,"Bahria Town, Islamabad, Islamabad Capital",Bahria Enclave Sector Sector C Royal Mall 2 Bedroom Apartment 4 Th Floor Area 1370 Square Feet Ac Inverter Install,"Built in year: 2024, Parking Spaces: 1, Lobby in Building, Double Glazed Windows, Central Air Conditioning, Flooring, Waste Disposal, Floor: 4, Floors in Building: 9, Elevators: 3, Service Elevators in Building, Furnished","Bedrooms: 2, Bathrooms: 2, Servant Quarters: 1, Drawing Room, Dining Room, Kitchens: 1, Study Room, Prayer Room, Powder Room, Steam Room, Lounge or Sitting Room, Laundry Room","Broadband Internet Access, Satellite or Cable TV Ready, Business Center or Media Room in Building, Conference Room in Building, Intercom, ATM Machines","Community Lawn or Garden, Kids Play Area, Barbeque Area",Sauna,"Nearby Schools, Nearby Hospitals, Nearby Shopping Malls, Nearby Restaurants, Distance From Airport (kms), Nearby Public Transport Service, Other Nearby Places","Maintenance Staff, Security Staff, Laundry or Dry Cleaning Facility, Communal/Shared Kitchen, Facilities for Disabled, Pets Not Allowed",,,
https://www.zameen.com/Property/f_6_f-6_3_an_old_demolishable_houss_1047_sqyrds_f-6_3_is_available_for_sale-53336794-3301-1.html,House,PKR55 Crore,-,2.1 Kanal,For Sale,3,6 days ago,"F-6, Islamabad, Islamabad Capital","Details: 1. Size 65 x 165 : 1047 sqyrds. 2. Margla Facing. 3. Convienient approach from Hill Road. 4. Single owner. 5. Accomodation; The house has 3 bed room, kitchen, lounge, D+D, drive way and the lush greens at front and back. 6. Faimly Property. 7. CDA tranafer. 8. possession Available 9. demand 55 Negociable.","Built in year: 1965, Parking Spaces: 4, Double Glazed Windows, Central Air Conditioning, Central Heating, Flooring, Electricity Backup, Waste Disposal, Floors: 1, Other Main Features, Furnished","Bedrooms: 3, Bathrooms: 4, Servant Quarters: 1, Drawing Room, Dining Room, Kitchens: 1, Study Room, Prayer Room, Powder Room, Gym, Store Rooms: 1, Steam Room, Lounge or Sitting Room, Laundry Room, Other Rooms","Broadband Internet Access, Satellite or Cable TV Ready, Intercom, Other Business and Communication Facilities","Community Lawn or Garden, Community Swimming Pool, Community Gym, First Aid or Medical Centre, Day Care Centre, Kids Play Area, Barbeque Area, Mosque, Community Centre, Other Community Facilities","Sauna, Jacuzzi, Other Healthcare and Recreation Facilities","Nearby Schools, Nearby Hospitals, Nearby Shopping Malls, Nearby Restaurants, Distance From Airport (kms), Nearby Public Transport Service, Other Nearby Places","Maintenance Staff, Security Staff, Facilities for Disabled, Other Facilities",,,
https://www.zameen.com/Property/bahria_town_bahria_enclave_bahria_enclave_islamabad_12_marla_brand_new_designer_house_for_sale-53306978-1705-1.html,House,PKR5 Crore,5,12 Marla,For Sale,5,3 weeks ago,"Bahria Town, Islamabad, Islamabad Capital","Bahria Enclave Islamabad 12 Marla Brand New Designer House for Sale Discover the elegance of modern living in this brand new A+ construction designer house located in the heart of Bahria Enclave, Islamabad. Built with premium materials and exceptional attention to detail, this property offers comfort, luxury, and style all in one perfect home. Property Details: Location: Bahria Enclave, Islamabad Size: 12 Marla 5 Spacious Bedrooms 2 Stylish TV Lounges 2 Modern Kitchens 2 Elegant Drawing Rooms Proper Double Unit House A+ Grade Construction Brand New Never Used Additional Features: Beautiful exterior elevation with high-quality finishing Imported fittings and fixtures Wide car porch and spacious terrace Ideal for families seeking comfort and convenience Peaceful environment with top-class neighborhood Demand: 5 Crore (Negotiable) For further details or visit, please contact us","Built in year: 2025, Parking Spaces: 3, Double Glazed Windows, Flooring, Electricity Backup, Waste Disposal, Floors: 2, Other Main Features","Bedrooms: 5, Bathrooms: 5, Servant Quarters: 1, Drawing Room, Dining Room, Kitchens: 2, Study Room, Prayer Room, Powder Room, Lounge or Sitting Room, Laundry Room",Broadband Internet Access,Mosque,,,,,,
https://www.zameen.com/Property/bahria_town_bahria_enclave_beautiful_location_brand_new_1_kanal_house_for_sale-53301278-1705-1.html,House,PKR10.5 Crore,6,1 Kanal,For Sale,6,1 week ago,"Bahria Town, Islamabad, Islamabad Capital",This remarkable show case is our own construction project finished few days ago and is now available for sale in the market. Accomodation: 6 Bedrooms With attached bath Seperate Entrance for each portion 2 Kitchens plus dirty kitchen Spacious Tv lounge and drawing room. Spacious Car Parking. We also offer construction and architectural design services for our respected clients. For details and visit feel free to connect. F & J Global Investments View Contact Detail,"Built in year: 2025, Parking Spaces: 3, Double Glazed Windows, Central Air Conditioning, Central Heating, Flooring, Electricity Backup, Waste Disposal, Floors: 2, Furnished","Bedrooms: 6, Bathrooms: 6, Servant Quarters: 1, Drawing Room, Dining Room, Kitchens: 2, Study Room, Prayer Room, Powder Room, Gym, Store Rooms: 1, Steam Room, Lounge or Sitting Room, Laundry Room","Broadband Internet Access, Satellite or Cable TV Ready, Intercom","Community Lawn or Garden, Community Swimming Pool, Community Gym, First Aid or Medical Centre, Day Care Centre, Kids Play Area, Barbeque Area, Mosque, Community Centre","Lawn or Garden, Swimming Pool, Sauna, Jacuzzi","Nearby Schools, Nearby Hospitals, Nearby Shopping Malls, Nearby Restaurants, Distance From Airport (kms), Nearby Public Transport Service, Other Nearby Places","Maintenance Staff, Security Staff, Facilities for Disabled",,,
https://www.zameen.com/Property/dha_defence_dha_defence_phase_2_a_stunning_prime_location_house_is_up_for_grabs_in_dha_defence_phase_2_islamabad-53294179-339-1.html,House,PKR11.75 Crore,6,1 Kanal,For Sale,6,1 week ago,"DHA Defence, Islamabad, Islamabad Capital","Spacious properties for sale can be hard to come by so make a move while they're available. You can buy the 1 Kanal property that is surrounded with all kinds of facilities. A modern infrastructure of Islamabad attracts investors and residents alike, so what are you waiting for? Whatever kind of House you are looking for, you are in the right place to find it. For an affluent property, the price of Rs. 117500000 isn't much to ask. A house in DHA Defence Phase 2 will bring you the best lifestyle, so don't wait further to make a decision. Read below to find out what this property offers. On-duty security services ensure the building stays well-protected. To provide a complete lifestyle experience, the project offers a variety of urban amenities, including broadband internet access. We have many projects that you can invest in so call us today for the best property advice.",,,"Broadband Internet Access, Satellite or Cable TV Ready, Intercom, Other Business and Communication Facilities",,,"Nearby Schools, Nearby Hospitals, Nearby Shopping Malls, Nearby Restaurants, Nearby Public Transport Service, Other Nearby Places","Security Staff, Other Facilities",,,
https://www.zameen.com/Property/g_13_g-13_2_on_excellent_location_14_marla_house_for_sale_in_rs_110000000_only-53345454-3338-1.html,House,PKR11 Crore,6,14 Marla,For Sale,8,2 weeks ago,"G-13, Islamabad, Islamabad Capital","Brand New House for Sale in G-13/2, Islamabad Plot Dimensions: 40 x 80 Size: 14 Marla Asking Price: PKR 11 Crore Property Overview A beautifully designed, brand-new double-unit house located in the prime sector of G-13/2, Islamabad. This modern residence offers a perfect blend of luxury, comfort, and convenience ideal for a large family or as an investment property. Accommodation Details 6 Spacious Bedrooms 8 Modern Washrooms 2 Stylish Kitchens 2 Elegant Drawing Rooms 2 Comfortable TV Lounges 2 Servant Quarters (each with attached bath) Parking & Utilities 3-Car Parking Space Electricity Meter Installed Water Bore Running + Water Supply Connection Key Features Premium Tile Flooring throughout the house Fireplace and modern interior design elements Ample storage space and attached 3-car garage Located in a prime area of G-13, close to: Schools, Colleges, and Universities Markets, Masjid, Hospitals Public Transport Access Immediate access to Main Double Road & Kashmir Highway Contact now for more details or to schedule a visit! This is your chance to own a brand new, luxurious 14 Marla house in one of Islamabads most sought-after sectors.","Built in year: 2025, Parking Spaces: 2, Double Glazed Windows, Flooring, Electricity Backup, Waste Disposal, Other Main Features","Bedrooms: 6, Bathrooms: 7, Servant Quarters: 1, Drawing Room, Dining Room, Kitchens: 2, Powder Room, Lounge or Sitting Room","Broadband Internet Access, Satellite or Cable TV Ready, Other Business and Communication Facilities","Community Lawn or Garden, Community Swimming Pool, Community Gym, First Aid or Medical Centre, Day Care Centre, Kids Play Area, Barbeque Area, Mosque, Community Centre, Other Community Facilities",Other Healthcare and Recreation Facilities,"Nearby Schools, Nearby Hospitals, Nearby Shopping Malls, Nearby Restaurants, Distance From Airport (kms), Nearby Public Transport Service, Other Nearby Places",,,,
https://www.zameen.com/Property/islamabad_bani_gala_10_marla_brand_new_house_for_sale-53346177-340-1.html,House,PKR4.2 Crore,6,10 Marla,For Sale,5,1 day ago,"Bani Gala, Islamabad, Islamabad Capital",10 Marla double story house 5 Bedroom + dining room 6 Bathroom 2Tv lunch 2 kitchen 2 car parking servant room electric meter available water boring available,"Parking Spaces: 2, Double Glazed Windows, Flooring","Bedrooms: 5, Bathrooms: 6, Servant Quarters: 1, Drawing Room, Dining Room, Kitchens: 2, Study Room, Prayer Room, Powder Room, Store Rooms: 1, Lounge or Sitting Room, Laundry Room",Satellite or Cable TV Ready,"Kids Play Area, Barbeque Area",Lawn or Garden,"Nearby Schools, Nearby Hospitals, Nearby Shopping Malls, Nearby Restaurants, Distance From Airport (kms), Nearby Public Transport Service, Other Nearby Places","Security Staff, Other Facilities",,,
https://www.zameen.com/Property/islamabad_bani_gala_5_marla_1_5_storey_brand_new_house-53177314-340-1.html,House,PKR1.4 Crore,4,5 Marla,For Sale,4,1 day ago,"Bani Gala, Islamabad, Islamabad Capital",Location 786 road Bani Gala Islamabad 5 marla 1.5 story house 3 bedroom + dining room 4 bathroom Open kitchen Tv lunch Car porch Electric meter available Water boring available Demand Rs 1 crore 40 lac,"Parking Spaces: 1, Double Glazed Windows, Flooring","Bedrooms: 4, Bathrooms: 4, Servant Quarters: 1, Drawing Room, Dining Room, Kitchens: 1, Laundry Room",,"Kids Play Area, Barbeque Area, Mosque",,"Nearby Schools, Nearby Hospitals, Nearby Shopping Malls, Nearby Restaurants, Distance From Airport (kms), Nearby Public Transport Service",Security Staff,,,
https://www.zameen.com/Property/gulberg_residencia_gulberg_residencia_-_block_i_10_marla_desinger_brand_new_house_available_for_sale_on_main_boulevard_of_gulberg_islamabad-53146990-9119-1.html,House,PKR7.25 Crore,6,10 Marla,For Sale,5,2 weeks ago,"Gulberg, Islamabad, Islamabad Capital",Key House Features - bedrooms : 5 bedrooms bathrooms : 6 bathrooms -> Two-car porch -> Double-height entrance lobby -> Drawing and dining area -> Powder room -> TV lounge -> Terrace -> Modern lawn -> Sky light installed with 12MM tempered glass and security film. -> Completed Design Solar Solution with Canadian Bifacial Solar Plates N Type -> Tempered glass used for safety and security -> Modern kitchen with Signature appliances. -> 8ft high doors Location ll Amenities ll Security 24/7 ll Sustainability Living ll Green Lifestyle Environment || sustainable Infrastructure ll Cda Approved ll Best Investment ll Heighted Location,"Built in year: 2025, Parking Spaces: 2, Flooring, Waste Disposal, Floors: 2","Bedrooms: 5, Bathrooms: 6, Servant Quarters: 1, Kitchens: 2, Study Room, Prayer Room, Powder Room",,,Lawn or Garden,"Nearby Schools, Nearby Hospitals, Nearby Shopping Malls, Nearby Restaurants, Distance From Airport (kms), Nearby Public Transport Service, Other Nearby Places","Maintenance Staff, Security Staff, Other Facilities",,,
https://www.zameen.com/Property/bahria_enclave_bahria_enclave_-_sector_h_bahria_enclave_sector_h_5_marla_brand_new_house_available_for_sale-52724642-11983-1.html,House,PKR2.75 Crore,4,5 Marla,For Sale,4,2 weeks ago,"Bahria Town, Islamabad, Islamabad Capital","Bahria Enclave Sector H 5 Marla Brand New House Available For Sale Note: Best Quality Guaranteed Construction & Finishing Material. Accommodation: 3 Bedrooms with Attach Imported fitting Washrooms 2 Kitchens 1 Huge TVs Lounge 1 Drawing Servant Quarter with Attached Bath Front Terrace 1 Cars Parking Outside Beautiful Lawn Most Beautiful Location of Bahria Enclave Islamabad Walking Distance from Main Gate, Mosque Park and Commercials. Ideal Location for Living and Enjoying the Amenities & Live in a Healthy Natural Environment Contact for More details.",,"Bedrooms: 3, Bathrooms: 3",Other Business and Communication Facilities,Mosque,Other Healthcare and Recreation Facilities,"Nearby Schools, Nearby Hospitals, Nearby Shopping Malls, Nearby Restaurants, Distance From Airport (kms), Nearby Public Transport Service, Other Nearby Places","Security Staff, Other Facilities",,,
https://www.zameen.com/Property/b_17_faisal_margalla_city_faisal_margalla_city_islamabad_5_marla_spanish_white_house_available_for_sale_a_construction_vip_location_all_facilities_available_on_walking_distance-53248452-13424-1.html,House,PKR2.75 Crore,5,5 Marla,For Sale,4,21 hours ago,"B-17, Islamabad, Islamabad Capital",Fmc Faisal margalla City Islamabad 5 Marla brand new double unit house available for sale 4 bed room's 5 wash room's tv lunch's drowning rooms 2 VIP kitchen car parking sarqat room+ near Market masjid school Park everything available on walking distance prime location A+++ construction,"Parking Spaces: 1, Double Glazed Windows, Central Air Conditioning, Central Heating, Flooring, Electricity Backup, Waste Disposal, Furnished","Bedrooms: 4, Bathrooms: 6, Servant Quarters: 1, Drawing Room, Dining Room, Kitchens: 2, Study Room, Prayer Room, Powder Room, Gym, Store Rooms: 1, Steam Room, Lounge or Sitting Room, Laundry Room, Other Rooms","Broadband Internet Access, Satellite or Cable TV Ready, Intercom, Other Business and Communication Facilities","Community Lawn or Garden, Community Swimming Pool, Community Gym, First Aid or Medical Centre, Day Care Centre, Kids Play Area, Barbeque Area, Mosque, Community Centre, Other Community Facilities","Lawn or Garden, Swimming Pool, Sauna, Jacuzzi, Other Healthcare and Recreation Facilities","Nearby Schools, Nearby Hospitals, Nearby Shopping Malls, Nearby Restaurants, Distance From Airport (kms), Nearby Public Transport Service, Other Nearby Places","Maintenance Staff, Security Staff, Facilities for Disabled, Other Facilities",,,
https://www.zameen.com/Property/mpchs_multi_gardens_mpchs_-_block_c_mpchs_multi_garden_b-17_islamabad_10_marla_corner_house_available_for_sale_24_7_boring_water_electric_meter_sui_gas_meter_available_direct_access_main_double_road_near_market_masjid_school_park_everything_available_on_walking_distance-53125084-3118-1.html,House,PKR4.1 Crore,-,10 Marla,For Sale,6,1 week ago,"B-17, Islamabad, Islamabad Capital",Mpchs multi garden B-17 Islamabad 10 Marla double unit corner house available for sale in multi garden C block B-17 6 bed room's 8 wash room's drowning rooms tv lunch's laundry area sitting area 2 big kitchen's open terrace momti room sarqat room garden A++ construction solid wood work solid construction 3 - 4 car parking space 24/7 boring water two electric meter two sui gas meter available Direct access main double road near Market masjid school Park everything available on walking distance prime location very reasonable price more details,"Built in year: 2025, Parking Spaces: 3, Double Glazed Windows, Central Air Conditioning, Central Heating, Flooring, Electricity Backup, Waste Disposal, Floors, Other Main Features, Furnished","Bedrooms: 6, Bathrooms: 8, Servant Quarters: 1, Drawing Room, Dining Room, Kitchens: 2, Study Room, Prayer Room, Powder Room, Gym, Store Rooms: 1, Steam Room, Lounge or Sitting Room, Laundry Room, Other Rooms","Broadband Internet Access, Satellite or Cable TV Ready, Intercom, Other Business and Communication Facilities","Community Lawn or Garden, Community Swimming Pool, Community Gym, First Aid or Medical Centre, Day Care Centre, Kids Play Area, Barbeque Area, Mosque, Community Centre, Other Community Facilities","Lawn or Garden, Swimming Pool, Sauna, Jacuzzi, Other Healthcare and Recreation Facilities","Nearby Schools, Nearby Hospitals, Nearby Shopping Malls, Nearby Restaurants, Distance From Airport (kms), Nearby Public Transport Service, Other Nearby Places","Maintenance Staff, Security Staff, Facilities for Disabled, Other Facilities",,,
https://www.zameen.com/Property/b_17_faisal_margalla_city_faisal_margalla_city_beautiful_house_available_for_sale_prime_location-53253244-13424-1.html,House,PKR2.29 Crore,-,5 Marla,For Sale,-,2 days ago,"B-17, Islamabad, Islamabad Capital",FMC Faisal margalla City Islamabad 5 Marla brand new house available for sale 4 bed room's 5 wash room's 2 kitchens drowning rooms tv lunch's big car parking sarqat room open terrace beautiful view solid wood work solid A++ construction VIP location Near Market masjid school family Park everything available on walking distance prime location electric meter available good rental value,"Parking Spaces: 1, Double Glazed Windows, Central Air Conditioning, Central Heating, Flooring, Electricity Backup, Waste Disposal, Other Main Features, Furnished","Bedrooms: 4, Bathrooms: 5, Servant Quarters: 1, Drawing Room, Dining Room, Kitchens: 2, Study Room, Prayer Room, Powder Room, Gym, Store Rooms: 1, Steam Room, Lounge or Sitting Room, Laundry Room, Other Rooms","Broadband Internet Access, Satellite or Cable TV Ready, Intercom, Other Business and Communication Facilities","Community Lawn or Garden, Community Swimming Pool, Community Gym, First Aid or Medical Centre, Day Care Centre, Kids Play Area, Barbeque Area, Mosque, Community Centre, Other Community Facilities","Lawn or Garden, Swimming Pool, Sauna, Jacuzzi, Other Healthcare and Recreation Facilities","Nearby Schools, Nearby Hospitals, Nearby Shopping Malls, Nearby Restaurants, Distance From Airport (kms), Nearby Public Transport Service, Other Nearby Places","Maintenance Staff, Security Staff, Facilities for Disabled, Other Facilities",,,
https://www.zameen.com/Property/islamabad_b-17_1_bed_flat_for_sale_domination_height_is_an_exclusive_residential_apartment_project_in_b-17_islamabad-53286297-616-1.html,Flat,PKR80 Lakh,1,2.5 Marla,For Sale,1,1 week ago,"B-17, Islamabad, Islamabad Capital","B17 FMC Domination Heights 1 Purely Residential project With amenities, 1 Bed Room Area 562 Sqft Price 80 Lac Only Attach bathroom TV launch separate kitchen terrace left to floor underground parking all facilities available brand new building easy approach excellent location good investment good level good time Attach bathroom TV launch separate kitchen terrace left to floor underground parking all facilities available brand new building easy approach excellent location good investment good level good tim 3 Bed Room Area 1650 Sqft Price 1 Crore 70 Lac Only Attach bathroom TV launch separate kitchen terrace left to floor underground parking all facilities available brand new building easy approach excellent location good investment good level good time 2 Bed Room Area 954 Sqft Price 1 Crore 40 Lac Only 3 Bed Room Area 1282 Sqft Price 1 Crore 90 Lac Only Attach bathroom TV launch separate kitchen terrace left to floor underground parking all facilities available brand new building easy approach excellent location good investment good level good time *Domination* *Heights* *LOP* *approved* *Ground* *+* *15* *story* *building* *2* *Basement* *Car* *Parking","Built in year: 2025, Parking Spaces, Lobby in Building, Double Glazed Windows, Central Air Conditioning, Flooring, Electricity Backup, Floor: 18, Floors in Building: 18, Elevators: 6, Other Main Features","Bedrooms: 6, Bathrooms: 1, Drawing Room, Dining Room, Kitchens: 1, Study Room, Prayer Room, Powder Room, Store Rooms: 2, Steam Room, Laundry Room",Broadband Internet Access,"Community Lawn or Garden, Community Swimming Pool, Community Gym, First Aid or Medical Centre, Day Care Centre, Kids Play Area, Barbeque Area, Mosque, Community Centre, Other Community Facilities",Sauna,"Nearby Schools, Nearby Hospitals, Nearby Shopping Malls, Nearby Restaurants, Distance From Airport (kms), Nearby Public Transport Service, Other Nearby Places",,,,
https://www.zameen.com/Property/islamabad_d-12_5_marla_brand_new_most_beautiful_designer_owner_build_house_available_for_sale_d-12_in_islamabad-53357023-160-1.html,House,PKR5.75 Crore,5,5 Marla,For Sale,4,2 weeks ago,"D-12, Islamabad, Islamabad Capital",5 Marla Brand New Most Beautiful Designer House Solar system Installed 5 Bed Rooms with attached wash Rooms T. V Lounge Drawing Room Kitchen Servant Room Car Parking Electricity Meter Gas Meter Water Boring And Supply Nearly Market Park Masjid Markaz All Facilities Available Beautiful Margalla Hill views For More Details Contact Me,"Built in year: 2025, Parking Spaces: 1, Double Glazed Windows, Central Air Conditioning, Central Heating, Flooring, Electricity Backup, Waste Disposal, Floors: 2, Other Main Features","Bedrooms: 5, Bathrooms: 6, Servant Quarters: 1, Drawing Room, Dining Room, Kitchens: 2, Study Room, Prayer Room, Powder Room, Gym, Store Rooms: 1, Steam Room, Lounge or Sitting Room, Laundry Room, Other Rooms","Broadband Internet Access, Satellite or Cable TV Ready, Intercom, Other Business and Communication Facilities","Community Lawn or Garden, Community Swimming Pool, Community Gym, First Aid or Medical Centre, Day Care Centre, Kids Play Area, Barbeque Area, Mosque, Community Centre, Other Community Facilities","Lawn or Garden, Swimming Pool, Sauna, Jacuzzi, Other Healthcare and Recreation Facilities","Nearby Schools, Nearby Hospitals, Nearby Shopping Malls, Nearby Restaurants, Distance From Airport (kms), Nearby Public Transport Service, Other Nearby Places","Maintenance Staff, Security Staff, Facilities for Disabled, Other Facilities",,,
https://www.zameen.com/Property/gulberg_gulberg_greens_2bedroom_flats_available_for_sale_reasonable_price_gulberg_green_islamabad-53357005-8312-1.html,Flat,PKR85 Lakh,2,3.2 Marla,For Sale,2,4 weeks ago,"Gulberg, Islamabad, Islamabad Capital","2 Bedroom Apartment for Sale - Gulberg Green, Islamabad *Very Reasonable Price & Family Flat* Details: - Location: Block C Gulberg Green, Islamabad - Bedrooms: 2 - Attached Washrooms - Kitchen - TV Lounge - Balcony - Floor: 5th - Lift: Available (24/7) Rentals Income non furnished 45k Rented. . . . Furnished 80+ rent","Built in year: 2025, Parking Spaces: 1, Lobby in Building, Double Glazed Windows, Central Air Conditioning, Central Heating, Flooring, Electricity Backup, Waste Disposal, Floor: 3, Floors in Building: 6, Elevators: 1, Service Elevators in Building","Bedrooms: 2, Bathrooms: 2, Drawing Room, Kitchens: 1, Study Room, Prayer Room, Powder Room, Gym, Store Rooms: 1, Steam Room, Lounge or Sitting Room, Laundry Room","Broadband Internet Access, Satellite or Cable TV Ready, Business Center or Media Room in Building, Conference Room in Building, Intercom, ATM Machines","Community Lawn or Garden, Community Swimming Pool, Community Gym, First Aid or Medical Centre, Day Care Centre, Kids Play Area, Barbeque Area, Mosque, Community Centre",Sauna,"Nearby Schools, Nearby Hospitals, Nearby Shopping Malls, Nearby Restaurants, Distance From Airport (kms), Nearby Public Transport Service, Other Nearby Places","Maintenance Staff, Security Staff, Laundry or Dry Cleaning Facility, Communal/Shared Kitchen, Facilities for Disabled, Pets Allowed, Other Facilities",,,
https://www.zameen.com/Property/islamabad_g-13_30x60_brand_new_beautiful_house_for_sale_in_g-13-53007094-330-1.html,House,PKR6.4 Crore,6,7 Marla,For Sale,5,5 days ago,"G-13, Islamabad, Islamabad Capital",30x60 Beautiful House For Sale In G-13 5 Bedrooms 6 Bathrooms 2 Kitchen 2 Tv Lounge 2 Drawing Room Servant Quarter With Attach Bathrooms Car Parking Space Gas And Electricity Meter Available Near To Market Double Road Kashmir Highway Ideal Location With All Facilities,"Built in year: 2023, Parking Spaces: 1, Double Glazed Windows, Central Air Conditioning, Central Heating, Flooring, Electricity Backup, Waste Disposal, Floors: 1, Other Main Features, Furnished","Bedrooms: 5, Bathrooms: 6, Servant Quarters: 7, Drawing Room, Dining Room, Kitchens: 1, Study Room, Prayer Room, Powder Room, Gym, Store Rooms: 1, Steam Room, Lounge or Sitting Room, Laundry Room, Other Rooms","Broadband Internet Access, Satellite or Cable TV Ready, Intercom, Other Business and Communication Facilities","Community Lawn or Garden, Community Swimming Pool, Community Gym, First Aid or Medical Centre, Day Care Centre, Kids Play Area, Barbeque Area, Mosque, Community Centre, Other Community Facilities","Lawn or Garden, Swimming Pool, Sauna, Jacuzzi, Other Healthcare and Recreation Facilities","Nearby Schools, Nearby Hospitals, Nearby Shopping Malls, Nearby Restaurants, Distance From Airport (kms), Nearby Public Transport Service, Other Nearby Places","Maintenance Staff, Security Staff, Facilities for Disabled, Other Facilities",,,
https://www.zameen.com/Property/islamabad_bani_gala_5_marla_single_storey_house_for_sale-51177683-340-1.html,House,PKR1.25 Crore,3,5 Marla,For Sale,2,2 days ago,"Bani Gala, Islamabad, Islamabad Capital",5 marla single story brand new house available for sale. 2 bedroom attached bath. T. v Lounge. Kitchen. Laundry area. drawing room. Car parking. Mumty. Near to main market and basic facilities. concreted roads. call us for more details.,"Built in year: 2024, Parking Spaces: 1, Double Glazed Windows, Central Air Conditioning, Central Heating, Flooring, Electricity Backup, Waste Disposal, Floors: 1, Other Main Features, Furnished","Bedrooms: 2, Bathrooms: 3, Servant Quarters: 1, Drawing Room, Dining Room, Kitchens: 1, Study Room, Prayer Room, Powder Room, Gym, Store Rooms: 1, Steam Room, Lounge or Sitting Room, Laundry Room, Other Rooms","Broadband Internet Access, Satellite or Cable TV Ready, Intercom, Other Business and Communication Facilities","Community Lawn or Garden, Community Swimming Pool, Community Gym, First Aid or Medical Centre, Day Care Centre, Kids Play Area, Barbeque Area, Mosque, Community Centre, Other Community Facilities","Lawn or Garden, Sauna, Jacuzzi, Other Healthcare and Recreation Facilities","Nearby Schools, Nearby Hospitals, Nearby Shopping Malls, Nearby Restaurants, Distance From Airport (kms), Nearby Public Transport Service, Other Nearby Places","Maintenance Staff, Security Staff, Other Facilities",,,
https://www.zameen.com/Property/dha_defence_dha_defence_phase_1_huge_luxury_house_in_dha_phase_1_sec_f-53260270-376-1.html,House,PKR60 Crore,7,4 Kanal,For Sale,8,1 week ago,"DHA Defence, Islamabad, Islamabad Capital","House in DHA Sector F Phase 1, Rawalpindi. 50 Marla House with 30 Marla Extra Land Lift with Security cameras more than 30 30 Kva Solar system Covered area: 18000 sq ft Comprising on 3 floors (Lower ground, Ground Floor, First floor) Bedrooms: 8 with changing room and attached baths Drawing: 2 Dinning: 2 Lounges: 3 Kitchen: 2 Dirty kitchen: 1 Servant rooms: 3 Lawns: 2 Amenities: Snooker Home Office Prayer room Lift WashingArea Covered area plot 2knal 10 marlla extra land infront of house 1 knal Covered converted in front lawn allotment of extra land 1 knal infront of house is under processwithD. H. A feel free to contact frontline ventures for further details","Built in year: 2025, Parking Spaces, Double Glazed Windows, Central Air Conditioning, Central Heating, Flooring, Electricity Backup, Waste Disposal, Floors: 3, Other Main Features, Furnished","Bedrooms: 8, Bathrooms: 9, Servant Quarters: 2, Drawing Room, Dining Room, Kitchens: 2, Study Room, Prayer Room, Powder Room, Gym, Store Rooms: 2, Steam Room, Lounge or Sitting Room, Laundry Room, Other Rooms","Broadband Internet Access, Satellite or Cable TV Ready, Intercom, Other Business and Communication Facilities","Community Lawn or Garden, Community Swimming Pool, Community Gym, First Aid or Medical Centre, Day Care Centre, Kids Play Area, Barbeque Area, Mosque, Community Centre, Other Community Facilities","Lawn or Garden, Swimming Pool, Sauna, Jacuzzi, Other Healthcare and Recreation Facilities","Nearby Schools, Nearby Hospitals, Nearby Shopping Malls, Nearby Restaurants, Distance From Airport (kms), Nearby Public Transport Service, Other Nearby Places","Maintenance Staff, Security Staff, Facilities for Disabled, Other Facilities",,,
https://www.zameen.com/Property/bahria_enclave_bahria_enclave_-_sector_c1_sector_c1_10_marla_brand_new_house_excellent_construction_quality_heighted_location_house_available_for_sale-53261462-11987-1.html,House,PKR4.95 Crore,6,10 Marla,For Sale,5,1 week ago,"Bahria Town, Islamabad, Islamabad Capital",Sector C1 10 Marla Brand New House Excellent Construction Quality Heighted Location House Available for Sale Note: Most Beautiful Location of Sector C1 Walking Distance from Mosque Park and Commercial. Meeting with Director Owner Accommodation: 5 Bedrooms with Attach Bathrooms 2 Kitchen 2 Tv Lounge Drawing & Dinning Room Servant Quarter with Attached Bath Front Terrace 2 Car Parking Note: Best Quality Guaranteed Construction & Finishing Material. Ideal Location for Living and Enjoying the Amenities & Live in a Healthy Natural Environment. Contact for More details:,"Built in year, Parking Spaces: 3, Double Glazed Windows, Central Air Conditioning, Central Heating, Flooring, Electricity Backup, Waste Disposal, Floors: 2, Other Main Features","Bedrooms: 5, Bathrooms: 6, Servant Quarters: 2, Drawing Room, Dining Room, Kitchens: 2, Study Room, Prayer Room, Powder Room, Gym, Store Rooms: 1, Steam Room, Lounge or Sitting Room, Laundry Room, Other Rooms","Broadband Internet Access, Satellite or Cable TV Ready, Intercom, Other Business and Communication Facilities","Community Lawn or Garden, Community Swimming Pool, Community Gym, First Aid or Medical Centre, Day Care Centre, Kids Play Area, Barbeque Area, Mosque, Community Centre, Other Community Facilities","Lawn or Garden, Swimming Pool, Sauna, Jacuzzi, Other Healthcare and Recreation Facilities","Nearby Schools, Nearby Hospitals, Nearby Shopping Malls, Nearby Restaurants, Distance From Airport (kms), Nearby Public Transport Service, Other Nearby Places","Maintenance Staff, Security Staff, Facilities for Disabled, Other Facilities",,,
https://www.zameen.com/Property/mpchs_multi_gardens_mpchs_-_block_b_14_marla_designer_luxury_double_unit_house_in_block_b_available_for_sale_in_multi_gardens-53255000-3117-1.html,House,PKR6.5 Crore,7,14 Marla,For Sale,6,1 week ago,"B-17, Islamabad, Islamabad Capital","14 Marla Designer Luxury Double Unit House. In Block B Available For Sale in Multi Gardens. MPCHS B-17 Islamabad. Modern Architecture. House Size 40*80. Double Unit. 6 Bedrooms. 7 Baths. 2 Drawing Dining. 2 TV Lounge. 2 Kitchens. 2 Car Parking. Servant Quarter with attach Bath. Electricity , Water Available. Interested People Can Contact Easily. Multi Gardens MPCHS B-17 is a Good Sector. For Residence Because Neat and Clean. 24 Hours Security. Schools , Banks , Restaurants , Parks , Zoo all Facilities Available.","Built in year, Parking Spaces, Double Glazed Windows, Central Air Conditioning, Central Heating, Flooring, Electricity Backup, Waste Disposal, Other Main Features, Furnished","Servant Quarters, Other Rooms","Broadband Internet Access, Satellite or Cable TV Ready, Intercom, Other Business and Communication Facilities","Community Lawn or Garden, Community Swimming Pool, Community Gym, First Aid or Medical Centre, Day Care Centre, Kids Play Area, Barbeque Area, Mosque, Community Centre, Other Community Facilities","Lawn or Garden, Jacuzzi, Other Healthcare and Recreation Facilities","Nearby Schools, Nearby Hospitals, Nearby Shopping Malls, Nearby Restaurants, Distance From Airport (kms), Nearby Public Transport Service, Other Nearby Places","Maintenance Staff, Security Staff, Facilities for Disabled, Other Facilities",,,
https://www.zameen.com/Property/b_17_mpchs_-_multi_gardens_urgent_house_for_sale-53312196-3115-1.html,House,PKR2.45 Crore,6,5 Marla,For Sale,5,2 weeks ago,"B-17, Islamabad, Islamabad Capital","5 Marla Corner House For Sale In Multi Garden B17 Islamabad 5 Bed Room 6 And 5 Washroom The metropolis of Islamabad is offering a House for an attractive price of PKR Rs. 24500000. This well-planned House enjoys well-ventilated at all times. With features like this, you bet that the tag of Rs. 24500000 that it carries is quite nominal. Considering to buy this property? This one has multi-purpose facilities that doesn't show up on the radar too often. The location of MPCHS - Multi Gardens is the most coveted address in the city. Become the owner of 5 Marla property in few easy steps. Interested in buying a House? Give us a call today.","Built in year: 2027, Parking Spaces, Double Glazed Windows, Central Air Conditioning, Central Heating, Flooring, Electricity Backup, Waste Disposal, Furnished",,,,,,,,,
https://www.zameen.com/Property/d_12_d-12_3_idyllic_house_available_in_d-12_3_for_sale-53264129-3156-1.html,House,PKR13.5 Crore,-,14.2 Marla,For Sale,-,1 month ago,"D-12, Islamabad, Islamabad Capital",D-12/3 House For Sale Corner House 356 Square Yard Outclass Location Peaceful Environment. Reasonable Demand. Interested Persons Are Welcome To Visit The Property. Please Feel Free To Call Us If You Need Further Details About this. We Request That Only Serious Individuals Contact Us To Make An Immediate Deal. Please Remember To Mention Zameen. Com When Calling.,"Built in year: 2025, Parking Spaces, Double Glazed Windows, Central Air Conditioning, Central Heating, Flooring, Electricity Backup, Waste Disposal, Floors: 3, Other Main Features, Furnished","Bedrooms: 4, Bathrooms: 5, Servant Quarters: 1, Drawing Room, Dining Room, Kitchens: 2, Study Room, Prayer Room, Powder Room, Gym, Store Rooms: 1, Steam Room, Lounge or Sitting Room, Laundry Room, Other Rooms","Broadband Internet Access, Satellite or Cable TV Ready, Intercom, Other Business and Communication Facilities","Community Lawn or Garden, Community Swimming Pool, Community Gym, First Aid or Medical Centre, Day Care Centre, Kids Play Area, Barbeque Area, Mosque, Community Centre, Other Community Facilities","Lawn or Garden, Swimming Pool, Sauna, Jacuzzi, Other Healthcare and Recreation Facilities","Nearby Schools, Nearby Hospitals, Nearby Shopping Malls, Nearby Restaurants, Distance From Airport (kms), Nearby Public Transport Service, Other Nearby Places","Maintenance Staff, Security Staff, Facilities for Disabled, Other Facilities",,,
https://www.zameen.com/Property/dha_defence_phase_2_dha_phase_2_-_sector_b_luxury_house_for_sale-53329960-3197-1.html,House,PKR11.9 Crore,6,1.3 Kanal,For Sale,6,1 day ago,"DHA Defence, Islamabad, Islamabad Capital","Modern Luxury House for Sale DHA Phase 2, Sector B (Islamabad) Demand: Rs. 11 Crore 90 Lakh Covered Area: 6,027 sq. ft Key Features: 6 Spacious Bedrooms | 7 Stylish Bathrooms 3 Fully Equipped Modern Kitchens Can Be Used as Two Independent Portions (Perfect for Dual Families) Imported Fittings & Spanish Bath Accessories USA Yellow Pine Solid Woodwork Granite Kitchen Tops Excellent Location in a Prime Street of Sector B Extra Highlights: Elegant Elevation with Wide Front Ample Car Parking Space Servant Quarter & Beautiful Lawn All Facilities Available (Gas, Water, Electricity) Location: DHA Phase 2, Islamabad Contact: (Waqar Ahmed)","Parking Spaces, Flooring, Other Main Features",,,,,"Nearby Schools, Nearby Hospitals, Nearby Shopping Malls, Nearby Restaurants, Distance From Airport (kms), Nearby Public Transport Service, Other Nearby Places",,,,
https://www.zameen.com/Property/islamabad_bani_gala_5_marla_1_5_storey_brand_new_house-53177314-340-1.html,House,PKR1.4 Crore,4,5 Marla,For Sale,4,1 day ago,"Bani Gala, Islamabad, Islamabad Capital",Location 786 road Bani Gala Islamabad 5 marla 1.5 story house 3 bedroom + dining room 4 bathroom Open kitchen Tv lunch Car porch Electric meter available Water boring available Demand Rs 1 crore 40 lac,"Parking Spaces: 1, Double Glazed Windows, Flooring","Bedrooms: 4, Bathrooms: 4, Servant Quarters: 1, Drawing Room, Dining Room, Kitchens: 1, Laundry Room",,"Kids Play Area, Barbeque Area, Mosque",,"Nearby Schools, Nearby Hospitals, Nearby Shopping Malls, Nearby Restaurants, Distance From Airport (kms), Nearby Public Transport Service",Security Staff,,,
https://www.zameen.com/Property/dha_phase_5_sector_h_askari_heights_4_flat_for_sale_in_askari_heights_4_dha_phase_5-47448435-21450-1.html,Flat,PKR2.9 Crore,4,10 Marla,For Sale,3,7 hours ago,"DHA Defence, Islamabad, Islamabad Capital",Newly Constructed Flat For Sale In DHA 5 Askari Heights 4 Ideal Location Best Option For Leaving Further Information Please Contact Us ESTATE INVESTMENT Office Main Cal Tex Road Rawalpindi. Registered And Authorized Dealer Of Army Housing Directorate GHQ Rawalpindi And DHA Islamabad.,"Built in year: 1, Parking Spaces: 1, Lobby in Building, Double Glazed Windows, Central Air Conditioning, Central Heating, Flooring, Electricity Backup, Waste Disposal, Floor: 1, Floors in Building: 1, Elevators: 1, Service Elevators in Building, Other Main Features, Furnished","Bedrooms: 3, Bathrooms: 3, Servant Quarters: 1, Drawing Room, Dining Room, Kitchens: 1, Study Room, Prayer Room, Powder Room, Gym, Store Rooms: 1, Steam Room, Lounge or Sitting Room, Laundry Room, Other Rooms","Broadband Internet Access, Satellite or Cable TV Ready, Business Center or Media Room in Building, Conference Room in Building, Intercom, ATM Machines, Other Business and Communication Facilities","Community Lawn or Garden, Community Swimming Pool, Community Gym, First Aid or Medical Centre, Day Care Centre, Kids Play Area, Barbeque Area, Mosque, Community Centre, Other Community Facilities","Sauna, Jacuzzi, Other Healthcare and Recreation Facilities","Nearby Schools, Nearby Hospitals, Nearby Shopping Malls, Nearby Restaurants, Distance From Airport (kms), Nearby Public Transport Service, Other Nearby Places","Maintenance Staff, Security Staff, Facilities for Disabled, Other Facilities",,,
https://www.zameen.com/Property/islamabad_mumtaz_city_1_bhk_near_kashmir_highway_and_m1_m2_motorway-53312039-3464-1.html,Flat,PKR1.39 Crore,1,3.7 Marla,For Sale,1,4 days ago,"Mumtaz City, Islamabad, Islamabad Capital","1 BHK near M1, M2 Motorway and Kashmir Highway. 5 minutes away from new Islamabad Airport. 25% down payment and 60 monthly installments. Different sizes are available in 1 BHK, 2 BHK and 3 BHK. There are few studios also available. Other society files of Rawalpindi Islamabad can also adjusted as maximum 10% in the total amount of unit.",Parking Spaces: 1,,"Broadband Internet Access, Satellite or Cable TV Ready",,,"Nearby Schools, Nearby Hospitals, Nearby Shopping Malls, Nearby Restaurants, Distance From Airport (kms), Nearby Public Transport Service","Maintenance Staff, Security Staff",PKR34.65 Lakh,PKR1.73 Lakh,60 Months
https://www.zameen.com/Property/dha_defence_dha_defence_phase_2_owner_build_house_for_sale_at_heighted_location-53305646-339-1.html,House,PKR11.5 Crore,6,1 Kanal,For Sale,5,2 days ago,"DHA Defence, Islamabad, Islamabad Capital","For Sale: 1 Kanal Luxury House DHA Phase 2, Islamabad (Prime Location Close to Central Park) Demand: 11.50Crore PKR 5 Bedrooms 2 TV Lounges Drawing Room + Dining Room 3-Car Parking Premium build quality & finishes Situated in a prime block near Central Park Managed by Al Arz Investments your trusted real-estate partner For enquiries & viewings, contact View Contact Detail (Al Arz Investments).","Built in year: 2025, Parking Spaces: 3, Double Glazed Windows, Central Air Conditioning, Central Heating, Flooring, Electricity Backup, Waste Disposal, Floors: 2, Other Main Features","Bedrooms: 5, Bathrooms: 6, Servant Quarters: 1, Drawing Room, Dining Room, Kitchens: 1, Study Room, Prayer Room, Powder Room, Gym, Store Rooms: 1, Steam Room, Lounge or Sitting Room, Laundry Room, Other Rooms","Broadband Internet Access, Satellite or Cable TV Ready, Intercom, Other Business and Communication Facilities","Community Lawn or Garden, Community Swimming Pool, Community Gym, First Aid or Medical Centre, Day Care Centre, Kids Play Area, Barbeque Area, Mosque, Community Centre, Other Community Facilities","Lawn or Garden, Swimming Pool, Sauna, Jacuzzi, Other Healthcare and Recreation Facilities","Nearby Schools, Nearby Hospitals, Nearby Shopping Malls, Nearby Restaurants, Distance From Airport (kms), Nearby Public Transport Service, Other Nearby Places","Maintenance Staff, Security Staff, Facilities for Disabled, Other Facilities",,,
https://www.zameen.com/Property/bahria_enclave_bahria_enclave_-_sector_c3_brand_new_10_marla_designer_house_for_sale_sector_c3_bahria_enclave-52955746-11989-1.html,House,PKR4.5 Crore,5,10 Marla,For Sale,5,2 weeks ago,"Bahria Town, Islamabad, Islamabad Capital","Brand New 10 Marla Designer House for Sale Sector C3, Bahria Enclave Presenting a beautifully designed brand new 10 Marla house located in the prime area of Sector C3, Bahria Enclave. This modern home is built with A+ grade construction materials and features elegant interiors and top-quality imported fittings. Property Features: 5 spacious bedrooms with attached modern bathrooms 2 stylish kitchens equipped with high-end fixtures TV lounge and a drawing room for comfortable family living and guest entertainment 1 servant quarter 95% of the area is fully constructed, maximizing space and functionality Situated in a highly desirable location, this house offers the perfect blend of luxury, comfort, and practicality ideal for families seeking a peaceful yet upscale lifestyle. Asking Price: 4.60 Best location for living and investment",,"Bedrooms: 5, Bathrooms: 6, Servant Quarters: 1, Drawing Room, Dining Room, Kitchens: 2, Study Room, Prayer Room, Store Rooms: 1",Other Business and Communication Facilities,"Community Lawn or Garden, Mosque",Other Healthcare and Recreation Facilities,"Nearby Schools, Nearby Hospitals, Nearby Shopping Malls, Nearby Restaurants, Nearby Public Transport Service",,,,
https://www.zameen.com/Property/bahria_enclave_bahria_enclave_-_sector_n_sector_n_5_marla_brand_new_house_5_bedroom_with_attached_bathroom-52955827-11975-1.html,House,PKR2.4 Crore,3,5 Marla,For Sale,3,2 weeks ago,"Bahria Town, Islamabad, Islamabad Capital",Sector N 5 Marla Brand New House For Sale 5 Bedrooms with Attached Bathrooms 2 Stylish Kitchen 2 TV Lounge Drawing and Dining Room 1 Servant Quarter with Bathroom Beautiful Terrace View Car Poarch Peaceful Environment Attractive and Splendid Views All Living Facilities and Amenities are Available Secure Living Standards 24 7 Power Supply and Many More Come and avail this opportunity because all basic requirements are available at your door step Contact us for More Details,,"Bedrooms: 3, Bathrooms: 3, Dining Room, Kitchens: 2",Other Business and Communication Facilities,Mosque,Other Healthcare and Recreation Facilities,"Nearby Schools, Nearby Hospitals, Nearby Shopping Malls, Nearby Restaurants, Nearby Public Transport Service",,,,
https://www.zameen.com/Property/i_16_i-16_3_i-16_flat_for_sale_e_type-53352103-3437-1.html,Flat,PKR50 Lakh,2,4.1 Marla,For Sale,2,2 weeks ago,"I-16, Islamabad, Islamabad Capital",I-16 E Type Flat For Sale 2 bedroom 2 bathroom TV lunch Drawing room Block E17 Flat no 14 2 nd floor Demand 52lac More details call us,"Lobby in Building, Double Glazed Windows, Central Air Conditioning, Central Heating, Flooring, Electricity Backup, Floor: 2","Bedrooms: 2, Bathrooms: 2, Servant Quarters: 1, Drawing Room, Dining Room, Kitchens: 2, Study Room, Prayer Room, Powder Room, Gym, Steam Room, Lounge or Sitting Room, Laundry Room","Broadband Internet Access, Satellite or Cable TV Ready, Business Center or Media Room in Building, Conference Room in Building, Intercom, ATM Machines","Community Lawn or Garden, Community Swimming Pool, Community Gym, First Aid or Medical Centre, Day Care Centre, Kids Play Area, Barbeque Area, Mosque, Community Centre","Sauna, Jacuzzi","Nearby Schools, Nearby Hospitals, Nearby Shopping Malls, Nearby Restaurants, Distance From Airport (kms), Nearby Public Transport Service, Other Nearby Places","Maintenance Staff, Security Staff, Laundry or Dry Cleaning Facility, Communal/Shared Kitchen, Facilities for Disabled, Other Facilities",,,
https://www.zameen.com/Property/bahria_enclave_bahria_enclave_-_sector_n_sector_n_8_marla_brand_new_house_excellent_construction_quality_heighted_location_house_available_for_sale-53356229-11975-1.html,House,PKR3.4 Crore,6,8 Marla,For Sale,5,3 weeks ago,"Bahria Town, Islamabad, Islamabad Capital",Sector N 8 Marla Brand New House Excellent Construction Quality Heighted Location Back open House Available for Sale Sector N 8 Marla Brand New House Excellent Construction Quality Heighted Location House Available for Sale Note: Most Beautiful Location of Sector N Walking Distance from Mosque Park and Commercial. Meeting with Director Owner Accommodation: 5 Bedrooms with Attach Bathrooms 2 Kitchen 2 Tv Lounge Drawing & Dinning Room Servant Quarter with Attached Bath Front Terrace 2 Car Parking Note: Best Quality Guaranteed Construction & Finishing Material. Ideal Location for Living and Enjoying the Amenities & Live in a Healthy Natural Environment. Contact for More details:,"Built in year: 2010, Parking Spaces: 1, Double Glazed Windows, Flooring, Electricity Backup, Waste Disposal, Floors: 2","Bedrooms: 5, Bathrooms: 6, Servant Quarters: 1, Drawing Room, Dining Room, Kitchens: 2, Study Room, Powder Room, Lounge or Sitting Room, Laundry Room","Broadband Internet Access, Satellite or Cable TV Ready, Intercom","Community Lawn or Garden, Community Gym, First Aid or Medical Centre, Day Care Centre, Kids Play Area, Barbeque Area, Mosque, Community Centre",,"Nearby Schools, Nearby Hospitals, Nearby Shopping Malls, Nearby Restaurants, Distance From Airport (kms), Nearby Public Transport Service, Other Nearby Places","Maintenance Staff, Security Staff",,,
https://www.zameen.com/Property/d_12_d-12_1_d12_1_house_for_sale-53167771-3154-1.html,House,PKR5.75 Crore,4,5 Marla,For Sale,4,4 weeks ago,"D-12, Islamabad, Islamabad Capital","25x50 5marla House 4Bed 4Bath 1Kitchen Big car parking 50feet Road With this House, all the day to day facilities are at a close reach. The House for sale is a great deal considering it comes with many facilities. The asking price is set reasonably at Rs. 57500000. With real estate on the boom, investing in Islamabad is no less than an opportunity. This D-12/1 is widely hailed as having some of the best properties. We strongly urge you to consider this offer. If 5 Marla House is what you are looking for, this is it. Some of the salient features of this property are described here. The House features state-of-the-art amenities for the differently-abled. Your kids can play to their heart's content in the play area adjoining the property. The expert security staff will remain vigilant round the clock. You don't have to worry about waste disposal in your new place. Its already been taken care of. Sauna aids in blood circulation and weight loss so you can give it a try having quick access to it. With central heating system at House, the indoor temperature is maintained at all times. The House is well-furnished with ornate fixtures, modern furniture and wall fittings. To make a booking in upcoming projects, get in touch with us today.","Built in year: 2017, Double Glazed Windows, Central Air Conditioning, Central Heating, Flooring, Electricity Backup, Waste Disposal, Other Main Features, Furnished",,"Broadband Internet Access, Satellite or Cable TV Ready, Intercom","Community Lawn or Garden, Community Swimming Pool, Community Gym, First Aid or Medical Centre, Day Care Centre, Kids Play Area, Barbeque Area, Mosque, Community Centre","Lawn or Garden, Swimming Pool, Sauna, Jacuzzi","Nearby Schools, Nearby Hospitals, Nearby Shopping Malls, Nearby Restaurants, Distance From Airport (kms), Nearby Public Transport Service, Other Nearby Places","Maintenance Staff, Security Staff, Facilities for Disabled, Other Facilities",,,
https://www.zameen.com/Property/cbr_town_cbr_town_phase_1_7_marla_double_story_house_for_sale-53356083-3147-1.html,House,PKR3.2 Crore,5,7 Marla,For Sale,5,4 weeks ago,"CBR Town, Islamabad, Islamabad Capital",7 MARLA Double story sale in CBR Town phase 1 2 Gas meter electric solar install Good location good work,"Built in year: 2020, Parking Spaces: 10, Double Glazed Windows, Central Air Conditioning, Central Heating, Flooring, Electricity Backup, Waste Disposal, Other Main Features","Bedrooms: 4, Bathrooms: 5, Servant Quarters: 1, Drawing Room, Dining Room, Kitchens: 2","Broadband Internet Access, Satellite or Cable TV Ready, Intercom, Other Business and Communication Facilities","Community Lawn or Garden, Community Swimming Pool, Community Gym, First Aid or Medical Centre, Day Care Centre, Kids Play Area, Barbeque Area, Mosque, Community Centre, Other Community Facilities","Lawn or Garden, Other Healthcare and Recreation Facilities","Nearby Schools, Nearby Hospitals, Nearby Shopping Malls, Nearby Restaurants, Distance From Airport (kms), Nearby Public Transport Service, Other Nearby Places","Maintenance Staff, Security Staff, Facilities for Disabled, Other Facilities",,,
https://www.zameen.com/Property/g_14_g-14_4_g-14_4_25x50_brand_new_beautiful_house_available_for_sale-53356044-3346-1.html,House,PKR5.25 Crore,5,5 Marla,For Sale,5,2 weeks ago,"G-14, Islamabad, Islamabad Capital","Brand New House For Sale Located At Prime Location Of G-14/4 Islamabad Size ( 25x50 )5Marla Great Opportunity For You, Don't Miss It. . . original Pictures Attached about The Property: 5 Bedrooms 5 Washrooms 2 Drawing Room 2 Kitchens 2 Tv Lounge Car Parking Tile Flooring Double Unit House Ideal Locality Electricity & Gas Meters Are Available Water Boring Running & Also Water Supply Facility Available All Facilities Are Available Which Is The Need Of Living Near To Main Double Road And Kashmir Highway Near To School, college, market, masjid public Transport, hospitals And Etc. Located In One Of The Best Locations Of G-13 Islamabad contact us","Built in year: 2, Double Glazed Windows, Central Air Conditioning, Central Heating, Flooring, Waste Disposal, Floors","Bathrooms: 4, Drawing Room, Dining Room, Kitchens: 2, Study Room, Prayer Room, Powder Room, Gym, Steam Room, Lounge or Sitting Room, Laundry Room",,"Community Lawn or Garden, Community Swimming Pool, Community Gym, First Aid or Medical Centre, Day Care Centre, Kids Play Area, Barbeque Area, Mosque, Community Centre","Lawn or Garden, Swimming Pool, Sauna, Jacuzzi",,,,,
https://www.zameen.com/Property/dha_defence_dha_defence_phase_5_1_kanal_brand_new_house_dha_phase_5_sec_b-53259647-10991-1.html,House,PKR14.5 Crore,6,1 Kanal,For Sale,5,1 week ago,"DHA Defence, Islamabad, Islamabad Capital","House for Sale DHA-V Islamabad. Luxury One Kanaal Villa with basement for Sale with the following amenities: 5 Bed Master Bedrooms with wall art and decore Bathrooms with Zilver and Boravit fittins Haier Kitchen accessories with Side by side fridge Designed by leading interior design firm Office and study room provision Side by Side full size wardrobes American designed Kitchen with CASA built in Sinks Schenider Electric safeties with newage cables, basement will be used as theatre, have space for snooker and table tennis, 02 servant rooms at basement. I bed at top roof(2nd floor,)equally suitable as Cigar room with panoramic view of Margalla hills. feel free to contact frontline ventures","Built in year: 2025, Parking Spaces, Double Glazed Windows, Central Heating, Electricity Backup, Floors: 2","Bedrooms: 5, Bathrooms: 6, Servant Quarters: 2, Drawing Room, Dining Room, Study Room, Prayer Room, Store Rooms","Broadband Internet Access, Satellite or Cable TV Ready, Intercom, Other Business and Communication Facilities","Community Swimming Pool, Community Gym, First Aid or Medical Centre, Day Care Centre, Kids Play Area, Mosque, Community Centre","Lawn or Garden, Other Healthcare and Recreation Facilities","Nearby Schools, Nearby Hospitals, Nearby Shopping Malls, Nearby Restaurants, Nearby Public Transport Service, Other Nearby Places","Security Staff, Other Facilities",,,
https://www.zameen.com/Property/bahria_garden_city_bahria_garden_city_-_zone_1_2_kanal_corner_house_for_sale_garden_city_zone_1-53257506-10605-1.html,House,PKR15 Crore,7,2 Kanal,For Sale,6,2 days ago,"Bahria Town, Islamabad, Islamabad Capital",2knaal corner house for sale in Garden city zone 1 6bed room bathroom A plus construction,"Built in year: 2022, Parking Spaces: 5, Double Glazed Windows, Central Air Conditioning, Central Heating, Flooring, Electricity Backup, Waste Disposal, Floors: 2, Other Main Features, Furnished","Bedrooms: 6, Bathrooms: 7, Servant Quarters: 1, Drawing Room, Dining Room, Kitchens: 1, Study Room, Prayer Room, Powder Room, Gym, Store Rooms: 1, Steam Room, Lounge or Sitting Room, Laundry Room, Other Rooms","Broadband Internet Access, Satellite or Cable TV Ready, Intercom, Other Business and Communication Facilities","Community Lawn or Garden, Community Swimming Pool, Community Gym, First Aid or Medical Centre, Day Care Centre, Kids Play Area, Barbeque Area, Mosque, Community Centre, Other Community Facilities","Lawn or Garden, Sauna, Jacuzzi, Other Healthcare and Recreation Facilities","Nearby Schools, Nearby Hospitals, Nearby Shopping Malls, Nearby Restaurants, Distance From Airport (kms), Nearby Public Transport Service, Other Nearby Places","Maintenance Staff, Security Staff, Facilities for Disabled, Other Facilities",,,
https://www.zameen.com/Property/dha_defence_dha_defence_phase_3_live_the_dream_brand_new_1_kanal_modern_luxury_home_for_sale-53356913-8412-1.html,House,PKR6.25 Crore,6,1 Kanal,For Sale,5,4 weeks ago,"DHA Defence, Islamabad, Islamabad Capital","Dream Home in DHA! 1 Kanal Brand New House for Sale Only 6.25 Crore Available on Easy Installments 50% Down Payment on Plot Transfer, Remaining as per your convenience. Luxury | Prime Location | Modern Design","Built in year: 2025, Parking Spaces: 4, Double Glazed Windows, Central Air Conditioning, Central Heating, Flooring, Electricity Backup, Waste Disposal, Floors: 2, Other Main Features, Furnished","Bedrooms: 5, Bathrooms: 6, Servant Quarters: 1, Drawing Room, Dining Room, Kitchens: 2, Study Room, Prayer Room, Powder Room, Gym, Store Rooms: 1, Steam Room, Lounge or Sitting Room, Laundry Room, Other Rooms","Broadband Internet Access, Satellite or Cable TV Ready, Intercom, Other Business and Communication Facilities","Community Lawn or Garden, Community Swimming Pool, Community Gym, First Aid or Medical Centre, Day Care Centre, Kids Play Area, Barbeque Area, Mosque, Community Centre, Other Community Facilities","Lawn or Garden, Swimming Pool, Sauna, Jacuzzi, Other Healthcare and Recreation Facilities","Nearby Schools, Nearby Hospitals, Nearby Shopping Malls, Nearby Restaurants, Distance From Airport (kms), Nearby Public Transport Service, Other Nearby Places","Maintenance Staff, Security Staff, Facilities for Disabled, Other Facilities",,,
https://www.zameen.com/Property/islamabad_g-13_35x70_beautiful_house_for_sale_in_g-13-53191097-330-1.html,House,PKR7 Crore,6,10 Marla,For Sale,6,3 weeks ago,"G-13, Islamabad, Islamabad Capital",35x70 Beautifull House For Sale In G-13 6 bedrooms 7 bathroom 2 kitchen 2 Tv lounge 2 Drawing room Servant quarter with attach washroom Tile Floor Gas and electricity meters available Near to market double Road and kishmir highway Ideal location with all facilities Contact us for more details,"Built in year: 2023, Parking Spaces: 1, Double Glazed Windows, Central Air Conditioning, Central Heating, Flooring, Electricity Backup, Waste Disposal, Floors: 1, Other Main Features, Furnished","Bedrooms: 6, Bathrooms: 7, Servant Quarters: 1, Drawing Room, Dining Room, Kitchens: 2, Study Room, Prayer Room, Powder Room, Gym, Store Rooms: 1, Steam Room, Lounge or Sitting Room, Laundry Room, Other Rooms","Broadband Internet Access, Satellite or Cable TV Ready, Intercom, Other Business and Communication Facilities","Community Lawn or Garden, Community Swimming Pool, Community Gym, First Aid or Medical Centre, Day Care Centre, Kids Play Area, Barbeque Area, Mosque, Community Centre, Other Community Facilities","Lawn or Garden, Swimming Pool, Sauna, Jacuzzi, Other Healthcare and Recreation Facilities","Nearby Schools, Nearby Hospitals, Nearby Shopping Malls, Nearby Restaurants, Distance From Airport (kms), Nearby Public Transport Service, Other Nearby Places","Maintenance Staff, Security Staff, Facilities for Disabled, Other Facilities",,,
https://www.zameen.com/Property/islamabad_f-7_modern_brand-new_luxury_home_is_for_sale-52250741-165-1.html,House,PKR55 Crore,7,1.2 Kanal,For Sale,6,3 days ago,"F-7, Islamabad, Islamabad Capital","Chohan HAY Estate Offers: - Brand New Home - HOT Location in F-7/3 - Big Front - Basement, Ground and Separate Upper Portion - Six Bedrooms with Attached Modern Washrooms - Drawing, Dining and TV Lounge - Modern Two Kitchens - Stylish ceilings, tiled, and wooden flooring - Servant Quarters - Parking Space - A Great Opportunity to Own this Luxurious Home - Dont Waste TimeGrab this Modern, Brand-new Home Today! For more information and additional options, kindly contact at mentioned numbers or visit CHOHAN HAY ESTATE","Built in year, Parking Spaces, Double Glazed Windows, Central Air Conditioning, Flooring, Electricity Backup, Waste Disposal, Floors: 3, Furnished","Bedrooms: 6, Bathrooms: 7, Servant Quarters, Drawing Room, Dining Room, Kitchens, Study Room, Prayer Room, Powder Room, Gym, Store Rooms, Steam Room, Lounge or Sitting Room, Laundry Room","Broadband Internet Access, Satellite or Cable TV Ready, Intercom","Community Lawn or Garden, Community Swimming Pool, Community Gym, First Aid or Medical Centre, Day Care Centre, Kids Play Area, Barbeque Area, Mosque, Community Centre",Lawn or Garden,"Nearby Schools, Nearby Hospitals, Nearby Shopping Malls, Nearby Restaurants, Distance From Airport (kms), Nearby Public Transport Service, Other Nearby Places","Security Staff, Other Facilities",,,
https://www.zameen.com/Property/islamabad_top_city_1_10_marla_designer_house_for_sale-53231868-1383-1.html,House,PKR4.15 Crore,6,10 Marla,For Sale,5,2 weeks ago,"Top City 1, Islamabad, Islamabad Capital","Beautiful 10 Marla house in Block A, Top City-1, Islamabad. Double storey with 5 bedrooms, 5 bathrooms ,Spacious drawing room, modern kitchen, and lounge and servant room Good finish throughout. Located close to mosque, park, and main road. Ideal for family, secure and convenient. Call Us For More Details","Built in year: 2024, Parking Spaces: 2, Double Glazed Windows, Central Air Conditioning, Central Heating, Flooring, Electricity Backup, Waste Disposal, Floors: 2, Other Main Features, Furnished","Bedrooms: 5, Bathrooms: 6, Servant Quarters: 1, Drawing Room, Dining Room, Kitchens: 2, Study Room, Prayer Room, Powder Room, Gym, Store Rooms: 1, Steam Room, Lounge or Sitting Room, Laundry Room, Other Rooms","Broadband Internet Access, Satellite or Cable TV Ready, Intercom, Other Business and Communication Facilities","Community Lawn or Garden, Community Swimming Pool, Community Gym, First Aid or Medical Centre, Day Care Centre, Kids Play Area, Barbeque Area, Mosque, Community Centre, Other Community Facilities","Lawn or Garden, Swimming Pool, Sauna, Jacuzzi, Other Healthcare and Recreation Facilities","Nearby Schools, Nearby Hospitals, Nearby Shopping Malls, Nearby Restaurants, Distance From Airport (kms), Nearby Public Transport Service, Other Nearby Places","Maintenance Staff, Security Staff, Facilities for Disabled, Other Facilities",,,
https://www.zameen.com/Property/bahria_enclave_bahria_enclave_-_sector_n_sector_n_8_marla_brand_new_house_excellent_construction_quality_heighted_location_house_available_for_sale-53225492-11975-1.html,House,PKR3.4 Crore,6,8 Marla,For Sale,5,6 days ago,"Bahria Town, Islamabad, Islamabad Capital",Sector N 8 Marla Brand New House Excellent Construction Quality Heighted Location House Available For Sale Note: Most Beautiful Location Of Sector N Walking Distance From Mosque Park And Commercial. Accommodation: 5 Bedrooms With Attach Bathrooms 2 Kitchen 2 Tv Lounge Drawing &Amp; Dinning Room Servant Quarter With Attached Bath Front Terrace 2 Car Parking Note: Best Quality Guaranteed Construction &Amp; Finishing Material. Ideal Location For Living And Enjoying The Amenities &Amp; Live In A Healthy Natural Environment. Contact For More Details:,"Built in year, Parking Spaces: 2, Double Glazed Windows, Central Air Conditioning, Central Heating, Flooring, Electricity Backup, Waste Disposal, Floors: 2, Other Main Features, Furnished","Bedrooms: 5, Bathrooms: 6, Servant Quarters: 1, Drawing Room, Dining Room, Kitchens: 2, Study Room, Prayer Room, Powder Room, Gym, Store Rooms: 1, Steam Room, Lounge or Sitting Room, Laundry Room, Other Rooms","Broadband Internet Access, Satellite or Cable TV Ready, Intercom, Other Business and Communication Facilities","Community Lawn or Garden, Community Swimming Pool, Community Gym, First Aid or Medical Centre, Day Care Centre, Kids Play Area, Barbeque Area, Mosque, Community Centre, Other Community Facilities","Lawn or Garden, Swimming Pool, Sauna, Jacuzzi, Other Healthcare and Recreation Facilities","Nearby Schools, Nearby Hospitals, Nearby Shopping Malls, Nearby Restaurants, Distance From Airport (kms), Nearby Public Transport Service, Other Nearby Places","Maintenance Staff, Security Staff, Facilities for Disabled, Other Facilities",,,
https://www.zameen.com/Property/g_11_g-11_3_in_g-11_3_700_square_feet_flat_for_sale-53236886-3332-1.html,Flat,PKR1.18 Crore,2,3.1 Marla,For Sale,2,22 hours ago,"G-11, Islamabad, Islamabad Capital","You can find the best rates for residential properties in Islamabad, so stop thinking and start searching. Hurry up because the price tag of Rs. 11800000 may spark many buyers' interest. Only a quick decision can lead you to buy the gorgeous 700 Square Feet property which has been put up for sale. Considering to buy this property? This one has multi-purpose facilities that doesn't show up on the radar too often. Property in this G-11/3 is up to the mark. So, go ahead and check it out for yourself. If you are looking for a Flat in this area, you will find no other option that even compares with this one. Property details are listed as follows. Using the service elevator in the building ensures your goods reach your floor quickly. Security staff is available on-premises at all times to ensure the safety of the residents and building. A separate study room in the Flat is like paradise on earth for all the readers and artists out there. The central heating system in the Flat keeps it cozy and warm inside. You can find ATM machines within the building to withdraw cash. The Flat features a steam room to help you evaporate your daily concerns. The house features a spacious and well-designed drawing room. For complete information about the property, contact us today and our representative will guide you.","Built in year: 2015, Parking Spaces: 1, Lobby in Building, Double Glazed Windows, Central Air Conditioning, Central Heating, Flooring, Electricity Backup, Waste Disposal, Elevators: 2, Service Elevators in Building, Other Main Features","Servant Quarters: 1, Drawing Room, Dining Room, Kitchens: 1, Study Room, Prayer Room, Powder Room, Gym, Store Rooms: 1, Steam Room, Lounge or Sitting Room, Laundry Room, Other Rooms","Broadband Internet Access, Satellite or Cable TV Ready, Business Center or Media Room in Building, Conference Room in Building, Intercom, ATM Machines, Other Business and Communication Facilities","Community Lawn or Garden, Community Swimming Pool, Community Gym, First Aid or Medical Centre, Day Care Centre, Kids Play Area, Barbeque Area, Mosque, Community Centre, Other Community Facilities","Sauna, Jacuzzi, Other Healthcare and Recreation Facilities","Nearby Schools, Nearby Hospitals, Nearby Shopping Malls, Nearby Restaurants, Distance From Airport (kms), Nearby Public Transport Service, Other Nearby Places","Maintenance Staff, Security Staff, Laundry or Dry Cleaning Facility, Communal/Shared Kitchen, Facilities for Disabled, Other Facilities",,,
https://www.zameen.com/Property/bani_gala_robinas_luxury_residences_beautifully_constructed_flat_is_available_for_sale_in_robinas_luxury_residences-53261079-22195-1.html,Flat,PKR1.9 Crore,2,6.5 Marla,For Sale,2,10 hours ago,"Bani Gala, Islamabad, Islamabad Capital","Robina's Luxury Residences, Islamabad. Stunning 1-4 bedroom apartments breathtaking views of Rawal Lake and Margalla Hills. Enjoy luxury living with top-notch amenities, competitive rates, and a secure investment. The project is nearing completion making it an ideal time to invest. Book your dream home today. Also available on 2 years instalments with 30% down payment - 24/7 Security - Swimming Pool - State-of-the-Art Gym - Bank & Super Store on site - 2 High-Speed Elevators - Basement parking","Built in year, Parking Spaces, Lobby in Building, Double Glazed Windows, Central Air Conditioning, Flooring, Waste Disposal, Floor: 5, Floors in Building: 7, Elevators: 2, Service Elevators in Building, Other Main Features","Bedrooms: 2, Bathrooms: 2, Drawing Room, Dining Room, Kitchens: 1, Powder Room, Gym, Store Rooms: 1, Lounge or Sitting Room","Broadband Internet Access, Satellite or Cable TV Ready, Business Center or Media Room in Building, ATM Machines, Other Business and Communication Facilities","Community Swimming Pool, Community Gym, Mosque","Sauna, Jacuzzi","Nearby Schools, Nearby Hospitals, Nearby Shopping Malls, Nearby Restaurants, Distance From Airport (kms), Nearby Public Transport Service, Other Nearby Places","Maintenance Staff, Security Staff, Laundry or Dry Cleaning Facility",,,
https://www.zameen.com/Property/islamabad_h-13_4_marla_single_storey_house_for_sale-48604613-1039-1.html,House,PKR1.15 Crore,3,4 Marla,For Sale,3,2 weeks ago,"H-13, Islamabad, Islamabad Capital",4 Marla single. Story Brand New House 3 bedrooms 3 Washrooms 1 Open Kitchen Big Car Porch Electricity Meter Availably,"Built in year: 2023, Parking Spaces, Double Glazed Windows, Central Air Conditioning, Central Heating, Flooring, Electricity Backup, Waste Disposal, Floors: 2, Other Main Features, Furnished","Bedrooms: 3, Bathrooms: 3, Servant Quarters, Drawing Room, Dining Room, Kitchens: 1, Study Room, Prayer Room, Powder Room, Gym, Store Rooms, Steam Room, Lounge or Sitting Room, Laundry Room, Other Rooms","Broadband Internet Access, Satellite or Cable TV Ready, Intercom, Other Business and Communication Facilities","Community Lawn or Garden, Community Swimming Pool, Community Gym, First Aid or Medical Centre, Day Care Centre, Kids Play Area, Barbeque Area, Mosque, Community Centre, Other Community Facilities","Lawn or Garden, Swimming Pool, Sauna, Jacuzzi, Other Healthcare and Recreation Facilities","Nearby Schools, Nearby Hospitals, Nearby Shopping Malls, Nearby Restaurants, Distance From Airport (kms), Nearby Public Transport Service, Other Nearby Places","Maintenance Staff, Security Staff, Facilities for Disabled, Other Facilities",,,
https://www.zameen.com/Property/islamabad_h-13_5_marla_single_storey_house_for_sale-52212186-1039-1.html,House,PKR1.2 Crore,3,5 Marla,For Sale,3,4 weeks ago,"H-13, Islamabad, Islamabad Capital",5 marla single Story House For Sale 3 Bedrooms 3 Washrooms 1Kitchen 1Car Parking Meter Installed,"Built in year: 2024, Parking Spaces, Double Glazed Windows, Central Air Conditioning, Central Heating, Flooring, Electricity Backup, Waste Disposal, Floors: 2, Other Main Features, Furnished","Bedrooms: 3, Bathrooms: 3, Servant Quarters: 1, Drawing Room, Dining Room, Kitchens: 1, Study Room, Prayer Room, Powder Room, Gym, Store Rooms: 1, Steam Room, Lounge or Sitting Room, Laundry Room, Other Rooms","Broadband Internet Access, Satellite or Cable TV Ready, Intercom, Other Business and Communication Facilities","Community Lawn or Garden, Community Swimming Pool, Community Gym, First Aid or Medical Centre, Day Care Centre, Kids Play Area, Barbeque Area, Mosque, Community Centre, Other Community Facilities","Lawn or Garden, Swimming Pool, Sauna, Jacuzzi, Other Healthcare and Recreation Facilities","Nearby Schools, Nearby Hospitals, Nearby Shopping Malls, Nearby Restaurants, Distance From Airport (kms), Nearby Public Transport Service, Other Nearby Places","Maintenance Staff, Security Staff, Facilities for Disabled, Other Facilities",,,
https://www.zameen.com/Property/f_10_f-10_2_beautifull_house_for_sale-53336993-3277-1.html,House,PKR24 Crore,6,1.3 Kanal,For Sale,6,4 weeks ago,"F-10, Islamabad, Islamabad Capital",f 10 /2 peacefull location liveable house with close end street near to market and park 6 bedrooms drawing dinning tvlounge kitchen front lawn cda teansfer single owner,"Built in year: 2000, Parking Spaces: 5, Double Glazed Windows, Central Air Conditioning, Central Heating, Flooring, Electricity Backup, Waste Disposal, Floors: 2, Other Main Features","Bedrooms: 6, Bathrooms: 6, Servant Quarters: 2, Drawing Room, Dining Room, Kitchens: 1, Study Room, Prayer Room, Powder Room, Store Rooms: 2, Steam Room, Lounge or Sitting Room, Laundry Room, Other Rooms","Broadband Internet Access, Satellite or Cable TV Ready, Intercom, Other Business and Communication Facilities","Community Lawn or Garden, Community Swimming Pool, Community Gym, First Aid or Medical Centre, Day Care Centre, Kids Play Area, Barbeque Area, Mosque, Community Centre, Other Community Facilities","Lawn or Garden, Swimming Pool, Sauna, Jacuzzi, Other Healthcare and Recreation Facilities","Nearby Schools, Nearby Hospitals, Nearby Shopping Malls, Nearby Restaurants, Distance From Airport (kms), Nearby Public Transport Service, Other Nearby Places","Maintenance Staff, Security Staff, Facilities for Disabled, Other Facilities",,,
https://www.zameen.com/Property/bahria_enclave_bahria_enclave_-_sector_a_bahria_enclave_sector_a_1_bed_apartment_available_for_sale-53014826-11970-1.html,Flat,PKR50 Lakh,1,1.7 Marla,For Sale,1,2 weeks ago,"Bahria Town, Islamabad, Islamabad Capital",Bahria Enclave Sector A 1 Bed Apartment available for sale Apartment available for sale Type 1 Bed 3rd floor 383 Sqft front facing Best Location Heart Of Bahria Enclave Near To Entrance All Facilities and Amenities are Available,,"Bedrooms: 1, Bathrooms: 1, Kitchens: 1",,Mosque,Other Healthcare and Recreation Facilities,"Nearby Schools, Nearby Hospitals, Nearby Shopping Malls, Nearby Restaurants, Distance From Airport (kms), Nearby Public Transport Service, Other Nearby Places","Security Staff, Other Facilities",,,
https://www.zameen.com/Property/bahria_enclave_bahria_enclave_-_sector_n_bahria_enclave_sector_n_brand_new_5_marla_grace_structures_front_open_house_for_sale-53023641-11975-1.html,House,PKR1.55 Crore,4,5 Marla,For Sale,4,2 weeks ago,"Bahria Town, Islamabad, Islamabad Capital","Bahria Enclave Sector N Brand New 5 Marla Grace structures Front open House For Sale A beautifully designed brand new 5 Marla house is available for sale in the prime location of Sector N, Bahria Enclave Islamabad. This stunning property is built with solid construction and modern architecture, offering both luxury and comfort for a perfect living experience. Property Features: 4 Spacious Bedrooms with attached luxury washrooms 2 Stylish TV Lounges for family gatherings and entertainment Modern Kitchen with elegant fittings and fixtures Laundry Room for convenience Open Terrace with a refreshing view Servant Room with attached washroom for privacy and ease Aun Facing (front open) location enhancing natural light and ventilation Price: PKR 1.55 Crore (slightly negotiable) Location Advantage: Situated in Sector N, Bahria Enclave Islamabad, one of the most sought-after communities in the capital. Secure and peaceful environment with 24/7 security. Easy access to main boulevard, parks, schools, commercial areas, and all modern amenities. For More Details & Site Visit Contact:","Built in year: 2015, Parking Spaces: 1, Double Glazed Windows, Central Air Conditioning, Central Heating, Flooring, Electricity Backup, Waste Disposal, Floors: 2, Other Main Features","Bedrooms: 4, Bathrooms: 4, Servant Quarters: 2, Drawing Room, Dining Room, Kitchens: 2, Study Room, Prayer Room, Powder Room, Gym, Store Rooms: 1, Steam Room, Lounge or Sitting Room, Laundry Room, Other Rooms","Broadband Internet Access, Satellite or Cable TV Ready, Intercom, Other Business and Communication Facilities","Community Lawn or Garden, Community Swimming Pool, Community Gym, First Aid or Medical Centre, Day Care Centre, Kids Play Area, Barbeque Area, Mosque, Community Centre, Other Community Facilities","Lawn or Garden, Swimming Pool, Sauna, Jacuzzi, Other Healthcare and Recreation Facilities","Nearby Schools, Nearby Hospitals, Nearby Shopping Malls, Nearby Restaurants, Distance From Airport (kms), Nearby Public Transport Service, Other Nearby Places","Maintenance Staff, Security Staff, Facilities for Disabled, Other Facilities",,,
https://www.zameen.com/Property/islamabad_b-17_one_bed_luxury_apartment_for_sale_in_b-17-53296932-616-1.html,Flat,PKR67 Lakh,1,3.1 Marla,For Sale,1,3 weeks ago,"B-17, Islamabad, Islamabad Capital","1-Bed Apartment for Sale in B-17 multi gardens Islamabad Discover modern living in this elegant one-bedroom apartment located in the heart of B-17, Islamabad one of the citys most rapidly developing and well-planned sectors. Property Highlights: 1 Spacious Bedroom with built-in wardrobe space Spacious Bathroom Open kitchen Bright Living Area with wide windows offering natural light and a comfortable ambiance Secure Parking Space available Neat & Well-Maintained Building with 24/7 security and maintenance services Electricity, Water Connections available Prime Location near schools, markets, parks, and main GT Road for easy access to all parts of Islamabad This apartment is perfect for small families, working professionals, or investors seeking a valuable property in a peaceful yet well-connected neighborhood.","Built in year: 2025, Parking Spaces: 1, Lobby in Building, Double Glazed Windows, Central Air Conditioning, Central Heating, Flooring, Electricity Backup, Waste Disposal, Floor: 2, Floors in Building: 12, Elevators, Service Elevators in Building, Other Main Features, Furnished","Bedrooms: 1, Bathrooms: 1, Servant Quarters: 1, Drawing Room, Dining Room, Kitchens, Study Room, Prayer Room, Powder Room, Gym, Store Rooms: 1, Steam Room, Lounge or Sitting Room, Laundry Room, Other Rooms","Broadband Internet Access, Satellite or Cable TV Ready, Business Center or Media Room in Building, Conference Room in Building, Intercom, ATM Machines, Other Business and Communication Facilities","Community Lawn or Garden, Community Swimming Pool, Community Gym, First Aid or Medical Centre, Day Care Centre, Kids Play Area, Barbeque Area, Mosque, Community Centre, Other Community Facilities","Sauna, Jacuzzi, Other Healthcare and Recreation Facilities","Nearby Schools, Nearby Hospitals, Nearby Shopping Malls, Nearby Restaurants, Distance From Airport (kms), Nearby Public Transport Service, Other Nearby Places","Maintenance Staff, Security Staff, Laundry or Dry Cleaning Facility, Communal/Shared Kitchen, Facilities for Disabled, Pets Allowed, Other Facilities",,,
https://www.zameen.com/Property/islamabad_naval_anchorage_14_marla_designer_built_house_for_sale-52733874-375-1.html,House,PKR6 Crore,6,14 Marla,For Sale,6,2 weeks ago,"Naval Anchorage, Islamabad, Islamabad Capital","14 Marla House for Sale Spacious & Elegant Living Location: Naval Anchorage Block F An exceptional opportunity to own a beautifully constructed **14 Marla house** offering ample space, comfort, and modern design. Perfect for large families or those who value luxury and functionality, this property is located in a well-developed, peaceful, and secure neighborhood. Property Features: Plot Size:14 Marla (Approx. 350 sq. yards) Bedrooms: 6 spacious and well-ventilated bedrooms with built-in wardrobes. TV Lounges: 2 comfortable and inviting TV lounges ideal for family entertainment Drawing Room:Stylish and separate drawing room to welcome guests. Kitchen:2 Fully functional and modern kitchens with elegant cabinetry and top-quality fittings. Bathrooms: 6 modern bathrooms with high-end fixtures Parking: Ample car parking space within the premises Finishing: Quality tile flooring, false ceilings, wooden work, and premium fittings throughout Additional Highlights: * Prime location with easy access to schools, parks, markets, and public transport * Peaceful, family-friendly environment * Ideal for large or joint families * Solid construction using top-grade materials A house of this size and quality in a sought-after location is a rare find. Dont miss the chance to make it your new home!","Built in year: 2025, Parking Spaces: 2, Double Glazed Windows, Central Air Conditioning, Central Heating, Flooring, Electricity Backup, Waste Disposal","Bedrooms: 6, Bathrooms: 7, Servant Quarters: 1, Drawing Room, Dining Room, Kitchens: 2, Study Room, Store Rooms: 1, Lounge or Sitting Room, Laundry Room","Broadband Internet Access, Satellite or Cable TV Ready, Intercom","Community Lawn or Garden, Community Gym, First Aid or Medical Centre, Day Care Centre, Kids Play Area, Barbeque Area, Mosque, Community Centre",Lawn or Garden,"Nearby Schools, Nearby Hospitals, Nearby Shopping Malls, Nearby Restaurants, Distance From Airport (kms), Nearby Public Transport Service","Maintenance Staff, Security Staff, Facilities for Disabled",,,
https://www.zameen.com/Property/dha_defence_dha_defence_phase_1_designer_s_haven_a_5-bedroom_modern_oasis_where_straight_lines_meet_elegant_design_for_contemporary_living-52469870-376-1.html,House,PKR22 Crore,6,2 Kanal,For Sale,5,4 days ago,"DHA Defence, Islamabad, Islamabad Capital","5 Luxury Bedrooms With Attached Branded Washrooms. Powder Room For Guests. Imported 9x3 Tiled Flooring With Brass Lining Huge Beautiful Kitchen With Solid Cabinets And Marble Countertop Imported Appliances App Controlled House Lights Beautiful TV Lounge With Beautiful Tv Console Wooden Flooring In All Rooms Including Drawing, Dining And Lounge Amazing Looking Sunroom Connected With Kitchen Imported Tiles In Washroom Gym Theater Room With Sound Proofing Swimming Pool Huge Amazing Well Maintained Lawn 4-6 Cars Parking Space. . Solid Wood Doors. High Quality Imported Tiled Flooring. Pakistan Electric Cable Used In House Weather Shield Protection On The House Fancy Elegant Chandelier. 25 KVA Solar System High Quality Paint And Polish Work. Branded High Quality Aluminum And Glass Work. For Visits And Details Contact Us!","Built in year: 2025, Parking Spaces: 4, Flooring, Electricity Backup, Waste Disposal, Floors: 2, Other Main Features","Bedrooms: 5, Bathrooms: 6, Servant Quarters: 2, Drawing Room, Dining Room, Kitchens: 1, Study Room, Prayer Room, Powder Room, Gym, Store Rooms: 1, Steam Room, Lounge or Sitting Room, Laundry Room, Other Rooms","Broadband Internet Access, Satellite or Cable TV Ready, Intercom, Other Business and Communication Facilities","Community Lawn or Garden, Community Swimming Pool, Community Gym, First Aid or Medical Centre, Day Care Centre, Kids Play Area, Barbeque Area, Mosque, Community Centre, Other Community Facilities","Lawn or Garden, Swimming Pool, Jacuzzi, Other Healthcare and Recreation Facilities","Nearby Schools, Nearby Hospitals, Nearby Shopping Malls, Nearby Restaurants, Distance From Airport (kms), Nearby Public Transport Service, Other Nearby Places","Maintenance Staff, Security Staff, Facilities for Disabled, Other Facilities",,,
https://www.zameen.com/Property/b_17_faisal_margalla_city_faisl_margalla_city_islamabad_brand_new_house_for_sale-53355892-13424-1.html,House,PKR2.4 Crore,4,5 Marla,For Sale,3,4 days ago,"B-17, Islamabad, Islamabad Capital",FAISL MARGALLA CITY ISLAMABAD BRAND NEW HOUSE FOR SALE 3 Spacious Bedrooms with Attached Bathrooms Modern Kitchen Stylish Drawing Room Elegant Living Room Car Porch with Parking Space Small Lawn / Green Area,"Built in year: 2025, Parking Spaces, Double Glazed Windows, Central Air Conditioning, Central Heating, Flooring, Electricity Backup, Waste Disposal, Floors: 3, Other Main Features, Furnished","Bedrooms: 5, Bathrooms: 6, Servant Quarters: 2, Drawing Room, Dining Room, Kitchens: 3, Study Room, Prayer Room, Powder Room, Gym, Store Rooms, Steam Room, Lounge or Sitting Room, Laundry Room, Other Rooms","Broadband Internet Access, Satellite or Cable TV Ready, Intercom, Other Business and Communication Facilities","Community Lawn or Garden, Community Swimming Pool, Community Gym, First Aid or Medical Centre, Day Care Centre, Kids Play Area, Barbeque Area, Mosque, Community Centre, Other Community Facilities","Lawn or Garden, Swimming Pool, Sauna, Jacuzzi, Other Healthcare and Recreation Facilities","Nearby Schools, Nearby Hospitals, Nearby Shopping Malls, Nearby Restaurants, Distance From Airport (kms), Nearby Public Transport Service, Other Nearby Places","Maintenance Staff, Security Staff, Facilities for Disabled, Other Facilities",,,
https://www.zameen.com/Property/islamabad_f-7_investment_opportunity_two_kanal_old_house-53069115-165-1.html,House,PKR45 Crore,6,2 Kanal,For Sale,5,3 days ago,"F-7, Islamabad, Islamabad Capital","Attached Images are for reference. Chohan HAY Estate Offers: - 1000 SQYD - Prime Location - CDA Transfer - Old Demolished House - Ideal for Redevelopment - Build your Customize Dream Luxury House - Investment Rate - Potential for High Returns - Dont waste time, seize this unique opportunity For more information and additional options, kindly contact at provided numbers or visit Chohan HAY Estate.","Parking Spaces, Other Main Features","Bedrooms: 5, Bathrooms: 6, Servant Quarters, Drawing Room, Dining Room, Kitchens, Lounge or Sitting Room","Broadband Internet Access, Satellite or Cable TV Ready, Intercom",,Lawn or Garden,"Nearby Schools, Nearby Hospitals, Nearby Shopping Malls, Nearby Restaurants, Distance From Airport (kms), Nearby Public Transport Service, Other Nearby Places","Maintenance Staff, Security Staff, Other Facilities",,,
https://www.zameen.com/Property/islamabad_f-7_good_look_house_is_for_sale-52993406-165-1.html,House,PKR64 Crore,6,2 Kanal,For Sale,6,3 days ago,"F-7, Islamabad, Islamabad Capital","Attached Images are just for reference. Chohan HAY Estate Offers: - 1000 SQYD - 90 x 100 Dimension - CDA Transfer - Good Livable House - Family Bedrooms with Attached Bathrooms - Drawing, Dining and TV lounge - Functional Modern Kitchen - Servant Quarters - Terrace - Lawn - Parking Space - Potential for High Returns - Dont waste time, seize this unique opportunity For more information and additional options, kindly contact at provided numbers or visit Chohan HAY Estate.","Parking Spaces, Other Main Features","Bedrooms: 6, Bathrooms: 6, Servant Quarters, Drawing Room, Dining Room, Kitchens, Lounge or Sitting Room","Broadband Internet Access, Satellite or Cable TV Ready, Intercom",,Lawn or Garden,"Nearby Schools, Nearby Hospitals, Nearby Shopping Malls, Nearby Restaurants, Distance From Airport (kms), Nearby Public Transport Service, Other Nearby Places","Maintenance Staff, Security Staff, Other Facilities",,,
https://www.zameen.com/Property/islamabad_f-7_good_demolished_house_is_for_sale_in_f-7-53315729-165-1.html,House,PKR38.5 Crore,4,1.4 Kanal,For Sale,4,3 days ago,"F-7, Islamabad, Islamabad Capital","Chohan HAY Estate Offers: - 700 SQYD - Prime Location - Demolished House - Ideal for Redevelopment - Build your Customize Dream Luxury House - Investment Rate - Great Investment - Potential for High Returns - Dont waste time, seize this unique opportunity For more information and additional options, kindly contact at provided numbers or visit Chohan HAY Estate",Parking Spaces,"Bedrooms: 4, Bathrooms: 4, Drawing Room, Dining Room, Kitchens",,Community Lawn or Garden,,"Nearby Schools, Nearby Hospitals, Nearby Shopping Malls, Nearby Restaurants, Distance From Airport (kms), Nearby Public Transport Service, Other Nearby Places","Security Staff, Other Facilities",,,
https://www.zameen.com/Property/islamabad_f-6_old_corner_house_is_for_sale_in_f-6-53332295-164-1.html,House,PKR1.6 Arab,6,4.1 Kanal,For Sale,6,8 hours ago,"F-6, Islamabad, Islamabad Capital","Attached Images are for reference. Chohan HAY Estate Offers: - F-6 Islamabad - Closed End Very Prime Street - Next To Margalla Road - 2050 SQYD - CDA Transfer - Old Corner House - Front Back Street - Ideal for Renovation or Redevelopment - Great Investment - Suitable for Luxury Living or Redevelopment or Investment - Dont waste time, seize this unique opportunity For more information and additional options, kindly contact at provided numbers or visit Chohan HAY Estate.","Parking Spaces, Flooring","Bedrooms: 6, Bathrooms: 6, Drawing Room, Dining Room, Kitchens, Lounge or Sitting Room, Other Rooms",,Community Lawn or Garden,Lawn or Garden,"Nearby Schools, Nearby Hospitals, Nearby Shopping Malls, Nearby Restaurants, Nearby Public Transport Service, Other Nearby Places",,,,
https://www.zameen.com/Property/islamabad_f-6_best_opportunity_demolished_house_sale_in_f-6-53319126-164-1.html,House,PKR13.5 Crore,5,9.3 Marla,For Sale,5,8 hours ago,"F-6, Islamabad, Islamabad Capital","Chohan HAY Estate Offers: - 233 SQYD - Prime Location - Demolished House - Ideal for Redevelopment - Build your Customize Dream Luxury House - Investment Rate - Great Investment - Potential for High Returns - Dont waste time, seize this unique opportunity For more information and additional options, kindly contact at provided numbers or visit Chohan HAY Estate.","Built in year, Parking Spaces, Double Glazed Windows, Central Air Conditioning, Central Heating, Flooring, Electricity Backup, Waste Disposal, Other Main Features","Bedrooms: 5, Bathrooms: 5, Servant Quarters, Drawing Room, Dining Room, Kitchens, Lounge or Sitting Room","Broadband Internet Access, Satellite or Cable TV Ready, Intercom, Other Business and Communication Facilities","Community Lawn or Garden, Community Swimming Pool, Community Gym, First Aid or Medical Centre, Day Care Centre, Kids Play Area, Barbeque Area, Mosque, Community Centre, Other Community Facilities","Lawn or Garden, Other Healthcare and Recreation Facilities","Nearby Schools, Nearby Hospitals, Nearby Shopping Malls, Nearby Restaurants, Distance From Airport (kms), Nearby Public Transport Service, Other Nearby Places","Maintenance Staff, Security Staff, Facilities for Disabled, Other Facilities",,,
https://www.zameen.com/Property/islamabad_f-6_demolished_house_is_for_sale_in_f-6-53319030-164-1.html,House,PKR13.5 Crore,5,9.3 Marla,For Sale,5,3 days ago,"F-6, Islamabad, Islamabad Capital","Chohan HAY Estate Offers: - 233 SQYD - Prime Location - Demolished House - Ideal for Redevelopment - Build your Customize Dream Luxury House - Investment Rate - Great Investment - Potential for High Returns - Dont waste time, seize this unique opportunity For more information and additional options, kindly contact at provided numbers or visit Chohan HAY Estate.",Parking Spaces,"Bedrooms: 5, Bathrooms: 5, Servant Quarters, Drawing Room, Dining Room, Kitchens, Lounge or Sitting Room",,Community Lawn or Garden,Lawn or Garden,"Nearby Schools, Nearby Hospitals, Nearby Shopping Malls, Nearby Restaurants, Distance From Airport (kms), Nearby Public Transport Service, Other Nearby Places","Security Staff, Other Facilities",,,
https://www.zameen.com/Property/bahria_town_bahria_enclave_1_kanal_ultra_modern_designer_house_for_sale_bahria_enclave_islamabad_boulevard_sector_c-53311609-1705-1.html,House,PKR15.5 Crore,6,1 Kanal,For Sale,7,1 month ago,"Bahria Town, Islamabad, Islamabad Capital","1 Kanal Ultra Modern Designer House for Sale Bahria Enclave Islamabad (Boulevard, Sector C) Experience a truly luxurious lifestyle in this brand new, ultra-modern designer house located on Boulevard in Bahria Enclave Islamabad, Sector C. Built with top-quality materials and exceptional craftsmanship, this home offers elegance, comfort, and modern living at its finest. Property Highlights: Location: Bahria Enclave Islamabad, Sector C (Boulevard) Size: 1 Kanal Demand: PKR 15 Crore 50 Lakh (Negotiable) Basement Level: Spacious Guest Hall with elegant design Guest Bedroom with attached modern bath Built-in Wardrobe Servant Quarter also available in the basement Ground Floor: Beautiful Drawing & Dining Area 3 Bedrooms with attached baths Additional Guest Room Stylish Imported Kitchen Double-Heighted Roof Top creating an open and airy ambiance Triple-Heighted Open Stairs with a premium modern look First Floor: Elegant Master Bedroom with luxurious fittings 2 Additional Bedrooms with modern attached baths Open-Style Kitchen with imported fittings and fixtures Roof Top: Servant Quarter Solar Fittings Installed (solar system not installed yet) Imported Pressure Pump Beautiful Murree View from the roof Additional Features: Imported tiles and chandeliers CCTV camera system installed Imported sanitary fittings High-end electrical fittings and lighting Exceptional finishing throughout the house This property offers an unmatched combination of modern architecture, luxury features, and a prime location perfect for families seeking elegance and comfort in one place. Contact: Euro Homes Real Estate & Builders Dilawar Khan","Built in year: 2025, Parking Spaces: 3, Double Glazed Windows, Central Air Conditioning, Central Heating, Flooring, Electricity Backup, Waste Disposal, Floors: 3, Other Main Features, Furnished","Bedrooms: 7, Bathrooms: 8, Servant Quarters: 2, Drawing Room, Dining Room, Kitchens: 2, Study Room, Prayer Room, Powder Room, Gym, Store Rooms: 1, Steam Room, Lounge or Sitting Room, Laundry Room, Other Rooms","Broadband Internet Access, Satellite or Cable TV Ready, Intercom, Other Business and Communication Facilities","Community Lawn or Garden, Community Swimming Pool, Community Gym, First Aid or Medical Centre, Day Care Centre, Kids Play Area, Barbeque Area, Mosque, Community Centre, Other Community Facilities","Lawn or Garden, Swimming Pool, Sauna, Jacuzzi, Other Healthcare and Recreation Facilities","Nearby Schools, Nearby Hospitals, Nearby Shopping Malls, Nearby Restaurants, Distance From Airport (kms), Nearby Public Transport Service, Other Nearby Places","Maintenance Staff, Security Staff, Facilities for Disabled, Other Facilities",,,
https://www.zameen.com/Property/d_12_d-12_1_luxury_elegant_designer_house_for_sale-53135726-3154-1.html,House,PKR4.75 Crore,4,4 Marla,For Sale,3,3 days ago,"D-12, Islamabad, Islamabad Capital","4.44 Marla Single Unit Luxury House with Open View CDA Sector D-12/1, Islamabad Presenting a luxury single-unit home in the highly sought-after CDA Sector D-12/1, offering an unobstructed open view and a prime residential setting. This property blends modern design with comfort, making it perfect for families or investors. Property Features: 3 spacious bedrooms with attached bathrooms Elegant drawing room and cozy lounge 1 modern kitchen with quality fittings Servant quarter for added convenience 1 car parking space Electricity and water bore available Currently rented at Rs. 150,000 per month, this home ensures a steady rental income alongside excellent value appreciation potential. Demand: Rs. 4,50,00,000 Location: CDA Sector D-12/1, Islamabad A perfect combination of luxury, location, and investment potentialenjoy the serene open view while living in one of Islamabads most prestigious sectors.","Built in year, Parking Spaces: 1, Double Glazed Windows, Central Air Conditioning, Central Heating, Flooring, Electricity Backup, Waste Disposal, Floors: 2, Other Main Features","Bedrooms: 3, Bathrooms: 4, Servant Quarters: 1, Drawing Room, Dining Room, Kitchens: 1, Study Room, Prayer Room, Powder Room, Gym, Store Rooms: 1, Steam Room, Lounge or Sitting Room, Laundry Room, Other Rooms","Broadband Internet Access, Satellite or Cable TV Ready, Intercom, Other Business and Communication Facilities","Community Lawn or Garden, Community Swimming Pool, Community Gym, First Aid or Medical Centre, Day Care Centre, Kids Play Area, Barbeque Area, Mosque, Community Centre, Other Community Facilities","Lawn or Garden, Swimming Pool, Sauna, Jacuzzi, Other Healthcare and Recreation Facilities","Nearby Schools, Nearby Hospitals, Nearby Shopping Malls, Nearby Restaurants, Distance From Airport (kms), Nearby Public Transport Service, Other Nearby Places",,,,
https://www.zameen.com/Property/national_police_foundation_o_9_national_police_foundation_o-9_-_block_c_5_marla_doublestorey_house_for_sale_in_national_police_foundation_o9_prime_location_pkr_1_95_crore-53264776-16427-1.html,House,PKR1.95 Crore,4,5 Marla,For Sale,4,4 weeks ago,"National Police Foundation O-9, Islamabad, Islamabad Capital","Wellmaintained doublestorey house available for sale in National Police Foundation O9, Islamabad. Excellent condition, movein ready. Ideal for families, 4 Bed Room with Attach bath Kitchen Porch","Built in year: 2015, Parking Spaces: 1, Double Glazed Windows, Central Air Conditioning, Central Heating, Flooring, Electricity Backup, Waste Disposal, Floors: 2, Other Main Features","Bedrooms: 5, Bathrooms: 5, Servant Quarters, Drawing Room, Dining Room, Kitchens: 1, Study Room, Prayer Room, Powder Room, Store Rooms: 1, Lounge or Sitting Room, Laundry Room","Broadband Internet Access, Satellite or Cable TV Ready, Intercom, Other Business and Communication Facilities","Community Lawn or Garden, Community Swimming Pool, Community Gym, First Aid or Medical Centre, Day Care Centre, Kids Play Area, Barbeque Area, Mosque, Community Centre, Other Community Facilities","Lawn or Garden, Swimming Pool, Jacuzzi, Other Healthcare and Recreation Facilities","Nearby Schools, Nearby Hospitals, Nearby Shopping Malls, Nearby Restaurants, Distance From Airport (kms), Nearby Public Transport Service, Other Nearby Places","Security Staff, Other Facilities",,,
https://www.zameen.com/Property/b_17_faisal_margalla_city_the_most_iconic_corner_house_in_b-17-53087391-13424-1.html,House,PKR4 Crore,6,5 Marla,For Sale,6,1 week ago,"B-17, Islamabad, Islamabad Capital",The most beautiful Corner house design by primaric Studio Islamabad available for sale now.,"Double Glazed Windows, Central Air Conditioning, Central Heating, Electricity Backup","Bedrooms: 3, Bathrooms: 3, Servant Quarters: 1, Kitchens: 1, Powder Room, Lounge or Sitting Room","Broadband Internet Access, Other Business and Communication Facilities","Community Lawn or Garden, Community Swimming Pool, Community Gym, First Aid or Medical Centre, Day Care Centre, Kids Play Area, Barbeque Area, Mosque, Community Centre, Other Community Facilities",Lawn or Garden,"Nearby Schools, Nearby Hospitals, Nearby Shopping Malls, Nearby Restaurants, Distance From Airport (kms), Nearby Public Transport Service, Other Nearby Places",,,,
https://www.zameen.com/Property/g_6_g-6_3_g-6_3_old_house_for_sale_near_main_embassy_road_dead_end_street-49203593-3364-1.html,House,PKR60 Crore,6,3.3 Kanal,For Sale,7,4 hours ago,"G-6, Islamabad, Islamabad Capital","Become part of the ultimate lifestyle that awaits you in Islamabad. With a 1633 Square Yards area size like this, this property is definitely a bargain on this budget. In the long run, a property of Pl can be the best investment that you made. A house in G-6/3 is sought after so be the first to book it. This House is the ideal property at a price of We bring you the best that real estate has to offer for making worthy investment or buying one for yourself. You can find out more about the property below. The commercial hub also offers access to broadband internet to facilitate the business operators. A large prayer room in the House can facilitate more people together for praying. To bring a touch of nature to the surroundings, the House also has a community lawn nearby. In hardly a few minutes by walk, you can find a mosque near the House. Now you don't have to worry about seating your close relatives as the central lounge in this House is big enough. Host barbeque parties and entertain small gatherings at the adjoining barbeque area. The House is fully-furnished according to modern taste. Don't hesitate to express your concerns, call us.","Built in year: 2000, Parking Spaces: 10, Double Glazed Windows, Central Air Conditioning, Central Heating, Flooring, Electricity Backup, Waste Disposal, Floors: 2, Other Main Features, Furnished","Bedrooms: 7, Bathrooms: 6, Servant Quarters: 5, Drawing Room, Dining Room, Kitchens: 2, Study Room, Prayer Room, Powder Room, Gym, Store Rooms, Steam Room, Lounge or Sitting Room, Laundry Room, Other Rooms","Broadband Internet Access, Satellite or Cable TV Ready, Intercom, Other Business and Communication Facilities","Community Lawn or Garden, Community Swimming Pool, Community Gym, First Aid or Medical Centre, Day Care Centre, Kids Play Area, Barbeque Area, Mosque, Community Centre, Other Community Facilities","Lawn or Garden, Swimming Pool, Sauna, Jacuzzi, Other Healthcare and Recreation Facilities","Nearby Schools, Nearby Hospitals, Nearby Shopping Malls, Nearby Restaurants, Distance From Airport (kms), Nearby Public Transport Service, Other Nearby Places","Maintenance Staff, Security Staff, Facilities for Disabled, Other Facilities",,,
https://www.zameen.com/Property/g_9_g-9_1_get_this_amazing_prime_location_14_marla_house_available_in_g-9_1-53230484-3384-1.html,House,PKR16.5 Crore,6,14 Marla,For Sale,7,4 weeks ago,"G-9, Islamabad, Islamabad Capital",New Double Story Sun Facing House Is Available For Sale In G-9/1 Islamabad Size 4080 (14 Marla) 7 Bedrooms with Attach Bathrooms 2 Drawing Dining 2 Tv Lounge 2 Kitchen 1 Servent With Attach Bath 3 Carparking Space 15 Kv Soler Installed 2 Electricity Metars 2 Gase Meters Ideal And Peace Full Location Nice House More Details Please Contact Us,"Built in year: 2024, Parking Spaces: 3, Double Glazed Windows, Central Air Conditioning, Central Heating, Flooring, Electricity Backup, Waste Disposal, Floors: 3, Other Main Features, Furnished","Bedrooms: 7, Bathrooms: 8, Servant Quarters: 1, Drawing Room, Dining Room, Kitchens: 2, Study Room, Prayer Room, Powder Room, Gym, Store Rooms: 2, Steam Room, Lounge or Sitting Room, Laundry Room, Other Rooms","Broadband Internet Access, Satellite or Cable TV Ready, Intercom, Other Business and Communication Facilities","Community Lawn or Garden, Community Swimming Pool, Community Gym, First Aid or Medical Centre, Day Care Centre, Kids Play Area, Barbeque Area, Mosque, Community Centre, Other Community Facilities","Lawn or Garden, Swimming Pool, Sauna, Jacuzzi, Other Healthcare and Recreation Facilities","Nearby Schools, Nearby Hospitals, Nearby Shopping Malls, Nearby Restaurants, Distance From Airport (kms), Nearby Public Transport Service, Other Nearby Places","Maintenance Staff, Security Staff, Facilities for Disabled, Other Facilities",,,
https://www.zameen.com/Property/bahria_enclave_cube_apartments_bahria_enclave_sector_a_luxury_furnished_apartment_for_sale_in_cube_apartment-53024494-21520-1.html,Flat,PKR1.25 Crore,1,4.7 Marla,For Sale,1,2 weeks ago,"Bahria Town, Islamabad, Islamabad Capital","Bahria Enclave Sector A Luxury Furnished Apartment For Sale In Cube Apartment Inner parking paid worth 15 lac Furnished assets worth 20 lac Stunning 1 bedroom Diamond Apartment available for sale in Cube apartment, Sector A, Bahria enclave Islamabad! Features: 1 spacious bedrooms with attached bathrooms Drawing and dining room for relaxation and entertainment 1 fully-equipped kitchen Servant room with attached bathroom for added convenience Outer-facing apartment with plenty of natural light 1050 sq. ft. of luxurious living space Enjoy the best of shopping, dining, and entertainment at your doorstep! Contact us to schedule a viewing and make this apartment your dream home!",Flooring,"Bedrooms: 1, Bathrooms: 1, Servant Quarters: 1, Drawing Room, Dining Room, Kitchens: 1, Store Rooms: 1, Lounge or Sitting Room","ATM Machines, Other Business and Communication Facilities","Community Lawn or Garden, Mosque",Other Healthcare and Recreation Facilities,"Nearby Schools, Nearby Hospitals, Nearby Shopping Malls, Nearby Restaurants, Nearby Public Transport Service",,,,
https://www.zameen.com/Property/bahria_enclave_bahria_enclave_-_sector_b1_bahria_enclave_islamabad_sector_b1_5_marla_beautiful_house_green_patch_is_available_for_sale-53043224-11972-1.html,House,PKR2.4 Crore,3,5 Marla,For Sale,3,2 weeks ago,"Bahria Town, Islamabad, Islamabad Capital",Bahria Enclave Islamabad Sector B1 5 Marla green patch Beautiful House is Available For Sale Owner House A plus Construction with Branded fittings Most prime And ideal Location for living All basic facilities Available such as; Water Gas Electricity Maintenance Security 24/7. Near to Main Entrance Beacon house School park Farooq Hospital & Mosque. Most populated Sector in Bahria Enclave Islamabad 3 Bedrooms with attached bath Drawing room Tv Lounge 2 kitchens 1 powder room 1 Servant room with attached bath Car parking space Reasonable price Contact us for more details,,"Bedrooms: 3, Bathrooms: 3",Other Business and Communication Facilities,Mosque,Other Healthcare and Recreation Facilities,"Nearby Schools, Nearby Hospitals, Nearby Shopping Malls, Nearby Restaurants, Distance From Airport (kms), Nearby Public Transport Service",Security Staff,,,
https://www.zameen.com/Property/gulberg_gulberg_greens_two_bed_non_furnished_apartment_available_for_sale_in_gulberg_green_islamabad-53355714-8312-1.html,Flat,PKR1.15 Crore,2,3.6 Marla,For Sale,2,4 days ago,"Gulberg, Islamabad, Islamabad Capital","2 Bed Apartment for Sale Gulberg Green, Islamabad A spacious 2-bedroom apartment is available for sale in the beautiful and peaceful area of Gulberg Green, Islamabad. Apartment Details: Location: Gulberg Green, Islamabad Floor: 3rd Floor Size: 800 sq. ft. Bedrooms: 2 Bathrooms: 2 Kitchen & Lounge: Yes Furnishing: Non-furnished Condition: Well-maintained and ready for possession Building Features: Secure and well-managed environment 24/7 security and CCTV monitoring Ample parking space Nearby commercial area, schools, and mosques Price: Contact for details Contact:","Built in year: 2022, Parking Spaces: 1, Lobby in Building, Double Glazed Windows, Central Air Conditioning, Central Heating, Flooring, Electricity Backup, Waste Disposal, Floor: 3, Floors in Building: 5, Elevators: 1, Service Elevators in Building, Other Main Features","Bathrooms: 2, Drawing Room, Dining Room, Kitchens: 1, Study Room, Prayer Room, Powder Room, Gym, Steam Room, Lounge or Sitting Room, Laundry Room, Other Rooms","Broadband Internet Access, Satellite or Cable TV Ready, Business Center or Media Room in Building, Conference Room in Building, Intercom, ATM Machines, Other Business and Communication Facilities","Community Lawn or Garden, Community Swimming Pool, Community Gym, First Aid or Medical Centre, Day Care Centre, Kids Play Area, Barbeque Area, Mosque, Community Centre","Sauna, Jacuzzi, Other Healthcare and Recreation Facilities","Nearby Schools, Nearby Hospitals, Nearby Shopping Malls, Nearby Restaurants, Distance From Airport (kms), Nearby Public Transport Service, Other Nearby Places","Maintenance Staff, Security Staff, Laundry or Dry Cleaning Facility, Communal/Shared Kitchen, Facilities for Disabled, Pets Not Allowed, Other Facilities",,,
https://www.zameen.com/Property/jinnah_gardens_jinnah_gardens_phase_1_5_marla_single_story_house_for_sale_prime_location_jinnah_garden_islamabad-53344255-1421-1.html,House,PKR1.75 Crore,3,5 Marla,For Sale,2,1 day ago,"FECHS, Islamabad, Islamabad Capital","5 Marla Single Story House for Sale Prime Location Jinnah Garden Islamabad Description: A beautiful 5 Marla single-story house available for sale in Jinnah Garden, Islamabad. Located in a calm and prime area with carpeted road access and stunning Margalla view. Property Features: 2 spacious bedrooms 3 attached bathrooms Drawing room TV lounge Open kitchen Water bore available Near to market Near to masjid Carpet road Excellent neighborhood Ideal for small family Direct deal with owner A perfect home offering comfort, convenience, and a peaceful lifestyle. Serious buyers only Direct deal with owner!","Built in year: 2025, Parking Spaces: 2, Double Glazed Windows, Central Air Conditioning, Central Heating, Flooring, Electricity Backup, Waste Disposal, Floors: 1, Other Main Features, Furnished","Bedrooms: 2, Bathrooms: 3, Servant Quarters: 1, Drawing Room, Dining Room, Kitchens: 1, Study Room, Prayer Room, Powder Room, Gym, Store Rooms: 1, Steam Room, Lounge or Sitting Room, Laundry Room, Other Rooms","Broadband Internet Access, Satellite or Cable TV Ready, Intercom, Other Business and Communication Facilities","Community Lawn or Garden, Community Swimming Pool, Community Gym, First Aid or Medical Centre, Day Care Centre, Kids Play Area, Barbeque Area, Mosque, Community Centre, Other Community Facilities","Lawn or Garden, Swimming Pool, Sauna, Jacuzzi, Other Healthcare and Recreation Facilities","Nearby Schools, Nearby Hospitals, Nearby Shopping Malls, Nearby Restaurants, Distance From Airport (kms), Nearby Public Transport Service, Other Nearby Places","Maintenance Staff, Security Staff, Facilities for Disabled, Other Facilities",,,
https://www.zameen.com/Property/g_9_g-9_3_g_9_3_house_for_sale_6_marla-52960244-3386-1.html,House,PKR6.9 Crore,4,6 Marla,For Sale,4,4 weeks ago,"G-9, Islamabad, Islamabad Capital",Brand New 4 Bed 4 Bath Tv Lounge 2x Kitchen Car Parking Close End Gas And Electricity Available Momty With Attached Washroom Water Boring Pindi Facing Solar Installed Cda Transfer,"Built in year: 2025, Parking Spaces: 3, Double Glazed Windows, Central Air Conditioning, Central Heating, Flooring, Electricity Backup, Waste Disposal, Floors: 2, Other Main Features, Furnished","Bedrooms: 3, Bathrooms: 3, Servant Quarters: 1, Drawing Room, Dining Room, Kitchens: 1, Study Room, Prayer Room, Powder Room, Gym, Store Rooms: 1, Steam Room, Lounge or Sitting Room, Laundry Room, Other Rooms","Broadband Internet Access, Satellite or Cable TV Ready, Intercom, Other Business and Communication Facilities","Community Lawn or Garden, Community Swimming Pool, Community Gym, First Aid or Medical Centre, Day Care Centre, Kids Play Area, Barbeque Area, Mosque, Community Centre, Other Community Facilities","Lawn or Garden, Swimming Pool, Sauna, Jacuzzi, Other Healthcare and Recreation Facilities","Nearby Schools, Nearby Hospitals, Nearby Shopping Malls, Nearby Restaurants, Distance From Airport (kms), Nearby Public Transport Service, Other Nearby Places","Maintenance Staff, Security Staff, Facilities for Disabled, Other Facilities",,,
https://www.zameen.com/Property/g_9_g-9_4_g_9_house_for_sale_14_marla-52955867-3387-1.html,House,PKR12.5 Crore,6,14 Marla,For Sale,6,2 weeks ago,"G-9, Islamabad, Islamabad Capital",6 bed 6 bath tv lounge kitchen marble flooring margala facing water boring car parking close end street,"Built in year: 2017, Double Glazed Windows, Flooring, Waste Disposal, Floors: 2","Bedrooms: 5, Bathrooms: 3, Drawing Room, Dining Room, Kitchens: 2, Study Room",,"Community Lawn or Garden, Community Swimming Pool, Community Gym, Day Care Centre, Kids Play Area, Barbeque Area, Mosque",,"Nearby Schools, Nearby Hospitals, Nearby Shopping Malls, Nearby Restaurants, Distance From Airport (kms), Nearby Public Transport Service, Other Nearby Places","Security Staff, Other Facilities",,,
https://www.zameen.com/Property/islamabad_faisal_town_-_f-18_7_marla_house_for_sale-52917955-8260-1.html,House,PKR3.65 Crore,6,8 Marla,For Sale,5,2 days ago,"Faisal Town - F-18, Islamabad, Islamabad Capital","30x60 House For Sale In FTA G Floor 2 Master Bed With attach Bath 1 Tv Lounge 1 Drwing Room 1 Kitchen 1 Powder Room 1St Floor 2 Master Bed with attach Bath 1 Tv lounge 1 Drwing Room / Bed Room with Attach Bath 1 Kitchen 1 Mumty Room with attach Bath 1 Laundry Area 2 Car Parking Note Floor Tile 24x48 Wash Room 18x36 Woodwork Wall Molding, Wall Paer Install, Pain Brito, Weather Sheet Original pic attached","Built in year: 2025, Parking Spaces, Double Glazed Windows, Central Air Conditioning, Central Heating, Flooring, Electricity Backup, Waste Disposal, Floors: 2, Other Main Features, Furnished","Bedrooms: 4, Bathrooms: 4, Servant Quarters, Drawing Room, Dining Room, Kitchens: 2, Study Room, Prayer Room, Powder Room, Gym, Store Rooms, Steam Room, Lounge or Sitting Room, Laundry Room, Other Rooms","Broadband Internet Access, Satellite or Cable TV Ready, Intercom, Other Business and Communication Facilities","Community Lawn or Garden, Community Swimming Pool, Community Gym, First Aid or Medical Centre, Day Care Centre, Kids Play Area, Barbeque Area, Mosque, Community Centre, Other Community Facilities","Lawn or Garden, Swimming Pool, Sauna, Jacuzzi, Other Healthcare and Recreation Facilities","Nearby Schools, Nearby Hospitals, Nearby Shopping Malls, Nearby Restaurants, Distance From Airport (kms), Nearby Public Transport Service, Other Nearby Places",Maintenance Staff,,,
https://www.zameen.com/Property/dha_defence_dha_defence_phase_2_1_kanal_brand_new_beautiful_luxury_and_designer_house_up_for_sale_in_dha2_islamabad-53356720-339-1.html,House,PKR11.7 Crore,6,1 Kanal,For Sale,5,3 days ago,"DHA Defence, Islamabad, Islamabad Capital","Blue Rock Investment Present the 1kanal beautiful brand new designer and Stylish House Up For Sale in dha2 Islamabad all appliances, Fitting and finishing are imported. The Main Feature Are : Design As Single Unit 5 beautiful Bedrooms 6 stylish bathrooms 2 specious TV Lounge Drawing and Dinning 2 Luxurious kitchen Serventrooms with bath Store 3 Car parking Green lush Lawn For More details please contact as feel free Very neat and clean deal Meeting direct with house owner Almost all Dha2 sales houses are available.","Built in year: 2025, Parking Spaces: 3, Flooring, Electricity Backup, Waste Disposal, Other Main Features","Bedrooms: 5, Bathrooms: 6, Servant Quarters: 2, Drawing Room, Dining Room, Kitchens: 2, Study Room, Prayer Room, Powder Room, Store Rooms: 1, Steam Room, Lounge or Sitting Room, Laundry Room, Other Rooms","Broadband Internet Access, Satellite or Cable TV Ready, Intercom, Other Business and Communication Facilities","Community Lawn or Garden, Community Swimming Pool, Community Gym, First Aid or Medical Centre, Day Care Centre, Kids Play Area, Barbeque Area, Mosque, Community Centre, Other Community Facilities","Sauna, Jacuzzi, Other Healthcare and Recreation Facilities","Nearby Schools, Nearby Hospitals, Nearby Shopping Malls, Nearby Restaurants, Distance From Airport (kms), Nearby Public Transport Service, Other Nearby Places","Maintenance Staff, Security Staff, Facilities for Disabled, Other Facilities",,,
https://www.zameen.com/Property/islamabad_f-6_cda_transfer_livable_house_is_for_sale-53138800-164-1.html,House,PKR35 Crore,5,1.6 Kanal,For Sale,4,1 week ago,"F-6, Islamabad, Islamabad Capital","Attached images are just for reference purpose only Chohan HAY Estate Offers: - Livable House - CDA Transfer - 4 Bedrooms with Attached Modern Bathrooms - Drawing, Dining and TV Lounge - Family Rooms with Walk-in Closets - Modern Kitchen, Handsome Cabinetry with Quartz Counter-tops - Modern Baths with Separate Shower Cabin - Terrace - Ceiling Roof - Servant Quarters - Parking Space - Peaceful and Highly Secured Living Area - Great Opportunity, Don't Waste your Time Just Grab this Opportunity For more information and additional options, kindly call on the mentioned numbers or visit Chohan HAY Estate","Parking Spaces, Flooring, Electricity Backup, Floors: 2, Other Main Features","Bedrooms: 4, Bathrooms: 5, Servant Quarters, Drawing Room, Dining Room, Kitchens, Lounge or Sitting Room","Broadband Internet Access, Satellite or Cable TV Ready, Intercom","Community Lawn or Garden, Community Gym, Kids Play Area, Barbeque Area, Mosque, Community Centre",Lawn or Garden,"Nearby Schools, Nearby Hospitals, Nearby Shopping Malls, Nearby Restaurants, Distance From Airport (kms), Nearby Public Transport Service, Other Nearby Places","Maintenance Staff, Security Staff",,,
https://www.zameen.com/Property/islamabad_f-6_livable_good_condition_400_square_yard_house_is_for_sale-52614311-164-1.html,House,PKR19 Crore,6,16 Marla,For Sale,5,1 week ago,"F-6, Islamabad, Islamabad Capital","Attached Images Are Just for Reference Purpose Only Chohan HAY Estate Offers: - Livable House - Good Condition - 400 SQYD - Investor Rate - Wide and Beautiful Street - Right Time to Invest in Real Estate - Dont Waste Your Time, just grab this Fantastic Opportunity For more information and Additional options, kindly contact at mentioned numbers or visit CHOHAN HAY ESTATE","Parking Spaces, Double Glazed Windows, Central Air Conditioning, Central Heating, Flooring, Electricity Backup, Waste Disposal","Bedrooms, Bathrooms, Servant Quarters, Drawing Room, Dining Room, Kitchens, Study Room, Powder Room, Store Rooms, Lounge or Sitting Room, Laundry Room, Other Rooms","Broadband Internet Access, Satellite or Cable TV Ready, Intercom, Other Business and Communication Facilities","Community Lawn or Garden, Community Swimming Pool, Community Gym, First Aid or Medical Centre, Day Care Centre, Kids Play Area, Barbeque Area, Mosque, Community Centre, Other Community Facilities","Lawn or Garden, Other Healthcare and Recreation Facilities","Nearby Schools, Nearby Hospitals, Nearby Shopping Malls, Nearby Restaurants, Distance From Airport (kms), Nearby Public Transport Service, Other Nearby Places","Security Staff, Other Facilities",,,
https://www.zameen.com/Property/bahria_enclave_the_galleria_3_bedroom_diamond_category_for_sale_on_investor_price-52723335-10002-1.html,Flat,PKR1.9 Crore,5,10.9 Marla,For Sale,3,2 weeks ago,"Bahria Town, Islamabad, Islamabad Capital","3Bedroom diamond category appartment for sale on investor price . Accomodation:- 3 Bedrooms 3 Bathrooms Kitchen Tv lounge Servant quarter with attached bathrooom Drawing room Powder room Wide terrace Car parking Laundry area Building features:- Mosque , grocery store , guarbage suit Lifts installed in each tower, park ( sitting area ) inside building. We have more options for sale . Our price is very reasonable as compared to market price . Contact us for more details","Built in year: 2025, Parking Spaces: 1, Lobby in Building, Double Glazed Windows, Central Air Conditioning, Central Heating, Flooring, Electricity Backup, Waste Disposal, Floor, Floors in Building: 10, Elevators: 16, Other Main Features","Bedrooms: 3, Bathrooms: 3, Servant Quarters: 1, Drawing Room, Dining Room, Kitchens: 1, Study Room, Prayer Room, Powder Room, Gym, Store Rooms: 1, Steam Room, Lounge or Sitting Room, Laundry Room, Other Rooms","Broadband Internet Access, Satellite or Cable TV Ready, Business Center or Media Room in Building, Conference Room in Building, Intercom, Other Business and Communication Facilities","Community Lawn or Garden, Community Swimming Pool, Community Gym, First Aid or Medical Centre, Day Care Centre, Kids Play Area, Barbeque Area, Mosque, Community Centre, Other Community Facilities","Sauna, Jacuzzi, Other Healthcare and Recreation Facilities","Nearby Schools, Nearby Hospitals, Nearby Shopping Malls, Nearby Restaurants, Distance From Airport (kms), Nearby Public Transport Service, Other Nearby Places","Maintenance Staff, Security Staff, Laundry or Dry Cleaning Facility, Communal/Shared Kitchen, Facilities for Disabled, Other Facilities",,,
https://www.zameen.com/Property/b_17_mpchs_-_multi_gardens_brand_new_luxuries_fully_furnished_flat_for_sale_b-17_islamabad-53356681-3115-1.html,Flat,PKR90 Lakh,1,2.8 Marla,For Sale,1,1 week ago,"B-17, Islamabad, Islamabad Capital","Experience modern living at its finest with this brand new, elegantly furnished flat located in the prime sector of B-17 Islamabad. Designed with comfort and style in mind, this property offers a perfect blend of luxury, convenience, and functionality. Property Highlights: Brand New Construction Ready to Move In Stylish Fully Furnished Interior Spacious Bedrooms with Elegant Furniture Modern Kitchen with Latest Fittings & Appliances Beautiful Living Area with Smart LED & Dcor Premium Flooring and Quality Finishing Secure Building with 24/7 Surveillance Location Advantages: Situated in the Heart of B-17 Islamabad Near Parks, Schools, Markets & Main Double Road Peaceful & Secure Neighborhood Excellent Investment Opportunity Ideal for: Families looking for a ready-to-move home Investors seeking high rental returns Professionals desiring a premium lifestyle Dont miss the chance to own this luxurious, fully furnished flat in one of Islamabads most sought-after locations. Contact Now for more details or to schedule a visit :)","Built in year: 2025, Parking Spaces: 5, Lobby in Building, Double Glazed Windows, Flooring, Electricity Backup, Floor: 1, Floors in Building: 7, Elevators: 1, Service Elevators in Building, Other Main Features, Furnished","Bedrooms: 1, Bathrooms: 1, Drawing Room, Dining Room, Kitchens: 1, Study Room, Prayer Room, Store Rooms: 1, Lounge or Sitting Room, Laundry Room, Other Rooms","Broadband Internet Access, Satellite or Cable TV Ready, Business Center or Media Room in Building, Conference Room in Building, Intercom, ATM Machines, Other Business and Communication Facilities","Community Lawn or Garden, Community Swimming Pool, Community Gym, First Aid or Medical Centre, Day Care Centre, Kids Play Area, Barbeque Area, Mosque, Community Centre, Other Community Facilities",Other Healthcare and Recreation Facilities,"Nearby Schools, Nearby Hospitals, Nearby Shopping Malls, Nearby Restaurants, Distance From Airport (kms), Nearby Public Transport Service, Other Nearby Places","Maintenance Staff, Security Staff, Laundry or Dry Cleaning Facility, Facilities for Disabled, Pets Allowed, Other Facilities",,,
https://www.zameen.com/Property/bahria_enclave_bahria_enclave_-_sector_g_9_marla_corner_house_for_sale_in_sector_g-53134068-11984-1.html,House,PKR3.75 Crore,7,8 Marla,For Sale,5,2 weeks ago,"Bahria Town, Islamabad, Islamabad Capital","9.25 marla house for sale in sector G Corner house Double side boulevard Located on main location. Road 1 / road 2 corner Accomodation 5 bedrooms 6 bathrooms 2 kitchen Tv lounge Servant quarter Car parking Terrace Drawing room Laundry area Back side door Newly constructed house Near by:- School , parks , football ground , basket ball ground . Commercial market This is the best location to live here . Contact us for more details","Built in year: 2025, Parking Spaces: 2, Double Glazed Windows, Central Air Conditioning, Central Heating, Flooring, Electricity Backup, Waste Disposal, Floors: 2, Other Main Features, Furnished","Bedrooms: 5, Bathrooms: 6, Servant Quarters: 1, Drawing Room, Dining Room, Kitchens: 2, Study Room, Prayer Room, Powder Room, Gym, Store Rooms, Steam Room, Lounge or Sitting Room, Laundry Room","Broadband Internet Access, Satellite or Cable TV Ready, Intercom","Community Lawn or Garden, Community Swimming Pool, Community Gym, First Aid or Medical Centre, Day Care Centre, Kids Play Area, Barbeque Area, Mosque, Community Centre",Lawn or Garden,"Nearby Schools, Nearby Hospitals, Nearby Shopping Malls, Nearby Restaurants, Distance From Airport (kms), Nearby Public Transport Service, Other Nearby Places","Maintenance Staff, Security Staff, Facilities for Disabled, Other Facilities",,,
https://www.zameen.com/Property/dha_defence_phase_2_dha_phase_2_-_sector_e_prime_location_10_marla_house_ideally_situated_in_dha_phase_2_-_sector_e-53308850-3200-1.html,House,PKR7.5 Crore,5,10 Marla,For Sale,5,2 weeks ago,"DHA Defence, Islamabad, Islamabad Capital","DHA Phase 2 - Sector E Islamabad is developing at a relatively fast pace, making it a great investment opportunity. The Islamabad has real estate investment options that can meet your goals. You can find out for yourself that a price of Rs. 75000000 for the property is the best you can get! Hurry up before this 10 Marla House meets a new party. A favorably located property doesn't pop up often, so hurry up before it's too late. Looking for a House that fits your budget? We got you covered! You can read more about the property features below. Seat your guests in the luxurious drawing room. A beautifully designed airy dining room that comes with this House is perfect to host formal dinners. With easy access to nearby facilities, along with broadband internet, enjoy a comfortable lifestyle here. Safety is a top priority, so security staff will be available on the premise. For details, contact us through phone or email.",,"Bedrooms: 5, Bathrooms: 5, Drawing Room, Dining Room","Broadband Internet Access, Satellite or Cable TV Ready, Intercom, Other Business and Communication Facilities",,,"Nearby Schools, Nearby Hospitals, Nearby Shopping Malls, Nearby Restaurants, Distance From Airport (kms), Nearby Public Transport Service, Other Nearby Places","Security Staff, Other Facilities",,,
https://www.zameen.com/Property/d_12_d-12_1_stunning_corner_house_is_available_for_sale_in_d-12_1-53259807-3154-1.html,House,PKR9.75 Crore,6,8 Marla,For Sale,7,1 week ago,"D-12, Islamabad, Islamabad Capital",Brand New Corner Designer House Is Available For Sale In D-12/1 Islamabad DETAILS Size 30-60 (8marla) Proper Corner Murree facing Triple Story White House 5 KVA Solar Panal Installed On Roof 15 KVA Solar Inverter 10 KVA Solar Space Available Sami Furnished Tile Flooring Attached picture original ACCOMMODATIONS AND FACILITIES Having 7-Specious Bedrooms With Attached Bathrooms Drawing Dinning With attached Bath 3-TV Lounge 3-Modran Style Kitchens Sarvant Quarters with attached Bath Tile Flooring Water Boring and CDA supply available Solid Construction Best Quality windows wooden Doors Stylish Roof Selling Best Sanitary work etc Top location Vip area near by family hills parks Markaz Mosque service road and many more neat and clean environment best options for living For Further Details And Viewing Please contact us Haider Associates D12 Markaz Islamabad,"Built in year: 2025, Parking Spaces: 1, Flooring, Electricity Backup, Waste Disposal, Other Main Features","Bedrooms: 3, Bathrooms: 4, Drawing Room, Dining Room, Kitchens: 1, Powder Room, Lounge or Sitting Room","Broadband Internet Access, Satellite or Cable TV Ready, Intercom, Other Business and Communication Facilities","Community Lawn or Garden, Community Swimming Pool, Community Gym, First Aid or Medical Centre, Day Care Centre, Kids Play Area, Barbeque Area, Mosque, Community Centre, Other Community Facilities",Other Healthcare and Recreation Facilities,"Nearby Schools, Nearby Hospitals, Nearby Shopping Malls, Nearby Restaurants, Distance From Airport (kms), Nearby Public Transport Service, Other Nearby Places",,,,
https://www.zameen.com/Property/top_city_1_top_city_1_-_block_a_2nd_to_corner_sun_face_10_marla_brand_new_house_for_sale_in_top_city-1_islamabad-53172535-9231-1.html,House,PKR4.85 Crore,6,10 Marla,For Sale,5,3 days ago,"Top City 1, Islamabad, Islamabad Capital","*Top City-1* *A Block* *10 Marla Brand New* *Full House Available For Sale* *Double Unit* * 05 Bedrooms * 06 Bathrooms * 02 Kitchen * 02 TV longue * 02 Drawing Rooms * 01 Servant Room * 02 Car Parking Space *Good Location* * Near to Masjid, Park, School, Filter Plant & Market * Keys in Hand *Sale Demand* 4.85 Crore","Parking Spaces: 3, Double Glazed Windows, Central Air Conditioning, Central Heating, Flooring, Electricity Backup, Floors: 2, Other Main Features","Bedrooms: 5, Bathrooms: 6, Servant Quarters: 1, Drawing Room, Dining Room, Kitchens: 2, Study Room, Prayer Room, Powder Room, Gym, Store Rooms: 1, Steam Room, Lounge or Sitting Room, Laundry Room, Other Rooms",,"Community Lawn or Garden, First Aid or Medical Centre, Day Care Centre, Kids Play Area, Barbeque Area, Mosque, Community Centre, Other Community Facilities",,"Nearby Schools, Nearby Hospitals, Nearby Shopping Malls, Nearby Restaurants, Distance From Airport (kms), Nearby Public Transport Service, Other Nearby Places","Maintenance Staff, Security Staff, Other Facilities",,,
https://www.zameen.com/Property/dha_defence_phase_2_dha_phase_2_-_sector_g_dha_phase_2_islamabad_sector_g_1_kanal_house_for_sale-53127611-3202-1.html,House,PKR11.5 Crore,7,1 Kanal,For Sale,6,4 days ago,"DHA Defence, Islamabad, Islamabad Capital",Dha phase 2 islamabad 1 kanal house for sale in sector G good location,,,,,,"Nearby Schools, Nearby Hospitals, Nearby Shopping Malls, Nearby Restaurants",,,,
https://www.zameen.com/Property/fechs_jinnah_gardens_double_storey_house-52628088-1420-1.html,House,PKR3.45 Crore,6,7 Marla,For Sale,5,2 weeks ago,"FECHS, Islamabad, Islamabad Capital","Now we are back for you with new luxurious house in Jinnah garden Islamabad. you can. buy this. house in just pkr 3,45,000,00. this house has available all facelities. this house has also have bore facility. fore more details contact us.","Built in year: 2025, Parking Spaces: 4, Double Glazed Windows, Central Air Conditioning, Central Heating, Flooring, Electricity Backup, Floors: 2, Furnished","Bedrooms: 5, Bathrooms: 6, Drawing Room, Dining Room, Kitchens: 2, Study Room, Prayer Room, Gym, Lounge or Sitting Room","Broadband Internet Access, Satellite or Cable TV Ready","Community Lawn or Garden, Community Swimming Pool, Community Gym, Kids Play Area, Barbeque Area, Mosque, Community Centre","Lawn or Garden, Sauna, Jacuzzi","Nearby Schools, Nearby Hospitals, Nearby Shopping Malls, Nearby Restaurants, Distance From Airport (kms), Nearby Public Transport Service","Maintenance Staff, Security Staff, Other Facilities",,,
https://www.zameen.com/Property/islamabad_mumtaz_city_8_marla_brand_new_double_storey_house_available_for_sale_in_mumtaz_city-52362472-3464-1.html,House,PKR3.05 Crore,6,8 Marla,For Sale,6,4 weeks ago,"Mumtaz City, Islamabad, Islamabad Capital","** 8 Marla Designer House for Sale in Mumtaz , Islamabad! * **A+ Construction** **Location**: Mumtaz City Islamabad, Islamabad Near to New Islamabad International Airport, **Size**:8-Marla (30*60) **Detail**: - **Bedrooms**:5 + 1 Servant Room - **Bathrooms**:6 - **Kitchens**:2 - **Drawing Room**:2 - **TV Lounch**:2 - **Tiles Flooring** - **Solid Wood Work** **Amenities**: - Electricity,Water & Gass - Nearby Mosque - Sunface Plot - Nearby Market - Nearby School - Neaby Metro Station - Park **Completion Done. ** **Demand* 305 **Contact Us Now to Schedule a Visit!**",,,,,,"Nearby Schools, Nearby Hospitals, Nearby Shopping Malls, Nearby Restaurants, Distance From Airport (kms), Nearby Public Transport Service, Other Nearby Places","Security Staff, Other Facilities",,,
https://www.zameen.com/Property/islamabad_top_city_1_1_bed_luxury_apartment_available_for_sale_on_4_5_years_instalment_plan_in_top_city_1_islamabad-52424394-1383-1.html,Flat,PKR56 Lakh,1,2.4 Marla,For Sale,1,3 days ago,"Top City 1, Islamabad, Islamabad Capital","Project Name : *Capital Front* Location : *Topcity-1 Islamabad* Near New Islamabad International Airport Apartments are Available On 4.5 years Instalment Plan, Booking start from 25% only, NOC & LOP Approved by CDA / RDA. 1 Bed Apartment Size (550 sq ft) Total Price : 5,600,000/- Booking Payment: 450,000/- Confirmation Payment : 450,000/- (After 30 days From Booking) Allocation Payment : 450,000/- (After 60 Days From Booking) Remaining on 54 Instalments Per Month Instalment : 65,000/- On Finishing : 370,000 (One Time) On Possession : 370,000 (One Time) Instalment Plan : (upto 4.5 Years) Features: Gated Community Direct Access From Kashmir Highway Walking distance From Metro stop 6 km away from New Islamabad International Airport All Facilities are available Peaceful and Very Secure Living Area More Detail please Contact","Built in year: 2025, Parking Spaces, Lobby in Building, Double Glazed Windows, Central Air Conditioning, Central Heating, Flooring, Electricity Backup, Waste Disposal, Floor, Floors in Building: 18, Elevators, Service Elevators in Building, Other Main Features","Bedrooms: 3, Bathrooms: 3, Servant Quarters, Drawing Room, Dining Room, Kitchens, Study Room, Prayer Room, Powder Room, Gym, Store Rooms, Steam Room, Lounge or Sitting Room, Laundry Room, Other Rooms","Broadband Internet Access, Satellite or Cable TV Ready, Business Center or Media Room in Building, Conference Room in Building, Intercom, ATM Machines, Other Business and Communication Facilities","Community Lawn or Garden, Community Swimming Pool, Community Gym, First Aid or Medical Centre, Day Care Centre, Kids Play Area, Barbeque Area, Mosque, Community Centre, Other Community Facilities","Sauna, Jacuzzi, Other Healthcare and Recreation Facilities","Nearby Schools, Nearby Hospitals, Nearby Shopping Malls, Nearby Restaurants, Distance From Airport (kms), Nearby Public Transport Service, Other Nearby Places","Security Staff, Other Facilities",PKR13.61 Lakh,PKR78.5 Thousand,54 Months
https://www.zameen.com/Property/islamabad_f-11_5500_square_feet_spacious_flat_is_available_in_f-11_for_sale-52675641-163-1.html,Flat,PKR14 Crore,3,1.2 Kanal,For Sale,3,1 week ago,"F-11, Islamabad, Islamabad Capital","This modern Apartment sits on 5500 square feet elegant designed sure to satisfy the most discerning buyers. Modern decor high ceilings, rich wood work large windows and ample closets, Chef's kitchen, bright living space with spectacular views. Exquisite drawing dining, 3 specious bedrooms plus bathroom walk-in steam shower and floating vanity, Experience luxury living at it's finest in this meticulously crafted retreated, offering a perfect blend of sophistication and comfort. Well maintained building 24-hour security, reserved car parking and power backup in the building, Located in a prestigious neighborhood near prime shopping destination, schools, trendy restaurants, etc Specializes in buying selling renting finest luxury real estate in Islamabad. Experience most desirable properties Contact us for features Saad Associate Keeping promises is our priority","Built in year: 2022, Parking Spaces: 2, Lobby in Building, Double Glazed Windows, Central Air Conditioning, Central Heating, Flooring, Electricity Backup, Waste Disposal, Floor, Floors in Building: 1, Elevators: 2, Service Elevators in Building, Other Main Features, Furnished","Bedrooms: 3, Bathrooms: 3, Servant Quarters: 1, Drawing Room, Dining Room, Kitchens: 1, Powder Room, Lounge or Sitting Room, Laundry Room","Broadband Internet Access, Satellite or Cable TV Ready, Business Center or Media Room in Building, Conference Room in Building, Intercom","Community Lawn or Garden, Community Swimming Pool, Community Gym, First Aid or Medical Centre, Day Care Centre, Kids Play Area, Barbeque Area, Mosque, Community Centre, Other Community Facilities",Other Healthcare and Recreation Facilities,"Nearby Schools, Nearby Hospitals, Nearby Shopping Malls, Nearby Restaurants, Distance From Airport (kms), Nearby Public Transport Service, Other Nearby Places","Maintenance Staff, Security Staff, Laundry or Dry Cleaning Facility",,,
https://www.zameen.com/Property/bahria_enclave_bahria_enclave_-_sector_f_bahria_enclave_sector_f_10_marla-_main_boulevard_house_available_for_sale_fully_furnished-53075820-11985-1.html,House,PKR5.4 Crore,4,10 Marla,For Sale,4,2 weeks ago,"Bahria Town, Islamabad, Islamabad Capital",Bahria Enclave Sector F 10 Marla- Main Boulevard House available for sale Fully Furnished Specifications: 1.4 bedrooms with attach baths 2.15kv solar installed 3. Laundry area 4. Security Camera system 5. Electric Gyser installed 6. Luxury huge kitchen with modern accessories 7. Concealed AC pipes fitting 8. Solid doors + tile flooring 9. Wood work + TV consoles 10. Backopen+Lone Contact us for more details:,"Built in year: 2021, Parking Spaces: 1, Double Glazed Windows, Central Air Conditioning, Central Heating, Flooring, Electricity Backup, Waste Disposal, Floors: 2, Other Main Features, Furnished","Bedrooms: 4, Bathrooms: 4, Servant Quarters: 1, Drawing Room, Dining Room, Kitchens: 2, Study Room, Prayer Room, Powder Room, Gym, Store Rooms, Steam Room, Lounge or Sitting Room, Laundry Room, Other Rooms","Broadband Internet Access, Satellite or Cable TV Ready, Intercom, Other Business and Communication Facilities","Community Lawn or Garden, Community Gym, First Aid or Medical Centre, Day Care Centre, Kids Play Area, Barbeque Area, Mosque, Community Centre, Other Community Facilities","Lawn or Garden, Swimming Pool, Sauna, Jacuzzi, Other Healthcare and Recreation Facilities","Nearby Schools, Nearby Hospitals, Nearby Shopping Malls, Nearby Restaurants, Distance From Airport (kms), Nearby Public Transport Service, Other Nearby Places","Maintenance Staff, Security Staff, Facilities for Disabled, Other Facilities",,,
https://www.zameen.com/Property/bahria_enclave_bahria_enclave_-_sector_b1_bahria_enclave_islamabad_sector_b1_5_marla_beautiful_house_is_available_for_sale-53111419-11972-1.html,House,PKR2.4 Crore,3,5 Marla,For Sale,3,2 weeks ago,"Bahria Town, Islamabad, Islamabad Capital",Bahria Enclave Islamabad Sector B1 5 Marla green patch Beautiful House is Available For Sale Owner House A plus Construction with Branded fittings Most prime And ideal Location for living All basic facilities Available such as; Water Gas Electricity Maintenance Security 24/7. Near to Main Entrance Beacon house School park Farooq Hospital & Mosque. Most populated Sector in Bahria Enclave Islamabad 3 Bedrooms with attached bath Drawing room Tv Lounge 2 kitchens 1 powder room 1 Servant room with attached bath Car parking space Reasonable price Contact us for more details,,"Bedrooms: 3, Bathrooms: 3, Servant Quarters: 1, Drawing Room, Dining Room, Kitchens: 2, Study Room, Prayer Room, Other Rooms",Other Business and Communication Facilities,Mosque,Other Healthcare and Recreation Facilities,"Nearby Schools, Nearby Hospitals, Nearby Shopping Malls, Nearby Restaurants, Nearby Public Transport Service",,,,
https://www.zameen.com/Property/islamabad_faisal_town_-_f-18_7_marla_house_for_sale-52917955-8260-1.html,House,PKR3.65 Crore,6,8 Marla,For Sale,5,2 days ago,"Faisal Town - F-18, Islamabad, Islamabad Capital","30x60 House For Sale In FTA G Floor 2 Master Bed With attach Bath 1 Tv Lounge 1 Drwing Room 1 Kitchen 1 Powder Room 1St Floor 2 Master Bed with attach Bath 1 Tv lounge 1 Drwing Room / Bed Room with Attach Bath 1 Kitchen 1 Mumty Room with attach Bath 1 Laundry Area 2 Car Parking Note Floor Tile 24x48 Wash Room 18x36 Woodwork Wall Molding, Wall Paer Install, Pain Brito, Weather Sheet Original pic attached","Built in year: 2025, Parking Spaces, Double Glazed Windows, Central Air Conditioning, Central Heating, Flooring, Electricity Backup, Waste Disposal, Floors: 2, Other Main Features, Furnished","Bedrooms: 4, Bathrooms: 4, Servant Quarters, Drawing Room, Dining Room, Kitchens: 2, Study Room, Prayer Room, Powder Room, Gym, Store Rooms, Steam Room, Lounge or Sitting Room, Laundry Room, Other Rooms","Broadband Internet Access, Satellite or Cable TV Ready, Intercom, Other Business and Communication Facilities","Community Lawn or Garden, Community Swimming Pool, Community Gym, First Aid or Medical Centre, Day Care Centre, Kids Play Area, Barbeque Area, Mosque, Community Centre, Other Community Facilities","Lawn or Garden, Swimming Pool, Sauna, Jacuzzi, Other Healthcare and Recreation Facilities","Nearby Schools, Nearby Hospitals, Nearby Shopping Malls, Nearby Restaurants, Distance From Airport (kms), Nearby Public Transport Service, Other Nearby Places",Maintenance Staff,,,
https://www.zameen.com/Property/g_16_g-16_4_house_available_corner_with_7_marla_prime_location-46477571-3355-1.html,House,PKR3.3 Crore,6,8 Marla,For Sale,6,4 days ago,"G-16, Islamabad, Islamabad Capital",HOUSE 6 beds with attached 6 baths 1 mumty with 1 bath Ground First Floor G-16/4 Prime Location Best Of The Best,"Built in year: 2024, Parking Spaces: 4, Double Glazed Windows, Central Air Conditioning, Central Heating, Flooring, Electricity Backup, Floors: 2, Other Main Features","Bedrooms: 4, Bathrooms: 4, Servant Quarters: 1, Drawing Room, Dining Room, Kitchens: 2, Study Room, Prayer Room, Store Rooms: 1, Lounge or Sitting Room, Other Rooms","Broadband Internet Access, Other Business and Communication Facilities","Community Lawn or Garden, Community Swimming Pool, Community Gym, First Aid or Medical Centre, Day Care Centre, Other Community Facilities","Lawn or Garden, Sauna, Other Healthcare and Recreation Facilities","Nearby Schools, Nearby Hospitals, Nearby Shopping Malls, Nearby Restaurants",,,,
https://www.zameen.com/Property/islamabad_faisal_town_-_f-18_2_bed_flat_for_sale_in_faisal_town_islamabad-53251770-8260-1.html,Flat,PKR99 Lakh,2,4.7 Marla,For Sale,2,1 week ago,"Faisal Town - F-18, Islamabad, Islamabad Capital","2 Bed Flat attached Bath, 1 kitchen big tv lounge furnished flat brand new Furniture 80K Rented out.","Built in year: 2024, Parking Spaces: 2, Lobby in Building, Double Glazed Windows, Central Air Conditioning, Central Heating, Flooring, Electricity Backup, Waste Disposal, Floor: 5, Floors in Building: 5, Elevators: 1, Service Elevators in Building, Other Main Features, Furnished","Bedrooms: 2, Bathrooms: 2, Servant Quarters: 1, Drawing Room, Dining Room, Kitchens: 1, Study Room, Prayer Room, Powder Room, Gym, Store Rooms: 1, Steam Room, Lounge or Sitting Room, Laundry Room, Other Rooms","Broadband Internet Access, Satellite or Cable TV Ready, Business Center or Media Room in Building, Conference Room in Building, Intercom, ATM Machines, Other Business and Communication Facilities","Community Lawn or Garden, Community Swimming Pool, Community Gym, First Aid or Medical Centre, Day Care Centre, Kids Play Area, Barbeque Area, Mosque, Community Centre, Other Community Facilities","Sauna, Jacuzzi, Other Healthcare and Recreation Facilities","Nearby Schools, Nearby Hospitals, Nearby Shopping Malls, Nearby Restaurants, Distance From Airport (kms), Nearby Public Transport Service, Other Nearby Places","Maintenance Staff, Security Staff, Laundry or Dry Cleaning Facility, Communal/Shared Kitchen, Facilities for Disabled, Pets Allowed, Other Facilities",,,
https://www.zameen.com/Property/islamabad_faisal_town_-_f-18_brand_new_8_marla_house_with_all_amenities_very_near_to_super_nova-52779787-8260-1.html,House,PKR3.25 Crore,6,8 Marla,For Sale,7,1 week ago,"Faisal Town - F-18, Islamabad, Islamabad Capital",8 Marla House Gas water electricity Available School Hospital masjid park each and everything supermarket etc,"Built in year: 2025, Parking Spaces: 2, Double Glazed Windows, Central Air Conditioning, Central Heating, Flooring, Electricity Backup, Waste Disposal, Floors: 2, Other Main Features, Furnished","Bedrooms: 6, Bathrooms: 6, Servant Quarters: 1, Drawing Room, Dining Room, Kitchens: 2, Study Room, Prayer Room, Powder Room, Gym, Store Rooms: 1, Steam Room, Lounge or Sitting Room, Laundry Room, Other Rooms","Broadband Internet Access, Satellite or Cable TV Ready, Intercom, Other Business and Communication Facilities","Community Lawn or Garden, Community Swimming Pool, Community Gym, First Aid or Medical Centre, Day Care Centre, Kids Play Area, Barbeque Area, Mosque, Community Centre, Other Community Facilities","Lawn or Garden, Swimming Pool, Sauna, Jacuzzi, Other Healthcare and Recreation Facilities","Nearby Schools, Nearby Hospitals, Nearby Shopping Malls, Nearby Restaurants, Distance From Airport (kms), Nearby Public Transport Service, Other Nearby Places","Maintenance Staff, Security Staff, Facilities for Disabled, Other Facilities",,,
https://www.zameen.com/Property/pwd_housing_scheme_pwd_housing_society_-_block_d_5_marla_brind_new_double_story_house_for_sale-53266687-15002-1.html,House,PKR2.8 Crore,5,5 Marla,For Sale,4,2 weeks ago,"PWD Housing Scheme, Islamabad, Islamabad Capital",5 MARLA BRIND NEW DOUBLE STORY HOUSE FOR SALE IN PWD HOUSING SOCIETY ISLAMABAD STUNNING LOCATION FRONT WIDE ROAD REASONABLE PRICE TILE FLOORING 4 BEDROOM'S 5 BATHROOM 2 KITCHEN DRAWING ROOM TV LOUNGE CAR PORCH ALL FACILITIES NEAR TO MAIN HIGH WAY ISLAMABAD NEAR TO MAIN MARKET PWD CALL US MORE INFORMATION AAMIR ESTATE BUILDERS,"Built in year: 2025, Parking Spaces: 2, Double Glazed Windows, Central Air Conditioning, Central Heating, Flooring, Electricity Backup, Waste Disposal, Floors: 2, Other Main Features, Furnished","Bedrooms: 4, Bathrooms: 5, Servant Quarters: 1, Drawing Room, Dining Room, Kitchens: 2, Study Room, Prayer Room, Powder Room, Gym, Store Rooms: 1, Steam Room, Lounge or Sitting Room, Laundry Room, Other Rooms","Broadband Internet Access, Satellite or Cable TV Ready, Intercom, Other Business and Communication Facilities","Community Lawn or Garden, Community Swimming Pool, Community Gym, First Aid or Medical Centre, Day Care Centre, Kids Play Area, Barbeque Area, Mosque, Community Centre, Other Community Facilities","Lawn or Garden, Swimming Pool, Sauna, Jacuzzi, Other Healthcare and Recreation Facilities","Nearby Schools, Nearby Hospitals, Nearby Shopping Malls, Nearby Restaurants, Distance From Airport (kms), Nearby Public Transport Service, Other Nearby Places","Maintenance Staff, Security Staff, Facilities for Disabled, Other Facilities",,,
https://www.zameen.com/Property/dha_defence_dha_defence_phase_2_1_kanal_double_unit_6-bedroom_house_for_sale_in_dha_phase_2_islamabad-53058459-339-1.html,House,PKR11.5 Crore,7,1 Kanal,For Sale,6,11 hours ago,"DHA Defence, Islamabad, Islamabad Capital",Elite Property Exchange offer DOUBLE UNIT 6 BEDROOM HOUSE FOR SALE 6*Bedroom's 6*Bathroom's Drawing room +Dining room T. V Lounge Servant quarter 3*Car parking,"Built in year, Parking Spaces: 3, Double Glazed Windows, Central Air Conditioning, Central Heating, Flooring, Electricity Backup, Waste Disposal, Floors: 2, Other Main Features","Bedrooms: 6, Bathrooms: 6, Servant Quarters: 1, Drawing Room, Dining Room, Kitchens: 2, Powder Room, Gym, Store Rooms: 1, Lounge or Sitting Room, Laundry Room, Other Rooms","Broadband Internet Access, Satellite or Cable TV Ready, Intercom, Other Business and Communication Facilities","Community Lawn or Garden, Community Swimming Pool, Community Gym, First Aid or Medical Centre, Day Care Centre, Kids Play Area, Barbeque Area, Mosque, Community Centre, Other Community Facilities","Lawn or Garden, Sauna, Jacuzzi, Other Healthcare and Recreation Facilities","Nearby Schools, Nearby Hospitals, Nearby Shopping Malls, Nearby Restaurants, Distance From Airport (kms), Nearby Public Transport Service, Other Nearby Places","Maintenance Staff, Security Staff, Facilities for Disabled, Other Facilities",,,
https://www.zameen.com/Property/dha_defence_dha_defence_phase_2_one_kanal_contemporary_single_unit_house_in_dha_phase_2_islamabad-53037216-339-1.html,House,PKR13.95 Crore,6,1 Kanal,For Sale,5,1 day ago,"DHA Defence, Islamabad, Islamabad Capital",Demand: 13.95 Crore Location: DHA Phase 2 ISB 5 Bedroom Sun Facing House Drawing Room Dining Room SMC Kitchen ( Branded ) Imported Chandeliers Fotile Appliances Double Glazed Windows Powder Room Solid Mahogany Wood Imported Tiles Imported jacuzzis ROCA and GROHE Sanitary Servant Quarters 3 Car Parking Space,"Double Glazed Windows, Flooring, Electricity Backup, Other Main Features","Bedrooms: 5, Bathrooms: 6, Drawing Room, Dining Room, Kitchens: 2, Store Rooms: 1, Other Rooms","Broadband Internet Access, Satellite or Cable TV Ready, Intercom","Community Lawn or Garden, Community Swimming Pool, Community Gym, First Aid or Medical Centre, Day Care Centre, Kids Play Area, Barbeque Area, Mosque, Community Centre, Other Community Facilities","Lawn or Garden, Jacuzzi, Other Healthcare and Recreation Facilities","Nearby Schools, Nearby Hospitals, Nearby Shopping Malls, Nearby Restaurants, Distance From Airport (kms), Nearby Public Transport Service, Other Nearby Places","Maintenance Staff, Security Staff, Facilities for Disabled, Other Facilities",,,
https://www.zameen.com/Property/dha_defence_dha_defence_phase_2_1_kanal_double_unit_house_for_sale_in_dha_phase_2_islamabad-53058277-339-1.html,House,PKR11.5 Crore,7,1 Kanal,For Sale,6,4 days ago,"DHA Defence, Islamabad, Islamabad Capital",Elite Property Exchange offer Double Unit house 6*Bedroom's 6*Bathroom's Drawing room +Dining room T. V Lounge Servant quarter 3*Car parking,"Parking Spaces: 3, Flooring, Electricity Backup, Floors: 2, Other Main Features","Bedrooms: 6, Bathrooms: 6, Servant Quarters: 1, Drawing Room, Dining Room, Kitchens: 2, Store Rooms: 1, Other Rooms","Broadband Internet Access, Satellite or Cable TV Ready, Intercom, Other Business and Communication Facilities","Community Lawn or Garden, Community Swimming Pool, Community Gym, First Aid or Medical Centre, Day Care Centre, Kids Play Area, Barbeque Area, Mosque, Community Centre, Other Community Facilities","Lawn or Garden, Other Healthcare and Recreation Facilities","Nearby Schools, Nearby Hospitals, Nearby Shopping Malls, Nearby Restaurants, Distance From Airport (kms), Nearby Public Transport Service, Other Nearby Places","Maintenance Staff, Security Staff, Facilities for Disabled, Other Facilities",,,
https://www.zameen.com/Property/islamabad_f-8_f-8_old_livable_house_is_for_sale-52651599-166-1.html,House,PKR30 Crore,6,1.2 Kanal,For Sale,5,2 days ago,"F-8, Islamabad, Islamabad Capital","Chohan HAY Estate Offers: - Livable House - Drawing Dining and TV Lounge - Kitchen - Lawn - Servant Quarters - Parking Space - Dream Location - Investor Rate - Dont Waste Your Time, Just Grab this Fantastic Opportunity For more information and additional options, kindly contact at mentioned numbers or visit CHOHAN HAY ESTATE","Parking Spaces, Double Glazed Windows, Waste Disposal, Floors","Bedrooms, Bathrooms, Servant Quarters, Drawing Room, Dining Room, Kitchens, Study Room, Prayer Room, Powder Room, Gym, Store Rooms, Steam Room, Lounge or Sitting Room, Laundry Room","Broadband Internet Access, Satellite or Cable TV Ready, Intercom","Community Gym, First Aid or Medical Centre, Day Care Centre, Kids Play Area, Barbeque Area, Mosque, Community Centre, Other Community Facilities","Lawn or Garden, Swimming Pool, Sauna","Nearby Schools, Nearby Hospitals, Nearby Shopping Malls, Nearby Restaurants, Distance From Airport (kms), Nearby Public Transport Service, Other Nearby Places",,,,
https://www.zameen.com/Property/islamabad_b-17_luxury_17-marla_penthouse_for_sale_platinum_center_fmc_b-17_islamabad-53238181-616-1.html,Penthouse,PKR3.5 Crore,-,17 Marla,For Sale,-,3 days ago,"B-17, Islamabad, Islamabad Capital","An exceptional opportunity to own a beautifully constructed 17-Marla Penthouse located in the highly sought-after Platinum Center, FMC B-17 Islamabad. This property offers spacious living with premium finishes and is ideal for families looking for comfort, luxury and long-term value. Property Details: Size: 17 Marla (Total Covered Area: 4,400 sq. ft. ) Location: Platinum Center, FMC B-17, Islamabad Price: Rs. 3 Crore 50 Lac Rental Value: Rs. 3 Lac per month Features: 4 Spacious Bedrooms with Attached Bathrooms Elegant Drawing Room Comfortable TV Lounge 2 Fully Equipped Kitchens Dedicated BBQ Area Private Plunge Pool with Filtration System Separate Water Tank Beautiful Fountain Feature Fully Furnished with Imported Furniture & Premium Accessories Highlights: Prime location in Platinum Center, a prestigious address in B-17 Luxurious design and top-quality finishes Ideal for families seeking privacy and comfort Excellent investment opportunity with solid rental returns ________________________________________ Dont miss this incredible opportunity! Contact us now to schedule a visit or learn more! Abdullah Property Dealer & Builders Office GF-21, Town Residency, Old Bara Road, University Town, Peshawar",,,,,,,,,,
https://www.zameen.com/Property/islamabad_e-7_house_for_sale_is_readily_available_in_prime_location_of_e-7-53280276-343-1.html,House,PKR75 Crore,-,2.1 Kanal,For Sale,-,2 weeks ago,"E-7, Islamabad, Islamabad Capital","This property is available for Rs. 750000000. You will be hard pressed to find a better deal. If this House interests you wait, wait till you visit E-7. Take your pick from our inventory of a perfect 1066 Square Yards property. It's high time to move to E-7 with tonnes of new opportunities. The savvy buyers will not say no to buying such a fine property. This House is based at a prime location of E-7 E-7. The following property features will tell you what makes it special. A short sauna session every day can improve your overall health and mood. This project features broadband internet access among other facilities. You can host your guests in the barbeque area adjoining the building. A dip in the Jacuzzi is a perfect way to soothe your aching muscles. The House features state-of-the-art amenities for the differently-abled. Mosques are one of the places to meet new people, and luckily the House has one nearby. Enjoy your evening walks in the community park located at a walking distance from the House. Want to know more? Contact us.","Built in year: 2023, Parking Spaces: 2, Double Glazed Windows, Central Air Conditioning, Central Heating, Flooring, Electricity Backup, Waste Disposal, Floors: 2, Other Main Features, Furnished","Bedrooms: 5, Bathrooms: 6, Servant Quarters: 1, Drawing Room, Dining Room, Kitchens: 2, Study Room, Prayer Room, Powder Room, Gym, Store Rooms: 1, Steam Room, Lounge or Sitting Room, Laundry Room, Other Rooms","Broadband Internet Access, Satellite or Cable TV Ready, Intercom, Other Business and Communication Facilities","Community Lawn or Garden, Community Swimming Pool, Community Gym, First Aid or Medical Centre, Day Care Centre, Kids Play Area, Barbeque Area, Mosque, Community Centre, Other Community Facilities","Lawn or Garden, Swimming Pool, Sauna, Jacuzzi, Other Healthcare and Recreation Facilities","Nearby Schools, Nearby Hospitals, Nearby Shopping Malls, Nearby Restaurants, Distance From Airport (kms), Nearby Public Transport Service, Other Nearby Places","Maintenance Staff, Security Staff, Facilities for Disabled, Other Facilities",,,
https://www.zameen.com/Property/i_8_i-8_3_triple_storey_corner_house_for_sale-53349620-3443-1.html,House,PKR25 Crore,7,1 Kanal,For Sale,9,2 weeks ago,"I-8, Islamabad, Islamabad Capital",THREE BED DRAWING DINING TV LOUNGE AND KITCHEN ON EACH FLOOR 9 BEDROOMS IN TOTAL 1 SERVANT ROOM PROPER CORNER BEST LOCATION,"Parking Spaces: 4, Flooring, Waste Disposal, Floors: 3","Bedrooms: 6, Bathrooms: 6, Servant Quarters: 1, Drawing Room, Dining Room, Kitchens: 1, Study Room, Prayer Room, Store Rooms: 1, Steam Room, Lounge or Sitting Room, Laundry Room, Other Rooms",,,,,,,,
https://www.zameen.com/Property/islamabad_b-17_10_marla_dubble_store_corner_house_available_for_sale_at_multi_garden_b17_islamabad-53314407-616-1.html,House,PKR4.2 Crore,6,10 Marla,For Sale,6,1 month ago,"B-17, Islamabad, Islamabad Capital",10 marla dubble store corner house for sale at multi garden B17 Islamabad if you are looking reasonable price house at B 17 it's great opportunity for you it's not builder's built house it's owner built for herself at 2020 its good option for rental property it's one portion rent is 65 k details 10 marla corner house ideal location solor system installed 2 gas meter water bore dubble Parking space contact us for more details we also providing design and construction services contact us for quality construction services,"Built in year: 2020, Parking Spaces: 2, Double Glazed Windows, Central Air Conditioning, Central Heating, Flooring, Electricity Backup, Waste Disposal, Floors","Bedrooms: 3, Bathrooms: 4, Servant Quarters: 1, Drawing Room, Dining Room, Kitchens: 1, Study Room, Prayer Room, Powder Room, Gym, Store Rooms: 1, Steam Room, Lounge or Sitting Room",,,,"Nearby Schools, Nearby Hospitals, Nearby Shopping Malls, Nearby Restaurants, Distance From Airport (kms), Nearby Public Transport Service, Other Nearby Places",,,,
https://www.zameen.com/Property/islamabad_g-10_house_available_for_sale-53077377-167-1.html,House,PKR7.5 Crore,6,8 Marla,For Sale,5,1 month ago,"G-10, Islamabad, Islamabad Capital",Beautiful Full House available for sale in G10 Size : 1500 SQ feet 5 bedrooms 6 washroom 2 Tv lounge 1 drawing rooms 2 kitchen 1 Car parking in said Rent demand : 750lac *Hanif ullah khattak* *KK real estate G10 Markaz* Not ( more options available ),"Parking Spaces: 1, Double Glazed Windows, Central Air Conditioning, Central Heating, Flooring, Electricity Backup","Bedrooms: 6, Bathrooms: 6, Servant Quarters: 1, Drawing Room, Dining Room, Kitchens: 2, Study Room, Prayer Room, Powder Room, Gym, Store Rooms: 1, Steam Room, Lounge or Sitting Room, Laundry Room","Broadband Internet Access, Satellite or Cable TV Ready, Intercom, Other Business and Communication Facilities","Community Lawn or Garden, Community Swimming Pool, Community Gym, First Aid or Medical Centre, Day Care Centre, Kids Play Area, Barbeque Area, Mosque, Community Centre, Other Community Facilities","Lawn or Garden, Swimming Pool, Sauna, Jacuzzi, Other Healthcare and Recreation Facilities","Nearby Schools, Nearby Hospitals, Nearby Shopping Malls, Nearby Restaurants, Distance From Airport (kms), Nearby Public Transport Service, Other Nearby Places","Maintenance Staff, Security Staff, Facilities for Disabled, Other Facilities",,,
https://www.zameen.com/Property/islamabad_g-10_house_available_for_sale-53077392-167-1.html,House,PKR8.8 Crore,6,9.3 Marla,For Sale,6,1 week ago,"G-10, Islamabad, Islamabad Capital",Beautiful House available for sale in G10 Size : 2100 SQ feet 6 bedrooms 6 washroom 2 Tv lounge 1 drawing rooms 2 kitchen 1 Car parking in said Rent demand : 880lac *Hanif ullah khattak* *KK real estate G10 Markaz* Not ( more options available ),"Parking Spaces: 1, Double Glazed Windows, Central Air Conditioning, Central Heating, Flooring, Electricity Backup","Bedrooms: 6, Bathrooms: 6, Drawing Room, Dining Room, Kitchens: 2, Study Room, Prayer Room, Powder Room, Gym, Store Rooms: 2, Steam Room, Lounge or Sitting Room, Laundry Room","Broadband Internet Access, Satellite or Cable TV Ready, Intercom","Community Lawn or Garden, Community Swimming Pool, Community Gym, First Aid or Medical Centre, Day Care Centre, Kids Play Area, Barbeque Area, Mosque, Community Centre","Lawn or Garden, Swimming Pool, Sauna, Jacuzzi","Nearby Schools, Nearby Hospitals, Nearby Shopping Malls, Nearby Restaurants, Distance From Airport (kms), Nearby Public Transport Service, Other Nearby Places","Maintenance Staff, Security Staff, Facilities for Disabled, Other Facilities",,,
https://www.zameen.com/Property/islamabad_g-10_4_bedrooms_3_bathrooms_house_available_for_sale-53215589-167-1.html,House,PKR5 Crore,6,6.7 Marla,For Sale,8,1 week ago,"G-10, Islamabad, Islamabad Capital",Beautiful House Available For *Sale* In G10 Size : 1500 SQ Feet 4 Bedrooms 3 Washroom 1 Tv Lounge 1 Drawing Rooms 1 Kitchen 1 Car Parking Rent Demand : 470 Lac *KK Real Estate G10 Markaz*,"Built in year: 2010, Parking Spaces: 1, Double Glazed Windows, Central Air Conditioning, Central Heating, Flooring, Electricity Backup, Waste Disposal, Floors: 2, Other Main Features, Furnished","Bedrooms: 8, Bathrooms: 8, Servant Quarters: 1, Drawing Room, Dining Room, Kitchens: 3, Study Room, Prayer Room, Powder Room, Gym, Store Rooms: 3, Steam Room, Lounge or Sitting Room, Laundry Room, Other Rooms","Broadband Internet Access, Satellite or Cable TV Ready, Intercom, Other Business and Communication Facilities","Community Lawn or Garden, Community Swimming Pool, Community Gym, First Aid or Medical Centre, Day Care Centre, Kids Play Area, Barbeque Area, Mosque, Community Centre, Other Community Facilities","Sauna, Jacuzzi, Other Healthcare and Recreation Facilities","Nearby Schools, Nearby Hospitals, Nearby Shopping Malls, Nearby Restaurants, Distance From Airport (kms), Nearby Public Transport Service, Other Nearby Places","Maintenance Staff, Security Staff, Facilities for Disabled, Other Facilities",,,
https://www.zameen.com/Property/bahria_enclave_bahria_enclave_-_sector_a_bahria_enclave_sector_a_house_main_urban_boulevard_available_for_sale-53235735-11970-1.html,House,PKR5.25 Crore,4,10 Marla,For Sale,4,2 weeks ago,"Bahria Town, Islamabad, Islamabad Capital",Bahria Enclave Sector A House Main Urban Boulevard Available For Sale 10 Marla Beautiful Urban boulevard House Available For Sale A plus Construction with Branded fittings Most prime And ideal Location for living Near to Main Gate Beacon House School park & Hospital. Central heating system Installed Auto Doors installed 5 Master Bedroom's with attached bath Drawing room Tv Lounge 2 Stylish kitchen's 1 Servant room with attached bath 3 Car parking space Reasonable price Contact us for more details:,,"Bedrooms: 5, Bathrooms: 5, Servant Quarters: 1, Drawing Room, Dining Room, Kitchens: 2, Study Room, Prayer Room, Store Rooms: 1, Other Rooms",Broadband Internet Access,"Community Lawn or Garden, Mosque","Lawn or Garden, Other Healthcare and Recreation Facilities","Nearby Schools, Nearby Hospitals, Nearby Shopping Malls, Nearby Restaurants, Nearby Public Transport Service",,,,
https://www.zameen.com/Property/bahria_enclave_bahria_enclave_-_sector_a_cube_2_bed_apartment_all_paid_for_sale_bahria_enclave_islamabad-53236428-11970-1.html,Flat,PKR1.7 Crore,2,7 Marla,For Sale,2,2 weeks ago,"Bahria Town, Islamabad, Islamabad Capital",Cube Apartment 2 bed Room Lounge Powder Room 1 Kitchen Beautiful View Of inner Face 24/7 Security All Paid Best For Residence and Investment More Details Contact US,"Built in year: 2025, Parking Spaces: 1, Double Glazed Windows, Central Air Conditioning, Central Heating, Flooring, Electricity Backup, Other Main Features","Bedrooms: 2, Bathrooms: 2, Servant Quarters: 1, Drawing Room, Dining Room, Kitchens: 1, Study Room, Prayer Room, Store Rooms: 1, Other Rooms","Broadband Internet Access, Satellite or Cable TV Ready, Business Center or Media Room in Building, Intercom, Other Business and Communication Facilities","Community Lawn or Garden, Community Swimming Pool, Community Gym, First Aid or Medical Centre, Day Care Centre, Kids Play Area, Barbeque Area, Mosque, Community Centre, Other Community Facilities","Sauna, Jacuzzi, Other Healthcare and Recreation Facilities","Nearby Schools, Nearby Hospitals, Nearby Shopping Malls, Nearby Restaurants, Distance From Airport (kms), Nearby Public Transport Service, Other Nearby Places",,,,
https://www.zameen.com/Property/soan_garden_soan_garden_-_block_d_10_marla_double_storey_house_is_available_for_sale-47609630-3494-1.html,House,PKR4.15 Crore,6,10.1 Marla,For Sale,7,14 hours ago,"Soan Garden, Islamabad, Islamabad Capital",10 Marla Double Storey House is Available For Sale In Soan Garden Housing Society Islamabad Ideal Location Front Wide 40 fit Road Reasonable price Features 6Bedrooms 9 Bathroom 2 kitchen Drawing Room TV lounge Drawing Room All facilities are Call Us More Information Do Mention Zameen. com while Calling,"Built in year: 2024, Parking Spaces: 2, Double Glazed Windows, Central Air Conditioning, Central Heating, Flooring, Electricity Backup, Waste Disposal, Floors: 2, Other Main Features, Furnished","Bedrooms: 6, Bathrooms: 8, Servant Quarters: 1, Drawing Room, Dining Room, Kitchens: 2, Study Room, Prayer Room, Powder Room, Gym, Store Rooms: 2, Steam Room, Lounge or Sitting Room, Laundry Room, Other Rooms","Broadband Internet Access, Satellite or Cable TV Ready, Intercom, Other Business and Communication Facilities","Community Lawn or Garden, Community Swimming Pool, Community Gym, First Aid or Medical Centre, Day Care Centre, Kids Play Area, Barbeque Area, Mosque, Community Centre, Other Community Facilities","Lawn or Garden, Swimming Pool, Sauna, Jacuzzi, Other Healthcare and Recreation Facilities","Nearby Schools, Nearby Hospitals, Nearby Shopping Malls, Nearby Restaurants, Distance From Airport (kms), Nearby Public Transport Service, Other Nearby Places","Maintenance Staff, Security Staff, Facilities for Disabled, Other Facilities",,,
https://www.zameen.com/Property/soan_garden_soan_garden_-_block_h_extension_6_marla_double_storey_new_house_for_sale-50480642-16449-1.html,House,PKR2.95 Crore,6,6.7 Marla,For Sale,5,1 day ago,"Soan Garden, Islamabad, Islamabad Capital",6 MARLA DOUBLE STOREY NEW HOUSE FOR SALE IN SOAN GARDEN ISLAMABAD STUNNING LOCATION FRONT WIDE 40 FIT ROAD REASONABLE PRICE FEACHERS 5 BEDROOMS 7 BATHROOM 2 KITCHEN 2 DRAWING ROOM 2 TV LOUNGE SERVANT ROOM SPACE FOR CAR PARKING ALL FACILITIES ARE AVAILABLE GAS METER NOT AVAILABLE CALL US MORE DETAILS,"Built in year: 2024, Parking Spaces: 2, Double Glazed Windows, Central Air Conditioning, Central Heating, Flooring, Electricity Backup, Waste Disposal, Floors: 2, Other Main Features, Furnished","Bedrooms: 5, Bathrooms: 7, Servant Quarters: 1, Drawing Room, Dining Room, Kitchens: 2, Study Room, Prayer Room, Powder Room, Gym, Store Rooms: 1, Steam Room, Lounge or Sitting Room, Laundry Room, Other Rooms","Broadband Internet Access, Satellite or Cable TV Ready, Intercom, Other Business and Communication Facilities","Community Lawn or Garden, Community Swimming Pool, Community Gym, First Aid or Medical Centre, Day Care Centre, Kids Play Area, Barbeque Area, Mosque, Community Centre, Other Community Facilities","Lawn or Garden, Swimming Pool, Sauna, Jacuzzi, Other Healthcare and Recreation Facilities","Nearby Schools, Nearby Hospitals, Nearby Shopping Malls, Nearby Restaurants, Distance From Airport (kms), Nearby Public Transport Service, Other Nearby Places","Maintenance Staff, Security Staff, Facilities for Disabled, Other Facilities",,,
https://www.zameen.com/Property/islamabad_faisal_town_-_f-18_luxury_brand_new_5_marla_corner_house_for_sale_in_faisal_town_block_a-53303139-8260-1.html,House,PKR3 Crore,5,5 Marla,For Sale,5,4 days ago,"Faisal Town - F-18, Islamabad, Islamabad Capital","*Luxury Brand New 5 Marla corner House for Sale in Faisal Town A-Block* - *Property Details:* - 4 spacious bedrooms with attached bathrooms - 5 modern bathrooms with latest fittings - 2 open kitchens with ample storage and marble finish - 2 elegant drawing rooms with high ceilings - 1 servant quarter for domestic help - 1 car parking space - *Prime Location Benefits:* - 50ft wide street for easy accessibility - Nearest to park for a peaceful environment - Prime location in C-Block, Faisal Town - *Quality Construction:* - Brand new house with modern architecture - High-quality materials used for construction - Solid structure with RCC framing - *Asking Price:* 3 crores","Built in year: 2025, Parking Spaces: 1, Double Glazed Windows, Central Air Conditioning, Central Heating, Flooring, Electricity Backup, Waste Disposal, Floors: 2, Other Main Features, Furnished","Bedrooms: 5, Bathrooms: 5, Servant Quarters: 1, Drawing Room, Dining Room, Kitchens: 2, Study Room, Prayer Room, Powder Room, Gym, Steam Room, Lounge or Sitting Room, Laundry Room, Other Rooms","Broadband Internet Access, Satellite or Cable TV Ready, Intercom, Other Business and Communication Facilities","Community Lawn or Garden, Community Swimming Pool, Community Gym, First Aid or Medical Centre, Day Care Centre, Kids Play Area, Barbeque Area, Mosque, Community Centre, Other Community Facilities","Lawn or Garden, Swimming Pool, Sauna, Jacuzzi, Other Healthcare and Recreation Facilities","Nearby Schools, Nearby Hospitals, Nearby Shopping Malls, Nearby Restaurants, Distance From Airport (kms), Nearby Public Transport Service, Other Nearby Places","Maintenance Staff, Security Staff, Facilities for Disabled, Other Facilities",,,
https://www.zameen.com/Property/e_11_e-11_1_e-11_1_mpchs_2_bedroom_apartment_for_sale-52852241-3230-1.html,Flat,PKR1.3 Crore,2,3.2 Marla,For Sale,2,5 days ago,"E-11, Islamabad, Islamabad Capital",2 bedroom with washroom tv lounge kitchen gas and electric y separate meter all facilities available demand 1.3 cr Contact for more information AAA REAL ESTATE E-11/1,"Built in year: 2025, Parking Spaces, Lobby in Building, Double Glazed Windows, Central Air Conditioning, Central Heating, Flooring, Electricity Backup, Waste Disposal, Service Elevators in Building, Other Main Features, Furnished","Bedrooms: 2, Bathrooms: 2, Servant Quarters: 2, Drawing Room, Dining Room, Kitchens: 1, Study Room, Prayer Room, Powder Room, Gym, Store Rooms: 2, Steam Room, Lounge or Sitting Room, Laundry Room, Other Rooms","Broadband Internet Access, Satellite or Cable TV Ready, Intercom, Other Business and Communication Facilities","Community Lawn or Garden, Community Swimming Pool, Community Gym, First Aid or Medical Centre, Day Care Centre, Kids Play Area, Barbeque Area, Mosque, Community Centre, Other Community Facilities","Sauna, Jacuzzi, Other Healthcare and Recreation Facilities","Nearby Schools, Nearby Hospitals, Nearby Shopping Malls, Nearby Restaurants, Distance From Airport (kms), Nearby Public Transport Service, Other Nearby Places","Maintenance Staff, Security Staff, Facilities for Disabled, Other Facilities",,,
https://www.zameen.com/Property/dha_defence_phase_5_askari_tower_4_askari_flat_tower_4_ground_floor-53238884-21810-1.html,Flat,PKR3.3 Crore,3,11.8 Marla,For Sale,3,2 weeks ago,"DHA Defence, Islamabad, Islamabad Capital",Askari Flat Tower 4 Ground Floor 3 Bed Room TV Launch Drawing Room Servant Quarter,,,,,,"Nearby Schools, Nearby Hospitals, Nearby Shopping Malls, Nearby Restaurants, Distance From Airport (kms), Nearby Public Transport Service, Other Nearby Places",Security Staff,,,
https://www.zameen.com/Property/islamabad_f-8_good_livable_house_is_for_sale_in_f-8-52957729-166-1.html,House,PKR22 Crore,5,17.8 Marla,For Sale,5,1 week ago,"F-8, Islamabad, Islamabad Capital","Chohan HAY Estate Offers: - 444 SQYD - 50X80 Dimensions - Good Livable House - One of the Best Option in this Demand - Investor Rate - High Return Property - Renovate it or Build your Dream Luxury Home - 5 Bedrooms with Attached Modern Bathrooms - Drawing, Dining and TV Lounge - Modern Kitchen, Handsome Cabinetry with Quartz Counter-top - AC Units - Green Lush Lawn - Terrace - Servant Quarters - Cars Parking Space - Peaceful and Highly Secured Living Area - Great Opportunity, Don't Waste your Time Just Grab this Opportunity For more information and other options, kindly call on the mentioned numbers or visit Chohan HAY Estate","Parking Spaces, Double Glazed Windows, Central Air Conditioning, Central Heating, Flooring, Electricity Backup, Waste Disposal, Other Main Features, Furnished","Bedrooms: 5, Bathrooms: 5, Servant Quarters, Drawing Room, Dining Room, Kitchens, Powder Room, Lounge or Sitting Room, Other Rooms","Broadband Internet Access, Satellite or Cable TV Ready, Intercom, Other Business and Communication Facilities","Community Lawn or Garden, Community Swimming Pool, Community Gym, First Aid or Medical Centre, Day Care Centre, Kids Play Area, Barbeque Area, Mosque, Community Centre, Other Community Facilities","Lawn or Garden, Other Healthcare and Recreation Facilities","Nearby Schools, Nearby Hospitals, Nearby Shopping Malls, Nearby Restaurants, Distance From Airport (kms), Nearby Public Transport Service, Other Nearby Places","Maintenance Staff, Security Staff, Facilities for Disabled, Other Facilities",,,
https://www.zameen.com/Property/dha_defence_dha_defence_phase_2_lavish_house_on_prime_location-52287855-339-1.html,House,PKR12.9 Crore,6,1 Kanal,For Sale,5,4 weeks ago,"DHA Defence, Islamabad, Islamabad Capital",VIP Properties offer Beautiful one Kanal Luxury house on prime Location *Closed to Market *Closed to GT Road *Nicely wood work *Easy approach,"Built in year: 2024, Parking Spaces: 3, Double Glazed Windows, Central Air Conditioning, Central Heating, Flooring, Electricity Backup, Waste Disposal, Floors: 2, Other Main Features, Furnished","Bedrooms: 5, Bathrooms: 6, Servant Quarters: 2, Drawing Room, Dining Room, Kitchens: 2, Study Room, Prayer Room, Powder Room, Gym, Store Rooms: 1, Steam Room, Lounge or Sitting Room, Laundry Room, Other Rooms","Broadband Internet Access, Satellite or Cable TV Ready, Intercom, Other Business and Communication Facilities","Community Lawn or Garden, Community Swimming Pool, Community Gym, First Aid or Medical Centre, Day Care Centre, Kids Play Area, Barbeque Area, Mosque, Community Centre, Other Community Facilities","Lawn or Garden, Swimming Pool, Sauna, Jacuzzi, Other Healthcare and Recreation Facilities","Nearby Schools, Nearby Hospitals, Nearby Shopping Malls, Nearby Restaurants, Distance From Airport (kms), Nearby Public Transport Service, Other Nearby Places","Maintenance Staff, Security Staff, Facilities for Disabled, Other Facilities",,,
https://www.zameen.com/Property/islamabad_f-7_a_beautiful_666_yards_house_is_available_for_sale_in_f-7-52728152-165-1.html,House,PKR30 Crore,5,1.3 Kanal,For Sale,5,2 days ago,"F-7, Islamabad, Islamabad Capital","A Graceful 666 yards house Is Available For sale In F-7, It Consists Of 5 Modern Designed Bed Rooms With Attached Bathrooms With High Quality Finish And Fixtures, D/D, TV Lounge, Kitchen, Car Parking, Servant Room, We Hope You Will Like It's Vast Available Space Stunning Interior And Exterior, This House With All His Comfort And Quality Will Be In Just in 35 Cr For Further Details And Visit You May Contact Back. Property Zone.","Built in year: 2000, Parking Spaces: 5, Double Glazed Windows, Central Air Conditioning, Central Heating, Flooring, Electricity Backup, Waste Disposal, Floors: 2, Other Main Features, Furnished","Bedrooms: 5, Bathrooms: 5, Servant Quarters: 2, Drawing Room, Dining Room, Kitchens: 2, Study Room, Prayer Room, Powder Room, Gym, Store Rooms: 1, Steam Room, Lounge or Sitting Room, Laundry Room, Other Rooms","Broadband Internet Access, Satellite or Cable TV Ready, Intercom, Other Business and Communication Facilities","Community Lawn or Garden, Community Swimming Pool, Community Gym, First Aid or Medical Centre, Day Care Centre, Kids Play Area, Barbeque Area, Mosque, Community Centre, Other Community Facilities","Lawn or Garden, Sauna, Jacuzzi, Other Healthcare and Recreation Facilities","Nearby Schools, Nearby Hospitals, Nearby Shopping Malls, Nearby Restaurants, Distance From Airport (kms), Nearby Public Transport Service, Other Nearby Places","Maintenance Staff, Security Staff, Facilities for Disabled, Other Facilities",,,
https://www.zameen.com/Property/dha_defence_dha_defence_phase_2_kanal_luxury_designer_house-53060386-339-1.html,House,PKR11.9 Crore,6,1 Kanal,For Sale,5,2 days ago,"DHA Defence, Islamabad, Islamabad Capital",VIP Properties offer Variety of houses available in DHA phase 2 Islamabad call for the best deal in Town,"Built in year: 2025, Parking Spaces: 4, Flooring, Waste Disposal, Floors: 2","Bedrooms: 5, Bathrooms: 6, Servant Quarters: 1, Drawing Room, Dining Room, Kitchens: 2, Study Room, Powder Room, Store Rooms: 1, Lounge or Sitting Room, Laundry Room","Broadband Internet Access, Satellite or Cable TV Ready, Intercom","Community Lawn or Garden, Community Swimming Pool, Community Gym, First Aid or Medical Centre, Day Care Centre, Kids Play Area, Barbeque Area, Mosque, Community Centre","Lawn or Garden, Swimming Pool, Sauna, Jacuzzi","Nearby Schools, Nearby Hospitals, Nearby Shopping Malls, Nearby Restaurants, Distance From Airport (kms), Nearby Public Transport Service, Other Nearby Places","Maintenance Staff, Security Staff",,,
https://www.zameen.com/Property/dha_defence_dha_defence_phase_2_double_unit_corner_for_two_families-52995154-339-1.html,House,PKR12.5 Crore,6,1 Kanal,For Sale,6,1 day ago,"DHA Defence, Islamabad, Islamabad Capital",VIP Properties offer Variety of houses available in DHA phase 2. Double Unit corner House with Two separate Gates with Imported fittings Call for the best deal in Town.,"Built in year: 2025, Parking Spaces: 3, Flooring, Floors: 2","Bedrooms: 6, Bathrooms: 7, Servant Quarters: 2, Drawing Room, Dining Room, Kitchens: 2, Powder Room, Store Rooms: 2, Lounge or Sitting Room","Broadband Internet Access, Satellite or Cable TV Ready",,"Lawn or Garden, Swimming Pool, Sauna, Jacuzzi","Nearby Schools, Nearby Hospitals, Nearby Shopping Malls, Nearby Restaurants, Distance From Airport (kms), Nearby Public Transport Service, Other Nearby Places","Maintenance Staff, Security Staff, Facilities for Disabled, Other Facilities",,,
https://www.zameen.com/Property/top_city_1_top_city_1_-_block_d_10_marla_corner_brand_new_house_for_sale_in_topcity-1_islamabad-53172537-9233-1.html,House,PKR5.5 Crore,6,10 Marla,For Sale,6,8 hours ago,"Top City 1, Islamabad, Islamabad Capital","*Top City-1* Corner House *D Block* *10 Marla Brand New* *Full House Available For Sale* *Double Unit* * 06 Bedrooms * 06 Bathrooms * 02 Kitchen * 02 TV longue * 02 Drawing Rooms * 01 Servant Room * 02 Car Parking Space *Good Location* * Near to Masjid, Park, School, Filter Plant & Market * Keys in Hand *Sale Demand* 5.50 Crore","Built in year: 2020, Parking Spaces: 3, Double Glazed Windows, Central Air Conditioning, Central Heating, Flooring, Electricity Backup, Floors: 2, Other Main Features","Bedrooms: 6, Bathrooms: 6, Servant Quarters: 2, Drawing Room, Dining Room, Kitchens: 2, Study Room, Prayer Room, Powder Room, Gym, Store Rooms: 1, Steam Room, Lounge or Sitting Room, Laundry Room, Other Rooms","Broadband Internet Access, Satellite or Cable TV Ready","Community Lawn or Garden, Community Gym, First Aid or Medical Centre, Day Care Centre, Kids Play Area, Barbeque Area, Mosque, Community Centre, Other Community Facilities","Lawn or Garden, Other Healthcare and Recreation Facilities","Nearby Schools, Nearby Hospitals, Nearby Shopping Malls, Nearby Restaurants, Distance From Airport (kms), Nearby Public Transport Service, Other Nearby Places","Maintenance Staff, Security Staff, Other Facilities",,,
https://www.zameen.com/Property/d_12_d-12_4_7_marla_luxury_house_for_sale-53299454-3157-1.html,House,PKR9.75 Crore,5,7 Marla,For Sale,4,5 days ago,"D-12, Islamabad, Islamabad Capital","Situated In The Highly Sought-After D-12/4 Sector, Islamabad Prime Location With Easy Access To Main Margalla Road And D-12 Markaz Peaceful And Secure Neighborhood With Scenic Margalla Hills View Nearby Mosque, Park, And Commercial Area Within Walking Distance Property Features: 7 Marla (Approx. 30x60) Ideally Designed Modern House Beautiful Elevation With Premium Front Faade Solid Construction Using Top-Quality Materials Interior Details: 4 Spacious Bedrooms With Attached Modern Bathrooms 1 Stylish Kitchen Fitted With Imported Accessories 1 TV Lounges And A Drawing/Dining Room Servant Quarter With Separate Entrance Store Room And Laundry Area For Convenience Additional Features: Car Porch For 2 Vehicles. . . . Modern Ceiling Designs &Amp; Lighting Imported Tiles, Fittings, And Fixtures Spacious Terrace With Open Views Beautiful Woodwork And Wardrobes Single Unit House Utilities &Amp; Security: Electricity, Gas, And Water Fully Available CCTV Security System &Amp; Smart Gate Wide Street Access And Well-Maintained Surroundings","Built in year: 2025, Parking Spaces: 2, Double Glazed Windows, Central Air Conditioning, Central Heating, Flooring, Electricity Backup, Waste Disposal, Floors: 2, Other Main Features","Bedrooms: 4, Bathrooms: 5, Servant Quarters: 1, Drawing Room, Dining Room, Kitchens: 1, Study Room, Prayer Room, Powder Room, Gym, Store Rooms: 1, Steam Room, Lounge or Sitting Room, Laundry Room, Other Rooms","Broadband Internet Access, Satellite or Cable TV Ready, Intercom, Other Business and Communication Facilities","Community Lawn or Garden, Community Swimming Pool, Community Gym, First Aid or Medical Centre, Day Care Centre, Kids Play Area, Barbeque Area, Mosque, Community Centre, Other Community Facilities","Lawn or Garden, Swimming Pool, Sauna, Jacuzzi, Other Healthcare and Recreation Facilities","Nearby Schools, Nearby Hospitals, Nearby Shopping Malls, Nearby Restaurants, Distance From Airport (kms), Nearby Public Transport Service, Other Nearby Places","Maintenance Staff, Security Staff, Facilities for Disabled, Other Facilities",,,
https://www.zameen.com/Property/i_16_i-16_3_i-16_3_pha_flat_for_sale-53314491-3437-1.html,Flat,PKR96 Lakh,3,6.6 Marla,For Sale,3,2 weeks ago,"I-16, Islamabad, Islamabad Capital",Pha Flat For Sale I-16/3,"Built in year: 2023, Parking Spaces: 4, Double Glazed Windows, Central Air Conditioning, Flooring, Electricity Backup, Waste Disposal, Other Main Features","Bedrooms: 3, Bathrooms: 3, Servant Quarters, Drawing Room, Dining Room, Kitchens: 2, Study Room, Powder Room, Store Rooms, Steam Room, Lounge or Sitting Room, Laundry Room, Other Rooms","Satellite or Cable TV Ready, Other Business and Communication Facilities","Kids Play Area, Mosque, Other Community Facilities",Other Healthcare and Recreation Facilities,"Nearby Schools, Nearby Hospitals, Nearby Shopping Malls, Nearby Restaurants, Distance From Airport (kms), Nearby Public Transport Service, Other Nearby Places","Security Staff, Other Facilities",,,
https://www.zameen.com/Property/islamabad_diplomatic_enclave_ideal_flat_in_diplomatic_enclave_available_for_rs_65000000-53204061-429-1.html,Flat,PKR6.5 Crore,2,6.7 Marla,For Sale,2,6 days ago,"Diplomatic Enclave, Islamabad, Islamabad Capital","Living or investing in Diplomatic Enclave has its own benefits. You are not going to find a better property option anywhere in the city for as low as Rs. 65000000 . Buy your home with desired facilities in a posh area of Diplomatic Enclave. Sale only The city of Diplomatic Enclave is heaven for investors and buyers. If you are looking for properties for sale, we have just the right property option for you. Your best investment could be in Flat that is both good for sale or rent in the long run. 1500 Square Feet sized units are hard to come by for sale, so make your decision today. Property features are mentioned below. Feeling stressed? Simply step into the steam room that is part of the Flat for a few minutes. A separate service elevator in the building ensures smooth operations. It's a luxury to have central air-conditioning and the Flat offers just that. Stay healthy and warm indoors during winters with the central heating system in your Flat. The community garden nearby serves as a playground for the kids and a great place to socialise with your neighbours. The Flat comes with a laundry facility that you can use to your benefit. Differently-abled people will find this Flat easy to navigate, as it is developed to incorporate their needs. Our experts will respond to your questions as soon as possible.","Built in year: 2016, Parking Spaces: 1, Lobby in Building, Double Glazed Windows, Central Air Conditioning, Central Heating, Flooring, Electricity Backup, Waste Disposal, Service Elevators in Building, Other Main Features","Bedrooms: 5, Bathrooms: 7, Servant Quarters: 1, Drawing Room, Dining Room, Kitchens: 1, Study Room, Prayer Room, Powder Room, Gym, Store Rooms: 1, Steam Room, Lounge or Sitting Room, Laundry Room, Other Rooms","Broadband Internet Access, Satellite or Cable TV Ready, Business Center or Media Room in Building, Conference Room in Building, Intercom, ATM Machines, Other Business and Communication Facilities","Community Lawn or Garden, Community Swimming Pool, Community Gym, First Aid or Medical Centre, Day Care Centre, Kids Play Area, Barbeque Area, Mosque, Community Centre, Other Community Facilities","Sauna, Jacuzzi, Other Healthcare and Recreation Facilities","Nearby Schools, Nearby Hospitals, Nearby Shopping Malls, Nearby Restaurants, Distance From Airport (kms), Nearby Public Transport Service, Other Nearby Places","Maintenance Staff, Security Staff, Laundry or Dry Cleaning Facility, Communal/Shared Kitchen, Facilities for Disabled, Other Facilities",,,
https://www.zameen.com/Property/gulberg_gulberg_greens_aj_towers_flat_sale_in_gulberg_greens_islamabad-53342805-8312-1.html,Flat,PKR3.2 Crore,2,7.4 Marla,For Sale,2,3 weeks ago,"Gulberg, Islamabad, Islamabad Capital","Building: Aj towers Flat size : 1670 SQ ft & monthly rental value including maintenance charges is 170000/- per month Flat is in Building named Aj towers , building consists of 2 towers , one is complete corporate sector & the 2nd is total residency. On the front side of building the total ground floor is filled with major food brands like Tim Horton , Coffee bean & tea leaf , crusteez and a bank. Building consists gof all amenities and totally brand new building For more information and visit contact us","Built in year: 2024, Parking Spaces, Lobby in Building, Double Glazed Windows, Central Air Conditioning, Central Heating, Flooring, Electricity Backup, Waste Disposal, Floor, Floors in Building: 14, Elevators, Service Elevators in Building, Other Main Features, Furnished","Bedrooms: 2, Bathrooms: 2, Servant Quarters: 1, Drawing Room, Dining Room, Kitchens, Study Room, Prayer Room, Powder Room, Gym, Store Rooms: 1, Steam Room, Lounge or Sitting Room, Laundry Room, Other Rooms","Broadband Internet Access, Satellite or Cable TV Ready, Business Center or Media Room in Building, Conference Room in Building, Intercom, ATM Machines, Other Business and Communication Facilities","Community Lawn or Garden, Community Swimming Pool, Community Gym, First Aid or Medical Centre, Day Care Centre, Kids Play Area, Barbeque Area, Mosque, Community Centre, Other Community Facilities","Sauna, Jacuzzi, Other Healthcare and Recreation Facilities","Nearby Schools, Nearby Hospitals, Nearby Shopping Malls, Nearby Restaurants, Distance From Airport (kms), Nearby Public Transport Service, Other Nearby Places","Maintenance Staff, Security Staff, Laundry or Dry Cleaning Facility, Facilities for Disabled, Other Facilities",,,
https://www.zameen.com/Property/islamabad_e-11_brand_new_house_available_for_rent-53342110-329-1.html,House,PKR8 Crore,5,8 Marla,For Sale,5,1 month ago,"E-11, Islamabad, Islamabad Capital",E11/2 Society Transfer Brand New Stylish Size 3060 5 Bedroom House Double Kitchen Double Drawing Room Double TV Launch Best Location Brand New Reasonable Price,,,,,,"Nearby Schools, Nearby Hospitals, Nearby Shopping Malls, Nearby Restaurants, Distance From Airport (kms), Nearby Public Transport Service, Other Nearby Places",Security Staff,,,
https://www.zameen.com/Property/dha_defence_phase_4_dha_phase_4_-_sector_a_1_kanal_house_for_sale_dha-4_sector_a-53340874-13956-1.html,House,PKR10.45 Crore,6,1 Kanal,For Sale,5,2 days ago,"DHA Defence, Islamabad, Islamabad Capital",1 kanal ultra luxury designer house. (53*90)size 5 specious Bed Rooms Double Unit Double heighted Lobby Mummty Stor plus servent room Huge V8 Laxus Mercedes Parking CCT Camera installed Gass meter Installed walking distance Mosque waking distance water filtration plant Family Park play Land Top heighted Area Solid Construction. (Senitery) Head Showers 2 bath tab installed Total Canceeled Comoud All Seintery From (Porta ) Wood( yellow pain) All Solid Door Kitchen Double Door fridge Microwave Oven Air fryer Washing Machine. installed Dish Washer installed Fan AC DC (Ricco),"Built in year: 2025, Parking Spaces: 3, Double Glazed Windows, Central Air Conditioning, Central Heating, Flooring, Electricity Backup, Waste Disposal, Floors: 2","Bedrooms: 5, Bathrooms: 6, Servant Quarters: 1, Drawing Room, Dining Room, Kitchens: 2, Study Room, Prayer Room, Powder Room, Steam Room, Lounge or Sitting Room, Laundry Room","Broadband Internet Access, Satellite or Cable TV Ready, Intercom","Community Lawn or Garden, Community Swimming Pool, Community Gym, First Aid or Medical Centre, Day Care Centre","Lawn or Garden, Swimming Pool","Nearby Schools, Nearby Hospitals, Nearby Shopping Malls, Nearby Restaurants, Distance From Airport (kms), Nearby Public Transport Service, Other Nearby Places","Security Staff, Other Facilities",,,
https://www.zameen.com/Property/bahria_enclave_bahria_enclave_-_sector_b1_sector_b_1_road_30_1_brand_new_luxury_house_available_for_sale_deal_with_direct_owner-53302100-11972-1.html,House,PKR2.5 Crore,3,5 Marla,For Sale,3,2 weeks ago,"Bahria Town, Islamabad, Islamabad Capital","Sector B. 1 Road 30/1 Brand New Luxury House Available For Sale Deal With Direct Owner (Accomodation). . . 3 bedrooms with attached washroom. . . 1 kitchen. . . 1 car parking space. . . Drawing and dawning area. 1 servant quarter with attached washroom. . Charming 3-Bedroom Family Home in a Quiet Neighborhood. . . . . Welcome to your dream home! This beautifully maintained 3-bedroom, 3-bathroom residence is nestled in a serene and friendly neighborhood, perfect for families or those seeking a peaceful retreat. (Key Features). . . Spacious Living Areas: - Enjoy an open-concept living and dining area filled with natural light, perfect for entertaining or cozy family nights. Modern Kitchen: - The well-appointed kitchen features stainless steel appliances, granite countertops, and ample cabinetry, making it a chefs delight. Comfortable Bedrooms: The master suite includes a private bathroom and generous closet space, while the other two bedrooms are perfect for kids, guests, or a home office. Outdoor Oasis: - Step outside to a beautifully landscaped backyard with a patio, ideal for summer barbecues and relaxation. Convenient Location: Close to schools, parks, shopping, and public transport, this home offers both convenience and tranquility. Additional Highlights. . . - Attached garage with additional storage - Energy-efficient windows - Freshly painted interiors Demand 250 lacs","Central Air Conditioning, Flooring, Electricity Backup, Furnished","Bedrooms: 2, Bathrooms: 1, Drawing Room, Kitchens: 1, Lounge or Sitting Room","Broadband Internet Access, Satellite or Cable TV Ready","First Aid or Medical Centre, Mosque, Community Centre",,"Nearby Schools, Nearby Hospitals, Nearby Shopping Malls, Nearby Restaurants, Distance From Airport (kms), Nearby Public Transport Service, Other Nearby Places","Security Staff, Other Facilities",,,
https://www.zameen.com/Property/dha_defence_phase_5_askari_tower_4_askari_flat_tower_4_ground_floor-53238884-21810-1.html,Flat,PKR3.3 Crore,3,11.8 Marla,For Sale,3,2 weeks ago,"DHA Defence, Islamabad, Islamabad Capital",Askari Flat Tower 4 Ground Floor 3 Bed Room TV Launch Drawing Room Servant Quarter,,,,,,"Nearby Schools, Nearby Hospitals, Nearby Shopping Malls, Nearby Restaurants, Distance From Airport (kms), Nearby Public Transport Service, Other Nearby Places",Security Staff,,,
https://www.zameen.com/Property/g_13_g-13_2_brand_new_house_for_sale_in_sector_g13_islamabad_size_8_marla-53165397-3338-1.html,House,PKR7 Crore,5,8 Marla,For Sale,4,2 weeks ago,"G-13, Islamabad, Islamabad Capital","""Modern meets classical"" Rooted in tradition, built for today this Neo-classical residential elevation blends historic charm with modern living. It's where architectural heritage meets modern comfort, creating a space that feels both familiar and forward-thinking. Features: 1- Most ideal location in G-13/2 2- Sun face (Pindi face) 2- Neo-Classical Elevation 3- 8 Marla (30x60) 4- Double unit house 5- 40 feet wide street 6- Nearest to the park, masjid and market 7- 400 feet down Water boring is available as well as water supply facility. 8- Good quality material has been used 9- 60 grade Ittehad steel 10- RCC foundation and Plinth Beam 11- Solid wooden doors (Yellow pine) 12- A+ Grade tiles (size: 2x4) 13- Super & High gloss sheets for kitchens and wardrobes 14- Best quality sanitary fittings (Faisal) 15- GM cable 16- Nippon Wall Putty and Paint 17- Pak Altech Aluminium 18- Heavy gauge Double side Main gate 19- Inverter Fans 20- Closest to the Srinagar highway 21- Most ideal location in G-13 22- Rental value 2 lacs --- About the Property: Ground Floor Drawing Room 2 Bedrooms With Attached Bath TV Lounge Kitchen Loundary Area 2 cars parking First Floor Drawing Room 3 Bedrooms With Attached Bath Kitchen TV Lounge Roof Top 1 Bed Room Washroom Laundry","Built in year: 2025, Parking Spaces, Double Glazed Windows, Central Air Conditioning, Central Heating, Flooring, Electricity Backup, Waste Disposal, Floors: 2, Other Main Features","Bedrooms: 5, Bathrooms: 5, Servant Quarters: 1, Drawing Room, Dining Room, Kitchens: 2, Study Room, Prayer Room, Powder Room, Store Rooms: 1, Steam Room, Lounge or Sitting Room, Laundry Room, Other Rooms","Broadband Internet Access, Satellite or Cable TV Ready, Intercom, Other Business and Communication Facilities","Community Lawn or Garden, Community Swimming Pool, Community Gym, First Aid or Medical Centre, Day Care Centre, Kids Play Area, Barbeque Area, Mosque, Community Centre, Other Community Facilities",,"Nearby Schools, Nearby Hospitals, Nearby Shopping Malls, Nearby Restaurants, Distance From Airport (kms), Nearby Public Transport Service, Other Nearby Places","Maintenance Staff, Security Staff, Facilities for Disabled, Other Facilities",,,
https://www.zameen.com/Property/mpchs_multi_gardens_mpchs_-_block_f_5_marla_corner_designer_house_for_sale-53236119-8527-1.html,House,PKR2.85 Crore,6,5.6 Marla,For Sale,5,2 weeks ago,"B-17, Islamabad, Islamabad Capital","5 Marla Corner Designer House for Sale in Block F B-17 Amenities & Features: 5 Spacious Bedrooms with Attached Bathrooms Stylish TV Lounge Modern Open Kitchen Drawing Room Dining Area Store Room Powder Room 3 Car Parking Space Front Open View Tiled Flooring Solid Wood Doors & Cupboards Electricity, Water & Gas Connections Available Laundry Area Excellent Ventilation & Natural Light Nearby Facilities Masjid within Walking Distance Parks & Green Belts Commercial Market Nearby Schools & Colleges in Vicinity Easy Access to Main Road & Public Transport For more details contact Us","Built in year: 2025, Parking Spaces, Double Glazed Windows, Flooring, Electricity Backup, Waste Disposal, Floors: 3","Bedrooms: 5, Bathrooms: 5, Servant Quarters: 1, Drawing Room, Dining Room, Kitchens: 1, Powder Room, Store Rooms: 1, Steam Room, Lounge or Sitting Room, Laundry Room","Broadband Internet Access, Satellite or Cable TV Ready, Intercom","Community Lawn or Garden, Community Swimming Pool, Community Gym, First Aid or Medical Centre, Day Care Centre, Kids Play Area, Barbeque Area, Mosque, Community Centre",Lawn or Garden,"Nearby Schools, Nearby Hospitals, Nearby Shopping Malls, Nearby Restaurants, Distance From Airport (kms), Nearby Public Transport Service, Other Nearby Places","Security Staff, Other Facilities",,,
https://www.zameen.com/Property/dha_defence_dha_defence_phase_5_5_marla_designer_house_for_sale-53356504-10991-1.html,House,PKR3.8 Crore,5,5 Marla,For Sale,3,4 weeks ago,"DHA Defence, Islamabad, Islamabad Capital",DHA Islamabad . 5 Marla House For Sale In DHA Phase 5 Islamabad Whatsapp Husnain Mughal View Contact Detail Blue Rock investments. Property Features: 3 Spacious Bedrooms Attached Bathrooms Drawing Room Powder Room 2 Comfortable TV Lounges Dining Room Fully Equipped Kitchen 3 Store Room 2 Double Terrace WiFi Installed Car Parking Beautiful Lawn Available For Visit Prime Location Near Masjid Demand 3 crore 80 lac,"Built in year: 2025, Parking Spaces: 1, Double Glazed Windows, Central Air Conditioning, Central Heating, Flooring, Electricity Backup, Waste Disposal, Floors: 2, Other Main Features","Bedrooms: 3, Bathrooms: 5, Servant Quarters: 1, Drawing Room, Dining Room, Kitchens: 2, Study Room, Prayer Room, Powder Room, Gym, Store Rooms: 1, Steam Room, Lounge or Sitting Room, Laundry Room","Broadband Internet Access, Satellite or Cable TV Ready, Intercom","Community Lawn or Garden, Community Swimming Pool, Community Gym, First Aid or Medical Centre, Day Care Centre, Kids Play Area, Barbeque Area, Mosque, Community Centre","Lawn or Garden, Swimming Pool, Sauna, Jacuzzi","Nearby Schools, Nearby Hospitals, Nearby Shopping Malls, Nearby Restaurants, Distance From Airport (kms), Nearby Public Transport Service, Other Nearby Places","Maintenance Staff, Security Staff, Facilities for Disabled",,,
https://www.zameen.com/Property/dha_defence_dha_defence_phase_2_designer_house_with_superb_color_combinations-53077131-339-1.html,House,PKR13.5 Crore,6,1 Kanal,For Sale,6,1 day ago,"DHA Defence, Islamabad, Islamabad Capital",VIP Properties offer Variety of houses available in DHA phase 2 Islamabad. This Designer house available in the best location in DHA phase 2 13 KW Solar system Fully 3'5' Imported Tiled flooring call for the best deal in Town,"Built in year: 2025, Parking Spaces: 4, Double Glazed Windows, Central Air Conditioning, Central Heating, Flooring, Electricity Backup, Waste Disposal, Floors: 2, Other Main Features, Furnished","Bedrooms: 6, Bathrooms: 6, Servant Quarters: 2, Drawing Room, Dining Room, Kitchens: 2, Study Room, Prayer Room, Powder Room, Gym, Store Rooms: 2, Steam Room, Lounge or Sitting Room, Laundry Room, Other Rooms","Broadband Internet Access, Satellite or Cable TV Ready, Intercom, Other Business and Communication Facilities","Community Lawn or Garden, Community Swimming Pool, Community Gym, First Aid or Medical Centre, Day Care Centre, Kids Play Area, Barbeque Area, Mosque, Community Centre, Other Community Facilities","Lawn or Garden, Swimming Pool, Sauna, Jacuzzi, Other Healthcare and Recreation Facilities","Nearby Schools, Nearby Hospitals, Nearby Shopping Malls, Nearby Restaurants, Distance From Airport (kms), Nearby Public Transport Service, Other Nearby Places","Maintenance Staff, Security Staff, Facilities for Disabled, Other Facilities",,,
https://www.zameen.com/Property/dha_defence_dha_defence_phase_2_kanal_sami_furnished_with_solar_system-53072126-339-1.html,House,PKR13.5 Crore,6,1 Kanal,For Sale,5,1 day ago,"DHA Defence, Islamabad, Islamabad Capital",VIP Properties offer Variety of houses available in DHA phase 2 Islamabad. This house available in DHA phase 2 with 5 bedrooms 13 KW Solar system with AC's and curtains Imported Accessories and Tiles Ideal Location call for the best deal in Town,"Built in year: 2025, Parking Spaces: 3, Double Glazed Windows, Central Air Conditioning, Central Heating, Flooring, Electricity Backup, Waste Disposal, Floors: 2, Other Main Features, Furnished","Bedrooms: 5, Bathrooms: 6, Servant Quarters: 2, Drawing Room, Dining Room, Kitchens: 2, Study Room, Prayer Room, Powder Room, Store Rooms: 1, Lounge or Sitting Room, Laundry Room, Other Rooms","Broadband Internet Access, Satellite or Cable TV Ready, Intercom, Other Business and Communication Facilities","Community Lawn or Garden, Community Swimming Pool, Community Gym, First Aid or Medical Centre, Day Care Centre, Kids Play Area, Barbeque Area, Mosque, Community Centre, Other Community Facilities","Lawn or Garden, Swimming Pool, Sauna, Jacuzzi, Other Healthcare and Recreation Facilities","Nearby Schools, Nearby Hospitals, Nearby Shopping Malls, Nearby Restaurants, Distance From Airport (kms), Nearby Public Transport Service, Other Nearby Places","Maintenance Staff, Security Staff",,,
https://www.zameen.com/Property/kashmir_highway_eighteen_10_marla_villa_available_on_installments_in_eighteen_islamabad-51696494-12602-1.html,House,PKR6.37 Crore,5,15 Marla,For Sale,4,4 weeks ago,"Kashmir Highway, Islamabad, Islamabad Capital",10 Marla Villa Shell &Amp; Core With 5.5 Marla Extra Land Available On Installments In Cluster C Eighteen Islamabad . 3 Years Payment Schedule Delivery In 2027 Shell &Amp; Core Booking With 15% Down Payment,"Built in year: 2024, Parking Spaces: 2, Double Glazed Windows, Central Air Conditioning, Central Heating, Flooring, Electricity Backup, Waste Disposal, Floors: 2, Other Main Features","Bedrooms: 5, Bathrooms: 6, Servant Quarters: 1, Drawing Room, Dining Room, Kitchens: 2, Study Room, Prayer Room, Powder Room, Gym, Store Rooms: 1, Steam Room, Lounge or Sitting Room, Laundry Room, Other Rooms","Broadband Internet Access, Satellite or Cable TV Ready, Intercom, Other Business and Communication Facilities","Community Lawn or Garden, Community Swimming Pool, Community Gym, First Aid or Medical Centre, Day Care Centre, Kids Play Area, Barbeque Area, Mosque, Community Centre, Other Community Facilities","Lawn or Garden, Swimming Pool, Sauna, Jacuzzi, Other Healthcare and Recreation Facilities","Nearby Schools, Nearby Hospitals, Nearby Shopping Malls, Nearby Restaurants, Distance From Airport (kms), Nearby Public Transport Service, Other Nearby Places","Maintenance Staff, Security Staff, Facilities for Disabled, Other Facilities",,,
https://www.zameen.com/Property/d_17_margalla_view_housing_society_luxury_10_marla_house_available_for_sale_on_main_boulevard_of_d-17-53330626-3160-1.html,House,PKR4.25 Crore,6,10 Marla,For Sale,4,6 days ago,"D-17, Islamabad, Islamabad Capital","10 Marla ( 30*70 ) Sun Facing On Main Boulevard House. Available For Sale In Margalla View Co-Operative Housing Society. MVCHS D-17 Islamabad. House Size 30*70. 6 Bedrooms. 6 Baths. 2 Drawing Dining. 2 Kitchen. 2 TV Lounge. 2 Car Parking Space. Mumty Room+ Bath. Electricity , Water And Gas Available. Note: Original Pictures And Fair Deal Is Our Main Priority. Interested People Can Contact Easily.","Built in year: 2, Parking Spaces: 1, Double Glazed Windows, Central Air Conditioning, Central Heating, Flooring, Electricity Backup, Waste Disposal, Other Main Features, Furnished","Bedrooms: 6, Bathrooms: 6, Servant Quarters: 1, Drawing Room, Dining Room, Kitchens: 2, Lounge or Sitting Room, Other Rooms","Broadband Internet Access, Satellite or Cable TV Ready, Intercom, Other Business and Communication Facilities","Community Lawn or Garden, Community Swimming Pool, Community Gym, First Aid or Medical Centre, Day Care Centre, Kids Play Area, Barbeque Area, Mosque, Community Centre, Other Community Facilities","Lawn or Garden, Swimming Pool, Sauna, Jacuzzi, Other Healthcare and Recreation Facilities","Nearby Schools, Nearby Hospitals, Nearby Shopping Malls, Nearby Restaurants, Distance From Airport (kms), Nearby Public Transport Service, Other Nearby Places","Maintenance Staff, Security Staff, Facilities for Disabled, Other Facilities",,,
https://www.zameen.com/Property/d_17_margalla_view_housing_society_1_kanal_50_90_proper_corner_with_basement_house_available_for_sale_in_margalla_view_co-operative_housing_society_mvchs_d-17_islamabad-51644191-3160-1.html,House,PKR5.85 Crore,6,1 Kanal,For Sale,8,6 days ago,"D-17, Islamabad, Islamabad Capital","1 Kanal ( 50*90 ) Proper Corner with Basement House. Available For Sale In Margalla View Co-Operative Housing Society. MVCHS D-17 Islamabad. House Size 50*90. 8 Bedrooms. 8 Baths. 2 Drawing Dining. 2 Kitchen. 2 TV Lounge. 2 Car Parking Space. Electricity , Water And Gas Available. Note: Original Pictures And Fair Deal Is Our Main Priority. Interested People Can Contact Easily.","Built in year: 2023, Parking Spaces, Double Glazed Windows, Central Air Conditioning, Central Heating, Flooring, Electricity Backup, Waste Disposal, Furnished","Bedrooms: 1, Bathrooms: 1, Drawing Room, Dining Room, Kitchens, Study Room, Prayer Room, Powder Room, Gym, Store Rooms, Steam Room, Lounge or Sitting Room, Laundry Room","Broadband Internet Access, Satellite or Cable TV Ready, Intercom, Other Business and Communication Facilities","Community Lawn or Garden, Community Swimming Pool, Community Gym, First Aid or Medical Centre, Day Care Centre, Kids Play Area, Barbeque Area, Mosque, Community Centre, Other Community Facilities","Lawn or Garden, Sauna, Jacuzzi, Other Healthcare and Recreation Facilities","Nearby Schools, Nearby Hospitals, Nearby Shopping Malls, Nearby Restaurants, Distance From Airport (kms), Nearby Public Transport Service, Other Nearby Places","Maintenance Staff, Security Staff, Facilities for Disabled, Other Facilities",,,
https://www.zameen.com/Property/islamabad_karakoram_diplomatic_enclave_a_centrally_located_flat_is_available_for_sale_in_karakoram_diplomatic_enclave-53204062-9063-1.html,Flat,PKR7.5 Crore,2,8.9 Marla,For Sale,2,6 days ago,"Karakoram Diplomatic Enclave, Islamabad, Islamabad Capital","Price of PKR Rs. 75000000 is nothing for a sizeable property like the one in question. You will find current market rates quite attractive in Karakoram Diplomatic Enclave. The spacious property for sale comes with a reasonable price, so check it out today. 2000 Square Feet sized units are hard to come by for sale, so make your decision today. You can now purchase your Flat at an amazing price. Buy your Flat with desired facilities in a highly popular area of Karakoram Diplomatic Enclave. Some of the salient features of this property are described here. Outdoor play is great for children and luckily the property has a kids play area. Stylish yet practical facilities are installed for the differently-abled to navigate in the Flat. Having a community swimming pool is an amenity that everyone can enjoy. The Flat is centrally heated to maintain the temperature indoors. Not to worry if you cannot wash loads of clothes, as there is a laundry nearby. A dedicated laundry room is ideal in the Flat, especially for large families. The shared kitchen in the building allows you to share recipes and learn new ones. You can get in touch with us today for the right property investment advice.","Lobby in Building, Double Glazed Windows, Central Air Conditioning, Central Heating, Flooring, Electricity Backup, Waste Disposal, Service Elevators in Building, Other Main Features","Drawing Room, Dining Room, Kitchens: 1, Study Room, Prayer Room, Powder Room, Store Rooms: 1, Steam Room, Lounge or Sitting Room, Laundry Room, Other Rooms","Broadband Internet Access, Satellite or Cable TV Ready, Business Center or Media Room in Building, Conference Room in Building, Intercom, ATM Machines, Other Business and Communication Facilities","Community Lawn or Garden, Community Swimming Pool, Community Gym, First Aid or Medical Centre, Day Care Centre, Kids Play Area, Barbeque Area, Mosque, Community Centre, Other Community Facilities","Sauna, Jacuzzi, Other Healthcare and Recreation Facilities","Nearby Schools, Nearby Hospitals, Nearby Shopping Malls, Nearby Restaurants, Distance From Airport (kms), Nearby Public Transport Service, Other Nearby Places","Maintenance Staff, Security Staff, Laundry or Dry Cleaning Facility, Communal/Shared Kitchen, Facilities for Disabled, Other Facilities",,,
https://www.zameen.com/Property/islamabad_orchard_scheme_orchard_scheme_murre_road_farm_house-53142888-1408-1.html,Farm House,PKR85 Crore,-,22 Kanal,For Sale,-,5 days ago,"Orchard Scheme, Islamabad, Islamabad Capital","TOP LOCATION DEVELOPED WITH POSSESION ,BOUNDARY WALL GATED PLOT WITH TRANSFORMER INSTALLED ,6 TO 7 KANAL EXTRA LAND AVAILABLE. CDA TRANSFER BEST LIFE TIME INVESTMENT","Built in year: 2023, Parking Spaces, Double Glazed Windows, Central Air Conditioning, Central Heating, Flooring, Electricity Backup, Waste Disposal, Floors: 3, Other Main Features","Bedrooms, Bathrooms, Servant Quarters, Drawing Room, Dining Room, Kitchens, Study Room, Prayer Room, Powder Room, Gym, Store Rooms, Steam Room, Lounge or Sitting Room, Laundry Room, Other Rooms","Broadband Internet Access, Satellite or Cable TV Ready, Intercom, Other Business and Communication Facilities","Community Lawn or Garden, Community Swimming Pool, Community Gym, First Aid or Medical Centre, Day Care Centre, Kids Play Area, Barbeque Area, Mosque, Community Centre, Other Community Facilities","Lawn or Garden, Swimming Pool, Sauna, Jacuzzi, Other Healthcare and Recreation Facilities","Nearby Schools, Nearby Hospitals, Nearby Shopping Malls, Nearby Restaurants, Distance From Airport (kms), Nearby Public Transport Service, Other Nearby Places","Maintenance Staff, Security Staff, Facilities for Disabled, Other Facilities",,,
https://www.zameen.com/Property/islamabad_g-10_beautiful_sun-facing_corner_house_for_sale_g-10_2_islamabad-53322117-167-1.html,House,PKR19 Crore,-,1.2 Kanal,For Sale,-,1 month ago,"G-10, Islamabad, Islamabad Capital","Property Details: Plot Size: 60x90 (600 sq. yds) Location: Prime corner plot, sun-facing ideal for natural light Demand: PKR 19 Crore Ground Floor: 4 spacious bedrooms Drawing & dining room Living room Modern kitchen First Floor: 3 bedrooms Large lounge area Big kitchen dining (no drawing room) Highlights: Beautiful front elevation Corner house with excellent ventilation and sunlight Ideal for large families",,,,,,,,,,
https://www.zameen.com/Property/bahria_enclave_bahria_enclave_-_sector_b1_sector_b_6_marla_slightly_used_house_excellent_construction_quality_with_10_kw_solar_installed_sun_facing_available_for_sale-53332278-11972-1.html,House,PKR2.55 Crore,5,6 Marla,For Sale,3,2 weeks ago,"Bahria Town, Islamabad, Islamabad Capital",Sector B 6 Marla Slightly Used House Excellent Construction Quality With 10 KW Solar Installed Sun facing Available for Sale Note: Most Beautiful Location of Sector B Walking Distance from Mosque Park and Commercial. Meeting with Director Owner Accommodation: 3 Bedrooms with Attach Bathrooms 1 Kitchen 2 Tv Lounge Drawing & Dinning Room Servant Quarter with Attached Bath Front Terrace 2 Car Parking Note: Best Quality Guaranteed Construction & Finishing Material. Ideal Location for Living and Enjoying the Amenities & Live in a Healthy Natural Environment Contact for More details:,"Built in year: 2015, Parking Spaces: 2, Double Glazed Windows, Central Air Conditioning, Central Heating, Flooring, Electricity Backup, Waste Disposal, Floors: 2, Other Main Features, Furnished","Bedrooms: 3, Bathrooms: 4, Servant Quarters: 1, Drawing Room, Dining Room, Kitchens: 1, Study Room, Prayer Room, Powder Room, Gym, Store Rooms: 1, Steam Room, Lounge or Sitting Room, Laundry Room","Broadband Internet Access, Satellite or Cable TV Ready, Intercom","Community Lawn or Garden, Community Swimming Pool, Community Gym, First Aid or Medical Centre, Day Care Centre, Kids Play Area, Barbeque Area, Mosque, Community Centre","Lawn or Garden, Swimming Pool, Sauna, Jacuzzi","Nearby Schools, Nearby Hospitals, Nearby Shopping Malls, Nearby Restaurants, Distance From Airport (kms), Nearby Public Transport Service, Other Nearby Places","Security Staff, Other Facilities",,,
https://www.zameen.com/Property/dha_defence_dha_defence_phase_2_2_bhk_apartment_for_sale_at_nora_residences_islamabad_on_3_year_easy_installment_plan-52220388-339-1.html,Flat,PKR1.11 Crore,2,5.3 Marla,For Sale,2,1 week ago,"DHA Defence, Islamabad, Islamabad Capital","Looking for your dream home in the heart of Islamabad? Nora Residences offers luxurious 2BHK apartments for sale with a convenient 3-year easy installment plan, making homeownership more accessible than ever. Enjoy an exceptional living experience with top-notch amenities and facilities, including: 24/7 Power Backup: Never worry about power outages again. Gym: Stay fit with a fully-equipped gym available at your convenience. Co-Working Space: Perfect for professionals and entrepreneurs. Community Laundromat: A hassle-free laundry experience for all residents. Community Wifi: Stay connected with high-speed internet throughout the community. ATM: Access cash anytime with an on-site ATM. Building Management System: Efficient and streamlined management to ensure smooth operations. Community Swimming Pool: Relax and unwind in the refreshing swimming pool. Business Center: A professional space for meetings and conferences. Airbnb-Friendly: Flexibility to rent your apartment on Airbnb. Kids Play Area: Safe and fun spaces for your children to play. Community Park: A beautiful park for relaxation and outdoor activities. Rooftop BBQ Area: Enjoy grilling with friends and family in a scenic rooftop setting. High-Speed Elevator: Get to your apartment quickly and easily. Make Nora Residences your new home today, where comfort and convenience meet in a premium living space.","Built in year: 2025, Parking Spaces, Lobby in Building, Double Glazed Windows, Flooring, Electricity Backup, Waste Disposal, Floor, Floors in Building: 7, Elevators, Other Main Features","Bedrooms: 2, Bathrooms: 2, Servant Quarters, Drawing Room, Dining Room, Kitchens: 1, Study Room, Prayer Room, Powder Room, Store Rooms, Lounge or Sitting Room, Laundry Room, Other Rooms","Broadband Internet Access, Satellite or Cable TV Ready, Business Center or Media Room in Building, Conference Room in Building, Intercom, ATM Machines, Other Business and Communication Facilities","Community Lawn or Garden, Community Swimming Pool, Community Gym, First Aid or Medical Centre, Day Care Centre, Kids Play Area, Barbeque Area, Mosque, Community Centre, Other Community Facilities","Sauna, Jacuzzi, Other Healthcare and Recreation Facilities","Nearby Schools, Nearby Hospitals, Nearby Shopping Malls, Nearby Restaurants, Distance From Airport (kms), Nearby Public Transport Service, Other Nearby Places","Maintenance Staff, Security Staff, Other Facilities",,,
https://www.zameen.com/Property/f_10_f-10_1_1_kanal_house_available_for_sale_f10_1-53280844-3276-1.html,House,PKR16.5 Crore,5,1 Kanal,For Sale,5,5 days ago,"F-10, Islamabad, Islamabad Capital",1 KANAL HOUSE AVAILABLE FOR SALE F10/1 MORE INFORMATION CALL ALI View Contact Detail View Contact Detail,"Built in year, Parking Spaces, Double Glazed Windows, Central Air Conditioning, Central Heating, Flooring, Electricity Backup, Waste Disposal, Floors: 2, Other Main Features","Bedrooms: 5, Bathrooms: 5, Servant Quarters: 1, Drawing Room, Dining Room, Kitchens: 1, Study Room, Prayer Room, Powder Room, Gym, Steam Room, Lounge or Sitting Room, Laundry Room, Other Rooms","Broadband Internet Access, Satellite or Cable TV Ready, Intercom, Other Business and Communication Facilities","Community Lawn or Garden, Community Swimming Pool, Community Gym, First Aid or Medical Centre, Day Care Centre, Kids Play Area, Barbeque Area, Mosque, Community Centre, Other Community Facilities","Lawn or Garden, Swimming Pool, Sauna, Jacuzzi, Other Healthcare and Recreation Facilities","Nearby Schools, Nearby Hospitals, Nearby Shopping Malls, Nearby Restaurants, Distance From Airport (kms), Nearby Public Transport Service, Other Nearby Places",,,,
https://www.zameen.com/Property/gulberg_greens_smama_star_mall_residency_luxury_3-bed_apartment_for_sale_in_smama_mall_prime_location_gulberg_islamabad-53312044-11278-1.html,Flat,PKR1.85 Crore,3,5.5 Marla,For Sale,3,4 weeks ago,"Gulberg, Islamabad, Islamabad Capital","Discover modern living in the heart of Islamabad! This beautifully designed 3-bedroom apartment in Smama Mall offers comfort, style, and convenience all in one place. Perfect for families or investors seeking premium property in a prime location. Location: Smama Mall, Main Expressway, near Islamabad International Airport & Gulberg Greens Property Details: 3 Spacious Bedrooms with attached baths Elegant TV Lounge and Dining Area Fully equipped Modern Kitchen Balcony with beautiful open view Stylish interior with high-quality fittings Secure building with 24/7 CCTV and lift service Dedicated car parking Ideal For: Families seeking modern city living Investors looking for high rental returns","Parking Spaces, Lobby in Building, Double Glazed Windows, Central Air Conditioning, Central Heating, Flooring, Electricity Backup, Waste Disposal, Elevators: 4, Service Elevators in Building, Furnished","Bedrooms: 3, Bathrooms: 3, Drawing Room, Dining Room, Kitchens: 1, Study Room, Prayer Room, Powder Room, Gym, Steam Room, Lounge or Sitting Room, Laundry Room","Broadband Internet Access, Satellite or Cable TV Ready, Business Center or Media Room in Building, Conference Room in Building, Intercom, ATM Machines","Community Lawn or Garden, Community Swimming Pool, Community Gym, First Aid or Medical Centre, Day Care Centre, Kids Play Area, Barbeque Area, Mosque, Community Centre","Sauna, Jacuzzi",,,,,
https://www.zameen.com/Property/g_11_g-11_2_5_5_marla_beautiful_house_for_sale_in_g-11_2_islamabad-53323565-3331-1.html,House,PKR6.3 Crore,5,5.5 Marla,For Sale,6,7 hours ago,"G-11, Islamabad, Islamabad Capital","Presenting a stunning and well-maintained 5.5 Marla house located in one of the most sought-after sectors of Islamabad G-11/2. This property is designed for those who value modern living, comfort, and accessibility in a peaceful neighborhood. This spacious house features 6 bedrooms, 5 elegantly designed washrooms, and 3 fully equipped kitchens ideal for large families or those who prefer multi-unit living. Every floor has been constructed with attention to detail, ensuring both functionality and style. Property Features: Plot Size: 5.5 Marla Location: G-11/2, Islamabad Bedrooms: 6 Washrooms: 5 Kitchens: 3 Car Parking Space: Available Terrace & open area for natural light and ventilation 24/7 water, gas, and electricity supply Nearby Facilities: Walking distance to markets, schools, and mosques Easy access to Kashmir Highway and GT Road Peaceful environment with family-oriented surroundings Demand: 6.30 Crore This is a perfect opportunity to own a premium home in one of Islamabads prime locations ideal for both living and investment purposes. For more details or a visit, please contact now.","Parking Spaces, Floors: 2","Bedrooms, Bathrooms: 5, Servant Quarters: 1, Drawing Room, Dining Room, Kitchens: 3, Lounge or Sitting Room","Broadband Internet Access, Satellite or Cable TV Ready","Community Lawn or Garden, Community Gym, Mosque",,"Nearby Schools, Nearby Hospitals, Nearby Shopping Malls, Nearby Restaurants, Distance From Airport (kms), Nearby Public Transport Service, Other Nearby Places","Security Staff, Other Facilities",,,
https://www.zameen.com/Property/mpchs_multi_gardens_mpchs_-_block_f_5_marla_corner_designer_house_for_sale-53239273-8527-1.html,House,PKR2.8 Crore,4,5.6 Marla,For Sale,4,3 weeks ago,"B-17, Islamabad, Islamabad Capital","5 Marla Corner Designer House for Sale in Block F B-17 Amenities & Features: 4 Spacious Bedrooms with Attached Bathrooms Stylish TV Lounge Modern Open Kitchen Drawing Room Dining Area Store Room Powder Room 1 Car Parking Space Front Open View Tiled Flooring Solid Wood Doors & Cupboards Electricity, Water & Gas Connections Available Laundry Area Excellent Ventilation & Natural Light Nearby Facilities Masjid within Walking Distance Parks & Green Belts Commercial Market Nearby Schools & Colleges in Vicinity Easy Access to Main Road & Public Transport For more details contact Us","Built in year: 2025, Parking Spaces, Double Glazed Windows, Flooring, Electricity Backup, Waste Disposal, Floors: 2, Other Main Features","Bedrooms: 4, Bathrooms: 4, Servant Quarters: 1, Drawing Room, Dining Room, Kitchens: 2, Store Rooms: 2, Lounge or Sitting Room, Laundry Room","Broadband Internet Access, Satellite or Cable TV Ready, Intercom","Community Lawn or Garden, Community Swimming Pool, Community Gym, First Aid or Medical Centre, Day Care Centre, Kids Play Area, Barbeque Area, Mosque, Community Centre",Lawn or Garden,"Nearby Schools, Nearby Hospitals, Nearby Shopping Malls, Nearby Restaurants, Distance From Airport (kms), Nearby Public Transport Service, Other Nearby Places","Security Staff, Other Facilities",,,
https://www.zameen.com/Property/islamabad_faisal_town_-_f-18_5_marla_double_unit_ultra_modern_designer_double_heighted_house_available_for_sale_in_faisal_town_f-18_islamabad-53068764-8260-1.html,House,PKR3 Crore,6,5 Marla,For Sale,4,4 weeks ago,"Faisal Town - F-18, Islamabad, Islamabad Capital","1250 Square Feet House Is Available For Sale In Faisal Town Phase 1 Islamabad. 4 Bedrooms. 2 Drawings. 2 Dining +Kitchens. 6 Washrooms. Prime Location House High Quality Construction And Branded Interior Used High Quality Wooden For Door And Cupboard Near The Main Center Wapda Electricity Sun Facing Gas Applied Double Story +Mumti Bedrooms Drawing,Tv Lounge Servant Room With Bathroom At Top. Area 25x50 Square Feet.","Built in year: 2025, Parking Spaces, Double Glazed Windows, Central Air Conditioning, Central Heating, Flooring, Electricity Backup, Waste Disposal, Other Main Features, Furnished","Bedrooms: 4, Bathrooms: 5, Servant Quarters: 1, Drawing Room, Dining Room, Kitchens: 2, Study Room, Prayer Room, Powder Room, Gym, Store Rooms: 1, Steam Room, Lounge or Sitting Room, Laundry Room, Other Rooms","Broadband Internet Access, Satellite or Cable TV Ready, Intercom, Other Business and Communication Facilities","Community Lawn or Garden, Community Swimming Pool, Community Gym, First Aid or Medical Centre, Day Care Centre, Kids Play Area, Barbeque Area, Mosque, Community Centre, Other Community Facilities","Sauna, Jacuzzi, Other Healthcare and Recreation Facilities","Nearby Schools, Nearby Hospitals, Nearby Shopping Malls, Nearby Restaurants, Distance From Airport (kms), Nearby Public Transport Service, Other Nearby Places","Maintenance Staff, Security Staff, Facilities for Disabled, Other Facilities",,,
https://www.zameen.com/Property/dha_defence_phase_5_askari_tower_3_askari_tower_3_dha_5_islamabad_3rd_floor_flat_available_for_sale-51781472-17434-1.html,Flat,PKR3.4 Crore,3,11.8 Marla,For Sale,3,4 weeks ago,"DHA Defence, Islamabad, Islamabad Capital","DHA5 Islamabad Askari Tower 3 Margallah facing 3rd FLOOR 3 bedrooms flat available for sale All Askaries in pakistan innovative design in Askari Tower-3 other Askaries 2250 squarefeet but Tower-3 Islamabad 2650 squarefeet covered area >3 Master bedrooms >3 washrooms >1 drawing +dinning room >1TV lounge >1 kitchen > 1 Servant quater with attached >1store room >laundry area ,emergency stairs >Two lifts are installed and underground basement parking All rooms and TV lounges and kitchen and Servant quater are beautiful Tyling floors and modern washrooms Big Lobbies in this Askari You're referring to the living standards of DHA Phase 5 and Askari Tower 3 in Islamabad, Pakistan! Both DHA Phase 5 and Askari Tower 3 are considered premium neighborhoods in lslamabad, offering a high standard of living. Here's a breakdown: DHA Phase 5: Modern, spacious houses and apartments with advanced security features Assets: High-end appliances, furniture, and electronics > DEMAND 3 CRORE 40 LAC Regards Chaudhry Muhammad Haseeb View Contact Detail Gulf Property zone Education: Access to top-tier schools and universities Employment: High-paying jobs in various industries Expenditure: High disposable income, luxury shopping, and dining Access to basic services: Excellent access to healthcare, sanitation, water, electricity, and internet Askari Tower 3: Housing: Luxury apartments with modern amenities and security features Assets: High-end appliances, furniture, and electronics Education: Access to top-tier schools and universities Employment: High-paying jobs in various industries Expenditure: High disposable income, luxury shopping, and dining Access to basic services: Excellent access to healthcare, sanitation, water, electricity, and internet In terms of the Askari 14 scale, both DHA Phase 5 and Askari Tower 3 would likely fall in the range of 13-14 indicating a very high standard of living. Please note that these estimates may vary depending on individual circumstances. Would you like more information on these neighborhoods or living standards in Islamabad? l'm here to help! >DEMAND 3 CRORE 40 LACs Regards Gulf Property zone","Built in year: 2022, Parking Spaces: 2, Lobby in Building, Double Glazed Windows, Central Air Conditioning, Central Heating, Flooring, Electricity Backup, Waste Disposal, Floor: 01, Floors in Building: 11, Elevators: 2, Service Elevators in Building, Other Main Features","Bedrooms: 3, Bathrooms: 3, Servant Quarters: 1, Drawing Room, Dining Room, Kitchens: 1, Prayer Room, Powder Room, Store Rooms: 1, Steam Room, Lounge or Sitting Room, Laundry Room, Other Rooms","Broadband Internet Access, Satellite or Cable TV Ready, Business Center or Media Room in Building, Conference Room in Building, Intercom, ATM Machines, Other Business and Communication Facilities","Community Lawn or Garden, Community Swimming Pool, Community Gym, First Aid or Medical Centre, Day Care Centre, Kids Play Area, Barbeque Area, Mosque, Community Centre, Other Community Facilities","Sauna, Jacuzzi, Other Healthcare and Recreation Facilities","Nearby Schools, Nearby Hospitals, Nearby Shopping Malls, Nearby Restaurants, Distance From Airport (kms), Nearby Public Transport Service, Other Nearby Places","Maintenance Staff, Security Staff, Laundry or Dry Cleaning Facility, Communal/Shared Kitchen, Facilities for Disabled, Pets Allowed, Other Facilities",,,
https://www.zameen.com/Property/dha_defence_dha_defence_phase_2_1_kanal_house_for_sale_dha_phase_2-53194341-339-1.html,House,PKR7.8 Crore,6,1 Kanal,For Sale,6,44 minutes ago,"DHA Defence, Islamabad, Islamabad Capital","DHA phase 2 for sale 1 kanal used house sector D . 6 bedroom drawing dining room tv lounch +2 kitchen loundary area servant available and tile flooring house 3 car parking available 2 electricity and 2 gas meter available asking price 840,000,00 negotiable","Built in year: 2019, Parking Spaces, Double Glazed Windows, Central Air Conditioning, Central Heating, Flooring, Electricity Backup, Waste Disposal, Floors: 2, Other Main Features, Furnished","Bedrooms: 6, Bathrooms: 8, Servant Quarters: 2, Drawing Room, Dining Room, Kitchens: 2, Study Room, Prayer Room, Powder Room, Gym, Store Rooms: 2, Steam Room, Lounge or Sitting Room, Laundry Room, Other Rooms","Broadband Internet Access, Satellite or Cable TV Ready, Intercom, Other Business and Communication Facilities","Community Lawn or Garden, Community Swimming Pool, Community Gym, First Aid or Medical Centre, Day Care Centre, Kids Play Area, Barbeque Area, Mosque, Community Centre, Other Community Facilities","Lawn or Garden, Swimming Pool, Sauna, Jacuzzi, Other Healthcare and Recreation Facilities","Nearby Schools, Nearby Hospitals, Nearby Shopping Malls, Nearby Restaurants, Distance From Airport (kms), Nearby Public Transport Service, Other Nearby Places","Maintenance Staff, Security Staff, Facilities for Disabled, Other Facilities",,,
https://www.zameen.com/Property/islamabad_f-8_f-8_house_for_sale-45505471-166-1.html,House,PKR50 Crore,-,2.5 Kanal,For Sale,5,1 week ago,"F-8, Islamabad, Islamabad Capital","Marriott Estate And Builders Offer a Ideal House having following properties:- 1. Have 6 bedrooms with attached washrooms. 2. Two advanced kitchens. 3. Two T. V lounges, 4. Drawing room 5. Dining room, 6. Beautiful lawn 7. Terrace, 8. Servant rooms 9. Multiple car parkings 10. Installed air conditioners, 11. Central heating system 12. Water bore. We have also multiple options available for sale and rent in sectors F-6, F-7, F-8, E-7, G-6(3) F-10, F-11 Islamabad For further assistance please contact with us.","Built in year: 2018, Parking Spaces: 7, Double Glazed Windows, Central Air Conditioning, Central Heating, Flooring, Electricity Backup","Bedrooms: 6, Bathrooms: 7, Servant Quarters: 2, Drawing Room, Dining Room, Kitchens: 2, Study Room, Prayer Room, Powder Room, Gym, Steam Room, Lounge or Sitting Room, Laundry Room","Broadband Internet Access, Satellite or Cable TV Ready, Intercom","Community Lawn or Garden, Community Gym, First Aid or Medical Centre, Day Care Centre, Kids Play Area, Barbeque Area, Mosque, Community Centre","Sauna, Jacuzzi","Nearby Schools, Nearby Hospitals, Nearby Shopping Malls, Nearby Restaurants, Distance From Airport (kms), Nearby Public Transport Service, Other Nearby Places","Maintenance Staff, Security Staff, Facilities for Disabled, Other Facilities",,,
https://www.zameen.com/Property/islamabad_f-7_f-7_house_for_sale-49330398-165-1.html,House,PKR30 Crore,-,1 Kanal,For Sale,5,3 days ago,"F-7, Islamabad, Islamabad Capital","Marriott Estate And Builders Offer a Ideal House having following properties:- 1. Have 6 bedrooms with attached washrooms. 2. Two advanced kitchens. 3. Two T. V lounges, 4. Drawing room 5. Dining room, 6. Beautiful lawn 7. Terrace, 8. Servant rooms 9. Multiple car parkings 10. Installed air conditioners, 11. Central heating system 12. Water bore. We have also multiple options available for sale and rent in sectors F-6, F-7, F-8, E-7, G-6(3) F-10, F-11 Islamabad For further assistance please contact with us.","Built in year: 2009, Parking Spaces: 7, Double Glazed Windows, Central Air Conditioning, Central Heating, Flooring, Electricity Backup, Waste Disposal, Other Main Features, Furnished","Bedrooms: 5, Bathrooms: 6, Servant Quarters: 2, Drawing Room, Dining Room, Kitchens: 2, Study Room, Prayer Room, Powder Room, Gym, Store Rooms: 1, Steam Room, Lounge or Sitting Room, Laundry Room, Other Rooms","Broadband Internet Access, Satellite or Cable TV Ready, Intercom, Other Business and Communication Facilities","Community Lawn or Garden, Community Swimming Pool, Community Gym, First Aid or Medical Centre, Day Care Centre, Kids Play Area, Barbeque Area, Mosque, Community Centre, Other Community Facilities","Lawn or Garden, Swimming Pool, Sauna, Jacuzzi, Other Healthcare and Recreation Facilities","Nearby Schools, Nearby Hospitals, Nearby Shopping Malls, Nearby Restaurants, Distance From Airport (kms), Nearby Public Transport Service, Other Nearby Places","Maintenance Staff, Security Staff, Facilities for Disabled, Other Facilities",,,
https://www.zameen.com/Property/islamabad_e-11_e11_one_bedroom_luxury_furnished_apartment_available_for_sale-52275911-329-1.html,Flat,PKR85 Lakh,1,2.9 Marla,For Sale,1,4 weeks ago,"E-11, Islamabad, Islamabad Capital",One Bedroom Luxury Furnished Apartment Available For Sale in the Heart Of Islamabad That Include One Bedroom attach Bathroom TV lounge Separate Italian style kitchen And hudge Balcony Already rentout on 65k Best Option For Investment and Rental Income Under ground car parking elevator available Families environment system 24/7 security system Separate electric wapda meter,"Built in year: 5, Parking Spaces: 1, Lobby in Building, Double Glazed Windows, Central Air Conditioning, Central Heating, Flooring, Electricity Backup, Waste Disposal, Floor: 4, Floors in Building: 5, Elevators: 1, Service Elevators in Building, Other Main Features, Furnished","Bedrooms: 1, Bathrooms: 1, Servant Quarters: 1, Drawing Room, Dining Room, Kitchens: 1, Study Room, Prayer Room, Powder Room, Gym, Store Rooms: 1, Steam Room, Lounge or Sitting Room, Laundry Room, Other Rooms","Broadband Internet Access, Satellite or Cable TV Ready, Business Center or Media Room in Building, Conference Room in Building, Intercom, ATM Machines, Other Business and Communication Facilities","Community Lawn or Garden, Community Swimming Pool, Community Gym, First Aid or Medical Centre, Day Care Centre, Kids Play Area, Barbeque Area, Mosque, Community Centre, Other Community Facilities","Sauna, Jacuzzi, Other Healthcare and Recreation Facilities","Nearby Schools, Nearby Hospitals, Nearby Shopping Malls, Nearby Restaurants, Distance From Airport (kms), Nearby Public Transport Service, Other Nearby Places","Maintenance Staff, Security Staff, Laundry or Dry Cleaning Facility, Communal/Shared Kitchen, Facilities for Disabled, Pets Not Allowed, Other Facilities",,,
https://www.zameen.com/Property/islamabad_e-11_e11_one_bedroom_luxury_penthouse_for_sale-52298324-329-1.html,Flat,PKR1.85 Crore,1,4.4 Marla,For Sale,1,4 weeks ago,"E-11, Islamabad, Islamabad Capital",Luxury Fully Furnished Penthouse Apartment Available For Sale One Bedroom Attach Bathroom Open Italian Style Kitchen Front And Back space Open Margala facing elevator Available Family Environment Best Option For Investor and Rental Income,"Built in year: 2, Parking Spaces: 1, Lobby in Building, Double Glazed Windows, Central Air Conditioning, Central Heating, Flooring, Electricity Backup, Floor: 5, Floors in Building: 5, Elevators: 1, Furnished","Bedrooms: 1, Bathrooms: 1, Kitchens: 1, Lounge or Sitting Room",,Mosque,,"Nearby Schools, Nearby Hospitals, Nearby Shopping Malls, Nearby Restaurants, Distance From Airport (kms), Nearby Public Transport Service","Maintenance Staff, Security Staff, Pets Not Allowed",,,
https://www.zameen.com/Property/soan_garden_soan_garden_-_block_d_house_for_sale_in_soan_garden-52456922-3494-1.html,House,PKR4.25 Crore,6,10 Marla,For Sale,7,4 weeks ago,"Soan Garden, Islamabad, Islamabad Capital",House for sale in Soan Garden Spanish style house design with cnc front grills Location Soan Garden Islamabad block D Prime location Plot size 10 Marla house 9 washroom 7 bedroom 1 drawing room 1 servant room Rcc water tank 2 to 3 car parking space A+ quality material were used Solid infrastructure Demand 4 crore 25 lac For further details contact us,"Parking Spaces: 2, Double Glazed Windows, Central Air Conditioning, Central Heating, Flooring, Electricity Backup","Bedrooms: 8, Bathrooms: 8, Servant Quarters: 1, Drawing Room, Dining Room, Kitchens: 2, Prayer Room, Powder Room, Store Rooms: 1, Lounge or Sitting Room, Laundry Room","Broadband Internet Access, Satellite or Cable TV Ready, Other Business and Communication Facilities","Community Lawn or Garden, Community Gym, First Aid or Medical Centre, Day Care Centre, Kids Play Area, Barbeque Area, Mosque, Community Centre, Other Community Facilities",,"Nearby Schools, Nearby Hospitals, Nearby Shopping Malls, Nearby Restaurants, Distance From Airport (kms), Nearby Public Transport Service, Other Nearby Places","Maintenance Staff, Security Staff, Other Facilities",,,
https://www.zameen.com/Property/bahria_enclave_bahria_enclave_-_sector_c1_sun-facing_dream_home_with_double_heighted_in_prime_c1_bahria_enclave_excellent_finishing-53035321-11987-1.html,House,PKR5.5 Crore,6,10 Marla,For Sale,4,2 days ago,"Bahria Town, Islamabad, Islamabad Capital","Headline: Sun-Facing Dream Home In Prime C1, Bahria Enclave | Excellent Finishing Discover Your Perfect Dream Home In The Highly Sought-After Sector C1 Of Bahria Enclave, Islamabad. This Impeccably Designed Sun-Facing House Offers The Ultimate Blend Of Luxury, Comfort, And Convenience. Prime Location Benefits: Steps From Amenities: Enjoy Unparalleled Convenience With A Community Mosque, Lush Green Park, And Bustling Local Market All Just A Short Walk From Your Doorstep. Sun-Facing Orientation: Flooded With Natural Light All Day Long, Creating A Warm, Bright, And Positive Atmosphere While Reducing Energy Costs. Property Highlights: Exquisite Finishing: Meticulous Attention To Detail Is Evident Throughout. The House Features High-Quality Materials And Excellent Finishing, Ready For You To Move In And Start Living. Dream Home Layout: Thoughtfully Designed Spaces Offer Both Cozy Family Living And Elegant Entertainment Areas, Truly Making It A ""Forever Home. "" This Is A Rare Opportunity To Own A Premium Property In One Of Islamabad'S Most Desirable Neighborhoods. Don'T Let This Chance Slip Away. Contact Today To Schedule A Private Viewing!","Built in year: 2025, Parking Spaces: 2, Double Glazed Windows, Central Air Conditioning, Central Heating, Flooring, Electricity Backup, Waste Disposal, Floors: 3, Other Main Features, Furnished","Bedrooms: 5, Bathrooms: 6, Servant Quarters: 1, Drawing Room, Dining Room, Kitchens: 2, Study Room, Prayer Room, Powder Room, Gym, Store Rooms: 1, Steam Room, Lounge or Sitting Room, Laundry Room, Other Rooms","Broadband Internet Access, Satellite or Cable TV Ready, Intercom, Other Business and Communication Facilities","Community Lawn or Garden, Community Swimming Pool, Community Gym, First Aid or Medical Centre, Day Care Centre, Kids Play Area, Barbeque Area, Mosque, Community Centre, Other Community Facilities","Lawn or Garden, Swimming Pool, Sauna, Jacuzzi, Other Healthcare and Recreation Facilities","Nearby Schools, Nearby Hospitals, Nearby Shopping Malls, Nearby Restaurants, Distance From Airport (kms), Nearby Public Transport Service, Other Nearby Places","Maintenance Staff, Security Staff, Facilities for Disabled, Other Facilities",,,
https://www.zameen.com/Property/gt_road_nora_residences_nora_residencies_1_bed_apartment_for_sale-48785388-21110-1.html,Flat,PKR87.61 Lakh,1,4.2 Marla,For Sale,1,2 weeks ago,"GT Road, Islamabad, Islamabad Capital","A Marvel by AVENIR Developments on main gt Road near giga mall Introducing NORA Residence by Avenir Developments: Your Gateway to Luxurious Living in Islamabad! Imagine a life of unparalleled luxury at the prime location of Main GT Road, Islamabad that's exactly what NORA Residence offers! Crafted by the esteemed Avenir Developments, this state-of-the-art residential complex is more than just a home; it's a lifestyle statement, an excellent investment opportunity, and your ticket to a world of modern elegance. Exceptional Design and Architecture: NORA Residence stands as a testament to architectural brilliance, designed by the internationally acclaimed Avenir Developments Design Studio. With award-winning projects spanning continents, these 1 & 2 Bedroom apartments are meticulously crafted with attention to detail, offering a seamless blend of functionality and aesthetics. Bright, Airy, and Contemporary Spaces: Experience the harmony of natural light and ventilation in every corner of your home. Our contemporary yet timeless design features clean lines, high-quality finishes, and a neutral color palette, creating a serene ambiance that exudes sophistication. Prime Location and Unmatched Connectivity: Nestled a minute's drive away from DHA Phase 2, DHA Phase 3 & DHA Phase 5, and Emaar, NORA Residence offers unparalleled connectivity. With easy access to major transportation routes, including the Islamabad Expressway, your city exploration becomes effortless. Plus, enjoy proximity to international schools, shopping malls, and restaurants, ensuring convenience at your doorstep. Luxurious Amenities: Indulge in a plethora of amenities tailored for the modern urban lifestyle. Stay fit in our state-of-the-art fitness center, relax by the rooftop infinity pool with breathtaking city views, or unwind in the beautifully landscaped outdoor area. Secure underground parking and high-speed elevators add to your convenience, making every day a delight. Unbeatable Pricing: Here's the best part the unmatched pricing of these apartments makes luxury truly affordable! Seize this opportunity to own a piece of paradise without breaking the bank.","Built in year: 2023, Parking Spaces: 1, Lobby in Building, Double Glazed Windows, Central Air Conditioning, Central Heating, Flooring, Electricity Backup, Waste Disposal, Floor, Floors in Building: 7, Elevators: 1, Service Elevators in Building, Other Main Features, Furnished","Bedrooms: 1, Bathrooms: 1, Servant Quarters, Drawing Room, Dining Room, Kitchens, Study Room, Prayer Room, Powder Room, Gym, Store Rooms, Steam Room, Lounge or Sitting Room, Laundry Room, Other Rooms","Broadband Internet Access, Satellite or Cable TV Ready, Business Center or Media Room in Building, Conference Room in Building, Intercom, ATM Machines, Other Business and Communication Facilities","Community Lawn or Garden, Community Swimming Pool, Community Gym, First Aid or Medical Centre, Day Care Centre, Kids Play Area, Barbeque Area, Mosque, Community Centre, Other Community Facilities","Sauna, Jacuzzi, Other Healthcare and Recreation Facilities","Nearby Schools, Nearby Hospitals, Nearby Shopping Malls, Nearby Restaurants, Distance From Airport (kms), Nearby Public Transport Service, Other Nearby Places","Maintenance Staff, Security Staff, Laundry or Dry Cleaning Facility, Communal/Shared Kitchen, Facilities for Disabled, Pets Not Allowed, Other Facilities",,,
https://www.zameen.com/Property/islamabad_bani_gala_4_bed_brand_new_corner_designer_house_for_sale_on_18_marla-51996443-340-1.html,House,PKR7 Crore,5,18 Marla,For Sale,4,1 week ago,"Bani Gala, Islamabad, Islamabad Capital","Ground Floor ""1 Master Room With Bath , Drawing Dinning , Powder Room , Living Room , Kitchen , 2 Side Car Porch , Lawan , Sarvent QTR 1st Floor ""2 Bed Room With At Bath , Kitchen , Tv lounge , 2 Side Terrace 2nd Floor ""1 Bed Room , Study Room , Loundry Room , Lobby. & Roof top Near To Imran Khan Chowk ,Beaconhouse, Olevel's. Com & Unity School Easy Access To Muree Road Out Class Location","Built in year: 2024, Parking Spaces: 5, Double Glazed Windows, Central Air Conditioning, Central Heating, Flooring, Electricity Backup, Waste Disposal, Floors: 2, Other Main Features, Furnished","Bedrooms: 4, Bathrooms: 5, Servant Quarters: 2, Drawing Room, Dining Room, Kitchens: 2, Study Room, Prayer Room, Powder Room, Gym, Store Rooms: 1, Steam Room, Lounge or Sitting Room, Laundry Room, Other Rooms","Broadband Internet Access, Satellite or Cable TV Ready, Intercom, Other Business and Communication Facilities","Community Lawn or Garden, Community Swimming Pool, Community Gym, First Aid or Medical Centre, Day Care Centre, Kids Play Area, Barbeque Area, Mosque, Community Centre, Other Community Facilities","Lawn or Garden, Swimming Pool, Sauna, Jacuzzi, Other Healthcare and Recreation Facilities","Nearby Schools, Nearby Hospitals, Nearby Shopping Malls, Nearby Restaurants, Distance From Airport (kms), Nearby Public Transport Service, Other Nearby Places","Maintenance Staff, Security Staff, Facilities for Disabled, Other Facilities",,,
https://www.zameen.com/Property/islamabad_bani_gala_5_bed_brand_new_designer_house_for_sale_on_10_marla-51988333-340-1.html,House,PKR4 Crore,5,10 Marla,For Sale,5,1 month ago,"Bani Gala, Islamabad, Islamabad Capital","Ground Floor ""2 Bed With At Bath , Tv lounge , Drawing Room ,Kitchen , TV lounge , 2 Car Parking Space 1st Floor ""2 Bed With at Bath , Kitchen , Tv lounge Drawing Room , Terrace 2nd Floor ""1 Bed With Bath , Mumti & Roof top Near To Beaconhouse, Olevels. com & Unity School Easy Access To Muree Rd","Built in year: 2024, Parking Spaces: 2, Flooring","Bedrooms: 5, Bathrooms: 5, Servant Quarters: 1, Drawing Room, Dining Room, Kitchens: 2, Powder Room, Store Rooms: 1, Lounge or Sitting Room, Laundry Room","Broadband Internet Access, Satellite or Cable TV Ready","Kids Play Area, Barbeque Area, Mosque",,"Nearby Schools, Nearby Hospitals, Nearby Shopping Malls, Nearby Restaurants, Distance From Airport (kms), Nearby Public Transport Service, Other Nearby Places","Security Staff, Other Facilities",,,
https://www.zameen.com/Property/islamabad_bani_gala_5_bed_double_story_house_for_sale_on_7_marla-52176784-340-1.html,House,PKR2.15 Crore,6,7 Marla,For Sale,5,1 week ago,"Bani Gala, Islamabad, Islamabad Capital","5 Bed With At Bath , 2 Kitchen ,2 Tv lounge , Drawing Dinning With bath , 2 Car Parking Space , Terrace 30 Ft Street Separate Water Motar & 2 Electric Metar Near To Imran Khan Chowk","Built in year: 2023, Parking Spaces: 2, Double Glazed Windows, Flooring, Electricity Backup, Waste Disposal","Bedrooms: 5, Bathrooms: 6, Servant Quarters: 1, Drawing Room, Dining Room, Kitchens: 2, Powder Room, Store Rooms: 1, Lounge or Sitting Room, Laundry Room","Broadband Internet Access, Satellite or Cable TV Ready, Intercom","Community Lawn or Garden, Community Swimming Pool, Community Gym, First Aid or Medical Centre, Day Care Centre, Kids Play Area, Barbeque Area, Mosque, Community Centre",,"Nearby Schools, Nearby Hospitals, Nearby Shopping Malls, Nearby Restaurants, Distance From Airport (kms), Nearby Public Transport Service, Other Nearby Places","Maintenance Staff, Security Staff, Facilities for Disabled, Other Facilities",,,
https://www.zameen.com/Property/f_6_f-6_1_prime_investment_opportunity_house_in_f-6_cda_transfer_50xx120-53341430-3299-1.html,House,PKR35 Crore,7,1.3 Kanal,For Sale,6,10 hours ago,"F-6, Islamabad, Islamabad Capital","Looking for a lucrative investment opportunity in Islamabad's prime location? Look no further! We present to you a demolished house in F-6, offering immense potential for investors. Situated in a sought-after area with CDA transfer, this 50x120 plot is a rare find. With an asking price of 35 crores, this property promises high returns on investment. Whether you're planning to rebuild or develop, this prime location guarantees appreciation in value. Plus, we have multiple options available to suit your investment needs. Don't miss out on this golden opportunity. Contact us today to seize the potential of this prime property in F-6!","Built in year: 2002, Parking Spaces: 5, Double Glazed Windows, Central Air Conditioning, Central Heating, Flooring, Electricity Backup, Waste Disposal, Floors: 2, Furnished","Bedrooms: 6, Bathrooms: 6, Servant Quarters: 2, Drawing Room, Dining Room, Kitchens: 2, Study Room, Prayer Room, Powder Room, Store Rooms: 2, Steam Room, Lounge or Sitting Room, Laundry Room","Broadband Internet Access, Satellite or Cable TV Ready, Intercom","Community Lawn or Garden, Community Gym, First Aid or Medical Centre, Day Care Centre, Kids Play Area, Barbeque Area, Mosque, Community Centre",,"Nearby Schools, Nearby Hospitals, Nearby Shopping Malls, Nearby Restaurants, Distance From Airport (kms), Nearby Public Transport Service, Other Nearby Places","Maintenance Staff, Security Staff, Other Facilities",,,
https://www.zameen.com/Property/islamabad_g-13_g-13_30x60_designer_house_available_for_sale-53341358-330-1.html,House,PKR7 Crore,5,7 Marla,For Sale,5,1 month ago,"G-13, Islamabad, Islamabad Capital","Tri star marketing Brand New House For Sale Located At Prime Location Of G-13 Islamabad Size ( 30x60 )7Marla Great Opportunity For You, Don't Miss It. . . original Pictures Attached about The Property: 5 Bedrooms 5 Washrooms 2 Drawing Room 2 Kitchens 2 Tv Lounge Car Parking Tile Flooring Double Unit House Ideal Locality Electricity & Gas Meters Are Available Water Boring Running & Also Water Supply Facility Available All Facilities Are Available Which Is The Need Of Living Near To Main Double Road And Kashmir Highway Near To School, college, market, masjid public Transport, hospitals And Etc. Located In One Of The Best Locations Of G-13","Built in year: 2020, Parking Spaces: 1, Double Glazed Windows, Central Air Conditioning, Central Heating, Flooring, Electricity Backup, Waste Disposal, Other Main Features, Furnished","Bedrooms: 2, Bathrooms: 3, Servant Quarters: 1, Drawing Room, Dining Room, Kitchens: 1, Study Room, Prayer Room, Powder Room, Gym, Store Rooms: 1, Steam Room, Lounge or Sitting Room, Laundry Room, Other Rooms","Broadband Internet Access, Satellite or Cable TV Ready, Intercom, Other Business and Communication Facilities","Community Lawn or Garden, Community Swimming Pool, Community Gym, First Aid or Medical Centre, Day Care Centre, Kids Play Area, Barbeque Area, Mosque, Community Centre, Other Community Facilities","Lawn or Garden, Swimming Pool, Sauna, Jacuzzi, Other Healthcare and Recreation Facilities","Nearby Schools, Nearby Hospitals, Nearby Shopping Malls, Nearby Restaurants, Distance From Airport (kms), Nearby Public Transport Service, Other Nearby Places","Maintenance Staff, Security Staff, Facilities for Disabled, Other Facilities",,,
https://www.zameen.com/Property/dha_defence_dha_defence_phase_2_luxury_350_sq_ft_marriott_hotel_suite_for_sale_in_florence_galleria_dha_2_islamabad_monthly_rent_rs_97_000_prime_gt_road_location-53323974-339-1.html,Flat,PKR1.2 Crore,7,1.6 Marla,For Sale,11,1 day ago,"DHA Defence, Islamabad, Islamabad Capital","Experience premium living and solid returns with this 350 sq ft luxury 3 star Marriott hotel suite located in Florence Galleria, a landmark project by Imarat Group on Main GT Road, DHA Phase 2, Islamabad. This fully serviced suite combines elegant design with international hospitality standards, making it a perfect investment property for both local and overseas buyers. Property Highlights: Size: 350 sq ft Price: Rs 11,725,000 Monthly Rent: Rs 97,000 (Guaranteed Income) Prime GT Road front location near Giga Mall Developed by Imarat Group Fully managed hotel suite hassle-free investment World-class amenities: central AC/heating, lifts, 24/7 security, power backup, concierge & room service Ideal for passive investors seeking steady rental income and long-term capital appreciation Contact now for details, payment plans, and booking limited units available!","Built in year: 2026, Parking Spaces, Lobby in Building, Double Glazed Windows, Central Air Conditioning, Central Heating, Flooring, Electricity Backup, Waste Disposal, Floor: 7, Floors in Building: 10, Elevators: 6, Service Elevators in Building, Other Main Features, Furnished","Bedrooms: 1, Bathrooms: 1, Servant Quarters: 1, Drawing Room, Dining Room, Kitchens: 1, Study Room, Prayer Room, Powder Room, Gym, Store Rooms: 1, Steam Room, Lounge or Sitting Room, Laundry Room, Other Rooms","Broadband Internet Access, Satellite or Cable TV Ready, Business Center or Media Room in Building, Conference Room in Building, Intercom, ATM Machines, Other Business and Communication Facilities","Community Lawn or Garden, Community Swimming Pool, Community Gym, First Aid or Medical Centre, Day Care Centre, Kids Play Area, Barbeque Area, Mosque, Community Centre, Other Community Facilities","Sauna, Jacuzzi, Other Healthcare and Recreation Facilities","Nearby Schools, Nearby Hospitals, Nearby Shopping Malls, Nearby Restaurants, Distance From Airport (kms), Nearby Public Transport Service, Other Nearby Places",,,,
https://www.zameen.com/Property/fechs_jinnah_gardens_brand_new_lop_clear_7_marla_house_for_sale_in_jinhh_garden-53340402-1420-1.html,House,PKR3.15 Crore,7,7 Marla,For Sale,4,2 weeks ago,"FECHS, Islamabad, Islamabad Capital",Brand New Lop Clear 7 Marla House For Sale In Jinah Garden Ideal Location Wapda Meter Driect Metting With Owner,"Built in year: 2025, Double Glazed Windows, Central Air Conditioning, Central Heating, Flooring, Electricity Backup, Waste Disposal, Floors, Other Main Features, Furnished","Bedrooms: 4, Bathrooms: 7, Servant Quarters: 1, Drawing Room, Dining Room, Kitchens: 2, Study Room, Prayer Room, Powder Room, Gym, Store Rooms: 1, Steam Room, Lounge or Sitting Room, Laundry Room, Other Rooms","Broadband Internet Access, Satellite or Cable TV Ready, Intercom, Other Business and Communication Facilities","Community Lawn or Garden, Community Swimming Pool, Community Gym, First Aid or Medical Centre, Day Care Centre, Kids Play Area, Barbeque Area, Mosque, Community Centre, Other Community Facilities","Lawn or Garden, Swimming Pool, Sauna, Jacuzzi, Other Healthcare and Recreation Facilities","Nearby Schools, Nearby Hospitals, Nearby Shopping Malls, Nearby Restaurants, Nearby Public Transport Service, Other Nearby Places","Maintenance Staff, Security Staff, Facilities for Disabled",,,
https://www.zameen.com/Property/islamabad_b-17_new_house_for_sale_in_b-17-53201225-616-1.html,House,PKR3.95 Crore,6,10 Marla,For Sale,6,1 month ago,"B-17, Islamabad, Islamabad Capital",NEW HOUSE FOR SALE IN B-17 SIZE 10 MARLA SOLID CONSTRUCTION 6 BEDROOM ATTACHED BATH 2 DRYING 2 TV LOUNGE 2 KITCHEN 2 PARKING POWER ROOM WATER BORE SERVENT QUARTER 2ND TO CORNER FROM MAIN DOUBLE ROAD REASONABLE PRICE FOR DETAILS CONTACT DOMESTIC DEALS REAL ESTATE INVESTMENT COMPANY,"Built in year: 2024, Parking Spaces: 2, Double Glazed Windows, Central Heating, Flooring, Waste Disposal, Floors: 2, Other Main Features","Bedrooms: 6, Servant Quarters: 1, Drawing Room, Dining Room, Kitchens: 2, Study Room, Lounge or Sitting Room, Laundry Room",,"Community Lawn or Garden, Community Swimming Pool, First Aid or Medical Centre, Day Care Centre, Kids Play Area, Barbeque Area, Mosque, Community Centre, Other Community Facilities",,"Nearby Shopping Malls, Nearby Restaurants, Distance From Airport (kms), Nearby Public Transport Service",Security Staff,,,
https://www.zameen.com/Property/dha_defence_dha_defence_phase_2_dha2_1_5_kanal_brand_new_luxurious_designer_full_furnished_house-52911426-339-1.html,House,PKR18 Crore,6,1.5 Kanal,For Sale,6,2 weeks ago,"DHA Defence, Islamabad, Islamabad Capital",Dha2 1.5 kanal FULL FURNISHED House prime location of Dha2,"Built in year: 2024, Parking Spaces: 4, Double Glazed Windows, Central Air Conditioning, Central Heating, Flooring, Electricity Backup, Waste Disposal, Floors: 2, Other Main Features, Furnished","Bedrooms: 6, Bathrooms: 8, Servant Quarters: 2, Drawing Room, Dining Room, Kitchens: 2, Study Room, Prayer Room, Powder Room, Gym, Store Rooms: 2, Steam Room, Lounge or Sitting Room, Laundry Room, Other Rooms","Broadband Internet Access, Satellite or Cable TV Ready, Intercom, Other Business and Communication Facilities","Community Lawn or Garden, Community Swimming Pool, Community Gym, First Aid or Medical Centre, Day Care Centre, Kids Play Area, Barbeque Area, Mosque, Community Centre, Other Community Facilities","Lawn or Garden, Swimming Pool, Sauna, Jacuzzi, Other Healthcare and Recreation Facilities","Nearby Schools, Nearby Hospitals, Nearby Shopping Malls, Nearby Restaurants, Distance From Airport (kms), Nearby Public Transport Service, Other Nearby Places","Maintenance Staff, Security Staff, Facilities for Disabled, Other Facilities",,,
https://www.zameen.com/Property/dha_defence_dha_defence_phase_2_1_kanal_house_for_sale_in_dha_phase_2_islamabad-53231325-339-1.html,House,PKR12.5 Crore,6,1 Kanal,For Sale,5,7 hours ago,"DHA Defence, Islamabad, Islamabad Capital","1 Kanal House for Sale in DHA Phase 2, Islamabad Property Overview: Beautifully designed 1 Kanal corner house located in one of the most sought-after sectors of DHA Phase 2, Islamabad. This elegant home combines modern architecture with premium finishes,perfect for families seeking comfort, space, and security. Key Features: 5 Spacious Bedrooms with attached modern bathrooms 2 Stylish Kitchens with fitted cabinets 2 Elegant TV Lounges Drawing & Dining Room Servant Quarter with Bath Car Parking Space for 34 Vehicles Solar System Installed (if applicable) Imported Fittings & Fixtures Solid Construction with A-Grade Materials Beautiful Lawn & Terrace View Location Highlights: Situated in a peaceful and secure neighborhood Easy access to GT Road and Islamabad Expressway Close to top schools, markets, and mosques","Built in year: 2025, Parking Spaces, Double Glazed Windows, Central Air Conditioning, Central Heating, Flooring, Electricity Backup, Waste Disposal, Floors: 2, Other Main Features, Furnished","Bedrooms: 5, Bathrooms: 6, Servant Quarters: 2, Drawing Room, Dining Room, Kitchens: 1, Study Room, Prayer Room, Powder Room, Gym, Store Rooms: 1, Steam Room, Lounge or Sitting Room, Laundry Room, Other Rooms","Broadband Internet Access, Satellite or Cable TV Ready, Intercom","Community Lawn or Garden, Community Swimming Pool, Community Gym, First Aid or Medical Centre, Day Care Centre, Kids Play Area, Barbeque Area, Mosque, Community Centre","Lawn or Garden, Swimming Pool, Sauna, Jacuzzi","Nearby Schools, Nearby Hospitals, Nearby Shopping Malls, Nearby Restaurants, Distance From Airport (kms), Nearby Public Transport Service, Other Nearby Places","Security Staff, Other Facilities",,,
https://www.zameen.com/Property/dha_phase_5_sector_h_askari_heights_4_askari_tower_4_brand_new_3rd_floor_3_bedrooms_front_always_open_flat_available_for_sale-52277822-21450-1.html,Flat,PKR3.2 Crore,4,11.1 Marla,For Sale,3,4 weeks ago,"DHA Defence, Islamabad, Islamabad Capital",DHA 5 Islamabad Askari Tower 4 3rd floor Front Always open 3 bedrooms Brand new flats available for sale 3 bedrooms 4washroom 1 Servant quater with attached washroom 1 Tv lounge 1 Drawing Room 1 kitchen 1 lawndary area 1 under ground big car garage Details are given below 3 bedrooms with attached washrooms +drawing room +Tv lounge +kitchen +powder washroom +storeroom +Servant quater with attached washroom +lawndary area All flat are fully luxury tiles and Spanish washrooms and luxury kitchen accessories are Installed 24/7 Security Gated community Near to mosque Near to filter plant Near to APS School and College Near to commercial Near to Islamabad Expressway Demand 3 crore 20 lac Regards Chaudhry Muhammad Haseeb View Contact Detail Gulf Property zone,"Built in year: 2024, Parking Spaces: 1, Lobby in Building, Double Glazed Windows, Central Air Conditioning, Central Heating, Flooring, Electricity Backup, Waste Disposal, Floor: 01, Floors in Building: 11, Elevators: 2, Service Elevators in Building, Other Main Features","Bedrooms: 3, Bathrooms: 4, Servant Quarters: 1, Drawing Room, Dining Room, Kitchens: 1, Prayer Room, Powder Room, Store Rooms: 1, Steam Room, Lounge or Sitting Room, Laundry Room, Other Rooms","Broadband Internet Access, Satellite or Cable TV Ready, Business Center or Media Room in Building, Conference Room in Building, Intercom, ATM Machines, Other Business and Communication Facilities","Community Lawn or Garden, Community Swimming Pool, Community Gym, First Aid or Medical Centre, Day Care Centre, Kids Play Area, Barbeque Area, Mosque, Community Centre, Other Community Facilities","Sauna, Jacuzzi, Other Healthcare and Recreation Facilities","Nearby Schools, Nearby Hospitals, Nearby Shopping Malls, Nearby Restaurants, Distance From Airport (kms), Nearby Public Transport Service, Other Nearby Places","Maintenance Staff, Security Staff, Laundry or Dry Cleaning Facility, Communal/Shared Kitchen, Facilities for Disabled, Pets Allowed, Other Facilities",,,
https://www.zameen.com/Property/dha_defence_dha_defence_phase_5_brand_new_10_marla_spanish_villa_for_sale_in_dha_phase_05_emaar_islamabad-51899638-10991-1.html,House,PKR5.25 Crore,7,10 Marla,For Sale,5,3 days ago,"DHA Defence, Islamabad, Islamabad Capital","Newly constructed at a Very peaceful location On Edge of Islamabad expressway. Solid construction and Beautiful Finishing Excellent Woodwork, Quality Fittings And Stylish kitchens This house features: 5 Spacious bedrooms 6 Bathrooms 1 Drawing room 2 Stylish kitchens 1 Servant room 2 Tv lounge Parking space for 2 cars For more options and visit please contact us","Built in year: 2024, Parking Spaces: 02, Double Glazed Windows, Flooring, Electricity Backup, Floors: 02, Other Main Features","Bedrooms: 05, Bathrooms: 07, Servant Quarters: 01, Drawing Room, Dining Room, Kitchens: 02, Powder Room, Store Rooms: 01, Lounge or Sitting Room, Laundry Room, Other Rooms","Broadband Internet Access, Satellite or Cable TV Ready, Other Business and Communication Facilities","Community Lawn or Garden, Kids Play Area, Mosque, Other Community Facilities","Lawn or Garden, Other Healthcare and Recreation Facilities","Nearby Schools, Nearby Hospitals, Nearby Shopping Malls, Nearby Restaurants, Distance From Airport (kms), Nearby Public Transport Service, Other Nearby Places","Security Staff, Other Facilities",,,
https://www.zameen.com/Property/gulshan_e_sehat_1_gulshan-e-sehat_1_-_block_a_12_marla_corner_in_block_a_double_unit_house_available_for_sale_in_gulshan_e_sehat_e-18_islamabad-51505015-3259-1.html,House,PKR2.85 Crore,6,12 Marla,For Sale,6,1 day ago,"E-18, Islamabad, Islamabad Capital","12 Marla Corner ( In Block A ) Double Unit House Available. For Sale in Gulshan e Sehat E-18 Islamabad. House Size 12 Marla. Double Story. 6 Bedrooms. 6 Baths. 2 Drawing Dining. 2 TV Lounge. 2 Kitchen. 3 Car Parking. Electricity and Water Available. All Facilities Available. Interested People Can Contact Easily. Gulshan e Sehat E-18 is a Good Sector for Residence. Because On Main Fateh Jhang Road. Near to Motorway Interchange. Neat and Clean. 24 Hours Security. All Facilities Available Like Banks , Schools , Restaurants ETC.","Built in year: 2024, Parking Spaces: 3, Double Glazed Windows, Central Air Conditioning, Central Heating, Flooring, Electricity Backup, Waste Disposal, Floors: 2, Other Main Features, Furnished","Bedrooms: 6, Bathrooms: 6, Servant Quarters: 1, Drawing Room, Dining Room, Kitchens: 2, Study Room, Prayer Room, Powder Room, Gym, Store Rooms: 2, Steam Room, Lounge or Sitting Room, Laundry Room, Other Rooms","Broadband Internet Access, Satellite or Cable TV Ready, Intercom, Other Business and Communication Facilities","Community Lawn or Garden, Community Swimming Pool, Community Gym, First Aid or Medical Centre, Day Care Centre, Kids Play Area, Barbeque Area, Mosque, Community Centre, Other Community Facilities","Lawn or Garden, Swimming Pool, Sauna, Jacuzzi, Other Healthcare and Recreation Facilities","Nearby Schools, Nearby Hospitals, Nearby Shopping Malls, Nearby Restaurants, Distance From Airport (kms), Nearby Public Transport Service, Other Nearby Places","Maintenance Staff, Security Staff, Facilities for Disabled, Other Facilities",,,
https://www.zameen.com/Property/soan_garden_soan_garden_-_block_h_6_marla_brand_new_double_unit_house_for_sale_in_soan_garden_block_h-50559714-3498-1.html,House,PKR3.05 Crore,5,6 Marla,For Sale,5,2 days ago,"Soan Garden, Islamabad, Islamabad Capital","6 MARLA DOUBLE STORY HOUSE FOR SALE 2 KM DISTANCE TO EXPRESS WAY CARPET STREET H EXT BLOCK 30x50 DIMENSION 4 BEDROOM ATTACHED BATHROOM 2 TV LOUNGE 2 DRAWING ROOM WITH BATH 2 KITCHEN SARVENT WITH BATH 2 SEPARATE WATER TANK OVERHEAD & UNDERGROUND WITHOUT GAS 2 ELECTRIC METER NEAR TO MASJID, HIGHWAY, MARKET DEMAND 3crore 5 lac",,"Bedrooms: 4, Bathrooms: 5, Servant Quarters: 12, Drawing Room, Dining Room, Kitchens: 2, Powder Room, Store Rooms: 2, Steam Room, Lounge or Sitting Room, Laundry Room, Other Rooms","Broadband Internet Access, Satellite or Cable TV Ready","Community Lawn or Garden, Kids Play Area, Barbeque Area, Mosque",Lawn or Garden,"Nearby Schools, Nearby Hospitals, Nearby Shopping Malls, Nearby Restaurants, Distance From Airport (kms), Nearby Public Transport Service, Other Nearby Places","Maintenance Staff, Security Staff, Other Facilities",,,
https://www.zameen.com/Property/dha_defence_dha_defence_phase_2_beautiful_one_kanal_6_bed_rooms_house_at_heighted_location_available_for_sale-52603586-339-1.html,House,PKR11.9 Crore,6,1 Kanal,For Sale,6,2 days ago,"DHA Defence, Islamabad, Islamabad Capital","Stunning 6-Bed Designer House for Sale DHA Phase 2, Islamabad Experience luxury living at its finest with this beautifully designed 6-bedroom house located in the heart of DHA Phase 2, Islamabad. Crafted with attention to detail and elegant finishes, this home offers both comfort and class in every corner. Property Features: 6 Spacious Bedrooms with Attached Bathrooms Elegant Drawing, Dining & Lounge Areas Modern Fully-Equipped Kitchen with Built-in Appliances Stylish Ceiling Designs with Ambient Lighting Luxurious Floor Tiles & High-End Fixtures Beautiful Wall Paneling & Designer Wallpapers Wide Windows with Natural Light & Ventilation Front Lawn & Car Parking Space Servant Quarter + Store Room Ideal for Families or Long-Term Investment Prime Location: Situated in a peaceful and secure street of DHA Phase 2 offering quick access to G. T. Road, top schools, shopping malls, and healthcare facilities. Perfect for: Families seeking a ready-to-move dream home or investors looking for a high rental yield property in a top-tier location.","Built in year: 2025, Parking Spaces: 3, Double Glazed Windows, Central Air Conditioning, Central Heating, Flooring, Electricity Backup, Waste Disposal, Floors: 2, Other Main Features, Furnished","Bedrooms: 6, Bathrooms: 7, Servant Quarters: 2, Drawing Room, Dining Room, Kitchens: 2, Study Room, Prayer Room, Powder Room, Gym, Store Rooms: 1, Steam Room, Lounge or Sitting Room, Laundry Room, Other Rooms","Broadband Internet Access, Satellite or Cable TV Ready, Intercom, Other Business and Communication Facilities","Community Lawn or Garden, Community Swimming Pool, Community Gym, First Aid or Medical Centre, Day Care Centre, Kids Play Area, Barbeque Area, Mosque, Community Centre, Other Community Facilities","Lawn or Garden, Swimming Pool, Sauna, Jacuzzi, Other Healthcare and Recreation Facilities","Nearby Schools, Nearby Hospitals, Nearby Shopping Malls, Nearby Restaurants, Distance From Airport (kms), Nearby Public Transport Service, Other Nearby Places","Maintenance Staff, Security Staff, Facilities for Disabled, Other Facilities",,,
https://www.zameen.com/Property/dha_defence_dha_defence_phase_2_modern_1-kanal_house_for_sale_in_dha_phase_2_elegant_practical_and_beautifully_finished-52634711-339-1.html,House,PKR11.8 Crore,6,1 Kanal,For Sale,6,5 days ago,"DHA Defence, Islamabad, Islamabad Capital","Presenting a stunning 1-kanal house located in the prestigious DHA Phase 2 a perfect blend of modern architecture and functional design. This thoughtfully planned 6-bedroom home offers a practical living experience with a clean, simple aesthetic, ideal for families seeking comfort, convenience, and style. Key Features: 6 Spacious Bedrooms: Each with ample natural light, attached modern bathrooms, and built-in wardrobes. Contemporary Design: A sleek and minimalist layout that prioritizes space, natural flow, and comfort. Open Kitchen: Stylish and fully functional with high-quality fittings, seamlessly integrated with the living and dining areas perfect for modern living. Store Room: Well-sized storage space to keep the home organized and clutter-free. Beautiful Entrance: A welcoming entryway with tasteful finishing that sets the tone for the entire house. Elegant Finishing: High-quality tiles, woodwork, and fixtures throughout the house offer a refined and cohesive look. Practical Layout: Designed for day-to-day comfort and ease, ensuring maximum utility of space without compromising on aesthetics. Located in a prime sector of DHA Phase 2, this home offers secure and peaceful living with easy access to commercial areas, schools, and parks. A perfect opportunity for families who appreciate a modern yet simple lifestyle.","Built in year: 2025, Parking Spaces: 3, Double Glazed Windows, Central Air Conditioning, Central Heating, Flooring, Electricity Backup, Waste Disposal, Floors: 2, Other Main Features, Furnished","Bedrooms: 6, Bathrooms: 7, Servant Quarters: 2, Drawing Room, Dining Room, Kitchens: 2, Study Room, Prayer Room, Powder Room, Gym, Store Rooms: 2, Steam Room, Lounge or Sitting Room, Laundry Room, Other Rooms","Broadband Internet Access, Satellite or Cable TV Ready, Intercom, Other Business and Communication Facilities","Community Lawn or Garden, Community Swimming Pool, Community Gym, First Aid or Medical Centre, Day Care Centre, Kids Play Area, Barbeque Area, Mosque, Community Centre, Other Community Facilities","Lawn or Garden, Swimming Pool, Sauna, Jacuzzi, Other Healthcare and Recreation Facilities","Nearby Schools, Nearby Hospitals, Nearby Shopping Malls, Nearby Restaurants, Distance From Airport (kms), Nearby Public Transport Service, Other Nearby Places","Maintenance Staff, Security Staff, Facilities for Disabled, Other Facilities",,,
https://www.zameen.com/Property/islamabad_f-8_f-8_brand_new_house_for_sale-53260038-166-1.html,House,PKR45 Crore,6,17.8 Marla,For Sale,6,1 day ago,"F-8, Islamabad, Islamabad Capital","Uk Property Advisors and offer a very beautifully built house on very prime location facing the majestic Margalla hills for /sale in Islamabad 6 bedrooms with attached washrooms, 2 kitchens, T. V lounges, Drawing room, Dining room, Beautiful lawn and terrace, Servant rooms, Multiple car parkings, Installed air conditioners, central heating system Water bore. We have multiple options available for sale and rent in sectors F-6, F-7, F-8, E-7, G-6(3) F-10, F-11. For further details please contact us.","Built in year: 2025, Parking Spaces: 4, Double Glazed Windows, Central Air Conditioning, Central Heating, Electricity Backup, Waste Disposal, Floors: 3, Other Main Features","Bedrooms: 6, Bathrooms: 7, Servant Quarters: 2, Drawing Room, Dining Room, Kitchens: 2, Study Room, Prayer Room, Powder Room, Store Rooms: 2, Steam Room, Lounge or Sitting Room, Laundry Room, Other Rooms","Broadband Internet Access, Satellite or Cable TV Ready, Intercom, Other Business and Communication Facilities","Community Lawn or Garden, Community Swimming Pool, Community Gym, First Aid or Medical Centre, Day Care Centre, Kids Play Area, Barbeque Area, Mosque, Community Centre, Other Community Facilities","Lawn or Garden, Swimming Pool, Sauna, Jacuzzi, Other Healthcare and Recreation Facilities","Nearby Schools, Nearby Hospitals, Nearby Shopping Malls, Nearby Restaurants, Distance From Airport (kms), Nearby Public Transport Service, Other Nearby Places","Maintenance Staff, Security Staff, Facilities for Disabled, Other Facilities",,,
https://www.zameen.com/Property/islamabad_e-11_e11_two_bedroom_luxury_furnished_apartment_available_for_sale-53208317-329-1.html,Flat,PKR1.7 Crore,2,5.6 Marla,For Sale,2,4 weeks ago,"E-11, Islamabad, Islamabad Capital",E11 Two Bedroom Luxury Furnished Apartment available for sale in the heart of Islamabad That Include Two Bedroom Attach Bathroom TV Lounge Italian style open kitchen and Hudge balcony Best for Family Double basement car parking Elevator Available Pure Family building Best for investment and rental Income,"Built in year: 4, Parking Spaces: 1, Lobby in Building, Central Air Conditioning, Flooring, Electricity Backup, Floor: 1, Floors in Building: 9, Elevators: 2, Furnished","Bedrooms: 2, Bathrooms: 2, Drawing Room, Dining Room, Kitchens: 1, Lounge or Sitting Room",,"Kids Play Area, Mosque",,"Nearby Schools, Nearby Hospitals, Nearby Shopping Malls, Nearby Restaurants, Distance From Airport (kms), Nearby Public Transport Service, Other Nearby Places","Maintenance Staff, Security Staff",,,
https://www.zameen.com/Property/f_6_f-6_1_prime_location_demolishable_house_for_sale_in_f-6_1_islamabad_533_sq_yards-53356336-3299-1.html,House,PKR27 Crore,-,1.1 Kanal,For Sale,-,1 week ago,"F-6, Islamabad, Islamabad Capital","Discover a rare opportunity to own a 533 square yards demolishable house located in the highly sought-after sector F-6/1, Islamabad. Perfect for builders, investors, or families looking to construct a custom-designed residence in one of Islamabads most prestigious neighborhoods. Key Features: Prime location in F-6/1 Plot Size: 533 square yards Demolishable structure ideal for redevelopment Demand: 27 Crore PKR Wide street with easy access Peaceful and secure environment Investment Highlights: This property offers exceptional long-term value with strong appreciation potential in the heart of Islamabad. Build your dream home or a modern luxury residence in one of the citys most elite areas.",,"Bedrooms: 6, Bathrooms: 8, Servant Quarters: 1, Drawing Room, Dining Room, Kitchens: 2","Broadband Internet Access, Satellite or Cable TV Ready, Intercom, Other Business and Communication Facilities","Community Lawn or Garden, Community Swimming Pool, Community Gym, First Aid or Medical Centre, Day Care Centre, Kids Play Area, Barbeque Area, Mosque, Community Centre, Other Community Facilities",Other Healthcare and Recreation Facilities,"Nearby Schools, Nearby Hospitals, Nearby Shopping Malls, Nearby Restaurants, Distance From Airport (kms), Nearby Public Transport Service, Other Nearby Places",,,,
https://www.zameen.com/Property/islamabad_bani_gala_4_bed_single_storey_corner_house_30_marla_for_sale-52124167-340-1.html,House,PKR6.4 Crore,5,1.5 Kanal,For Sale,4,1 week ago,"Bani Gala, Islamabad, Islamabad Capital","4 Beds with attach bath, Drawing, Dining, powder room, Kitchen, Store, 2 Servant rooms, Car Porch with 4-5 cars parking, Lawn Tiles Flooring Solid Structure Made on beam & columns Near To Main Road","Built in year: 2023, Parking Spaces: 5, Double Glazed Windows, Central Air Conditioning, Central Heating, Flooring, Electricity Backup, Waste Disposal, Floors: 2, Other Main Features, Furnished","Bedrooms: 4, Bathrooms: 5, Drawing Room, Dining Room, Kitchens: 1, Study Room, Prayer Room, Powder Room, Gym, Store Rooms: 1, Lounge or Sitting Room, Laundry Room","Broadband Internet Access, Satellite or Cable TV Ready, Intercom","Community Lawn or Garden, Community Swimming Pool, Community Gym, First Aid or Medical Centre, Day Care Centre, Kids Play Area, Barbeque Area, Mosque, Community Centre","Lawn or Garden, Swimming Pool, Sauna, Jacuzzi","Nearby Schools, Nearby Hospitals, Nearby Shopping Malls, Nearby Restaurants, Distance From Airport (kms), Nearby Public Transport Service, Other Nearby Places","Security Staff, Other Facilities",,,
https://www.zameen.com/Property/dha_defence_dha_defence_phase_2_luxury_one_kanal_house_for_sale_in_dha_phase_2_islamabad-53236681-339-1.html,House,PKR13.5 Crore,5,1 Kanal,For Sale,6,7 hours ago,"DHA Defence, Islamabad, Islamabad Capital","1 Kanal House for Sale,DHA Phase 2, Islamabad Prime Location Easy access to main boulevard & commercial hub 5 Spacious Bedrooms with attached modern bathrooms Elegant Drawing & Dining Rooms Modern Kitchen with quality fittings + dirty kitchen Spacious TV Lounges on both floors Beautiful Lawn & Terrace for gatherings Solid Construction with Stylish Finishes Servant Quarter, Store Room & Laundry Area Parking Space for 2 3 Cars 24/7 Secure & Gated Community","Built in year: 2025, Double Glazed Windows, Central Air Conditioning, Central Heating, Flooring, Electricity Backup, Waste Disposal, Furnished","Bedrooms: 6, Bathrooms: 5, Servant Quarters: 2, Drawing Room, Dining Room, Kitchens: 2, Study Room, Prayer Room, Powder Room, Gym, Store Rooms: 2, Steam Room, Lounge or Sitting Room, Laundry Room, Other Rooms","Broadband Internet Access, Satellite or Cable TV Ready, Intercom","Community Lawn or Garden, Community Swimming Pool, Community Gym, First Aid or Medical Centre, Day Care Centre, Kids Play Area, Barbeque Area, Mosque, Community Centre","Lawn or Garden, Swimming Pool, Sauna, Jacuzzi","Nearby Schools, Nearby Hospitals, Nearby Shopping Malls, Nearby Restaurants, Distance From Airport (kms), Nearby Public Transport Service, Other Nearby Places","Maintenance Staff, Security Staff, Facilities for Disabled",,,
https://www.zameen.com/Property/dha_defence_dha_defence_phase_2_ultra_modern_a_kanal_mansion_with_maze-9_theme_lounge_and_aesthetic_designs_and_imported_appliances-53228424-339-1.html,House,PKR12.49 Crore,6,1 Kanal,For Sale,5,1 hour ago,"DHA Defence, Islamabad, Islamabad Capital","Brand new ultra modern designer kanal mansion with 5 specious beds and maze-9 theme living room and bridge connection master bedroom all imported appliances with A++ quantity construction in very reasonable budget contact only serious buyers, thanks!","Built in year: 2026, Parking Spaces: 3, Double Glazed Windows, Flooring, Electricity Backup, Waste Disposal, Floors: 2, Other Main Features","Bedrooms: 5, Bathrooms: 6, Servant Quarters: 1, Drawing Room, Dining Room, Kitchens: 2, Study Room, Prayer Room, Powder Room, Gym, Store Rooms: 2, Steam Room, Lounge or Sitting Room, Laundry Room, Other Rooms","Broadband Internet Access, Satellite or Cable TV Ready, Intercom, Other Business and Communication Facilities","Community Lawn or Garden, Community Swimming Pool, Community Gym, First Aid or Medical Centre, Day Care Centre, Kids Play Area, Barbeque Area, Mosque, Community Centre, Other Community Facilities","Lawn or Garden, Other Healthcare and Recreation Facilities","Nearby Schools, Nearby Hospitals, Nearby Shopping Malls, Nearby Restaurants, Distance From Airport (kms), Nearby Public Transport Service, Other Nearby Places","Maintenance Staff, Security Staff, Facilities for Disabled, Other Facilities",,,
https://www.zameen.com/Property/mumtaz_city_mumtaz_city_-_chanab_block_30_60_house_for_sale_in_mumtaz_city-53105920-14993-1.html,House,PKR3.3 Crore,6,8 Marla,For Sale,5,1 month ago,"Mumtaz City, Islamabad, Islamabad Capital",30/60 House For Sale In Mumtaz City Chenab Block 5 Bedroom 6 Bath 2 Open Kitchens 2 Tv Lounge Separate Drawing Dining 2 Car Parking Demand 3crore 30 Lak,"Built in year: 2024, Parking Spaces, Central Air Conditioning, Central Heating, Flooring, Electricity Backup, Waste Disposal, Floors: 2, Other Main Features",Other Rooms,"Broadband Internet Access, Satellite or Cable TV Ready, Other Business and Communication Facilities",,,"Nearby Schools, Nearby Hospitals, Nearby Shopping Malls, Nearby Restaurants, Distance From Airport (kms), Nearby Public Transport Service, Other Nearby Places","Maintenance Staff, Security Staff, Other Facilities",,,
https://www.zameen.com/Property/islamabad_top_city_1_10_marla_brand_new_house_for_sale_in_top_city-53153170-1383-1.html,House,PKR4.6 Crore,6,10 Marla,For Sale,5,1 month ago,"Top City 1, Islamabad, Islamabad Capital",4 proper bedroom attached bath 1 servant quarter with bath 2 separate kitchens 2 tv lounge Drawing dining 2 car parking Demand 5crore 50 lac,"Built in year: 2023, Double Glazed Windows, Central Air Conditioning, Central Heating, Flooring, Electricity Backup, Other Main Features, Furnished","Bedrooms: 4, Bathrooms: 4, Drawing Room, Dining Room, Kitchens: 1","Broadband Internet Access, Satellite or Cable TV Ready, Intercom, Other Business and Communication Facilities","Community Lawn or Garden, Community Swimming Pool, Community Gym, First Aid or Medical Centre, Day Care Centre, Kids Play Area, Barbeque Area, Mosque, Community Centre, Other Community Facilities","Sauna, Other Healthcare and Recreation Facilities","Nearby Schools, Nearby Hospitals, Nearby Shopping Malls, Nearby Restaurants, Distance From Airport (kms), Nearby Public Transport Service, Other Nearby Places","Maintenance Staff, Security Staff, Facilities for Disabled, Other Facilities",,,
https://www.zameen.com/Property/fechs_jinnah_gardens_5_marla_house_for_sale_in_jinnah_garden_islamabad_prime_location-53157226-1420-1.html,House,PKR2.5 Crore,5,5 Marla,For Sale,4,1 day ago,"FECHS, Islamabad, Islamabad Capital",A well-constructed 5 Marla house is available for sale in Jinnah Garden Islamabad. This house offers modern living with top-class facilities and a peaceful environment. 4 Spacious Bedrooms 5 Attached Washrooms 2 TV Lounges & 2 Drawing Rooms 2 Modern Kitchens 1 Car Parking Space Water Bore & Meter Installed Located on Carpeted Road Walking Distance to Market Direct Deal with Owner No Broker Involved Prime Location Ideal for Residence & Investment,"Built in year: 2025, Parking Spaces, Double Glazed Windows, Central Air Conditioning, Central Heating, Flooring, Electricity Backup, Waste Disposal, Floors: 2, Other Main Features, Furnished","Bedrooms: 4, Bathrooms: 5, Servant Quarters: 1, Drawing Room, Dining Room, Kitchens: 2, Study Room, Prayer Room, Powder Room, Gym, Store Rooms: 2, Steam Room, Lounge or Sitting Room, Laundry Room","Broadband Internet Access, Satellite or Cable TV Ready, Intercom, Other Business and Communication Facilities","Community Lawn or Garden, Community Swimming Pool, Community Gym, First Aid or Medical Centre, Day Care Centre, Kids Play Area, Barbeque Area, Mosque, Community Centre, Other Community Facilities","Lawn or Garden, Swimming Pool, Sauna, Jacuzzi, Other Healthcare and Recreation Facilities","Nearby Schools, Nearby Hospitals, Nearby Shopping Malls, Nearby Restaurants, Distance From Airport (kms), Nearby Public Transport Service, Other Nearby Places","Maintenance Staff, Security Staff, Facilities for Disabled, Other Facilities",,,
https://www.zameen.com/Property/d_12_d-12_markaz_flat_for_sale_in_d_12_markaz-53245836-3158-1.html,Flat,PKR1.4 Crore,2,4.2 Marla,For Sale,2,3 weeks ago,"D-12, Islamabad, Islamabad Capital","Corner flat for sale D12 markaz Swiss Center 2 bedrooms with attached bathrooms, specious tv lounge and kitchen, terrace with lush green margla view, side view open to park, proper corner flat view, 3rd floor, covered area 950 sqft Demand 1 crore 40 lacs 40 to 45 thousand rental value CDATransfer.","Built in year: 2017, Parking Spaces: 1, Lobby in Building, Double Glazed Windows, Flooring, Waste Disposal, Floor: 3, Elevators: 1, Service Elevators in Building, Other Main Features","Bedrooms: 2, Bathrooms: 2, Drawing Room, Dining Room, Kitchens: 1","Broadband Internet Access, Satellite or Cable TV Ready, ATM Machines",,,"Nearby Schools, Nearby Hospitals, Nearby Shopping Malls, Nearby Restaurants, Distance From Airport (kms), Nearby Public Transport Service","Maintenance Staff, Security Staff",,,
https://www.zameen.com/Property/g_13_g-13_1_g13_1_old_house_for_sale_size_4_marla_2_car_parking_70_feet_road_near_main_double_road-53169464-3337-1.html,House,PKR3.55 Crore,3,4 Marla,For Sale,4,3 weeks ago,"G-13, Islamabad, Islamabad Capital","A well-maintained 4 Marla house located in the prime sector of G-13/1 is available for sale. Built on a solid structure, this house offers: 2 Bedrooms with attached bathrooms Spacious TV lounge & dining area Modern kitchen Car parking space Gas, electricity, and water supply available Peaceful and secure neighborhood The house is ideally situated close to the main road, market, masjid, schools, and Kashmir Highway, ensuring convenience and easy accessibility. Ideal option for small families or investment purposes.","Built in year: 2015, Parking Spaces: 2, Double Glazed Windows, Central Air Conditioning, Central Heating, Flooring, Electricity Backup, Waste Disposal, Floors: 2","Bedrooms: 4, Bathrooms: 3, Servant Quarters: 1, Drawing Room, Dining Room, Kitchens: 2, Study Room, Prayer Room, Powder Room, Gym, Store Rooms: 1, Steam Room, Lounge or Sitting Room, Laundry Room","Broadband Internet Access, Satellite or Cable TV Ready, Intercom","Community Lawn or Garden, Community Swimming Pool, Community Gym, First Aid or Medical Centre, Day Care Centre, Kids Play Area, Barbeque Area, Mosque, Community Centre","Lawn or Garden, Swimming Pool, Sauna, Jacuzzi","Nearby Schools, Nearby Hospitals, Nearby Shopping Malls, Nearby Restaurants, Distance From Airport (kms), Nearby Public Transport Service, Other Nearby Places","Maintenance Staff, Security Staff, Facilities for Disabled",,,
https://www.zameen.com/Property/f_6_f-6_3_f6_3_margalla_road_house_for_sale-47784388-3301-1.html,House,PKR2 Arab,6,4 Kanal,For Sale,6,9 hours ago,"F-6, Islamabad, Islamabad Capital",f6-3 Most Desirable Location with swimming pool 2000 sqyard House Aprox 9 bedroom Accomodation movie theater Most Prime Location CDA Transfer Available For Sale Dem 2 billion,"Built in year: 2023, Parking Spaces, Double Glazed Windows, Central Air Conditioning, Central Heating, Flooring, Electricity Backup, Waste Disposal, Floors: 2, Other Main Features, Furnished","Bedrooms: 2, Bathrooms: 6, Servant Quarters: 2, Drawing Room, Dining Room, Kitchens: 1, Study Room, Prayer Room, Powder Room, Gym, Store Rooms: 1, Steam Room, Lounge or Sitting Room, Laundry Room, Other Rooms","Broadband Internet Access, Satellite or Cable TV Ready, Intercom, Other Business and Communication Facilities","Community Lawn or Garden, Community Swimming Pool, Community Gym, First Aid or Medical Centre, Day Care Centre, Kids Play Area, Barbeque Area, Mosque, Community Centre, Other Community Facilities","Lawn or Garden, Swimming Pool, Sauna, Jacuzzi, Other Healthcare and Recreation Facilities","Nearby Schools, Nearby Hospitals, Nearby Shopping Malls, Nearby Restaurants, Distance From Airport (kms), Nearby Public Transport Service, Other Nearby Places","Security Staff, Other Facilities",,,
https://www.zameen.com/Property/g_15_zarkon_heights_1233_square_feet_flat_in_zarkon_heights_is_available-53179350-10169-1.html,Flat,PKR1.75 Crore,2,5.5 Marla,For Sale,2,6 days ago,"G-15, Islamabad, Islamabad Capital","2 Bed Luxury Apartment Available. For Sale in Zarkon Heights G-15 Islamabad. Flat Size 1233 Sq Ft. 2 Bedroom. 2 Bath. TV Lounge. Kitchen. Lift Available. Cargo Lift. Car Parking Space. 24 Hours Security. Neat and Clean. Electricity , Water and Gas Available. All facilities Available. Furnished and Non-Furnished Both Available. 1 Bed Sale: Rs 1 Crore 2 Bed Sale: Rs 1 Crore 65 Lacs 3 Bed Sale: Rs 2 Crore 45 Lacs Interested People can Contact Easily.","Built in year: 2025, Parking Spaces: 1, Lobby in Building, Double Glazed Windows, Central Air Conditioning, Central Heating, Flooring, Electricity Backup, Waste Disposal, Floor: 4, Floors in Building: 8, Elevators: 4, Service Elevators in Building, Furnished","Bedrooms: 2, Bathrooms: 2, Drawing Room, Dining Room, Kitchens: 1, Study Room, Prayer Room, Powder Room, Gym, Store Rooms: 1, Steam Room, Lounge or Sitting Room, Laundry Room","Broadband Internet Access, Satellite or Cable TV Ready, Intercom","Community Lawn or Garden, Community Swimming Pool, Community Gym, First Aid or Medical Centre, Day Care Centre, Kids Play Area, Barbeque Area, Mosque, Community Centre","Sauna, Jacuzzi","Nearby Schools, Nearby Hospitals, Nearby Shopping Malls, Nearby Restaurants, Distance From Airport (kms), Nearby Public Transport Service, Other Nearby Places","Maintenance Staff, Security Staff, Facilities for Disabled, Other Facilities",,,
https://www.zameen.com/Property/g_16_g-16_3_12_marla_house-52765291-9850-1.html,House,PKR6.3 Crore,7,12 Marla,For Sale,7,1 week ago,"G-16, Islamabad, Islamabad Capital","BEAUTIFUL HOUSE, NEWLY CONSTRUCTED, A+ MATERIAL USED GOOD WOOD WORKS, 6 BED ROOMS , 3 KITCHENS, WITH BASEMENT HOUSE, NEAR TO COMMERCIAL, ADJUSTMENT POSSIBLE WITH B-17 PLOTS OR CARS,","Built in year: 2025, Parking Spaces, Double Glazed Windows, Central Air Conditioning, Central Heating, Flooring, Electricity Backup, Waste Disposal, Floors: 4, Other Main Features, Furnished","Bedrooms: 7, Bathrooms: 7, Servant Quarters: 1, Drawing Room, Dining Room, Kitchens: 3, Study Room, Prayer Room, Powder Room, Gym, Store Rooms: 2, Steam Room, Lounge or Sitting Room, Laundry Room, Other Rooms","Broadband Internet Access, Satellite or Cable TV Ready, Intercom, Other Business and Communication Facilities","Community Lawn or Garden, Community Swimming Pool, Community Gym, First Aid or Medical Centre, Day Care Centre, Kids Play Area, Barbeque Area, Mosque, Community Centre, Other Community Facilities","Lawn or Garden, Swimming Pool, Sauna, Jacuzzi, Other Healthcare and Recreation Facilities","Nearby Schools, Nearby Hospitals, Nearby Shopping Malls, Nearby Restaurants, Distance From Airport (kms), Nearby Public Transport Service, Other Nearby Places","Maintenance Staff, Security Staff, Facilities for Disabled, Other Facilities",,,
https://www.zameen.com/Property/islamabad_faisal_hills_1_bed_apartment_in_faisal_hills-53111359-10859-1.html,Flat,PKR60 Lakh,1,2.7 Marla,For Sale,1,1 week ago,"Faisal Hills, Islamabad, Islamabad Capital","AFFORDABLE LUXURY, BUILDING IN FINISHING STAGE. WITH SERENIC VIEWS OF MARGALLA HILLS, LIFT AVAILIABLE, BEST FOR INVESTMENT","Built in year: 2025, Parking Spaces, Lobby in Building, Double Glazed Windows, Flooring, Electricity Backup, Waste Disposal, Floor: 4, Floors in Building: 7, Elevators, Other Main Features","Bedrooms: 1, Bathrooms: 1, Kitchens: 1, Lounge or Sitting Room, Laundry Room, Other Rooms","Satellite or Cable TV Ready, Other Business and Communication Facilities","Community Lawn or Garden, Community Swimming Pool, Community Gym, First Aid or Medical Centre, Day Care Centre, Kids Play Area, Barbeque Area, Mosque, Community Centre, Other Community Facilities",Other Healthcare and Recreation Facilities,"Nearby Schools, Nearby Hospitals, Nearby Shopping Malls, Nearby Restaurants, Distance From Airport (kms), Nearby Public Transport Service, Other Nearby Places",,,,
https://www.zameen.com/Property/islamabad_faisal_town_-_f-18_2_bed_luxury_apartment_for_sale-53032422-8260-1.html,Flat,PKR85 Lakh,2,4.7 Marla,For Sale,2,1 week ago,"Faisal Town - F-18, Islamabad, Islamabad Capital","2 BED APARTMENT FOR SALE, LOCATED IN FAISAL TOWN, A-BLOCK MARKAZ NEAR TO MOSQUE, &PARK, 4YH FLOOR, OPPORTUNITY FOR INVESTORS","Built in year: 2024, Parking Spaces, Lobby in Building, Double Glazed Windows, Flooring, Electricity Backup, Waste Disposal, Floor: 4, Floors in Building: 6, Elevators, Other Main Features","Bedrooms: 2, Bathrooms: 2, Drawing Room, Dining Room, Kitchens: 1, Lounge or Sitting Room, Laundry Room, Other Rooms","Broadband Internet Access, Satellite or Cable TV Ready, ATM Machines, Other Business and Communication Facilities","Community Lawn or Garden, Community Swimming Pool, Community Gym, First Aid or Medical Centre, Day Care Centre, Kids Play Area, Barbeque Area, Mosque, Community Centre, Other Community Facilities",Other Healthcare and Recreation Facilities,"Nearby Schools, Nearby Hospitals, Nearby Shopping Malls, Nearby Restaurants, Distance From Airport (kms), Nearby Public Transport Service, Other Nearby Places","Security Staff, Other Facilities",,,
https://www.zameen.com/Property/islamabad_b-17_5_marla_house_for_sale_in_b-17-53147051-616-1.html,House,PKR2.2 Crore,6,5 Marla,For Sale,4,4 weeks ago,"B-17, Islamabad, Islamabad Capital",Mpchs multi garden B-17 Islamabad 5 Marla ultra modern black double unit house available for sale 4 bed room's 6 wash room's 2 tv lunch's 2 drowning rooms sarqat room car parking 3 kitchen's laundry area sitting area solid wood work A+++ construction front open main 60Ft road 24/7 boring water electric meter available near Market masjid school Park everything available on walking distance very reasonable price more details,"Built in year: 2027, Parking Spaces: 1, Double Glazed Windows, Central Air Conditioning, Central Heating, Flooring, Electricity Backup, Waste Disposal, Floors: 2, Other Main Features, Furnished","Bedrooms: 4, Bathrooms: 6, Servant Quarters: 1, Drawing Room, Dining Room, Kitchens: 2, Study Room, Prayer Room, Powder Room, Gym, Store Rooms: 1, Steam Room, Lounge or Sitting Room, Laundry Room, Other Rooms","Broadband Internet Access, Satellite or Cable TV Ready, Intercom, Other Business and Communication Facilities","Community Lawn or Garden, Community Swimming Pool, Community Gym, First Aid or Medical Centre, Day Care Centre, Kids Play Area, Barbeque Area, Mosque, Community Centre, Other Community Facilities","Lawn or Garden, Swimming Pool, Sauna, Jacuzzi, Other Healthcare and Recreation Facilities","Nearby Schools, Nearby Hospitals, Nearby Shopping Malls, Nearby Restaurants, Distance From Airport (kms), Nearby Public Transport Service, Other Nearby Places","Maintenance Staff, Security Staff, Facilities for Disabled, Other Facilities",,,
https://www.zameen.com/Property/islamabad_g-14_35_70_10_marla_brandnew_house_for_sale_in_g-14-53336725-454-1.html,House,PKR7.85 Crore,6,10 Marla,For Sale,6,5 days ago,"G-14, Islamabad, Islamabad Capital",Best location brandnew house Huge extra land at the back ( 5 marla) Best quality work done Modern architecture Concealed fittings in bathrooms 6 bedrooms with attach 6 baths 2 Drawing rooms 2 Tv launch 2 kitchen Big room on mummty 3 cars parking Meeting with owner For more details contact View Contact Detail,"Built in year: 2025, Flooring",,"Broadband Internet Access, Satellite or Cable TV Ready, Intercom","Community Gym, First Aid or Medical Centre, Mosque",,,,,,
https://www.zameen.com/Property/i_11_i-11_2_brand_new_house-53299848-9879-1.html,House,PKR6.3 Crore,7,8 Marla,For Sale,7,1 month ago,"I-11, Islamabad, Islamabad Capital",Top location Brand new house High quality construction,,,,,,"Nearby Schools, Nearby Hospitals, Nearby Shopping Malls, Nearby Restaurants, Distance From Airport (kms), Nearby Public Transport Service, Other Nearby Places","Security Staff, Other Facilities",,,
