Scraped_URL,Type,Price,Bath(s),Area,Purpose,Bedroom(s),Added,Location,Description,Amenities: Main Features,Amenities: Business and Communication,Amenities: Community Features,Amenities: Nearby Locations and Other Facilities,Amenities: Other Facilities,Amenities: Rooms,Amenities: Healthcare Recreational,Initial Amount,Monthly Installment,Remaining Installments
https://www.zameen.com/Property/islamabad_d-12_5_marla_brand_new_house_for_sale-53075786-160-1.html,House,PKR5.65 Crore,4,5 Marla,For Sale,3,1 week ago,"D-12, Islamabad, Islamabad Capital",Size 25*50 Single unit house 3 beds with attach bath 1 drawing 2 lounge 1 kitchen 1 servant quarter 2 car parking 50 feet road Margalla facing Direct deal to allotted,"Built in year: 2025, Parking Spaces: 1, Flooring, Electricity Backup, Waste Disposal, Other Main Features","Broadband Internet Access, Satellite or Cable TV Ready","Community Lawn or Garden, Community Swimming Pool, Community Gym, First Aid or Medical Centre, Day Care Centre, Kids Play Area, Barbeque Area, Mosque, Community Centre","Nearby Schools, Nearby Hospitals, Nearby Shopping Malls, Nearby Restaurants, Distance From Airport (kms), Nearby Public Transport Service, Other Nearby Places","Maintenance Staff, Security Staff",,,,,
https://www.zameen.com/Property/islamabad_diplomatic_enclave_here_s_a_description_diplomatic_enclave_luxurious_2-bedroom_semi-furnished_apartment_for_sale_in_diplomatic_enclave_islamabad-52691339-429-1.html,Flat,PKR7.2 Crore,2,6.5 Marla,For Sale,2,2 weeks ago,"Diplomatic Enclave, Islamabad, Islamabad Capital","Luxurious 2-Bedroom Semi-Furnished Apartment for Sale in Diplomatic Enclave, Islamabad ## Location Diplomatic Enclave, Islamabad (prestigious and secure neighborhood) Details - 2 spacious bedrooms - Semi-furnished with modern fixtures and amenities - Newly renovated with high-quality finishes - Secure building with 24/7 security Features - Prime location with easy access to key areas - Modern amenities and facilities - Peaceful and serene environment - Excellent investment opportunity Ideal for Those seeking a luxurious and secure lifestyle in a prime location. Contact us for more information or to schedule a viewing. Own a piece of luxury in Islamabad's most sought-after neighborhood!","Parking Spaces: 1, Lobby in Building, Double Glazed Windows, Central Air Conditioning, Central Heating, Flooring, Electricity Backup, Furnished","Broadband Internet Access, Satellite or Cable TV Ready","Community Lawn or Garden, Community Gym, First Aid or Medical Centre, Kids Play Area, Community Centre","Nearby Schools, Nearby Hospitals, Nearby Shopping Malls, Nearby Restaurants, Distance From Airport (kms)","Maintenance Staff, Security Staff","Bedrooms: 2, Bathrooms: 2, Drawing Room, Dining Room, Kitchens: 1, Gym, Lounge or Sitting Room, Laundry Room",,,,
https://www.zameen.com/Property/islamabad_karakoram_diplomatic_enclave_diplomatic_enclaves_luxurious_3-bedroom_fully_furnished_corner_apartment_for_sale_in_karakoram_diplomatic_enclave-52691381-9063-1.html,Flat,PKR13.25 Crore,4,11.8 Marla,For Sale,3,2 weeks ago,"Karakoram Diplomatic Enclave, Islamabad, Islamabad Capital","Luxurious 3-Bedroom Fully Furnished Corner Apartment for Sale in Karakoram Diplomatic Enclave Location Karakoram Diplomatic Enclave (prestigious and secure neighborhood) Details - 3 spacious bedrooms - 2660 sqft living area - Two-side corner apartment with stunning hill views - Fully furnished with modern fixtures and amenities Features - Secure and serene environment - Prime location with scenic views - Luxurious living experience with high-end finishes - Ideal for diplomats, expats, or high-end residents Rental Value 2500-3000 USD Contact us for more information or to schedule a viewing. Own a luxurious, fully furnished corner apartment with breathtaking views!","Lobby in Building, Central Air Conditioning, Central Heating, Waste Disposal, Service Elevators in Building","Broadband Internet Access, Satellite or Cable TV Ready, Business Center or Media Room in Building, Conference Room in Building, Intercom, ATM Machines","Community Lawn or Garden, Community Swimming Pool, Community Gym, First Aid or Medical Centre, Day Care Centre, Kids Play Area, Barbeque Area, Mosque, Community Centre","Nearby Schools, Nearby Hospitals, Nearby Shopping Malls, Nearby Restaurants, Distance From Airport (kms), Nearby Public Transport Service, Other Nearby Places","Maintenance Staff, Security Staff, Laundry or Dry Cleaning Facility, Facilities for Disabled, Other Facilities",,,,,
https://www.zameen.com/Property/faisal_town_phase_1_faisal_town_phase_1_-_block_c_5_marla_furnished_house_in_block_c_faisal_town_f-18_islamabad-53313191-16418-1.html,House,PKR2.7 Crore,4,5 Marla,For Sale,4,1 month ago,"Faisal Town - F-18, Islamabad, Islamabad Capital","5 Marla FURNISHED HOUSE. Brand New House Available For Sale. In Faisal Town F-18 Block C Islamabad. House Dimension: 25*50. 4 Bedrooms. 4 Baths. 2 Drawing Dining. 2 TV Lounge. 2 Kitchen. 1 Car Parking Space. Near to Markaz. Near to Park. Near to Masjid. Electricity , Water and Available. Interested People Can Contact Easily. Faisal Town is a Good Society for Residence and Investment. Because Developed and Constructed Society. Masjid , Markaz , Bank , Schools , Hospital Available. Transparent Dealing. MBM Real Estate & Builders Interested People Can Contact Easily.","Parking Spaces: 1, Flooring, Floors: 2","Broadband Internet Access, Satellite or Cable TV Ready, Intercom, Other Business and Communication Facilities","Community Lawn or Garden, Community Swimming Pool, Community Gym, First Aid or Medical Centre, Day Care Centre, Kids Play Area, Barbeque Area, Mosque, Community Centre, Other Community Facilities","Nearby Schools, Nearby Hospitals, Nearby Shopping Malls, Nearby Restaurants, Distance From Airport (kms), Nearby Public Transport Service, Other Nearby Places","Maintenance Staff, Security Staff, Facilities for Disabled","Bedrooms: 4, Bathrooms: 4, Drawing Room, Dining Room, Kitchens: 2, Lounge or Sitting Room, Laundry Room","Lawn or Garden, Swimming Pool, Sauna, Jacuzzi, Other Healthcare and Recreation Facilities",,,
https://www.zameen.com/Property/islamabad_g-13_g13_islamabad_25_40_brand_new_house_for_sale-53294989-330-1.html,House,PKR3.65 Crore,4,4 Marla,For Sale,4,3 weeks ago,"G-13, Islamabad, Islamabad Capital",*G-13* Islamabad G-13 Islamabad 25*40 Brand New House available for sale Tiles flooring Heighted location Beautiful constructed house Double Story House 4 Beds attached bath 2 Tv laundge Top flour servant room with attached bath 2 kitchen separate 1 Car parking space Bore available Demand 4.15 For more details,"Built in year: 2025, Parking Spaces: 1, Double Glazed Windows, Central Air Conditioning, Central Heating, Flooring, Electricity Backup, Waste Disposal, Floors: 2, Other Main Features, Furnished","Broadband Internet Access, Satellite or Cable TV Ready, Intercom, Other Business and Communication Facilities","Community Lawn or Garden, Community Swimming Pool, Community Gym, First Aid or Medical Centre, Day Care Centre, Kids Play Area, Barbeque Area, Mosque, Community Centre, Other Community Facilities","Nearby Schools, Nearby Hospitals, Nearby Shopping Malls, Nearby Restaurants, Distance From Airport (kms), Nearby Public Transport Service, Other Nearby Places","Security Staff, Other Facilities","Bedrooms: 4, Bathrooms: 4, Servant Quarters: 1, Drawing Room, Dining Room, Kitchens: 2, Study Room, Prayer Room, Powder Room, Gym, Store Rooms: 1, Steam Room, Lounge or Sitting Room, Laundry Room, Other Rooms","Lawn or Garden, Swimming Pool, Sauna, Jacuzzi, Other Healthcare and Recreation Facilities",,,
https://www.zameen.com/Property/mpchs_multi_gardens_mpchs_-_block_f_5_marla_brand_new_double_storey_full_house_available_for_sale_proper_corner_b-17_islamabd-53314731-8527-1.html,House,PKR2.45 Crore,5,5 Marla,For Sale,4,1 week ago,"B-17, Islamabad, Islamabad Capital","5 Marla Double Unit House Available. For sale House b-17 Islamabd. House Size 30*60. Luxury house A+ construction Double Story. Double Unit. Near to masque 4 Bedrooms. 6 Baths. 2 Drawing Dining. 2 Kitchen. 2 Study Rooms. Mumty + Washroom. Car Parking Space. Gas, Water Available Water Bore. Double Unit Investor Rate Ideal Location. Reasonable Price. proper corner House B-17 is a Good Society for Residence. Because Neat and Clean. 24 Hours Security. All Basic and Necessary Facilities Available. Interested People Can Contact Easily.","Built in year: 2005, Parking Spaces: 2, Central Air Conditioning, Central Heating, Flooring, Electricity Backup, Waste Disposal","Broadband Internet Access, Satellite or Cable TV Ready","Community Lawn or Garden, Community Swimming Pool, Community Gym, First Aid or Medical Centre, Day Care Centre, Kids Play Area, Barbeque Area, Mosque, Community Centre","Nearby Schools, Nearby Hospitals, Nearby Shopping Malls, Nearby Restaurants, Distance From Airport (kms), Nearby Public Transport Service, Other Nearby Places",,,,,,
https://www.zameen.com/Property/b_17_mpchs_-_multi_gardens_5_marla_brend_new_double_store_full_house_available_for_sale_b-17_islamabd-53307610-3115-1.html,House,PKR2.3 Crore,-,5 Marla,For Sale,-,5 days ago,"B-17, Islamabad, Islamabad Capital","5 Marla Double Unit House Available. For Rent in B-17 Islamabd. House Size 26*50 Luxury house A+ construction Double Story. Double Unit. Near to masque 4 Bedrooms. 6 Baths. 2 Drawing Dining. 2 Kitchen. 2 Study Rooms. Mumty + Washroom. Car Parking Space. Gas, Water Available Water Bore. Double Unit Investor Rate Ideal Location. Reasonable Price. 23000000 proper corner B-17 is a Good Society for Residence. Because Neat and Clean. 24 Hours Security. All Basic and Necessary Facilities Available. Interested People Can Contact Easily.","Built in year: 2025, Parking Spaces: 1, Double Glazed Windows, Central Air Conditioning, Central Heating, Flooring, Electricity Backup, Waste Disposal, Floors: 2, Other Main Features","Broadband Internet Access, Satellite or Cable TV Ready, Intercom, Other Business and Communication Facilities","Community Lawn or Garden, Community Swimming Pool, Community Gym, First Aid or Medical Centre, Day Care Centre, Kids Play Area, Barbeque Area, Mosque, Community Centre, Other Community Facilities","Nearby Schools, Nearby Hospitals, Nearby Shopping Malls, Nearby Restaurants, Distance From Airport (kms), Nearby Public Transport Service, Other Nearby Places","Maintenance Staff, Security Staff","Bedrooms: 4, Bathrooms: 5, Servant Quarters: 1, Drawing Room, Dining Room, Kitchens: 2, Study Room, Prayer Room, Powder Room, Store Rooms: 1, Steam Room, Lounge or Sitting Room, Laundry Room, Other Rooms","Lawn or Garden, Swimming Pool, Sauna, Jacuzzi, Other Healthcare and Recreation Facilities",,,
https://www.zameen.com/Property/fechs_jinnah_gardens_jinah_garden_7_marla_30x60_lop_clear_house_for_sale-53314749-1420-1.html,House,PKR3.1 Crore,7,7 Marla,For Sale,5,1 month ago,"FECHS, Islamabad, Islamabad Capital",Jinah Garden 7 Marla Lop Clear House For Sale Upper Portion Is Fully Furnished Soller Install Reasonable Price Ground Floor rent Out 50 K,"Built in year: 2018, Parking Spaces, Flooring, Floors, Furnished","Broadband Internet Access, Satellite or Cable TV Ready","Community Lawn or Garden, Community Swimming Pool, Community Gym, Mosque, Community Centre","Nearby Schools, Nearby Hospitals, Nearby Shopping Malls, Nearby Restaurants, Nearby Public Transport Service, Other Nearby Places",Security Staff,"Bedrooms: 5, Bathrooms: 7, Servant Quarters: 1, Drawing Room, Dining Room, Kitchens: 2, Store Rooms: 1, Other Rooms",,,,
https://www.zameen.com/Property/bahria_enclave_cube_apartments_cube_apartment_one_bedroom_available_for_sale-52774779-21520-1.html,Flat,PKR1.05 Crore,2,4.9 Marla,For Sale,1,1 week ago,"Bahria Town, Islamabad, Islamabad Capital",Cube Apartment One Bedroom Apartment Beautiful Terrace View Car Parking Peaceful Environment Attractive and Splendid Views All Living Facilities and Amenities are Available Secure Living Standards 24 7 Power Supply and Many More Come and avail this opportunity because all basic requirements are available at your door step Contact us for More Details,"Built in year: 2022, Parking Spaces: 1, Lobby in Building, Double Glazed Windows, Central Air Conditioning, Central Heating, Flooring, Electricity Backup, Waste Disposal, Floor: 2, Floors in Building: 10, Elevators: 4, Service Elevators in Building, Other Main Features, Furnished","Broadband Internet Access, Satellite or Cable TV Ready, Intercom, ATM Machines, Other Business and Communication Facilities","Community Lawn or Garden, Community Swimming Pool, Community Gym, First Aid or Medical Centre, Day Care Centre, Kids Play Area, Barbeque Area, Mosque, Community Centre, Other Community Facilities","Nearby Schools, Nearby Hospitals, Nearby Shopping Malls, Nearby Restaurants, Distance From Airport (kms), Nearby Public Transport Service, Other Nearby Places","Maintenance Staff, Security Staff, Laundry or Dry Cleaning Facility, Facilities for Disabled, Pets Allowed, Other Facilities","Bedrooms: 1, Bathrooms: 2, Servant Quarters: 1, Drawing Room, Dining Room, Kitchens: 1, Study Room, Prayer Room, Powder Room, Gym, Store Rooms: 1, Steam Room, Lounge or Sitting Room, Laundry Room, Other Rooms","Sauna, Jacuzzi, Other Healthcare and Recreation Facilities",,,
https://www.zameen.com/Property/islamabad_d-12_14_marlas_triple_story_corner_house_for_sale-52942630-160-1.html,House,PKR15.75 Crore,7,14.2 Marla,For Sale,10,2 weeks ago,"D-12, Islamabad, Islamabad Capital",A Triple story house corner for sale in D12/1 wthe 3 meters Gas 3 electric meters Near margla mountains All facilities availability,"Flooring, Electricity Backup",,,"Nearby Schools, Nearby Hospitals, Nearby Shopping Malls, Nearby Restaurants, Distance From Airport (kms), Nearby Public Transport Service, Other Nearby Places","Security Staff, Other Facilities",,,,,
https://www.zameen.com/Property/top_city_1_top_city_1_-_block_b_triple_storey_kanal_house_for_sale-52994784-9230-1.html,House,PKR8 Crore,7,1 Kanal,For Sale,11,2 weeks ago,"Top City 1, Islamabad, Islamabad Capital","500 Square Yards property is best for long term investment as well as living purposes. You can pay a fair price of PKR Rs View Contact Detail in instalments or as decided with the seller. If you are looking for a House in this area, you will find no other option that even compares with this one. You can find ample property options in Islamabad. It is a perfect bargain so buy this property today. The Top City 1 - Block B is a deal you must take a look at. Some of the salient features of this property are described here. You can work out at the gym within premises to make up for the physical activity lag created by the urban life. Your home can stay cooler in summers with double-glazed windows. A steam room in the House, which turns out to be great for you. A Jacuzzi session is a great way to quiet your mind and unwind. Your kids can play to their heart's content in the play area adjoining the property. The complex comes equipped with central air conditioning for ensuring a comfortable experience. You can pray comfortably in the prayer room that is part of the house and designed particularly for the purpose. For complete information about the property, contact us today and our representative will guide you.","Built in year: 2010, Parking Spaces: 7, Double Glazed Windows, Central Air Conditioning, Central Heating, Flooring, Electricity Backup, Waste Disposal, Floors: 3, Other Main Features, Furnished","Broadband Internet Access, Satellite or Cable TV Ready, Intercom, Other Business and Communication Facilities","Community Lawn or Garden, Community Swimming Pool, Community Gym, First Aid or Medical Centre, Day Care Centre, Kids Play Area, Barbeque Area, Mosque, Community Centre, Other Community Facilities","Nearby Schools, Nearby Hospitals, Nearby Shopping Malls, Nearby Restaurants, Distance From Airport (kms), Nearby Public Transport Service, Other Nearby Places","Maintenance Staff, Security Staff, Facilities for Disabled, Other Facilities","Bedrooms: 8, Bathrooms: 10, Servant Quarters: 22, Drawing Room, Dining Room, Kitchens: 2, Study Room, Prayer Room, Powder Room, Gym, Store Rooms: 2, Steam Room, Lounge or Sitting Room, Laundry Room, Other Rooms","Lawn or Garden, Swimming Pool, Sauna, Jacuzzi, Other Healthcare and Recreation Facilities",,,
https://www.zameen.com/Property/bahria_enclave_bahria_enclave_-_sector_n_designer_house_8m_avilable_for_sell-53352617-11975-1.html,House,PKR3.6 Crore,6,8 Marla,For Sale,5,4 weeks ago,"Bahria Town, Islamabad, Islamabad Capital",Aoa Ground floor 2 bed tv lounge dinig room and kitchen Firstfloor 3 bed attached bath kitchen tv loung Top floor Mumty with saprate washroom,"Built in year, Parking Spaces: 2, Double Glazed Windows, Central Air Conditioning, Central Heating, Flooring, Electricity Backup, Waste Disposal, Floors: 2, Other Main Features",,,"Nearby Schools, Nearby Hospitals, Nearby Shopping Malls, Nearby Restaurants, Distance From Airport (kms), Nearby Public Transport Service, Other Nearby Places","Security Staff, Other Facilities",,,,,
https://www.zameen.com/Property/bahria_enclave_bahria_enclave_-_sector_i_beautiful_studio_apartment_for_sale_investor_price-52923056-11982-1.html,Flat,PKR38 Lakh,1,1.5 Marla,For Sale,-,2 weeks ago,"Bahria Town, Islamabad, Islamabad Capital","Good News ! Experience the Refinement of Rahmat Enterprises' Second Project named Rahmat Heights 2: Your Studio apartment awaits in Bahria Enclave Islamabad. Some Key features & Details : Apartment Area : 330 sq. ft One Bed room with attached washroom TV Lounge Open Kitchen Adjacent to Bahria Enclave Head Office 24/7 Lift & Security Gated Community 24/7 Electricity Backup Located in Civic Zone Bahria Enclave American Lycetuff School & a Mosque within walk distance Possession will be given within 8 months 1 Year Installment Plan can also be availed for This Apartment This is a best opportunity for secure investment with a very reasonable price. Down Size your Space, Upsize your Life Your Smart Move in Bahria Enclave, Brought to you by Rahmat Enterprises For Further details & visit Kindly Contact","Built in year: 2025, Parking Spaces: 2, Lobby in Building, Double Glazed Windows, Central Air Conditioning, Central Heating, Flooring, Electricity Backup, Waste Disposal, Floor, Floors in Building: 5, Elevators: 1, Service Elevators in Building, Other Main Features, Furnished","Broadband Internet Access, Satellite or Cable TV Ready, Business Center or Media Room in Building, Conference Room in Building, Intercom, ATM Machines, Other Business and Communication Facilities","Community Lawn or Garden, Community Swimming Pool, Community Gym, First Aid or Medical Centre, Day Care Centre, Kids Play Area, Barbeque Area, Mosque, Community Centre, Other Community Facilities","Nearby Schools, Nearby Hospitals, Nearby Shopping Malls, Nearby Restaurants, Distance From Airport (kms), Nearby Public Transport Service, Other Nearby Places","Maintenance Staff, Security Staff, Laundry or Dry Cleaning Facility, Facilities for Disabled, Other Facilities","Bedrooms: 1, Bathrooms: 1, Drawing Room, Dining Room, Kitchens: 1, Prayer Room, Store Rooms: 1, Lounge or Sitting Room, Laundry Room, Other Rooms",Other Healthcare and Recreation Facilities,,,
https://www.zameen.com/Property/f_8_the_centaurus_investor_rate_fully_furnished_one_bedroom_apartment_available_for_sale_in_the_centaurus_islamabad-52585676-8349-1.html,Flat,PKR5.75 Crore,1,3.9 Marla,For Sale,1,4 weeks ago,"F-8, Islamabad, Islamabad Capital","Note: Dealers and intermediaries are requested not to contact. This property is available only for direct buyers or genuine end users. Only serious inquiries will be entertained. Demand Pkr. 57,500,000/- Area: 882 SQ. FT. Beautiful View of Islamabad Lush Greenery Fully Furnished Rental value: PKR. 280,000 to PKR 300,000 per Month Facilities Include. Swimming Pool Sauna Room Stream Room Jacuzzi Ladies And Gents Separate Gym Table Tennis Squash Court Snooker Socker Other Facilities; Shopping Mall Uninterrupted Electricity Supply Backup Generator Plants Central Heating And Cooling System With Separate HVAC Unit For Each Apartment High Quality Fitting Fixture Visitors Lobby With Intercom Facility Dedicated Entrance And Car Parking Basement Floor For Residents Uninterrupted Water Supply High Speed Elevators And Service Lifts Structure Design To Withstand Earthquake Upto 9.5 On Rector Scale International Construction Company Ranked Number 12 In International Ranking World Famous Architects Of Burj Ul Arab Fame Design The Centaurus.","Parking Spaces: 1, Lobby in Building, Central Air Conditioning, Flooring, Electricity Backup, Waste Disposal, Furnished","Broadband Internet Access, Satellite or Cable TV Ready, Business Center or Media Room in Building, Conference Room in Building, Intercom, ATM Machines","Community Lawn or Garden, Community Swimming Pool, Community Gym, First Aid or Medical Centre, Kids Play Area, Mosque, Community Centre","Nearby Schools, Nearby Hospitals, Nearby Shopping Malls, Nearby Restaurants, Distance From Airport (kms), Nearby Public Transport Service, Other Nearby Places","Maintenance Staff, Security Staff, Laundry or Dry Cleaning Facility, Facilities for Disabled, Pets Not Allowed, Other Facilities","Bedrooms: 1, Bathrooms: 1, Drawing Room, Dining Room, Kitchens: 1, Prayer Room, Powder Room, Gym, Steam Room, Lounge or Sitting Room, Laundry Room","Sauna, Jacuzzi",,,
https://www.zameen.com/Property/islamabad_d-17_6_5_marla_designer_house_double_story_house_available_for_sale_in_margalla_view_housing_society_block_c_street_48_mvhs_d-17_2_islamabad-53178964-737-1.html,House,PKR3.05 Crore,7,6 Marla,For Sale,7,10 hours ago,"D-17, Islamabad, Islamabad Capital",6.5 Marla Designer House. Double Story House. Available For Sale in Margalla View Housing Society. Block C Street 48 MVHS D-17/2 Islamabad. 7 Bedrooms. 7 Baths. 2 Drawing Dining. 2 TV Lounge. 2 Kitchen 2 Car Parking Space. Electricity Water and Gas Available. Own Water Bore. Interested People Can Contact Easily.,,"Broadband Internet Access, Satellite or Cable TV Ready, Intercom, Other Business and Communication Facilities","Community Lawn or Garden, Community Swimming Pool, Community Gym, First Aid or Medical Centre, Day Care Centre, Kids Play Area, Barbeque Area, Mosque, Community Centre, Other Community Facilities","Nearby Schools, Nearby Hospitals, Nearby Shopping Malls, Nearby Restaurants, Distance From Airport (kms), Nearby Public Transport Service, Other Nearby Places",,"Bedrooms: 7, Bathrooms: 7, Drawing Room, Dining Room, Kitchens: 2, Lounge or Sitting Room, Laundry Room","Lawn or Garden, Other Healthcare and Recreation Facilities",,,
https://www.zameen.com/Property/margalla_view_housing_society_margalla_view_society_-_block_d_a_palatial_residence_for_sale_in_margalla_view_society_-_block_d_islamabad-44899968-3164-1.html,House,PKR3.3 Crore,6,10 Marla,For Sale,7,10 hours ago,"D-17, Islamabad, Islamabad Capital","Beautiful house available for sale Grab This Auspicious Opportunity To Execute Your Dreams Into Reality. It Is Sure To Be A Profitable Deal For Any Genuine Client. The Right Place To Invest Your Money. Interested Persons Welcome To Visit The Property. Please Feel Free To Call Us If You Need Further Details About It. We Request That Only Serious Individuals Contact Us To Make An Immediate Deal, And Please Do Not Forget To Mention Zameen. com When Calling.","Built in year: 2023, Parking Spaces: 3, Double Glazed Windows, Central Air Conditioning, Central Heating, Flooring, Electricity Backup, Waste Disposal, Floors: 1, Other Main Features, Furnished","Broadband Internet Access, Satellite or Cable TV Ready, Intercom, Other Business and Communication Facilities","Community Lawn or Garden, Community Swimming Pool, Community Gym, First Aid or Medical Centre, Day Care Centre, Kids Play Area, Barbeque Area, Mosque, Community Centre, Other Community Facilities","Nearby Schools, Nearby Hospitals, Nearby Shopping Malls, Nearby Restaurants, Distance From Airport (kms), Nearby Public Transport Service, Other Nearby Places","Maintenance Staff, Security Staff, Facilities for Disabled, Other Facilities","Bedrooms: 6, Bathrooms: 7, Servant Quarters: 1, Drawing Room, Dining Room, Kitchens: 2, Study Room, Prayer Room, Powder Room, Gym, Store Rooms: 2, Steam Room, Lounge or Sitting Room, Laundry Room, Other Rooms","Lawn or Garden, Swimming Pool, Sauna, Jacuzzi, Other Healthcare and Recreation Facilities",,,
https://www.zameen.com/Property/islamabad_d-17_3_marla_house_available_for_sale_in_d-17_block_d_islamabad-43223940-737-1.html,House,PKR1.35 Crore,3,3 Marla,For Sale,3,10 hours ago,"D-17, Islamabad, Islamabad Capital","3 Marla House Available. For Sale in D-17. In Block D Islamabad. 3 Bedrooms. 3 Baths. TV lounge . Kitchen. All Facilities Available. You simply cannot say no to this House. Better yet, it comes with tonnes of exciting features that distinguish it from other properties. If you are looking for lucrative property options for investment, we think this property might just be the right one. The number of 675 Square Feet options in the D-17 can be limited, so hurry up. At a price of Rs. 10000000 such a deal may be hard to come again. Filled with optimum potential, the location of D-17 is sure to become a hotspot in near future. Looking for real estate options in D-17? We are here to suggest the most excellent neighborhoods. Contact us now, and our representatives will give you all the details you need.","Built in year, Parking Spaces: 1, Double Glazed Windows, Central Air Conditioning, Central Heating, Flooring, Electricity Backup, Waste Disposal, Floors: 3, Other Main Features, Furnished","Broadband Internet Access, Satellite or Cable TV Ready, Intercom, Other Business and Communication Facilities","Community Lawn or Garden, Community Swimming Pool, Community Gym, First Aid or Medical Centre, Day Care Centre, Kids Play Area, Barbeque Area, Mosque, Community Centre, Other Community Facilities","Nearby Schools, Nearby Hospitals, Nearby Shopping Malls, Nearby Restaurants, Distance From Airport (kms), Nearby Public Transport Service, Other Nearby Places","Maintenance Staff, Security Staff, Facilities for Disabled, Other Facilities","Bedrooms: 4, Bathrooms: 4, Servant Quarters: 1, Drawing Room, Dining Room, Kitchens: 2, Study Room, Prayer Room, Powder Room, Gym, Store Rooms: 1, Steam Room, Lounge or Sitting Room, Laundry Room, Other Rooms","Lawn or Garden, Swimming Pool, Sauna, Jacuzzi, Other Healthcare and Recreation Facilities",,,
https://www.zameen.com/Property/d_17_margalla_view_housing_society_one_bed_furnished_apartment_available_for_sale-45557428-3160-1.html,Flat,PKR39.75 Lakh,1,2.7 Marla,For Sale,1,10 hours ago,"D-17, Islamabad, Islamabad Capital","One Bed Fully Furnished Apartment's Available For Sale The current market conditions makes the deal fairly attractive for buyers eyeing property in Islamabad. This property is definitely not a miss! So, buy it before it gets off of your radar. Now is the time to book your unit at PKR Rs. 3975000 as it is a lucrative investment option in the long run. This 600 Square Feet Flat is the best real estate asset you can purchase at the moment. A Flat in Margalla View Housing Society comes with many benefits, prime among which is the ease of access to public transport and facilities. A Flat you have been looking to buy for years is available for sale and right now its price is very affordable. What more this property has to tell you is written below. A furnished Flat takes the burden of decorating off your shoulders and you can just enjoy the space. The building has a service elevator that you can use to transport your luggage conveniently to your floor. A beautifully designed prayer room is another feature of the Flat that you will come to love. The building includes a well-designed lobby. Double glazed windows in the Flat helps maintain the temperature inside. You don't have to worry about waste disposal in your new place. Its already been taken care of. For further correspondence about the property, you can fill the form and we'll get in touch.","Built in year: 2016, Parking Spaces: 1, Lobby in Building, Double Glazed Windows, Central Air Conditioning, Central Heating, Flooring, Electricity Backup, Waste Disposal, Floor: 3, Floors in Building: 4, Elevators: 1, Service Elevators in Building, Other Main Features, Furnished","Broadband Internet Access, Satellite or Cable TV Ready, Business Center or Media Room in Building, Conference Room in Building, Intercom, ATM Machines, Other Business and Communication Facilities","Community Lawn or Garden, Community Swimming Pool, Community Gym, First Aid or Medical Centre, Day Care Centre, Kids Play Area, Barbeque Area, Mosque, Community Centre, Other Community Facilities","Nearby Schools, Nearby Hospitals, Nearby Shopping Malls, Nearby Restaurants, Distance From Airport (kms), Nearby Public Transport Service, Other Nearby Places","Maintenance Staff, Security Staff, Laundry or Dry Cleaning Facility, Communal/Shared Kitchen, Facilities for Disabled, Pets Allowed, Other Facilities","Bedrooms: 1, Bathrooms: 1, Servant Quarters: 1, Drawing Room, Dining Room, Kitchens: 1, Study Room, Prayer Room, Powder Room, Gym, Store Rooms: 1, Steam Room, Lounge or Sitting Room, Laundry Room, Other Rooms","Sauna, Jacuzzi, Other Healthcare and Recreation Facilities",,,
https://www.zameen.com/Property/cbr_town_phase_1_cbr_town_phase_1_-_block_d_7_marla_investor_rate_brand_new_double_storey_house_for_sale-45592671-3150-1.html,House,PKR3.3 Crore,6,7 Marla,For Sale,5,6 days ago,"CBR Town, Islamabad, Islamabad Capital",7 MARLA BRAND NEW DOUBLE STORY HOUSE FOR SALE IN CBR TOWN BLOCK-D DESIGNER HOUSE SOLID CONSTRUCTION BEST MATERIAL Dimension 30x60 04 bedrooms with attached washroom 02 drawing rooms with washroom 02 kitchens 02 tv lounge 02 car parking Servant quarter with bath Laundry Mumaty Terrace 01 electricity meters Sui Gas meter demand notice submitted Water supply Solid construction Very Reasonable Price Demand: 2.80 Near to park Near to highway FOR FURTHER DETAILS CONTACT US ABBAS ENTERPRISES,"Built in year: 2022, Parking Spaces: 2, Central Air Conditioning, Central Heating, Flooring, Electricity Backup, Waste Disposal, Floors: 2, Furnished","Broadband Internet Access, Satellite or Cable TV Ready, Intercom","Community Lawn or Garden, Community Swimming Pool, Community Gym, First Aid or Medical Centre, Day Care Centre, Kids Play Area, Barbeque Area, Mosque, Community Centre","Nearby Schools, Nearby Hospitals, Nearby Shopping Malls, Nearby Restaurants, Distance From Airport (kms), Nearby Public Transport Service, Other Nearby Places","Maintenance Staff, Security Staff, Other Facilities","Bedrooms: 4, Bathrooms: 6, Servant Quarters: 1, Drawing Room, Dining Room, Kitchens: 2, Store Rooms: 2, Steam Room, Lounge or Sitting Room, Laundry Room",Lawn or Garden,,,
https://www.zameen.com/Property/soan_garden_soan_garden_-_block_h_6_marla_brand_new_double_storey_house_for_sale-48773936-3498-1.html,House,PKR2.9 Crore,6,6 Marla,For Sale,5,6 days ago,"Soan Garden, Islamabad, Islamabad Capital","6 MARLA DOUBLE STORY HOUSE FOR SALE 2 KM DISTANCE TO EXPRESS WAY CARPET STREET H EXT BLOCK 30x50 DIMENSION 4 BEDROOM ATTACHED BATHROOM 2 TV LOUNGE 2 DRAWING ROOM WITH BATH 2 KITCHEN SARVENT WITH BATH 2 SEPARATE WATER TANK OVERHEAD & UNDERGROUND WITHOUT GAS 2 ELECTRIC METER NEAR TO MASJID, HIGHWAY, MARKET DEMAND 2.90","Built in year: 2024, Parking Spaces: 4, Double Glazed Windows, Central Air Conditioning, Central Heating, Flooring, Electricity Backup, Waste Disposal, Floors: 2, Other Main Features, Furnished","Broadband Internet Access, Satellite or Cable TV Ready, Intercom, Other Business and Communication Facilities","Community Lawn or Garden, Community Swimming Pool, Community Gym, First Aid or Medical Centre, Day Care Centre, Kids Play Area, Barbeque Area, Mosque, Community Centre, Other Community Facilities","Nearby Schools, Nearby Hospitals, Nearby Shopping Malls, Nearby Restaurants, Distance From Airport (kms), Nearby Public Transport Service, Other Nearby Places","Maintenance Staff, Security Staff, Facilities for Disabled, Other Facilities","Bedrooms: 5, Bathrooms: 6, Servant Quarters: 1, Drawing Room, Dining Room, Kitchens: 2, Study Room, Prayer Room, Powder Room, Gym, Store Rooms: 1, Steam Room, Lounge or Sitting Room, Laundry Room","Lawn or Garden, Swimming Pool, Sauna, Jacuzzi, Other Healthcare and Recreation Facilities",,,
https://www.zameen.com/Property/dha_defence_dha_defence_phase_2_kanal_ultra_modern_luxury_house-52984385-339-1.html,House,PKR12.5 Crore,6,1 Kanal,For Sale,5,1 hour ago,"DHA Defence, Islamabad, Islamabad Capital",VIP Properties offer Variety of houses available in DHA 2. Offer Ultra Modern Luxury house on top most location in DHA 2.,"Built in year: 2025, Parking Spaces: 3, Flooring, Waste Disposal, Floors: 2","Broadband Internet Access, Satellite or Cable TV Ready","Community Lawn or Garden, Community Swimming Pool, Community Gym, First Aid or Medical Centre, Day Care Centre, Kids Play Area, Barbeque Area, Mosque, Community Centre","Nearby Schools, Nearby Hospitals, Nearby Shopping Malls, Nearby Restaurants, Distance From Airport (kms), Nearby Public Transport Service",,"Bedrooms: 5, Bathrooms: 6, Servant Quarters: 2, Drawing Room, Dining Room, Kitchens: 2, Powder Room, Store Rooms: 2, Lounge or Sitting Room, Laundry Room","Lawn or Garden, Swimming Pool, Sauna, Jacuzzi",,,
https://www.zameen.com/Property/dha_defence_dha_defence_phase_2_kanal_brand_new_double_unit-52990739-339-1.html,House,PKR8.8 Crore,6,1 Kanal,For Sale,6,1 month ago,"DHA Defence, Islamabad, Islamabad Capital",VIP Properties Offer Variety Of Houses Available In DHA 2. *Independent 2 Portions *2 D/Dining 2 TV Lounge 2 Kitchen 2 Servant Quarter Ideal Land Scaping,"Built in year: 2025, Parking Spaces: 3, Double Glazed Windows, Central Air Conditioning, Central Heating, Flooring, Electricity Backup, Waste Disposal, Floors: 2, Other Main Features, Furnished","Broadband Internet Access, Satellite or Cable TV Ready, Intercom, Other Business and Communication Facilities","Community Lawn or Garden, Community Swimming Pool, Community Gym, First Aid or Medical Centre, Day Care Centre, Kids Play Area, Barbeque Area, Mosque, Community Centre, Other Community Facilities","Nearby Schools, Nearby Hospitals, Nearby Shopping Malls, Nearby Restaurants, Distance From Airport (kms), Nearby Public Transport Service, Other Nearby Places","Maintenance Staff, Security Staff, Facilities for Disabled, Other Facilities","Bedrooms: 6, Bathrooms: 7, Servant Quarters: 2, Drawing Room, Dining Room, Kitchens: 2, Study Room, Prayer Room, Powder Room, Gym, Store Rooms: 2, Steam Room, Lounge or Sitting Room, Laundry Room","Lawn or Garden, Swimming Pool, Sauna, Jacuzzi, Other Healthcare and Recreation Facilities",,,
https://www.zameen.com/Property/d_12_d-12_3_cda_sector_d-12_3_25_40_4-marla_double_storey_house_for_sale-52583036-3156-1.html,House,PKR4.25 Crore,4,4 Marla,For Sale,4,2 weeks ago,"D-12, Islamabad, Islamabad Capital","CDA sector D-12/3(25*40)=4-marla 4-bed room double story al most brand new house for sale. This remarkable property offers an affordable opportunity for those who are looking to purchase a beautiful house in CDA sector d-12 . Stylish 4 Marla Double-Story Home in Prime D-12/3 Location! Live in the heart of Islamabads most sought-after CDA sectorD-12/3! This beautiful 4-bedroom, double-story home sits on a 25x40 (4 marla) plot in Street 32, just steps away from D-12 Markaz. Perfectly positioned second to corner and Margalla-facing, the home offers stunning views and unbeatable convenience. Located right off a main major road. Ideal for home owners seeking a peaceful yet central location, this property is a rare opportunity in one of Islamabad's most prestigious sectors. Features You'll Love: 4 spacious bedrooms Great fittings throughout All utilities available: CDA water, bore water, gas & electricity Move-in readyjust bring your bags!","Built in year: 2019, Parking Spaces: 2, Double Glazed Windows, Central Air Conditioning, Central Heating, Flooring, Electricity Backup, Waste Disposal, Other Main Features, Furnished","Broadband Internet Access, Satellite or Cable TV Ready, Intercom, Other Business and Communication Facilities","Community Lawn or Garden, Community Swimming Pool, Community Gym, First Aid or Medical Centre, Day Care Centre, Kids Play Area, Barbeque Area, Mosque, Community Centre, Other Community Facilities","Nearby Schools, Nearby Hospitals, Nearby Shopping Malls, Nearby Restaurants, Distance From Airport (kms), Nearby Public Transport Service, Other Nearby Places","Maintenance Staff, Security Staff, Facilities for Disabled, Other Facilities","Bedrooms: 4, Bathrooms: 5, Servant Quarters: 1, Drawing Room, Dining Room, Kitchens: 1, Study Room, Prayer Room, Powder Room, Gym, Store Rooms, Steam Room, Lounge or Sitting Room, Laundry Room, Other Rooms","Lawn or Garden, Swimming Pool, Sauna, Jacuzzi, Other Healthcare and Recreation Facilities",,,
https://www.zameen.com/Property/islamabad_e-7_modern_brand_new_swimming_pool_house_is_for_sale-52561915-343-1.html,House,PKR75 Crore,7,1.6 Kanal,For Sale,6,4 days ago,"E-7, Islamabad, Islamabad Capital","Chohan HAY Estate Offers: - E-7 Brand New House - Basement, Ground, and Upper Floor - 6 Bedrooms with Modern Attached Bathrooms - Drawing, Dining, and TV Lounge - High-quality Finishes, Enriching Interiors, and Family Rooms with Walk-in Closets - Elegant Modern Kitchens with Quartz Countertops, Cabinetry, and Appliances (Refrigerator, Garbage Disposal, Microwave) - Luxurious Bathrooms with Roman Showers, Separate Shower Cabins, Vanities, and Premium Fixtures - Enjoyable Swimming Pool - Elevator Lift - Ceiling Roof - Flooring with Imported Tiles - Outdoor Lawn - Servant Quarters - Parking Area - Rooftop - Views of Margalla Hills and Sunset - Serene and Highly Secure Living Environment - An Outstanding Opportunity: Seize It Without Delay For Further Details and Additional Choices, Feel Free to Contact the Provided Numbers or Visit Chohan HAY Estate.","Built in year: 2025, Parking Spaces, Double Glazed Windows, Central Air Conditioning, Central Heating, Flooring, Electricity Backup, Waste Disposal, Floors, Other Main Features","Broadband Internet Access, Satellite or Cable TV Ready, Intercom, Other Business and Communication Facilities","Community Lawn or Garden, Community Swimming Pool, Community Gym, First Aid or Medical Centre, Day Care Centre, Kids Play Area, Barbeque Area, Mosque, Community Centre, Other Community Facilities","Nearby Schools, Nearby Hospitals, Nearby Shopping Malls, Nearby Restaurants, Distance From Airport (kms), Nearby Public Transport Service, Other Nearby Places","Maintenance Staff, Security Staff, Facilities for Disabled, Other Facilities","Bedrooms: 6, Bathrooms: 7, Servant Quarters, Drawing Room, Dining Room, Kitchens, Study Room, Prayer Room, Powder Room, Gym, Store Rooms, Steam Room, Lounge or Sitting Room, Laundry Room, Other Rooms","Lawn or Garden, Swimming Pool, Sauna, Jacuzzi, Other Healthcare and Recreation Facilities",,,
https://www.zameen.com/Property/islamabad_g-11_brand_new_house_for_sale_in_g-11-45897680-168-1.html,House,PKR16.5 Crore,6,1 Kanal,For Sale,6,2 weeks ago,"G-11, Islamabad, Islamabad Capital","Prime Location New Double Storey House Is Available For Sale In G-11 Islamabad 50 Feet Wide Road 6 Bedroom With Attached Bath 2 TV Lounges 2 Kitchen 2 Drawing Dining With Powder 2 Servant 2 Car Parking Space Gym Room Fully Till Flooring Ideal And Peace Full Location Nice House 50 Fet Street Near By Park, Masjid, School, Hospital, Market Beautiful Margalla View More Details Please Contact Us","Built in year: 2023, Parking Spaces: 2, Double Glazed Windows, Central Air Conditioning, Central Heating, Flooring, Electricity Backup, Waste Disposal, Floors: 2, Other Main Features, Furnished","Broadband Internet Access, Satellite or Cable TV Ready, Intercom, Other Business and Communication Facilities","Community Lawn or Garden, Community Swimming Pool, Community Gym, First Aid or Medical Centre, Day Care Centre, Kids Play Area, Barbeque Area, Mosque, Community Centre, Other Community Facilities","Nearby Schools, Nearby Hospitals, Nearby Shopping Malls, Nearby Restaurants, Distance From Airport (kms), Nearby Public Transport Service, Other Nearby Places","Maintenance Staff, Security Staff, Facilities for Disabled, Other Facilities","Bedrooms: 4, Bathrooms: 4, Servant Quarters: 1, Drawing Room, Dining Room, Kitchens: 2, Study Room, Prayer Room, Powder Room, Gym, Store Rooms: 2, Steam Room, Lounge or Sitting Room, Laundry Room, Other Rooms","Lawn or Garden, Swimming Pool, Sauna, Jacuzzi, Other Healthcare and Recreation Facilities",,,
https://www.zameen.com/Property/islamabad_naval_anchorage_spacious_prime_location_14_marla_house_available_for_sale_in_naval_anchorage-53288889-375-1.html,House,PKR6.9 Crore,6,14 Marla,For Sale,8,1 month ago,"Naval Anchorage, Islamabad, Islamabad Capital","Naval Anchorage is full of real estate investment opportunities, so stop waiting and start investing! Owning a home in Naval Anchorage is favorable from all aspects, so what are you waiting for. All your dreams can come true with the House which is available for sale now. If you want to buy a property then don't miss out on this opportunity. Trust us, you'd be hard-pressed to find a similar property offer that falls near this Rs. 69000000 price range. Searching for 14 Marla sized properties? You have come to the right place. The following property features will tell you what makes it special. Keep in touch with your friends and family with broadband internet access. This house comes complete with a dedicated drawing room, letting you entertain guests easily. On-duty security services ensure the building stays well-protected. Not all families need a separate dining parlour but this property has one, in case you like to make mealtimes special. For details and booking information, don't hesitate to get in touch with us.","Built in year: 2025, Parking Spaces: 6, Double Glazed Windows, Central Air Conditioning, Central Heating, Flooring, Electricity Backup, Waste Disposal, Floors: 2, Other Main Features, Furnished","Broadband Internet Access, Satellite or Cable TV Ready, Intercom, Other Business and Communication Facilities","Community Lawn or Garden, Community Swimming Pool, Community Gym, First Aid or Medical Centre, Day Care Centre, Kids Play Area, Barbeque Area, Mosque, Community Centre, Other Community Facilities","Nearby Schools, Nearby Hospitals, Nearby Shopping Malls, Nearby Restaurants, Distance From Airport (kms), Nearby Public Transport Service, Other Nearby Places","Maintenance Staff, Security Staff, Facilities for Disabled, Other Facilities","Bedrooms: 8, Bathrooms: 8, Servant Quarters, Drawing Room, Dining Room, Kitchens: 3, Study Room, Prayer Room, Powder Room, Gym, Store Rooms, Steam Room, Lounge or Sitting Room, Laundry Room, Other Rooms","Lawn or Garden, Swimming Pool, Sauna, Jacuzzi, Other Healthcare and Recreation Facilities",,,
https://www.zameen.com/Property/cbr_town_phase_1_cbr_town_phase_1_-_block_c_brand_new_luxurious_12_marla_designer_house_for_sale_in_cbr_town_block_c-53313372-3149-1.html,House,PKR6.3 Crore,6,12 Marla,For Sale,7,1 day ago,"CBR Town, Islamabad, Islamabad Capital","*Brand New Designer 12Marla House for Sale CBR TOWN PHASE 1 *Property Details:* * Prime Location: * Plot Size: *12 Marla (Fully Constructed)* * *8 Spacious Bedrooms** * *8 Modern Bathrooms* * *TV Lounge & Drawing * *Bore Installed* * *Beautiful Designer Construction* * DEMAND :630 Ideal for luxury living or investment a perfect blend of comfort, elegance, and prime location. .","Built in year: 2025, Parking Spaces: 3, Flooring",Broadband Internet Access,Community Lawn or Garden,"Nearby Schools, Nearby Hospitals, Nearby Shopping Malls, Nearby Restaurants, Distance From Airport (kms), Nearby Public Transport Service, Other Nearby Places","Maintenance Staff, Security Staff, Other Facilities","Bedrooms: 6, Bathrooms: 8, Servant Quarters: 1, Drawing Room, Dining Room, Kitchens: 2, Powder Room, Store Rooms: 2, Lounge or Sitting Room, Laundry Room, Other Rooms",Lawn or Garden,,,
https://www.zameen.com/Property/islamabad_g-9_in_g-9_you_can_find_the_perfect_on_excellent_location_house_for_sale-53148093-171-1.html,House,PKR7.1 Crore,4,6 Marla,For Sale,4,1 week ago,"G-9, Islamabad, Islamabad Capital","G-9 is undeniably the best location you can own a house in. When it comes to housing, location is everything and we have quite a many options regarding that. You can buy your 8 Marla unit and enjoy a comfortable family life close to all kinds of facilities. All your dreams can come true with the House which is available for sale now. What could possibly get more better than a property priced at Rs. 71000000. Plus, it has features that you'd definitely love! With new developments on the rise in G-9 you can definitely find what you're looking for. Following are some of the notable features of this property. Easy broadband and internet access to make the world your oyster. A central lounge area that comes with this property makes it easy for everyone to hang in one place and enjoy family time. Host barbeque parties and entertain small gatherings at the adjoining barbeque area. In hardly a few minutes by walk, you can find a mosque near the House. The daily waste disposal service ensures a clean environment. The community garden nearby serves as a playground for the kids and a great place to socialise with your neighbours. Entertaining your guests will become much easier with this attached drawing room. You can contact us now to know all about it!","Built in year: 2023, Parking Spaces: 2, Double Glazed Windows, Central Air Conditioning, Central Heating, Flooring, Electricity Backup, Waste Disposal, Other Main Features, Furnished","Broadband Internet Access, Satellite or Cable TV Ready, Intercom, Other Business and Communication Facilities","Community Lawn or Garden, Community Swimming Pool, Community Gym, First Aid or Medical Centre, Day Care Centre, Kids Play Area, Barbeque Area, Mosque, Community Centre, Other Community Facilities","Nearby Schools, Nearby Hospitals, Nearby Shopping Malls, Nearby Restaurants, Distance From Airport (kms), Nearby Public Transport Service, Other Nearby Places","Maintenance Staff, Security Staff, Facilities for Disabled, Other Facilities","Bedrooms: 2, Bathrooms: 2, Drawing Room, Dining Room, Kitchens: 1, Study Room, Prayer Room, Powder Room, Gym, Steam Room, Lounge or Sitting Room, Laundry Room, Other Rooms","Sauna, Jacuzzi, Other Healthcare and Recreation Facilities",,,
https://www.zameen.com/Property/margalla_view_housing_society_margalla_view_society_-_block_d_1_kanal_house_available_for_sale_in_d17_islamabad-53112395-3164-1.html,House,PKR4.75 Crore,7,1 Kanal,For Sale,9,1 week ago,"D-17, Islamabad, Islamabad Capital",Margala view housing society d 17 Islamabad 1kanal house available for sale Size 1 Kanal Block D 5 bedroom 2 drawing room 2 TV launch 2 kitchen 9 bathroom Swimming pool Sarvent room All facility available 2 gas separate metre 2 electrician separate metre Water bore available Reasonable price 2010 construction Contact for more details,"Built in year: 2010, Parking Spaces: 3, Double Glazed Windows, Central Air Conditioning, Central Heating, Flooring, Electricity Backup, Waste Disposal, Other Main Features","Broadband Internet Access, Satellite or Cable TV Ready, Intercom",,,,"Bedrooms: 9, Bathrooms: 9, Servant Quarters: 1, Drawing Room, Dining Room, Kitchens: 2, Study Room, Prayer Room, Powder Room, Store Rooms: 1, Steam Room, Lounge or Sitting Room, Laundry Room, Other Rooms",,,,
https://www.zameen.com/Property/islamabad_f-11_1_kanal_luxurious_house_available_for_sale_in_f-11_islamabad-53310935-163-1.html,House,PKR24.5 Crore,5,1 Kanal,For Sale,5,1 month ago,"F-11, Islamabad, Islamabad Capital","1 Kanal Luxurious House For Sale In F-11 Islamabad Drawing Dining Servant Car Parking All Facilities Available In This House The House you are looking for is at a price of PKR Rs. 245000000 so hurry up before you lose it. We can help you buy the best House in F-11. Start a new life in one of the most sought after areas in the city, F-11. The growing property trend in F-11 makes it an ideal investment place. All the options you may have looked at, we can guarantee that you wouldn't find a better buy. Options for 1 Kanal properties may be limited, so book yours while it is available. You can read more about the property features below. Having a lawn in the House proves to be quite useful. Have a great time throughout the year with a swimming pool of your own. Your kids can play to their heart's content in the play area adjoining the property. Having your own Jacuzzi lets you luxuriate whenever you want. Your personal space can stay personal with a powder room in the home. Differently-abled people will find this House easy to navigate, as it is developed to incorporate their needs. The House is centrally air-conditioned from underground to keep it hassle free. Your queries on the offer are welcome, so please give us a call.","Built in year: 2015, Parking Spaces: 5, Double Glazed Windows, Central Air Conditioning, Central Heating, Flooring, Electricity Backup, Floors: 2, Other Main Features","Broadband Internet Access, Satellite or Cable TV Ready, Intercom, Other Business and Communication Facilities","Community Lawn or Garden, Community Swimming Pool, Community Gym, First Aid or Medical Centre, Day Care Centre, Kids Play Area, Barbeque Area, Mosque, Community Centre, Other Community Facilities","Nearby Schools, Nearby Hospitals, Nearby Shopping Malls, Nearby Restaurants, Distance From Airport (kms), Nearby Public Transport Service, Other Nearby Places","Maintenance Staff, Security Staff, Facilities for Disabled, Other Facilities","Bedrooms: 5, Bathrooms: 6, Servant Quarters: 2, Drawing Room, Dining Room, Kitchens: 2, Study Room, Prayer Room, Powder Room, Gym, Store Rooms: 2, Steam Room, Lounge or Sitting Room, Laundry Room, Other Rooms","Lawn or Garden, Swimming Pool, Sauna, Jacuzzi, Other Healthcare and Recreation Facilities",,,
https://www.zameen.com/Property/f_8_the_centaurus_possession_on_50_down_payment_luxury_2_bed_duplex_apartment_with_main_room_the_centaurus_islamabad-49116846-8349-1.html,Flat,PKR19.64 Crore,4,13.4 Marla,For Sale,2,4 weeks ago,"F-8, Islamabad, Islamabad Capital","Ultra Luxury 2 Bedroom Duplex Apartment with Maid Room Demand: PKR 19,63,65000/- Resident and his family will enjoy health club facilities. Health club facilities includes. Swimming pool Sauna room Stream room Jacuzzi Ladies and Gents separate gym Table tennis Squash court Snooker Socker Other facilities; Shopping Mall Uninterrupted electricity supply Backup generator plants Central heating and cooling system with separate HVAC unit for each apartment High quality fitting fixture Visitors lobby with intercom facility Dedicated entrance and car parking basement floor for residents Uninterrupted water supply High speed elevators and service lifts Structure design to withstand earthquake upto 9.5 on rector scale International Construction Company ranked number 12 in international ranking World famous Architects of Burj ul Arab fame design The Centaurus.","Built in year: 2022, Parking Spaces: 1, Lobby in Building, Double Glazed Windows, Central Air Conditioning, Central Heating, Flooring, Electricity Backup, Waste Disposal, Floor: 1, Floors in Building: 1, Elevators: 4, Service Elevators in Building, Other Main Features, Furnished","Broadband Internet Access, Satellite or Cable TV Ready, Business Center or Media Room in Building, Conference Room in Building, Intercom, ATM Machines, Other Business and Communication Facilities","Community Lawn or Garden, Community Swimming Pool, Community Gym, First Aid or Medical Centre, Day Care Centre, Kids Play Area, Barbeque Area, Mosque, Community Centre, Other Community Facilities","Nearby Schools, Nearby Hospitals, Nearby Shopping Malls, Nearby Restaurants, Distance From Airport (kms), Nearby Public Transport Service, Other Nearby Places","Maintenance Staff, Security Staff, Laundry or Dry Cleaning Facility, Facilities for Disabled, Pets Not Allowed, Other Facilities","Bedrooms: 2, Bathrooms: 4, Servant Quarters: 1, Drawing Room, Dining Room, Kitchens: 1, Study Room, Prayer Room, Powder Room, Gym, Store Rooms: 1, Steam Room, Lounge or Sitting Room, Laundry Room, Other Rooms","Sauna, Jacuzzi, Other Healthcare and Recreation Facilities",PKR9.82 Crore,PKR1.64 Crore,6 Months
https://www.zameen.com/Property/f_8_the_centaurus_fully_furnished_studio_apartment_available_for_sale_in_the_centaurus-52991951-8349-1.html,Flat,PKR3.9 Crore,1,3 Marla,For Sale,-,4 weeks ago,"F-8, Islamabad, Islamabad Capital",Studio Apartment available For Rent in the Centaurus Islamabad. Owner and His Family Will Enjoy Health Club Facilities. Health Club Facilities Includes. Swimming Pool Sauna Room Stream Room Jacuzzi Ladies And Gents Separate Gym Table Tennis Squash Court Snooker Socker Other Facilities; Shopping Mall Uninterrupted Electricity Supply Backup Generator Plants Central Heating And Cooling System With Separate HVAC Unit For Each Apartment High Quality Fitting Fixture Visitors Lobby With Intercom Facility Dedicated Entrance And Car Parking Basement Floor For Residents Uninterrupted Water Supply High Speed Elevators And Service Lifts Structure Design To Withstand Earthquake Upto 9 On Rector Scale International Construction Company Ranked Number 12 In International Ranking World Famous Architects Of Burj Ul Arab Fame Design The Centaurus.,"Built in year: 5, Parking Spaces: 1, Lobby in Building, Double Glazed Windows, Central Air Conditioning, Central Heating, Flooring, Electricity Backup, Waste Disposal, Floor: 37, Floors in Building: 37, Elevators: 4, Service Elevators in Building, Furnished","Broadband Internet Access, Satellite or Cable TV Ready, Business Center or Media Room in Building, Conference Room in Building, ATM Machines","Community Lawn or Garden, Community Swimming Pool, Community Gym, First Aid or Medical Centre, Day Care Centre, Kids Play Area, Barbeque Area, Mosque, Community Centre","Nearby Schools, Nearby Hospitals, Nearby Shopping Malls, Nearby Restaurants, Nearby Public Transport Service","Maintenance Staff, Security Staff, Laundry or Dry Cleaning Facility, Facilities for Disabled, Pets Not Allowed","Bedrooms: 1, Bathrooms: 1, Servant Quarters, Drawing Room, Dining Room, Kitchens: 1, Prayer Room, Gym, Steam Room, Lounge or Sitting Room, Laundry Room","Sauna, Jacuzzi, Other Healthcare and Recreation Facilities",,,
https://www.zameen.com/Property/d_12_d-12_1_d12_prime_location_used_but_excellent_maintained_house_available_for_sale-53276691-3154-1.html,House,PKR25 Crore,6,1.1 Kanal,For Sale,6,2 weeks ago,"D-12, Islamabad, Islamabad Capital",D12/1 Prime location House available for sale near by Masjid Schools Maga Markets Parks Hospitals and many other facilities at the nearest access security at the best level which makes living very comfortable for further details please contact thanks,"Parking Spaces: 1, Flooring, Electricity Backup, Other Main Features",,"Community Lawn or Garden, Other Community Facilities","Nearby Schools, Nearby Hospitals, Nearby Shopping Malls, Nearby Restaurants, Distance From Airport (kms), Nearby Public Transport Service, Other Nearby Places","Maintenance Staff, Security Staff, Other Facilities",,,,,
https://www.zameen.com/Property/ghauri_town_ghauri_town_-_vip_block_house_for_sale_prime_location_registery_inteqal_available-53344784-20023-1.html,House,PKR2.35 Crore,6,4.7 Marla,For Sale,6,4 weeks ago,"Ghauri Town, Islamabad, Islamabad Capital","Assalamualaikum I'm Selling my House details are as under: 4.25 Marla 1060 Square Feet Triple Story 6 Bed Rooms with Attached Bathroom 3 Drawing Room with Attached Bathroom 3 open kitchens 3 TV lounges Spacious Momty Registry Inteqal Available 04 Electricity Meters Installed Close End Street Sun Face Fully Ventilated 300 Meters Distance From Main Express Way 50 Meters distance from Mosque/Market Barrier Install at the entrance of street Beautiful Wide Street Everything is available at the end of the street. Ghar ki sirf aik story ki pics upload ki hain baqi 2no portions b same hain Is ghar ki location pury phase mai sb sy zyda payari hai jitni tareef ki jaye kam hai gali ki aik side pe 5 ghar hai dusri side pe the educator school ki back dewar hai aur samny takkar mai hamara ghar hai Street 07, VIP Phase Ghauri Town, Islamabad",,,,"Nearby Schools, Nearby Hospitals, Nearby Shopping Malls, Nearby Restaurants, Distance From Airport (kms), Nearby Public Transport Service, Other Nearby Places","Security Staff, Other Facilities",,,,,
https://www.zameen.com/Property/faisal_town_f_18_faisal_town_phase_1_faisal_town_block_a_the_gate_mall_2_bed_apartment_available_for_sale-51892814-16415-1.html,Flat,PKR1.05 Crore,2,5.8 Marla,For Sale,2,1 day ago,"Faisal Town - F-18, Islamabad, Islamabad Capital",2 Bed Apartment Available For Sale. In Faisal Town F-18 Islamabad. Apartment Size 1300 Sq Ft. 2 Bedrooms. 2 Baths. TV Lounge. Kitchen. Alavbility faisal town facing Margala facing Moterway facing Rental Value Rs 70 to 80 Close to Gate 2 Near to Park. Near to Masjid. Near to Markaz. All Facilities Available. Interested People Can Contact Easily.,"Built in year: 2024, Parking Spaces: 1, Lobby in Building, Double Glazed Windows, Central Air Conditioning, Central Heating, Flooring, Electricity Backup, Waste Disposal, Floor: 8, Floors in Building: 17, Elevators: 5, Service Elevators in Building, Other Main Features, Furnished","Broadband Internet Access, Satellite or Cable TV Ready, Business Center or Media Room in Building, Conference Room in Building, Intercom, ATM Machines, Other Business and Communication Facilities","Community Lawn or Garden, Community Swimming Pool, Community Gym, First Aid or Medical Centre, Day Care Centre, Kids Play Area, Barbeque Area, Mosque, Community Centre","Nearby Schools, Nearby Hospitals, Nearby Shopping Malls, Nearby Restaurants, Distance From Airport (kms), Nearby Public Transport Service, Other Nearby Places","Maintenance Staff, Security Staff, Laundry or Dry Cleaning Facility, Facilities for Disabled, Pets Allowed, Other Facilities","Bedrooms: 2, Bathrooms: 2, Servant Quarters: 1, Drawing Room, Dining Room, Kitchens: 1, Study Room, Prayer Room, Powder Room, Gym, Store Rooms: 1, Steam Room, Lounge or Sitting Room, Laundry Room, Other Rooms","Sauna, Other Healthcare and Recreation Facilities",,,
https://www.zameen.com/Property/islamabad_soan_garden_1_kanal_1_5_storey_house_available_for_sale_2_min_drive_to_highway_prime_location-50588534-338-1.html,House,PKR5.25 Crore,6,1 Kanal,For Sale,5,3 days ago,"Soan Garden, Islamabad, Islamabad Capital","18 MARLA DOUBLE STORY HOUSE FOR SALE 2 KM DISTANCE TO EXPRESS WAY CARPET STREET F BLOCK Dimension: 47x90 5 BEDROOM ATTACHED BATHROOM 1 TV LOUNGE 1 DRAWING ROOM WITH BATH 2 KITCHEN SARVENT WITH BATH 2 SEPARATE WATER TANK OVERHEAD & UNDERGROUND WITHOUT GAS 1 ELECTRIC METER NEAR TO MASJID, HIGHWAY, MARKET DEMAND 5.25","Built in year: 2024, Parking Spaces: 3, Flooring, Waste Disposal, Floors: 2","Broadband Internet Access, Satellite or Cable TV Ready, Intercom","Community Lawn or Garden, Community Gym, First Aid or Medical Centre, Day Care Centre, Kids Play Area, Barbeque Area, Mosque, Community Centre, Other Community Facilities","Nearby Schools, Nearby Hospitals, Nearby Shopping Malls, Nearby Restaurants, Distance From Airport (kms), Nearby Public Transport Service, Other Nearby Places","Maintenance Staff, Security Staff, Other Facilities","Bedrooms: 5, Bathrooms: 6, Servant Quarters: 1, Drawing Room, Dining Room, Kitchens: 1, Study Room, Powder Room, Store Rooms: 2, Lounge or Sitting Room, Laundry Room",Lawn or Garden,,,
https://www.zameen.com/Property/islamabad_mumtaz_city_5_marla_brand_new_house_for_sale_in_mumtaz_city_islamabad-53355132-3464-1.html,House,PKR2.45 Crore,5,5 Marla,For Sale,5,3 weeks ago,"Mumtaz City, Islamabad, Islamabad Capital",5 Marla brand new designer double unit house for sale in Mumtaz city islamabad near new international airport islamabad area 5 bedrooms with attached bathrooms 2 open kitchens luxury house contact for more information. . .,"Built in year: 1, Parking Spaces: 1, Double Glazed Windows, Central Air Conditioning, Central Heating, Flooring, Electricity Backup, Waste Disposal, Floors: 2, Other Main Features","Broadband Internet Access, Satellite or Cable TV Ready, Intercom, Other Business and Communication Facilities","Community Lawn or Garden, Community Swimming Pool, Community Gym, First Aid or Medical Centre, Day Care Centre, Kids Play Area, Barbeque Area, Mosque, Community Centre, Other Community Facilities","Nearby Schools, Nearby Hospitals, Nearby Shopping Malls, Nearby Restaurants, Distance From Airport (kms), Nearby Public Transport Service, Other Nearby Places","Maintenance Staff, Security Staff, Facilities for Disabled, Other Facilities","Bedrooms: 5, Bathrooms: 5, Servant Quarters: 1, Drawing Room, Dining Room, Kitchens: 2, Study Room, Prayer Room, Powder Room, Store Rooms: 1, Steam Room, Lounge or Sitting Room, Laundry Room, Other Rooms",,,,
https://www.zameen.com/Property/f_6_f-6_3_f-6_3_margalla_road_beautiful_house-46609463-3301-1.html,House,PKR2.35 Arab,6,3.9 Kanal,For Sale,9,5 days ago,"F-6, Islamabad, Islamabad Capital",F-6/3 Beautiful House 100 % Out of Market Deal Most Prime Location Of F6 Architect Designed Swimming pool 9 Bedrooms Accomodation 10 Wash Rooms 2 Kitchen With Branded Appliances 3 Servant Quarter Huge Parking Space Beautifully Maintained Lawn CDA Transfer. . Available For Sale Dem 2 Billion 35 crores,"Built in year: 2023, Parking Spaces: 4, Double Glazed Windows, Central Air Conditioning, Central Heating, Flooring, Electricity Backup, Waste Disposal, Floors: 3, Other Main Features, Furnished","Broadband Internet Access, Satellite or Cable TV Ready, Intercom, Other Business and Communication Facilities","Community Lawn or Garden, Community Swimming Pool, Community Gym, First Aid or Medical Centre, Day Care Centre, Kids Play Area, Barbeque Area, Mosque, Community Centre, Other Community Facilities","Nearby Schools, Nearby Hospitals, Nearby Shopping Malls, Nearby Restaurants, Distance From Airport (kms), Nearby Public Transport Service, Other Nearby Places","Maintenance Staff, Security Staff, Facilities for Disabled, Other Facilities","Bedrooms: 9, Bathrooms: 10, Servant Quarters: 3, Drawing Room, Dining Room, Kitchens: 2, Study Room, Prayer Room, Powder Room, Gym, Store Rooms: 2, Steam Room, Lounge or Sitting Room, Laundry Room, Other Rooms","Lawn or Garden, Swimming Pool, Sauna, Jacuzzi, Other Healthcare and Recreation Facilities",,,
https://www.zameen.com/Property/islamabad_f-8_f8-2_triple_storey_nice_house_for_sale-52418468-166-1.html,House,PKR55 Crore,6,1.8 Kanal,For Sale,10,2 weeks ago,"F-8, Islamabad, Islamabad Capital",F8-2 Main Park Road Most Prime Location of F8 888 Sqyard Cda Transfer Front and Back Open 100 percent out of Market Deal Excellent Option For All sort of Commercial Activities Swimming pool 10 Bedroom Accomodation 12 Wash Rooms with Modern Accessories 3 Kitchen Equipped with Branded Appliances 3 Tv Londges 2 Servant Quater Ample Parking space Dem 55 Crores,"Built in year, Parking Spaces: 8, Double Glazed Windows, Central Air Conditioning, Central Heating, Flooring, Electricity Backup, Waste Disposal, Other Main Features","Broadband Internet Access, Satellite or Cable TV Ready, Intercom, Other Business and Communication Facilities","Community Lawn or Garden, Community Gym, First Aid or Medical Centre, Day Care Centre, Kids Play Area, Barbeque Area, Mosque, Community Centre, Other Community Facilities","Nearby Schools, Nearby Hospitals, Nearby Shopping Malls, Nearby Restaurants, Distance From Airport (kms), Nearby Public Transport Service, Other Nearby Places","Maintenance Staff, Security Staff, Facilities for Disabled, Other Facilities","Bedrooms: 10, Bathrooms: 12, Servant Quarters: 2, Drawing Room, Dining Room, Kitchens: 3, Study Room, Prayer Room, Powder Room, Gym, Store Rooms: 2, Steam Room, Lounge or Sitting Room, Laundry Room","Lawn or Garden, Other Healthcare and Recreation Facilities",,,
https://www.zameen.com/Property/islamabad_f-7_f-7_fully_furnished_house-52478904-165-1.html,House,PKR49.5 Crore,5,1.3 Kanal,For Sale,5,4 days ago,"F-7, Islamabad, Islamabad Capital",F7-3 Fully Furnished Beautiful House 666 sqyard 5 Bedrooms Accomodation 5 Washrooms with Modern Accessories powder Room 2 Kitchen Equipped with Branded Appliances Servant Quater Ample Parking space Available Coming Rent 7 thousand dollars pm price 49 crores 50 lakh Almost Final Price,"Built in year: 1990, Parking Spaces: 10, Double Glazed Windows, Central Air Conditioning, Central Heating, Flooring, Electricity Backup, Waste Disposal, Floors: 1, Other Main Features, Furnished","Broadband Internet Access, Satellite or Cable TV Ready, Intercom, Other Business and Communication Facilities","Community Lawn or Garden, Community Swimming Pool, Community Gym, First Aid or Medical Centre, Day Care Centre, Kids Play Area, Barbeque Area, Mosque, Community Centre, Other Community Facilities","Nearby Schools, Nearby Hospitals, Nearby Shopping Malls, Nearby Restaurants, Distance From Airport (kms), Nearby Public Transport Service, Other Nearby Places","Maintenance Staff, Security Staff, Facilities for Disabled, Other Facilities","Bedrooms: 5, Bathrooms: 5, Servant Quarters: 1, Drawing Room, Dining Room, Kitchens: 2, Study Room, Prayer Room, Powder Room, Gym, Store Rooms: 1, Steam Room, Lounge or Sitting Room, Laundry Room, Other Rooms","Lawn or Garden, Swimming Pool, Sauna, Jacuzzi, Other Healthcare and Recreation Facilities",,,
https://www.zameen.com/Property/islamabad_f-8_f8_brand_new_house_for_sale-52499848-166-1.html,House,PKR1.75 Arab,6,4 Kanal,For Sale,8,1 week ago,"F-8, Islamabad, Islamabad Capital",F8 Almost Brand New House 4 Kanals Most Prime Location Swimming pool 8 Bedrooms Accommodation 8 Washrooms Rooms with Modern Accessories 2 Kitchen Equipped with Branded Appliances Lift installed Beautiful Lawns 2 Servant Quater Backup Generator Huge Parking space Dem 1 Billion 75 Crores Little Negotiable,"Built in year: 2025, Parking Spaces: 4, Double Glazed Windows, Central Air Conditioning, Central Heating, Flooring, Electricity Backup, Waste Disposal, Floors: 2, Other Main Features",,,,,"Bedrooms: 8, Bathrooms: 8, Servant Quarters: 2, Drawing Room, Dining Room, Kitchens: 2, Study Room, Prayer Room, Powder Room, Gym, Store Rooms: 2, Steam Room, Lounge or Sitting Room, Laundry Room, Other Rooms","Lawn or Garden, Sauna, Jacuzzi",,,
https://www.zameen.com/Property/islamabad_g-9_brand_new_designer_house_for_sale_at_prime_location_in_g-9-49068273-171-1.html,House,PKR15.75 Crore,6,14.2 Marla,For Sale,5,2 weeks ago,"G-9, Islamabad, Islamabad Capital","A Newly Build Designer House for Sale in Sector G-10. The Plot Size is 40x80, The House has Five Master Bed Rooms with Attached Washrooms, Drawing Room, Dinning Area, Spacious Lounge, Fully Equipped Kitchen and Two Servant Quarters. Asking Price for this House is 16 Crore. Original Pictures of the House is Attached. Full Video is Available on Tick Tok (malikzeeshanhaider) You may contact us on WhatsApp: +","Built in year: 2025, Parking Spaces: 4, Double Glazed Windows, Central Air Conditioning, Central Heating, Flooring, Electricity Backup, Waste Disposal, Floors, Other Main Features, Furnished","Broadband Internet Access, Satellite or Cable TV Ready, Intercom, Other Business and Communication Facilities","Community Lawn or Garden, Community Swimming Pool, Community Gym, First Aid or Medical Centre, Day Care Centre, Kids Play Area, Barbeque Area, Mosque, Community Centre, Other Community Facilities","Nearby Schools, Nearby Hospitals, Nearby Shopping Malls, Nearby Restaurants, Distance From Airport (kms), Nearby Public Transport Service, Other Nearby Places","Maintenance Staff, Security Staff, Facilities for Disabled, Other Facilities","Bedrooms: 8, Bathrooms: 8, Servant Quarters: 1, Drawing Room, Dining Room, Kitchens: 2, Study Room, Prayer Room, Powder Room, Gym, Store Rooms: 1, Steam Room, Lounge or Sitting Room, Laundry Room, Other Rooms","Lawn or Garden, Swimming Pool, Sauna, Jacuzzi, Other Healthcare and Recreation Facilities",,,
https://www.zameen.com/Property/mpchs_multi_gardens_mpchs_-_block_f_5_marla_brand_new_house_for_sale_in_multi_garden_b_17_islamabad-52726250-8527-1.html,House,PKR2.1 Crore,6,5 Marla,For Sale,4,1 week ago,"B-17, Islamabad, Islamabad Capital",5 Marla size: 25*50 Brand New Luxury house Double Story Double Unit Good location A++ construction quality 4 bedrooms 4 bathroom 2 kitchen 2 Drawing room 2 TV launge 1 servant quarter with attached washroom laundry Area powder room 1 Car porch space Walking distance from Masque Main commercial market Park school all facilities For more information contact:,"Built in year: 2025, Parking Spaces: 1, Double Glazed Windows, Flooring, Electricity Backup, Floors: 2, Other Main Features","Broadband Internet Access, Satellite or Cable TV Ready, Intercom","Community Lawn or Garden, Community Swimming Pool, Community Gym, First Aid or Medical Centre, Day Care Centre, Kids Play Area, Barbeque Area, Mosque, Community Centre","Nearby Schools, Nearby Hospitals, Nearby Shopping Malls, Nearby Restaurants, Distance From Airport (kms), Nearby Public Transport Service, Other Nearby Places","Security Staff, Other Facilities","Bedrooms: 4, Bathrooms: 6, Servant Quarters: 1, Drawing Room, Dining Room, Kitchens: 2, Study Room, Prayer Room, Powder Room, Gym, Store Rooms: 1, Steam Room, Lounge or Sitting Room, Laundry Room, Other Rooms","Lawn or Garden, Swimming Pool, Sauna, Jacuzzi",,,
https://www.zameen.com/Property/mpchs_multi_gardens_mpchs_-_block_c_8_marla_corner_luxury_house_for_sale_in_multi_garden_b_17_islamabad-52726747-3118-1.html,House,PKR4.3 Crore,6,8 Marla,For Sale,4,1 week ago,"B-17, Islamabad, Islamabad Capital",size: 30x60 C block Corner house Double Story Single Unit Top location beautiful house A++ construction quality water boring electricity For Further details to contact:,"Built in year: 2025, Parking Spaces: 2, Double Glazed Windows, Central Air Conditioning, Central Heating, Flooring, Electricity Backup, Waste Disposal, Floors: 2, Other Main Features","Broadband Internet Access, Satellite or Cable TV Ready, Intercom, Other Business and Communication Facilities","Community Lawn or Garden, Community Swimming Pool, Community Gym, First Aid or Medical Centre, Day Care Centre, Kids Play Area, Barbeque Area, Mosque, Community Centre, Other Community Facilities","Nearby Schools, Nearby Hospitals, Nearby Shopping Malls, Nearby Restaurants, Distance From Airport (kms), Nearby Public Transport Service, Other Nearby Places","Maintenance Staff, Security Staff, Facilities for Disabled, Other Facilities","Bedrooms: 4, Bathrooms: 6, Servant Quarters: 1, Drawing Room, Dining Room, Kitchens: 2, Study Room, Prayer Room, Powder Room, Gym, Store Rooms: 1, Steam Room, Lounge or Sitting Room, Laundry Room, Other Rooms","Lawn or Garden, Swimming Pool, Sauna, Jacuzzi",,,
https://www.zameen.com/Property/d_12_d-12_3_4_44_marla_single_unit_luxury_house_cda_sector_d-12_3_islamabad-53033749-3156-1.html,House,PKR4.65 Crore,5,4 Marla,For Sale,3,2 months ago,"D-12, Islamabad, Islamabad Capital","4.44 Marla Single Unit Luxury House CDA Sector D-12/3, Islamabad Presenting a luxury single-unit home in the highly sought-after CDA Sector D-12/3, offering an unobstructed open view and a prime residential setting. This property blends modern design with comfort, making it perfect for families or investors. Property Features: 3 spacious bedrooms with attached bathrooms Elegant drawing room and cozy lounge 2 modern kitchen with quality fittings Servant quarter for added convenience 1 car parking space Electricity and water bore available Currently rented at Rs. 135,000 per month, this home ensures a steady rental income alongside excellent value appreciation potential. Demand: Rs. 4,65,00,000 Location: CDA Sector D-12/3, Islamabad","Built in year, Parking Spaces: 1, Double Glazed Windows, Central Air Conditioning, Central Heating, Flooring, Electricity Backup, Waste Disposal, Floors: 2, Other Main Features, Furnished","Broadband Internet Access, Satellite or Cable TV Ready, Intercom, Other Business and Communication Facilities","Community Lawn or Garden, Community Swimming Pool, Community Gym, First Aid or Medical Centre, Day Care Centre, Kids Play Area, Barbeque Area, Mosque, Community Centre, Other Community Facilities","Nearby Schools, Nearby Hospitals, Nearby Shopping Malls, Nearby Restaurants, Distance From Airport (kms), Nearby Public Transport Service, Other Nearby Places","Maintenance Staff, Security Staff, Facilities for Disabled, Other Facilities","Bedrooms: 3, Bathrooms: 5, Servant Quarters: 1, Drawing Room, Dining Room, Kitchens: 2, Study Room, Prayer Room, Powder Room, Gym, Store Rooms: 1, Steam Room, Lounge or Sitting Room, Laundry Room, Other Rooms","Lawn or Garden, Swimming Pool, Sauna, Jacuzzi, Other Healthcare and Recreation Facilities",,,
https://www.zameen.com/Property/islamabad_bani_gala_become_owner_of_your_house_today_which_is_centrally_located_in_bani_gala_in_bani_gala-53298197-340-1.html,House,PKR2.3 Crore,4,7 Marla,For Sale,4,3 weeks ago,"Bani Gala, Islamabad, Islamabad Capital",7 Marla house for sale in Banigala Islamabad 4 Bedroom attach washroom 2 kitchen 2 TV loanch 2 drawing room car parking Demand 2 corore 30 lakh,"Parking Spaces, Double Glazed Windows, Central Air Conditioning, Central Heating, Flooring, Electricity Backup, Waste Disposal, Floors: 2, Other Main Features, Furnished","Broadband Internet Access, Satellite or Cable TV Ready, Intercom, Other Business and Communication Facilities","Community Lawn or Garden, Community Swimming Pool, Community Gym, First Aid or Medical Centre, Day Care Centre, Kids Play Area, Barbeque Area, Mosque, Community Centre, Other Community Facilities","Nearby Schools, Nearby Hospitals, Nearby Shopping Malls, Nearby Restaurants, Distance From Airport (kms), Nearby Public Transport Service, Other Nearby Places","Maintenance Staff, Security Staff, Facilities for Disabled, Other Facilities","Bedrooms: 3, Bathrooms: 2, Servant Quarters: 1, Drawing Room, Dining Room, Kitchens: 1, Study Room, Powder Room, Store Rooms: 1, Lounge or Sitting Room, Laundry Room, Other Rooms","Lawn or Garden, Swimming Pool, Sauna, Jacuzzi",,,
https://www.zameen.com/Property/islamabad_bani_gala_unoccupied_house_of_5_marla_is_available_for_sale_in_bani_gala-53298196-340-1.html,House,PKR1.8 Crore,4,5 Marla,For Sale,4,3 weeks ago,"Bani Gala, Islamabad, Islamabad Capital",5 Marla house for sale in Banigala Islamabad 4 Bedroom attach washroom 2 kitchen 2 TV loanch 2 drawing room car parking Demand 1Crore 80 lakhs,"Parking Spaces: 4, Double Glazed Windows, Central Air Conditioning, Central Heating, Flooring, Electricity Backup, Waste Disposal, Floors: 3, Other Main Features, Furnished","Broadband Internet Access, Satellite or Cable TV Ready, Intercom, Other Business and Communication Facilities","Community Lawn or Garden, Community Swimming Pool, Community Gym, First Aid or Medical Centre, Day Care Centre, Kids Play Area, Barbeque Area, Mosque, Community Centre, Other Community Facilities","Nearby Schools, Nearby Hospitals, Nearby Shopping Malls, Nearby Restaurants, Distance From Airport (kms), Nearby Public Transport Service, Other Nearby Places","Maintenance Staff, Security Staff, Other Facilities","Bedrooms: 12, Bathrooms: 12, Servant Quarters: 1, Drawing Room, Dining Room, Kitchens: 3, Study Room, Prayer Room, Powder Room, Gym, Steam Room, Lounge or Sitting Room, Laundry Room",,,,
https://www.zameen.com/Property/mpchs_multi_gardens_mpchs_-_block_c_multi_garden_b_17_block_c_size_30_60_available_for_sale-53249128-3118-1.html,House,PKR4.25 Crore,7,8 Marla,For Sale,5,6 days ago,"B-17, Islamabad, Islamabad Capital",Brand New House Desighnr House faisal coceld fiting porta camode Ash Wood ALnoor SuperGlass Sheet 1.6 Aluminum Fast Cable Faal Ceiling And Much More Further Information Plz Contact BEST CHOICE PROPERTY Muhammad Tayyab Awan View Contact Detail,"Built in year: 2025, Parking Spaces: 3, Flooring, Electricity Backup, Floors: 2, Other Main Features","Broadband Internet Access, Satellite or Cable TV Ready, Intercom","Community Lawn or Garden, Community Gym, First Aid or Medical Centre, Kids Play Area, Barbeque Area, Mosque, Community Centre","Nearby Schools, Nearby Hospitals, Nearby Shopping Malls, Nearby Restaurants, Distance From Airport (kms), Nearby Public Transport Service, Other Nearby Places","Security Staff, Other Facilities","Bedrooms: 7, Bathrooms: 7, Servant Quarters, Drawing Room, Dining Room, Kitchens: 2, Study Room, Powder Room, Store Rooms, Lounge or Sitting Room, Laundry Room",Lawn or Garden,,,
https://www.zameen.com/Property/g_14_g-14_4_25_40_house_for_sale_in_g-14islamabad-53275880-3346-1.html,House,PKR4.5 Crore,5,4 Marla,For Sale,4,2 weeks ago,"G-14, Islamabad, Islamabad Capital","4Marla (25*40) House For sale Located At Prime Location Of G-14/4 About the Property: 4Bedrooms 5 Washrooms Drawing Dining 2 Kitchens 2 TV Lounge Powder Room Servant Quarter With attached Washroom Car Parking Tile Flooring Green Lawn Double Unit House ideal Locality Electricity Available Water Boring Running & also Water Supply Facility available All Facilities Are Available Which Is The Need OF Living Very Near to Main Double Road and Kashmir Highway Very Near to School, College, Market, Masjid Park Gym Located in one of the best locations of G-14/4Reply Islamabad","Built in year: 2025, Parking Spaces: 1, Double Glazed Windows, Central Air Conditioning, Central Heating, Flooring, Electricity Backup, Waste Disposal, Other Main Features","Broadband Internet Access, Satellite or Cable TV Ready, Intercom, Other Business and Communication Facilities","Community Lawn or Garden, Community Swimming Pool, Community Gym, First Aid or Medical Centre, Day Care Centre, Kids Play Area, Barbeque Area, Mosque, Community Centre, Other Community Facilities","Nearby Schools, Nearby Hospitals, Nearby Shopping Malls, Nearby Restaurants, Distance From Airport (kms), Nearby Public Transport Service, Other Nearby Places","Maintenance Staff, Security Staff, Facilities for Disabled, Other Facilities","Bedrooms: 4, Bathrooms: 5, Servant Quarters: 1, Drawing Room, Dining Room, Kitchens: 2, Study Room, Prayer Room, Powder Room, Gym, Store Rooms: 2, Steam Room, Lounge or Sitting Room, Laundry Room, Other Rooms","Sauna, Jacuzzi, Other Healthcare and Recreation Facilities",,,
https://www.zameen.com/Property/islamabad_i-14_brand_new_6_marla_pair_house_for_sale_250_each-53309842-1045-1.html,House,PKR2.5 Crore,6,6 Marla,For Sale,4,1 month ago,"I-14, Islamabad, Islamabad Capital","Brand New 6 Marla Pair House for Sale Near Sector I-14, Islamabad A beautiful brand new 6 Marla pair house is available for sale in a prime location near Sector I-14, Islamabad. Features: Brand new construction with modern design Water boring and electricity available Spacious rooms with stylish interiors Peaceful and secure neighborhood Ideal location with easy access to main roads and markets Location: Near Sector I-14, Islamabad Perfect opportunity for families or investors looking for a ready-to-move, high-quality home in Islamabad.","Built in year: 2025, Parking Spaces, Flooring, Floors: 2, Other Main Features",Broadband Internet Access,"Community Lawn or Garden, Community Gym, Kids Play Area, Mosque, Community Centre","Nearby Schools, Nearby Hospitals, Nearby Shopping Malls, Nearby Restaurants, Distance From Airport (kms), Nearby Public Transport Service, Other Nearby Places","Security Staff, Other Facilities","Bedrooms: 4, Bathrooms: 6, Servant Quarters, Drawing Room, Dining Room, Kitchens: 2, Prayer Room, Powder Room, Store Rooms, Lounge or Sitting Room, Laundry Room",Lawn or Garden,,,
https://www.zameen.com/Property/bahria_enclave_bahria_enclave_-_sector_n_designer_house_5_marla_for_sale_in_sector_n_bahria_enclave_islamabad-53155073-11975-1.html,House,PKR2.4 Crore,4,5 Marla,For Sale,3,1 day ago,"Bahria Town, Islamabad, Islamabad Capital","5 Marla Designer House for Sale in Sector N Bahria Enclave Islamabad Margalla Facing Location: Sector N Bahria Enclave Islamabad Size: 5 Marla Bedrooms: 3 Bathrooms: 4 Car Parking: 1 View: Stunning Margalla Hills View Construction: Solid, Designer Build Experience luxury living in this beautifully constructed 5 Marla designer house located in the prime Sector N of Bahria Enclave Islamabad. Built with attention to detail and top-tier materials, this home offers the perfect blend of comfort, elegance, and practicality. Key Features: Solid construction with premium finishing and fittings Spacious layout with 3 bedrooms, each with attached modern bathrooms Stylish drawing, dining, and lounge areas Modern designer kitchen with high-end cabinetry and fixtures Servant quarter with attached bath Store room and laundry area Beautiful terrace with breathtaking Margalla Hills views Wide street and peaceful neighborhood Electricity, and water connections available Ideal for families seeking comfort and long-term investment Why Sector N Bahria Enclave? One of the most developed and sought-after sectors Close proximity to Main Gate, Zoo, and Civic Zone Solid land with no filling issues Secure and serene environment with 24/7 security --- Contact now to schedule a visit and experience this exquisite property firsthand this property","Built in year: 2025, Parking Spaces: 1, Double Glazed Windows, Central Air Conditioning, Central Heating, Flooring, Electricity Backup, Waste Disposal, Floors: 2, Other Main Features","Broadband Internet Access, Satellite or Cable TV Ready, Intercom, Other Business and Communication Facilities","Community Lawn or Garden, Community Swimming Pool, Community Gym, First Aid or Medical Centre, Day Care Centre, Kids Play Area, Barbeque Area, Mosque, Community Centre, Other Community Facilities","Nearby Schools, Nearby Hospitals, Nearby Shopping Malls, Nearby Restaurants, Distance From Airport (kms), Nearby Public Transport Service, Other Nearby Places","Maintenance Staff, Security Staff, Other Facilities","Bedrooms: 3, Bathrooms: 5, Servant Quarters: 1, Drawing Room, Dining Room, Kitchens: 2, Study Room, Prayer Room, Powder Room, Lounge or Sitting Room, Other Rooms","Lawn or Garden, Other Healthcare and Recreation Facilities",,,
https://www.zameen.com/Property/bahria_enclave_cube_apartments_luxury_cube_apartment_available_for_sale_in_bahria_enclave_islamabad-53166303-21520-1.html,Flat,PKR1.08 Crore,2,5.1 Marla,For Sale,1,1 day ago,"Bahria Town, Islamabad, Islamabad Capital","Murree Facing 1 Bed Designer Apartment for Sale 1150sqft Apartments, Sector A , Bahria Enclave Islamabad Location: Cube Apartments, Sector A Bahria Enclave Islamabad Size: 1150 Bedroom: 1 Bathroom: 2(Attached, Modern Design) Lounge + Dining Open Style Kitchen View: Breathtaking Margalla Hills View Construction: Solid, Designer Finish Building Amenities: 24/7 Security & CCTV Surveillance Fast Elevators & Backup Generator Basement Car Parking Lobby & Reception Area Well-Maintained Common Areas Gated Community with Full Bahria Facilities Location Highlights: Located in Cube Apartments Walking Distance to Masjid, Park & Commercial Nearby Schools, Clinics, Grocery Stores & Restaurants Peaceful Neighborhood with Clean Surroundings Ideal For: End-users looking for modern and peaceful living Investors seeking strong rental yield and capital appreciation Small families, couples, students, or short-term rental income.","Built in year: 2024, Parking Spaces: 1, Lobby in Building, Double Glazed Windows, Central Air Conditioning, Central Heating, Flooring, Electricity Backup, Waste Disposal, Floor: 4, Floors in Building: 9, Elevators: 2, Service Elevators in Building, Other Main Features, Furnished","Broadband Internet Access, Satellite or Cable TV Ready, Business Center or Media Room in Building, Conference Room in Building, Intercom, ATM Machines, Other Business and Communication Facilities","Community Lawn or Garden, Community Swimming Pool, Community Gym, First Aid or Medical Centre, Day Care Centre, Kids Play Area, Barbeque Area, Mosque, Community Centre, Other Community Facilities","Nearby Schools, Nearby Hospitals, Nearby Shopping Malls, Nearby Restaurants, Distance From Airport (kms), Nearby Public Transport Service, Other Nearby Places","Maintenance Staff, Security Staff, Facilities for Disabled, Other Facilities","Bedrooms: 1, Bathrooms: 2, Servant Quarters: 1, Drawing Room, Dining Room, Kitchens: 1, Study Room, Prayer Room, Powder Room, Gym, Store Rooms: 1, Steam Room, Lounge or Sitting Room, Laundry Room, Other Rooms","Sauna, Jacuzzi, Other Healthcare and Recreation Facilities",,,
https://www.zameen.com/Property/islamabad_g-9_g9_10_marla_double_story_for_sale-53285079-171-1.html,House,PKR8.25 Crore,4,10 Marla,For Sale,4,1 day ago,"G-9, Islamabad, Islamabad Capital","This 2250 Square Feet House is the best real estate asset you can purchase at the moment. Irresistible House for sale with unmatched facilities and amenities. Find best properties for sale in one of the G-9's most sought-after locations. With property in G-9, you'll live the life of your dreams. When it comes to housing, location is everything and we have quite a many options regarding that. You won't find a better price than the current Rs. 82500000 for these kind of properties. Call us today to find out more.","Built in year: 2024, Parking Spaces: 1, Double Glazed Windows, Central Air Conditioning, Central Heating, Flooring, Electricity Backup, Waste Disposal, Floors: 2, Other Main Features, Furnished","Broadband Internet Access, Satellite or Cable TV Ready, Intercom, Other Business and Communication Facilities","Community Lawn or Garden, Community Swimming Pool, Community Gym, First Aid or Medical Centre, Day Care Centre, Kids Play Area, Barbeque Area, Mosque, Community Centre, Other Community Facilities","Nearby Schools, Nearby Hospitals, Nearby Shopping Malls, Nearby Restaurants, Distance From Airport (kms), Nearby Public Transport Service, Other Nearby Places","Maintenance Staff, Security Staff, Facilities for Disabled, Other Facilities","Bedrooms: 3, Bathrooms: 3, Servant Quarters: 2, Drawing Room, Dining Room, Kitchens: 1, Study Room, Prayer Room, Powder Room, Gym, Store Rooms: 2, Steam Room, Lounge or Sitting Room, Laundry Room, Other Rooms","Lawn or Garden, Swimming Pool, Sauna, Jacuzzi, Other Healthcare and Recreation Facilities",,,
https://www.zameen.com/Property/g_8_g-8_2_25_50_cda_transfer_back_open_good_location_house_available_in_g-8_2-53305907-3377-1.html,House,PKR4.5 Crore,4,5.6 Marla,For Sale,4,1 day ago,"G-8, Islamabad, Islamabad Capital",25*50 Cda Transfer Back Open Good Location House Available In G-8/2,"Built in year: 2025, Parking Spaces: 1, Double Glazed Windows, Central Air Conditioning, Central Heating, Flooring, Electricity Backup, Waste Disposal, Floors: 2, Other Main Features, Furnished","Broadband Internet Access, Satellite or Cable TV Ready, Intercom, Other Business and Communication Facilities","Community Lawn or Garden, Community Swimming Pool, Community Gym, First Aid or Medical Centre, Day Care Centre, Kids Play Area, Barbeque Area, Mosque, Community Centre, Other Community Facilities","Nearby Schools, Nearby Hospitals, Nearby Shopping Malls, Nearby Restaurants, Nearby Public Transport Service, Other Nearby Places","Maintenance Staff, Security Staff, Facilities for Disabled, Other Facilities","Bedrooms: 4, Bathrooms: 4, Servant Quarters: 6, Drawing Room, Dining Room, Kitchens: 2, Study Room, Prayer Room, Powder Room, Gym, Store Rooms: 4, Steam Room, Lounge or Sitting Room, Laundry Room, Other Rooms","Lawn or Garden, Swimming Pool, Sauna, Jacuzzi, Other Healthcare and Recreation Facilities",,,
https://www.zameen.com/Property/dha_defence_dha_defence_phase_1_prime_1_kanal_house_for_sale_in_dha_phase_1_b_orchard_modern_well-maintained_priced_to_sell-52100014-376-1.html,House,PKR7.95 Crore,7,1 Kanal,For Sale,6,1 week ago,"DHA Defence, Islamabad, Islamabad Capital","Discover this stunning 1 Kanal designer house in DHA Phase 1, B Orchard, offering a blend of elegance, functionality, and prime location. This double-story, double-unit house features separate entrances for the upper and lower portions, making it ideal for joint or independent living. Key Features: Lower Portion: Industrial-themed design with 3 spacious bedrooms, a drawing room, dining area, TV lounge, modern kitchen, auxiliary kitchen, and store. Upper Portion: 3 bedrooms, a drawing room, dining area, TV lounge, kitchen, and ample living space. Servant Room: Conveniently located on the rooftop. Outdoor Space: A large porch with parking for multiple vehicles and extra land at the back. Highlights: Designer-built house with high-quality finishes. Excellent location close to essential amenities: school, park, mosque, and the upcoming commercial hub. The new commercial area is perfectly situatedclose enough for convenience but far enough to ensure privacy and tranquility. Only 4 years old, well-maintained, and in pristine condition. This house offers an exceptional opportunity for families seeking a modern, well-settled home in DHA Phase 1. Don't miss the chance to own this gem at an attractive price!","Built in year, Parking Spaces, Double Glazed Windows, Central Air Conditioning, Central Heating, Flooring, Electricity Backup, Waste Disposal, Floors, Other Main Features, Furnished","Broadband Internet Access, Satellite or Cable TV Ready, Intercom, Other Business and Communication Facilities","Community Lawn or Garden, Community Swimming Pool, Community Gym, First Aid or Medical Centre, Day Care Centre, Kids Play Area, Barbeque Area, Mosque, Community Centre, Other Community Facilities","Nearby Schools, Nearby Hospitals, Nearby Shopping Malls, Nearby Restaurants, Distance From Airport (kms), Nearby Public Transport Service, Other Nearby Places","Maintenance Staff, Security Staff, Facilities for Disabled, Other Facilities","Bedrooms: 6, Bathrooms: 7, Servant Quarters: 1, Drawing Room, Dining Room, Kitchens: 3, Study Room, Prayer Room, Powder Room, Gym, Store Rooms: 1, Steam Room, Lounge or Sitting Room, Laundry Room, Other Rooms","Lawn or Garden, Swimming Pool, Sauna, Jacuzzi, Other Healthcare and Recreation Facilities",,,
https://www.zameen.com/Property/islamabad_i-14_5_marla_brand_new_corner_house_for_sale_in_cda_sector_i_-14_4_islamabad-48800845-1045-1.html,House,PKR2.7 Crore,6,5 Marla,For Sale,4,4 days ago,"I-14, Islamabad, Islamabad Capital",5 Marla Brand New Corner House For Sale in Most developed sub sector of I -14 located at prime location Park Facing Corner Hiuse with extra frond and side elevation land finishing with high gloss materials water bore already done separate Entrance for upper portion,"Built in year: 2024, Parking Spaces, Double Glazed Windows, Central Air Conditioning, Central Heating, Flooring, Electricity Backup, Waste Disposal, Floors: 2, Other Main Features, Furnished","Broadband Internet Access, Satellite or Cable TV Ready, Intercom, Other Business and Communication Facilities","Community Lawn or Garden, Community Swimming Pool, Community Gym, First Aid or Medical Centre, Day Care Centre, Kids Play Area, Barbeque Area, Mosque, Community Centre, Other Community Facilities","Nearby Schools, Nearby Hospitals, Nearby Shopping Malls, Nearby Restaurants, Distance From Airport (kms), Nearby Public Transport Service, Other Nearby Places","Maintenance Staff, Security Staff, Facilities for Disabled, Other Facilities","Bedrooms: 4, Bathrooms: 6, Servant Quarters: 01, Drawing Room, Dining Room, Kitchens: 02, Study Room, Prayer Room, Powder Room, Gym, Store Rooms: 01, Steam Room, Lounge or Sitting Room, Laundry Room, Other Rooms","Lawn or Garden, Swimming Pool, Sauna, Jacuzzi, Other Healthcare and Recreation Facilities",,,
https://www.zameen.com/Property/g_9_g-9_4_25_50_cda_transfer_nice_located_liveable_house_available_in_g-9_4-53294568-3387-1.html,House,PKR4.75 Crore,3,6.7 Marla,For Sale,4,5 hours ago,"G-9, Islamabad, Islamabad Capital","30*50 cda transfer nice located liveable house available in g-9/4 Peacefully located away from the hustle and bustle of the main city, this House will give you the peace of mind you need most. If you are on a budget, this property might suit your pocket nicely. In G-9/4, you can enjoy some great locational benefits. Now you can enjoy some of the most luxurious amenities in just Rs. 47500000 The metropolis of Islamabad is offering a 1500 Square Feet House at an ideal location of G-9/4. You can make changes as per your liking in the 1500 Square Feet bungalow up for sale. What more this property has to tell you is written below. Enjoy fast speed broadband internet access available in the property. Active security staff is on duty 24/7 to keep residents safe and secure. Having a laundry space in the House comes in handy. Your kids can play to their heart's content in the play area adjoining the property. The advantages of double-glazed windows in the House are many. The House features state-of-the-art amenities for the differently-abled. The study room that is part of the House can easily be used as an at-home office. Book your appointment by giving us a call.","Built in year: 2027, Parking Spaces: 1, Double Glazed Windows, Central Air Conditioning, Central Heating, Flooring, Electricity Backup, Waste Disposal, Floors: 2, Other Main Features, Furnished","Broadband Internet Access, Satellite or Cable TV Ready, Intercom, Other Business and Communication Facilities","Community Lawn or Garden, Community Swimming Pool, Community Gym, First Aid or Medical Centre, Day Care Centre, Kids Play Area, Barbeque Area, Mosque, Community Centre, Other Community Facilities","Nearby Schools, Nearby Hospitals, Nearby Shopping Malls, Nearby Restaurants, Distance From Airport (kms), Nearby Public Transport Service, Other Nearby Places","Maintenance Staff, Security Staff, Facilities for Disabled, Other Facilities","Bedrooms: 2, Bathrooms: 2, Servant Quarters: 1, Drawing Room, Dining Room, Kitchens: 2, Study Room, Prayer Room, Powder Room, Gym, Store Rooms: 1, Steam Room, Lounge or Sitting Room, Laundry Room, Other Rooms","Lawn or Garden, Sauna, Jacuzzi, Other Healthcare and Recreation Facilities",,,
https://www.zameen.com/Property/dha_defence_dha_defence_phase_2_top_one_kanal_solid_modern_aesthetically_designer_house_for_sale-52340113-339-1.html,House,PKR14.75 Crore,5,1 Kanal,For Sale,5,5 days ago,"DHA Defence, Islamabad, Islamabad Capital","1 Kanal Top Modern Villa Inside the DHA Phase 2 Islamabad For Sale Dream Home, Interior Design, Architecture, Luxury living, Home tour, modern amenities, spacious rooms, stunning views. Description: Welcome to the ultimate house tour! Step into a world of luxury and sophistication as we explore this magnificent dream home. From the exquisite interior design to the breathtaking architecture, every detail has been meticulously crafted to create a haven of elegance and comfort. Get ready to be inspired by the spacious rooms, state-of-the-art amenities, and panoramic views that will leave you in awe. Join us on this virtual journey and let yourself be transported to a world of opulence and serenity. Dont forget to like, subscribe, and share this video to spread the beauty of luxury living! For More Options And Details Contact Us","Built in year: 2024, Parking Spaces: 3, Double Glazed Windows, Central Air Conditioning, Central Heating, Flooring, Electricity Backup, Waste Disposal, Floors: 2, Other Main Features, Furnished","Broadband Internet Access, Satellite or Cable TV Ready, Intercom, Other Business and Communication Facilities","Community Lawn or Garden, Community Swimming Pool, Community Gym, First Aid or Medical Centre, Day Care Centre, Kids Play Area, Barbeque Area, Mosque, Community Centre, Other Community Facilities","Nearby Schools, Nearby Hospitals, Nearby Shopping Malls, Nearby Restaurants, Distance From Airport (kms), Nearby Public Transport Service, Other Nearby Places","Maintenance Staff, Security Staff, Facilities for Disabled, Other Facilities","Bedrooms: 5, Bathrooms: 5, Servant Quarters: 2, Drawing Room, Dining Room, Kitchens: 2, Study Room, Prayer Room, Powder Room, Gym, Store Rooms: 1, Steam Room, Lounge or Sitting Room, Laundry Room, Other Rooms","Lawn or Garden, Sauna, Jacuzzi, Other Healthcare and Recreation Facilities",,,
https://www.zameen.com/Property/dha_defence_dha_defence_phase_2_beautiful_amazing_top_of_the_line_top_designer_house_for_sale-52352713-339-1.html,House,PKR13.5 Crore,5,1 Kanal,For Sale,5,3 days ago,"DHA Defence, Islamabad, Islamabad Capital",Elite Property Exchange Offers: - 5 Luxury Bedrooms With Attached Branded Washrooms. - Huge Walk-in Wardrobes - Powder Room For Guests - 22 Ft Double Heighted Lobby - Jacuzzi x 3 - ROCCA Toilet Seats - Imported Tiled Flooring - Modern Kitchen - Bosch and Vatti appliances - Dawlance Washing Machine - Dish washer - Turkish Double-glazed windows - Electric Fencing - Automatic main gate - Smart fingerprint main door lock - Beautiful TV Lounge - Drawing Room & Dining Room - Huge Walk-in Cabinets - Imported Ceramics - 3 Cars Parking Space. . - Fully Solid Mahogany Doors & Woodwork - Fancy Elegant Modern Chandelier. - High Quality Diamond Paint And Polish Work. - Pakistan Cable For Visits And Details Contact Us,"Built in year: 2025, Parking Spaces: 3, Double Glazed Windows, Central Air Conditioning, Central Heating, Flooring, Electricity Backup, Waste Disposal, Floors: 2","Broadband Internet Access, Satellite or Cable TV Ready, Intercom","Community Lawn or Garden, Community Swimming Pool, Community Gym, First Aid or Medical Centre, Day Care Centre, Kids Play Area, Barbeque Area, Mosque, Community Centre","Nearby Schools, Nearby Hospitals, Nearby Shopping Malls, Nearby Restaurants, Distance From Airport (kms), Nearby Public Transport Service, Other Nearby Places","Maintenance Staff, Security Staff, Facilities for Disabled","Bedrooms: 5, Bathrooms: 5, Drawing Room, Dining Room, Kitchens: 1, Study Room, Prayer Room, Powder Room, Gym, Store Rooms: 1, Steam Room, Lounge or Sitting Room, Laundry Room, Other Rooms","Lawn or Garden, Sauna, Jacuzzi",,,
https://www.zameen.com/Property/dha_defence_dha_defence_phase_2_1_kanal_modern_ultimate_masterpiece_in_dha_phase_2_islamabad-52465396-339-1.html,House,PKR14.75 Crore,5,1 Kanal,For Sale,5,9 hours ago,"DHA Defence, Islamabad, Islamabad Capital","1 Kanal Top Modern Villa Inside the DHA Phase 2 Islamabad For Sale Dream Home, Interior Design, Architecture, Luxury living, Home tour, modern amenities, spacious rooms, stunning views. Description: Welcome to the ultimate house tour! Step into a world of luxury and sophistication as we explore this magnificent dream home. From the exquisite interior design to the breathtaking architecture, every detail has been meticulously crafted to create a haven of elegance and comfort. Get ready to be inspired by the spacious rooms, state-of-the-art amenities, and panoramic views that will leave you in awe. Join us on this virtual journey and let yourself be transported to a world of opulence and serenity. Dont forget to like, subscribe, and share this video to spread the beauty of luxury living! For More Options And Details Contact Us","Built in year: 2025, Parking Spaces: 3, Double Glazed Windows, Central Air Conditioning, Central Heating, Flooring, Electricity Backup, Waste Disposal, Floors: 2","Broadband Internet Access, Satellite or Cable TV Ready, Intercom","Community Lawn or Garden, Community Swimming Pool, Community Gym, First Aid or Medical Centre, Day Care Centre, Kids Play Area, Barbeque Area, Mosque, Community Centre","Nearby Schools, Nearby Hospitals, Nearby Shopping Malls, Nearby Restaurants, Distance From Airport (kms), Nearby Public Transport Service, Other Nearby Places","Maintenance Staff, Security Staff, Facilities for Disabled","Bedrooms: 5, Bathrooms: 5, Servant Quarters: 1, Drawing Room, Dining Room, Kitchens: 2, Study Room, Prayer Room, Powder Room, Gym, Store Rooms: 1, Steam Room, Lounge or Sitting Room, Laundry Room, Other Rooms","Lawn or Garden, Sauna, Jacuzzi",,,
https://www.zameen.com/Property/f_8_f-8_4_60_100_corner_house_available_in_f-8_4_on_good_location-52898582-3317-1.html,House,PKR27.25 Crore,5,1.3 Kanal,For Sale,5,3 weeks ago,"F-8, Islamabad, Islamabad Capital","60*90 Corner House Available In F-8/4 On Good Location PKR Rs. 272500000 is the best price for property right now, so hurry up before it is too late. Become the owner of 666 Square Yards property in few easy steps. House comes with spacious rooms and amenities, making for a comfortable place to live. In F-8/4, you can find your dream property like this at the click of a button. The House available for sale is built keeping functionality in mind, book it today before it's gone. Unable to find investment opportunities in Islamabad? Check out our listings. The details of the property are listed down below. A prayer room in the House comes handy when you have guests and they would like to offer prayer. To provide a complete lifestyle experience, the project offers a variety of urban amenities, including broadband internet access. Central heating is a convenient feature in the House to control and use. Waste disposal management services ensures the premise is kept clean. Having double glazed windows in the House cancels the outside noise. All your washing can be done in one place with a laundry room that serves the purpose. The House is located close to a mosque and you can hear the call for prayer. Looking for property options? Contact us and let us guide you for the best offers.","Parking Spaces: 5, Double Glazed Windows, Central Air Conditioning, Central Heating, Flooring, Electricity Backup, Waste Disposal, Floors: 2, Other Main Features","Broadband Internet Access, Satellite or Cable TV Ready, Intercom, Other Business and Communication Facilities","First Aid or Medical Centre, Day Care Centre, Kids Play Area, Barbeque Area, Mosque, Community Centre, Other Community Facilities","Nearby Schools, Nearby Hospitals, Nearby Shopping Malls, Nearby Restaurants, Distance From Airport (kms), Nearby Public Transport Service, Other Nearby Places","Maintenance Staff, Security Staff, Facilities for Disabled, Other Facilities","Bedrooms: 5, Bathrooms: 5, Servant Quarters: 1, Drawing Room, Dining Room, Kitchens: 2, Study Room, Prayer Room, Powder Room, Store Rooms: 1, Steam Room, Lounge or Sitting Room, Laundry Room, Other Rooms",Other Healthcare and Recreation Facilities,,,
https://www.zameen.com/Property/islamabad_faisal_town_-_f-18_5_marla_house_faisal_town_for_sale-53225321-8260-1.html,House,PKR2.5 Crore,6,5 Marla,For Sale,6,3 weeks ago,"Faisal Town - F-18, Islamabad, Islamabad Capital",Faisal Town 5-marla house for sale! - 6 spacious bedrooms - 6 attached bathrooms - Gas meter installed - Electricity meter installed - Functional water bore,"Built in year: 2025, Parking Spaces: 1, Double Glazed Windows, Central Air Conditioning, Central Heating, Flooring, Electricity Backup, Waste Disposal, Floors: 2, Other Main Features, Furnished","Broadband Internet Access, Satellite or Cable TV Ready, Intercom, Other Business and Communication Facilities","Community Lawn or Garden, Community Swimming Pool, Community Gym, First Aid or Medical Centre, Day Care Centre, Kids Play Area, Barbeque Area, Mosque, Community Centre, Other Community Facilities","Nearby Schools, Nearby Hospitals, Nearby Shopping Malls, Nearby Restaurants, Distance From Airport (kms), Nearby Public Transport Service, Other Nearby Places","Maintenance Staff, Security Staff, Facilities for Disabled, Other Facilities","Bedrooms: 6, Bathrooms: 6, Servant Quarters: 2, Drawing Room, Dining Room, Kitchens: 2, Study Room, Prayer Room, Powder Room, Gym, Store Rooms: 1, Steam Room, Lounge or Sitting Room, Laundry Room, Other Rooms","Lawn or Garden, Swimming Pool, Sauna, Jacuzzi, Other Healthcare and Recreation Facilities",,,
https://www.zameen.com/Property/dha_defence_dha_defence_phase_2_beautiful_designer_house_available_for_sale-53227480-339-1.html,House,PKR3.5 Crore,4,5 Marla,For Sale,4,23 hours ago,"DHA Defence, Islamabad, Islamabad Capital","Options for 5 Marla properties may be limited, so book yours while it is available. You can be an owner of a well-fitted property that is available for sale in a posh area. Your dream home in Islamabad will be the centre of attraction for all your friends. The House comes with spacious rooms, best suited for larger families. If you've looked at some of the other property listings in this Rs. 35000000 range, you'll definitely note that this offer is a bargain. The prime location of DHA Defence Phase 2 will also ensure that your real estate asset will have great market value. Features of property as follow. Keep your House organized by keeping all your laundry essentials in the laundry room. Having a garden in the House adds to the beauty and proves to be healthy for the family. You can enjoy superior air-quality with a central air-conditioning system that is part of the House. House with double-glazed windows appear more attractive and safe. Feeling stressed? Simply step into the steam room that is part of the House for a few minutes. Have informal discussions or hang out in the lounge/sitting room that's built on the property. Your guests can conveniently use the powder room as opposed to personal washrooms. For any kind of property advice, you can get in touch with us.","Built in year: 2014, Parking Spaces: 1, Double Glazed Windows, Central Air Conditioning, Central Heating, Flooring, Waste Disposal, Floors: 2, Other Main Features",,,"Nearby Schools, Nearby Hospitals, Nearby Shopping Malls, Nearby Restaurants, Distance From Airport (kms), Nearby Public Transport Service, Other Nearby Places","Security Staff, Other Facilities","Bedrooms: 4, Bathrooms: 4, Servant Quarters: 1, Drawing Room, Dining Room, Kitchens: 2, Study Room, Prayer Room, Powder Room, Gym, Store Rooms: 1, Steam Room, Lounge or Sitting Room, Laundry Room, Other Rooms",,,,
https://www.zameen.com/Property/dha_defence_dha_defence_phase_2_1_kanal_straight_line_modern_designer_house_for_sale-52319623-339-1.html,House,PKR14.5 Crore,5,1 Kanal,For Sale,5,4 days ago,"DHA Defence, Islamabad, Islamabad Capital","Elite Property Exchange Offers 1- Designed on modern lines, straight line architecture. 2- Structure designed by Emaarsons. 3- A++ quality materials used right from the very the start till finishing. Also top of the line craftsmen were employed for each n every task in the project. 4- Fazal Steel used in the project. 5-Top of the line bricks used 6-Pakistan Cables, Schneider Breakers, Lahore Fan Horizon model (Inverter Fans), used throughout. 7-PPR (PN-20) and PVC (SDR-41) by Popular Pipes used. 8-Chawla Aluminum (Best quality) used along with 8mm tempered glass used in windows. 9-Imported tiles provided by RAK Tiles and S Abdullah used in the entire project. No local or Chinese brand used anywhere for flooring and washrooms. 10-All the washrooms are equipped with top-of-the-line concealed fttings. 11-Only Nippon and ICI paints products used in the entire house. 12-Top of the line only Sapele Wood provided by IHC used for wood work in the entire house 13-Entirely solid doors, jamb frames, solid beading and solid overlap used 14-Completely solid Sapele wood used in the staircases. 15-All the three kitchens are provided and installed by Interwood. Kitchens are equipped with Vatti Hoods, Hobs, Microwaves n Oven 16-Full height aluminum and glass wardrobes installed in every room. Only Chawla aluminum with tempered glass used. MDF and not chipboard used for Carcass 17-Automated gate (Italian Motor installed) 18-Cctv cameras installed. 19-Every space of the house is very well designed and accurately finished keeping in view both the practicality and aesthetics. Carefully selected material used throughout For More Options And Visit Contact Us","Built in year: 2024, Parking Spaces: 3, Double Glazed Windows, Central Air Conditioning, Central Heating, Flooring, Electricity Backup, Waste Disposal, Floors: 2, Other Main Features, Furnished","Broadband Internet Access, Satellite or Cable TV Ready, Intercom, Other Business and Communication Facilities","Community Lawn or Garden, Community Swimming Pool, Community Gym, First Aid or Medical Centre, Day Care Centre, Kids Play Area, Barbeque Area, Mosque, Community Centre, Other Community Facilities","Nearby Schools, Nearby Hospitals, Nearby Shopping Malls, Nearby Restaurants, Distance From Airport (kms), Nearby Public Transport Service, Other Nearby Places","Maintenance Staff, Security Staff, Facilities for Disabled, Other Facilities","Bedrooms: 5, Bathrooms: 5, Servant Quarters: 2, Drawing Room, Dining Room, Kitchens: 2, Study Room, Prayer Room, Powder Room, Gym, Store Rooms: 1, Steam Room, Lounge or Sitting Room, Laundry Room, Other Rooms","Lawn or Garden, Swimming Pool, Sauna, Jacuzzi, Other Healthcare and Recreation Facilities",,,
https://www.zameen.com/Property/islamabad_f-17_1_kanal_new_house_for_sale_f-17_islamabad_all_facility_available_cda_pproved_sector-53265042-335-1.html,House,PKR4.99 Crore,6,1 Kanal,For Sale,6,3 weeks ago,"F-17, Islamabad, Islamabad Capital",1 KANAL NEW HOUSE FOR SALE F-17 ISLAMABAD ALL FACILITY AVAILABLE 6 BEDROOM 7 BATHROOM 2 KITCHEN DRAWING DINING TV LAUNCH 1 STORE 3 CAR PARKING ELECTRICITY WATER SUPPLY AVAILABLE NEAR TO MAIN MARKAZ INVESTER PRICE HOUSE MEETING WITH OWNER DIRECT MORE INFORMATION CALL ME BEAUTIFUL LOCATION. ALL FACILITIES AVAILABLE FULL DEVELOPED SECTOR FINAL NOC APPROVED BY CDA CDA APPROVED SECTOR MPCHS F-17 ISLAMABAD ALL SIZE RESIDENTIAL AND COMMERCIAL PLOTS AND HOUSE APARTMENT SHOP AVAILABLE FOR SALE AND RENT FACILITIES IN F-17 FULL GATED SOCIETY BEAUTIFUL LOCATION GAS ELECTRICITY WATER SUPPLY BANK SCHOOL BAKERY MOSQUE SHOPPING MALLS HOSPITALS PARK PLAY GROUND PTCL 5G AVAILABLE 24/7 SECURITY CCTV CAMERA NEW NEAR TO ISLAMABAD INTERNATIONAL AIRPORT 6KM METRO BUS 5KM GT ROAD N5 4KM M-1 M-2 MOTORWAY 2KM WE DEAL IN F-17 F-18 B-17 E-17 E-18 AND ALL CDA SECTOR PLOTS HOUSE APARTMENT SHOP FOR SALE F-17 T&TECHS AND MPCHS MORE INFORMATION CONTACT ZIMRI ASSOCIATES F-17 AND F-18 ISLAMABAD,"Built in year: 2023, Parking Spaces: 2, Double Glazed Windows, Central Air Conditioning, Central Heating, Flooring, Electricity Backup, Waste Disposal, Floors: 2, Other Main Features, Furnished","Broadband Internet Access, Satellite or Cable TV Ready, Intercom, Other Business and Communication Facilities","Community Lawn or Garden, Community Swimming Pool, Community Gym, First Aid or Medical Centre, Day Care Centre, Kids Play Area, Barbeque Area, Mosque, Community Centre, Other Community Facilities","Nearby Schools, Nearby Hospitals, Nearby Shopping Malls, Nearby Restaurants, Distance From Airport (kms), Nearby Public Transport Service, Other Nearby Places","Maintenance Staff, Security Staff, Facilities for Disabled, Other Facilities","Bedrooms: 6, Bathrooms: 7, Servant Quarters: 1, Drawing Room, Dining Room, Kitchens: 2, Study Room, Prayer Room, Powder Room, Gym, Store Rooms: 1, Steam Room, Lounge or Sitting Room, Laundry Room, Other Rooms","Lawn or Garden, Swimming Pool, Sauna, Jacuzzi, Other Healthcare and Recreation Facilities",,,
https://www.zameen.com/Property/islamabad_karakoram_diplomatic_enclave_karakoram_diplomatic_enclave_fully_furnished_2_bedrooms_apartment_available_for_sale-53099804-9063-1.html,Flat,PKR7.5 Crore,2,8.9 Marla,For Sale,2,2 weeks ago,"Karakoram Diplomatic Enclave, Islamabad, Islamabad Capital","2 Bedroom with attach washroom, Drawing Dining Kitchen, Store room, Excellent View. Modern Building with Modern Elevators. Dedicated parking, 24/7 Security. Good rental returns. Please do contact for more details. There is nothing better than purchasing your property in a thriving locality and we have just the options for you. Are you looking for property in Karakoram Diplomatic Enclave? Your search is over! Recent real estate projects have increased the number of investment opportunities in Karakoram Diplomatic Enclave. If you're looking for property sized 2000 Square Feet, you're in the right place. Trust us when we say, this property at Rs. 75,000,000/- is the best investment you could wish for! This Flat is a great investment opportunity. You can read the notable property features below. You will find installations and facilities for disabled persons in the Flat that support their ease of movement. For the ultimate luxury experience, the property also has a sauna for a healthier and relaxed state of body and mind. Your search for a furnished Flat ends with this beautifully decorated property. A prayer room in the Flat comes handy when you have guests and they would like to offer prayer. One of the many great features of the property is its powder room. Your kids can play to their heart's content in the play area adjoining the property. Enjoy the convenience and comfort of broadband internet access. Please call for further queries.","Parking Spaces: 1, Lobby in Building, Double Glazed Windows, Flooring, Electricity Backup, Waste Disposal, Elevators: 3, Service Elevators in Building, Furnished","Broadband Internet Access, Satellite or Cable TV Ready, Intercom, ATM Machines","Community Lawn or Garden, Community Gym, First Aid or Medical Centre, Day Care Centre, Kids Play Area, Barbeque Area, Mosque","Nearby Schools, Nearby Hospitals, Nearby Shopping Malls, Nearby Restaurants, Distance From Airport (kms), Nearby Public Transport Service, Other Nearby Places","Maintenance Staff, Security Staff","Bedrooms: 2, Bathrooms: 2, Servant Quarters: 1, Drawing Room, Dining Room, Kitchens: 1, Powder Room, Store Rooms: 1, Lounge or Sitting Room, Laundry Room",,,,
https://www.zameen.com/Property/bahria_enclave_bahria_enclave_-_sector_c1_exclusive_brand_new_designer_double-unit_house_sector_c1_bahria_enclave-53242119-11987-1.html,House,PKR5.1 Crore,5,10 Marla,For Sale,5,2 months ago,"Bahria Town, Islamabad, Islamabad Capital","Presenting a magnificent brand new, designer-built double-unit house in the prime location of Bahria Enclave, Sector C1. This exceptional property offers expansive, luxurious living spaces perfect for a large family or a sophisticated multi-generational setup, all crafted with high-end finishes and an impeccable design vision. Property Features: Spacious Bedrooms: 5 large bedrooms, all with attached, modern washrooms. Flexible Double-Unit Layout: Ideal for extended family or guests, offering privacy and togetherness. Dual Living Areas: Features 2 separate drawing and dining rooms, ideal for large families and elegant entertainment. Two Fully-Equipped Kitchens: Designed for convenience and ample culinary space. Servant Quarters: Includes a servant room with an attached washroom. Generous Parking: Dedicated space for 2 cars. Designer Touches: This is not just a new house, but a custom-designed home with premium fixtures and thoughtful details throughout. Location & Lifestyle: Experience ultimate convenience with the Bahria Enclave Zoo, Beacon House School, Farooq International Hospital, central mosque, parks, and shopping malls all within a short walking distance. This is the heart of Bahria Enclave's most beautiful and peaceful sector. This is a rare opportunity to acquire a substantial, move-in-ready designer home in one of Islamabad's most sought-after communities. Demand: PKR 5.10 Crore","Built in year: 2025, Parking Spaces: 2, Double Glazed Windows, Central Air Conditioning, Central Heating, Flooring, Electricity Backup, Waste Disposal, Floors: 2","Broadband Internet Access, Satellite or Cable TV Ready, Intercom","Community Lawn or Garden, First Aid or Medical Centre, Day Care Centre, Kids Play Area, Barbeque Area, Mosque","Nearby Schools, Nearby Hospitals, Nearby Shopping Malls, Nearby Restaurants, Distance From Airport (kms), Nearby Public Transport Service, Other Nearby Places","Maintenance Staff, Security Staff, Facilities for Disabled, Other Facilities","Bedrooms: 5, Bathrooms: 5, Servant Quarters: 1, Drawing Room, Dining Room, Kitchens: 2, Study Room, Prayer Room, Store Rooms: 1, Lounge or Sitting Room","Lawn or Garden, Other Healthcare and Recreation Facilities",,,
https://www.zameen.com/Property/mpchs_multi_gardens_mpchs_-_block_f_5_marla_corner_house_for_sale_in_b17_f_block-53305759-8527-1.html,House,PKR2.5 Crore,6,5 Marla,For Sale,6,2 weeks ago,"B-17, Islamabad, Islamabad Capital","5 Marla Corner House for Sale on 60ft Road, Block F, B-17 Islamabad Dont miss the chance to own this beautifully built 5 Marla corner house ideally located in Block F, B-17 Islamabad. Situated on a 60ft wide road, this property offers excellent accessibility, ample parking space, and a modern lifestyle in a peaceful environment. Property Features: Prime corner location with extra land and ventilation Spacious design with modern architecture Solid construction using high-quality materials Wide 60ft road frontage Near parks, mosque, schools, and commercial area Peaceful and secure neighborhood This house is perfect for families looking for comfort, style, and convenience, as well as for investors seeking a high-value property in a rapidly developing area. Contact today for more details and to schedule a visit!","Built in year: 2025, Parking Spaces: 2, Double Glazed Windows, Central Air Conditioning, Central Heating, Flooring, Electricity Backup, Waste Disposal, Floors: 1, Other Main Features, Furnished","Broadband Internet Access, Satellite or Cable TV Ready, Intercom, Other Business and Communication Facilities","Community Lawn or Garden, Community Swimming Pool, Community Gym, First Aid or Medical Centre, Day Care Centre, Kids Play Area, Barbeque Area, Mosque, Community Centre, Other Community Facilities","Nearby Schools, Nearby Hospitals, Nearby Shopping Malls, Nearby Restaurants, Distance From Airport (kms), Nearby Public Transport Service, Other Nearby Places","Maintenance Staff, Security Staff, Facilities for Disabled, Other Facilities","Bedrooms: 4, Bathrooms: 6, Servant Quarters: 1, Drawing Room, Dining Room, Kitchens: 2, Study Room, Powder Room, Lounge or Sitting Room, Laundry Room, Other Rooms","Sauna, Jacuzzi",,,
https://www.zameen.com/Property/al_ghurair_giga_al-ghurair_giga_-_block_9_there_are_3_bedrooms_apartments_for_sale_dha_2_islamabad_giga_city_islamabad-53332035-15135-1.html,Flat,PKR1.5 Crore,4,6.7 Marla,For Sale,3,3 days ago,"DHA Defence, Islamabad, Islamabad Capital",There Are 3 Bedrooms Apartments With Drwing Room 4 Bothrooms Open Kitchen Tv Lounge Area Sqft 1509 Corner And Park Face Apartment Dem On Call,"Lobby in Building, Double Glazed Windows, Central Air Conditioning, Central Heating, Elevators, Service Elevators in Building",Broadband Internet Access,"Community Lawn or Garden, Mosque, Community Centre",,,"Drawing Room, Dining Room",,,,
https://www.zameen.com/Property/f_11_f-11_markaz_4_bedrooms_corner_front_facing_apartment_for_sale-53356424-3286-1.html,Flat,PKR6 Crore,4,11.6 Marla,For Sale,4,3 weeks ago,"F-11, Islamabad, Islamabad Capital","F11 Markaz Apartment for sale Sughra tower ,front Facing ,corner Floor 4rth Size 2600sqft 4 bed rooms with attached bath Tv lounge Kitchen Drawing dinning Electricity Gas water available Central heating system installed Demand 6cr Natural lighting in rooms. 2 minute walk from F11 Markaz. Prime Location. All necessities available. Two garage parking spots included. Servant Quarter available for extra price. Rental value furnished, 350Lac/Non furnished 220Lac Slightly Negotiable. For more details or visit plz contact EarthvisionRealestate&builders",,,,,,,,,,
https://www.zameen.com/Property/bahria_enclave_cube_apartments_luxury_studio_apartment_murree_facing_for_sale_in_cube_apartments_bahria_enclave_islamabad-53207198-21520-1.html,Flat,PKR68 Lakh,1,3.1 Marla,For Sale,-,5 hours ago,"Bahria Town, Islamabad, Islamabad Capital","Murree facing Luxury Apartment for Sale 770sqft Cube Apartments, Sector A, Bahria Enclave Islamabad Location: Cube Apartments, Sector A Bahria Enclave Islamabad Size: 770sqft Bedroom: 1 Bathroom: 1 (Attached, Modern Design) Open Style Kitchen View: Breathtaking Margalla Hills View Construction: Solid, Designer Finish Building Amenities: 24/7 Security & CCTV Surveillance Murree Facing Fast Elevators & Backup Generator Basement Car Parking Lobby & Reception Area Well-Maintained Common Areas Gated Community with Full Bahria Facilities Location Highlights: Located in Cube Apartments Walking Distance to Masjid, Park & Commercial Nearby Schools, Clinics, Grocery Stores & Restaurants Peaceful Neighborhood with Clean Surroundings Ideal For: End-users looking for modern and peaceful living Investors seeking strong rental yield and capital appreciation Small families, couples, students, or long term rental income","Built in year: 2025, Parking Spaces: 1, Lobby in Building, Double Glazed Windows, Flooring, Electricity Backup, Waste Disposal, Floor: 5, Floors in Building: 9, Elevators: 5, Service Elevators in Building, Other Main Features","Broadband Internet Access, Satellite or Cable TV Ready, Business Center or Media Room in Building, Conference Room in Building, Intercom","Community Lawn or Garden, First Aid or Medical Centre, Day Care Centre, Mosque, Community Centre","Nearby Schools, Nearby Hospitals, Nearby Shopping Malls, Nearby Restaurants, Distance From Airport (kms), Nearby Public Transport Service, Other Nearby Places","Maintenance Staff, Security Staff, Laundry or Dry Cleaning Facility, Other Facilities","Bedrooms: 1, Bathrooms: 1, Servant Quarters, Dining Room, Kitchens: 2, Store Rooms, Lounge or Sitting Room, Other Rooms",Other Healthcare and Recreation Facilities,,,
https://www.zameen.com/Property/d_12_d-12_4_10_marla_prime_location_fully_furnished_house_for_sale-53135850-3157-1.html,House,PKR13 Crore,6,10 Marla,For Sale,6,2 days ago,"D-12, Islamabad, Islamabad Capital","Location: D-12/4, Prime Location Plot Size: 10 Marla House Type: Single Unit Bedrooms: 6 Spacious Bedrooms Bathrooms: Attached Baths with Modern Fittings Kitchen: Stylish and Fully Equipped Drawing & Dining Room TV Lounge Car Parking Space Beautiful Front Elevation Solid Construction with Quality Finishes Ideal for Family Living","Built in year: 2024, Parking Spaces: 3, Double Glazed Windows, Central Air Conditioning, Central Heating, Flooring, Electricity Backup, Waste Disposal, Floors: 2, Other Main Features, Furnished","Broadband Internet Access, Satellite or Cable TV Ready, Intercom, Other Business and Communication Facilities","Community Lawn or Garden, Community Swimming Pool, Community Gym, First Aid or Medical Centre, Day Care Centre, Kids Play Area, Barbeque Area, Mosque, Community Centre, Other Community Facilities","Nearby Schools, Nearby Hospitals, Nearby Shopping Malls, Nearby Restaurants, Distance From Airport (kms), Nearby Public Transport Service, Other Nearby Places","Maintenance Staff, Security Staff, Facilities for Disabled, Other Facilities","Bedrooms: 6, Bathrooms: 6, Servant Quarters: 1, Drawing Room, Dining Room, Kitchens: 1, Study Room, Prayer Room, Powder Room, Gym, Store Rooms, Steam Room, Lounge or Sitting Room, Laundry Room, Other Rooms","Lawn or Garden, Swimming Pool, Sauna, Jacuzzi, Other Healthcare and Recreation Facilities",,,
https://www.zameen.com/Property/mpchs_multi_gardens_mpchs_-_block_c1_brand_new_5_marla_house_for_sale_in_b_-17_block_c-1_near_to_family_park-52138833-12607-1.html,House,PKR2.5 Crore,4,5 Marla,For Sale,3,4 days ago,"B-17, Islamabad, Islamabad Capital",5 Marla Brand New House Located At Block C-1 Multi Garden Islamabad Gas Available Geyser Installed With All Basic Amenities Full White Tiles Near To Family Park For Videos And Pictures Plz WhatsApp Direct Owner Deal Near To Mosque Near To Market,"Built in year: 2024, Parking Spaces: 4, Double Glazed Windows, Central Air Conditioning, Central Heating, Flooring, Electricity Backup, Waste Disposal, Floors: 2","Broadband Internet Access, Satellite or Cable TV Ready, Intercom","Community Lawn or Garden, Community Swimming Pool, Community Gym, First Aid or Medical Centre, Day Care Centre, Kids Play Area, Barbeque Area, Mosque, Community Centre","Nearby Schools, Nearby Hospitals, Nearby Shopping Malls, Nearby Restaurants, Distance From Airport (kms), Nearby Public Transport Service, Other Nearby Places","Security Staff, Other Facilities","Bedrooms: 5, Bathrooms: 6, Servant Quarters: 2, Drawing Room, Dining Room, Kitchens: 2, Study Room, Prayer Room, Powder Room, Gym, Store Rooms: 1, Steam Room, Lounge or Sitting Room, Laundry Room","Lawn or Garden, Swimming Pool, Sauna, Jacuzzi",,,
https://www.zameen.com/Property/gt_road_el_cielo_apartment_for_sale_el-cielo_tower_b_dha_phase-52725623-10358-1.html,Flat,PKR1.4 Crore,3,6.3 Marla,For Sale,3,4 weeks ago,"GT Road, Islamabad, Islamabad Capital","Accommodation Details: Size: 1414 Sq. Ft 3 Bedrooms with Attached Baths TV Lounge & Sitting Area Separate Kitchen Store Room Spacious Balcony Features & Location Highlights: Located in El-Cielo Tower B, Defence Residency 24/7 Security, Electricity, Water Supply & Lifts Under-roof Car Parking Peaceful Family Environment Nearby Landmarks: Walking Distance to Giga Mall and G. T. Road Close to Mosque, Commercial Areas, Schools, and Parks","Built in year: 2022, Parking Spaces: 3, Lobby in Building, Double Glazed Windows, Central Air Conditioning, Central Heating, Flooring, Electricity Backup, Waste Disposal, Floor: 3, Floors in Building: 10, Elevators: 2, Service Elevators in Building, Other Main Features","Broadband Internet Access, Satellite or Cable TV Ready, Business Center or Media Room in Building, Conference Room in Building, Intercom, ATM Machines, Other Business and Communication Facilities","Community Lawn or Garden, Community Swimming Pool, Community Gym, First Aid or Medical Centre, Day Care Centre, Kids Play Area, Barbeque Area, Mosque, Community Centre, Other Community Facilities","Nearby Schools, Nearby Hospitals, Nearby Shopping Malls, Nearby Restaurants, Distance From Airport (kms), Nearby Public Transport Service, Other Nearby Places","Maintenance Staff, Security Staff, Facilities for Disabled, Pets Allowed, Other Facilities","Bedrooms: 3, Bathrooms: 3, Servant Quarters, Drawing Room, Dining Room, Kitchens: 1, Prayer Room, Powder Room, Gym, Store Rooms: 1, Lounge or Sitting Room, Laundry Room, Other Rooms",Other Healthcare and Recreation Facilities,,,
https://www.zameen.com/Property/dha_defence_phase_2_defence_residency_two_bedroom_flat_available_for_sale_in_dha_phase_2_islamabad-52982571-9914-1.html,Flat,PKR78 Lakh,2,3.6 Marla,For Sale,2,6 days ago,"DHA Defence, Islamabad, Islamabad Capital","This is two bedrooms with Attached Bathrooms, TV Lounge, Store room and Kitchen. No Issue Of Electricity, Water And Gas Connections (Cylinder provided by Management). Covered Area 804sqFt. Ready to live and already rented 30P. m All Facilities are available: Lift Elevator Service Available With 24 7 with Electricity Power Backup Security Services 24 7 Gated Community 2 Family Parks Water Filtration Plant On Walking Distance Masjid On Walking Distance Commercial area On Walking Distance Imtiaz Mart Punjab Cash & Carry (20,000 Grocery Items) Carry fort ( Over 30,000 Items ) World Trade Center (Carry fort, National And International Brands, Gloria Jeans, Food Court Etc) APS School, Roots Ivy University Etc For More Information Please Call on","Built in year: 2021, Parking Spaces, Lobby in Building, Double Glazed Windows, Central Air Conditioning, Central Heating, Flooring, Electricity Backup, Waste Disposal, Floor, Floors in Building, Elevators: 2, Service Elevators in Building, Other Main Features","Broadband Internet Access, Satellite or Cable TV Ready, Business Center or Media Room in Building, Conference Room in Building, Intercom, ATM Machines, Other Business and Communication Facilities","Community Lawn or Garden, Community Swimming Pool, Community Gym, First Aid or Medical Centre, Day Care Centre, Kids Play Area, Barbeque Area, Mosque, Community Centre, Other Community Facilities","Nearby Schools, Nearby Hospitals, Nearby Shopping Malls, Nearby Restaurants, Distance From Airport (kms), Nearby Public Transport Service, Other Nearby Places","Maintenance Staff, Security Staff, Laundry or Dry Cleaning Facility, Facilities for Disabled, Pets Not Allowed, Other Facilities","Bedrooms: 2, Bathrooms: 2, Drawing Room, Dining Room, Kitchens, Study Room, Prayer Room, Powder Room, Steam Room, Lounge or Sitting Room, Laundry Room","Sauna, Jacuzzi, Other Healthcare and Recreation Facilities",,,
https://www.zameen.com/Property/dha_defence_phase_2_defence_residency_2_bed_corner_apartment_for_sale_defence_residency_dha_phase_2_block-14-52930631-9914-1.html,Flat,PKR1.1 Crore,2,5.1 Marla,For Sale,2,2 days ago,"DHA Defence, Islamabad, Islamabad Capital","A well-maintained 2-bedroom corner apartment is available for sale in Block-14, Defence Residency DHA Phase 2. Apartment Details: Size: 1150 Sq. Ft 2 Bedrooms with attached bathrooms Spacious TV lounge and sitting area Modern kitchen 2 terraces for open views and ventilation Building Amenities: 24/7 Security 24/7 Electricity 24/7 Water Supply Under-roof car parking Prime Location Walking Distance to: Mosque Commercial area School Giga Mall Main G. T. Road For more details or to schedule a visit, please feel free to contact.","Built in year: 2020, Parking Spaces: 2, Lobby in Building, Double Glazed Windows, Central Air Conditioning, Central Heating, Flooring, Electricity Backup, Waste Disposal, Floor: 5, Floors in Building: 8, Elevators: 2, Service Elevators in Building, Other Main Features, Furnished","Broadband Internet Access, Satellite or Cable TV Ready, Intercom, ATM Machines, Other Business and Communication Facilities","Community Lawn or Garden, Community Swimming Pool, Community Gym, First Aid or Medical Centre, Day Care Centre, Kids Play Area, Barbeque Area, Mosque, Community Centre, Other Community Facilities","Nearby Schools, Nearby Hospitals, Nearby Shopping Malls, Nearby Restaurants, Distance From Airport (kms), Nearby Public Transport Service, Other Nearby Places","Maintenance Staff, Security Staff, Facilities for Disabled, Pets Allowed, Other Facilities","Bedrooms: 2, Bathrooms: 2, Servant Quarters: 1, Drawing Room, Dining Room, Kitchens: 1, Study Room, Prayer Room, Powder Room, Gym, Store Rooms: 1, Steam Room, Lounge or Sitting Room, Laundry Room, Other Rooms","Sauna, Jacuzzi, Other Healthcare and Recreation Facilities",,,
https://www.zameen.com/Property/margalla_town_margalla_town_phase_1_beautiful_luxurious_house-52722681-9150-1.html,House,PKR6.25 Crore,6,9 Marla,For Sale,6,6 days ago,"Margalla Town, Islamabad, Islamabad Capital","6bed, 6baths, 3kitchens,2tv lounge,Rcc foundations,ok wood doors,,Aluminium windows , 3rcc water tanks,2Car parkings,mumty,competition certificate CDA.","Built in year, Parking Spaces: 2, Double Glazed Windows, Flooring, Electricity Backup, Waste Disposal, Floors, Other Main Features","Broadband Internet Access, Satellite or Cable TV Ready, Intercom","Community Lawn or Garden, Community Swimming Pool, Community Gym, First Aid or Medical Centre, Day Care Centre, Kids Play Area, Barbeque Area, Mosque, Community Centre","Nearby Schools, Nearby Hospitals, Nearby Shopping Malls, Nearby Restaurants, Distance From Airport (kms), Nearby Public Transport Service, Other Nearby Places",,"Bedrooms: 3, Bathrooms: 3, Servant Quarters: 1, Drawing Room, Dining Room, Kitchens: 1, Store Rooms: 1",,,,
https://www.zameen.com/Property/islamabad_naval_anchorage_beautiful_designer_brand_new_house_available_for_sale-53182173-375-1.html,House,PKR8.25 Crore,6,1 Kanal,For Sale,6,4 days ago,"Naval Anchorage, Islamabad, Islamabad Capital",beautiful designer brand new house available for sale,"Built in year: 2025, Parking Spaces: 3, Double Glazed Windows, Central Air Conditioning, Central Heating, Flooring, Electricity Backup, Waste Disposal, Floors: 2, Other Main Features, Furnished","Broadband Internet Access, Satellite or Cable TV Ready, Intercom, Other Business and Communication Facilities","Community Lawn or Garden, Community Swimming Pool, Community Gym, First Aid or Medical Centre, Day Care Centre, Kids Play Area, Barbeque Area, Mosque, Community Centre, Other Community Facilities","Nearby Schools, Nearby Hospitals, Nearby Shopping Malls, Nearby Restaurants, Distance From Airport (kms), Nearby Public Transport Service, Other Nearby Places","Maintenance Staff, Security Staff, Facilities for Disabled, Other Facilities","Bedrooms: 5, Bathrooms: 7, Servant Quarters: 1, Drawing Room, Dining Room, Kitchens: 2, Study Room, Prayer Room, Powder Room, Gym, Steam Room, Lounge or Sitting Room, Laundry Room, Other Rooms","Lawn or Garden, Swimming Pool, Sauna",,,
https://www.zameen.com/Property/dha_defence_dha_defence_phase_2_double_unit_6_bedroom_sun_facing_house-53095791-339-1.html,House,PKR12 Crore,7,1 Kanal,For Sale,6,1 day ago,"DHA Defence, Islamabad, Islamabad Capital",Elite Property Exchange offers: Prime Location Walking Distance to Jacaranda Family Club South/Sun Facing house 6 Bedrooms 6 Washrooms 1 powder room Drawing Dining On each floor TV lounge on each floor Kitchen plus greasy kitchen on each floor servant quarters on rooftop 3 Car parkings Interior Lawn and much more,"Built in year: 2025, Parking Spaces: 3, Double Glazed Windows, Flooring, Electricity Backup, Waste Disposal, Floors: 2, Other Main Features","Broadband Internet Access, Satellite or Cable TV Ready, Intercom, Other Business and Communication Facilities","Community Lawn or Garden, Community Swimming Pool, Community Gym, First Aid or Medical Centre, Day Care Centre, Kids Play Area, Barbeque Area, Mosque, Community Centre, Other Community Facilities","Nearby Schools, Nearby Hospitals, Nearby Shopping Malls, Nearby Restaurants, Distance From Airport (kms), Nearby Public Transport Service, Other Nearby Places","Maintenance Staff, Security Staff, Facilities for Disabled, Other Facilities","Bedrooms: 6, Bathrooms: 7, Servant Quarters: 2, Drawing Room, Dining Room, Kitchens, Study Room, Prayer Room, Powder Room, Store Rooms, Lounge or Sitting Room, Laundry Room, Other Rooms","Lawn or Garden, Swimming Pool, Sauna, Jacuzzi, Other Healthcare and Recreation Facilities",,,
https://www.zameen.com/Property/g_9_g-9_3_30_50_cda_transfer_renovated_house_available_in_g-9_3-52901383-3386-1.html,House,PKR6.9 Crore,5,6.7 Marla,For Sale,5,4 weeks ago,"G-9, Islamabad, Islamabad Capital","You can decorate the 1500 Square Feet property you purchase as you like, so what are you waiting for. The House is beautifully designed for a comfortable lifestyle. Islamabad is a popular choice for living due to the abundant opportunities it offers to everyone. Properties in the best locations sell fast, so be quick if you want to own one yourself. This property in G-9/3 brings you what you need. This property at Rs. 69000000 comes with modern features and latest fittings. Find out more details about the property with the following. You can run your business conveniently with high-speed broadband internet access that comes with this commercial centre. Keeping your surroundings clean with proper waste disposal system. During winters, central heating in the House is an essential feature and one which you can get with the property. Your kids can play to their heart's content in the play area adjoining the property. Installation of double-glazed windows helps minimize outside noise. The mosque nearby provides a peaceful place for prayer and contemplation. With central air conditioning you don't have to worry about sweating inside. Hurry up and call us.","Built in year: 2025, Parking Spaces: 2, Double Glazed Windows, Central Air Conditioning, Central Heating, Flooring, Electricity Backup, Waste Disposal, Floors: 2, Other Main Features","Broadband Internet Access, Satellite or Cable TV Ready, Intercom, Other Business and Communication Facilities","Community Lawn or Garden, Community Swimming Pool, Community Gym, First Aid or Medical Centre, Day Care Centre, Kids Play Area, Barbeque Area, Mosque, Community Centre, Other Community Facilities","Nearby Schools, Nearby Hospitals, Nearby Shopping Malls, Nearby Restaurants, Distance From Airport (kms), Nearby Public Transport Service, Other Nearby Places","Maintenance Staff, Security Staff, Facilities for Disabled, Other Facilities","Bedrooms: 5, Bathrooms: 5, Servant Quarters: 1, Drawing Room, Dining Room, Kitchens: 2, Study Room, Prayer Room, Powder Room, Store Rooms: 1, Steam Room, Lounge or Sitting Room, Laundry Room, Other Rooms","Lawn or Garden, Swimming Pool, Sauna, Jacuzzi, Other Healthcare and Recreation Facilities",,,
https://www.zameen.com/Property/islamabad_pakistan_town_5_marla_double_story_house-53355014-1378-1.html,House,PKR2.2 Crore,5,5 Marla,For Sale,4,1 day ago,"Pakistan Town, Islamabad, Islamabad Capital",5 MARLA Double Storey House For Sale In Pakistan Town Phase 2 Gas Pani Available Good Location,,,,,,"Bedrooms: 4, Bathrooms: 5, Drawing Room, Dining Room, Kitchens: 2",,,,
https://www.zameen.com/Property/islamabad_bani_gala_your_search_for_house_in_bani_gala_ends_here-53354999-340-1.html,House,PKR1.5 Crore,4,5 Marla,For Sale,4,4 weeks ago,"Bani Gala, Islamabad, Islamabad Capital","This 5 Marla sized property is definitely a bargain, so please consider signing up for it quickly. Countless options are available in Bani Gala if you're planning to change houses or move there. A price of PKR Rs. 15000000 is an attractive deal for property investment. A well designed House in a posh location is all you need to live your best life. The right property for sale is just a click away, so take action today. Bani Gala has some of the best property deals, so what are you waiting for! Details of the property are mentioned below. A separate study room in the House helps you focus on your studies better. Now you can decorate your sitting room any way you like with the one in this House. This property comes with a separate dining room making it convenient to host dinner parties. The House comes with spacious attached drawing room. You can easily offer your five daily prayers in the prayer room that is part of the House. As a resident, you don't have to worry about waste disposal as that is effectively taken care of. Now you can enjoy part of your day de-stressing in the steam room that comes with the House. You can contact us now to know all about it.","Double Glazed Windows, Waste Disposal",,,,,"Drawing Room, Dining Room, Study Room, Prayer Room, Powder Room, Steam Room, Lounge or Sitting Room, Laundry Room",,,,
https://www.zameen.com/Property/islamabad_bani_gala_you_can_find_a_gorgeous_house_for_sale_in_bani_gala-53354998-340-1.html,House,PKR1.2 Crore,4,5 Marla,For Sale,4,4 weeks ago,"Bani Gala, Islamabad, Islamabad Capital","The House is beautifully designed for a comfortable lifestyle. The market trends confirm that the quoted price of Rs. 12000000 is quite reasonable. Whatever your preference, we have houses and apartments available for sale. The city of Bani Gala is ideal for the people looking to start a new chapter in their lives. A House in Bani Gala is an opportunity that should not be missed, so make the most out of it while it lasts. Your search for 5 Marla property is now over. Check out listings now. The salient features of this property are given below. Double glazed windows are a stylish addition to the House that comes with several benefits. Not all families need a separate dining parlour but this property has one, in case you like to make mealtimes special. You don't have to worry about waste disposal in your new place. Its already been taken care of. You can wash your laundry in privacy with a dedicated laundry room that comes with the House. You can further enhance the look of the airy drawing room in this House any way you like. A House that comes with a space for study room allows greater room to set a private corner. Relax in the lounge/ sitting room after a long day and spend quality time with your family. You can call or email us for further information.","Built in year, Parking Spaces, Double Glazed Windows, Central Air Conditioning, Central Heating, Flooring, Waste Disposal, Other Main Features, Furnished","Broadband Internet Access, Satellite or Cable TV Ready, Intercom, Other Business and Communication Facilities","Community Lawn or Garden, Community Swimming Pool, Community Gym, First Aid or Medical Centre, Day Care Centre, Kids Play Area, Barbeque Area, Mosque, Community Centre, Other Community Facilities","Nearby Schools, Nearby Hospitals, Nearby Shopping Malls, Nearby Restaurants, Distance From Airport (kms), Nearby Public Transport Service, Other Nearby Places","Maintenance Staff, Security Staff, Facilities for Disabled","Bedrooms, Bathrooms, Servant Quarters, Drawing Room, Dining Room, Kitchens, Study Room, Prayer Room, Powder Room, Store Rooms, Steam Room, Lounge or Sitting Room, Laundry Room, Other Rooms","Sauna, Jacuzzi, Other Healthcare and Recreation Facilities",,,
https://www.zameen.com/Property/fazaia_housing_scheme_fazaia_housing_scheme_block_b_1_kanal_60_90_brand_new_in_block_b_double_unit_house_available_for_sale_in_fazaia_housing_scheme_islamabad-53240061-14684-1.html,House,PKR6.3 Crore,-,1.2 Kanal,For Sale,7,1 week ago,"Tarnol, Islamabad, Islamabad Capital",1 Kanal ( 60*90 ) Brand New in Block B Double Unit House Available. For Sale in Fazaia Housing Scheme Islamabad. House Dimensions 60*90. 6 Bedrooms. 8 Baths. 2 TV Lounge with Media Wall. 2 Kitchen. 2 Drawing Room with Bath. 3 Car Parking Space. Fresh and Brand New House. Electricity and Water Bore Available.,,,,"Nearby Schools, Nearby Hospitals, Nearby Shopping Malls, Nearby Restaurants, Distance From Airport (kms), Nearby Public Transport Service, Other Nearby Places","Security Staff, Other Facilities",,,,,
https://www.zameen.com/Property/e_11_e-11_2_in_e-11_2_house_for_sale_sized_1_kanal-52821625-3233-1.html,House,PKR16.5 Crore,-,1 Kanal,For Sale,-,2 hours ago,"E-11, Islamabad, Islamabad Capital","House for sale Khalid Bin Waleed road E 11/2 Islamabad 40/90 # 400 s/y 5500 sq/ft covered area like 50/90 brand new house with esthetically design and furnished by Enam Furniture and all fittings and fixtures by S Abdullah 5 bed incoming rent 8 lac noc from cda already done Since you are looking for 1 Kanal sized property, this inventory of ours has got you covered! Countless options are available in Islamabad if you're planning to change houses or move there. For a convenient and community-oriented lifestyle, E-11/2 is perfect. You can pay a fair price of PKR Rs. 165000000 in instalments or as decided with the seller. A solid House is a dream come true for many, and yours can come true today if you take the lead on this offer. It is a perfect bargain so buy this property today. The salient features of this property are given below. 24/7 waste disposal services ensures the society looks and feels clean. In summers, the community swimming pool can be a blessing for the building residents. The House features state-of-the-art amenities for the differently-abled. Enjoy the convenience and comfort of broadband internet access. Sauna aids in blood circulation and weight loss so you can give it a try having quick access to it. On-duty security services ensure the building stays well-protected. There is a community lawn at a walking distance from the House. Call us today to book your House.","Built in year: 2025, Parking Spaces: 1, Double Glazed Windows, Central Air Conditioning, Central Heating, Flooring, Electricity Backup, Waste Disposal, Floors: 2, Other Main Features, Furnished","Broadband Internet Access, Satellite or Cable TV Ready, Intercom, Other Business and Communication Facilities","Community Lawn or Garden, Community Swimming Pool, Community Gym, First Aid or Medical Centre, Day Care Centre, Kids Play Area, Barbeque Area, Mosque, Community Centre, Other Community Facilities","Nearby Schools, Nearby Hospitals, Nearby Shopping Malls, Nearby Restaurants, Distance From Airport (kms), Nearby Public Transport Service, Other Nearby Places","Maintenance Staff, Security Staff, Facilities for Disabled, Other Facilities","Bedrooms: 3, Bathrooms: 4, Servant Quarters: 1, Drawing Room, Dining Room, Kitchens: 2, Study Room, Prayer Room, Powder Room, Store Rooms: 1, Steam Room, Lounge or Sitting Room, Laundry Room, Other Rooms","Lawn or Garden, Sauna, Jacuzzi, Other Healthcare and Recreation Facilities",,,
https://www.zameen.com/Property/b_17_faisal_margalla_city_faisl_margalla_city_islamabad_brand_new_house_for_sale-53355975-13424-1.html,House,PKR2.38 Crore,4,5 Marla,For Sale,4,4 hours ago,"B-17, Islamabad, Islamabad Capital",FAISL MARGALLA CITY ISLAMABAD BRAND NEW HOUSE FOR SALE 3 Spacious Bedrooms with Attached Bathrooms Modern Kitchen Stylish Drawing Room Elegant Living Room Car Porch with Parking Space Small Lawn / Green Area,,,,,,,,,,
https://www.zameen.com/Property/bahria_town_bahria_garden_city_a_house_of_12_marla_in_bahria_garden_city-53335629-8120-1.html,House,PKR4.9 Crore,6,12 Marla,For Sale,5,1 month ago,"Bahria Town, Islamabad, Islamabad Capital",Garden city bahria town phase 7 12 Marla House with Basement Hall House Located at the prime location with park face catagary. state of Arts living area. 1km from Main GT road 2 km from Giga Mall DHA phase 2.,,,,,,,,,,
https://www.zameen.com/Property/islamabad_bani_gala_beautiful_4_kanal_farm_house_for_sale-53271835-340-1.html,Farm House,PKR16 Crore,6,4 Kanal,For Sale,5,1 month ago,"Bani Gala, Islamabad, Islamabad Capital",4 kanal farm house 1 kanal constructed area 3 kanal lawn 5 bedrooms Drawing room Tv lounge Kitchen Laundry room Servant room Solar system installed Fully furnished Demand 16 crore,,,,,,,,,,
https://www.zameen.com/Property/islamabad_faisal_town_-_f-18_brand_new_house_for_sale_in_block_a-53311267-8260-1.html,House,PKR3.85 Crore,6,8 Marla,For Sale,6,1 week ago,"Faisal Town - F-18, Islamabad, Islamabad Capital","Brand New House in Block A House Size : 30x60(8marla) Total Bedroom: 4 Drawing: 1 TV lounge: 2 Kitchen: 2 Washroom: 5 Servant quarters on top Near to Block A masjid, school ,park and commercial Call or WhatsApp for more details View Contact Detail",,,,,,,,,,
https://www.zameen.com/Property/dha_valley_oleander_sector_oleander_sector_-_dha_homes_block_a_8_marla_corner_house_for_sale-51458404-16792-1.html,House,PKR1.3 Crore,4,8 Marla,For Sale,3,1 week ago,"DHA Defence, Islamabad, Islamabad Capital",8 Marla Corner And General Homes All Dues Clear All Facilities Electricity Gas Cylinder Maintenance Service Gated Community Security School market dispensary gym marts saloon bakerys Family Environment and secure Investment Fell Free to Contact us,"Built in year: 20223, Parking Spaces: 1, Double Glazed Windows, Central Air Conditioning, Central Heating, Flooring, Electricity Backup, Waste Disposal, Floors: 2, Other Main Features, Furnished","Broadband Internet Access, Satellite or Cable TV Ready, Intercom, Other Business and Communication Facilities","Community Lawn or Garden, Community Swimming Pool, Community Gym, First Aid or Medical Centre, Day Care Centre, Kids Play Area, Barbeque Area, Mosque, Community Centre, Other Community Facilities","Nearby Schools, Nearby Hospitals, Nearby Shopping Malls, Nearby Restaurants, Distance From Airport (kms), Nearby Public Transport Service, Other Nearby Places","Maintenance Staff, Security Staff, Facilities for Disabled, Other Facilities","Bedrooms: 3, Bathrooms: 4, Servant Quarters: 1, Drawing Room, Dining Room, Kitchens: 1, Study Room, Prayer Room, Powder Room, Gym, Store Rooms: 1, Steam Room, Lounge or Sitting Room, Laundry Room, Other Rooms","Lawn or Garden, Swimming Pool, Sauna, Jacuzzi, Other Healthcare and Recreation Facilities",,,
https://www.zameen.com/Property/kashmir_highway_eighteen_furnished_3-bed_golf-facing_apartment_for_sale_ground_floor_eighteen_islamabad-52908997-12602-1.html,Flat,PKR6 Crore,4,9.8 Marla,For Sale,3,4 weeks ago,"Kashmir Highway, Islamabad, Islamabad Capital","Live in one of Islamabads most prestigious communities with this ready for possession, fully furnished 3-bedroom ground floor apartment in Eighteen Islamabad. Overlooking the golf course, this 2,207 sq. ft. apartment offers unmatched luxury, peace, and convenience ideal for families and investors alike. Project: Eighteen Islamabad Type: 3-Bed Furnished Apartment Size: 2,207 sq. ft. View: Full Golf Course Facing Floor: Ground Floor Bedrooms: 3 Bathrooms: 4 (Attached) Parking: Reserved Covered Parking Furnishing: Fully Furnished with Premium Interior Status: Ready for Possession Apartment Features: Elegant and spacious design with top-tier furnishings Large windows and private terrace with lush golf views Fully equipped kitchen with built-in appliances Stylish bathrooms with imported fittings Central heating and air conditioning Secure, private, and ideal for families or elderly residents Eighteen Amenities: 18-Hole Golf Course Gym, Spa, Swimming Pool & Clubhouse 24/7 Security with CCTV Restaurants, Retail Outlets & Parks Backup Power & Maintenance Services Ideal Location: 15 minutes to Islamabad Airport, direct access from Srinagar Highway Asking Price: PKR 5.80 Crore (Negotiable) Contact: Call/WhatsApp:","Built in year: 2024, Parking Spaces: 3, Lobby in Building, Double Glazed Windows, Central Air Conditioning, Central Heating, Flooring, Electricity Backup, Waste Disposal, Floor, Floors in Building: 6, Elevators: 4, Other Main Features","Broadband Internet Access, Satellite or Cable TV Ready, Intercom, Other Business and Communication Facilities","Community Lawn or Garden, Community Swimming Pool, Community Gym, First Aid or Medical Centre, Day Care Centre, Kids Play Area, Barbeque Area, Mosque, Community Centre","Nearby Schools, Nearby Hospitals, Nearby Shopping Malls, Nearby Restaurants, Distance From Airport (kms), Nearby Public Transport Service, Other Nearby Places","Security Staff, Other Facilities","Bedrooms: 2, Bathrooms: 2, Servant Quarters: 1, Drawing Room, Dining Room, Kitchens: 1, Study Room, Prayer Room, Powder Room, Gym, Store Rooms: 1, Steam Room, Lounge or Sitting Room, Laundry Room, Other Rooms","Sauna, Jacuzzi",,,
https://www.zameen.com/Property/islamabad_bani_gala_5_marla_brand_new_house_for_sale-53303072-340-1.html,House,PKR1.2 Crore,3,5 Marla,For Sale,2,1 week ago,"Bani Gala, Islamabad, Islamabad Capital",5 marla brand new house solid brick construction with A grade material available for sale at a very good location origional pics attached 2 bedrooms+bathrooms tv lounge kitchen drawing room+batroom car porch for one sedan mumty laundry area electricity seperate own meter own water bore for more info plz call,"Built in year: 2025, Parking Spaces: 1, Flooring, Electricity Backup, Waste Disposal, Floors: 1, Furnished","Broadband Internet Access, Satellite or Cable TV Ready, Intercom","Community Lawn or Garden, Community Swimming Pool, Community Gym, First Aid or Medical Centre, Day Care Centre, Kids Play Area, Barbeque Area, Mosque, Community Centre","Nearby Schools, Nearby Hospitals, Nearby Shopping Malls, Nearby Restaurants, Distance From Airport (kms), Nearby Public Transport Service, Other Nearby Places",,"Bedrooms: 2, Bathrooms: 3, Drawing Room, Kitchens: 1, Powder Room, Store Rooms: 1, Lounge or Sitting Room, Laundry Room","Lawn or Garden, Sauna",,,
https://www.zameen.com/Property/islamabad_bani_gala_5_marla_single_storey_brand_new_house_for_sale-49533759-340-1.html,House,PKR1.25 Crore,3,5 Marla,For Sale,2,1 week ago,"Bani Gala, Islamabad, Islamabad Capital",brand new neat and clean house for sale in banigala origional pics attached 2 bedroom+bathroom drawing room+bathroom tv lounge open kitchen car porch water boring electricity single phase meter installed Gas not available for more info plz call,"Built in year: 2023, Parking Spaces: 1, Central Air Conditioning, Central Heating, Flooring, Electricity Backup, Waste Disposal, Floors: 3, Other Main Features","Broadband Internet Access, Satellite or Cable TV Ready, Intercom, Other Business and Communication Facilities","Community Lawn or Garden, Community Gym, First Aid or Medical Centre, Day Care Centre, Kids Play Area, Barbeque Area, Mosque, Community Centre","Nearby Schools, Nearby Hospitals, Nearby Shopping Malls, Nearby Restaurants, Distance From Airport (kms), Nearby Public Transport Service, Other Nearby Places","Maintenance Staff, Security Staff, Other Facilities","Bedrooms: 2, Bathrooms: 3, Drawing Room, Dining Room, Kitchens: 1, Study Room, Prayer Room, Powder Room, Store Rooms: 1, Lounge or Sitting Room, Laundry Room",Other Healthcare and Recreation Facilities,,,
https://www.zameen.com/Property/e_11_e-11_3_mpchs_2_bed_flat_for_sale-53152170-3238-1.html,Flat,PKR85 Lakh,2,2.7 Marla,For Sale,2,2 days ago,"E-11, Islamabad, Islamabad Capital",E-11/3 Markaz Plaza No 19 2 Bed With Attached Bath 2nd Floor Multi Transfer Urgent Sale,"Parking Spaces: 2, Double Glazed Windows, Central Air Conditioning, Central Heating, Flooring, Electricity Backup, Waste Disposal, Floor: 2, Floors in Building: 4, Other Main Features","Broadband Internet Access, Satellite or Cable TV Ready, Intercom, ATM Machines, Other Business and Communication Facilities","Community Lawn or Garden, Community Swimming Pool, Community Gym, First Aid or Medical Centre, Day Care Centre, Kids Play Area, Barbeque Area, Mosque, Community Centre, Other Community Facilities","Nearby Schools, Nearby Hospitals, Nearby Shopping Malls, Nearby Restaurants, Distance From Airport (kms), Nearby Public Transport Service, Other Nearby Places","Maintenance Staff, Security Staff, Facilities for Disabled, Other Facilities","Bedrooms: 2, Bathrooms: 2, Servant Quarters: 1, Drawing Room, Dining Room, Kitchens: 1, Study Room, Prayer Room, Powder Room, Gym, Store Rooms: 1, Steam Room, Lounge or Sitting Room, Laundry Room, Other Rooms","Sauna, Jacuzzi, Other Healthcare and Recreation Facilities",,,
https://www.zameen.com/Property/islamabad_f-17_2_bed_apartment_in_win_win_plaza_in_main_markaz_available_for_sale_in_f-17_islamabad-52869499-335-1.html,Flat,PKR75 Lakh,2,4.9 Marla,For Sale,2,4 weeks ago,"F-17, Islamabad, Islamabad Capital","2 Bed Apartment Available. For Sale In F-17 Islamabad. In Win Win Plaza. In Main Markaz. 2 Bedrooms. 2 Baths. TV Lounge. Kitchen. Car Parking Spaces. Electricity , Water And Gas Available. Interested People Can Contact Easily.","Parking Spaces: 1, Flooring","Broadband Internet Access, Satellite or Cable TV Ready, Business Center or Media Room in Building, Conference Room in Building, Intercom, ATM Machines, Other Business and Communication Facilities","Community Lawn or Garden, Community Swimming Pool, Community Gym, First Aid or Medical Centre, Day Care Centre, Kids Play Area, Barbeque Area, Mosque, Community Centre, Other Community Facilities","Nearby Schools, Nearby Hospitals, Nearby Shopping Malls, Nearby Restaurants, Distance From Airport (kms), Nearby Public Transport Service, Other Nearby Places",,"Bedrooms: 2, Bathrooms: 2, Servant Quarters: 1, Drawing Room, Dining Room, Kitchens: 1, Study Room, Prayer Room, Powder Room, Gym, Store Rooms: 1, Steam Room, Lounge or Sitting Room, Laundry Room",Other Healthcare and Recreation Facilities,,,
https://www.zameen.com/Property/g_15_g-15_1_7_marla_double_unit_house_available_for_sale_in_g-15_1_islamabad-53051945-3348-1.html,House,PKR3 Crore,6,7 Marla,For Sale,5,3 weeks ago,"G-15, Islamabad, Islamabad Capital","7 Marla Double Unit House Available. For Sale in G-15/1 Islamabad. House Size 30*60. In Street 25. 5 Bedrooms. 6 Baths. 2 Drawing Dining. 2 TV Lounge. 2 Kitchens. 2 Car Parking Space. Electricity , Water and Gas Available. Water Bore Available. Gas Meters Installed. Interested People Can Contact Easily.","Built in year: 2022, Parking Spaces: 2, Double Glazed Windows, Central Air Conditioning, Central Heating, Flooring, Electricity Backup, Waste Disposal, Floors: 2, Other Main Features","Broadband Internet Access, Satellite or Cable TV Ready, Intercom, Other Business and Communication Facilities","Community Lawn or Garden, Community Swimming Pool, Community Gym, First Aid or Medical Centre, Day Care Centre, Kids Play Area, Barbeque Area, Mosque, Community Centre, Other Community Facilities","Nearby Schools, Nearby Hospitals, Nearby Shopping Malls, Nearby Restaurants, Distance From Airport (kms), Nearby Public Transport Service, Other Nearby Places","Maintenance Staff, Security Staff, Other Facilities","Bedrooms: 5, Bathrooms: 6, Servant Quarters: 1, Drawing Room, Dining Room, Kitchens: 2, Study Room, Prayer Room, Store Rooms: 1, Lounge or Sitting Room, Laundry Room, Other Rooms","Lawn or Garden, Swimming Pool, Sauna, Jacuzzi, Other Healthcare and Recreation Facilities",,,
https://www.zameen.com/Property/dha_defence_dha_defence_phase_2_gass_installation_work_in_progress_dha_phase_2_one_kanal_beautiful_location_house_double_unit_near_central_park_near_family_b_park-53221544-339-1.html,House,PKR11.9 Crore,6,1 Kanal,For Sale,6,1 week ago,"DHA Defence, Islamabad, Islamabad Capital","HOUSE FOR SALE IN (119,000,000) One hundred and nineteen million Covered area 6027 sq/ft 6 bed, 7 baths . 3 x kitchen Can be used as two portions. modern house Very good location All fittings are imported / Spanish baths / all kitchen tops done in granite / USA Yellow Pine solid Wood work.","Built in year: 2025, Parking Spaces, Double Glazed Windows, Central Air Conditioning, Central Heating, Flooring, Electricity Backup, Waste Disposal, Floors: 2, Other Main Features, Furnished","Broadband Internet Access, Satellite or Cable TV Ready, Intercom, Other Business and Communication Facilities","Community Lawn or Garden, Community Swimming Pool, Community Gym, First Aid or Medical Centre, Day Care Centre, Kids Play Area, Barbeque Area, Mosque, Community Centre, Other Community Facilities","Nearby Schools, Nearby Hospitals, Nearby Shopping Malls, Nearby Restaurants, Distance From Airport (kms), Nearby Public Transport Service, Other Nearby Places","Maintenance Staff, Security Staff, Facilities for Disabled, Other Facilities","Bedrooms: 4, Bathrooms: 5, Servant Quarters: 1, Drawing Room, Dining Room, Kitchens: 2, Study Room, Prayer Room, Powder Room, Gym, Store Rooms: 1, Steam Room, Lounge or Sitting Room, Laundry Room, Other Rooms","Lawn or Garden, Swimming Pool, Sauna, Jacuzzi, Other Healthcare and Recreation Facilities",,,
https://www.zameen.com/Property/dha_defence_dha_defence_phase_2_house_for_sale_in_dha_2-52449705-339-1.html,House,PKR13.7 Crore,5,1 Kanal,For Sale,5,4 weeks ago,"DHA Defence, Islamabad, Islamabad Capital",BRAND NEW HOUSE FOR SALE IN DHA PHASE 2 GOOD LOCATION GOOD CONSTRUCTION ALL AMENITIES AVAILABLE,"Built in year: 2022, Parking Spaces, Flooring, Electricity Backup, Other Main Features","Broadband Internet Access, Satellite or Cable TV Ready, Intercom, Other Business and Communication Facilities","Community Lawn or Garden, Community Swimming Pool, Community Gym, First Aid or Medical Centre, Day Care Centre, Kids Play Area, Barbeque Area, Mosque, Community Centre, Other Community Facilities","Nearby Schools, Nearby Hospitals, Nearby Shopping Malls, Nearby Restaurants, Distance From Airport (kms), Nearby Public Transport Service, Other Nearby Places","Security Staff, Other Facilities","Bedrooms: 2, Bathrooms: 3, Servant Quarters, Drawing Room, Dining Room, Kitchens: 1, Study Room, Prayer Room, Store Rooms: 1, Other Rooms","Sauna, Other Healthcare and Recreation Facilities",,,
https://www.zameen.com/Property/dha_defence_dha_defence_phase_2_hotel_suite_for_sale_on_main_gt_road_dha_phase_2_islamabad_capital-53296287-339-1.html,Flat,PKR80 Lakh,1,2 Marla,For Sale,1,3 weeks ago,"DHA Defence, Islamabad, Islamabad Capital","Redefine your lifestyle with elegant suites offering designer interiors, and world-class amenities. Enjoy 24/7 security, high-speed elevators, and exclusive community facilities all in the heart of DHA Islamabad, managed and operate by MARRIOTT INTERNATIONAL RENTAL AMOUNT from first day. DHA and CDA APPROVED","Built in year: 2024, Parking Spaces, Lobby in Building, Double Glazed Windows, Central Air Conditioning, Central Heating, Flooring, Electricity Backup, Waste Disposal, Floor: 5, Floors in Building: 10, Elevators, Service Elevators in Building, Other Main Features, Furnished","Broadband Internet Access, Satellite or Cable TV Ready, Conference Room in Building, Intercom, Other Business and Communication Facilities","Community Lawn or Garden, Community Swimming Pool, Community Gym, First Aid or Medical Centre, Day Care Centre, Kids Play Area, Barbeque Area, Mosque, Community Centre, Other Community Facilities","Nearby Schools, Nearby Hospitals, Nearby Shopping Malls, Nearby Restaurants, Distance From Airport (kms), Nearby Public Transport Service, Other Nearby Places","Maintenance Staff, Security Staff, Facilities for Disabled, Other Facilities",,,,,
https://www.zameen.com/Property/islamabad_mumtaz_city_brand_new_house_for_sale_8_marla_near_international_airport_walking_distance_metro_bus_and_local_transport_cda_electric_buses_junction_of_m1_and_m2_24_7_security_electricity_sui_gas_and_water_supply_and_ptcl_service_available_near_park_mosque_and_market-52992637-3464-1.html,House,PKR3.05 Crore,6,8 Marla,For Sale,5,1 day ago,"Mumtaz City, Islamabad, Islamabad Capital",ideal location brand new house and located at Mumtaz City near Srinagar highway and Metro bus service near Islamabad international Airport near park mosque and market all facilities available electricity - sngpl- ptcl- water gated community and local transport electric buses school family parks and market near the house easy excess to main double road walking distance sringar highway and Metro bus station,,,,,,,,,,
https://www.zameen.com/Property/f_8_f-8_3_corner_house_for_sale_in_f-8_4-47624867-3316-1.html,House,PKR33 Crore,6,1.2 Kanal,For Sale,6,32 minutes ago,"F-8, Islamabad, Islamabad Capital","aoa dear sir. . . . we have good options in F8 F7 F6 . . . if you need . . . plz contact for best services . . . zawiya enterprises is an established real estate consultancy offering advisory services to investors and individuals alike, since year 2000. We are known as a reliable service provider in all aspects of real estate business from commercial to the residential and from large scale deals for the housing societies to high-rise building projects in ICT, Bahria town, DHA, Gulberg and other leading societies in and around the Twin cities. we are a registered with real estate association and with FBR. we cater all the requirements of our worthy clients from verification of the documents of land/ plot/ building to the process of NOC (WHERE REQUIRED) till the handing over and completion of transfer to the satisfaction of the client in a most transparent manner. In addition we render most profitable deals from our inventory at a lowest service charges. To offer best opportunities and safeguard your capital is our sole philosophy as we look in the value against money for our service to you and desire for a long term relationship","Built in year: 2000, Parking Spaces: 5, Double Glazed Windows, Central Air Conditioning, Central Heating, Flooring, Electricity Backup, Waste Disposal, Floors: 2, Other Main Features, Furnished","Broadband Internet Access, Satellite or Cable TV Ready, Intercom, Other Business and Communication Facilities","Community Lawn or Garden, Community Swimming Pool, Community Gym, First Aid or Medical Centre, Day Care Centre, Kids Play Area, Barbeque Area, Mosque, Community Centre, Other Community Facilities","Nearby Schools, Nearby Hospitals, Nearby Shopping Malls, Nearby Restaurants, Distance From Airport (kms), Nearby Public Transport Service, Other Nearby Places","Maintenance Staff, Security Staff, Facilities for Disabled, Other Facilities","Bedrooms: 5, Bathrooms: 7, Servant Quarters: 1, Drawing Room, Dining Room, Kitchens: 2, Study Room, Prayer Room, Powder Room, Gym, Store Rooms: 1, Steam Room, Lounge or Sitting Room, Laundry Room, Other Rooms","Lawn or Garden, Swimming Pool, Sauna, Jacuzzi, Other Healthcare and Recreation Facilities",,,
https://www.zameen.com/Property/islamabad_f-8_2_kanal_house_for_sale_in_f-8-52107245-166-1.html,House,PKR45 Crore,7,2 Kanal,For Sale,9,2 hours ago,"F-8, Islamabad, Islamabad Capital","Aoa Dear Sir. . . . we have good options in F6 F7 F8 F10 . . . if you need good options plz contact for best services . . . direct deal with owner . . . we are also deal in commercial and residential area. . . Zawiya Enterprises Is An Established Real Estate Consultancy Offering Advisory Services To Investors And Individuals Alike, Since Year 2000. We Are Known As A Reliable Service Provider In All Aspects Of Real Estate Business From Commercial To The Residential And From Large Scale Deals For The Housing Societies To High-Rise Building Projects In ICT, Bahria Town, DHA, Gulberg And Other Leading Societies In And Around The Twin Cities. We Are A Registered With Real Estate Association And With FBR. We Cater All The Requirements Of Our Worthy Clients From Verification Of The Documents Of Land/ Plot/ Building To The Process Of NOC (WHERE REQUIRED) Till The Handing Over And Completion Of Transfer To The Satisfaction Of The Client In A Most Transparent Manner. In Addition We Render Most Profitable Deals From Our Inventory At A Lowest Service Charges. To Offer Best Opportunities And Safeguard Your Capital Is Our Sole Philosophy As We Look In The Value Against Money For Our Service To You And Desire For A Long Term Relationship. . .","Built in year: 2023, Parking Spaces: 1, Double Glazed Windows, Central Air Conditioning, Central Heating, Flooring, Electricity Backup, Waste Disposal, Floors: 3, Other Main Features, Furnished","Broadband Internet Access, Satellite or Cable TV Ready, Intercom, Other Business and Communication Facilities","Community Lawn or Garden, Community Swimming Pool, Community Gym, First Aid or Medical Centre, Day Care Centre, Kids Play Area, Barbeque Area, Mosque, Community Centre, Other Community Facilities","Nearby Schools, Nearby Hospitals, Nearby Shopping Malls, Nearby Restaurants, Distance From Airport (kms), Nearby Public Transport Service, Other Nearby Places","Maintenance Staff, Security Staff, Facilities for Disabled, Other Facilities","Bedrooms: 6, Bathrooms: 7, Servant Quarters: 1, Drawing Room, Dining Room, Kitchens: 3, Study Room, Prayer Room, Powder Room, Gym, Store Rooms: 1, Steam Room, Lounge or Sitting Room, Laundry Room, Other Rooms","Lawn or Garden, Swimming Pool, Sauna, Jacuzzi, Other Healthcare and Recreation Facilities",,,
https://www.zameen.com/Property/islamabad_f-10_2_kanal_house_for_sale_in_f-10_cda_sector-52010216-162-1.html,House,PKR35 Crore,7,2 Kanal,For Sale,8,2 hours ago,"F-10, Islamabad, Islamabad Capital","Zawiya Enterprises Is An Established Real Estate Consultancy Offering Advisory Services To Investors And Individuals Alike, Since Year 2000. We Are Known As A Reliable Service Provider In All Aspects Of Real Estate Business From Commercial To The Residential And From Large Scale Deals For The Housing Societies To High-Rise Building Projects In ICT, Bahria Town, DHA, Gulberg And Other Leading Societies In And Around The Twin Cities. We Are A Registered With Real Estate Association And With FBR. We Cater All The Requirements Of Our Worthy Clients From Verification Of The Documents Of Land/ Plot/ Building To The Process Of NOC (WHERE REQUIRED) Till The Handing Over And Completion Of Transfer To The Satisfaction Of The Client In A Most Transparent Manner. In Addition We Render Most Profitable Deals From Our Inventory At A Lowest Service Charges. To Offer Best Opportunities And Safeguard Your Capital Is Our Sole Philosophy As We Look In The Value Against Money For Our Service To You And Desire For A Long Term Relationship. . .","Built in year: 2000, Parking Spaces: 6, Double Glazed Windows, Central Air Conditioning, Central Heating, Flooring, Electricity Backup, Waste Disposal, Floors: 3, Other Main Features, Furnished","Broadband Internet Access, Satellite or Cable TV Ready, Intercom, Other Business and Communication Facilities","Community Lawn or Garden, Community Swimming Pool, Community Gym, First Aid or Medical Centre, Day Care Centre, Kids Play Area, Barbeque Area, Mosque, Community Centre, Other Community Facilities","Nearby Schools, Nearby Hospitals, Nearby Shopping Malls, Nearby Restaurants, Distance From Airport (kms), Nearby Public Transport Service, Other Nearby Places","Maintenance Staff, Security Staff, Facilities for Disabled, Other Facilities","Bedrooms: 8, Bathrooms: 8, Servant Quarters: 1, Drawing Room, Dining Room, Kitchens: 2, Study Room, Prayer Room, Powder Room, Gym, Store Rooms: 1, Steam Room, Lounge or Sitting Room, Laundry Room, Other Rooms","Lawn or Garden, Swimming Pool, Sauna, Jacuzzi, Other Healthcare and Recreation Facilities",,,
https://www.zameen.com/Property/islamabad_g-9_30x50_live_able_house_for_sale_near_g9_market_islamabad-52151749-171-1.html,House,PKR5.5 Crore,5,6 Marla,For Sale,5,2 hours ago,"G-9, Islamabad, Islamabad Capital","Aoa Dear Sir. . . . Zawiya Enterprises Is An Established Real Estate Consultancy Offering Advisory Services To Investors And Individuals Alike, Since Year 2000. We Are Known As A Reliable Service Provider In All Aspects Of Real Estate Business From Commercial To The Residential And From Large Scale Deals For The Housing Societies To High-Rise Building Projects In ICT, Bahria Town, DHA, Gulberg And Other Leading Societies In And Around The Twin Cities. We Are A Registered With Real Estate Association And With FBR. We Cater All The Requirements Of Our Worthy Clients From Verification Of The Documents Of Land/ Plot/ Building To The Process Of NOC (WHERE REQUIRED) Till The Handing Over And Completion Of Transfer To The Satisfaction Of The Client In A Most Transparent Manner. In Addition We Render Most Profitable Deals From Our Inventory At A Lowest Service Charges. To Offer Best Opportunities And Safeguard Your Capital Is Our Sole Philosophy As We Look In The Value Against Money For Our Service To You And Desire For A Long Term Relationship. . .","Built in year: 1990, Parking Spaces: 2, Double Glazed Windows, Central Air Conditioning, Central Heating, Flooring, Electricity Backup, Waste Disposal, Floors: 2, Other Main Features","Broadband Internet Access, Satellite or Cable TV Ready, Intercom, Other Business and Communication Facilities","Community Lawn or Garden, Community Swimming Pool, Community Gym, First Aid or Medical Centre, Day Care Centre, Kids Play Area, Barbeque Area, Mosque, Community Centre, Other Community Facilities","Nearby Schools, Nearby Hospitals, Nearby Shopping Malls, Nearby Restaurants, Distance From Airport (kms), Nearby Public Transport Service, Other Nearby Places","Maintenance Staff, Security Staff, Facilities for Disabled, Other Facilities","Bedrooms: 4, Bathrooms: 4, Servant Quarters, Drawing Room, Dining Room, Kitchens: 1, Study Room, Prayer Room, Powder Room, Gym, Store Rooms: 1, Steam Room, Lounge or Sitting Room, Laundry Room, Other Rooms","Lawn or Garden, Swimming Pool, Sauna, Jacuzzi, Other Healthcare and Recreation Facilities",,,
https://www.zameen.com/Property/i_11_i-11_2_4_marla_house_for_sale_in_1400_series-53328538-9879-1.html,House,PKR2.8 Crore,5,4 Marla,For Sale,5,1 month ago,"I-11, Islamabad, Islamabad Capital",4 Marla Best Location House For Sale In 1400 Series,"Built in year: 2015, Parking Spaces: 1, Double Glazed Windows, Central Air Conditioning, Central Heating, Flooring, Electricity Backup, Floors: 2, Other Main Features","Broadband Internet Access, Satellite or Cable TV Ready, Intercom, Other Business and Communication Facilities","Community Lawn or Garden, Community Gym, First Aid or Medical Centre, Day Care Centre, Kids Play Area, Barbeque Area, Mosque, Community Centre, Other Community Facilities","Nearby Schools, Nearby Hospitals, Nearby Shopping Malls, Nearby Restaurants, Distance From Airport (kms), Nearby Public Transport Service, Other Nearby Places","Security Staff, Other Facilities","Bedrooms: 8, Bathrooms: 9, Servant Quarters: 1, Drawing Room, Dining Room, Kitchens: 1, Study Room, Prayer Room","Lawn or Garden, Other Healthcare and Recreation Facilities",,,
https://www.zameen.com/Property/mpchs_multi_gardens_mpchs_-_block_e_30_60_short_corner_house_for_sale_in_b17_e_block-53355620-3120-1.html,House,PKR3.8 Crore,5,8 Marla,For Sale,6,3 weeks ago,"B-17, Islamabad, Islamabad Capital","Short Corner Elegant 30x60 Semi-Furnished House for Sale in Multi Gardens, E Block Discover your dream home in the heart of Multi Gardens (B-17) E Block! This beautifully designed 30x60 semi-furnished house offers a perfect blend of comfort, elegance, and modern living. Featuring stylish interiors, quality fittings, spacious rooms, and a serene neighborhood, its ideal for families seeking a peaceful yet well-connected lifestyle. Prime location E Block, near main boulevard Modern semi-furnished setup Elegant design & high-quality finishes Ready to move in Call now for a visit and make this elegant home yours!","Built in year: 2025, Parking Spaces: 1, Double Glazed Windows, Flooring, Electricity Backup, Waste Disposal, Floors: 2, Furnished",,"Community Lawn or Garden, Community Gym, First Aid or Medical Centre, Kids Play Area, Barbeque Area, Mosque, Community Centre, Other Community Facilities","Nearby Schools, Nearby Hospitals, Nearby Shopping Malls, Nearby Restaurants, Nearby Public Transport Service","Maintenance Staff, Security Staff, Facilities for Disabled","Bedrooms: 6, Bathrooms: 5, Servant Quarters: 1, Drawing Room, Dining Room, Kitchens: 2, Study Room, Prayer Room, Powder Room, Lounge or Sitting Room, Laundry Room",,,,
https://www.zameen.com/Property/e_11_e-11_4_flat_in_al-mustafa_arcade_street_15_e-11_4-53070385-3241-1.html,Flat,PKR80 Lakh,2,4.7 Marla,For Sale,2,2 days ago,"E-11, Islamabad, Islamabad Capital","Al-Mustafa arcade street 15 E-11/4 near to Qurtaba Heights and apollo tower semi-Furnished 2 bed spacious apartment for sale very reasonable price rental value : 65 to 70 thousand per month, 2nd floor separate electric wapda meter , underground car parking grab this opportunity, for visit contact","Built in year: 2016, Parking Spaces: 1, Lobby in Building, Double Glazed Windows, Central Air Conditioning, Central Heating, Flooring, Electricity Backup, Waste Disposal, Floor: 2, Floors in Building: 6, Elevators, Other Main Features, Furnished","Broadband Internet Access, Satellite or Cable TV Ready, Intercom, ATM Machines","Community Lawn or Garden, Community Swimming Pool, Community Gym, First Aid or Medical Centre, Day Care Centre, Kids Play Area, Barbeque Area, Mosque, Community Centre","Nearby Schools, Nearby Hospitals, Nearby Shopping Malls, Nearby Restaurants, Distance From Airport (kms), Nearby Public Transport Service, Other Nearby Places","Maintenance Staff, Security Staff, Laundry or Dry Cleaning Facility, Facilities for Disabled","Bedrooms: 2, Bathrooms: 2, Drawing Room, Dining Room, Kitchens, Study Room, Prayer Room, Powder Room, Gym, Steam Room, Lounge or Sitting Room, Laundry Room","Sauna, Jacuzzi",,,
https://www.zameen.com/Property/g_11_3_capital_heights_captain_height_g-11_3_apartments_for_sale-53271366-13256-1.html,Flat,PKR3.3 Crore,2,6.4 Marla,For Sale,2,2 days ago,"G-11, Islamabad, Islamabad Capital",Capital Height G-11/3 2 bedroom Brand new Apartments for sale Size 1435 square ft Tv Lounge Kitchen Demand 3.30 Crore,"Built in year: 2025, Parking Spaces: 1, Lobby in Building, Double Glazed Windows, Central Air Conditioning, Central Heating, Flooring, Electricity Backup, Waste Disposal, Floor: 2, Floors in Building: 12, Elevators: 4, Service Elevators in Building, Other Main Features","Broadband Internet Access, Satellite or Cable TV Ready, Business Center or Media Room in Building, Conference Room in Building, Intercom, ATM Machines, Other Business and Communication Facilities","Community Lawn or Garden, Community Gym, First Aid or Medical Centre, Day Care Centre, Kids Play Area, Barbeque Area, Mosque, Community Centre, Other Community Facilities","Nearby Schools, Nearby Hospitals, Nearby Shopping Malls, Nearby Restaurants, Distance From Airport (kms), Nearby Public Transport Service, Other Nearby Places","Maintenance Staff, Security Staff, Laundry or Dry Cleaning Facility, Communal/Shared Kitchen, Facilities for Disabled, Pets Not Allowed, Other Facilities","Bedrooms: 2, Bathrooms: 2, Drawing Room, Dining Room, Kitchens: 1, Study Room, Prayer Room, Powder Room, Gym, Store Rooms: 1, Steam Room, Lounge or Sitting Room, Laundry Room","Sauna, Jacuzzi, Other Healthcare and Recreation Facilities",,,
https://www.zameen.com/Property/dha_defence_phase_1_dha_phase_1_-_sector_e_1_kanal_house_for_sale-53247912-3193-1.html,House,PKR9.95 Crore,6,1 Kanal,For Sale,5,1 week ago,"DHA Defence, Islamabad, Islamabad Capital",DHA 1 Islamabad 1 Kanal Brand New House For Sale Double Unit 5 Bed Rooms 2 Kitchen 2 Tv Lounge 2 Store Room 1 Servant Quarter Huge Car Parking Prime Location Owner Build Near To Mosque / Commercial,,,,"Nearby Schools, Nearby Hospitals, Nearby Shopping Malls, Nearby Restaurants, Nearby Public Transport Service",Security Staff,,,,,
https://www.zameen.com/Property/islamabad_top_city_1_investor_rate_brand_new_studio_apartment_for_sale_b_block_on_investor_rate_in_top_city_islamabad-52899028-1383-1.html,Flat,PKR45 Lakh,1,2.1 Marla,For Sale,-,3 days ago,"Top City 1, Islamabad, Islamabad Capital","Top City-1 Islamabad is a Prestigious Housing Society located in the Heart of Islamabad, just Top 5 minutes' drive from Zero Point. It is a well-planned Community with wide Roads, Beautiful Parks, and Modern amenities. The society offers a unique blend of luxury and affordability, Making it an Attractive option for Families and Investors alike. Kashmir Highway 2 km Metro Station 2 km M1 one Near mint drive away M2 one mint drive away CPEC 3 mint drive away Islamabad International Airport 2 mint drive away Thaliana interchange Top 5 mint drive away GT Road 5 mint drive away All bus Terminals like Daewoo ,Faisal Movers,Skyways,Road Master ,Kohistan etc. 6 mints drive away Quaid e Azam am International Hospital 7 mints drive away Zoo, School, Park ,Playgrounds ,Community Centre ,Mosque ,Golf Club, Commercial Market 2km Contact","Built in year: 2025, Parking Spaces: 1, Double Glazed Windows, Central Air Conditioning, Central Heating, Flooring, Electricity Backup, Waste Disposal, Other Main Features, Furnished","Broadband Internet Access, Satellite or Cable TV Ready, Intercom, ATM Machines, Other Business and Communication Facilities","Community Lawn or Garden, Community Swimming Pool, Community Gym, First Aid or Medical Centre, Day Care Centre, Kids Play Area, Barbeque Area, Mosque, Community Centre, Other Community Facilities","Nearby Schools, Nearby Hospitals, Nearby Shopping Malls, Nearby Restaurants, Distance From Airport (kms), Nearby Public Transport Service, Other Nearby Places","Maintenance Staff, Security Staff, Facilities for Disabled, Other Facilities","Bedrooms: 1, Bathrooms: 1, Servant Quarters: 1, Drawing Room, Dining Room, Kitchens: 1, Study Room, Prayer Room, Powder Room, Store Rooms: 1, Lounge or Sitting Room, Laundry Room, Other Rooms","Jacuzzi, Other Healthcare and Recreation Facilities",,,
https://www.zameen.com/Property/islamabad_abdullah_garden_5_marla_brand_new_double_unit_house_for_sale_in_prime_location-53290850-8373-1.html,House,PKR3.2 Crore,5,5 Marla,For Sale,4,2 weeks ago,"Abdullah Garden, Islamabad, Islamabad Capital","A beautiful 5 Marla double unit house is available for sale in a prime location. This modern home is built with elegant design and top-quality materials, offering comfortable living for your family. The ground floor features 2 spacious bedrooms with attached bathrooms, a stylish drawing room, a modern kitchen, a TV lounge, a powder room, and car parking space. The upper floor includes 2 bedrooms with attached bathrooms, a drawing room, a kitchen, and a TV lounge, making it ideal for two families or rental purposes. The house has beautiful tile flooring, solid woodwork, and excellent ventilation. All essential facilities like schools, parks, markets, and mosques are nearby. 4 Bedrooms (Attached Baths) 2 Drawing Rooms 2 Kitchens 2 TV Lounges 1 Powder Room 1 Car Parking Ideal for Two Families / Rental Use Prime Location Peaceful Environment","Built in year: 2025, Parking Spaces: 1, Double Glazed Windows, Central Air Conditioning, Central Heating, Flooring, Waste Disposal, Floors: 2, Other Main Features, Furnished","Broadband Internet Access, Satellite or Cable TV Ready, Intercom, Other Business and Communication Facilities","Community Lawn or Garden, First Aid or Medical Centre, Kids Play Area, Mosque, Community Centre, Other Community Facilities","Nearby Schools, Nearby Hospitals, Nearby Shopping Malls, Nearby Restaurants, Distance From Airport (kms), Other Nearby Places",,"Bedrooms: 4, Bathrooms: 5, Drawing Room, Dining Room, Kitchens: 2, Lounge or Sitting Room, Laundry Room","Lawn or Garden, Other Healthcare and Recreation Facilities",,,
https://www.zameen.com/Property/kuri_road_phaf_officers_residencia_3_bed_flat_with_2_baths_available_for_sale_family_flat-53302024-13099-1.html,Flat,PKR1.25 Crore,2,5.2 Marla,For Sale,3,2 weeks ago,"Kuri Road, Islamabad, Islamabad Capital","Experience comfortable living in this beautiful 3-bedroom apartment available for sale in the PHA Flats, a secure and well-maintained community. This elegant flat features 2 modern bathrooms, a spacious TV lounge, a fully equipped kitchen, and a balcony with an open scenic view. Perfect for families seeking a peaceful environment with easy access to main roads, schools, hospitals, and shopping centers. The building offers 24/7 security, reserved car parking, and a clean, well-managed setup. Ready to move in book your visit today and make this your new home!","Built in year: 2022, Parking Spaces: 2, Double Glazed Windows, Central Air Conditioning, Central Heating, Flooring, Electricity Backup, Waste Disposal, Other Main Features, Furnished","Broadband Internet Access, Satellite or Cable TV Ready, Intercom, Other Business and Communication Facilities","Community Lawn or Garden, Community Swimming Pool, Community Gym, First Aid or Medical Centre, Day Care Centre, Kids Play Area, Barbeque Area, Mosque, Community Centre, Other Community Facilities","Nearby Hospitals, Nearby Shopping Malls, Nearby Restaurants, Distance From Airport (kms), Nearby Public Transport Service, Other Nearby Places","Maintenance Staff, Security Staff, Facilities for Disabled, Other Facilities","Bedrooms: 3, Bathrooms: 2, Servant Quarters: 2, Drawing Room, Dining Room, Kitchens: 1, Study Room, Prayer Room, Powder Room, Gym, Store Rooms: 1, Steam Room, Lounge or Sitting Room, Laundry Room, Other Rooms","Sauna, Jacuzzi, Other Healthcare and Recreation Facilities",,,
https://www.zameen.com/Property/g_11_3_warda_hamna_residencia_3_flat_warda_hamna_2_3_two_options_available_for_sale_three_bedroom_tv_lounge_dining_kitchen-49942163-11863-1.html,Flat,PKR4.95 Crore,4,9.3 Marla,For Sale,3,1 week ago,"G-11, Islamabad, Islamabad Capital","*For Sale - Brand New 3Bed Apartment, WardaHamna 2 & 3 Two Options available For Sale 1st Floor & 3rd Floor 3 bed with 3 attached baths TV Lounge Dining Kitchen Store Nayatel DSL internet Gas and electric meter installed New Building Walking Distance Park And Market laundry Extra storage upper Cabinets & Chester drawers Lovely view from balcony 2100 Square feet Sale demand 495lac Fully Family environment 24Hour Security CCTV and Security Guards Top Best building in Islamabad More details please contact Raja Danish","Built in year: 2022, Parking Spaces: 1, Lobby in Building, Double Glazed Windows, Central Air Conditioning, Central Heating, Flooring, Electricity Backup, Waste Disposal, Floor: 1, Floors in Building: 6, Elevators: 3, Service Elevators in Building, Other Main Features, Furnished","Broadband Internet Access, Satellite or Cable TV Ready, Intercom, Other Business and Communication Facilities","Community Lawn or Garden, Community Swimming Pool, Community Gym, First Aid or Medical Centre, Day Care Centre, Kids Play Area, Barbeque Area, Mosque, Community Centre, Other Community Facilities","Nearby Schools, Nearby Hospitals, Nearby Shopping Malls, Nearby Restaurants, Distance From Airport (kms), Nearby Public Transport Service, Other Nearby Places","Maintenance Staff, Security Staff, Laundry or Dry Cleaning Facility, Facilities for Disabled, Other Facilities","Bedrooms: 3, Bathrooms: 4, Servant Quarters: 1, Drawing Room, Dining Room, Kitchens: 1, Study Room, Prayer Room, Powder Room, Gym, Store Rooms: 1, Steam Room, Lounge or Sitting Room, Laundry Room, Other Rooms","Sauna, Jacuzzi, Other Healthcare and Recreation Facilities",,,
https://www.zameen.com/Property/islamabad_e-11_out_class_designer_house_available_for_sale-49117699-329-1.html,House,PKR15 Crore,-,1 Kanal,For Sale,8,1 day ago,"E-11, Islamabad, Islamabad Capital",Out Class House Available For Sale 8Bedroom With Attach Bath Drawing Dining Tv Lounge Kitchen Store Servant Quarter Fully Tile Flooring Close End Street,,,,,,"Bedrooms: 4, Bathrooms: 4, Drawing Room, Dining Room, Kitchens: 2",,,,
https://www.zameen.com/Property/islamabad_e-11_brand_new_luxury_house_available_for_sale-48537685-329-1.html,House,PKR16 Crore,1,1 Kanal,For Sale,9,1 day ago,"E-11, Islamabad, Islamabad Capital",9Bedroom Triple Unit House 3/Drawing Dining 3/ Tv lounge 3/ Kitchen 3Store 2/ servant quarter Fully Tile Flooring 2/ Main Gate close To Market for more information contact Us,"Built in year: 2024, Parking Spaces: 4, Double Glazed Windows, Central Air Conditioning, Central Heating, Flooring, Electricity Backup, Waste Disposal, Floors: 3, Other Main Features","Broadband Internet Access, Satellite or Cable TV Ready, Intercom, Other Business and Communication Facilities","Community Lawn or Garden, Community Swimming Pool, Community Gym, First Aid or Medical Centre, Day Care Centre, Kids Play Area, Barbeque Area, Mosque, Community Centre, Other Community Facilities","Nearby Schools, Nearby Hospitals, Nearby Shopping Malls, Nearby Restaurants, Distance From Airport (kms), Nearby Public Transport Service, Other Nearby Places","Maintenance Staff, Security Staff, Facilities for Disabled, Other Facilities","Bedrooms: 9, Bathrooms: 10, Servant Quarters: 2, Drawing Room, Dining Room, Kitchens: 3, Study Room, Prayer Room, Powder Room, Gym, Store Rooms: 2, Steam Room, Lounge or Sitting Room, Laundry Room, Other Rooms","Sauna, Jacuzzi, Other Healthcare and Recreation Facilities",,,
https://www.zameen.com/Property/g_11_3_warda_hamna_residencia_3_g-11_warda_hamna_4_star_residencia_2_bedroom_tv_lounge_dining_kitchen_store_available_for_sale-52578578-11863-1.html,Flat,PKR3.8 Crore,3,7.3 Marla,For Sale,2,1 day ago,"G-11, Islamabad, Islamabad Capital",Warda hamna Four Star residencia Two Bedroom Tv lounge kitchen dining underground parking lift backup generator CCTV security Family building Brand New apartments rent value unfurnished 125000 and fully Furnished 170000 More details please contact,"Built in year: 2025, Parking Spaces: 1, Lobby in Building, Double Glazed Windows, Central Air Conditioning, Central Heating, Flooring, Electricity Backup, Waste Disposal, Floor: 5, Floors in Building: 1, Elevators: 3, Service Elevators in Building, Other Main Features, Furnished","Broadband Internet Access, Satellite or Cable TV Ready, Intercom","Community Lawn or Garden, Community Swimming Pool, Community Gym, First Aid or Medical Centre, Day Care Centre, Kids Play Area, Barbeque Area, Mosque, Community Centre","Nearby Schools, Nearby Hospitals, Nearby Shopping Malls, Nearby Restaurants, Distance From Airport (kms), Nearby Public Transport Service, Other Nearby Places","Maintenance Staff, Security Staff, Laundry or Dry Cleaning Facility, Facilities for Disabled, Other Facilities","Bedrooms: 2, Bathrooms: 3, Servant Quarters, Drawing Room, Dining Room, Kitchens: 1, Study Room, Prayer Room, Powder Room, Gym, Store Rooms: 1, Steam Room, Lounge or Sitting Room, Laundry Room, Other Rooms","Sauna, Jacuzzi, Other Healthcare and Recreation Facilities",,,
https://www.zameen.com/Property/islamabad_f-11_f-11_park_avenue_3bedroom_tv_lounge_dining_servant_quarter_incoming_rent_150000_available_for_sale-52573827-163-1.html,Flat,PKR4.3 Crore,4,12.2 Marla,For Sale,3,1 day ago,"F-11, Islamabad, Islamabad Capital",F-11 Park Avenue 3Bedroom Big TV Lounge Kitchen Dining Servant Quarter incoming Rent 150000 Monthly Underground parking lift backup generator walking distance park and Market More details please contact Raja Danish,"Built in year: 2021, Parking Spaces: 1, Lobby in Building, Double Glazed Windows, Central Air Conditioning, Central Heating, Flooring, Electricity Backup, Waste Disposal, Floor: 3, Floors in Building: 5, Elevators: 3, Service Elevators in Building, Other Main Features, Furnished","Broadband Internet Access, Satellite or Cable TV Ready, Business Center or Media Room in Building, Intercom, Other Business and Communication Facilities","Community Lawn or Garden, Community Swimming Pool, Community Gym, First Aid or Medical Centre, Day Care Centre, Kids Play Area, Barbeque Area, Mosque, Community Centre, Other Community Facilities","Nearby Schools, Nearby Hospitals, Nearby Shopping Malls, Nearby Restaurants, Distance From Airport (kms), Nearby Public Transport Service, Other Nearby Places","Maintenance Staff, Security Staff, Laundry or Dry Cleaning Facility, Facilities for Disabled, Other Facilities","Bedrooms: 3, Bathrooms: 4, Servant Quarters: 1, Drawing Room, Dining Room, Kitchens: 1, Study Room, Prayer Room, Powder Room, Gym, Store Rooms: 1, Steam Room, Lounge or Sitting Room, Laundry Room, Other Rooms","Sauna, Jacuzzi, Other Healthcare and Recreation Facilities",,,
https://www.zameen.com/Property/islamabad_e-11_3_bed_fully_furnished_flat_available_for_sale-53288097-329-1.html,Flat,PKR2.39 Crore,3,6.2 Marla,For Sale,3,1 week ago,"E-11, Islamabad, Islamabad Capital","For Sale: Fully Furnished 3-Bedroom Luxury Apartment Property Overview: Presenting a beautifully designed 3-bedroom fully furnished apartment located on the 7th floor of a well-maintained, purely residential building. This premium apartment combines comfort, elegance, and functionality ideal for families seeking a refined living experience. Key Features: Bedrooms: 3 spacious, elegantly furnished rooms with modern interiors Living Area: Stylish TV lounge with wooden flooring for a warm, luxurious ambiance Bathrooms: Contemporary bathrooms with capsule tubs and high-quality fittings Windows: Double-glazed windows for energy efficiency and noise reduction Kitchen: Fully equipped modular kitchen with premium appliances and cabinetry Floor: 7th floor with panoramic views and excellent ventilation Building Amenities: 3 floors of dedicated car parking 3 high-speed passenger elevators + 1 cargo elevator Garbage chutes on every floor for convenient waste disposal 24/7 security staff and CCTV camera surveillance Reception and waiting area with professional staff Maintenance team available round the clock Servant quarters with separate access On-site mosque for residents convenience Utilities: Separate WAPDA electricity meter Reliable water and power supply Financials: Rental Value: Approx. PKR 150,000 per month excellent investment opportunity Highlights: A perfect blend of modern design and practicality, this apartment offers a serene residential environment with premium facilities, ensuring a high standard of living.","Built in year: 2020, Parking Spaces, Lobby in Building, Double Glazed Windows, Central Air Conditioning, Central Heating, Flooring, Electricity Backup, Waste Disposal, Floor, Floors in Building: 9, Elevators: 3, Service Elevators in Building, Other Main Features, Furnished","Broadband Internet Access, Satellite or Cable TV Ready, Conference Room in Building","First Aid or Medical Centre, Day Care Centre, Kids Play Area, Barbeque Area, Mosque","Nearby Schools, Nearby Hospitals, Nearby Shopping Malls, Nearby Restaurants, Distance From Airport (kms), Nearby Public Transport Service, Other Nearby Places","Maintenance Staff, Security Staff, Laundry or Dry Cleaning Facility, Communal/Shared Kitchen, Facilities for Disabled, Pets Not Allowed, Other Facilities","Bedrooms: 3, Bathrooms: 3, Servant Quarters, Drawing Room, Dining Room, Kitchens, Store Rooms, Lounge or Sitting Room, Laundry Room",,,,
https://www.zameen.com/Property/islamabad_chak_shahzad_chak_shahzad_farm_house_22_kanal_for_sale-53241390-158-1.html,Farm House,PKR1.1 Arab,7,22 Kanal,For Sale,7,2 weeks ago,"Chak Shahzad, Islamabad, Islamabad Capital","CHAK SHAZAD FARM HOUSE (22) KANAL FOR SALE EXCELLANT LOCATION GOOD CONSTRICTION 7BEDS 7BATCH D/D TV LOUNGE SPACIOUS PLOOS GYM WITCH SOLID WOOD WORK WALL DECER 50 KV GENERATOR SOLAR SYSTEM OF 40 KV ALL FACILTIES AVAILBLE,,,,MORE DETAIL PLS CONTECT US,,,,,,,DEMAND,,,110 CR","Built in year, Parking Spaces, Double Glazed Windows, Central Air Conditioning, Central Heating, Flooring, Electricity Backup, Waste Disposal, Other Main Features, Furnished","Broadband Internet Access, Satellite or Cable TV Ready, Intercom, Other Business and Communication Facilities","Community Lawn or Garden, Community Swimming Pool, Community Gym, First Aid or Medical Centre, Day Care Centre, Kids Play Area, Barbeque Area, Mosque, Community Centre, Other Community Facilities","Nearby Schools, Nearby Hospitals, Nearby Shopping Malls, Nearby Restaurants, Distance From Airport (kms), Nearby Public Transport Service, Other Nearby Places","Maintenance Staff, Security Staff, Facilities for Disabled, Other Facilities","Bedrooms: 1, Bathrooms: 1, Servant Quarters, Drawing Room, Dining Room, Kitchens: 1, Study Room, Prayer Room, Powder Room, Gym, Steam Room, Lounge or Sitting Room, Laundry Room, Other Rooms","Sauna, Jacuzzi, Other Healthcare and Recreation Facilities",,,
https://www.zameen.com/Property/g_10_g-10_4_g-10_4_size_14_marla_house_for_sale_cosa_transfer-53319737-3327-1.html,House,PKR10.5 Crore,6,14 Marla,For Sale,6,7 hours ago,"G-10, Islamabad, Islamabad Capital",6 bed 6 bath double drawing room double kitchen 3 car parking cda transfer marble flooring 60 fit street margala face ideal location,"Parking Spaces: 3, Double Glazed Windows, Central Air Conditioning, Central Heating, Flooring, Electricity Backup, Waste Disposal",,,"Nearby Schools, Nearby Hospitals, Nearby Shopping Malls, Nearby Restaurants, Distance From Airport (kms), Nearby Public Transport Service, Other Nearby Places","Security Staff, Other Facilities",,,,,
https://www.zameen.com/Property/b_17_mpchs_-_multi_gardens_30_60_available_for_sale-53351086-3115-1.html,House,PKR3.75 Crore,5,8 Marla,For Sale,4,3 weeks ago,"B-17, Islamabad, Islamabad Capital","7 Marla Short Corner Double Storey Double Unit House Available For Sale In Block E, MPCHS Sector B-17 Islamabad. House no 2903, Street no 113, Block E. Main Double Road Directly access, Near to Masjid, School and Markaz GROUND FLOOR PLAN: Spacious Garage 2 bedrooms with attached washroom and dressing Drawing room Tv lounge Open kitchen Laundry area. FIRST FLOOR PLAN: 2 Bedrooms with attached washroom and dressing 1 Multi purpose room TV Lounge Drawing Room Open Kitchen Mumty/servant room with washroom. Electricity meter installed. Water bore available Visit Any time Possible","Built in year: 2017, Parking Spaces: 03, Double Glazed Windows, Central Air Conditioning, Central Heating, Flooring, Electricity Backup, Waste Disposal, Floors: 3, Other Main Features, Furnished","Broadband Internet Access, Satellite or Cable TV Ready, Intercom, Other Business and Communication Facilities","Community Lawn or Garden, Community Swimming Pool, Community Gym, First Aid or Medical Centre, Day Care Centre, Kids Play Area, Barbeque Area, Mosque, Community Centre, Other Community Facilities","Nearby Schools, Nearby Hospitals, Nearby Shopping Malls, Nearby Restaurants, Distance From Airport (kms), Nearby Public Transport Service, Other Nearby Places","Maintenance Staff, Security Staff, Facilities for Disabled, Other Facilities","Bedrooms: 06, Bathrooms: 07, Servant Quarters: 02, Drawing Room, Dining Room, Kitchens: 03, Study Room, Prayer Room, Powder Room, Gym, Store Rooms: 02, Steam Room, Lounge or Sitting Room, Laundry Room, Other Rooms","Lawn or Garden, Swimming Pool, Sauna, Jacuzzi, Other Healthcare and Recreation Facilities",,,
https://www.zameen.com/Property/dha_valley_oleander_sector_oleander_sector_-_dha_homes_block_a_8_marla_brand_new_corner_front_open_home_with_extra_land_available_for_sale-53238869-16792-1.html,House,PKR1.65 Crore,3,8 Marla,For Sale,3,4 weeks ago,"DHA Defence, Islamabad, Islamabad Capital",8 Marla (30x60) Brand New Corner Front Open Home With Extra Land Available For Sale For More Details Please Contact More Options Also Available For Sale,"Parking Spaces: 2, Flooring, Waste Disposal, Other Main Features","Broadband Internet Access, Satellite or Cable TV Ready, Intercom, Other Business and Communication Facilities","Community Lawn or Garden, Community Gym, First Aid or Medical Centre, Day Care Centre, Kids Play Area, Mosque, Community Centre","Nearby Schools, Nearby Hospitals, Nearby Public Transport Service, Other Nearby Places","Maintenance Staff, Security Staff, Facilities for Disabled, Other Facilities","Bedrooms: 3, Bathrooms: 3, Servant Quarters: 1, Drawing Room, Dining Room, Kitchens: 1, Store Rooms: 1, Lounge or Sitting Room, Laundry Room","Lawn or Garden, Other Healthcare and Recreation Facilities",,,
https://www.zameen.com/Property/dha_valley_lilly_sector_lilly_sector_-_dha_homes_08_marla_double_storey_house_available_for_sale-53347714-16826-1.html,House,PKR1.52 Crore,3,8 Marla,For Sale,3,1 week ago,"DHA Defence, Islamabad, Islamabad Capital","08 Marla double story well mantanend homes beautiful location best community good environment all facilities available like parks, gym etc.","Built in year: 2019, Parking Spaces: 1, Double Glazed Windows, Central Air Conditioning, Central Heating, Flooring, Electricity Backup, Waste Disposal, Floors: 2, Other Main Features","Broadband Internet Access, Satellite or Cable TV Ready, Intercom, Other Business and Communication Facilities","Community Lawn or Garden, Community Swimming Pool, Community Gym, First Aid or Medical Centre, Day Care Centre, Kids Play Area, Barbeque Area, Mosque, Community Centre, Other Community Facilities","Nearby Schools, Nearby Hospitals, Nearby Shopping Malls, Nearby Restaurants, Nearby Public Transport Service, Other Nearby Places","Maintenance Staff, Security Staff, Facilities for Disabled, Other Facilities","Bedrooms: 3, Bathrooms: 3, Servant Quarters: 1, Drawing Room, Dining Room, Kitchens: 1, Study Room, Prayer Room, Powder Room, Store Rooms: 1, Steam Room, Lounge or Sitting Room, Laundry Room, Other Rooms","Lawn or Garden, Swimming Pool, Other Healthcare and Recreation Facilities",,,
https://www.zameen.com/Property/park_view_city_park_view_city_-_downtown_block_one_bed_fountains_view_and_lake_face_apartment_lake_harbour_2-53302420-20871-1.html,Flat,PKR1.51 Crore,1,2.4 Marla,For Sale,1,2 weeks ago,"Park View City, Islamabad, Islamabad Capital",Lake Harbour 2 project is located on A-Com plot 07 near to Main gate Downtown Park View City Islamabad. Project Of Foursquare Developers 151 lac is Full cash rate. 165 lac on 6 months time with 50% dp 175 lac on Year time with 30% dp 182.92 lac on 2 years time with 20% dp Project will be delivered in 1 year time.,"Built in year: 2022, Parking Spaces: 2, Double Glazed Windows, Flooring, Electricity Backup, Other Main Features","Broadband Internet Access, Satellite or Cable TV Ready, Intercom, Other Business and Communication Facilities","Community Lawn or Garden, Community Swimming Pool, Community Gym, First Aid or Medical Centre, Day Care Centre, Kids Play Area, Barbeque Area, Mosque, Community Centre, Other Community Facilities","Nearby Schools, Nearby Hospitals, Nearby Shopping Malls, Nearby Restaurants, Distance From Airport (kms), Nearby Public Transport Service, Other Nearby Places","Maintenance Staff, Security Staff, Facilities for Disabled, Other Facilities","Bedrooms: 3, Bathrooms: 4, Servant Quarters: 1, Drawing Room, Dining Room, Kitchens: 2, Study Room, Prayer Room, Powder Room, Store Rooms: 1, Lounge or Sitting Room, Laundry Room, Other Rooms","Sauna, Jacuzzi, Other Healthcare and Recreation Facilities",,,
https://www.zameen.com/Property/islamabad_g-13_g13_2_islamabad_30_60_7-marla_brand_new_house_for_sale-53355986-330-1.html,House,PKR6.8 Crore,5,7 Marla,For Sale,4,3 weeks ago,"G-13, Islamabad, Islamabad Capital","*Brand New 8 marla classical House for sale in G-13 Islamabad* *""Modern meets classical* Rooted in tradition, built for today this Neo-classical residential elevation blends historic charm with modern living. It's where architectural heritage meets modern comfort, creating a space that feels both familiar and forward-thinking. *Features:* 1- Most ideal location in G-13/2 2- Sun face (Pindi face) 2- Neo-Classical Elevation 3- 8 Marla (30x60) 4- Double unit house 5- 40 feet wide street 6- Nearest to the park, masjid and market 7- 400 feet down Water boring is available as well as water supply facility. 8- Good quality material has been used 9- 60 grade Ittehad steel 10- RCC foundation and Plinth Beam 11- Solid wooden doors (Yellow pine) 12- A+ Grade tiles (size: 2x4) 13- Super & High gloss sheets for kitchens and wardrobes 14- Best quality sanitary fittings (Faisal) 15-GM cable 16- Nippon Wall Putty and Paint 17- Pak Altech Aluminium 18- Heavy gauge Double side Main gate 19- Inverter Fans 20- Closest to the Sirinagar highway 21- Most ideal location in G-13 22-Rental value 2 lacs *About the Property:* *Ground Floor* Drawing Room 2 Bedrooms With Attached Bath TV Lounge Kitchen Loundary Area 2 cars parking *First floor* Drawing Room 3 Bedrooms With Attached Bath Kitchen TV Lounge *Roof Top* 1 Bed Room Washroom Laundry contact","Built in year: 2025, Parking Spaces: 2, Double Glazed Windows, Central Air Conditioning, Central Heating, Flooring, Electricity Backup, Waste Disposal, Floors: 2, Other Main Features, Furnished","Broadband Internet Access, Satellite or Cable TV Ready, Intercom, Other Business and Communication Facilities","Community Lawn or Garden, Community Swimming Pool, Community Gym, First Aid or Medical Centre, Day Care Centre, Kids Play Area, Barbeque Area, Mosque, Community Centre, Other Community Facilities","Nearby Schools, Nearby Hospitals, Nearby Shopping Malls, Nearby Restaurants, Distance From Airport (kms), Nearby Public Transport Service, Other Nearby Places","Maintenance Staff, Security Staff, Facilities for Disabled, Other Facilities","Bedrooms: 4, Bathrooms: 4, Servant Quarters: 1, Drawing Room, Dining Room, Kitchens: 2, Study Room, Prayer Room, Powder Room, Gym, Store Rooms: 1, Steam Room, Lounge or Sitting Room, Laundry Room, Other Rooms","Lawn or Garden, Swimming Pool, Sauna, Jacuzzi, Other Healthcare and Recreation Facilities",,,
https://www.zameen.com/Property/bahria_enclave_cube_apartments_studio_apartment_for_sale_cube_apartments_bahria_enclave_islamabad-49649526-21520-1.html,Flat,PKR75 Lakh,1,2.4 Marla,For Sale,-,1 week ago,"Bahria Town, Islamabad, Islamabad Capital",cube Appartments Bahria Enclave Studio Apartment for sale All dues clear Outside parking paid 10 lakh. 7th floor Rental Value 40k,"Built in year: 2024, Parking Spaces: 1, Double Glazed Windows, Central Air Conditioning, Central Heating, Flooring, Electricity Backup, Waste Disposal, Other Main Features, Furnished","Broadband Internet Access, Satellite or Cable TV Ready, Intercom, Other Business and Communication Facilities","Community Lawn or Garden, Community Swimming Pool, Community Gym, First Aid or Medical Centre, Day Care Centre, Kids Play Area, Barbeque Area, Mosque, Community Centre, Other Community Facilities","Nearby Schools, Nearby Hospitals, Nearby Shopping Malls, Nearby Restaurants, Distance From Airport (kms), Nearby Public Transport Service, Other Nearby Places","Maintenance Staff, Security Staff, Facilities for Disabled, Other Facilities","Bedrooms: 7, Bathrooms: 9, Servant Quarters: 1, Drawing Room, Dining Room, Kitchens: 3, Study Room, Prayer Room, Powder Room, Gym, Store Rooms: 1, Steam Room, Lounge or Sitting Room, Laundry Room, Other Rooms","Sauna, Jacuzzi, Other Healthcare and Recreation Facilities",,,
https://www.zameen.com/Property/islamabad_e-11_1_bed_furnished_flat_available_for_sale-53296631-329-1.html,Flat,PKR1.35 Crore,2,4 Marla,For Sale,1,1 week ago,"E-11, Islamabad, Islamabad Capital","Luxury 1-Bedroom Flat for Sale in Makkah Tower, E-11/4 Islamabad Experience modern living in this fully luxury furnished 1-bedroom apartment located in the prestigious Makkah Tower, E-11/4. Designed with elegance and comfort in mind, this flat offers a perfect blend of style and functionality ideal for personal living or investment. Property Highlights: Fully luxury furnished with high-quality furniture and appliances 1 spacious bedroom with attached bath Modern kitchen with premium fittings Beautiful lounge area with elegant dcor Investor Price excellent return on investment Rental value: Rs. 95,000/month Building Features: 2 spacious basements for parking 24/7 security guards and CCTV surveillance Dedicated maintenance staff for residents convenience Purely residential building ensuring a peaceful environment Located in one of Islamabads most desirable sectors, Makkah Tower, E-11/4, offers easy access to main roads, schools, shopping centers, and essential amenities. Ideal choice for investors or residents looking for a premium lifestyle!","Built in year: 2020, Parking Spaces, Lobby in Building, Double Glazed Windows, Central Air Conditioning, Central Heating, Flooring, Electricity Backup, Waste Disposal, Floor, Floors in Building, Elevators: 2, Service Elevators in Building, Other Main Features, Furnished","Broadband Internet Access, Satellite or Cable TV Ready, Business Center or Media Room in Building, Conference Room in Building, Intercom, ATM Machines","First Aid or Medical Centre, Day Care Centre, Kids Play Area, Barbeque Area, Mosque","Nearby Schools, Nearby Hospitals, Nearby Shopping Malls, Nearby Restaurants, Distance From Airport (kms), Nearby Public Transport Service, Other Nearby Places","Maintenance Staff, Security Staff, Laundry or Dry Cleaning Facility, Communal/Shared Kitchen, Facilities for Disabled, Pets Not Allowed, Other Facilities","Bedrooms: 1, Bathrooms: 2, Servant Quarters, Dining Room, Kitchens, Powder Room, Lounge or Sitting Room, Laundry Room",,,,
https://www.zameen.com/Property/islamabad_d-12_d-12_house_for_sale_sized_1250_square_feet-53348497-160-1.html,House,PKR5.75 Crore,6,5.6 Marla,For Sale,5,3 weeks ago,"D-12, Islamabad, Islamabad Capital","A price tag of PKR Rs. 57500000 is quite reasonable for a spacious House in D-12. Don't wait to invest in D-12 if you seek profitable returns. Don't miss the chance of having your own 1250 Square Feet property. Get yourself a House that suits your needs perfectly. Find best properties for sale in one of the D-12's most sought-after locations. All the options you may have looked at, we can guarantee that you wouldn't find a better buy. Read below to find out what this property offers. The barbeque area in the House is great to host small parties. Your kids can play to their heart's content in the play area adjoining the property. Thanks to central air conditioning, the temperature in the House is always maintained. The property comes with a private drawing and dining room for when you have company. Central heating in the House makes the space cozier and perfect for winter night parties. You can easily offer your five daily prayers in the prayer room that is part of the House. Double glazed windows prevent harsh sunlight from destroying interiors. For more details on the property, contact us today.","Double Glazed Windows, Central Air Conditioning, Central Heating, Flooring, Electricity Backup, Waste Disposal, Other Main Features","Broadband Internet Access, Satellite or Cable TV Ready, Intercom, Other Business and Communication Facilities","Community Lawn or Garden, Community Swimming Pool, Community Gym, First Aid or Medical Centre, Day Care Centre, Kids Play Area, Barbeque Area, Mosque, Community Centre, Other Community Facilities","Nearby Schools, Nearby Hospitals, Nearby Shopping Malls, Nearby Restaurants, Distance From Airport (kms), Nearby Public Transport Service, Other Nearby Places","Maintenance Staff, Security Staff, Facilities for Disabled, Other Facilities","Servant Quarters: 1, Drawing Room, Dining Room, Kitchens: 1, Study Room, Prayer Room, Powder Room, Gym, Store Rooms: 1, Steam Room, Lounge or Sitting Room, Laundry Room, Other Rooms","Sauna, Jacuzzi, Other Healthcare and Recreation Facilities",,,
https://www.zameen.com/Property/islamabad_d-12_2450_square_feet_house_in_d-12_of_d-12_is_available_for_sale-53348505-160-1.html,House,PKR12.5 Crore,6,10.9 Marla,For Sale,7,3 weeks ago,"D-12, Islamabad, Islamabad Capital","D-12 is fast developing and you can find the best rates for properties for residence or investment. If you've looked at some of the other property listings in this Rs. 125000000 range, you'll definitely note that this offer is a bargain. For those of you who are interested, D-12 is offering a lucrative opportunity of investment. A luxurious life awaits you in this 2450 Square Feet property. If you are a serious property buyer and ready to make a calculative, bold investment move, buy this property today. By choosing this House, know that you're making a wise choice - one that you will later be proud of. To get to more details on the property, some of its features are given below. The premises is well-guarded with an active and vigilant security services staff that is available seven days a week. The steam room in the House helps you detox and makes you feel fresh afterwards. Having a community swimming pool is an amenity that everyone can enjoy. A study room in the House is ideal for the students and those working from home. Host barbeque parties and entertain small gatherings at the adjoining barbeque area. Now you can stay ahead on social media with fast broadband internet access. You can pray comfortably in the prayer room that is part of the house and designed particularly for the purpose. Our representative will get in touch with you quickly after you request a meeting.","Double Glazed Windows, Central Air Conditioning, Central Heating, Flooring, Electricity Backup, Waste Disposal, Other Main Features","Broadband Internet Access, Satellite or Cable TV Ready, Intercom, Other Business and Communication Facilities","Community Lawn or Garden, Community Swimming Pool, Community Gym, First Aid or Medical Centre, Day Care Centre, Kids Play Area, Barbeque Area, Mosque, Community Centre, Other Community Facilities","Nearby Schools, Nearby Hospitals, Nearby Shopping Malls, Nearby Restaurants, Distance From Airport (kms), Nearby Public Transport Service, Other Nearby Places","Maintenance Staff, Security Staff, Facilities for Disabled, Other Facilities","Bedrooms: 1, Bathrooms: 1, Servant Quarters: 1, Drawing Room, Dining Room, Kitchens: 1, Study Room, Prayer Room, Powder Room, Gym, Store Rooms: 1, Steam Room, Lounge or Sitting Room, Laundry Room, Other Rooms","Sauna, Jacuzzi, Other Healthcare and Recreation Facilities",,,
https://www.zameen.com/Property/islamabad_f-11_f-11_executive_suits_2bedroom_big_tv_lounge_dining_kitchen_store_available_for_sale-52806880-163-1.html,Flat,PKR2.5 Crore,2,7.1 Marla,For Sale,2,1 week ago,"F-11, Islamabad, Islamabad Capital",F-11 Executive Suits 2Bedroom Big Tv lounge Kitchen dining Store laundry underground parking lift backup generator walking distance park and Market Original Picture Uploaded video available More details please contact,"Built in year: 2020, Parking Spaces: 1, Double Glazed Windows, Central Air Conditioning, Central Heating, Flooring, Electricity Backup, Waste Disposal, Elevators: 4, Service Elevators in Building, Other Main Features, Furnished","Broadband Internet Access, Satellite or Cable TV Ready","Community Lawn or Garden, Community Swimming Pool, Community Gym, First Aid or Medical Centre, Day Care Centre, Kids Play Area, Barbeque Area, Mosque, Community Centre","Nearby Schools, Nearby Hospitals, Nearby Shopping Malls, Nearby Restaurants, Distance From Airport (kms), Nearby Public Transport Service, Other Nearby Places","Maintenance Staff, Security Staff, Laundry or Dry Cleaning Facility","Bedrooms: 2, Bathrooms: 2, Drawing Room, Dining Room, Kitchens: 1, Study Room, Prayer Room, Powder Room, Store Rooms: 1, Lounge or Sitting Room, Laundry Room",,,,
https://www.zameen.com/Property/bahria_town_bahria_enclave_10_marla_5bedrooms_brand_new_house_for_sale_in_bahria_enclave_islamabad_sector_c1-53312582-1705-1.html,House,PKR5.9 Crore,5,10 Marla,For Sale,5,6 days ago,"Bahria Town, Islamabad, Islamabad Capital",Luxury interior&excellent elevation 10marla 5bedrooms brand new house for sale in bahria enclave Islamabad sector C1 Newly constructed at a very peaceful location excellent wood work quality fitting and stylish two kitchens Near to Masjid Park school hospital commercial market Best area for living Beautiful view This House Features 2 independent portions also suitable for renting out spacious 5bedrooms Luxury 6 bathrooms tv lounges drawing dining 1 servant room with attached bathroom entrance lobby with stairs parking space almost 3 cars for more details please contact us Muhammad Sohail Euro Homes Real Estate&Builders View Contact Detail,"Built in year: 2025, Parking Spaces: 3, Double Glazed Windows, Central Air Conditioning, Central Heating, Flooring, Electricity Backup, Waste Disposal, Floors: 2, Other Main Features, Furnished","Broadband Internet Access, Satellite or Cable TV Ready, Intercom, Other Business and Communication Facilities","Community Lawn or Garden, Community Swimming Pool, Community Gym, First Aid or Medical Centre, Day Care Centre, Kids Play Area, Barbeque Area, Mosque, Community Centre, Other Community Facilities","Nearby Schools, Nearby Hospitals, Nearby Shopping Malls, Nearby Restaurants, Distance From Airport (kms), Nearby Public Transport Service, Other Nearby Places","Maintenance Staff, Security Staff, Other Facilities","Bedrooms: 5, Bathrooms: 5, Servant Quarters: 1, Drawing Room, Dining Room, Kitchens: 2, Study Room, Prayer Room, Powder Room, Store Rooms: 1, Lounge or Sitting Room, Laundry Room","Lawn or Garden, Swimming Pool, Sauna, Jacuzzi, Other Healthcare and Recreation Facilities",,,
https://www.zameen.com/Property/bahria_enclave_bahria_enclave_-_sector_c1_bahria_enclave_islamabad_sector_c1_10_marla_5bedrooms_brand_new_house_available_for_sale-52920724-11987-1.html,House,PKR5.5 Crore,5,10 Marla,For Sale,5,1 day ago,"Bahria Town, Islamabad, Islamabad Capital",10marla 5bedrooms Brand New House For Sale In Bahria Enclave Islamabad Sector C1 Luxury Interior&Amp;Excellent Elevation 10 Marla 5bedrooms Brand New House For Sale In Bahria Enclave Islamabad Sector C1 Newly Constructed At A Very Peaceful Location Excellent Wood Work Quality Fitting And Stylish Two Kitchens Near To Masjid Park School Hospital Commercial Market Best Area For Living Beautiful Terrace View This House Features 2 Independent Portions Also (Suitable For Renting Out) Spacious 5bedrooms 5 Luxury Bathrooms Tv Lounges 1 Drawing Servant Room Dining With Attached R Tmnttennm Bathroom Entrance Entrance Lobby Lobby With Stairs Parking Space Almost 3 Cars For More Information And Visit Contact Us Euro Homes Real Estate&Amp;Builders,"Built in year: 2025, Parking Spaces: 3, Double Glazed Windows, Central Air Conditioning, Central Heating, Flooring, Electricity Backup, Waste Disposal, Floors: 2, Furnished","Broadband Internet Access, Satellite or Cable TV Ready, Intercom","Community Lawn or Garden, Community Swimming Pool, Community Gym, First Aid or Medical Centre, Day Care Centre, Kids Play Area, Barbeque Area, Mosque, Community Centre","Nearby Schools, Nearby Hospitals, Nearby Shopping Malls, Nearby Restaurants, Distance From Airport (kms), Nearby Public Transport Service, Other Nearby Places","Maintenance Staff, Security Staff, Facilities for Disabled","Bedrooms: 5, Bathrooms: 5, Servant Quarters: 1, Drawing Room, Dining Room, Kitchens: 2, Study Room, Prayer Room, Powder Room, Gym, Store Rooms: 1, Steam Room, Lounge or Sitting Room",Lawn or Garden,,,
https://www.zameen.com/Property/bahria_enclave_bahria_enclave_-_sector_b1_ideal_location_8_marla_5_bedrooms_brand_new_boulevard_house_for_sale_in_bahria_enclave_islamabad_sector_b1-53115373-11972-1.html,House,PKR4.5 Crore,5,8 Marla,For Sale,5,1 day ago,"Bahria Town, Islamabad, Islamabad Capital",Luxury interior& excellent elevation 8 marla 5 bedrooms Brand New House For Sale In Bahria Enclave Islamabad Sector B1 Newly constructed at a very peaceful location excellent wood work quality fitting and stylish two kitchens Near to Masjid Park school hospital commercial market Best area for living Beautiful terrace view this house Features 5 spacious bedrooms 5 Luxury bathrooms tv lounges drawing dining 1 servant room with attached bathroom entrance lobby with stairs parking space almost 2 cars for more information and visit contact us,"Built in year: 2025, Parking Spaces: 2, Double Glazed Windows, Central Air Conditioning, Central Heating, Flooring, Electricity Backup, Waste Disposal, Floors: 2, Other Main Features","Broadband Internet Access, Satellite or Cable TV Ready, Intercom, Other Business and Communication Facilities","Community Lawn or Garden, Community Swimming Pool, Community Gym, First Aid or Medical Centre, Day Care Centre, Kids Play Area, Barbeque Area, Mosque, Community Centre, Other Community Facilities","Nearby Schools, Nearby Hospitals, Nearby Shopping Malls, Nearby Restaurants, Distance From Airport (kms), Nearby Public Transport Service, Other Nearby Places","Maintenance Staff, Security Staff","Bedrooms: 5, Bathrooms: 5, Servant Quarters: 1, Drawing Room, Dining Room, Kitchens: 2, Study Room, Prayer Room, Powder Room, Store Rooms: 1, Lounge or Sitting Room, Laundry Room, Other Rooms","Lawn or Garden, Swimming Pool, Other Healthcare and Recreation Facilities",,,
https://www.zameen.com/Property/islamabad_b-17_beautiful_brand_new_house_for_sale-53285462-616-1.html,House,PKR2.45 Crore,5,5 Marla,For Sale,5,4 weeks ago,"B-17, Islamabad, Islamabad Capital",Beautiful Brand New House For Sale In B-17 Islamabad You Can Visit Anytime For Pictorial View Please Open The Link.,"Built in year: 2023, Parking Spaces: 1, Flooring, Electricity Backup, Floors: 2, Other Main Features","Broadband Internet Access, Satellite or Cable TV Ready, Intercom, Other Business and Communication Facilities","Community Lawn or Garden, Community Swimming Pool, Community Gym, First Aid or Medical Centre, Day Care Centre, Kids Play Area, Barbeque Area, Mosque, Community Centre, Other Community Facilities","Nearby Schools, Nearby Hospitals, Nearby Shopping Malls, Nearby Restaurants, Distance From Airport (kms), Nearby Public Transport Service, Other Nearby Places","Maintenance Staff, Security Staff, Facilities for Disabled, Other Facilities","Bedrooms: 3, Bathrooms: 3, Servant Quarters: 1, Drawing Room, Dining Room, Kitchens: 1, Powder Room, Lounge or Sitting Room, Laundry Room, Other Rooms","Lawn or Garden, Swimming Pool, Sauna, Jacuzzi, Other Healthcare and Recreation Facilities",,,
https://www.zameen.com/Property/bahria_enclave_bahria_enclave_-_sector_c1_outstanding_location_10_marla_5_bedrooms_brand_new_house_for_sale_in_bahria_enclave_islamabad_sector_c1-52911847-11987-1.html,House,PKR5.9 Crore,5,10 Marla,For Sale,5,1 day ago,"Bahria Town, Islamabad, Islamabad Capital",Luxury interior&excellent elevation 10 Marla 5bedrooms Brand New House For Sale In Bahria Enclave Islamabad Sector C1 Newly constructed at a very peaceful location excellent wood work quality fitting and stylish two kitchens Near to Masjid Park school hospital commercial market Best area for living Beautiful terrace view this house features 2 independent portions also (suitable for renting out) spacious 5bedrooms 5 Luxury bathrooms tv lounges drawing dining 1 servant room with attached bathroom entrance lobby with stairs parking space almost 3 cars For More information And Visit Contact Us Euro Homes Real Estate&Builders,"Built in year: 2025, Parking Spaces: 3, Double Glazed Windows, Central Air Conditioning, Central Heating, Flooring, Electricity Backup, Waste Disposal, Floors: 2","Broadband Internet Access, Satellite or Cable TV Ready, Intercom","Community Lawn or Garden, Community Swimming Pool, Community Gym, First Aid or Medical Centre, Day Care Centre, Kids Play Area, Barbeque Area, Mosque, Community Centre","Nearby Schools, Nearby Hospitals, Nearby Shopping Malls, Nearby Restaurants, Distance From Airport (kms), Nearby Public Transport Service","Maintenance Staff, Security Staff","Bedrooms: 5, Bathrooms: 5, Servant Quarters: 1, Drawing Room, Dining Room, Kitchens: 2, Powder Room, Store Rooms: 1, Lounge or Sitting Room",Lawn or Garden,,,
https://www.zameen.com/Property/mpchs_multi_gardens_mpchs_-_block_a_luxury_1_kanal_designer_moder_n_architecture_house_in_b-17_mpchs_islamabad-53355684-3116-1.html,House,PKR9.4 Crore,7,1 Kanal,For Sale,6,5 days ago,"B-17, Islamabad, Islamabad Capital","Luxury 1 Kanal Designer House in B-17, MPCHS Islamabad Modern Architecture | 5 Bedrooms | 2 Kitchens | Rooftop Access Presenting a stunning 1 Kanal Modern Designer House at 125, Ejaz Ahmed Khan Avenue, B-17 MPCHS Islamabad. This beautifully designed home offers elegance, comfort, and premium living with modern architecture and luxury finishing. Ground Floor Features: 2 Spacious Bedrooms with Attached Bathrooms Modern Kitchen + Dirty Kitchen (auxiliary) Stylish Drawing Room & Dining Room Elegant Living Room Car Porch with Parking Space Small Lawn / Green Area First Floor Features: 3 Spacious Bedrooms with Attached Bathrooms Modern Kitchen Setup Family Living Area / Lounge Beautiful Terrace with Open Views Rooftop / Mumty Features: Mumty Room (storage / multipurpose use) Open Roof Terrace with Scenic Views Location: B-17, MPCHS Islamabad Premium Luxury Finishing & Modern Architecture Perfect choice for families looking for style, comfort, and a prime location in the heart of Islamabad.","Built in year: 2015, Parking Spaces: 1, Double Glazed Windows, Central Air Conditioning, Central Heating, Flooring, Electricity Backup, Waste Disposal, Floors: 2, Other Main Features, Furnished","Broadband Internet Access, Satellite or Cable TV Ready, Intercom, Other Business and Communication Facilities","Community Lawn or Garden, Community Swimming Pool, Community Gym, First Aid or Medical Centre, Day Care Centre, Kids Play Area, Barbeque Area, Mosque, Community Centre, Other Community Facilities","Nearby Schools, Nearby Hospitals, Nearby Shopping Malls, Nearby Restaurants, Distance From Airport (kms), Nearby Public Transport Service, Other Nearby Places","Maintenance Staff, Security Staff, Facilities for Disabled, Other Facilities","Bedrooms: 3, Bathrooms: 4, Servant Quarters: 1, Drawing Room, Dining Room, Kitchens: 1, Study Room, Prayer Room, Powder Room, Gym, Store Rooms: 1, Steam Room, Lounge or Sitting Room, Laundry Room","Lawn or Garden, Swimming Pool, Sauna, Jacuzzi, Other Healthcare and Recreation Facilities",,,
https://www.zameen.com/Property/kashmir_highway_eighteen_10_marla_semi_furnished_house-53348187-12602-1.html,House,PKR4 Crore,-,10 Marla,For Sale,-,1 month ago,"Kashmir Highway, Islamabad, Islamabad Capital","This is 10 Marla semi furnished house with extra land golf club facing In C-cluster Will be deliver in late 2026 i am direct owner of this unit purchased from Eighteen by Ora,till today i've paid 368,00000 out of 486,00000 remaining instalments are left which can directly have to pay to eighteen in new schedule could be possible by the companyNew bookings doesn't have semi furnished house options and extra land and prices are very high,my demand is very reasonable so don't bother me for negotiationsi am asking 4 crores which i ve paid 368. This booking is on my name from starting!!",,,,"Nearby Schools, Nearby Hospitals, Nearby Shopping Malls, Nearby Restaurants",Security Staff,,,,,
https://www.zameen.com/Property/f_11_markaz_al-safa_heights_safa_heights_3_bed_apartment_for_sale-53345557-12044-1.html,Flat,PKR4.5 Crore,3,12.2 Marla,For Sale,3,1 week ago,"F-11, Islamabad, Islamabad Capital",Safa Heights 3 Bed Apartment for Sale Spacious 3-bedroom apartment available in Safa Heights. Features include: 3 Bedrooms with attached bathrooms Drawing & Dining Room TV Lounge Modern Kitchen Servant Quarter Underground Parking Located on the 1st Floor Family-oriented building Reasonably priced ideal for comfortable family living.,"Built in year: 2025, Parking Spaces: 2, Double Glazed Windows, Central Air Conditioning, Central Heating, Flooring, Electricity Backup, Waste Disposal, Furnished","Broadband Internet Access, Satellite or Cable TV Ready, Business Center or Media Room in Building, Conference Room in Building",,"Nearby Schools, Nearby Hospitals, Nearby Shopping Malls, Nearby Restaurants, Distance From Airport (kms), Nearby Public Transport Service, Other Nearby Places",Security Staff,"Bedrooms: 3, Bathrooms: 3, Servant Quarters: 1, Drawing Room, Dining Room, Kitchens: 1, Study Room, Prayer Room, Powder Room, Gym, Store Rooms: 1, Steam Room, Lounge or Sitting Room, Laundry Room",,,,
https://www.zameen.com/Property/mpchs_multi_gardens_mpchs_-_block_b_mpchs_multi_gardens_b-17_islamabad_14_marla_brand_new_house_available_for_b_block_b-17_24_7_boring_water_electric_meter_available_near_market_masjid_school_park_everything_available_on_walking_distance_near_gate_1-53157889-3117-1.html,House,PKR5.55 Crore,-,14 Marla,For Sale,6,2 weeks ago,"B-17, Islamabad, Islamabad Capital",Mpchs Multi gardens b-17 Islamabad 14 marla brand new luxury house available for b block b-17 6 bed rooms 7 wash rooms 2 kitchens drowning rooms Tv luch Sarqat room +wash rooms 3 to 4 car parking solid wook work A++ construction laundry area 24/ 7 boring water electric meter available near market masjid school family park everything available on walking distance prime location close to gate 1 close main GT road N5,"Built in year: 2020, Parking Spaces: 3, Double Glazed Windows, Central Air Conditioning, Central Heating, Flooring, Electricity Backup, Waste Disposal, Floors: 2, Other Main Features, Furnished","Broadband Internet Access, Satellite or Cable TV Ready, Intercom","Community Lawn or Garden, Community Swimming Pool, Community Gym, First Aid or Medical Centre, Day Care Centre, Kids Play Area, Barbeque Area, Mosque, Community Centre, Other Community Facilities","Nearby Schools, Nearby Hospitals, Nearby Shopping Malls, Nearby Restaurants, Distance From Airport (kms), Nearby Public Transport Service, Other Nearby Places","Maintenance Staff, Security Staff, Facilities for Disabled, Other Facilities","Bedrooms, Bathrooms, Servant Quarters, Drawing Room, Dining Room, Kitchens: 2, Study Room, Prayer Room, Powder Room, Gym, Store Rooms, Steam Room, Lounge or Sitting Room, Laundry Room, Other Rooms","Lawn or Garden, Swimming Pool, Sauna, Jacuzzi",,,
https://www.zameen.com/Property/dha_valley_oleander_sector_oleander_sector_-_dha_homes_block_a_8_marla_brand_new_general_category_double_storey_home_available_for_sale-53238893-16792-1.html,House,PKR1.35 Crore,3,8 Marla,For Sale,3,4 weeks ago,"DHA Defence, Islamabad, Islamabad Capital",8 Marla Brand New General Category Double Story Home Available For Sale More Options Available,"Built in year: 2025, Parking Spaces: 2, Double Glazed Windows, Central Air Conditioning, Central Heating, Flooring, Waste Disposal, Other Main Features, Furnished","Broadband Internet Access, Satellite or Cable TV Ready, Intercom, Other Business and Communication Facilities","Community Lawn or Garden, Community Gym, First Aid or Medical Centre, Day Care Centre, Kids Play Area, Barbeque Area, Mosque, Community Centre, Other Community Facilities","Nearby Schools, Nearby Hospitals, Nearby Shopping Malls, Nearby Restaurants, Nearby Public Transport Service, Other Nearby Places","Maintenance Staff, Security Staff, Other Facilities","Bedrooms: 3, Bathrooms: 3, Servant Quarters: 1, Drawing Room, Dining Room, Kitchens: 1, Store Rooms: 1, Lounge or Sitting Room, Laundry Room","Lawn or Garden, Other Healthcare and Recreation Facilities",,,
https://www.zameen.com/Property/islamabad_faisal_town_-_f-18_5_marla_designer_villa_for_sale-53320111-8260-1.html,House,PKR2.7 Crore,4,5 Marla,For Sale,4,4 days ago,"Faisal Town - F-18, Islamabad, Islamabad Capital",5 marla designer villa for sale Block C Faisal Town 4 beds with attach bath 2 kitchens 2 drawing 2 tv lounges 1 car porch Store at mumty Roof top sitting area A plus grey structure Modern Architecture,"Built in year: 2025, Parking Spaces: 1, Double Glazed Windows, Central Air Conditioning, Central Heating, Flooring, Electricity Backup, Waste Disposal, Floors: 2, Other Main Features, Furnished","Broadband Internet Access, Satellite or Cable TV Ready, Intercom, Other Business and Communication Facilities","Community Lawn or Garden, Community Swimming Pool, Community Gym, First Aid or Medical Centre, Day Care Centre, Kids Play Area, Barbeque Area, Mosque, Community Centre, Other Community Facilities","Nearby Schools, Nearby Hospitals, Nearby Shopping Malls, Nearby Restaurants, Distance From Airport (kms), Nearby Public Transport Service, Other Nearby Places","Maintenance Staff, Security Staff, Facilities for Disabled, Other Facilities","Bedrooms: 4, Bathrooms: 4, Servant Quarters, Drawing Room, Dining Room, Kitchens: 2, Study Room, Prayer Room, Powder Room, Gym, Store Rooms, Steam Room, Lounge or Sitting Room, Laundry Room, Other Rooms","Lawn or Garden, Swimming Pool, Sauna, Jacuzzi, Other Healthcare and Recreation Facilities",,,
https://www.zameen.com/Property/islamabad_g-13_1_kanal_brand_new_luxury_designer_house_for_sale_in_g13_islamabad-53247434-330-1.html,House,PKR17 Crore,7,1 Kanal,For Sale,7,1 month ago,"G-13, Islamabad, Islamabad Capital","**1 Kanal Brand New Luxury House for Sale in G-13 FGEHA, Islamabad (CDA Sector)** Discover your dream home in one of Islamabads most prime and secure locations **G-13 FGEHA (CDA Sector)**. This **brand new 1 Kanal luxury house** is a perfect blend of elegance, comfort, and modern architecture. **Property Features:** * **Size:** 1 Kanal (CDA approved) * **Location:** G-13 FGEHA, Islamabad * **Status:** Brand New Ready to move * **Construction:** Solid & High-Quality Materials * **Design:** Modern front elevation with elegant interior dcor **Accommodation Includes:** * 7 Spacious Bedrooms with Attached Bathrooms * 2 Stylish Kitchens (Imported fittings) * 2 Drawing/Dining Rooms * 2 Lavish TV Lounges * Servant Quarter with Bath * Store Room & Laundry Area * Wide Car Parking Space (23 cars) **Additional Features:** * Modern Ceiling Designs & Lighting * Solid Wood Doors & Imported Tiles * Beautiful Lawn & Terrace View * CCTV Security System Installed * CDA Approved Area (Safe & Developed Neighborhood) * Near to Main Road, Park, Mosque & Commercial Market **Ideal for:** Families seeking a peaceful, modern, and prestigious lifestyle in Islamabads top CDA sector. Would you like me to make this description **shorter for a property ad post** (like for Facebook or Zameen. com), or keep it **detailed for brochure or website listing**?","Built in year: 2025, Parking Spaces: 2, Double Glazed Windows, Flooring, Furnished",Broadband Internet Access,"Community Lawn or Garden, First Aid or Medical Centre, Kids Play Area, Barbeque Area, Mosque","Nearby Schools, Nearby Hospitals, Nearby Shopping Malls, Nearby Restaurants, Distance From Airport (kms), Nearby Public Transport Service, Other Nearby Places",,"Bedrooms: 7, Bathrooms: 7, Servant Quarters, Drawing Room, Dining Room, Kitchens: 2, Powder Room, Lounge or Sitting Room, Laundry Room",Lawn or Garden,,,
https://www.zameen.com/Property/f_7_f-7_3_f-7_3_house_for_sale-53260426-3309-1.html,House,PKR70 Crore,5,2.5 Kanal,For Sale,5,1 month ago,"F-7, Islamabad, Islamabad Capital",Demand : 72 cr size 1244 sq yard 80/140 f-7/3 liveable house excellent location Cda transfer,"Built in year: 2025, Parking Spaces: 06, Double Glazed Windows, Central Air Conditioning, Central Heating, Flooring, Electricity Backup, Floors: 03, Other Main Features","Broadband Internet Access, Satellite or Cable TV Ready, Intercom, Other Business and Communication Facilities","Community Lawn or Garden, Community Swimming Pool, Community Gym, First Aid or Medical Centre, Day Care Centre, Kids Play Area, Barbeque Area, Mosque, Community Centre, Other Community Facilities","Nearby Schools, Nearby Hospitals, Nearby Shopping Malls, Nearby Restaurants, Distance From Airport (kms), Nearby Public Transport Service, Other Nearby Places","Maintenance Staff, Security Staff, Facilities for Disabled","Bedrooms: 07, Bathrooms: 08, Servant Quarters: 03, Drawing Room, Dining Room, Kitchens: 02, Study Room, Prayer Room, Powder Room, Gym, Store Rooms: 03, Lounge or Sitting Room, Laundry Room, Other Rooms","Lawn or Garden, Sauna, Other Healthcare and Recreation Facilities",,,
https://www.zameen.com/Property/islamabad_ghauri_town_affordable_flat_for_sale_in_ghauri_town-52339835-1314-1.html,Flat,PKR70 Lakh,1,2 Marla,For Sale,1,3 weeks ago,"Ghauri Town, Islamabad, Islamabad Capital",Furnished Apartment is available for sale on main expressway Islamabad 1 bed 1 bath Lounge Kitchen Car parking Lift installed 24/7 Security Ghauri town phase 5 On main expressway Islamabad Land mark height Near to koral chowk Solar system installed Contact us for more information and direct deal.,"Built in year: 2010, Parking Spaces: 1, Lobby in Building, Double Glazed Windows, Central Air Conditioning, Central Heating, Flooring, Electricity Backup, Waste Disposal, Floor, Floors in Building, Elevators, Other Main Features, Furnished","Broadband Internet Access, Satellite or Cable TV Ready, Business Center or Media Room in Building, Conference Room in Building, Intercom, ATM Machines, Other Business and Communication Facilities","Community Lawn or Garden, Community Swimming Pool, Community Gym, First Aid or Medical Centre, Day Care Centre, Kids Play Area, Barbeque Area, Mosque, Community Centre, Other Community Facilities","Nearby Schools, Nearby Hospitals, Nearby Shopping Malls, Nearby Restaurants, Distance From Airport (kms), Nearby Public Transport Service, Other Nearby Places","Maintenance Staff, Security Staff, Laundry or Dry Cleaning Facility, Communal/Shared Kitchen, Facilities for Disabled, Pets Not Allowed, Other Facilities","Bedrooms: 1, Bathrooms: 1, Servant Quarters: 1, Drawing Room, Dining Room, Kitchens: 1, Study Room, Prayer Room, Powder Room, Gym, Store Rooms: 1, Steam Room, Lounge or Sitting Room, Laundry Room, Other Rooms","Sauna, Jacuzzi, Other Healthcare and Recreation Facilities",,,
https://www.zameen.com/Property/i_8_i-8_3_want_to_buy_a_prime_location_house_in_islamabad-51436286-3443-1.html,House,PKR14 Crore,6,14 Marla,For Sale,6,3 weeks ago,"I-8, Islamabad, Islamabad Capital","Double storey house is available for sale in prime location of Islamabad i-8/3 6 bedrooms 6 Bathrooms Drawing Dining 2 Kitchen Store room Servant room Car parking CDA TRANSFER Near to kachnar Park and sangam market Best Option For Living Peaceful environment Near to Markaz,school, masjid, park More options also available Get in touch with us today for more information and direct deal.","Parking Spaces: 3, Double Glazed Windows, Central Air Conditioning, Central Heating, Flooring, Electricity Backup, Waste Disposal, Other Main Features","Broadband Internet Access, Satellite or Cable TV Ready, Intercom, Other Business and Communication Facilities","Community Lawn or Garden, Community Swimming Pool, Community Gym, First Aid or Medical Centre, Day Care Centre, Kids Play Area, Barbeque Area, Mosque, Community Centre, Other Community Facilities","Nearby Schools, Nearby Hospitals, Nearby Shopping Malls, Nearby Restaurants, Distance From Airport (kms), Nearby Public Transport Service, Other Nearby Places","Maintenance Staff, Security Staff, Facilities for Disabled, Other Facilities","Bedrooms: 6, Bathrooms: 6, Servant Quarters: 1, Drawing Room, Dining Room, Kitchens: 2, Study Room, Prayer Room, Powder Room, Gym, Store Rooms: 1, Steam Room, Lounge or Sitting Room, Laundry Room, Other Rooms",Other Healthcare and Recreation Facilities,,,
https://www.zameen.com/Property/dha_defence_phase_1_dha_phase_1_-_sector_f_dha_ground_floor_apartment_hall_for_sale_with_servant-50928679-8226-1.html,Flat,PKR2.05 Crore,3,6.8 Marla,For Sale,2,1 week ago,"DHA Defence, Islamabad, Islamabad Capital","- BEST for Office and residence - Steady Income for long term - DHA Allotment and Transfer -Two Side Open. Corner Flat -Easy Access -Rented @ 100,000/- Month - Newly renovated !","Built in year: 2023, Parking Spaces: 3, Lobby in Building, Double Glazed Windows, Central Air Conditioning, Central Heating, Flooring, Electricity Backup, Waste Disposal, Floor, Floors in Building: 7, Elevators, Service Elevators in Building, Other Main Features, Furnished","Broadband Internet Access, Satellite or Cable TV Ready, Business Center or Media Room in Building, Conference Room in Building, Intercom, Other Business and Communication Facilities","Community Lawn or Garden, Community Swimming Pool, Community Gym, First Aid or Medical Centre, Day Care Centre, Kids Play Area, Barbeque Area, Mosque, Community Centre","Nearby Schools, Nearby Hospitals, Nearby Shopping Malls, Nearby Restaurants, Distance From Airport (kms), Nearby Public Transport Service, Other Nearby Places","Maintenance Staff, Security Staff, Facilities for Disabled, Other Facilities","Bedrooms: 5, Bathrooms: 6, Servant Quarters: 1, Drawing Room, Dining Room, Kitchens: 2, Study Room, Prayer Room, Powder Room, Gym, Store Rooms: 1, Steam Room, Lounge or Sitting Room, Laundry Room, Other Rooms",Sauna,,,
https://www.zameen.com/Property/islamabad_h-13_h13_capital_home_4_75_marla_1_5_story_house_sale-53351706-1039-1.html,House,PKR1.35 Crore,3,4.8 Marla,For Sale,3,2 weeks ago,"H-13, Islamabad, Islamabad Capital",H13 Capital Home 4.75 Marla House Available Sale 3bed Attach Bath D/D Tvl Kitchen Electricity Meter Near Kashmir Highway Near Sachool Musjad Good Location,"Built in year, Parking Spaces, Double Glazed Windows, Central Air Conditioning, Central Heating, Flooring, Electricity Backup, Waste Disposal, Floors, Other Main Features","Broadband Internet Access, Satellite or Cable TV Ready, Intercom, Other Business and Communication Facilities","Community Lawn or Garden, Community Swimming Pool, Community Gym, First Aid or Medical Centre, Day Care Centre, Kids Play Area, Barbeque Area, Mosque, Community Centre, Other Community Facilities","Nearby Schools, Nearby Hospitals, Nearby Shopping Malls, Nearby Restaurants, Distance From Airport (kms), Nearby Public Transport Service, Other Nearby Places","Maintenance Staff, Security Staff, Facilities for Disabled, Other Facilities","Bedrooms: 4, Bathrooms: 4, Servant Quarters, Drawing Room, Dining Room, Kitchens, Study Room, Prayer Room, Powder Room, Store Rooms, Steam Room, Lounge or Sitting Room, Laundry Room, Other Rooms","Lawn or Garden, Other Healthcare and Recreation Facilities",,,
https://www.zameen.com/Property/islamabad_d-12_looking_for_a_house_in_d-12-53348503-160-1.html,House,PKR11 Crore,6,10.9 Marla,For Sale,6,3 weeks ago,"D-12, Islamabad, Islamabad Capital","The House for sale is a great deal considering it comes with many facilities. Start exploring property options today in the bustling city of D-12 that provides modern facilities and infrastructure. Your own House in a thriving location is the best future investment you can make. A location like the one of D-12 will reap great benefits in the longer run. A price of PKR Rs. 110000000 is a reasonable demand for a property this spacious. We have the best deal on offer for 2450 Square Feet House you can purchase at current market situation. What more we can say about it is given below. Having a community swimming pool is an amenity that everyone can enjoy. Relax in the steam room, at the comfort of your House. Now you can throw barbeque parties with ease with a dedicated barbeque area that comes with the House. Prayers can be offered in the spacious prayer room that is part of the House. A powder room is a great addition especially if you frequently entertain guests. Your kids can play to their heart's content in the play area adjoining the property. Thanks to central air conditioning, the temperature in the House is always maintained. For booking and details, give us a call today.","Built in year: 2020, Parking Spaces: 8, Double Glazed Windows, Central Air Conditioning, Central Heating, Flooring, Electricity Backup, Waste Disposal, Other Main Features","Broadband Internet Access, Satellite or Cable TV Ready, Intercom, Other Business and Communication Facilities","Community Lawn or Garden, Community Swimming Pool, Community Gym, First Aid or Medical Centre, Day Care Centre, Kids Play Area, Barbeque Area, Mosque, Community Centre, Other Community Facilities","Nearby Schools, Nearby Hospitals, Nearby Shopping Malls, Nearby Restaurants, Distance From Airport (kms), Nearby Public Transport Service, Other Nearby Places","Maintenance Staff, Security Staff, Facilities for Disabled, Other Facilities","Bedrooms: 2, Bathrooms: 2, Servant Quarters: 1, Drawing Room, Dining Room, Kitchens: 1, Study Room, Prayer Room, Powder Room, Gym, Store Rooms: 1, Steam Room, Lounge or Sitting Room, Laundry Room, Other Rooms","Lawn or Garden, Sauna, Jacuzzi, Other Healthcare and Recreation Facilities",,,
https://www.zameen.com/Property/dha_defence_phase_2_dha_phase_2_-_sector_c_best_loction_block_c_house_for_sale-53257210-3198-1.html,House,PKR11.5 Crore,7,1 Kanal,For Sale,6,2 weeks ago,"DHA Defence, Islamabad, Islamabad Capital",ONE KAMAL full house for sale dha phase 2 sector c for more option available near to school masjid and shoping mall best loaction and resanable price for more detatils contact me,"Built in year, Parking Spaces, Double Glazed Windows, Central Air Conditioning, Central Heating, Flooring, Waste Disposal, Floors: 2, Other Main Features","Broadband Internet Access, Satellite or Cable TV Ready, Intercom, Other Business and Communication Facilities","Community Lawn or Garden, Community Swimming Pool, Community Gym, First Aid or Medical Centre, Day Care Centre, Kids Play Area, Mosque, Community Centre, Other Community Facilities","Nearby Schools, Nearby Hospitals, Nearby Shopping Malls, Nearby Restaurants, Distance From Airport (kms), Nearby Public Transport Service, Other Nearby Places","Security Staff, Other Facilities","Bedrooms: 6, Bathrooms: 6, Servant Quarters, Drawing Room, Dining Room, Kitchens: 2, Study Room, Prayer Room, Store Rooms, Other Rooms","Lawn or Garden, Other Healthcare and Recreation Facilities",,,
https://www.zameen.com/Property/bahria_town_bahria_enclave_ideal_location_10_marla_5_bedrooms_brand_new_house_for_sale_in_bahria_enclave_islamabad_sector_c1-53137085-1705-1.html,House,PKR4.5 Crore,5,10 Marla,For Sale,5,1 day ago,"Bahria Town, Islamabad, Islamabad Capital",Luxury interior&excellent elevation 10marla 5bedrooms Brand New House For Sale In Bahria Enclave Islamabad Sector C1 Newly constructed at a very peaceful location this house Features excellent wood work quality fitting and stylish two kitchens Near to Masjid Park school hospital commercial market Best area for living 2 independent portions also suitable for renting out spacious 5bedrooms 5 Luxury bathrooms tv lounges Beautiful terrace view drawing dining 1 servant room with attached bathroom entrance lobby with stairs parking space almost 3 cars for more details please contact us Euro Homes Real Estate&Builders,"Built in year: 2021, Parking Spaces: 2, Double Glazed Windows, Central Air Conditioning, Central Heating, Flooring, Floors: 2","Broadband Internet Access, Satellite or Cable TV Ready, Intercom","Community Lawn or Garden, Community Swimming Pool, Community Gym, First Aid or Medical Centre, Day Care Centre, Kids Play Area, Barbeque Area, Mosque, Community Centre","Nearby Schools, Nearby Hospitals, Nearby Shopping Malls, Nearby Restaurants, Distance From Airport (kms), Nearby Public Transport Service","Maintenance Staff, Security Staff, Facilities for Disabled","Bedrooms: 5, Bathrooms: 5, Servant Quarters: 1, Drawing Room, Dining Room, Kitchens: 2, Study Room, Prayer Room, Powder Room, Gym, Store Rooms: 1, Steam Room, Lounge or Sitting Room, Laundry Room","Lawn or Garden, Swimming Pool, Sauna, Jacuzzi",,,
https://www.zameen.com/Property/bahria_town_bahria_enclave_prime_location_9marla_5bedrooms_brand_new_house_for_sale_in_bahria_enclave_islamabad-53211974-1705-1.html,House,PKR4.15 Crore,5,9 Marla,For Sale,5,1 day ago,"Bahria Town, Islamabad, Islamabad Capital",Luxury interior&excellent elevation 9marla 5bedrooms Brand New House For Sale In Bahria Enclave Islamabad Sector C3 Newly constructed at a very peaceful location excellent wood work quality fitting and stylish two kitchens Near to Masjid Park school hospital commercial market Best area for living this House Features 5 spacious bedrooms 5 Luxury bathrooms tv lounges drawing Dining 1 servant room with attached bathroom entrance lobby with stairs parking space almost 2 cars For more information and visit contact us Muhammad Sohail Euro Homes Real Estate&Builders View Contact Detail,,"Broadband Internet Access, Satellite or Cable TV Ready, Intercom","Community Lawn or Garden, Community Swimming Pool, Community Gym, First Aid or Medical Centre, Day Care Centre, Kids Play Area, Barbeque Area, Mosque, Community Centre","Nearby Schools, Nearby Hospitals, Nearby Shopping Malls, Nearby Restaurants, Distance From Airport (kms)","Maintenance Staff, Security Staff","Bedrooms: 5, Bathrooms: 5, Servant Quarters: 1, Drawing Room, Dining Room, Kitchens: 2, Powder Room, Store Rooms: 1, Lounge or Sitting Room",Lawn or Garden,,,
https://www.zameen.com/Property/islamabad_b-17_designer_10_marla_house_for_sale_prime_location_near_park_masjid_b-17_block_c-53055272-616-1.html,House,PKR5.7 Crore,6,10.9 Marla,For Sale,-,1 day ago,"B-17, Islamabad, Islamabad Capital","Designer 10 Marla House For Sale Prime Location Near Park & Masjid | B-17 Block C Your dream home awaits! This beautiful 10 Marla Designer House is available for sale in the prime sector B-17, Block C. Ideally situated with walking distance to Central Park and Mosque, this property offers modern design, top-quality finishing, and a peaceful neighborhood perfect for family living. Key Features: Elegant Designer Construction 10 Marla Spacious Layout Located in B-17, Block C Near Central Park & Masjid Premium Quality Material & Finishing Ideal for Comfortable Living or Investment All Facilities Available (Electricity, Water, Gas) This is a ready-to-move-in house at an attractive price in one of Islamabads most demanded locations. Contact now to schedule a visit before its sold out!","Built in year, Parking Spaces, Double Glazed Windows, Central Air Conditioning, Central Heating, Flooring, Electricity Backup, Waste Disposal, Floors: 2, Other Main Features, Furnished","Broadband Internet Access, Satellite or Cable TV Ready, Intercom, Other Business and Communication Facilities","Community Lawn or Garden, Community Swimming Pool, Community Gym, First Aid or Medical Centre, Day Care Centre, Kids Play Area, Barbeque Area, Mosque, Community Centre, Other Community Facilities","Nearby Schools, Nearby Hospitals, Nearby Shopping Malls, Nearby Restaurants, Distance From Airport (kms), Nearby Public Transport Service, Other Nearby Places","Maintenance Staff, Security Staff, Facilities for Disabled, Other Facilities","Bedrooms: 5, Bathrooms: 6, Servant Quarters, Drawing Room, Dining Room, Kitchens, Study Room, Prayer Room, Powder Room, Gym, Store Rooms, Steam Room, Lounge or Sitting Room, Laundry Room, Other Rooms","Lawn or Garden, Swimming Pool, Sauna, Jacuzzi",,,
https://www.zameen.com/Property/dha_defence_dha_defence_phase_2_designer_1_kanal_5_bedroom_top_class_modern_villa_for_sale-52860858-339-1.html,House,PKR11.75 Crore,-,1 Kanal,For Sale,-,1 day ago,"DHA Defence, Islamabad, Islamabad Capital",Elite Property Exchange Offers - 5 Bedroom with Attached Bath - Jacuzzi - Drawing Dining - Top Of The Line Kitchen - Lounge - Double Height Lobby - 3 Car Parking Space - Imported Tiles - Top Quality Paint - Double Glazed Windows For More Options & Information Contact Us,"Built in year: 2025, Parking Spaces: 3, Flooring, Electricity Backup, Waste Disposal, Floors: 2","Broadband Internet Access, Satellite or Cable TV Ready, Intercom","Community Lawn or Garden, Community Swimming Pool, Community Gym, First Aid or Medical Centre, Day Care Centre, Kids Play Area, Barbeque Area, Mosque, Community Centre","Nearby Schools, Nearby Hospitals, Nearby Shopping Malls, Nearby Restaurants, Distance From Airport (kms), Nearby Public Transport Service, Other Nearby Places","Maintenance Staff, Security Staff, Facilities for Disabled","Bedrooms: 5, Bathrooms: 5, Servant Quarters: 2, Drawing Room, Dining Room, Kitchens: 2, Study Room, Powder Room, Store Rooms: 1, Lounge or Sitting Room, Laundry Room","Lawn or Garden, Jacuzzi",,,
https://www.zameen.com/Property/dha_defence_dha_defence_phase_2_6_bedroom_top_designer_house_for_sale-52483738-339-1.html,House,PKR13.5 Crore,6,1 Kanal,For Sale,6,3 days ago,"DHA Defence, Islamabad, Islamabad Capital",Elite Property Exchange Offers - 1 Kanal - 6 Bedroom - 6 Bathroom - Powder Room - Drawing Room - Dining Room - Tv Lounge - Kitchen - 3 Car Parking Space For Visit And Details Contact Us,"Built in year: 2025, Parking Spaces, Double Glazed Windows, Central Air Conditioning, Central Heating, Flooring, Electricity Backup, Waste Disposal, Floors: 2, Other Main Features","Broadband Internet Access, Satellite or Cable TV Ready, Intercom, Other Business and Communication Facilities","Community Lawn or Garden, Community Swimming Pool, Community Gym, First Aid or Medical Centre, Day Care Centre, Kids Play Area, Barbeque Area, Mosque, Community Centre, Other Community Facilities","Nearby Schools, Nearby Hospitals, Nearby Shopping Malls, Nearby Restaurants, Distance From Airport (kms), Nearby Public Transport Service, Other Nearby Places","Maintenance Staff, Security Staff, Facilities for Disabled","Bedrooms: 6, Bathrooms: 6, Servant Quarters: 2, Drawing Room, Dining Room, Kitchens: 2, Study Room, Prayer Room, Powder Room, Store Rooms: 1, Steam Room, Lounge or Sitting Room, Laundry Room, Other Rooms","Lawn or Garden, Swimming Pool, Sauna, Jacuzzi, Other Healthcare and Recreation Facilities",,,
https://www.zameen.com/Property/dha_defence_dha_defence_phase_2_one_kanal_double_unit_house_for_sale_in_dha_phase_2_islamabad-53027476-339-1.html,House,PKR12 Crore,7,1 Kanal,For Sale,6,10 hours ago,"DHA Defence, Islamabad, Islamabad Capital",Elite property Exchange offer 6*Bedroom 6*Bathroom Drawing + Dining room 2*kitcen T. V Lounge Srvant Quarter 3 car parking,"Parking Spaces: 3, Flooring, Electricity Backup, Floors: 2, Other Main Features","Broadband Internet Access, Satellite or Cable TV Ready, Intercom, Other Business and Communication Facilities","Community Lawn or Garden, Community Swimming Pool, Community Gym, First Aid or Medical Centre, Day Care Centre, Kids Play Area, Barbeque Area, Mosque, Community Centre, Other Community Facilities","Nearby Schools, Nearby Hospitals, Nearby Shopping Malls, Nearby Restaurants, Distance From Airport (kms), Nearby Public Transport Service, Other Nearby Places","Maintenance Staff, Security Staff, Facilities for Disabled, Other Facilities","Bedrooms: 6, Bathrooms: 6, Servant Quarters: 1, Drawing Room, Dining Room, Kitchens: 2, Store Rooms: 1, Other Rooms","Lawn or Garden, Other Healthcare and Recreation Facilities",,,
https://www.zameen.com/Property/dha_defence_dha_defence_phase_2_one_kanal_double_unit_house_for_sale_in_dha_phase_2_islamabad-53027483-339-1.html,House,PKR12 Crore,7,1 Kanal,For Sale,6,6 days ago,"DHA Defence, Islamabad, Islamabad Capital",Elite property Exchange offer 6*Bedroom 6*Bathroom Drawing + Dining room 2*kitcen T. V Lounge Srvant Quarter 3 car parking,"Built in year: 2025, Parking Spaces: 3, Double Glazed Windows, Central Air Conditioning, Central Heating, Flooring, Electricity Backup, Floors: 2, Other Main Features","Broadband Internet Access, Satellite or Cable TV Ready, Intercom, Other Business and Communication Facilities","Community Lawn or Garden, Community Swimming Pool, Community Gym, First Aid or Medical Centre, Day Care Centre, Kids Play Area, Barbeque Area, Mosque, Community Centre, Other Community Facilities","Nearby Schools, Nearby Hospitals, Nearby Shopping Malls, Nearby Restaurants, Distance From Airport (kms), Nearby Public Transport Service, Other Nearby Places","Maintenance Staff, Security Staff, Facilities for Disabled, Other Facilities","Bedrooms: 6, Bathrooms: 6, Servant Quarters: 1, Drawing Room, Dining Room, Kitchens: 2, Study Room, Prayer Room, Store Rooms: 1, Other Rooms","Lawn or Garden, Swimming Pool, Sauna, Jacuzzi, Other Healthcare and Recreation Facilities",,,
https://www.zameen.com/Property/islamabad_h-13_studio_appartment_for_sale_in_h13-53305536-1039-1.html,Flat,PKR65.85 Lakh,1,2.1 Marla,For Sale,-,2 weeks ago,"H-13, Islamabad, Islamabad Capital","Studio Apartment for Sale Manal Heights, H-13 Islamabad A modern studio apartment is available for sale in Manal Heights, H-13 Islamabad, offering comfort, convenience, and affordability. Perfect for individuals, small families, or investors seeking a great return. Payment Plan: 3 Years Easy Installments Only 15% Down Payment Project Highlights: Prime location near Nust University and Srinagar Highway Contemporary design with high-quality finishes Secure building with 24/7 CCTV and elevator access Dedicated parking and standby generator Ideal for residence or rental income Book your apartment today and own a stylish studio in one of Islamabads most promising areas Manal Heights, H-13.","Built in year: 2025, Parking Spaces: 22, Lobby in Building, Double Glazed Windows, Central Air Conditioning, Central Heating, Flooring, Electricity Backup, Floor: 2, Floors in Building: 10, Elevators: 2, Service Elevators in Building, Other Main Features","Broadband Internet Access, Satellite or Cable TV Ready, ATM Machines",,"Nearby Schools, Nearby Hospitals, Nearby Shopping Malls, Distance From Airport (kms)","Maintenance Staff, Security Staff","Bedrooms: 1, Bathrooms: 1, Kitchens: 1",Other Healthcare and Recreation Facilities,PKR9.87 Lakh,PKR1.55 Lakh,36 Months
https://www.zameen.com/Property/b_17_faisal_margalla_city_we_welcom_you_to_this_stunning_modren_designer_penthouse_for_sale-53355549-13424-1.html,Penthouse,PKR2.75 Crore,-,1 Kanal,For Sale,-,5 days ago,"B-17, Islamabad, Islamabad Capital",Deesigner Penthouse/Apartment Which Will Provide The most peaceful stylish and spacious stay. 4 bedroom 2 kitchens swimming pool open sky sitting with B. B. Q wifi / smart tv lounge 5 MINS FROM PARK / 20 MINS DRIVE NEW ISLAMABAD INT AIRPORT /DIPLOMATIC ENCLAVE MOTRWAY FOR MORE INFO,,,,,,,,,,
https://www.zameen.com/Property/zaraj_housing_scheme_zaraj_scheme_-_sector_c_brand_new_10_marla_designer_house_proper_double_unit_with_15kv_solar_installed_dem_4_90_offer_required-53331874-3512-1.html,House,PKR4.9 Crore,6,10 Marla,For Sale,5,12 hours ago,"Zaraj Housing Scheme, Islamabad, Islamabad Capital","Brand New 10 Marla Ultra Luxurious Designer House with all facilities including a brand new solar system installed . Proper Double Unit, 2 families can live separately. super hot location with DHA 3 view. Sunfacing (south-facing) High quality construction works done. branded modern Kitchen and bathroom fixtures. wide street. huge car porche. 5 bedrooms, attached bathrooms drawing Dining, 2 TV Lounges, 2 Kitchens equipped. for more details and other property related queries call us anytime MZB REAL ESTATE.",,,,,,,,,,
https://www.zameen.com/Property/i_11_i-11_2_25x60_brand_new_double_storey_house_for_sale_i-11_2-53306728-9879-1.html,House,PKR4.1 Crore,6,6 Marla,For Sale,5,1 month ago,"I-11, Islamabad, Islamabad Capital",25x60 brand new double story house for sale i-11/2 5 bedroom 2 kitchen 6 washroom boring available near to park masjid more details call us,,,,,,,,,,
https://www.zameen.com/Property/soan_garden_soan_garden_-_block_d_house_for_sale_in_soan_garden-53137893-3494-1.html,House,PKR4.25 Crore,6,10 Marla,For Sale,7,6 days ago,"Soan Garden, Islamabad, Islamabad Capital",House for sale in Soan Garden Spanish style house design with cnc front grills Location Soan Garden Islamabad block D Prime location Plot size 10 Marla house 9 washroom 7 bedroom 1 drawing room 1 servant room Rcc water tank 2 to 3 car parking space A+ quality material were used Solid infrastructure Demand 4 crore 25 lac For further details contact us,"Built in year: 2017, Parking Spaces, Central Air Conditioning, Flooring","Broadband Internet Access, Satellite or Cable TV Ready","Community Lawn or Garden, Community Swimming Pool, First Aid or Medical Centre, Day Care Centre, Kids Play Area, Barbeque Area, Mosque, Community Centre","Nearby Schools, Nearby Hospitals, Nearby Shopping Malls, Nearby Restaurants, Distance From Airport (kms), Nearby Public Transport Service, Other Nearby Places",Security Staff,,,,,
https://www.zameen.com/Property/dha_defence_phase_4_dha_phase_4_-_overseas_sector_2_bed_apartment_available_on_4_years_installments-53356345-20737-1.html,Flat,PKR2.9 Crore,2,6.7 Marla,For Sale,2,3 weeks ago,"DHA Defence, Islamabad, Islamabad Capital","1,2 and 3 Bed Apartments Available on 4 years Installments Plan All apartments are with DHA allotment letter DHA Transfer More then 20 amenities available in building with dedicated 4 floors car parking purely located in the heart of DHA 4 Overseas BLOCK for more information connect us any time","Built in year: 2026, Parking Spaces, Lobby in Building, Flooring, Electricity Backup, Floor, Floors in Building: 22, Elevators: 4, Other Main Features","Broadband Internet Access, Satellite or Cable TV Ready, Conference Room in Building, ATM Machines","Community Lawn or Garden, Community Swimming Pool, Community Gym, First Aid or Medical Centre, Day Care Centre, Kids Play Area, Barbeque Area, Mosque, Community Centre","Nearby Schools, Nearby Hospitals, Nearby Shopping Malls, Nearby Restaurants, Distance From Airport (kms), Nearby Public Transport Service, Other Nearby Places",,"Bedrooms: 2, Bathrooms: 2, Servant Quarters: 1, Drawing Room, Dining Room, Kitchens: 1, Study Room, Prayer Room, Gym","Sauna, Jacuzzi",,,
https://www.zameen.com/Property/f_8_the_centaurus_two_bedrooms_apartment_available_for_sale_in_the_centaurus_islamabad-49115899-8349-1.html,Flat,PKR14.68 Crore,3,10 Marla,For Sale,2,1 day ago,"F-8, Islamabad, Islamabad Capital","One Bedroom Apartment With Maid Room Demand: PKR 146,770,000/- Resident And His Family Will Enjoy Health Club Facilities. Health Club Facilities Includes. Swimming Pool Sauna Room Stream Room Jacuzzi Ladies And Gents Separate Gym Table Tennis Squash Court Snooker Socker Other Facilities; Shopping Mall Uninterrupted Electricity Supply Backup Generator Plants Central Heating And Cooling System With Separate HVAC Unit For Each Apartment High Quality Fitting Fixture Visitors Lobby With Intercom Facility Dedicated Entrance And Car Parking Basement Floor For Residents Uninterrupted Water Supply High Speed Elevators And Service Lifts Structure Design To Withstand Earthquake Up To 9.5 On Rector Scale International Construction Company Ranked Number 12 In International Ranking World Famous Architects Of Burj Ul Arab Fame Design The Centaurus.","Built in year, Parking Spaces: 1, Lobby in Building, Double Glazed Windows, Central Air Conditioning, Central Heating, Flooring, Electricity Backup, Waste Disposal, Floor: 4, Floors in Building: 13, Elevators: 4, Service Elevators in Building, Other Main Features, Furnished","Broadband Internet Access, Satellite or Cable TV Ready, Business Center or Media Room in Building, Conference Room in Building, Intercom, ATM Machines, Other Business and Communication Facilities","Community Lawn or Garden, Community Swimming Pool, Community Gym, First Aid or Medical Centre, Day Care Centre, Kids Play Area, Barbeque Area, Mosque, Community Centre, Other Community Facilities","Nearby Schools, Nearby Hospitals, Nearby Shopping Malls, Nearby Restaurants, Distance From Airport (kms), Nearby Public Transport Service, Other Nearby Places","Maintenance Staff, Security Staff, Laundry or Dry Cleaning Facility, Facilities for Disabled, Pets Not Allowed, Other Facilities","Bedrooms: 2, Bathrooms: 1, Servant Quarters: 2, Drawing Room, Dining Room, Kitchens: 1, Study Room, Prayer Room, Powder Room, Gym, Store Rooms: 1, Steam Room, Lounge or Sitting Room, Laundry Room, Other Rooms","Sauna, Jacuzzi, Other Healthcare and Recreation Facilities",,,
https://www.zameen.com/Property/al_ghurair_giga_al-ghurair_giga_-_block_15_corner_three_bedroom_flat_available_for_sale_in_dha_phase_2_islamabad-52982426-15119-1.html,Flat,PKR1.55 Crore,3,7.3 Marla,For Sale,3,2 days ago,"DHA Defence, Islamabad, Islamabad Capital","This is three bedrooms with Attached Bathrooms, Store room, Tv Lounge, and Kitchen. No Issue Of Electricity, Water And Gas Connections. Covered Area 1650sqFt. Lift Elevator Service Available With 24 7 with Electricity Power Backup Security Services 24 7 Gated Community 2 Family Parks Water Filtration Plant On Walking Distance Masjid On Walking Distance Commercial area On Walking Distance Imtiaz Mart Punjab Cash & Carry (20,000 Grocery Items) Carry fort ( Over 30,000 Items ) World Trade Center (Carry fort, National And International Brands , Gloria Jeans , Food Court Etc) APS School , Roots Ivy University Etc For More Information Please Call on","Built in year: 2022, Parking Spaces, Lobby in Building, Double Glazed Windows, Flooring, Electricity Backup, Waste Disposal, Floor, Floors in Building, Elevators: 2, Service Elevators in Building, Other Main Features","Broadband Internet Access, Satellite or Cable TV Ready, Business Center or Media Room in Building, Conference Room in Building, Intercom, ATM Machines","Community Lawn or Garden, Community Swimming Pool, Community Gym, First Aid or Medical Centre, Day Care Centre, Kids Play Area, Barbeque Area, Mosque, Community Centre","Nearby Schools, Nearby Hospitals, Nearby Shopping Malls, Nearby Restaurants, Distance From Airport (kms), Nearby Public Transport Service, Other Nearby Places","Maintenance Staff, Security Staff, Laundry or Dry Cleaning Facility, Facilities for Disabled, Pets Not Allowed","Bedrooms: 3, Bathrooms: 3, Kitchens, Store Rooms: 2, Steam Room, Lounge or Sitting Room, Laundry Room, Other Rooms","Sauna, Jacuzzi",,,
https://www.zameen.com/Property/dha_defence_phase_2_dha_phase_2_-_sector_d_centrally_located_prime_location_house_in_dha_phase_2_-_sector_d_is_available_for_sale-53348526-3199-1.html,House,PKR13 Crore,6,1 Kanal,For Sale,6,3 days ago,"DHA Defence, Islamabad, Islamabad Capital","House comes with spacious rooms and amenities, making for a comfortable place to live. House prices can fluctuate but if you're ready then PKR Rs. 130000000 is quite reasonable. The city of Islamabad awaits you to offer you a more facilitated lifestyle. The perfect 1 Kanal House is available for sale now. If you want to buy a property then don't miss out on this opportunity. DHA Phase 2 - Sector D is perfect to own a home as it is surrounded by all kinds of facilities. Some of the prominent features of this property are as follows. Keep in touch with your friends and family with broadband internet access. The premises is well-guarded with an active and vigilant security services staff that is available seven days a week. A luxurious drawing room like this will surely inspire awe in your guests. A beautifully designed airy dining room that comes with this House is perfect to host formal dinners. Make any concerns known to us through provided contacts.",,"Broadband Internet Access, Satellite or Cable TV Ready, Intercom, Other Business and Communication Facilities","Community Lawn or Garden, Community Swimming Pool, Community Gym, First Aid or Medical Centre, Day Care Centre, Kids Play Area, Barbeque Area, Mosque, Community Centre","Nearby Schools, Nearby Hospitals, Nearby Shopping Malls, Nearby Restaurants, Distance From Airport (kms), Nearby Public Transport Service, Other Nearby Places","Maintenance Staff, Security Staff, Other Facilities","Bedrooms: 6, Bathrooms: 6, Drawing Room, Dining Room, Kitchens: 2",,,,
https://www.zameen.com/Property/i_8_i-8_4_highly-desirable_house_available_in_i-8_4_for_sale-52910685-3444-1.html,House,PKR13.95 Crore,6,14 Marla,For Sale,6,5 hours ago,"I-8, Islamabad, Islamabad Capital",House is available for sale in prime location of Islamabad i-8 6 bedrooms with attached bath DD Tv Lounge Kitchen Store room Servant quarter Car parking Neat and clean CDA TRANSFER Best Option For investors and end-users Best Option For Living Peaceful environment Near to Markaz school masjid park More options also available Get in touch with us today for more information and direct deal.,"Built in year: 2020, Parking Spaces: 2, Double Glazed Windows, Central Air Conditioning, Central Heating, Flooring, Electricity Backup, Waste Disposal, Floors: 3, Other Main Features, Furnished","Broadband Internet Access, Satellite or Cable TV Ready, Intercom, Other Business and Communication Facilities","Community Lawn or Garden, Community Swimming Pool, Community Gym, First Aid or Medical Centre, Day Care Centre, Kids Play Area, Barbeque Area, Mosque, Community Centre, Other Community Facilities","Nearby Schools, Nearby Hospitals, Nearby Shopping Malls, Nearby Restaurants, Distance From Airport (kms), Nearby Public Transport Service, Other Nearby Places","Maintenance Staff, Security Staff, Facilities for Disabled, Other Facilities","Bedrooms: 6, Bathrooms: 6, Servant Quarters: 1, Drawing Room, Dining Room, Kitchens: 2, Study Room, Prayer Room, Powder Room, Gym, Store Rooms: 1, Steam Room, Lounge or Sitting Room, Laundry Room, Other Rooms","Lawn or Garden, Swimming Pool, Sauna, Jacuzzi, Other Healthcare and Recreation Facilities",,,
https://www.zameen.com/Property/islamabad_i-8_affordable_house_available_for_sale_in_i-8-53052580-174-1.html,House,PKR20 Crore,6,1.2 Kanal,For Sale,9,5 hours ago,"I-8, Islamabad, Islamabad Capital",Triple storey house is available for sale 9 Beds with attached baths DD TV LOUNGE kitchen store room servant room car parking stylish construction best option for living near markaz school masjid and community park best option for investors cda transfer More options available Get in touch with us today for more information and direct deal.,"Parking Spaces: 3, Double Glazed Windows, Central Air Conditioning, Flooring, Electricity Backup, Waste Disposal, Other Main Features","Broadband Internet Access, Satellite or Cable TV Ready, Intercom, Other Business and Communication Facilities","Community Lawn or Garden, Community Swimming Pool, Community Gym, First Aid or Medical Centre, Day Care Centre, Kids Play Area, Barbeque Area, Mosque, Community Centre, Other Community Facilities","Nearby Schools, Nearby Hospitals, Nearby Shopping Malls, Nearby Restaurants, Distance From Airport (kms), Nearby Public Transport Service, Other Nearby Places","Maintenance Staff, Security Staff, Facilities for Disabled, Other Facilities","Bedrooms: 9, Bathrooms: 9, Servant Quarters: 2, Drawing Room, Dining Room, Kitchens: 3, Study Room, Prayer Room, Powder Room, Gym, Store Rooms: 1, Steam Room, Lounge or Sitting Room, Other Rooms","Sauna, Jacuzzi, Other Healthcare and Recreation Facilities",,,
https://www.zameen.com/Property/dha_defence_phase_2_defence_residency_two_bedroom_apartment_for_sale_in_dha_phase_2_islamabad-53237266-9914-1.html,Flat,PKR76 Lakh,2,3.6 Marla,For Sale,2,4 weeks ago,"DHA Defence, Islamabad, Islamabad Capital","Defence Residency DHA-2 Islamabad Two Bedroom Apartment For sale Two Bedroom attach Bathroom, Tv lounge, Kitchen and Terrace. 4th floor Area 804 sq. ft. Price = 7700000/- All Kind Of Facilities Are Available Self Car Parking, Adjacent To Park Water Filtration Plant, Children Park, Shopping Center, Massive Security System, Gated Community, Backup Generator, 24 Hours Security. near Park, Punjab Cash And Carry, Giga Mall. 24 Hours Power Backup, Very Good Environment. Backup generators system Seating Area and Garden Area on roof for residents of building only. 24 hours CCTV Camera and surveillance. At a walking distance from Giga Mall. Directly connected with podium where you can enjoy club facilities. SALIENT FEATURES Spacious Entrance Lobby. 24/7 Water Supply System. Broadband & Internet Access. 24/7 Video Surveillance of Parking & Entrance Area From Each Apartment. 24 Hours Lift with Backup Generators. Reserve Car Parking. RFID System For Residents. Fire Fighting System / Security System Guard Room & 24/7 CC TV Camera Monitoring. Reception for Visitors & Guests. Emergency Exits. Maintenance Staff. Security Staff. For more information contact please on above written cell No.","Built in year: 2025, Parking Spaces, Double Glazed Windows, Central Air Conditioning, Central Heating, Flooring, Electricity Backup, Waste Disposal, Other Main Features, Furnished","Broadband Internet Access, Satellite or Cable TV Ready, Intercom, ATM Machines, Other Business and Communication Facilities","Community Lawn or Garden, Community Swimming Pool, Community Gym, First Aid or Medical Centre, Day Care Centre, Kids Play Area, Barbeque Area, Mosque, Community Centre, Other Community Facilities","Nearby Schools, Nearby Hospitals, Nearby Shopping Malls, Nearby Restaurants, Distance From Airport (kms), Nearby Public Transport Service, Other Nearby Places","Maintenance Staff, Security Staff, Facilities for Disabled, Other Facilities","Bedrooms: 2, Bathrooms: 2, Servant Quarters, Drawing Room, Dining Room, Kitchens: 2, Study Room, Prayer Room, Powder Room, Gym, Store Rooms, Steam Room, Lounge or Sitting Room, Laundry Room, Other Rooms","Sauna, Jacuzzi, Other Healthcare and Recreation Facilities",,,
https://www.zameen.com/Property/dha_defence_dha_defence_phase_2_studio_apartment_for_sale_in_goldcrest_views_1_tower_c_near_giga_mall_world_trade_center_dha_2_islamabad-53284572-339-1.html,Flat,PKR1.09 Crore,1,2.8 Marla,For Sale,-,4 weeks ago,"DHA Defence, Islamabad, Islamabad Capital","Goldcrest Views Is A Luxury Project Of Giga Group In DHA Phase 2 Islamabad Having World Class Amenities On Rooftop As Well As On Podium. Fastest Construction Work In Progress On Site Goldcrest Views-1 Tower C Margalla facing Studio apartment Size 625 sq. ft *Total price 10,900,000/-* *Upfront payment 7,400,000/-* Remaining balance 3,500,000/- clear in 2 years installment plan Possession end of 2027 *Model Apartment Can Be Visited At Giga Mall World Trade Center. *Margalla Facing Apartment. *Avail This Opportunity Before Its Too Late. Goldcrest Views Is Located At The Prime Address Of Downtown Giga. It Is A Centrally Connected Place On The Main G. T. Road. It S A Place Where The Best Health And Education Facilities Are Always Available. Plus, The Biggest Shopping Mall In Islamabad Giga Mall, And The Unique D-Mall Is Just A Walking Distance Away. Moreover, Its Strategic Location Is Easily Accessible From Rawalpindi As Well As Islamabad. This Is Because It Is Located In The Heart Of Twin Cities. *Goldcrest Views Islamabad Features* The Facilities Available To Each And Every Home Owner In Goldcrest Views Start From The Podium Level And Reach The Sky. So, Each And Every Home Owner Will Have Exclusive Access To Their Own Roof Top Facilities, With Expansive Views Of Margalla Hills. Some Of The Unmatchable Facilities Provided By This Project Are: *Rooftop Amenities* Swimming Pool, Children Play Areas, Juice Bar/Relaxation Lounge, Health Club, Gymnasium, Sauna/Steam Room, Shower Areas, Seating Area &Amp;Amp; Garden. *Podium Level* Mosque, Children Play Areas, Barbeque Area, Jogging/Walking Track, Water Bodies &Amp;Amp; Fountains, Daycare Center, Indoor Sports, Bakery/Library/Tuck Shop *Standard Features* Studio, 1, 2, 3, 4-Bed Luxury Apartments &Amp; Amp; Penthouses, Community Center, Power Backup, Covered Car Parking, 24-Hours CCTV Security And Surveillance, Fully Furnished Apartments (Optional), Prime Location Of DHA 2 Islamabad. For More Information Contact Please On Above Written Cell No.","Built in year: 2027, Parking Spaces: 1, Lobby in Building, Double Glazed Windows, Central Air Conditioning, Central Heating, Flooring, Electricity Backup, Waste Disposal, Floor: 11, Floors in Building: 40, Elevators: 5, Service Elevators in Building, Other Main Features","Broadband Internet Access, Satellite or Cable TV Ready, Business Center or Media Room in Building, Conference Room in Building, Intercom, ATM Machines, Other Business and Communication Facilities","Community Lawn or Garden, Community Swimming Pool, Community Gym, First Aid or Medical Centre, Day Care Centre, Kids Play Area, Barbeque Area, Mosque, Community Centre, Other Community Facilities","Nearby Schools, Nearby Hospitals, Nearby Shopping Malls, Nearby Restaurants, Distance From Airport (kms), Nearby Public Transport Service, Other Nearby Places","Maintenance Staff, Security Staff, Laundry or Dry Cleaning Facility, Communal/Shared Kitchen, Facilities for Disabled, Pets Allowed, Other Facilities","Bedrooms: 1, Bathrooms: 1, Kitchens: 1, Study Room, Prayer Room, Powder Room, Gym, Steam Room, Lounge or Sitting Room, Laundry Room, Other Rooms","Sauna, Jacuzzi, Other Healthcare and Recreation Facilities",,,
https://www.zameen.com/Property/dha_defence_phase_2_goldcrest_views_two_bedroom_flat_for_sale_in_goldcrest_views_1_tower_d_near_giga_mall_world_trade_center_dha-2_islamabad-53231109-18358-1.html,Flat,PKR2.68 Crore,2,6.8 Marla,For Sale,2,4 weeks ago,"DHA Defence, Islamabad, Islamabad Capital","Goldcrest Views Is A Luxury Project Of Giga Group In DHA Phase 2 Islamabad Having World Class Amenities On Rooftop As Well As On Podium. Fastest Construction Work In Progress On Site Goldcrest Views-1 Tower D Two Bedroom Apartment Floor 9th Size 1532 sq. ft *Total price 26,810,000/-* *Upfront payment 13,000,000/-* Quarterly Installment = 1,096,000/- Possession end of 2027 *Model Apartment Can Be Visited At Giga Mall World Trade Center. *Margalla Facing Apartment. *Avail This Opportunity Before Its Too Late. Goldcrest Views Is Located At The Prime Address Of Downtown Giga. It Is A Centrally Connected Place On The Main G. T. Road. It S A Place Where The Best Health And Education Facilities Are Always Available. Plus, The Biggest Shopping Mall In Islamabad Giga Mall, And The Unique D-Mall Is Just A Walking Distance Away. Moreover, Its Strategic Location Is Easily Accessible From Rawalpindi As Well As Islamabad. This Is Because It Is Located In The Heart Of Twin Cities. *Goldcrest Views Islamabad Features* The Facilities Available To Each And Every Home Owner In Goldcrest Views Start From The Podium Level And Reach The Sky. So, Each And Every Home Owner Will Have Exclusive Access To Their Own Roof Top Facilities, With Expansive Views Of Margalla Hills. Some Of The Unmatchable Facilities Provided By This Project Are: *Rooftop Amenities* Swimming Pool, Children Play Areas, Juice Bar/Relaxation Lounge, Health Club, Gymnasium, Sauna/Steam Room, Shower Areas, Seating Area &Amp;Amp; Garden. *Podium Level* Mosque, Children Play Areas, Barbeque Area, Jogging/Walking Track, Water Bodies &Amp;Amp; Fountains, Daycare Center, Indoor Sports, Bakery/Library/Tuck Shop *Standard Features* Studio, 1, 2, 3, 4-Bed Luxury Apartments &Amp; Amp; Penthouses, Community Center, Power Backup, Covered Car Parking, 24-Hours CCTV Security And Surveillance, Fully Furnished Apartments (Optional), Prime Location Of DHA 2 Islamabad. For More Information Contact Please On Above Written Cell No.","Built in year: 2027, Parking Spaces: 1, Lobby in Building, Double Glazed Windows, Central Air Conditioning, Central Heating, Flooring, Electricity Backup, Waste Disposal, Floor: 9, Floors in Building: 40, Elevators: 5, Service Elevators in Building, Other Main Features","Broadband Internet Access, Satellite or Cable TV Ready, Business Center or Media Room in Building, Conference Room in Building, Intercom, ATM Machines, Other Business and Communication Facilities","Community Lawn or Garden, Community Swimming Pool, Community Gym, First Aid or Medical Centre, Day Care Centre, Kids Play Area, Barbeque Area, Mosque, Community Centre, Other Community Facilities","Nearby Schools, Nearby Hospitals, Nearby Shopping Malls, Nearby Restaurants, Distance From Airport (kms), Nearby Public Transport Service, Other Nearby Places","Maintenance Staff, Security Staff, Laundry or Dry Cleaning Facility, Communal/Shared Kitchen, Facilities for Disabled, Pets Allowed, Other Facilities","Bedrooms: 2, Bathrooms: 2, Kitchens: 1, Prayer Room, Powder Room, Gym, Steam Room, Lounge or Sitting Room, Laundry Room, Other Rooms","Sauna, Jacuzzi, Other Healthcare and Recreation Facilities",,,
https://www.zameen.com/Property/dha_defence_phase_2_goldcrest_views_three_bedroom_flat_for_sale_in_goldcrest_views_1_tower_b_near_giga_mall_world_trade_center_dha-2_islamabad-53235009-18358-1.html,Flat,PKR2.94 Crore,3,7.3 Marla,For Sale,3,4 weeks ago,"DHA Defence, Islamabad, Islamabad Capital","Goldcrest Views Is A Luxury Project Of Giga Group In DHA Phase 2 Islamabad Having World Class Amenities On Rooftop As Well As On Podium. Fastest Construction Work In Progress On Site Goldcrest Views-1 Tower B Three Bedroom Apartment Floor 24th Size 1635 sq. ft *Total price 29,430,000/-* *Upfront payment 17,700,000/-* Possession end of 2027 *Model Apartment Can Be Visited At Giga Mall World Trade Center. *Margalla Facing Apartment. *Avail This Opportunity Before Its Too Late. Goldcrest Views Is Located At The Prime Address Of Downtown Giga. It Is A Centrally Connected Place On The Main G. T. Road. It S A Place Where The Best Health And Education Facilities Are Always Available. Plus, The Biggest Shopping Mall In Islamabad Giga Mall, And The Unique D-Mall Is Just A Walking Distance Away. Moreover, Its Strategic Location Is Easily Accessible From Rawalpindi As Well As Islamabad. This Is Because It Is Located In The Heart Of Twin Cities. *Goldcrest Views Islamabad Features* The Facilities Available To Each And Every Home Owner In Goldcrest Views Start From The Podium Level And Reach The Sky. So, Each And Every Home Owner Will Have Exclusive Access To Their Own Roof Top Facilities, With Expansive Views Of Margalla Hills. Some Of The Unmatchable Facilities Provided By This Project Are: *Rooftop Amenities* Swimming Pool, Children Play Areas, Juice Bar/Relaxation Lounge, Health Club, Gymnasium, Sauna/Steam Room, Shower Areas, Seating Area &Amp;Amp; Garden. *Podium Level* Mosque, Children Play Areas, Barbeque Area, Jogging/Walking Track, Water Bodies &Amp;Amp; Fountains, Daycare Center, Indoor Sports, Bakery/Library/Tuck Shop *Standard Features* Studio, 1, 2, 3, 4-Bed Luxury Apartments &Amp; Amp; Penthouses, Community Center, Power Backup, Covered Car Parking, 24-Hours CCTV Security And Surveillance, Fully Furnished Apartments (Optional), Prime Location Of DHA 2 Islamabad. For More Information Contact Please On Above Written Cell No.","Built in year: 2027, Parking Spaces: 1, Lobby in Building, Double Glazed Windows, Central Air Conditioning, Central Heating, Flooring, Electricity Backup, Waste Disposal, Floor: 24, Floors in Building: 40, Elevators: 5, Service Elevators in Building, Other Main Features","Broadband Internet Access, Satellite or Cable TV Ready, Business Center or Media Room in Building, Conference Room in Building, Intercom, ATM Machines, Other Business and Communication Facilities","Community Lawn or Garden, Community Swimming Pool, Community Gym, First Aid or Medical Centre, Day Care Centre, Kids Play Area, Barbeque Area, Mosque, Community Centre, Other Community Facilities","Nearby Schools, Nearby Hospitals, Nearby Shopping Malls, Nearby Restaurants, Distance From Airport (kms), Nearby Public Transport Service, Other Nearby Places","Maintenance Staff, Security Staff, Laundry or Dry Cleaning Facility, Communal/Shared Kitchen, Facilities for Disabled, Pets Allowed, Other Facilities","Bedrooms: 3, Bathrooms: 3, Drawing Room, Dining Room, Kitchens: 1, Study Room, Prayer Room, Powder Room, Gym, Steam Room, Lounge or Sitting Room, Laundry Room, Other Rooms","Sauna, Jacuzzi, Other Healthcare and Recreation Facilities",,,
https://www.zameen.com/Property/islamabad_h-13_brand_new_house-52974001-1039-1.html,House,PKR2.2 Crore,3,5 Marla,For Sale,3,4 weeks ago,"H-13, Islamabad, Islamabad Capital",1.5 story Brand new house 3 bed rooms attached washrooms Tv lounge drawing room Brand new paris city F block,,,,"Nearby Schools, Nearby Hospitals, Nearby Shopping Malls, Nearby Restaurants, Distance From Airport (kms), Nearby Public Transport Service, Other Nearby Places","Security Staff, Other Facilities",,,,,
https://www.zameen.com/Property/kashmir_highway_eighteen_luxury_apartments_in_eighteen_islamabad_own_on_easy_installments-52137451-12602-1.html,Flat,PKR5.54 Crore,4,9.6 Marla,For Sale,3,6 days ago,"Kashmir Highway, Islamabad, Islamabad Capital","Eighteen Islamabad Premium Plots & Luxury Apartments on Installment Luxury Apartments for Sale 2-Bedroom Apartment Price: PKR 55,380,000/- Size: 1,418 sq ft Down Payment: 15% (PKR 8,307,000/-) Installment Plan: 4 Years Quarterly Installments: PKR 2,964,375/- (16 installments) 3-Bedroom Apartment Price: PKR 77,380,000/- Size: 2,152 sq ft Down Payment: 15% (PKR 11,607,000/-) Installment Plan: 4 Years Quarterly Installments: PKR 4,099,875/- (16 installments) Plots for Sale 0.5 Kanal Plot Price: PKR 40,000,000/- Down Payment: 15% (PKR 6,000,000/-) Installment Plan: 3 Years Quarterly Installments: PKR 2,833,333/- (12 installments) 1 Kanal Plot Price: PKR 75,270,000/- Down Payment: 15% (PKR 11,290,500/-) Installment Plan: 3 Years Quarterly Installments: PKR 5,343,375/- (12 installments) Eighteen Islamabad Prime Location: Close to Islamabad International Airport and Kashmir Highway. Luxury Living: Modern villas, stylish apartments, and exclusive amenities. Community Features: 18-hole championship golf course Clubhouse with premium facilities Gated security and uninterrupted utilities High-end retail and entertainment options To schedule a site visit or for more information, get in touch with our team","Built in year, Parking Spaces, Lobby in Building, Double Glazed Windows, Central Air Conditioning, Central Heating, Flooring, Electricity Backup, Waste Disposal, Floor, Floors in Building, Elevators, Service Elevators in Building, Other Main Features, Furnished","Broadband Internet Access, Satellite or Cable TV Ready, Business Center or Media Room in Building, Conference Room in Building, Intercom, ATM Machines, Other Business and Communication Facilities","Community Lawn or Garden, Community Swimming Pool, Community Gym, First Aid or Medical Centre, Day Care Centre, Kids Play Area, Barbeque Area, Mosque, Community Centre, Other Community Facilities","Nearby Schools, Nearby Hospitals, Nearby Shopping Malls, Nearby Restaurants, Distance From Airport (kms), Nearby Public Transport Service, Other Nearby Places","Maintenance Staff, Security Staff, Laundry or Dry Cleaning Facility, Communal/Shared Kitchen, Pets Not Allowed, Other Facilities","Bedrooms, Bathrooms, Servant Quarters, Drawing Room, Dining Room, Kitchens, Study Room, Prayer Room, Powder Room, Gym, Store Rooms, Steam Room, Lounge or Sitting Room, Laundry Room, Other Rooms","Sauna, Jacuzzi, Other Healthcare and Recreation Facilities",,,
https://www.zameen.com/Property/gulberg_gulberg_greens_super_luxury_apartments_on_installment_or_ready-to-move_gulberg_green-53157493-8312-1.html,Flat,PKR9.25 Crore,4,19.1 Marla,For Sale,4,2 days ago,"Gulberg, Islamabad, Islamabad Capital","Luxury Apartments for Sale Gulberg Green Islamabad Brand New Project | Super Luxury Living | Greenery & Lake View Pictures not Original - Un-Furnished Apartments Available Available Options: - 2-Bedroom Apartment 1,870 sq ft - 3-Bedroom Apartment 3,242 sq ft - 4-Bedroom Apartment 4,276 sq ft Price Range: Rs. 28,000 30,000 per sq ft Choices Available: Installment Plan OR Ready-to-Move Apartment Features: Spacious, modern layouts with super luxury design Stunning Greenery + Lake Views High-class finishing & fittings Peaceful & fully secured environment Project Highlights Gulberg Green Islamabad: Complete Gated & Secured Society Schools, Colleges & Universities nearby Commercial Markets & Community Facilities Wide Roads, Modern Infrastructure & Green Surroundings Huge Investment Potential Prices Rising Day by Day Ideal for Living or Investment in Islamabads futuristic location. For Booking & More Details Contact: Ahmed Karim UR Property","Built in year, Parking Spaces, Lobby in Building, Double Glazed Windows, Central Air Conditioning, Central Heating, Flooring, Electricity Backup, Waste Disposal, Floor, Floors in Building, Elevators, Service Elevators in Building, Other Main Features, Furnished","Broadband Internet Access, Satellite or Cable TV Ready, Business Center or Media Room in Building, Conference Room in Building, Intercom, ATM Machines, Other Business and Communication Facilities","Community Lawn or Garden, Community Swimming Pool, Community Gym, First Aid or Medical Centre, Day Care Centre, Kids Play Area, Barbeque Area, Mosque, Community Centre, Other Community Facilities","Nearby Schools, Nearby Hospitals, Nearby Shopping Malls, Nearby Restaurants, Distance From Airport (kms), Nearby Public Transport Service, Other Nearby Places","Maintenance Staff, Security Staff, Facilities for Disabled, Other Facilities","Bedrooms, Bathrooms, Servant Quarters, Drawing Room, Dining Room, Kitchens, Study Room, Prayer Room, Powder Room, Gym, Store Rooms, Steam Room, Lounge or Sitting Room, Laundry Room, Other Rooms","Sauna, Jacuzzi, Other Healthcare and Recreation Facilities",,,
https://www.zameen.com/Property/islamabad_gt_road_exclusive_4-year_plan_1_2_3-bed_apartments_shops_offices-53113376-3397-1.html,Flat,PKR3.25 Crore,3,8.9 Marla,For Sale,3,2 days ago,"GT Road, Islamabad, Islamabad Capital","Luxury Apartments & Commercial Spaces on Easy Installments Islamabad Project Highlights: 1-Bedroom, 2-Bedroom & 3-Bedroom Apartments Sizes starting from 1000+ to 1800+ Sqft Commercial Shops & Office Spaces also available 4-Year Easy Payment Plan Super Luxury Standard & Modern Finishing Prime Location: Main Islamabad Expressway & GT Road, DHA Developed by a Well-Known Group with Multiple Successful Projects Best for Living | Business | Investment Contact now for complete details & booking!","Built in year, Parking Spaces, Lobby in Building, Double Glazed Windows, Central Air Conditioning, Central Heating, Flooring, Electricity Backup, Waste Disposal, Floor, Floors in Building, Elevators, Service Elevators in Building, Other Main Features, Furnished","Broadband Internet Access, Satellite or Cable TV Ready, Business Center or Media Room in Building, Conference Room in Building, Intercom, ATM Machines, Other Business and Communication Facilities","Community Lawn or Garden, Community Swimming Pool, Community Gym, First Aid or Medical Centre, Day Care Centre, Kids Play Area, Barbeque Area, Mosque, Community Centre, Other Community Facilities","Nearby Schools, Nearby Hospitals, Nearby Shopping Malls, Nearby Restaurants, Distance From Airport (kms), Nearby Public Transport Service, Other Nearby Places","Maintenance Staff, Security Staff, Laundry or Dry Cleaning Facility, Communal/Shared Kitchen, Facilities for Disabled, Pets Not Allowed, Other Facilities","Bedrooms, Bathrooms, Servant Quarters, Drawing Room, Dining Room, Kitchens, Study Room, Prayer Room, Powder Room, Gym, Store Rooms, Steam Room, Lounge or Sitting Room, Laundry Room, Other Rooms","Sauna, Jacuzzi, Other Healthcare and Recreation Facilities",,,
https://www.zameen.com/Property/islamabad_park_view_city_park_view_city_islamabad_luxury_terrace_apartments_ready_to_move-52209602-10933-1.html,Flat,PKR3.89 Crore,3,5.8 Marla,For Sale,2,2 days ago,"Park View City, Islamabad, Islamabad Capital","Park View City - Islamabad | Terrace Apartments Ready-to-Move | Luxury Living A Signature Project by Park View City Apartment Options & Prices: 2-Bedroom Terrace Apartment Starting at PKR 39,630,000/- 3-Bedroom Terrace Apartment Starting at PKR 60,405,000/- Key Features: Modern & Spacious Layouts Breathtaking Terrace Views Premium Finishes & Elegant Interiors Gated Community with 24/7 Security State-of-the-Art Facilities (Gym, Swimming Pool, Kids Play Area) Lush Green Surroundings for a Peaceful Lifestyle Prime Location Close to Commercial & Recreational Hubs","Built in year, Parking Spaces, Lobby in Building, Double Glazed Windows, Central Air Conditioning, Central Heating, Flooring, Electricity Backup, Waste Disposal, Floor, Floors in Building, Elevators, Service Elevators in Building, Other Main Features, Furnished","Broadband Internet Access, Satellite or Cable TV Ready, Business Center or Media Room in Building, Conference Room in Building, Intercom, ATM Machines, Other Business and Communication Facilities","Community Lawn or Garden, Community Swimming Pool, Community Gym, First Aid or Medical Centre, Day Care Centre, Kids Play Area, Barbeque Area, Mosque, Community Centre, Other Community Facilities","Nearby Schools, Nearby Hospitals, Nearby Shopping Malls, Nearby Restaurants, Distance From Airport (kms), Nearby Public Transport Service, Other Nearby Places","Maintenance Staff, Security Staff, Laundry or Dry Cleaning Facility, Communal/Shared Kitchen, Facilities for Disabled, Pets Allowed, Other Facilities","Bedrooms, Bathrooms, Servant Quarters, Drawing Room, Dining Room, Kitchens, Study Room, Prayer Room, Powder Room, Gym, Store Rooms, Steam Room, Lounge or Sitting Room, Laundry Room, Other Rooms","Sauna, Jacuzzi, Other Healthcare and Recreation Facilities",,,
https://www.zameen.com/Property/i_10_i-10_1_st_92_house_for_sale-53106766-3420-1.html,House,PKR3.25 Crore,2,5 Marla,For Sale,3,1 day ago,"I-10, Islamabad, Islamabad Capital",2 electric meter 2 gas meter water supply,Parking Spaces: 1,,,"Nearby Schools, Nearby Hospitals, Nearby Shopping Malls, Nearby Restaurants, Distance From Airport (kms), Nearby Public Transport Service, Other Nearby Places","Security Staff, Other Facilities","Bedrooms: 3, Bathrooms: 2, Drawing Room, Dining Room, Kitchens: 2",,,,
https://www.zameen.com/Property/dha_valley_dha_valley_-_oleander_sector_dha_homes_available_fo_sale_main_boulevard_road_5_south_face-53340401-3213-1.html,House,PKR1.48 Crore,3,8 Marla,For Sale,3,4 weeks ago,"DHA Defence, Islamabad, Islamabad Capital",DHA Homes available for sale Main boulevard Road Near to masjid south face Front open,"Built in year: 2025, Parking Spaces: 2, Double Glazed Windows, Central Air Conditioning, Central Heating, Flooring, Electricity Backup, Waste Disposal, Floors: 2, Other Main Features, Furnished","Broadband Internet Access, Satellite or Cable TV Ready, Intercom","Community Lawn or Garden, Community Swimming Pool, Community Gym, First Aid or Medical Centre, Day Care Centre, Kids Play Area, Barbeque Area, Mosque, Community Centre, Other Community Facilities","Nearby Schools, Nearby Hospitals, Nearby Shopping Malls, Nearby Restaurants, Distance From Airport (kms), Nearby Public Transport Service, Other Nearby Places","Maintenance Staff, Security Staff, Facilities for Disabled, Other Facilities","Bedrooms: 3, Bathrooms: 3, Servant Quarters: 1, Drawing Room, Dining Room, Kitchens: 1, Study Room, Prayer Room, Powder Room, Gym, Store Rooms: 1, Steam Room, Lounge or Sitting Room, Laundry Room, Other Rooms","Lawn or Garden, Swimming Pool, Sauna, Jacuzzi, Other Healthcare and Recreation Facilities",,,
https://www.zameen.com/Property/g_15_zarkon_heights_rare_opportunity_one_bed_apartment_for_sale_in_zarkon_heights_cda_approved_project-53287686-10169-1.html,Flat,PKR1.03 Crore,1,2.5 Marla,For Sale,1,5 days ago,"G-15, Islamabad, Islamabad Capital","Property Details: Location: Zarkon Heights, G-15, Islamabad Size: 572 Sq Ft Floor: Ground Floor Status: Rented For 1 Year @ 40,000/Month Condition: Unfurnished Features &Amp; Amenities: CDA Approved Project Markets &Amp; Shops Inside The Community Secure Gated Environment Gas, Water, And WAPDA Residential Electricity Lifts On Full Backup Apartments Essentials On Backup Dedicated Parking Space Ideal For Investment &Amp; Personal Use Other Options Also Available: One Bed Apartments (572-619 Sqft) Price Range 1.05 To 1.15 Crore PKR Two, Three &Amp; Four Bed Units Limited Availability A Perfect Investment In A CDA Approved, Fully Developed, And Demand-Driven Project Offering High Rental Returns And Long-Term Value.","Built in year: 2023, Parking Spaces: 1, Lobby in Building, Double Glazed Windows, Central Air Conditioning, Central Heating, Flooring, Electricity Backup, Waste Disposal, Floor: 1, Floors in Building: 9, Elevators: 3, Service Elevators in Building, Other Main Features","Broadband Internet Access, Satellite or Cable TV Ready, Intercom","Community Lawn or Garden, Community Gym, First Aid or Medical Centre, Day Care Centre, Kids Play Area, Barbeque Area, Mosque, Community Centre","Nearby Schools, Nearby Hospitals, Nearby Shopping Malls, Nearby Restaurants, Distance From Airport (kms), Nearby Public Transport Service, Other Nearby Places","Security Staff, Other Facilities","Bedrooms: 1, Bathrooms: 1, Drawing Room, Dining Room, Kitchens: 2, Study Room, Prayer Room, Powder Room, Store Rooms: 1, Lounge or Sitting Room, Laundry Room","Sauna, Jacuzzi",,,
https://www.zameen.com/Property/dha_valley_lilly_sector_lilly_sector_-_dha_homes_05_marla_home_available_for_sale_in_dha_homes_lilly_a-53347752-16826-1.html,House,PKR80 Lakh,2,5 Marla,For Sale,2,1 week ago,"DHA Defence, Islamabad, Islamabad Capital",05 Marla Home available for sale sale Near to Masjid Near to market Near to askari bank,"Built in year: 2020, Parking Spaces: 1, Double Glazed Windows, Flooring, Electricity Backup, Waste Disposal, Floors: 1",,,,,"Bedrooms: 2, Bathrooms: 2, Drawing Room, Kitchens: 1, Laundry Room",,,,
https://www.zameen.com/Property/dha_phase_5_sector_h_askari_heights_4_10_marla_3_bed_flat_for_sale_in_heights_4_dha_5-48322811-21450-1.html,Flat,PKR3.05 Crore,4,10 Marla,For Sale,3,1 day ago,"DHA Defence, Islamabad, Islamabad Capital",Newly Constructed Flat For Sale In DHA 5 Askari Heights 4 Ideal Location Best Option For Leaving Further Information Please Contact Us ESTATE INVESTMENT Office Main Cal Tex Road Rawalpindi. Registered and Authorized Dealer of Army Housing Directorate GHQ Rawalpindi And DHA Islamabad.,"Built in year: 2023, Parking Spaces: 3, Double Glazed Windows, Central Heating, Flooring, Electricity Backup, Waste Disposal, Other Main Features, Furnished","Broadband Internet Access, Satellite or Cable TV Ready, Intercom, Other Business and Communication Facilities","Community Lawn or Garden, Community Swimming Pool, Community Gym, First Aid or Medical Centre, Day Care Centre, Kids Play Area, Barbeque Area, Mosque, Community Centre, Other Community Facilities","Nearby Schools, Nearby Hospitals, Nearby Shopping Malls, Nearby Restaurants, Distance From Airport (kms), Nearby Public Transport Service, Other Nearby Places","Security Staff, Other Facilities","Bedrooms: 2, Bathrooms: 2, Servant Quarters, Drawing Room, Dining Room, Kitchens, Study Room, Prayer Room, Powder Room, Gym, Store Rooms, Lounge or Sitting Room, Laundry Room, Other Rooms","Sauna, Jacuzzi, Other Healthcare and Recreation Facilities",,,
https://www.zameen.com/Property/b_17_mpchs_-_multi_gardens_apartment_available_for_sale-53343267-3115-1.html,Flat,PKR38 Lakh,1,1.6 Marla,For Sale,1,3 days ago,"B-17, Islamabad, Islamabad Capital",B1 Markaz Islamabad Arcade 3rd Floor Builder Transfer Lift Not Available 25k Unfurnished Rental Value 40k Furnished Rental Value,"Built in year: 2025, Parking Spaces: 2, Double Glazed Windows, Central Air Conditioning, Central Heating, Flooring, Electricity Backup, Waste Disposal, Other Main Features, Furnished","Broadband Internet Access, Satellite or Cable TV Ready, Intercom, Other Business and Communication Facilities","Community Lawn or Garden, Community Swimming Pool, Community Gym, First Aid or Medical Centre, Day Care Centre, Kids Play Area, Barbeque Area, Mosque, Community Centre, Other Community Facilities","Nearby Schools, Nearby Hospitals, Nearby Shopping Malls, Nearby Restaurants, Distance From Airport (kms), Nearby Public Transport Service, Other Nearby Places","Maintenance Staff, Security Staff, Facilities for Disabled, Other Facilities","Bedrooms: 5, Bathrooms: 6, Servant Quarters: 1, Drawing Room, Dining Room, Kitchens: 2, Study Room, Prayer Room, Powder Room, Gym, Store Rooms: 1, Steam Room, Lounge or Sitting Room, Laundry Room, Other Rooms","Sauna, Jacuzzi, Other Healthcare and Recreation Facilities",,,
https://www.zameen.com/Property/dha_defence_dha_defence_phase_2_luxurious_1_kanal_house_in_dha_defence_phase_2-52363767-339-1.html,House,PKR10.5 Crore,6,1 Kanal,For Sale,6,3 hours ago,"DHA Defence, Islamabad, Islamabad Capital","Luxurious 1 Kanal House in DHA Defence Phase 2 Property Features: 6 Spacious Bedrooms with attached modern bathrooms Elegant Living & Dining Areas for entertaining guests State-of-the-Art Kitchen with high-end fittings Beautifully Landscaped Garden and lawn Ample Parking Space for multiple vehicles Proximity to Top Schools, Shopping Malls, & Restaurants Located in a Gated and Secure Community Price: Starting from PKR 10.5 Crore This property offers a blend of comfort, luxury, and convenience. Whether you're looking to move in immediately or make a long-term investment, this house is perfect for families who value quality living. Contact us today for more details or to schedule a visit! Dont miss out on this rare opportunity to own a piece of prime real estate in DHA Defence Phase 2.","Built in year: 2025, Parking Spaces: 2, Double Glazed Windows, Central Air Conditioning, Central Heating, Flooring, Electricity Backup, Waste Disposal, Floors: 2, Other Main Features, Furnished","Broadband Internet Access, Satellite or Cable TV Ready, Intercom, Other Business and Communication Facilities","Community Lawn or Garden, Community Swimming Pool, Community Gym, First Aid or Medical Centre, Day Care Centre, Kids Play Area, Barbeque Area, Mosque, Community Centre, Other Community Facilities","Nearby Schools, Nearby Hospitals, Nearby Shopping Malls, Nearby Restaurants, Distance From Airport (kms), Nearby Public Transport Service, Other Nearby Places","Maintenance Staff, Security Staff, Facilities for Disabled, Other Facilities","Bedrooms: 6, Bathrooms: 6, Servant Quarters: 2, Drawing Room, Dining Room, Kitchens: 2, Study Room, Prayer Room, Powder Room, Gym, Store Rooms: 2, Steam Room, Lounge or Sitting Room, Laundry Room, Other Rooms","Lawn or Garden, Swimming Pool, Sauna, Jacuzzi, Other Healthcare and Recreation Facilities",,,
https://www.zameen.com/Property/islamabad_park_view_city_luxury_living_prime_location_flexible_payment_plans-52158988-10933-1.html,Flat,PKR3.89 Crore,2,6.2 Marla,For Sale,2,2 days ago,"Park View City, Islamabad, Islamabad Capital","Park View City Terrace Apartments Your Dream Home Awaits! Apartment Sizes (Covered Area): 2-Bedroom Apartments: 1321 sqft | 1345 sqft | 1335 sqft | 1515 sqft | 1789 sqft 3-Bedroom Apartments: 2015 sqft | 2249 sqft | 2306 sqft Affordable Payment Plan: Price: Rs. 30,000 per sqft 25% Downpayment: Pay only 25% upfront! 2 Easy Installments: Balance payable in 2 installments over 6 months. Why Choose Park View City Terrace? Prime Location: Situated in a highly desirable area with stunning views. Modern Design: Spacious and elegantly designed apartments. Flexible Payment Plans: Affordable downpayment and easy installments. Luxury Amenities: State-of-the-art facilities for a comfortable lifestyle. Contact Us Today! Dont miss this opportunity to own your dream home! Park View City, Islamabad A place where luxury meets convenience. Hurry! Limited Units Available. Your perfect home is just a call away! Park View City Islamabad is a premium residential project offering luxurious living in a prime location. With modern amenities, stunning views, and a serene environment, its the perfect place to call home","Built in year, Parking Spaces, Lobby in Building, Double Glazed Windows, Central Air Conditioning, Central Heating, Flooring, Electricity Backup, Waste Disposal, Floor, Floors in Building, Elevators, Service Elevators in Building, Other Main Features, Furnished","Broadband Internet Access, Satellite or Cable TV Ready, Business Center or Media Room in Building, Conference Room in Building, Intercom, ATM Machines, Other Business and Communication Facilities","Community Lawn or Garden, Community Swimming Pool, Community Gym, First Aid or Medical Centre, Day Care Centre, Kids Play Area, Barbeque Area, Mosque, Community Centre, Other Community Facilities","Nearby Schools, Nearby Hospitals, Nearby Shopping Malls, Nearby Restaurants, Distance From Airport (kms), Nearby Public Transport Service, Other Nearby Places","Maintenance Staff, Security Staff, Laundry or Dry Cleaning Facility, Communal/Shared Kitchen, Facilities for Disabled, Pets Not Allowed, Other Facilities","Bedrooms, Bathrooms, Servant Quarters, Drawing Room, Dining Room, Kitchens, Study Room, Prayer Room, Powder Room, Gym, Store Rooms, Steam Room, Lounge or Sitting Room, Laundry Room, Other Rooms","Sauna, Jacuzzi, Other Healthcare and Recreation Facilities",,,
https://www.zameen.com/Property/dha_defence_phase_2_goldcrest_views_two_bedroom_flat_for_sale_in_goldcrest_views_1_tower_d_near_giga_mall_world_trade_center_dha-2_islamabad-53332331-18358-1.html,Flat,PKR2.68 Crore,2,6.8 Marla,For Sale,2,4 weeks ago,"DHA Defence, Islamabad, Islamabad Capital","Goldcrest Views Is A Luxury Project Of Giga Group In DHA Phase 2 Islamabad Having World Class Amenities On Rooftop As Well As On Podium. Fastest Construction Work In Progress On Site Goldcrest Views-1 Tower D Two Bedroom Apartment Floor 9th Size 1532 sq. ft *Total price 26,810,000/-* *Upfront payment 13,000,000/-* Quarterly Installment = 1,096,000/- Possession end of 2027 *Model Apartment Can Be Visited At Giga Mall World Trade Center. *Margalla Facing Apartment. *Avail This Opportunity Before Its Too Late. Goldcrest Views Is Located At The Prime Address Of Downtown Giga. It Is A Centrally Connected Place On The Main G. T. Road. It S A Place Where The Best Health And Education Facilities Are Always Available. Plus, The Biggest Shopping Mall In Islamabad Giga Mall, And The Unique D-Mall Is Just A Walking Distance Away. Moreover, Its Strategic Location Is Easily Accessible From Rawalpindi As Well As Islamabad. This Is Because It Is Located In The Heart Of Twin Cities. *Goldcrest Views Islamabad Features* The Facilities Available To Each And Every Home Owner In Goldcrest Views Start From The Podium Level And Reach The Sky. So, Each And Every Home Owner Will Have Exclusive Access To Their Own Roof Top Facilities, With Expansive Views Of Margalla Hills. Some Of The Unmatchable Facilities Provided By This Project Are: *Rooftop Amenities* Swimming Pool, Children Play Areas, Juice Bar/Relaxation Lounge, Health Club, Gymnasium, Sauna/Steam Room, Shower Areas, Seating Area &Amp;Amp; Garden. *Podium Level* Mosque, Children Play Areas, Barbeque Area, Jogging/Walking Track, Water Bodies &Amp;Amp; Fountains, Daycare Center, Indoor Sports, Bakery/Library/Tuck Shop *Standard Features* Studio, 1, 2, 3, 4-Bed Luxury Apartments &Amp; Amp; Penthouses, Community Center, Power Backup, Covered Car Parking, 24-Hours CCTV Security And Surveillance, Fully Furnished Apartments (Optional), Prime Location Of DHA 2 Islamabad. For More Information Contact Please On Above Written Cell No.","Built in year: 2027, Parking Spaces: 1, Lobby in Building, Double Glazed Windows, Central Air Conditioning, Central Heating, Flooring, Electricity Backup, Waste Disposal, Floor: 9, Floors in Building: 40, Elevators: 5, Service Elevators in Building, Other Main Features, Furnished","Broadband Internet Access, Satellite or Cable TV Ready, Business Center or Media Room in Building, Conference Room in Building, Intercom, ATM Machines, Other Business and Communication Facilities","Community Lawn or Garden, Community Swimming Pool, Community Gym, First Aid or Medical Centre, Day Care Centre, Kids Play Area, Barbeque Area, Mosque, Community Centre, Other Community Facilities","Nearby Schools, Nearby Hospitals, Nearby Shopping Malls, Nearby Restaurants, Distance From Airport (kms), Nearby Public Transport Service, Other Nearby Places","Maintenance Staff, Security Staff, Laundry or Dry Cleaning Facility, Communal/Shared Kitchen, Facilities for Disabled, Pets Allowed, Other Facilities","Bedrooms: 2, Bathrooms: 2, Servant Quarters, Drawing Room, Dining Room, Kitchens: 1, Study Room, Prayer Room, Powder Room, Gym, Store Rooms, Steam Room, Lounge or Sitting Room, Laundry Room, Other Rooms","Sauna, Jacuzzi, Other Healthcare and Recreation Facilities",,,
https://www.zameen.com/Property/dha_defence_phase_2_goldcrest_views_three_bedroom_flat_for_sale_in_goldcrest_views_1_tower_b_near_giga_mall_world_trade_center_dha-2_islamabad-53332362-18358-1.html,Flat,PKR2.94 Crore,3,7.3 Marla,For Sale,3,4 weeks ago,"DHA Defence, Islamabad, Islamabad Capital","Goldcrest Views Is A Luxury Project Of Giga Group In DHA Phase 2 Islamabad Having World Class Amenities On Rooftop As Well As On Podium. Fastest Construction Work In Progress On Site Goldcrest Views-1 Tower B Three Bedroom Apartment Floor 24th Size 1635 sq. ft *Total price 29,430,000/-* *Upfront payment 17,700,000/-* Possession end of 2027 *Model Apartment Can Be Visited At Giga Mall World Trade Center. *Margalla Facing Apartment. *Avail This Opportunity Before Its Too Late. Goldcrest Views Is Located At The Prime Address Of Downtown Giga. It Is A Centrally Connected Place On The Main G. T. Road. It S A Place Where The Best Health And Education Facilities Are Always Available. Plus, The Biggest Shopping Mall In Islamabad Giga Mall, And The Unique D-Mall Is Just A Walking Distance Away. Moreover, Its Strategic Location Is Easily Accessible From Rawalpindi As Well As Islamabad. This Is Because It Is Located In The Heart Of Twin Cities. *Goldcrest Views Islamabad Features* The Facilities Available To Each And Every Home Owner In Goldcrest Views Start From The Podium Level And Reach The Sky. So, Each And Every Home Owner Will Have Exclusive Access To Their Own Roof Top Facilities, With Expansive Views Of Margalla Hills. Some Of The Unmatchable Facilities Provided By This Project Are: *Rooftop Amenities* Swimming Pool, Children Play Areas, Juice Bar/Relaxation Lounge, Health Club, Gymnasium, Sauna/Steam Room, Shower Areas, Seating Area &Amp;Amp; Garden. *Podium Level* Mosque, Children Play Areas, Barbeque Area, Jogging/Walking Track, Water Bodies &Amp;Amp; Fountains, Daycare Center, Indoor Sports, Bakery/Library/Tuck Shop *Standard Features* Studio, 1, 2, 3, 4-Bed Luxury Apartments &Amp; Amp; Penthouses, Community Center, Power Backup, Covered Car Parking, 24-Hours CCTV Security And Surveillance, Fully Furnished Apartments (Optional), Prime Location Of DHA 2 Islamabad. For More Information Contact Please On Above Written Cell No.","Built in year: 2027, Parking Spaces: 1, Lobby in Building, Double Glazed Windows, Central Air Conditioning, Central Heating, Flooring, Electricity Backup, Waste Disposal, Floor: 24, Floors in Building: 40, Elevators: 5, Service Elevators in Building, Other Main Features, Furnished","Broadband Internet Access, Satellite or Cable TV Ready, Business Center or Media Room in Building, Conference Room in Building, Intercom, ATM Machines, Other Business and Communication Facilities","Community Lawn or Garden, Community Swimming Pool, Community Gym, First Aid or Medical Centre, Day Care Centre, Kids Play Area, Barbeque Area, Mosque, Community Centre, Other Community Facilities","Nearby Schools, Nearby Hospitals, Nearby Shopping Malls, Nearby Restaurants, Distance From Airport (kms), Nearby Public Transport Service, Other Nearby Places","Maintenance Staff, Security Staff, Laundry or Dry Cleaning Facility, Communal/Shared Kitchen, Facilities for Disabled, Pets Allowed, Other Facilities","Bedrooms: 3, Bathrooms: 3, Servant Quarters: 1, Drawing Room, Dining Room, Kitchens: 1, Study Room, Prayer Room, Powder Room, Gym, Store Rooms: 2, Steam Room, Lounge or Sitting Room, Laundry Room, Other Rooms","Sauna, Jacuzzi, Other Healthcare and Recreation Facilities",,,
https://www.zameen.com/Property/dha_defence_dha_defence_phase_2_two_bedroom_flat_for_sale_in_goldcrest_views_1_tower_d_near_giga_mall_world_trade_center_dha-2_islamabad-53332385-339-1.html,Flat,PKR2.68 Crore,2,6.8 Marla,For Sale,2,4 weeks ago,"DHA Defence, Islamabad, Islamabad Capital","Goldcrest Views Is A Luxury Project Of Giga Group In DHA Phase 2 Islamabad Having World Class Amenities On Rooftop As Well As On Podium. Fastest Construction Work In Progress On Site Goldcrest Views-1 Tower D Two Bedroom Apartment Floor 9th Size 1532 sq. ft *Total price 26,810,000/-* *Upfront payment 13,000,000/-* Quarterly Installment = 1,096,000/- Possession end of 2027 *Model Apartment Can Be Visited At Giga Mall World Trade Center. *Margalla Facing Apartment. *Avail This Opportunity Before Its Too Late. Goldcrest Views Is Located At The Prime Address Of Downtown Giga. It Is A Centrally Connected Place On The Main G. T. Road. It S A Place Where The Best Health And Education Facilities Are Always Available. Plus, The Biggest Shopping Mall In Islamabad Giga Mall, And The Unique D-Mall Is Just A Walking Distance Away. Moreover, Its Strategic Location Is Easily Accessible From Rawalpindi As Well As Islamabad. This Is Because It Is Located In The Heart Of Twin Cities. *Goldcrest Views Islamabad Features* The Facilities Available To Each And Every Home Owner In Goldcrest Views Start From The Podium Level And Reach The Sky. So, Each And Every Home Owner Will Have Exclusive Access To Their Own Roof Top Facilities, With Expansive Views Of Margalla Hills. Some Of The Unmatchable Facilities Provided By This Project Are: *Rooftop Amenities* Swimming Pool, Children Play Areas, Juice Bar/Relaxation Lounge, Health Club, Gymnasium, Sauna/Steam Room, Shower Areas, Seating Area &Amp;Amp; Garden. *Podium Level* Mosque, Children Play Areas, Barbeque Area, Jogging/Walking Track, Water Bodies &Amp;Amp; Fountains, Daycare Center, Indoor Sports, Bakery/Library/Tuck Shop *Standard Features* Studio, 1, 2, 3, 4-Bed Luxury Apartments &Amp; Amp; Penthouses, Community Center, Power Backup, Covered Car Parking, 24-Hours CCTV Security And Surveillance, Fully Furnished Apartments (Optional), Prime Location Of DHA 2 Islamabad. For More Information Contact Please On Above Written Cell No.","Built in year: 2027, Parking Spaces: 1, Lobby in Building, Double Glazed Windows, Central Air Conditioning, Central Heating, Flooring, Electricity Backup, Waste Disposal, Floor: 9, Floors in Building: 40, Elevators: 5, Service Elevators in Building, Other Main Features, Furnished","Broadband Internet Access, Satellite or Cable TV Ready, Business Center or Media Room in Building, Conference Room in Building, Intercom, ATM Machines, Other Business and Communication Facilities","Community Lawn or Garden, Community Swimming Pool, Community Gym, First Aid or Medical Centre, Day Care Centre, Kids Play Area, Barbeque Area, Mosque, Community Centre, Other Community Facilities","Nearby Schools, Nearby Hospitals, Nearby Shopping Malls, Nearby Restaurants, Distance From Airport (kms), Nearby Public Transport Service, Other Nearby Places","Maintenance Staff, Security Staff, Laundry or Dry Cleaning Facility, Communal/Shared Kitchen, Facilities for Disabled, Pets Allowed, Other Facilities","Bedrooms: 2, Bathrooms: 2, Servant Quarters: 1, Drawing Room, Dining Room, Kitchens: 1, Study Room, Prayer Room, Powder Room, Gym, Store Rooms: 1, Steam Room, Lounge or Sitting Room, Laundry Room, Other Rooms","Sauna, Jacuzzi, Other Healthcare and Recreation Facilities",,,
https://www.zameen.com/Property/soan_garden_soan_garden_-_block_h_10_marla_elegant_brand-new_double_unit_house_for_sale_in_soan_garden_isb-50431304-3498-1.html,House,PKR4.2 Crore,6,10 Marla,For Sale,6,3 days ago,"Soan Garden, Islamabad, Islamabad Capital","Prime Location House, 10 Marla 35x65ft For sale in SOAN GARDEN, Islamabad Pakistan Accommodations: - 6 Bed - 6 Bath - Drawing and Dining - 2 x Kitchen - 2 x TV lounges - Inner terrace - 2 Car Parking Garage Space - Classical Style house - Designer House - Inner terrace","Built in year: 2024, Parking Spaces: 1, Double Glazed Windows, Central Air Conditioning, Central Heating, Flooring, Electricity Backup, Waste Disposal, Floors: 1, Other Main Features",Broadband Internet Access,"Community Lawn or Garden, Kids Play Area, Barbeque Area, Mosque","Nearby Schools, Nearby Hospitals, Nearby Shopping Malls, Nearby Restaurants, Distance From Airport (kms), Nearby Public Transport Service, Other Nearby Places","Maintenance Staff, Security Staff, Other Facilities","Bedrooms: 6, Bathrooms: 6, Servant Quarters: 1, Drawing Room, Dining Room, Kitchens: 2, Study Room, Prayer Room, Powder Room, Gym, Store Rooms: 2, Steam Room, Lounge or Sitting Room, Laundry Room",Lawn or Garden,,,
https://www.zameen.com/Property/islamabad_park_view_city_booked_dream_bungalow_on_installment_in_park_view_project_islamabad-51081085-10933-1.html,House,PKR2.3 Crore,5,5 Marla,For Sale,4,2 weeks ago,"Park View City, Islamabad, Islamabad Capital","Dream Bungalow in Park View Project, Islamabad Now Available on Easy Installments! 5-Marla Bungalows 10-Marla Bungalows 4-Bedroom 6- Months up to 1.5 Years Installment Down Payment 20% Percent ------------- 5-Marla Plots 10-Marla Plots 1-Kanal Plots 2-Kanal Plots Commercial Plots on Installment Basis ------------------------------- Embrace the luxury of living in a beautifully designed bungalow situated in the prestigious Park View Project, Islamabad. This exclusive offering allows you to own a home in one of the city's most sought-after locations without the immediate financial burden. Key Features: Modern Architecture: Elegant and contemporary design with attention to detail. Spacious Living: Generous floor plans, offering ample space for your family. Prime Location: Nestled in a serene and secure environment, with easy access to all major areas of Islamabad. Flexible Payment Plans: Convenient installment options tailored to suit your financial needs. High-Quality Finishes: Premium fittings and fixtures that add a touch of luxury to every corner. Secure your future in a home that promises comfort, style, and peace of mind. Contact us today to learn more about the payment plans and to schedule a visit!","Built in year, Parking Spaces, Double Glazed Windows, Central Air Conditioning, Central Heating, Flooring, Electricity Backup, Waste Disposal, Floors, Other Main Features, Furnished","Broadband Internet Access, Satellite or Cable TV Ready, Intercom, Other Business and Communication Facilities","Community Lawn or Garden, Community Swimming Pool, Community Gym, First Aid or Medical Centre, Day Care Centre, Kids Play Area, Barbeque Area, Mosque, Community Centre, Other Community Facilities","Nearby Schools, Nearby Hospitals, Nearby Shopping Malls, Nearby Restaurants, Distance From Airport (kms), Nearby Public Transport Service, Other Nearby Places","Maintenance Staff, Security Staff, Facilities for Disabled, Other Facilities","Bedrooms, Bathrooms, Servant Quarters, Drawing Room, Dining Room, Kitchens, Study Room, Prayer Room, Powder Room, Gym, Store Rooms, Steam Room, Lounge or Sitting Room, Laundry Room, Other Rooms","Lawn or Garden, Swimming Pool, Sauna, Jacuzzi, Other Healthcare and Recreation Facilities",,,
https://www.zameen.com/Property/islamabad_park_view_city_experience_luxury_convenience_with_smart_home_technology-52367968-10933-1.html,House,PKR3.5 Crore,-,5 Marla,For Sale,4,2 weeks ago,"Park View City, Islamabad, Islamabad Capital","Park View Smart Villas The Future of Luxury Living in Islamabad! Introducing Fully Automated Smart Villas with State-of-the-Art Features & Easy 1-Year Installment Plan! Prime Location: Park View City, Islamabad Villa Size: 5 Marla Price: PKR 3.50 Crore Down Payment 25% Percent Possession on 50% Percent Payment 6 Quarterly Installment Completion time 1.5 Years Park View Smart Villas Luxury Modern Interiors High-end finishing & designer fittings Spacious Layouts Perfect for families, featuring elegant living spaces 24/7 Gated Security Safe & secure environment for peace of mind Dedicated Parking & Lush Greenery Enjoy a premium lifestyle Ideal for Investment & Living High demand & excellent future returns Limited Units Available! Dont miss this chance to own a smart luxury home in Islamabad.","Built in year, Parking Spaces, Double Glazed Windows, Central Air Conditioning, Central Heating, Flooring, Electricity Backup, Waste Disposal, Floors, Other Main Features, Furnished","Broadband Internet Access, Satellite or Cable TV Ready, Intercom, Other Business and Communication Facilities","Community Lawn or Garden, Community Swimming Pool, Community Gym, First Aid or Medical Centre, Day Care Centre, Kids Play Area, Barbeque Area, Mosque, Community Centre, Other Community Facilities","Nearby Schools, Nearby Hospitals, Nearby Shopping Malls, Nearby Restaurants, Distance From Airport (kms), Nearby Public Transport Service, Other Nearby Places","Maintenance Staff, Security Staff, Facilities for Disabled, Other Facilities","Bedrooms, Bathrooms, Servant Quarters, Drawing Room, Dining Room, Kitchens, Study Room, Prayer Room, Powder Room, Gym, Store Rooms, Steam Room, Lounge or Sitting Room, Laundry Room, Other Rooms","Lawn or Garden, Swimming Pool, Sauna, Jacuzzi, Other Healthcare and Recreation Facilities",,,
https://www.zameen.com/Property/naval_anchorage_naval_anchorage_-_block_j_modern_1-kanal_home_in_islamabad_prime_location_high_potential-53123882-9160-1.html,House,PKR8.5 Crore,7,1 Kanal,For Sale,6,3 days ago,"Naval Anchorage, Islamabad, Islamabad Capital","For Sale 1-Kanal Brand New House in Naval Anchorage Looking for a spacious home for two families? This modern Ground + 1 House is the perfect choice! Property Details: 6 Bedrooms (3 on each floor) Servant Room with Attached Bath Wide Parking Space for 4 Cars Elegant Tiled Flooring Solid Construction with Complete Boundary Wall Location & Community Benefits: Situated in Naval Anchorage, one of Islamabads most secure and green societies Close to Main Market, Masjid & Daily Necessities Easy Approach to Main Islamabad Expressway Calm & Peaceful Neighborhood with High Future Potential Perfect Option for Comfortable Family Living or a Secure Investment","Built in year, Parking Spaces, Double Glazed Windows, Central Air Conditioning, Central Heating, Flooring, Electricity Backup, Waste Disposal, Floors, Other Main Features, Furnished","Broadband Internet Access, Satellite or Cable TV Ready, Intercom, Other Business and Communication Facilities","Community Lawn or Garden, Community Swimming Pool, Community Gym, First Aid or Medical Centre, Day Care Centre, Kids Play Area, Barbeque Area, Mosque, Community Centre, Other Community Facilities","Nearby Schools, Nearby Hospitals, Nearby Shopping Malls, Nearby Restaurants, Distance From Airport (kms), Nearby Public Transport Service, Other Nearby Places","Maintenance Staff, Security Staff, Facilities for Disabled, Other Facilities","Bedrooms: 6, Bathrooms: 7, Servant Quarters: 1, Drawing Room, Dining Room, Kitchens: 2, Study Room, Prayer Room, Powder Room, Gym, Store Rooms, Steam Room, Lounge or Sitting Room, Laundry Room, Other Rooms","Lawn or Garden, Swimming Pool, Sauna, Jacuzzi, Other Healthcare and Recreation Facilities",,,
https://www.zameen.com/Property/gulberg_gulberg_greens_brand_new_7-marla_designer_house_4-bed_2-kitchen_gulberg_green-53184524-8312-1.html,House,PKR4 Crore,5,7 Marla,For Sale,4,1 week ago,"Gulberg, Islamabad, Islamabad Capital","7-Marla Brand New Modern House for Sale Gulberg Green Islamabad Property Details: Size: 7-Marla Bedrooms: 4 Spacious Bedrooms Kitchens: 2 Modern Kitchens Washrooms: Stylish, attached & tiled Elevation: Contemporary & Beautiful Design Location: Prime Location in Gulberg Green Key Highlights: Brand new construction with modern architecture Wide open spaces with ideal surrounding Peaceful & secured environment Beautiful finishing with quality fittings Excellent natural light & ventilation 3 To 4 - Options - in Area also available Plot Choices Pictures not Original for Original Picture and visit Contact with UR Property About Gulberg Green Society: Gated & secured community Wide roads & lush green surroundings Peaceful and family-friendly atmosphere Beautiful location with easy access to main areas of Islamabad Perfect choice for living or investment in Gulberg Green.","Built in year, Parking Spaces, Double Glazed Windows, Central Air Conditioning, Central Heating, Flooring, Electricity Backup, Waste Disposal, Floors, Other Main Features, Furnished","Broadband Internet Access, Satellite or Cable TV Ready, Intercom, Other Business and Communication Facilities","Community Lawn or Garden, Community Swimming Pool, Community Gym, First Aid or Medical Centre, Day Care Centre, Kids Play Area, Barbeque Area, Mosque, Community Centre, Other Community Facilities","Nearby Schools, Nearby Hospitals, Nearby Shopping Malls, Nearby Restaurants, Distance From Airport (kms), Nearby Public Transport Service, Other Nearby Places","Maintenance Staff, Security Staff, Facilities for Disabled, Other Facilities","Bedrooms, Bathrooms, Servant Quarters, Drawing Room, Dining Room, Kitchens, Study Room, Prayer Room, Powder Room, Gym, Store Rooms, Steam Room, Lounge or Sitting Room, Laundry Room, Other Rooms","Lawn or Garden, Swimming Pool, Sauna, Jacuzzi, Other Healthcare and Recreation Facilities",,,
https://www.zameen.com/Property/gulberg_gulberg_greens_elegant_apartment_living_in_gulberg_greens_3_bedrooms_modern_facilities-53155121-8312-1.html,Flat,PKR2 Crore,3,7.8 Marla,For Sale,3,1 day ago,"Gulberg, Islamabad, Islamabad Capital","3-Bedroom Apartment for Sale Gulberg Green Islamabad Prime Location: Main Road, close to Islamabad Expressway Apartment Size: 1750 sq. ft. (Covered Area) Apartment Features: 3 Spacious Bedrooms with Attached Baths Modern Kitchen & Stylish Living Area Well-Maintained Building Easy Access to Markets, Schools & Daily Needs Gulberg Green Society Highlights: Secure & Gated Community Wide Carpeted Roads & Green Belts 24/7 Security & CCTV Surveillance Underground Electricity & Modern Infrastructure Family Parks, Masjid & Community Facilities Excellent Connectivity to Islamabad & Rawalpindi Amenities & Facilities: Basement car parking for residents. High speed lifts / elevators. Reception lobby, glossy entrance. Fire-fighting system, emergency exits. 24/7 security, surveillance. Stable water, electricity supply.","Built in year, Parking Spaces, Lobby in Building, Double Glazed Windows, Central Air Conditioning, Central Heating, Flooring, Electricity Backup, Waste Disposal, Floor, Floors in Building, Elevators, Service Elevators in Building, Other Main Features, Furnished","Broadband Internet Access, Satellite or Cable TV Ready, Business Center or Media Room in Building, Conference Room in Building, Intercom, ATM Machines, Other Business and Communication Facilities","Community Lawn or Garden, Community Swimming Pool, Community Gym, First Aid or Medical Centre, Day Care Centre, Kids Play Area, Barbeque Area, Mosque, Community Centre, Other Community Facilities","Nearby Schools, Nearby Hospitals, Nearby Shopping Malls, Nearby Restaurants, Distance From Airport (kms), Nearby Public Transport Service, Other Nearby Places","Maintenance Staff, Security Staff, Laundry or Dry Cleaning Facility, Communal/Shared Kitchen, Facilities for Disabled, Pets Allowed, Other Facilities","Bedrooms, Bathrooms, Servant Quarters, Drawing Room, Dining Room, Kitchens, Study Room, Prayer Room, Powder Room, Gym, Store Rooms, Steam Room, Lounge or Sitting Room, Laundry Room, Other Rooms","Sauna, Jacuzzi, Other Healthcare and Recreation Facilities",,,
https://www.zameen.com/Property/islamabad_g-13_4_5_marla_brand_new_house_available_for_sale_in_g13-53218491-330-1.html,House,PKR3.95 Crore,5,4 Marla,For Sale,4,3 weeks ago,"G-13, Islamabad, Islamabad Capital","*Your Dream Home Awaits in G13* Islamabad! *Description:* Step into luxury living with this stunning brand new 4 Marla house in Islamabad's sought-after sector G13! Enjoy: 3 spacious bedrooms with ample natural light 4 modern bathrooms with sleek fixtures 1 elegant drawing/dining areas perfect for entertaining 2 cozy TV lounges for relaxation 2 well-equipped kitchens with modern appliances 1 servant room with attach bathroom for added convenience Prime location near market, masjid, school, and park *Demand:* 3 Crore 95 Lacs Don't miss this opportunity to own your dream home! Contact us today!","Built in year: 2025, Parking Spaces: 1, Double Glazed Windows, Central Air Conditioning, Central Heating, Flooring, Electricity Backup, Waste Disposal, Floors: 2, Other Main Features","Broadband Internet Access, Satellite or Cable TV Ready, Intercom, Other Business and Communication Facilities","Community Lawn or Garden, Community Swimming Pool, Community Gym, First Aid or Medical Centre, Day Care Centre, Kids Play Area, Barbeque Area, Mosque, Community Centre, Other Community Facilities","Nearby Schools, Nearby Hospitals, Nearby Shopping Malls, Nearby Restaurants, Distance From Airport (kms), Nearby Public Transport Service, Other Nearby Places","Maintenance Staff, Security Staff, Facilities for Disabled, Other Facilities","Bedrooms: 4, Bathrooms: 5, Servant Quarters: 1, Drawing Room, Dining Room, Kitchens: 2, Study Room, Prayer Room, Powder Room, Gym, Store Rooms: 1, Steam Room, Lounge or Sitting Room, Laundry Room, Other Rooms","Lawn or Garden, Swimming Pool, Sauna, Jacuzzi, Other Healthcare and Recreation Facilities",,,
https://www.zameen.com/Property/dha_defence_dha_defence_phase_5_36_marla_mansion-house_with_spanish_designed_with_1_kanal_beautiful_lawn-53041858-10991-1.html,House,PKR21.9 Crore,6,1.8 Kanal,For Sale,8,13 hours ago,"DHA Defence, Islamabad, Islamabad Capital","DHA-5 Islamabad 36 marla Brand new Spanish Designer House For sale 1- Designed on modern lines,straight line architecture by Moss Architects. 2- Structure designed by Emaarsons. 3-A++ quality materials used right from the very the start till finishing. Also top of the line craftsmen were employed for each n every task in the project. 4-Fazal Steel used in the project. 5-Top of the line bricks used. 6-Pakistan Cables,Schneider Breakers,Lahore Fan Horizon model (Inverter Fans), used through out. 7-PPR (PN-20) and PVC (SDR-41) by Popular Pipes used. 8-Chawla Aluminium (Best quality) used along with 8mm tempered glass used in windows. 9-Imported tiles provided by RAK Tiles and S. Abdulla used in the entire project. No local or Chinese brand used anywhere for flooring and washrooms. 10-All the washrooms are equipped with top of the line concealed fittings. 11-Only Nippon and ICI paints products used in the entire house. 12-Top of the line only Sapele Wood provided by IHC used for wood work in the entire house. 13-Entirely solid doors,jamb frames,solid beading and solid overlap used. 14-Completely solid Sapele wood used in the staircases. 15-All the three kitchens are provided and installed by Interwood. Kitchens are equipped with Vatti Hoods,Hobs,Microwaves n Oven. 16-Full height aluminium and glass wardrobes installed in every room. Only chawla aluminium with temepred glass used. MDF and not chipboard used for Carcass. 17-Automated gate (Italian Motor installed). 18-Cctv cameras installed. 19-Every space of the house is very well designed and accurately finished keeping in view both the practicality and aesthetics. Carefully selected material used throughout.","Built in year: 2024, Parking Spaces: 8, Double Glazed Windows, Central Air Conditioning, Central Heating, Flooring, Electricity Backup, Waste Disposal, Floors: 2, Other Main Features, Furnished","Broadband Internet Access, Satellite or Cable TV Ready, Intercom, Other Business and Communication Facilities","Community Lawn or Garden, Community Swimming Pool, Community Gym, First Aid or Medical Centre, Day Care Centre, Kids Play Area, Barbeque Area, Mosque, Community Centre, Other Community Facilities","Nearby Schools, Nearby Hospitals, Nearby Shopping Malls, Nearby Restaurants, Distance From Airport (kms), Nearby Public Transport Service, Other Nearby Places","Maintenance Staff, Security Staff, Facilities for Disabled, Other Facilities","Bedrooms: 8, Bathrooms: 9, Servant Quarters: 2, Drawing Room, Dining Room, Kitchens: 2, Study Room, Prayer Room, Powder Room, Gym, Store Rooms: 2, Steam Room, Lounge or Sitting Room, Laundry Room, Other Rooms","Lawn or Garden, Swimming Pool, Sauna, Jacuzzi, Other Healthcare and Recreation Facilities",,,
https://www.zameen.com/Property/dha_defence_dha_defence_phase_5_ultra_luxurious_designer_single_unit_house_for_sale-53041856-10991-1.html,House,PKR10.5 Crore,6,1 Kanal,For Sale,5,13 hours ago,"DHA Defence, Islamabad, Islamabad Capital",DHA-5 Islamabad Ground floor: 2 bed room 1 big tv lounge 1 open kitchen 1 service kitchen 1 dining room 1 drawing room Lawn Porch 2 suvs park easily First floor 3 bedroom 1 kitchen 1 big lounge 1 laundry Terrace Roof top 2 servant rooms with washroom and servant kitchen 10 kva solar installed Green meter Gas application given not yet installed Upper portion completely new Nearest walking distance to park and mosque and future world school Nearby commercial area Dha phase 5 sector A,"Built in year: 2025, Parking Spaces: 3, Double Glazed Windows, Central Air Conditioning, Central Heating, Flooring, Electricity Backup, Waste Disposal, Floors: 3, Other Main Features, Furnished","Broadband Internet Access, Satellite or Cable TV Ready, Intercom, Other Business and Communication Facilities","Community Lawn or Garden, Community Swimming Pool, Community Gym, First Aid or Medical Centre, Day Care Centre, Kids Play Area, Barbeque Area, Mosque, Community Centre, Other Community Facilities","Nearby Schools, Nearby Hospitals, Nearby Shopping Malls, Nearby Restaurants, Distance From Airport (kms), Nearby Public Transport Service, Other Nearby Places","Maintenance Staff, Security Staff, Facilities for Disabled, Other Facilities","Bedrooms: 7, Bathrooms: 7, Servant Quarters: 2, Drawing Room, Dining Room, Kitchens: 2, Study Room, Prayer Room, Powder Room, Gym, Store Rooms: 2, Steam Room, Lounge or Sitting Room, Laundry Room, Other Rooms","Lawn or Garden, Swimming Pool, Sauna, Jacuzzi, Other Healthcare and Recreation Facilities",,,
https://www.zameen.com/Property/islamabad_f-8_liveable_house_500_sq_yards_5_bedrooms_double_storey_house_for_sale_in_f-8-53116781-166-1.html,House,PKR25 Crore,5,1 Kanal,For Sale,5,2 weeks ago,"F-8, Islamabad, Islamabad Capital","*500 Sq Yards 5-Bedroom Double Storey House for Sale in F-8 Islamabad | Ideal for Investment & Residence | Demand: Rs. 28Crore* An exceptional opportunity to own a *fully renovated*, spacious *double storey house* in the highly sought-after sector of *F-8 Islamabad*. Located on a wide 50-feet street, this property offers both luxury living and strong rental potential making it a *perfect option for investment or personal residence*. *Key Features:* - *Plot Size:* 500 Sq Yards - *5 Bedrooms* with attached modern bathrooms - *Double Storey Layout* with excellent ventilation and natural light - *Lush Green Lawn* inside beautifully landscaped - *Ample Car Parking Space* within the premises - *50 Feet Wide Front Street* ideal for easy access and visibility - *Fully Renovated* with tasteful finishes - *Servant Quarters*, storage areas, *Best Suited For:* -corporate buyers *Nearby Landmarks:* - *F-8 Markaz*, *F-9 Park*, *Centaurus Mall*, *Blue Area*","Built in year: 2020, Parking Spaces: 4, Double Glazed Windows, Central Air Conditioning, Central Heating, Flooring, Electricity Backup, Waste Disposal, Floors: 02, Other Main Features, Furnished","Broadband Internet Access, Satellite or Cable TV Ready, Intercom, Other Business and Communication Facilities","Community Lawn or Garden, Community Swimming Pool, Community Gym, First Aid or Medical Centre, Day Care Centre, Kids Play Area, Barbeque Area, Mosque, Community Centre, Other Community Facilities","Nearby Schools, Nearby Hospitals, Nearby Shopping Malls, Nearby Restaurants, Distance From Airport (kms), Nearby Public Transport Service, Other Nearby Places","Maintenance Staff, Security Staff, Facilities for Disabled, Other Facilities","Bedrooms: 05, Bathrooms: 05, Servant Quarters: 01, Drawing Room, Dining Room, Kitchens: 01, Study Room, Prayer Room, Powder Room, Gym, Store Rooms: 01, Steam Room, Lounge or Sitting Room, Laundry Room, Other Rooms","Lawn or Garden, Swimming Pool, Sauna, Jacuzzi, Other Healthcare and Recreation Facilities",,,
https://www.zameen.com/Property/gulberg_residencia_gulberg_residencia_-_block_a_introducing_an_exquisite_1_kanal_corner_house_with_state-of-the-art_amenities-53273771-9112-1.html,House,PKR12 Crore,6,1 Kanal,For Sale,6,2 days ago,"Gulberg, Islamabad, Islamabad Capital","This is a rare opportunity to acquire a brand-new, impeccably designed 1 Kanal corner house in the most sought-after sector of Gulberg Residencia, Block A. Built to the highest standards, this residence blends luxury with self-sustaining modern technology, promising a lifestyle of comfort, elegance, and low-cost living. Key Features That Make This Property Stand Out: 1 Kanal Corner Plot: Enjoy unparalleled privacy, abundant natural light, and a majestic presence on a prime, double-exposure corner lot. Massive 6 Bedrooms: Perfectly suited for large families or those who desire ample space for guests and staff. Dual Kitchens: Featuring two fully equipped, top-of-the-line kitchen sideal for entertaining and large-scale family cooking. 2 Drawing & Dining Rooms: Multiple, spacious formal and informal areas for seamless hosting and daily family life. 4-Car Dedicated Parking: Generous on-property space to secure and protect multiple vehicles. 10 KV Solar System: Embrace a sustainable, power-independent lifestyle! Dramatically reduce or eliminate your electricity bills with this high-capacity, future-proof feature. Location & Investment Potential: Located in Gulberg Residencia - Block A, this house benefits from one of the most developed and prime locations in the entire society, ensuring high appreciation potential and immediate access to all amenities. All dues are typically clear in this established area, making for a smooth and secure transaction. This property is an ideal choice for the tasteful connoisseur who demands the absolute best in design, technology, and location. Demand: PKR 12 Crore (120,000,000) Don't miss the chance to own this architectural masterpiece! Contact us today for a private viewing.","Built in year, Parking Spaces, Double Glazed Windows, Central Air Conditioning, Central Heating, Flooring, Electricity Backup, Waste Disposal, Floors: 2, Other Main Features, Furnished","Broadband Internet Access, Satellite or Cable TV Ready, Intercom, Other Business and Communication Facilities","Community Lawn or Garden, Community Swimming Pool, Community Gym, First Aid or Medical Centre, Day Care Centre, Kids Play Area, Barbeque Area, Mosque, Community Centre, Other Community Facilities","Nearby Schools, Nearby Hospitals, Nearby Shopping Malls, Nearby Restaurants, Distance From Airport (kms), Nearby Public Transport Service, Other Nearby Places","Maintenance Staff, Security Staff, Facilities for Disabled, Other Facilities","Bedrooms, Bathrooms, Servant Quarters, Drawing Room, Dining Room, Kitchens: 2, Study Room, Prayer Room, Powder Room, Gym, Store Rooms, Steam Room, Lounge or Sitting Room, Laundry Room, Other Rooms","Lawn or Garden, Swimming Pool, Sauna, Jacuzzi, Other Healthcare and Recreation Facilities",,,
https://www.zameen.com/Property/islamabad_top_city_1_10_marla_brand_new_house_for_sale_in_top_city_d_block_good_location-53332215-1383-1.html,House,PKR3.8 Crore,6,10 Marla,For Sale,6,1 week ago,"Top City 1, Islamabad, Islamabad Capital","10 Marla House for Sale in TopCity-1 Islamabad Beautiful 10 Marla house available for sale in TopCity-1 Islamabad. Located near park, school, masjid, and commercial market ideal for families. Society Features: Water supply, sewerage, and street lights available Wide carpeted roads and clean environment Peaceful and fully developed area Prime Location: Only 3 minutes drive to Islamabad International Airport Only 2 minutes drive to Metro Bus Station Perfect opportunity for investment or comfortable living in a well-developed society.","Built in year: 2025, Parking Spaces: 2, Double Glazed Windows, Central Air Conditioning, Central Heating, Flooring, Electricity Backup, Waste Disposal, Floors: 2, Other Main Features","Broadband Internet Access, Satellite or Cable TV Ready, Intercom, Other Business and Communication Facilities","Community Lawn or Garden, Community Swimming Pool, Community Gym, First Aid or Medical Centre, Day Care Centre, Kids Play Area, Barbeque Area, Mosque, Community Centre, Other Community Facilities","Nearby Schools, Nearby Hospitals, Nearby Shopping Malls, Nearby Restaurants, Distance From Airport (kms), Nearby Public Transport Service, Other Nearby Places","Maintenance Staff, Security Staff, Facilities for Disabled, Other Facilities","Bedrooms: 4, Bathrooms: 5, Servant Quarters: 1, Drawing Room, Dining Room, Kitchens: 2, Study Room, Prayer Room, Powder Room, Store Rooms: 1, Lounge or Sitting Room, Laundry Room, Other Rooms","Lawn or Garden, Swimming Pool, Sauna, Jacuzzi, Other Healthcare and Recreation Facilities",,,
https://www.zameen.com/Property/dha_defence_dha_defence_phase_2_owner_built_one_kanal_house_available_for_sale-53329719-339-1.html,House,PKR12.45 Crore,6,1 Kanal,For Sale,5,3 days ago,"DHA Defence, Islamabad, Islamabad Capital","Personally supervised by the owner, this impeccably constructed double-height house is located near Gate-2, offering convenient access to shops, amenities and a fully developed sector A. Every stage of construction was overseen with meticulous attention to detail, using only handpicked A+ grade materials to ensure lasting durability, superior performance and refined aesthetics. The home combines elegance with functionality. The property has been lightly used, with one portion remaining completely untouched since completion, making it ideal for buyers seeking a ready-to-move-in premium residence. This owner-built home is perfect for those with a refined aesthetic sense who value quality craftsmanship and thoughtful design. Direct contact with the owner ensures a transparent and seamless buying experience. Modern Elevation, 5 Bedrooms, D/D, 6 bathrooms, 2 Lounge, 2 Kitchens, 2 Servants, 3 stores, 3 cars spaces in garage, lawn, courtyard, BBQ space & Breakfast Nook area. Premium Construction Materials & Features: Structural Materials: Robust construction of Etihad Steel and high-quality Peshawari bricks. Cement & Finishes: Bestway Cement; premium ICI and Berger paints for interiors and exteriors. Electrical System: Pakistan Cables with Schneider and Hager breakers ensuring reliable power distribution. Plumbing: High-quality PPR (Kalde Turkey) and PVC (Popular) piping. Windows: Full-height Deceuninck (Belgium) UPVC frames with double-glazed tempered Ghani glass. Hardware & Fixtures: Swedish hardware and Porta/Faisal concealed bathroom fittings and faucets. Flooring: Premium tiles from Kale (Turkey), French and Master brands; Turkish tiles also used for the facade and no Chinese tiles. Woodwork: Solid Ash Wood doors: Mahogany elegant staircases in premium wood. Kitchen: Fully equipped with Vatti hoods, hobs, built-in microwave and oven. Additional Benefits: 10 KW Solar System 06 Inverter Air Conditioners Elegant, high-quality double curtains adorning all windows throughout the house. Additional Features: CCTV surveillance system installed Complete termite treatment and waterproofing DHA Completion Certificate confirming full compliance with all regulations","Parking Spaces: 3, Double Glazed Windows, Flooring, Electricity Backup, Other Main Features","Broadband Internet Access, Satellite or Cable TV Ready, Intercom, Other Business and Communication Facilities","Community Lawn or Garden, Community Swimming Pool, Community Gym, First Aid or Medical Centre, Kids Play Area, Barbeque Area, Mosque, Community Centre, Other Community Facilities","Nearby Schools, Nearby Hospitals, Nearby Shopping Malls, Nearby Restaurants, Distance From Airport (kms), Nearby Public Transport Service, Other Nearby Places","Maintenance Staff, Security Staff, Facilities for Disabled, Other Facilities","Bedrooms: 5, Bathrooms: 6, Servant Quarters: 2, Drawing Room, Dining Room, Kitchens: 2, Powder Room, Store Rooms: 3, Lounge or Sitting Room, Laundry Room","Sauna, Jacuzzi, Other Healthcare and Recreation Facilities",,,
https://www.zameen.com/Property/islamabad_faisal_town_-_f-18_luxury_2_bed_apartment_in_faisal_hight_faisal_town_phase_1_one_of_the_most_important_location_of_the_islamabad_discounted_booking_price_38_5_lakh-53322617-8260-1.html,Flat,PKR1.56 Crore,3,5.4 Marla,For Sale,2,31 minutes ago,"Faisal Town - F-18, Islamabad, Islamabad Capital","For Discounted Price please call. Faisal Heights is a mid-rise apartment development in Faisal Town, a project of Zedem International. It is within easy access to major locations, just a few minutes away from the Kashmir Highway and Islamabad Airport. The Faisal Heights project offers a selection of 1, 2 & 3 bedroom apartments with larger layouts, contemporary design, and easy installment options. This is a safe, NOC-approved investment opportunity with a legally documented title, steady development, and clear possession. The housing society is fully approved and part of a modern, actively developing residential area. Faisal Height Two Bed Apartment From 1,210 SQ. FT - 1,905 SQ. FT Rate: 1,2950 Per SQ. FT Faisal Heights Developers & Owners Faisal Heights Islamabad apartments project, is a mid-rise apartment scheme in the Faisal Town Phase 1 and developed by Zedem International, which is owned by Chaudhary Abdul Majeed. Located conveniently off the Kashmir Highway and a few minutes from Islamabad International Airport, the location is linked to the central locations of the twin cities. Faisal Heights Layout Plan The Faisal Heights project has large 1, 2, and 3 bedroom apartments that have contemporary designs, natural ventilation of the apartment and quality fittings. Faisal Heights is the building where construction is advanced and the model apartments are opened to be viewed to attract the continuous interest of families and investors.","Built in year: 2029, Parking Spaces: 1, Lobby in Building, Flooring, Electricity Backup, Floor, Floors in Building: 19, Elevators, Other Main Features","Broadband Internet Access, Conference Room in Building, Intercom, ATM Machines, Other Business and Communication Facilities","Community Lawn or Garden, Community Swimming Pool, Community Gym, First Aid or Medical Centre, Day Care Centre, Kids Play Area, Barbeque Area, Mosque, Community Centre","Nearby Schools, Nearby Hospitals, Nearby Shopping Malls, Nearby Restaurants, Distance From Airport (kms), Nearby Public Transport Service, Other Nearby Places",Security Staff,"Bedrooms: 2, Bathrooms: 3, Drawing Room, Dining Room, Kitchens: 1, Study Room, Store Rooms: 1",Other Healthcare and Recreation Facilities,PKR38.5 Lakh,PKR1.57 Lakh,75 Months
https://www.zameen.com/Property/b_17_mpchs_-_multi_gardens_8_marla_corner_designer_modern_house_in_fmc_b_17-53254954-3115-1.html,House,PKR4.3 Crore,6,8 Marla,For Sale,6,6 days ago,"B-17, Islamabad, Islamabad Capital","8 marla Corner Brand New Designer modern double Unite house. A beautifull corner designer modern double unit house is available in FMC,Multi Garden B 17 Islamabad. construction is High quality Material and a Modern layout. Vesio of all construction day ist to end have a available. 6 spacious Bed room with atached baths. 2 Modern TV Lounge with Media wall. 1 Elegant Drawing Room. 2 Stylish Big kitchen with Quality fitiing. 2 Car parking car porch with beautifull Ramp. Total 7 baths. Near to Main Double Road. Very near to Park and Ground. Very near to Market and Musjad. water pump Unlimted water. 2 water tank. Elctric metter. Feel free to contact for more i formation and construction level.","Built in year, Parking Spaces, Double Glazed Windows, Central Air Conditioning, Central Heating, Flooring, Electricity Backup, Waste Disposal, Other Main Features","Broadband Internet Access, Satellite or Cable TV Ready","Community Lawn or Garden, Community Swimming Pool, Community Gym, First Aid or Medical Centre, Day Care Centre, Kids Play Area, Barbeque Area, Mosque, Community Centre","Nearby Schools, Nearby Hospitals, Nearby Shopping Malls, Nearby Restaurants, Distance From Airport (kms), Nearby Public Transport Service, Other Nearby Places","Maintenance Staff, Security Staff, Facilities for Disabled, Other Facilities","Bedrooms: 5, Bathrooms: 6, Servant Quarters: 2, Drawing Room, Dining Room, Kitchens: 2, Study Room, Prayer Room, Powder Room, Gym, Store Rooms: 1, Steam Room, Lounge or Sitting Room, Laundry Room, Other Rooms","Lawn or Garden, Sauna",,,
https://www.zameen.com/Property/islamabad_f-8_livable_house_is_for_sale_in_f-8_islamabad-52651603-166-1.html,House,PKR30 Crore,6,1.2 Kanal,For Sale,5,3 days ago,"F-8, Islamabad, Islamabad Capital","Chohan HAY Estate Offers: - Livable House - Drawing Dining and TV Lounge - Kitchen - Lawn - Servant Quarters - Parking Space - Dream Location - Investor Rate - Dont Waste Your Time, Just Grab this Fantastic Opportunity For more information and additional options, kindly contact at mentioned numbers or visit CHOHAN HAY ESTATE","Parking Spaces, Double Glazed Windows, Waste Disposal, Floors","Broadband Internet Access, Satellite or Cable TV Ready, Intercom",,"Nearby Schools, Nearby Hospitals, Nearby Shopping Malls, Nearby Restaurants, Distance From Airport (kms), Nearby Public Transport Service, Other Nearby Places",,"Bedrooms, Bathrooms, Servant Quarters, Drawing Room, Dining Room, Kitchens, Study Room, Prayer Room, Powder Room, Gym, Store Rooms, Steam Room, Lounge or Sitting Room, Laundry Room","Lawn or Garden, Sauna",,,
https://www.zameen.com/Property/dha_defence_dha_defence_phase_2_40_marla_semi_furnished_luxurious_brand_new_house_for_sale-52989333-339-1.html,House,PKR12.5 Crore,7,2 Kanal,For Sale,5,1 week ago,"DHA Defence, Islamabad, Islamabad Capital","Don't Wait! Contact us today to schedule a viewing and make this incredible Property as yours! All Our Property Listings Are Direct From Owners. . We Provide Best Investment Advice To Our Esteemed Clients, With The Current Market Trends, Analysis, Research And Benchmarks. Please Call or Whats-app For Buying Profitable Property. Price: 110 Million Pkr Approximately *Key Features:* -1 Kanal Plot and 1 Kanal Construction of House - 5 Spacious Bedrooms, each with an attached washroom for ultimate privacy - Elegant Drawing room for entertaining guests - 1 Powder washroom - 2 Futile Company Kitchens Along With Chefs Kitchen - 2 Spacious Car Parking Garage, Ensuring secure and Ample parking - Full Height wardrobes with imported fixtures - Cozy servant quarter complete with all necessities - Fire Alarm, CCTV Cameras are also installed *Additional Highlights:* - 24/7 DHA Security, Secure and gated community - Expansive open terrace, ideal for soaking up sunlight and enjoying breathtaking views - Bright and airy interiors, flooded with natural light - High-quality finishes and fittings throughout - Prime location, close to all amenities and services - A true gem for those seeking comfort, style, and functionality! Close Proximity to Schools, Hospitals, All Banks Hub, and Shopping Centers Mosque Community Parks Food Courts Gold Class Theatre Easy access to main roads Investors Alert! This property is also a smart investment option, as the area is in high demand and appreciating rapidly. The main attraction is the incredibly reasonable price! Don't miss this opportunity to own a luxurious home in a prime location at a fraction of the cost.","Built in year: 2025, Parking Spaces: 3, Double Glazed Windows, Flooring, Electricity Backup, Waste Disposal, Floors: 2, Other Main Features, Furnished","Broadband Internet Access, Satellite or Cable TV Ready","Community Lawn or Garden, Community Swimming Pool, Community Gym, First Aid or Medical Centre, Day Care Centre, Kids Play Area, Barbeque Area, Mosque, Other Community Facilities","Nearby Schools, Nearby Hospitals, Nearby Shopping Malls, Nearby Restaurants, Distance From Airport (kms), Nearby Public Transport Service, Other Nearby Places","Maintenance Staff, Security Staff, Other Facilities","Bedrooms: 3, Bathrooms: 4, Servant Quarters: 1, Drawing Room, Kitchens: 1, Powder Room, Store Rooms: 1, Lounge or Sitting Room, Other Rooms",Lawn or Garden,,,
https://www.zameen.com/Property/soan_garden_soan_garden_-_block_b_5_marla_2_5_unit_house_available_for_sale_near_to_highway_and_markaz-53299515-3492-1.html,House,PKR2.65 Crore,5,5 Marla,For Sale,5,2 weeks ago,"Soan Garden, Islamabad, Islamabad Capital","Beautiful House for Sale in Soan Garden (Block B) Islamabad 05 Marla - 2.5 Storey 05 Bedrooms with Attached Bathrooms 02 Spacious TV Lounges 2 Modern Open Kitchens Quality Woodwork Elegant False Ceiling, Sliding gate, SMD lights, Inverter Fans (SK) Stylish Media Walls Double Unit Peaceful family environment, Easy approach To Islamabad expressway, All basic facilities are available Please feel free to contact for more details and visit of this property",Flooring,"Broadband Internet Access, Satellite or Cable TV Ready","Community Lawn or Garden, Kids Play Area, Barbeque Area, Mosque","Nearby Schools, Nearby Hospitals, Nearby Shopping Malls","Maintenance Staff, Security Staff","Bedrooms: 5, Bathrooms: 5, Drawing Room, Dining Room, Kitchens: 2, Store Rooms: 1",Lawn or Garden,,,
https://www.zameen.com/Property/b_17_mpchs_-_multi_gardens_brand_new_5_marla_double_unit_a_class_construction_lavish_house_in_mpchs_b-17-52410846-3115-1.html,House,PKR2.1 Crore,5,5 Marla,For Sale,4,4 days ago,"B-17, Islamabad, Islamabad Capital","Brand New 5 Marla Double Unit House Available for Sale Prime Opportunity! Presenting an exceptional opportunity to own a brand new, beautifully constructed 5 Marla double unit house available for sale at a highly attractive price of PKR 2.10 Crore. This stunning property offers modern architecture, premium fittings, and a thoughtfully designed layout that ensures both comfort and elegance. Located in a prime and secure neighborhood, this house is perfect for families seeking a spacious and stylish living space, as well as investors looking for high rental yield due to its double-unit configuration. Key Features: Double Unit Design Ideal for two families or rental income Total Area: 5 Marla 2 Independent Portions with separate entrances Spacious Bedrooms with Attached Bathrooms Modern Kitchens on Each Floor with elegant cabinetry Drawing and Dining Areas Stylish and well-ventilated TV Lounges on both floors for cozy family time Store Room, Laundry Area & Servant Quarter Top-Quality Finishes Tiled flooring, wooden work, and high-end fixtures Terrace and Balconies for fresh air and relaxing evenings Secure Car Parking Space Solid Construction using top-grade materials Beautiful Front Elevation enhancing curb appeal Prime Location Close to schools, markets, parks, and mosques This is a rare chance to own a brand new house with a functional layout that allows for personal living and rental income both. Whether you're upgrading your home or expanding your investment portfolio, this property is a must-see.","Built in year: 2025, Parking Spaces: 2, Double Glazed Windows, Central Air Conditioning, Central Heating, Flooring, Electricity Backup, Waste Disposal, Floors: 2, Other Main Features, Furnished","Broadband Internet Access, Satellite or Cable TV Ready, Intercom, Other Business and Communication Facilities","Community Lawn or Garden, Community Swimming Pool, Community Gym, First Aid or Medical Centre, Day Care Centre, Kids Play Area, Barbeque Area, Mosque, Community Centre, Other Community Facilities","Nearby Schools, Nearby Hospitals, Nearby Shopping Malls, Nearby Restaurants, Distance From Airport (kms), Nearby Public Transport Service, Other Nearby Places","Maintenance Staff, Security Staff, Facilities for Disabled, Other Facilities","Bedrooms: 3, Bathrooms: 5, Servant Quarters: 1, Drawing Room, Dining Room, Kitchens: 2, Study Room, Prayer Room, Powder Room, Gym, Store Rooms: 1, Steam Room, Lounge or Sitting Room, Laundry Room, Other Rooms","Lawn or Garden, Swimming Pool, Sauna, Jacuzzi, Other Healthcare and Recreation Facilities",,,
https://www.zameen.com/Property/b_17_mpchs_-_multi_gardens_spacious_1_kanal_brand_new_prime_location_cda_sector_reasonable_price_7_5_crore_in_mpchs_b-17-52454860-3115-1.html,House,PKR6.95 Crore,6,1 Kanal,For Sale,6,4 days ago,"B-17, Islamabad, Islamabad Capital","Brand-New 1 Kanal Ultra-Modern House for Sale Location: Block C, B-17 Multi Gardens, Islamabad An Exceptional Blend of Luxury, Comfort & Functionality Key Highlights: Solar Power System: Enjoy energy savings with a fully operational net metering system current electricity bill in negative (PKR 7.5 cr) Dual-Unit Design: Ideal for joint families or a smart rental investment with separate entrances. Generous Parking: Accommodates 34 vehicles with ease. Interior Features: 6 Spacious Bedrooms with attached designer bathrooms. 1 Servant Quarter with separate access. 2 Stylish TV Lounges & 2 Elegant Drawing Rooms for formal and casual gatherings. 4 Modern Kitchens thoughtfully designed and fully equipped. 2 Powder Rooms and 1 Storage Room for added convenience. Premium Quality & Tech Amenities: Waterproof & Termite-Proof Fiber Doors with long-term warranty. CCTV Surveillance System and DC Remote-Controlled Fans for enhanced security and comfort. Independent Access to Rooftop and Servant Quarters via back stairway. Prime Location Benefits: Walking distance to: Community Mosque Lush Green Park Local Market & Emporium Mall Sports Complex (Football & Cricket Grounds)","Built in year: 2024, Parking Spaces: 4, Double Glazed Windows, Central Air Conditioning, Central Heating, Flooring, Electricity Backup, Waste Disposal, Floors: 2, Other Main Features, Furnished","Broadband Internet Access, Satellite or Cable TV Ready, Intercom","Community Lawn or Garden, Community Swimming Pool, Community Gym, First Aid or Medical Centre, Day Care Centre, Kids Play Area, Barbeque Area, Mosque, Community Centre","Nearby Schools, Nearby Hospitals, Nearby Shopping Malls, Nearby Restaurants, Distance From Airport (kms), Nearby Public Transport Service, Other Nearby Places","Maintenance Staff, Security Staff, Other Facilities","Bedrooms: 6, Bathrooms: 8, Servant Quarters: 1, Drawing Room, Dining Room, Kitchens: 4, Study Room, Prayer Room, Powder Room, Gym, Store Rooms: 1, Steam Room, Lounge or Sitting Room, Laundry Room, Other Rooms",Lawn or Garden,,,
https://www.zameen.com/Property/g_15_g-15_2_double_storey_new_sui_gas_available-53223878-3349-1.html,House,PKR3.55 Crore,6,7 Marla,For Sale,5,1 day ago,"G-15, Islamabad, Islamabad Capital","8 Marla Double Story House for Sale in G-15/2, Islamabad Prime Location | CDA Approved (NOC Available) A beautifully constructed A-Class luxury house located in the heart of G-15/2, offering style, comfort, and convenience. Property Details: 5 Spacious Bedrooms with Attached Baths, 2 Drawing Rooms, 2 TV Lounges, 2 Modern Kitchens, Powder Room, Servant Quarter with Attached Bath, 2 Car Parking Spaces. Features & Highlights: CDA Approved with NOC, 2 Gas Meters Installed, 300 ft Deep Water Bore, 2 Large Water Tanks, Extra Street Behind the House (More ventilation & easy access), Near Mini Market, Masjid & Markaz, High-Quality Construction & Finishing, Neat, Clean & Ready to Move. Demand: 3. -7 Crore Description. 07 Marla House Available For sell in G-15. Five options available but different price House Size 30*60 5 Bedrooms. 7 Baths. 1 Servant room 2 Drawing Room. 2 Dining Room. 2 Kitchen. 2 Car Parking Spaces. Electricity, Water and Gas Available. All sizes available but different locations different price More details call me plz G-15 is a Good Society for Residence. Neat & Clean. All Facilities Available. Interested People can contact Easily.",,,,"Nearby Schools, Nearby Hospitals, Nearby Shopping Malls, Nearby Restaurants, Distance From Airport (kms), Nearby Public Transport Service, Other Nearby Places","Security Staff, Other Facilities",,,,,
https://www.zameen.com/Property/dha_defence_dha_defence_phase_2_12_marla_beautiful_corner_house_for_sale_at_prime_sector_of_dha_2-52410566-339-1.html,House,PKR7.5 Crore,6,12 Marla,For Sale,5,6 days ago,"DHA Defence, Islamabad, Islamabad Capital",*property Details* - Area - DHA-2 ISLAMABAD - Property Size - 12 marla with lawn - Location - Sec E - Near By - Near to Central park - 5 mint drive to expressway islamabad - House Highlights - double Unit house *House Details* - (05)bedrooms with attached washrooms - Drawing & Dinning area - Powder Room - Tv Lounge - Kitchen (1 ) - Servant Quarter (1) *PRICE 7.50 CRORE,"Built in year: 2010, Parking Spaces: 1, Double Glazed Windows, Central Air Conditioning, Central Heating, Flooring, Electricity Backup, Waste Disposal, Other Main Features, Furnished","Broadband Internet Access, Satellite or Cable TV Ready, Intercom, Other Business and Communication Facilities","Community Lawn or Garden, Community Swimming Pool, Community Gym, First Aid or Medical Centre, Day Care Centre, Kids Play Area, Barbeque Area, Mosque, Community Centre, Other Community Facilities","Nearby Schools, Nearby Hospitals, Nearby Shopping Malls, Nearby Restaurants, Distance From Airport (kms), Nearby Public Transport Service, Other Nearby Places","Maintenance Staff, Security Staff, Facilities for Disabled, Other Facilities","Bedrooms: 3, Bathrooms: 3, Servant Quarters: 3, Drawing Room, Dining Room, Kitchens: 1, Study Room, Prayer Room, Powder Room, Gym, Store Rooms: 2, Steam Room, Lounge or Sitting Room, Laundry Room, Other Rooms","Sauna, Jacuzzi, Other Healthcare and Recreation Facilities",,,
https://www.zameen.com/Property/dha_defence_dha_defence_phase_2_1_kanal_brand_new_corner_house_with_double_entrance-52406293-339-1.html,House,PKR12.5 Crore,6,1 Kanal,For Sale,6,6 days ago,"DHA Defence, Islamabad, Islamabad Capital",*property Details* - Area - DHA-2 ISLAMABAD - Property Size - 1 kanal (90 50) - Location - Sec G - Near By - Near to gate 7 - 5 mint drive to expressway islamabad - House Highlights - double Unit house *House Details* - (06)bedrooms with attached washrooms - Corner house with double gate - Drawing & Dinning area - Powder Room - Tv Lounge - Kitchen (2 ) - Servant Quarter (2 ) - Walking distance to punjab cash and carry - Walking distance to Mosque *PRICE 12.50 CRORE,"Built in year: 2025, Parking Spaces: 3, Double Glazed Windows, Central Air Conditioning, Central Heating, Flooring, Electricity Backup, Waste Disposal, Floors: 2, Other Main Features, Furnished","Broadband Internet Access, Satellite or Cable TV Ready, Intercom, Other Business and Communication Facilities","Community Lawn or Garden, Community Swimming Pool, Community Gym, First Aid or Medical Centre, Day Care Centre, Kids Play Area, Barbeque Area, Mosque, Community Centre, Other Community Facilities","Nearby Schools, Nearby Hospitals, Nearby Shopping Malls, Nearby Restaurants, Distance From Airport (kms), Nearby Public Transport Service, Other Nearby Places","Maintenance Staff, Security Staff, Facilities for Disabled, Other Facilities","Bedrooms: 6, Bathrooms: 7, Servant Quarters: 2, Drawing Room, Dining Room, Kitchens: 2, Study Room, Prayer Room, Powder Room, Gym, Store Rooms: 2, Steam Room, Lounge or Sitting Room, Laundry Room, Other Rooms","Lawn or Garden, Swimming Pool, Sauna, Jacuzzi, Other Healthcare and Recreation Facilities",,,
https://www.zameen.com/Property/dha_defence_dha_defence_phase_2_1_kanal_brand_new_triple_unit_house_for_sale_at_prime_location_table_talk-53041860-339-1.html,House,PKR14.5 Crore,6,1 Kanal,For Sale,8,13 hours ago,"DHA Defence, Islamabad, Islamabad Capital","DHA Phase 2 1 kanal Brand New triple unit Beautiful, Luxurious House PRIME LOCATION OF DHA2 table talk 8 Master Bed Rooms With Attach Bath, 3 Kitchens, Drawing Rooms, Tv Lounge, Big Car Porch, Beautiful Lawn, 2 Servant Quarter Etc Demand 14.50cr(negotiable) Direct deal with owner","Built in year: 2025, Parking Spaces: 3, Double Glazed Windows, Central Air Conditioning, Central Heating, Flooring, Electricity Backup, Waste Disposal, Floors: 2, Other Main Features, Furnished","Broadband Internet Access, Satellite or Cable TV Ready, Intercom","Community Lawn or Garden, Community Swimming Pool, Community Gym, First Aid or Medical Centre, Day Care Centre, Kids Play Area, Barbeque Area, Mosque, Community Centre","Nearby Schools, Nearby Hospitals, Nearby Shopping Malls, Nearby Restaurants, Distance From Airport (kms), Nearby Public Transport Service, Other Nearby Places","Maintenance Staff, Security Staff, Facilities for Disabled, Other Facilities","Bedrooms: 5, Bathrooms: 6, Servant Quarters: 2, Drawing Room, Dining Room, Kitchens: 2, Study Room, Prayer Room, Powder Room, Gym, Store Rooms: 1, Steam Room, Lounge or Sitting Room, Laundry Room, Other Rooms","Lawn or Garden, Swimming Pool, Sauna, Jacuzzi",,,
https://www.zameen.com/Property/dha_defence_phase_2_dha_phase_2_-_sector_b_1_kanal_ultra_luxurious_designer_house_for_sale_in_dha-2_islamabad-53041862-3197-1.html,House,PKR13.5 Crore,6,1 Kanal,For Sale,5,13 hours ago,"DHA Defence, Islamabad, Islamabad Capital","*property Details* *House Details* 1 kanal south brand new designer house - (05)bedrooms with attached washrooms - Drawing & Dinning area - Powder Room - Tv Lounge - Kitchen (2 ) - Servant Quarter (2 ) 1- Designed on modern lines,straight line architecture by Moss Architects. 2- Structure designed by Emaarsons. 3-A++ quality materials used right from the very the start till finishing. Also top of the line craftsmen were employed for each n every task in the project. 4-Fazal Steel used in the project. 5-Top of the line bricks used. 6-Pakistan Cables,Schneider Breakers,Lahore Fan Horizon model (Inverter Fans), used through out. 7-PPR (PN-20) and PVC (SDR-41) by Popular Pipes used. 8-Chawla Aluminium (Best quality) used along with 8mm tempered glass used in windows. 9-Imported tiles provided by RAK Tiles and S. Abdulla used in the entire project. No local or Chinese brand used anywhere for flooring and washrooms. 10-All the washrooms are equipped with top of the line concealed fittings. 11-Only Nippon and ICI paints products used in the entire house. 12-Top of the line only Sapele Wood provided by IHC used for wood work in the entire house. 13-Entirely solid doors,jamb frames,solid beading and solid overlap used. 14-Completely solid Sapele wood used in the staircases. 15-All the three kitchens are provided and installed by Interwood. Kitchens are equipped with Vatti Hoods,Hobs,Microwaves n Oven. 16-Full height aluminium and glass wardrobes installed in every room. Only chawla aluminium with temepred glass used. MDF and not chipboard used for Carcass. 17-Automated gate (Italian Motor installed). 18-Cctv cameras installed. 19-Every space of the house is very well designed and accurately finished keeping in view both the practicality and aesthetics. Carefully selected material used throughout.","Built in year: 2024, Parking Spaces: 3, Double Glazed Windows, Central Air Conditioning, Central Heating, Flooring, Electricity Backup, Waste Disposal, Floors: 2, Other Main Features","Broadband Internet Access, Satellite or Cable TV Ready, Intercom, Other Business and Communication Facilities","Community Lawn or Garden, Community Swimming Pool, Community Gym, First Aid or Medical Centre, Day Care Centre, Kids Play Area, Barbeque Area, Mosque, Community Centre, Other Community Facilities","Nearby Schools, Nearby Hospitals, Nearby Shopping Malls, Nearby Restaurants, Distance From Airport (kms), Nearby Public Transport Service, Other Nearby Places","Maintenance Staff, Security Staff, Facilities for Disabled","Bedrooms: 5, Bathrooms: 6, Servant Quarters: 2, Drawing Room, Dining Room, Kitchens: 2, Study Room, Prayer Room, Powder Room, Gym, Store Rooms: 1, Steam Room, Lounge or Sitting Room, Laundry Room, Other Rooms","Lawn or Garden, Swimming Pool, Sauna, Jacuzzi, Other Healthcare and Recreation Facilities",,,
https://www.zameen.com/Property/f_11_f-11_markaz_f-11_markaz_one_bedroom_attached_bath_tv_lounge_kitchen_with_car_parking_apartment_flat_available_for_sale-52991968-3286-1.html,Flat,PKR2.1 Crore,1,5.6 Marla,For Sale,1,1 week ago,"F-11, Islamabad, Islamabad Capital",One Bedroom Apartment Available for Sale with Best Rental Income Details 1 Bedroom attached Bath Tv Lounge Kitchen Unger Ground Car Parking Size 1250 square feet (5.6 Marla) CCTV cameras for Security System Separate Electricity Gas Meters 24/7 Elevators Family Environment Residential Apartment 24 Hours Security Guards Neat & Clean Apartment Rental Value 100k Abdul Rehman,"Built in year: 2012, Parking Spaces: 1, Lobby in Building, Double Glazed Windows, Central Air Conditioning, Central Heating, Flooring, Electricity Backup, Waste Disposal, Floor, Floors in Building: 9, Elevators: 3, Service Elevators in Building, Other Main Features, Furnished","Broadband Internet Access, Satellite or Cable TV Ready, Business Center or Media Room in Building, Conference Room in Building, Intercom, ATM Machines, Other Business and Communication Facilities","Community Lawn or Garden, Community Swimming Pool, Community Gym, First Aid or Medical Centre, Day Care Centre, Kids Play Area, Barbeque Area, Mosque, Community Centre, Other Community Facilities","Nearby Schools, Nearby Hospitals, Nearby Shopping Malls, Nearby Restaurants, Distance From Airport (kms), Nearby Public Transport Service, Other Nearby Places","Maintenance Staff, Security Staff, Facilities for Disabled, Other Facilities","Bedrooms: 1, Bathrooms: 1, Servant Quarters: 1, Drawing Room, Dining Room, Kitchens: 1, Study Room, Prayer Room, Powder Room, Gym, Store Rooms: 1, Steam Room, Lounge or Sitting Room, Laundry Room, Other Rooms","Sauna, Jacuzzi, Other Healthcare and Recreation Facilities",,,
https://www.zameen.com/Property/gulberg_greens_diamond_mall_residency_1_bed_apartment_for_sale_in_diamond_mall_residency_537_sq_ft_farmhouse_view-53032760-10982-1.html,Flat,PKR98 Lakh,1,2.4 Marla,For Sale,1,21 hours ago,"Gulberg, Islamabad, Islamabad Capital","Discover modern living in the heart of Diamond Mall & Residency with this beautifully designed 1 bed apartment. Covering a total area of 537 sq. ft, this apartment offers a comfortable lifestyle with a premium farmhouse view. Size: 537 sq. ft 1 Bedroom with attached bath Stylish kitchen & lounge Farmhouse view apartment Secure environment with modern amenities Prime location within Diamond Mall & Residency Demand: 1 Crore 5 Lakh This is a perfect choice for both living and investment, offering excellent rental and resale value.","Built in year, Parking Spaces, Lobby in Building, Double Glazed Windows, Central Air Conditioning, Central Heating, Flooring, Electricity Backup, Waste Disposal, Floor: 5, Floors in Building: 14, Elevators: 4, Service Elevators in Building, Other Main Features, Furnished","Broadband Internet Access, Satellite or Cable TV Ready, Business Center or Media Room in Building, Conference Room in Building, Intercom, ATM Machines, Other Business and Communication Facilities","Community Lawn or Garden, Community Swimming Pool, Community Gym, First Aid or Medical Centre, Day Care Centre, Kids Play Area, Barbeque Area, Mosque, Community Centre, Other Community Facilities","Nearby Schools, Nearby Hospitals, Nearby Shopping Malls, Nearby Restaurants, Distance From Airport (kms), Nearby Public Transport Service, Other Nearby Places","Maintenance Staff, Security Staff, Laundry or Dry Cleaning Facility, Communal/Shared Kitchen, Facilities for Disabled, Other Facilities","Bedrooms: 1, Bathrooms: 1, Servant Quarters, Drawing Room, Dining Room, Kitchens, Study Room, Prayer Room, Powder Room, Gym, Store Rooms, Steam Room, Lounge or Sitting Room, Laundry Room, Other Rooms","Sauna, Jacuzzi, Other Healthcare and Recreation Facilities",,,
https://www.zameen.com/Property/dha_defence_dha_defence_phase_2_architecture_5_beds_fully_furnished_solid_construction_bungalow-52405997-339-1.html,House,PKR14.5 Crore,6,1 Kanal,For Sale,5,4 days ago,"DHA Defence, Islamabad, Islamabad Capital","brand new 5 bed fully furnished with 20kv solar solid construction near central park at prime, only serious buyers contact visit anytime.","Built in year: 2025, Parking Spaces: 3, Double Glazed Windows, Central Air Conditioning, Central Heating, Flooring, Electricity Backup, Waste Disposal, Floors: 3, Other Main Features, Furnished","Broadband Internet Access, Satellite or Cable TV Ready, Intercom, Other Business and Communication Facilities","Community Lawn or Garden, Community Swimming Pool, Community Gym, First Aid or Medical Centre, Day Care Centre, Kids Play Area, Barbeque Area, Mosque, Community Centre, Other Community Facilities","Nearby Schools, Nearby Hospitals, Nearby Shopping Malls, Nearby Restaurants, Distance From Airport (kms), Nearby Public Transport Service, Other Nearby Places","Maintenance Staff, Security Staff, Facilities for Disabled, Other Facilities","Bedrooms: 8, Bathrooms: 10, Servant Quarters: 2, Drawing Room, Dining Room, Kitchens: 2, Study Room, Prayer Room, Powder Room, Gym, Store Rooms: 2, Steam Room, Lounge or Sitting Room, Laundry Room, Other Rooms","Lawn or Garden, Swimming Pool, Sauna, Jacuzzi, Other Healthcare and Recreation Facilities",,,
https://www.zameen.com/Property/dha_defence_dha_defence_phase_2_brand_new_spanish_designed_kanal_mansion-52625695-339-1.html,House,PKR12.5 Crore,6,1 Kanal,For Sale,5,3 weeks ago,"DHA Defence, Islamabad, Islamabad Capital",Brand New Spanish Designed 5 Bed Single Unit Mansion At Prime Location Of DHA 2,"Built in year: 2025, Parking Spaces: 3, Double Glazed Windows, Central Air Conditioning, Central Heating, Flooring, Electricity Backup, Waste Disposal, Floors: 2, Other Main Features","Broadband Internet Access, Satellite or Cable TV Ready, Intercom, Other Business and Communication Facilities","Community Lawn or Garden, Community Swimming Pool, Community Gym, First Aid or Medical Centre, Day Care Centre, Kids Play Area, Barbeque Area, Mosque, Community Centre, Other Community Facilities","Nearby Schools, Nearby Hospitals, Nearby Shopping Malls, Nearby Restaurants, Distance From Airport (kms), Nearby Public Transport Service, Other Nearby Places","Maintenance Staff, Security Staff, Facilities for Disabled, Other Facilities","Bedrooms: 5, Bathrooms: 7, Servant Quarters: 1, Drawing Room, Dining Room, Kitchens: 2, Study Room, Prayer Room, Powder Room, Gym, Store Rooms: 2, Steam Room, Lounge or Sitting Room, Laundry Room, Other Rooms","Lawn or Garden, Swimming Pool, Sauna, Jacuzzi, Other Healthcare and Recreation Facilities",,,
https://www.zameen.com/Property/g_15_zarkon_heights_2_bed_furnished_apartment_available_for_sale_in_zarkon_height_islamabad-53317037-10169-1.html,Flat,PKR1.7 Crore,2,4.8 Marla,For Sale,2,1 month ago,"G-15, Islamabad, Islamabad Capital","1 Bed Non-Furnished Sale: Rs 1 Crore 5 Lacs ( 105 ) to 1 Crore 15 Lacs ( 115 ) 2 Bed Non-Furnished Sale: Rs 1 Crore 70 Lacs ( 170 ) to 1 Crore 85 Lacs ( 185 ) 3 Bed Non-Furnished Sale: Rs 2 Crore ( 2 ) to 2 Crore 60 Lacs ( 260 ) 4 Bed Non-Furnished Sale: Rs 2 Crore 70 Lacs ( 270 )to 3 Crore 50 Lacs ( 350 ) 1 Bed Furnished Sale: Rs 1 Crore 25 Lacs 2 Bed Furnished Sale: Rs 1 Crore 99 Lacs ( 199 ) 2 Bed Luxury Apartment Available. For Rent in Zarkon Heights G-15 Islamabad. Flat Size 1075 Sq Ft. 2 Bedroom. 2 Bath. TV Lounge. Kitchen. Lift Available. Cargo Lift. Car Parking Space. 24 Hours Security. Neat and Clean. Electricity , Water and Gas Available. All facilities Available.","Built in year: 2024, Parking Spaces: 1, Lobby in Building, Double Glazed Windows, Central Air Conditioning, Central Heating, Flooring, Service Elevators in Building, Other Main Features, Furnished","Broadband Internet Access, Satellite or Cable TV Ready, Intercom","Community Lawn or Garden, Community Swimming Pool, Community Gym, First Aid or Medical Centre, Day Care Centre, Kids Play Area, Barbeque Area, Mosque, Community Centre","Nearby Schools, Nearby Hospitals, Nearby Shopping Malls, Nearby Restaurants, Distance From Airport (kms), Nearby Public Transport Service, Other Nearby Places","Maintenance Staff, Security Staff, Laundry or Dry Cleaning Facility, Other Facilities","Bedrooms: 2, Bathrooms: 2, Servant Quarters: 1, Drawing Room, Dining Room, Kitchens: 1, Study Room, Prayer Room, Powder Room, Store Rooms: 1, Steam Room, Lounge or Sitting Room, Laundry Room",,,,
https://www.zameen.com/Property/islamabad_g-13_10_marla_brand_new_luxury_investor_price_house_available_for_sale_in_g13_islamabad-53251380-330-1.html,House,PKR7.75 Crore,5,10 Marla,For Sale,5,1 month ago,"G-13, Islamabad, Islamabad Capital","**10 Marla Brand New Luxury Designer Double Story House for Sale in G-13, Islamabad (Investor Price)** Experience modern living at its finest with this **brand new 10 Marla luxury designer house** located in the heart of **G-13, Islamabad** a CDA-approved and fully developed sector. Built with top-quality materials and elegant design, this home offers both comfort and class. **Property Highlights:** * **Location:** G-13, Islamabad (Prime CDA Sector) * **Size:** 10 Marla * **Status:** Brand New & Ready to Move * **Price:** Investor Price (Below Market Value) **House Features:** * 5 Spacious Bedrooms with Attached Modern Bathrooms * 2 Stylish Kitchens (Imported Fittings) * 2 Beautiful TV Lounges * Drawing & Dining Room * Servant Quarter with Bath * Store Room * Car Parking for 2 Cars **Additional Features:** * Elegant Front Elevation & Designer Interior * Solid Construction with Premium Finishes * Wooden Work, Imported Tiles, and Modern Lighting * Beautiful Terrace & Lawn Area * Peaceful and Secure Neighborhood * Near to Main Road, Park, Mosque, and Market **Ideal For:** Families or investors looking for a **luxury home at an attractive price** in one of Islamabads most sought-after CDA sectors.","Parking Spaces: 1, Double Glazed Windows, Flooring",,"Community Lawn or Garden, First Aid or Medical Centre, Kids Play Area, Barbeque Area, Mosque","Nearby Schools, Nearby Hospitals, Nearby Shopping Malls, Nearby Restaurants, Distance From Airport (kms), Nearby Public Transport Service, Other Nearby Places",,"Bedrooms: 5, Bathrooms: 5, Servant Quarters, Dining Room, Kitchens: 2",Lawn or Garden,,,
https://www.zameen.com/Property/islamabad_g-13_14_marla_brand_new_luxury_double_storey_house_for_sale_in_g13-53280277-330-1.html,House,PKR12.5 Crore,-,14 Marla,For Sale,7,1 month ago,"G-13, Islamabad, Islamabad Capital","**14 Marla Brand New Luxury Double Story House for Sale G-13, Islamabad** **Prime & Peaceful Location** Located in the heart of **G-13**, this stunning **brand new luxury house** offers an ideal blend of elegance, comfort, and convenience. **Key Highlights:** * Ideal **location near main market, park & masjid** * **Wide street** with easy access and beautiful surroundings * **Double story modern design** with premium finishes * ** Water bores** ensuring uninterrupted supply * **Spacious parking for 2 cars** * **Walking distance to Metro Bus Station** * Stylish interiors with imported fittings & elegant layout **Perfect for families** looking for a peaceful yet connected lifestyle in one of Islamabads most desirable sectors. **Dont miss this golden opportunity visit today and make your dream home a reality!**","Built in year: 2025, Parking Spaces: 2, Flooring, Floors: 2",Broadband Internet Access,"Community Lawn or Garden, Community Gym, First Aid or Medical Centre, Kids Play Area, Barbeque Area, Mosque","Nearby Schools, Nearby Hospitals, Nearby Shopping Malls, Nearby Restaurants, Distance From Airport (kms), Nearby Public Transport Service, Other Nearby Places","Security Staff, Other Facilities","Bedrooms: 6, Bathrooms: 6, Servant Quarters, Drawing Room, Kitchens: 2, Powder Room, Lounge or Sitting Room",Lawn or Garden,,,
https://www.zameen.com/Property/islamabad_d-12_5_marla_brand_new_luxury_house_for_sale_in_sector_d12_islamabad-53280469-160-1.html,House,PKR5.75 Crore,4,5 Marla,For Sale,4,1 month ago,"D-12, Islamabad, Islamabad Capital","**5 Marla Brand New Luxury House for Sale D-12, Islamabad** Live the luxury lifestyle you deserve in this **brand new, beautifully designed house** located in one of Islamabads most **posh and secure sectors D-12**. **Property Highlights:** * Size: **5 Marla** * **4 spacious bedrooms** with modern attached baths * **1 servant room** with separate entrance * **Stylish luxury interiors** and high-quality fittings * **1-car parking space** * **Water bore available** for 24/7 water supply * Situated in a **very peaceful and safe neighborhood** with easy access to main roads, schools, and shopping areas Perfect for families seeking a **modern, secure, and elegant home** in Islamabads premium location. **Contact now** to arrange a visit your dream home awaits in D-12!","Built in year: 2025, Parking Spaces: 1, Flooring",Broadband Internet Access,"Community Lawn or Garden, Community Gym, First Aid or Medical Centre, Kids Play Area, Barbeque Area, Mosque","Nearby Schools, Nearby Hospitals, Nearby Shopping Malls, Nearby Restaurants, Distance From Airport (kms), Nearby Public Transport Service, Other Nearby Places",,"Bedrooms: 4, Bathrooms: 5, Servant Quarters, Drawing Room, Dining Room, Kitchens: 2, Powder Room, Store Rooms: 1, Lounge or Sitting Room, Laundry Room",Lawn or Garden,,,
https://www.zameen.com/Property/dha_defence_phase_1_dha_phase_1_-_sector_f_dha_1_sec_f_triple_storey_designer_slightly_used_house-53306990-8226-1.html,House,PKR12.5 Crore,6,1.1 Kanal,For Sale,8,1 week ago,"DHA Defence, Islamabad, Islamabad Capital",Dha 1 Sec F triple story Slightly used House Designer House up for sale near by Masjid Schools Maga Markets Parks Hospitals and many other facilities at the nearest access Security at the Best Level which makes living very Beautiful House is constructed by Owner Italian Tiles Modern Washroom Porta is installed there Back view is Margalla Mountain which gives amazing View Basement is also with beautiful Rooms and Living area Servant Quater is Also available and separate entrance for all floors for further details and visiting this peace of beautiful designed house call we will try to give you professional services thanks,"Built in year: 1999, Parking Spaces: 7, Double Glazed Windows, Central Air Conditioning, Central Heating, Flooring, Electricity Backup, Waste Disposal, Floors: 3, Other Main Features, Furnished","Broadband Internet Access, Satellite or Cable TV Ready, Intercom, Other Business and Communication Facilities","Community Lawn or Garden, Community Swimming Pool, Community Gym, First Aid or Medical Centre, Day Care Centre, Kids Play Area, Barbeque Area, Mosque, Community Centre, Other Community Facilities","Nearby Schools, Nearby Hospitals, Nearby Shopping Malls, Nearby Restaurants, Distance From Airport (kms), Nearby Public Transport Service, Other Nearby Places","Maintenance Staff, Security Staff, Facilities for Disabled, Other Facilities","Bedrooms: 6, Bathrooms: 7, Servant Quarters: 2, Drawing Room, Dining Room, Kitchens: 2, Study Room, Prayer Room, Powder Room, Gym, Store Rooms: 1, Steam Room, Lounge or Sitting Room, Laundry Room, Other Rooms","Lawn or Garden, Sauna, Jacuzzi, Other Healthcare and Recreation Facilities",,,
https://www.zameen.com/Property/bahria_town_bahria_garden_city_prime_1811_sq_yd_grey_structure_with_lawn_in_prestigious_garden_city_zone_4_west-53306902-8120-1.html,House,PKR16 Crore,-,3 Kanal,For Sale,-,1 week ago,"Bahria Town, Islamabad, Islamabad Capital","A rare and exceptional investment opportunity awaits in the highly sought-after Garden City Zone 4 West. This impressive property, House No. 7, sits on a sprawling 1811 sq. yd. plot and features a well-constructed grey structure complemented by a beautifully maintained lawn. Priced at 16 Crore, this asset represents outstanding value in one of the most desirable locations. Perfect for those looking to build their dream residence or a high-end commercial venture, the property offers immense potential and scalability. Its prime positioning ensures privacy, premium amenities, and easy access to major hubs. Dont miss this chance to own a landmark property in Garden City ideal for discerning investors and developers seeking luxury and long-term growth.","Built in year: 2024, Parking Spaces: 1, Double Glazed Windows, Central Air Conditioning, Central Heating, Flooring, Electricity Backup, Waste Disposal, Floors: 2, Other Main Features","Broadband Internet Access, Satellite or Cable TV Ready, Intercom, Other Business and Communication Facilities","Community Lawn or Garden, Community Gym, First Aid or Medical Centre, Day Care Centre, Kids Play Area, Barbeque Area, Mosque, Community Centre, Other Community Facilities","Nearby Schools, Nearby Hospitals, Nearby Shopping Malls, Nearby Restaurants, Distance From Airport (kms), Nearby Public Transport Service, Other Nearby Places","Maintenance Staff, Security Staff, Facilities for Disabled, Other Facilities","Bedrooms: 3, Bathrooms: 4, Servant Quarters: 1, Drawing Room, Dining Room, Kitchens: 1, Lounge or Sitting Room, Laundry Room","Lawn or Garden, Sauna, Jacuzzi, Other Healthcare and Recreation Facilities",,,
https://www.zameen.com/Property/g_10_g-10_1_h0use-946_st-16_g10_1_30_55_5-bed_5-bath_2kitche_old_house-53353151-3324-1.html,House,PKR5.5 Crore,4,7 Marla,For Sale,5,4 weeks ago,"G-10, Islamabad, Islamabad Capital",House-946 st-16. G-10/1. size-(30+55) 5bed -5-bath -2-kitchen near mosque &Park old House Rana Asghar Islamabad fair Property G10-/M,"Built in year: 2020, Parking Spaces: 4, Double Glazed Windows, Central Air Conditioning, Central Heating, Flooring, Electricity Backup, Waste Disposal, Floors: 2, Other Main Features, Furnished","Broadband Internet Access, Satellite or Cable TV Ready, Intercom, Other Business and Communication Facilities","Community Lawn or Garden, Community Swimming Pool, Community Gym, First Aid or Medical Centre, Day Care Centre, Kids Play Area, Barbeque Area, Mosque, Community Centre, Other Community Facilities","Nearby Schools, Nearby Hospitals, Nearby Shopping Malls, Nearby Restaurants, Distance From Airport (kms), Nearby Public Transport Service, Other Nearby Places","Security Staff, Other Facilities","Bedrooms: 5, Bathrooms: 6, Servant Quarters: 2, Drawing Room, Dining Room, Kitchens: 2, Study Room, Prayer Room, Powder Room, Gym, Store Rooms: 2, Steam Room, Lounge or Sitting Room, Laundry Room, Other Rooms","Lawn or Garden, Swimming Pool, Sauna, Jacuzzi, Other Healthcare and Recreation Facilities",,,
https://www.zameen.com/Property/f_7_f-7_3_bran_new_house_533_sqyrds_corner_f-7_3_available_for_sale-53350592-3309-1.html,House,PKR48 Crore,6,1.1 Kanal,For Sale,6,1 week ago,"F-7, Islamabad, Islamabad Capital","Details; 1. Size 80 x 60 : 533 sqyrds. 2. Margla Facing. 3. Corner. 4. Walking distance from Jinnah Super Market. 5. Convienient approachbfrom Kohsar and Margla Road. 6. Accomodation; it's Singke unit house of 6 bed rooms, kitchen, lounge, D+D, lounge, terrace, study room, identical American kitchen, two main gates, lushbgreen lawn all around. imported fittings and fixtures un kitchen and wash room. 7. Single owner. 8. Rental value approx. 7500 usd. 9. Price 48 Crs.","Built in year: 2024, Parking Spaces: 2, Double Glazed Windows, Central Air Conditioning, Central Heating, Flooring, Electricity Backup, Waste Disposal, Other Main Features, Furnished","Broadband Internet Access, Satellite or Cable TV Ready, Intercom, Other Business and Communication Facilities","Community Lawn or Garden, Community Swimming Pool, Community Gym, First Aid or Medical Centre, Day Care Centre, Kids Play Area, Barbeque Area, Mosque, Community Centre, Other Community Facilities","Nearby Schools, Nearby Hospitals, Nearby Shopping Malls, Nearby Restaurants, Distance From Airport (kms), Nearby Public Transport Service, Other Nearby Places","Maintenance Staff, Security Staff, Facilities for Disabled, Other Facilities","Bedrooms: 3, Bathrooms: 3, Servant Quarters: 1, Drawing Room, Dining Room, Kitchens: 1, Study Room, Prayer Room, Powder Room, Gym, Store Rooms: 2, Steam Room, Lounge or Sitting Room, Laundry Room, Other Rooms","Sauna, Jacuzzi, Other Healthcare and Recreation Facilities",,,
https://www.zameen.com/Property/soan_garden_soan_garden_-_block_h_three_side_open_flat_with_roof_top_ownership_in_soan_garden_available_for_sale-51743031-3498-1.html,Flat,PKR1.5 Crore,3,6 Marla,For Sale,3,3 days ago,"Soan Garden, Islamabad, Islamabad Capital","A Beautiful Three Side Corner And Park Facing With Stunning View Apartment Is Available For Sale In Block H, Soan Gardens Housing Scheme, Islamabad. Moreover, This Apartment Is With Roof Ownership And Roof Top Is Already Rented Out To PTA License Holder Telecom Towering Multi National Company. Best For Rental Income.","Built in year: 2012, Parking Spaces: 1, Lobby in Building, Double Glazed Windows, Central Air Conditioning, Central Heating, Flooring, Electricity Backup, Waste Disposal, Floor, Service Elevators in Building, Other Main Features","Broadband Internet Access, Satellite or Cable TV Ready, Business Center or Media Room in Building, Conference Room in Building, Intercom, ATM Machines, Other Business and Communication Facilities","Community Lawn or Garden, Community Swimming Pool, Community Gym, First Aid or Medical Centre, Day Care Centre, Kids Play Area, Barbeque Area, Mosque, Community Centre, Other Community Facilities","Nearby Schools, Nearby Hospitals, Nearby Shopping Malls, Nearby Restaurants, Distance From Airport (kms), Nearby Public Transport Service, Other Nearby Places","Maintenance Staff, Security Staff, Laundry or Dry Cleaning Facility, Communal/Shared Kitchen, Facilities for Disabled, Other Facilities","Bedrooms: 3, Bathrooms: 3, Drawing Room, Dining Room, Kitchens: 2, Study Room, Prayer Room, Powder Room, Gym, Store Rooms: 1, Steam Room, Lounge or Sitting Room, Laundry Room","Sauna, Jacuzzi",,,
https://www.zameen.com/Property/islamabad_f-10_f10_brand_new_luxury_house_available_for_sale_in_heart_of_islamabad-53095821-162-1.html,House,PKR4 Crore,3,3 Marla,For Sale,3,2 weeks ago,"F-10, Islamabad, Islamabad Capital",F10/3 Brand New Luxury House Available For Sale in Heart Of Islamabad size 3.5 Marla Triple Storey Ground Floor: Master Bedroom With Attached Bathroom Kitchen Laundry Area Car porch 1st Floor: 2 Bedrooms With Attached Bathrooms Balcony Basement Hall 1 Gas & 1 Electric Meter Margalla Facing Price 4 Crore Serious buyer Only contact for visit,"Built in year: 2025, Parking Spaces: 1, Double Glazed Windows, Central Air Conditioning, Central Heating, Flooring, Electricity Backup, Waste Disposal, Floors: 3, Other Main Features, Furnished","Broadband Internet Access, Satellite or Cable TV Ready, Intercom, Other Business and Communication Facilities","Community Lawn or Garden, Community Swimming Pool, Community Gym, First Aid or Medical Centre, Day Care Centre, Kids Play Area, Barbeque Area, Mosque, Community Centre, Other Community Facilities","Nearby Schools, Nearby Hospitals, Nearby Shopping Malls, Nearby Restaurants, Distance From Airport (kms), Nearby Public Transport Service, Other Nearby Places","Maintenance Staff, Security Staff, Facilities for Disabled, Other Facilities","Bedrooms: 3, Bathrooms: 3, Servant Quarters: 1, Drawing Room, Dining Room, Kitchens: 1, Powder Room, Store Rooms: 1, Lounge or Sitting Room, Laundry Room, Other Rooms","Lawn or Garden, Other Healthcare and Recreation Facilities",,,
https://www.zameen.com/Property/f_10_sukh_chayn_residence_best_opportunity_for_investment_brand_new_4-bed_apartment_available_for_sale_in_the_heart_of_islamabad_all_facilities_available-52465145-13589-1.html,Flat,PKR14 Crore,4,12.4 Marla,For Sale,4,2 weeks ago,"F-10, Islamabad, Islamabad Capital","Best opportunity for investment. . . . Brand New 4bed apartment Available for Sale in the Heart of Islamabad, all Facilities Available. . . .","Built in year: 2025, Parking Spaces: 2, Lobby in Building, Double Glazed Windows, Central Air Conditioning, Central Heating, Flooring, Electricity Backup, Waste Disposal, Floor: 10, Floors in Building: 12, Elevators: 3, Service Elevators in Building, Other Main Features, Furnished","Broadband Internet Access, Satellite or Cable TV Ready, Business Center or Media Room in Building, Conference Room in Building, Intercom, ATM Machines, Other Business and Communication Facilities","Community Lawn or Garden, Community Swimming Pool, Community Gym, First Aid or Medical Centre, Day Care Centre, Kids Play Area, Barbeque Area, Mosque, Community Centre, Other Community Facilities","Nearby Schools, Nearby Hospitals, Nearby Shopping Malls, Nearby Restaurants, Distance From Airport (kms), Nearby Public Transport Service, Other Nearby Places","Maintenance Staff, Security Staff, Laundry or Dry Cleaning Facility, Communal/Shared Kitchen, Facilities for Disabled, Other Facilities","Bedrooms: 4, Bathrooms: 4, Servant Quarters: 1, Drawing Room, Dining Room, Kitchens: 1, Study Room, Prayer Room, Powder Room, Gym, Store Rooms: 1, Steam Room, Lounge or Sitting Room, Laundry Room, Other Rooms","Sauna, Jacuzzi, Other Healthcare and Recreation Facilities",,,
https://www.zameen.com/Property/f_10_sukh_chayn_residence_4bed_corner_apartment_available_for_sale_in_sukh_chayn_resident_f-10_apartment_having_two_side_attractive_view_park_amp_hill_s_view_hill_s_view-52550604-13589-1.html,Flat,PKR13.25 Crore,5,12.4 Marla,For Sale,4,5 days ago,"F-10, Islamabad, Islamabad Capital",4bed Corner apartment available for Sale in Sukh chayn F-10 Apartment having attractive park & Hills view. . . Higher Floor. . . having private elevator. . . all amenities available Here,"Built in year: 2025, Parking Spaces: 2, Lobby in Building, Double Glazed Windows, Central Air Conditioning, Central Heating, Flooring, Electricity Backup, Waste Disposal, Floor: 1, Floors in Building: 12, Elevators: 3, Service Elevators in Building, Other Main Features, Furnished","Broadband Internet Access, Satellite or Cable TV Ready, Business Center or Media Room in Building, Conference Room in Building, Intercom, ATM Machines, Other Business and Communication Facilities","Community Lawn or Garden, Community Swimming Pool, Community Gym, First Aid or Medical Centre, Day Care Centre, Kids Play Area, Barbeque Area, Mosque, Community Centre, Other Community Facilities","Nearby Schools, Nearby Hospitals, Nearby Shopping Malls, Nearby Restaurants, Distance From Airport (kms), Nearby Public Transport Service, Other Nearby Places","Maintenance Staff, Security Staff, Laundry or Dry Cleaning Facility, Communal/Shared Kitchen, Facilities for Disabled, Pets Not Allowed, Other Facilities","Bedrooms: 4, Bathrooms: 5, Servant Quarters: 2, Drawing Room, Dining Room, Kitchens: 1, Study Room, Prayer Room, Powder Room, Gym, Store Rooms: 1, Steam Room, Lounge or Sitting Room, Laundry Room, Other Rooms","Sauna, Jacuzzi, Other Healthcare and Recreation Facilities",,,
https://www.zameen.com/Property/islamabad_f-10_f-10_new_house_for_sale-53351177-162-1.html,House,PKR26 Crore,6,1 Kanal,For Sale,5,3 days ago,"F-10, Islamabad, Islamabad Capital",F-10/4 new house for sale size 40x115 5 bed modern design prime location,"Built in year: 2025, Parking Spaces: 5, Double Glazed Windows, Central Air Conditioning, Central Heating, Flooring, Electricity Backup, Waste Disposal, Floors: 2","Broadband Internet Access, Satellite or Cable TV Ready, Intercom","Community Lawn or Garden, Community Swimming Pool, Community Gym, First Aid or Medical Centre, Day Care Centre, Kids Play Area, Barbeque Area, Mosque, Community Centre","Nearby Schools, Nearby Hospitals, Nearby Shopping Malls, Nearby Restaurants, Distance From Airport (kms), Nearby Public Transport Service, Other Nearby Places","Maintenance Staff, Security Staff, Facilities for Disabled","Bedrooms: 5, Bathrooms: 6, Servant Quarters: 2, Drawing Room, Dining Room, Kitchens: 1, Prayer Room, Powder Room, Store Rooms: 1, Steam Room, Lounge or Sitting Room, Laundry Room","Lawn or Garden, Swimming Pool, Sauna, Jacuzzi",,,
https://www.zameen.com/Property/dha_defence_dha_defence_phase_2_spectacular_1_5_kanal_fully_furnished_victorian_bungalow_near_mcdonald_s_round_about-52989458-339-1.html,House,PKR25 Crore,6,1.5 Kanal,For Sale,7,3 weeks ago,"DHA Defence, Islamabad, Islamabad Capital",brand new spectacular 1.5 kanal Victorian deisgner fully furnished bungalow with 17kv solar installed at prime location near to main central park. contact for more query.,"Built in year: 2025, Parking Spaces: 4, Double Glazed Windows, Central Air Conditioning, Central Heating, Flooring, Electricity Backup, Waste Disposal, Floors: 2, Other Main Features, Furnished","Broadband Internet Access, Satellite or Cable TV Ready, Intercom, Other Business and Communication Facilities","Community Lawn or Garden, Community Swimming Pool, Community Gym, First Aid or Medical Centre, Day Care Centre, Kids Play Area, Barbeque Area, Mosque, Community Centre, Other Community Facilities","Nearby Schools, Nearby Hospitals, Nearby Shopping Malls, Nearby Restaurants, Distance From Airport (kms), Nearby Public Transport Service, Other Nearby Places","Maintenance Staff, Security Staff, Facilities for Disabled, Other Facilities","Bedrooms: 7, Bathrooms: 9, Servant Quarters: 2, Drawing Room, Dining Room, Kitchens: 2, Study Room, Prayer Room, Powder Room, Gym, Store Rooms: 2, Steam Room, Lounge or Sitting Room, Laundry Room, Other Rooms","Lawn or Garden, Swimming Pool, Sauna, Jacuzzi, Other Healthcare and Recreation Facilities",,,
https://www.zameen.com/Property/dha_defence_dha_defence_phase_2_1_kanal_triple_unit_luxurious_house_for_sale_near_giga_mall_at_dha_2-51870143-339-1.html,House,PKR12.8 Crore,7,1 Kanal,For Sale,9,1 day ago,"DHA Defence, Islamabad, Islamabad Capital","Don't Wait! Contact us today to schedule a viewing and make this incredible Heaven of World as yours! All Our Property Listings Are Direct From Owners. . We Provide Best Investment Advice To Our Esteemed Clients, With The Current Market Trends, Analysis, Research And Benchmarks. Please Call or Whats-app For Buying Profitable Property. Price: 120 Million Pkr Approximately *Key Features:* Triple Unit House - 9 Spacious Bedrooms, each with an attached washroom for ultimate privacy - Elegant Drawing room for entertaining guests - 1 Powder washroom - 2 Futile Company Kitchens Along With Chefs Kitchen - 2 Spacious Car Parking Garage, Ensuring secure and Ample parking - Full Height wardrobes with imported fixtures - Cozy servant quarter complete with all necessities - Fire Alarm, CCTV Cameras are also installed *Additional Highlights:* - 24/7 DHA Security, Secure and gated community - Expansive open terrace, ideal for soaking up sunlight and enjoying breathtaking views - Bright and airy interiors, flooded with natural light - High-quality finishes and fittings throughout - Prime location, close to all amenities and services - A true gem for those seeking comfort, style, and functionality! Close Proximity to Schools, Hospitals, All Banks Hub, and Shopping Centers Mosque Community Parks Food Courts Gold Class Theatre Easy access to main roads Investors Alert! This property is also a smart investment option, as the area is in high demand and appreciating rapidly. The main attraction is the incredibly reasonable price! Don't miss this opportunity to own a luxurious home in a prime location at a fraction of the cost.","Built in year: 2025, Parking Spaces: 4, Double Glazed Windows, Central Air Conditioning, Central Heating, Flooring, Electricity Backup, Waste Disposal, Floors: 2, Other Main Features, Furnished","Broadband Internet Access, Satellite or Cable TV Ready, Intercom, Other Business and Communication Facilities","Community Lawn or Garden, Community Swimming Pool, Community Gym, First Aid or Medical Centre, Day Care Centre, Kids Play Area, Barbeque Area, Mosque, Community Centre, Other Community Facilities","Nearby Schools, Nearby Hospitals, Nearby Shopping Malls, Nearby Restaurants, Distance From Airport (kms), Nearby Public Transport Service, Other Nearby Places","Maintenance Staff, Security Staff, Facilities for Disabled, Other Facilities","Bedrooms: 5, Bathrooms: 6, Servant Quarters: 1, Drawing Room, Dining Room, Kitchens: 2, Study Room, Prayer Room, Powder Room, Gym, Store Rooms: 1, Steam Room, Lounge or Sitting Room, Laundry Room, Other Rooms","Lawn or Garden, Swimming Pool, Sauna, Jacuzzi, Other Healthcare and Recreation Facilities",,,
https://www.zameen.com/Property/dha_defence_dha_defence_phase_2_don_t_miss_this_20_marla_modern_luxury_house_for_sale-51882276-339-1.html,House,PKR12.4 Crore,7,1 Kanal,For Sale,6,1 day ago,"DHA Defence, Islamabad, Islamabad Capital","Don't Wait! Contact us today to schedule a viewing and make this incredible Heaven of World as yours! All Our Property Listings Are Direct From Owners. . We Provide Best Investment Advice To Our Esteemed Clients, With The Current Market Trends, Analysis, Research And Benchmarks. Please Call or Whats-app For Buying Profitable Property. Price: 115 Million Pkr Approximately *Key Features:* Double Unit House - 6 Spacious Bedrooms, each with an attached washroom for ultimate privacy - Elegant Drawing room for entertaining guests - 1 Powder washroom - 2 Futile Company Kitchens Along With Chefs Kitchen - 2 Spacious Car Parking Garage, Ensuring secure and Ample parking - Full Height wardrobes with imported fixtures - Cozy servant quarter complete with all necessities - Fire Alarm, CCTV Cameras are also installed *Additional Highlights:* - 24/7 DHA Security, Secure and gated community - Expansive open terrace, ideal for soaking up sunlight and enjoying breathtaking views - Bright and airy interiors, flooded with natural light - High-quality finishes and fittings throughout - Prime location, close to all amenities and services - A true gem for those seeking comfort, style, and functionality! Close Proximity to Schools, Hospitals, All Banks Hub, and Shopping Centers Mosque Community Parks Food Courts Gold Class Theatre Easy access to main roads Investors Alert! This property is also a smart investment option, as the area is in high demand and appreciating rapidly. The main attraction is the incredibly reasonable price! Don't miss this opportunity to own a luxurious home in a prime location at a fraction of the cost.","Built in year: 2024, Parking Spaces: 2, Double Glazed Windows, Central Air Conditioning, Central Heating, Flooring, Electricity Backup, Waste Disposal, Floors: 3, Other Main Features, Furnished","Broadband Internet Access, Satellite or Cable TV Ready, Intercom, Other Business and Communication Facilities","Community Lawn or Garden, Community Swimming Pool, Community Gym, First Aid or Medical Centre, Day Care Centre, Kids Play Area, Barbeque Area, Mosque, Community Centre, Other Community Facilities","Nearby Schools, Nearby Hospitals, Nearby Shopping Malls, Nearby Restaurants, Distance From Airport (kms), Nearby Public Transport Service, Other Nearby Places","Maintenance Staff, Security Staff, Facilities for Disabled, Other Facilities","Bedrooms: 6, Bathrooms: 7, Servant Quarters, Drawing Room, Dining Room, Kitchens: 3, Study Room, Prayer Room, Powder Room, Gym, Store Rooms, Steam Room, Lounge or Sitting Room, Laundry Room, Other Rooms","Lawn or Garden, Swimming Pool, Sauna, Jacuzzi, Other Healthcare and Recreation Facilities",,,
https://www.zameen.com/Property/dha_defence_dha_defence_phase_2_ultra-modern_brand_new_500_yard_designer_bungalow_in_dha_phase_2_near_central_park-51898606-339-1.html,House,PKR12.8 Crore,7,1 Kanal,For Sale,5,10 hours ago,"DHA Defence, Islamabad, Islamabad Capital","Don't Wait! Contact us today to schedule a viewing and make this incredible Property as yours! All Our Property Listings Are Direct From Owners. . We Provide Best Investment Advice To Our Esteemed Clients, With The Current Market Trends, Analysis, Research And Benchmarks. Please Call or Whats-app For Buying Profitable Property. Price: 120 Million Pkr Approximately *Key Features:* Park Face and South Face as well Single Unit House - 5 Spacious Bedrooms, each with an attached washroom for ultimate privacy - Elegant Drawing room for entertaining guests - 1 Powder washroom - 2 Futile Company Kitchens Along With Chefs Kitchen - 3 Spacious Car Parking Garage, Ensuring secure and Ample parking - Full Height wardrobes with imported fixtures - Cozy servant quarter complete with all necessities - Fire Alarm, CCTV Cameras are also installed *Additional Highlights:* - 24/7 DHA Security, Secure and gated community - Expansive open terrace, ideal for soaking up sunlight and enjoying breathtaking views - Bright and airy interiors, flooded with natural light - High-quality finishes and fittings throughout - Prime location, close to all amenities and services - A true gem for those seeking comfort, style, and functionality! Close Proximity to Schools, Hospitals, All Banks Hub, and Shopping Centers Mosque Community Parks Food Courts Gold Class Theatre Easy access to main roads Investors Alert! This property is also a smart investment option, as the area is in high demand and appreciating rapidly. The main attraction is the incredibly reasonable price! Don't miss this opportunity to own a luxurious home in a prime location at a fraction of the cost.","Built in year: 2024, Parking Spaces: 2, Double Glazed Windows, Central Air Conditioning, Central Heating, Flooring, Electricity Backup, Waste Disposal, Floors: 2, Other Main Features","Broadband Internet Access, Satellite or Cable TV Ready, Intercom, Other Business and Communication Facilities","Community Lawn or Garden, Community Swimming Pool, Community Gym, First Aid or Medical Centre, Day Care Centre, Kids Play Area, Barbeque Area, Mosque, Community Centre, Other Community Facilities","Nearby Schools, Nearby Hospitals, Nearby Shopping Malls, Nearby Restaurants, Distance From Airport (kms), Nearby Public Transport Service, Other Nearby Places","Security Staff, Other Facilities","Bedrooms: 5, Bathrooms: 6, Servant Quarters: 1, Drawing Room, Dining Room, Kitchens: 2, Study Room, Prayer Room, Powder Room, Store Rooms: 1, Steam Room, Lounge or Sitting Room, Laundry Room, Other Rooms","Lawn or Garden, Sauna, Jacuzzi, Other Healthcare and Recreation Facilities",,,
https://www.zameen.com/Property/gulberg_greens_gulberg_greens_-_block_b_b_block_gulberg_green_furnished_farm_house_available_for_sale-53055488-8314-1.html,Farm House,PKR30 Crore,6,5 Kanal,For Sale,10,1 week ago,"Gulberg, Islamabad, Islamabad Capital",Gulberg Greens Islamabad B Block 5 Kanal Fully Furnished Farm House Available For Sale Wid Swimming Pool More Options Available In Different Blocks,"Built in year: 2024, Parking Spaces: 15, Double Glazed Windows, Central Air Conditioning, Central Heating, Flooring, Electricity Backup, Waste Disposal, Floors: 3, Other Main Features, Furnished","Broadband Internet Access, Satellite or Cable TV Ready, Intercom, Other Business and Communication Facilities","Community Lawn or Garden, Community Swimming Pool, Community Gym, First Aid or Medical Centre, Day Care Centre, Kids Play Area, Barbeque Area, Mosque, Community Centre, Other Community Facilities","Nearby Schools, Nearby Hospitals, Nearby Shopping Malls, Nearby Restaurants, Distance From Airport (kms), Nearby Public Transport Service, Other Nearby Places","Maintenance Staff, Security Staff, Facilities for Disabled, Other Facilities","Bedrooms: 12, Bathrooms: 16, Servant Quarters: 3, Drawing Room, Dining Room, Kitchens: 3, Study Room, Prayer Room, Powder Room, Gym, Store Rooms: 4, Steam Room, Lounge or Sitting Room, Laundry Room, Other Rooms","Lawn or Garden, Swimming Pool, Sauna, Jacuzzi, Other Healthcare and Recreation Facilities",,,
https://www.zameen.com/Property/gulberg_greens_gulberg_greens_-_block_d_flat_in_serene_heights_gulberg_greens_islamabad-53087204-8316-1.html,Flat,PKR1.05 Crore,1,3.3 Marla,For Sale,1,4 days ago,"Gulberg, Islamabad, Islamabad Capital","One Bed Furnished Apartment for Sale in Serene Heights, Gulberg Greens Price: PKR 1.05 Crore Area: . (750 sq feet) Bedrooms/Bathrooms: 1 / 1 Furnishing: Fully furnished, possession-ready Highlights: Contemporary layout: Open kitchen with a comfortable living area, ideal for modern living Stylish design: High-quality flooring, premium fittings, ample natural lighting Building amenities: 24/7 security, standby generator, elevator access, dedicated parking space (as noted) Prime location: In a highly sought-after project at Gulberg Greens, ideal for both residence and investment","Built in year: 2025, Parking Spaces: 2, Lobby in Building, Double Glazed Windows, Central Air Conditioning, Central Heating, Flooring, Electricity Backup, Waste Disposal, Floor: 4, Floors in Building: 12, Elevators: 4, Service Elevators in Building, Other Main Features, Furnished","Broadband Internet Access, Satellite or Cable TV Ready, Business Center or Media Room in Building, Conference Room in Building, Intercom, ATM Machines, Other Business and Communication Facilities","Community Lawn or Garden, Community Swimming Pool, Community Gym, First Aid or Medical Centre, Day Care Centre, Kids Play Area, Barbeque Area, Mosque, Community Centre, Other Community Facilities","Nearby Schools, Nearby Hospitals, Nearby Shopping Malls, Nearby Restaurants, Distance From Airport (kms), Nearby Public Transport Service, Other Nearby Places","Maintenance Staff, Security Staff, Facilities for Disabled, Other Facilities","Bedrooms: 1, Bathrooms: 1, Servant Quarters: 2, Drawing Room, Dining Room, Kitchens: 1, Study Room, Prayer Room, Powder Room, Gym, Store Rooms: 1, Steam Room, Lounge or Sitting Room, Laundry Room, Other Rooms","Sauna, Jacuzzi, Other Healthcare and Recreation Facilities",,,
https://www.zameen.com/Property/gulberg_greens_skypark_one_skypark_one_gulberg_greens_islamabad-53086991-15266-1.html,Flat,PKR5 Crore,5,12.4 Marla,For Sale,3,16 hours ago,"Gulberg, Islamabad, Islamabad Capital","SKY PARK ONE Gulberg Green Islamabad Skypark One Mall And Residencia Gulberg Greens Apartments Available for Sale & Purchase 1 BHK (1050 sq ft) 2 BHK (1550 sq ft, 1610 sq ft, 1780 sq ft) 3 BHK (2950 sq ft) Features: Luxurious Hideaway Different Sizes Different Categories Furnished or Non-Furnished Main Road Facing Farm House Facing Basement Car Parking Where basement, 1st & 2nd floors are amazingly occupied by: Second Cup & Coffee DWatson Pharmacy and Cash & Carry WokStreet Steaks & many more.","Built in year: 2025, Parking Spaces: 3, Lobby in Building, Double Glazed Windows, Central Air Conditioning, Central Heating, Flooring, Electricity Backup, Waste Disposal, Floor: 8, Floors in Building: 14, Elevators: 7, Service Elevators in Building, Other Main Features, Furnished","Broadband Internet Access, Satellite or Cable TV Ready, Business Center or Media Room in Building, Conference Room in Building, Intercom, ATM Machines, Other Business and Communication Facilities","Community Lawn or Garden, Community Swimming Pool, Community Gym, First Aid or Medical Centre, Day Care Centre, Kids Play Area, Barbeque Area, Mosque, Community Centre, Other Community Facilities","Nearby Schools, Nearby Hospitals, Nearby Shopping Malls, Nearby Restaurants, Distance From Airport (kms), Nearby Public Transport Service, Other Nearby Places","Maintenance Staff, Security Staff, Laundry or Dry Cleaning Facility, Communal/Shared Kitchen, Facilities for Disabled, Pets Allowed, Other Facilities","Bedrooms: 3, Bathrooms: 4, Servant Quarters: 1, Drawing Room, Dining Room, Kitchens: 1, Study Room, Prayer Room, Powder Room, Gym, Store Rooms: 1, Steam Room, Lounge or Sitting Room, Laundry Room, Other Rooms","Sauna, Jacuzzi, Other Healthcare and Recreation Facilities",,,
