Scraped_URL,Type,Price,Bath(s),Area,Purpose,Bedroom(s),Added,Location,Description,Amenities: Main Features,Amenities: Rooms,Amenities: Business and Communication,Amenities: Community Features,Amenities: Healthcare Recreational,Amenities: Nearby Locations and Other Facilities,Amenities: Other Facilities,Initial Amount,Monthly Installment,Remaining Installments
https://www.zameen.com/Property/islamabad_g-13_house_for_sale_g-13-53337082-330-1.html,House,PKR10.75 Crore,6,1 Kanal,For Sale,6,1 week ago,"G-13, Islamabad, Islamabad Capital","House for Sale Size, (50x90)1 Kanal Soled Counstraction 50 Fit wide road Prime Location Reasonable price,","Built in year: 1990, Parking Spaces: 20, Double Glazed Windows, Central Air Conditioning, Central Heating, Flooring, Electricity Backup, Floors: 2","Drawing Room, Dining Room, Study Room, Prayer Room, Powder Room, Gym, Steam Room, Lounge or Sitting Room, Laundry Room","Broadband Internet Access, Satellite or Cable TV Ready, Intercom","Community Lawn or Garden, Community Swimming Pool, Community Gym, First Aid or Medical Centre, Day Care Centre, Kids Play Area, Barbeque Area, Mosque, Community Centre","Lawn or Garden, Swimming Pool, Sauna, Jacuzzi","Nearby Schools, Nearby Hospitals, Nearby Shopping Malls, Nearby Restaurants, Distance From Airport (kms), Nearby Public Transport Service, Other Nearby Places","Maintenance Staff, Security Staff, Facilities for Disabled, Other Facilities",,,
https://www.zameen.com/Property/islamabad_h-13_5_marla_double_storey_house_for_sale-50452213-1039-1.html,House,PKR2.4 Crore,6,5 Marla,For Sale,5,4 days ago,"H-13, Islamabad, Islamabad Capital",5 Marla Double Store 5 Bedrooms 2 Open Drawing Rooms 6 washrooms 2 Tv lounge 2 Kitchen Big Car Porch,"Built in year: 2025, Parking Spaces: 1, Double Glazed Windows, Central Air Conditioning, Central Heating, Flooring, Electricity Backup, Waste Disposal, Floors: 1, Other Main Features, Furnished","Bedrooms: 5, Bathrooms: 6, Servant Quarters: 1, Drawing Room, Dining Room, Kitchens: 2, Study Room, Prayer Room, Powder Room, Gym, Store Rooms: 1, Steam Room, Lounge or Sitting Room, Laundry Room, Other Rooms","Broadband Internet Access, Satellite or Cable TV Ready, Intercom, Other Business and Communication Facilities","Community Lawn or Garden, Community Swimming Pool, Community Gym, First Aid or Medical Centre, Day Care Centre, Kids Play Area, Barbeque Area, Mosque, Community Centre, Other Community Facilities","Lawn or Garden, Swimming Pool, Sauna, Jacuzzi, Other Healthcare and Recreation Facilities","Nearby Schools, Nearby Hospitals, Nearby Shopping Malls, Nearby Restaurants, Distance From Airport (kms), Nearby Public Transport Service, Other Nearby Places","Maintenance Staff, Security Staff, Facilities for Disabled, Other Facilities",,,
https://www.zameen.com/Property/islamabad_f-7_excellent_location_house_666_sq_yard_for_sale_in_f-7-53257512-165-1.html,House,PKR35 Crore,7,1.3 Kanal,For Sale,6,1 month ago,"F-7, Islamabad, Islamabad Capital","Excellent Location, House Size 666 Squire Yard (60 X 100) CDA Transfer. For Visit/more Detail Contact us. We have more OPTIONS in Sector F-6, F-7, F-8, E-7 & G-6",,,,,,"Nearby Schools, Nearby Hospitals, Nearby Shopping Malls, Nearby Restaurants, Distance From Airport (kms), Nearby Public Transport Service, Other Nearby Places","Security Staff, Other Facilities",,,
https://www.zameen.com/Property/faisal_hills_faisal_hills_-_block_a_book_your_1_bed_apartment_only_15_lac-53260507-12655-1.html,Flat,PKR77 Lakh,1,2.1 Marla,For Sale,1,2 weeks ago,"Faisal Hills, Islamabad, Islamabad Capital","Booking From 15 Lac 48 Monthly Installments Total Price Is 77 Lac Project By A Well-Known Developer Possession Within 3 Years High ROI Expected A Project Inspired By Namazi Street Baku Azerbaijan Unique Concept, First Time In Pakistan",,,,,,,,,,
https://www.zameen.com/Property/d_12_d-12_1_an_architect_designed_25x50_feet_house_in_d-12_1_for_sale-38630532-3154-1.html,House,PKR5.4 Crore,5,5 Marla,For Sale,5,1 week ago,"D-12, Islamabad, Islamabad Capital","Update: CDA has issued a completion certificate and the house is ready for move in. This Is An Owner-built House Located In Sector D-12 1 In The Scenic Foothill Of Margalla And Is Up For Sale Now. The House Is In A Very Spacious 50 Feet Street That Meets A Parallel 70 Feet Street At Its North End And 50 Feet Parallel Street At Its Sound End. This Newly Built Two-Floors 25 Feet X 50 Feet House Offers 5 Bedroom With 5 Attached 3 Piece Full Bathrooms Including 1 Studio Room On The Roof Top With Small Fully Operational Kitchen And A 3-piece Bath Room. There Is An Additional 2-piece Washroom Constructed Under The Stairs In The Porch Area Of The Ground Floor Built Next To The Ground Floor Drawing Area For The Guests Of The House. Each Floor Has A Separate Entry With A Separate Kitchen On Each Floor That Offers A Modern 3-burners Gas Stove With Powerful Well-lit Cooktop Blower That Creates A Bright Cooking Experience. Kitchen Also Includes A Stainless-steel Finish Double Basin Sink And Includes Many Close-door Cabinets With Black Granite Marble Countertop. The House Offers A Separate Dining Room And Living Room On Each Floor. The House Also Offers A Very Comfortable Layout With 28''x28'' Master Granite Tiles Floors Throughout The House. The Roof Offer Marble-chip Constructed Layout That Provides Excellent Sun Space During Winter And Protection From Heat During Summer. All Doors Are Constructed On The Site From Solid Wood. Each Bedroom Has A Large Closet That Also Offers Lots Of Storage Space. To Improve The Aesthetics Of The House, The Ceilings In The Entire Area Inside Of The House Is Crafted With A Ceiling System That Also Improves The Brightness Of Led Lights In The Living Room And The Dining Room As Well. All Windows Are High Quality Aluminum Protected By Very Strong Iron Grills From Inside Of The House. The House Also Offers A Wide Porch And A Long Driveway. A Single Floor Of The House Can Be Rented For Extra Income Or Both Floors Can Be Rented Out Separately, So The House Offers An Attractive Investment Opportunity Due To The Rising Levels Of Rents In This Well Sought-after Area Of The Capital. The House Has Access To Water Supply From Two Sources, from 200 feet Water Bore, and Second From the CDA water supply system. The Owner Can Also Be Reached Via WhatsApp on Listed Phone Numbers.","Built in year: 2022, Parking Spaces: 2, Double Glazed Windows, Central Air Conditioning, Central Heating, Flooring, Electricity Backup, Waste Disposal, Floors, Other Main Features, Furnished","Bedrooms: 4, Bathrooms: 5, Servant Quarters: 1, Drawing Room, Dining Room, Kitchens: 2, Study Room, Prayer Room, Powder Room, Gym, Store Rooms: 1, Steam Room, Lounge or Sitting Room, Laundry Room, Other Rooms","Broadband Internet Access, Satellite or Cable TV Ready, Intercom, Other Business and Communication Facilities","Community Lawn or Garden, Community Swimming Pool, Community Gym, First Aid or Medical Centre, Day Care Centre, Kids Play Area, Barbeque Area, Mosque, Community Centre, Other Community Facilities","Lawn or Garden, Swimming Pool, Sauna, Jacuzzi, Other Healthcare and Recreation Facilities","Nearby Schools, Nearby Hospitals, Nearby Shopping Malls, Nearby Restaurants, Distance From Airport (kms), Nearby Public Transport Service, Other Nearby Places","Maintenance Staff, Security Staff, Facilities for Disabled, Other Facilities",,,
https://www.zameen.com/Property/g_13_g-13_3_on_excellent_location-51297812-3339-1.html,House,PKR10.5 Crore,6,14 Marla,For Sale,7,2 weeks ago,"G-13, Islamabad, Islamabad Capital","This project is exclusively constructed and marketed by UNICON group, contact directly to save on dealer commisions. Brand New exclusively designed 2 portion UK Style House With A1 Grade Construction, Solid Wood Doors And White Aluminum Windows. contact us for further details. Margalla facing 30 ft steet House is ready for occupation. CDA completion approval complete. SIze: 40x80 Size CDA water supply Local amenities: Kids park: 2 minutes walking distance Mosque: 3 minutes walking distance Local Market: 2 minutes walking distance Portion 1: Drawing room Dining room Kitchen+Dirty Kitchen Tv Lounge 3 Beds+Toilets Portion 2: Drawing room Dining room Kitchen+Dirty Kitchen Tv Lounge 3 Beds+3 Toilets 1 additional toilet in stairway Servant Quarter Toilet Car Porsche parking: 3 cars Outside parking: 3 cars More Details Please Contact Us","Built in year: 2023, Parking Spaces: 3, Double Glazed Windows, Central Air Conditioning, Central Heating, Flooring, Electricity Backup, Waste Disposal, Floors, Other Main Features","Bedrooms: 7, Bathrooms: 7, Servant Quarters: 1, Drawing Room, Dining Room, Kitchens: 2, Study Room, Prayer Room, Powder Room, Lounge or Sitting Room","Broadband Internet Access, Satellite or Cable TV Ready, Intercom, Other Business and Communication Facilities","Community Lawn or Garden, Community Swimming Pool, Community Gym, First Aid or Medical Centre, Day Care Centre, Kids Play Area, Barbeque Area, Mosque, Community Centre, Other Community Facilities","Lawn or Garden, Other Healthcare and Recreation Facilities","Nearby Schools, Nearby Hospitals, Nearby Shopping Malls, Nearby Restaurants, Distance From Airport (kms), Nearby Public Transport Service, Other Nearby Places","Maintenance Staff, Security Staff, Facilities for Disabled, Other Facilities",,,
https://www.zameen.com/Property/bahria_enclave_bahria_enclave_-_sector_c1_c1_brand_new_house_is_available_for_sale-52315204-11987-1.html,House,PKR5.5 Crore,5,10 Marla,For Sale,5,1 month ago,"Bahria Town, Islamabad, Islamabad Capital","Brand new house is available for sale in sector c1 A plus Construction with Branded fittings Most prime And ideal Location for living Owner Built House Designer door's installed with Branded tiles Beautiful Front Elevation. Near to park Mosque Hospital & Main Entrance, All basic facilities Available such as; Water Gas (Slender) Electricity Maintenance Security 24/7. 5 Bedrooms with attached bath Drawing room Tv Lounge 2 stylish kitchens 1 Servant room with attached bath Car porch Reasonable price Contract us for more details;","Flooring, Electricity Backup, Waste Disposal, Other Main Features","Bedrooms: 2, Bathrooms: 2, Drawing Room, Kitchens: 1, Lounge or Sitting Room","Broadband Internet Access, Satellite or Cable TV Ready, Other Business and Communication Facilities","Mosque, Other Community Facilities",,"Nearby Schools, Nearby Hospitals, Nearby Shopping Malls, Nearby Restaurants, Distance From Airport (kms), Nearby Public Transport Service, Other Nearby Places","Maintenance Staff, Security Staff, Facilities for Disabled, Other Facilities",,,
https://www.zameen.com/Property/b_17_mpchs_-_multi_gardens_designer_house_for_sale_in_block_c1_-_mpchs_multi_garden_b17_islamabad_house_for_sale_in_cda_sector_islamabad-52115577-3115-1.html,House,PKR4.7 Crore,6,10 Marla,For Sale,5,3 days ago,"B-17, Islamabad, Islamabad Capital","10 Marla Luxury House for Sale in Multi Gardens B-17 Islamabad This 10 Marla double-unit house in the prestigious Block C1 of B-17 Islamabad is a dream home offering a combination of modern design, spacious interiors, and top-notch amenities. Property Overview: Location: Block C1, Open Facing (ideal for sunlight and ventilation). House Type: Double Unit (suitable for joint or large families). Plot Size: 10 Marla (250 sq. yards). Interior Features: Bedrooms: 5 spacious bedrooms, each with modern attached bathrooms. Kitchens: 2 fully equipped kitchens with high-quality fittings and ample storage space. TV Lounges: 2 stylish and spacious lounges for family gatherings. Servant Room: Located on the Mumty, providing convenience and privacy. Exterior Features: Car Porch: Space for up to 3 cars. Open Facing: Ensures a serene view and a brighter interior atmosphere. Proximity to Amenities: Park: Ideal for evening walks and childrens playtime. Masjid: A short walk away for daily prayers. Commercial Area: Nearby markets and shops provide everyday essentials. Construction Quality: A++ Quality Construction: Premium-grade materials used in construction. Modern architecture with sleek finishing and durable infrastructure. Flooring: High-quality marble/tile flooring throughout the house. Woodwork: Beautiful wood finishes for doors, cabinets, and wardrobes. Ceilings: Stylish false ceilings with LED lighting enhance the interior design. Additional Highlights: Prime Location: Easy access to the main road, ensuring connectivity to Islamabads key areas via GT Road and Motorway. Peaceful Living: B-17 is a gated community with 24/7 security, ensuring safety and a family-friendly environment. Investment Potential: High rental and resale value due to its ideal location and top-quality construction. Demand: PKR 4 Crore 70Lakh Why This House? This property is perfect for those who seek luxury, comfort, and convenience all in one place. With ample space, top-tier amenities, and a serene environment, its the perfect home for a growing family or an investment opportunity. Contact us now for further details or to schedule a visit!","Built in year: 2024, Parking Spaces: 2, Double Glazed Windows, Flooring, Electricity Backup, Waste Disposal, Floors: 2, Other Main Features","Bedrooms: 5, Bathrooms: 6, Servant Quarters: 1, Drawing Room, Dining Room, Kitchens: 2, Study Room, Prayer Room, Powder Room, Gym, Store Rooms: 1, Steam Room, Lounge or Sitting Room, Laundry Room, Other Rooms","Broadband Internet Access, Satellite or Cable TV Ready, Intercom, Other Business and Communication Facilities","Community Lawn or Garden, Community Swimming Pool, Community Gym, First Aid or Medical Centre, Day Care Centre, Kids Play Area, Barbeque Area, Mosque, Community Centre, Other Community Facilities","Lawn or Garden, Swimming Pool, Sauna, Jacuzzi, Other Healthcare and Recreation Facilities","Nearby Schools, Nearby Hospitals, Nearby Shopping Malls, Nearby Restaurants, Distance From Airport (kms), Nearby Public Transport Service, Other Nearby Places","Maintenance Staff, Security Staff, Facilities for Disabled, Other Facilities",,,
https://www.zameen.com/Property/b_17_mpchs_-_multi_gardens_8_marla_designer_house_for_sale_in_multi_gardens_b-17_mpchs_islamabad_fmc-52580936-3115-1.html,House,PKR3.95 Crore,6,8 Marla,For Sale,5,3 weeks ago,"B-17, Islamabad, Islamabad Capital","Discover luxury living in this beautifully designed 8 Marla house located in the prime sector of Multi Gardens B-17, MPCHS, Islamabad. FMC This modern home offers a perfect blend of style, comfort, and functionality, ideal for families seeking a high-standard lifestyle in a peaceful and secure environment. Key Features: Double Unit Designer House 5 Spacious Bedrooms with Attached Modern Bathrooms 2 Stylish Kitchens with Top-Quality Fittings 2 Elegant TV Lounges for Relaxation & Entertainment Drawing and Dining Rooms with Elegant Finishes Servant Quarter with Separate Entrance Solid Construction with High-End Finishing Car Parking Space Beautiful Terrace and Open Spaces Located near Masjid, Park, Schools, and Commercial Area 24/7 Security and Gated Community This house is perfect for families looking to move into a well-developed sector of Islamabad. Dont miss the opportunity to own a house that offers everything luxury, location, and lifestyle. Contact: Al Bakir Pvt Ltd Design, Construction & Real Estate","Built in year: 2025, Parking Spaces: 2, Double Glazed Windows, Flooring, Electricity Backup, Waste Disposal, Floors: 2","Bedrooms: 5, Bathrooms: 6, Servant Quarters: 1, Drawing Room, Dining Room, Kitchens: 2, Study Room, Prayer Room, Powder Room, Gym, Steam Room, Lounge or Sitting Room, Laundry Room","Broadband Internet Access, Satellite or Cable TV Ready, Intercom","Community Lawn or Garden, Community Swimming Pool, Community Gym, First Aid or Medical Centre, Day Care Centre, Kids Play Area, Barbeque Area, Mosque, Community Centre","Lawn or Garden, Swimming Pool, Sauna, Jacuzzi","Nearby Schools, Nearby Hospitals, Nearby Shopping Malls, Nearby Restaurants, Distance From Airport (kms), Nearby Public Transport Service","Maintenance Staff, Security Staff, Facilities for Disabled",,,
https://www.zameen.com/Property/f_10_f-10_2_f-10_corner_house_for_sale-53351099-3277-1.html,House,PKR32 Crore,6,1.6 Kanal,For Sale,6,6 days ago,"F-10, Islamabad, Islamabad Capital",F-10/2 Corner House For Sale Size 60x120 Prime Location 6 Bed Marble Floor,"Built in year: 2005, Parking Spaces: 5, Double Glazed Windows, Central Air Conditioning, Central Heating, Flooring, Electricity Backup, Waste Disposal, Floors: 2, Other Main Features, Furnished","Bedrooms: 6, Bathrooms: 7, Servant Quarters: 2, Drawing Room, Dining Room, Kitchens: 2, Study Room, Prayer Room, Powder Room, Gym, Store Rooms: 1, Lounge or Sitting Room, Laundry Room, Other Rooms","Broadband Internet Access, Satellite or Cable TV Ready, Intercom, Other Business and Communication Facilities","Community Lawn or Garden, Community Swimming Pool, Community Gym, First Aid or Medical Centre, Day Care Centre, Kids Play Area, Barbeque Area, Mosque, Community Centre, Other Community Facilities",Lawn or Garden,"Nearby Schools, Nearby Hospitals, Nearby Shopping Malls, Nearby Restaurants, Distance From Airport (kms), Nearby Public Transport Service, Other Nearby Places","Maintenance Staff, Security Staff, Other Facilities",,,
https://www.zameen.com/Property/islamabad_constitution_avenue_4-bedroom_apartment_for_sale-52894427-8284-1.html,Flat,PKR23 Crore,6,19.3 Marla,For Sale,4,5 days ago,"Constitution Avenue, Islamabad, Islamabad Capital","4-Bedroom Apartment for Sale One Constitution Avenue, Islamabad Margalla View | 7 Bathrooms | Luxury Living Discover upscale living in this spacious 4-bedroom apartment located in the prestigious One Constitution Avenue, Islamabad. Offering breathtaking Margalla Hills views, this apartment is a perfect blend of elegance, comfort, and prime location. Key Features: 4 Bedrooms with attached modern bathrooms 7 Bathrooms in total (including powder rooms & servant quarters) Panoramic Margalla Hills views from large windows and balconies Modern kitchen, ample storage, and spacious lounge & dining areas Servant quarters with separate access Central heating & cooling, secure environment High-speed elevators, standby power, and covered parking This apartment is ideal for families seeking a premium lifestyle in the heart of the capital, near Diplomatic Enclave, Serena Hotel, and Constitution Avenue landmarks. Location: Tower G, One Constitution Avenue, G-5, Islamabad For more details or to schedule a viewing, please click on WhatsApp button:","Built in year: 2023, Parking Spaces: 3, Lobby in Building, Double Glazed Windows, Central Air Conditioning, Central Heating, Flooring, Electricity Backup, Waste Disposal, Floor: 2, Floors in Building: 23, Elevators: 3, Service Elevators in Building, Other Main Features, Furnished","Bedrooms: 4, Bathrooms: 7, Servant Quarters: 1, Drawing Room, Dining Room, Kitchens: 2, Study Room, Prayer Room, Powder Room, Store Rooms: 1, Steam Room, Lounge or Sitting Room, Laundry Room, Other Rooms","Broadband Internet Access, Satellite or Cable TV Ready, Business Center or Media Room in Building, Conference Room in Building, Intercom, Other Business and Communication Facilities","Community Lawn or Garden, Community Swimming Pool, Community Gym, First Aid or Medical Centre, Day Care Centre, Kids Play Area, Barbeque Area, Mosque, Community Centre, Other Community Facilities","Sauna, Jacuzzi, Other Healthcare and Recreation Facilities","Nearby Schools, Nearby Hospitals, Nearby Shopping Malls, Nearby Restaurants, Distance From Airport (kms), Nearby Public Transport Service, Other Nearby Places","Maintenance Staff, Security Staff, Laundry or Dry Cleaning Facility, Communal/Shared Kitchen, Facilities for Disabled, Other Facilities",,,
https://www.zameen.com/Property/mpchs_multi_gardens_mpchs_-_block_d_2_bed_fully_furnished_corner_luxury_apartment_available_for_sale_in_block_d_main_commercial_pearl_arena_plaza_multi_gardens_mpchs_b-17-52987165-3119-1.html,Flat,PKR95 Lakh,2,3.6 Marla,For Sale,2,2 days ago,"B-17, Islamabad, Islamabad Capital",2 Bed Fully Furnished Luxury Apartment. Available For Sale In Block D Main Commercial. Pearl Arena Plaza. Multi Gardens MPCHS B-17. 2 Bedrooms. 2 Baths. TV Lounge. Kitchen. Electricity And Water Available. Main Commercial Market MDR +MOSQUE. . +SCHOOL +ZOO+FAMILY PARK Margalla Facing &Amp; J7 Facing Interested People Can Contact Easily.,"Built in year: 2025, Parking Spaces, Double Glazed Windows, Central Air Conditioning, Central Heating, Flooring, Electricity Backup, Waste Disposal, Other Main Features","Bedrooms: 1, Bathrooms: 1, Servant Quarters: 1, Drawing Room, Dining Room, Kitchens: 1, Study Room, Prayer Room, Powder Room, Gym, Store Rooms: 1, Steam Room, Lounge or Sitting Room, Laundry Room, Other Rooms","Broadband Internet Access, Satellite or Cable TV Ready, Business Center or Media Room in Building, Conference Room in Building, Intercom, ATM Machines, Other Business and Communication Facilities","Community Lawn or Garden, Community Swimming Pool, Community Gym, First Aid or Medical Centre, Day Care Centre, Kids Play Area, Barbeque Area, Mosque, Community Centre, Other Community Facilities","Sauna, Jacuzzi, Other Healthcare and Recreation Facilities","Nearby Schools, Nearby Hospitals, Nearby Shopping Malls, Nearby Restaurants, Distance From Airport (kms), Nearby Public Transport Service, Other Nearby Places","Maintenance Staff, Security Staff, Facilities for Disabled, Other Facilities",,,
https://www.zameen.com/Property/b_17_faisal_margalla_city_5_marla_brand_new_double_unit_house_for_sale-52831138-13424-1.html,House,PKR2.1 Crore,4,5 Marla,For Sale,4,2 days ago,"B-17, Islamabad, Islamabad Capital","5 Marla Brand New House for Sale at Faisal Margalla City (F. M. C) Multigarden B17 Islamabad Key Features: 1. Good Location (Near Family Park, Commercial and Main Road) 2. A Plus construction 3. Car Parking 4. Double Unit 5.4-Bed Rooms 6.2-Drawing Rooms 7.2-T. V Lounge 8.2-Kitchen 9. Mumty with attached Dressing and Bath Demand : 20 Millions Note: Site Visit Possible anytime Contact:","Built in year: 2025, Parking Spaces: 01, Double Glazed Windows, Central Air Conditioning, Central Heating, Flooring, Electricity Backup, Waste Disposal, Floors: 02, Other Main Features, Furnished","Bedrooms: 6, Bathrooms: 7, Servant Quarters: 2, Drawing Room, Dining Room, Kitchens, Study Room, Prayer Room, Powder Room, Gym, Store Rooms: 1, Steam Room, Lounge or Sitting Room, Laundry Room, Other Rooms","Broadband Internet Access, Satellite or Cable TV Ready, Intercom, Other Business and Communication Facilities","Community Lawn or Garden, Community Swimming Pool, Community Gym, First Aid or Medical Centre, Day Care Centre, Kids Play Area, Barbeque Area, Mosque, Community Centre, Other Community Facilities","Lawn or Garden, Swimming Pool, Sauna, Jacuzzi, Other Healthcare and Recreation Facilities","Nearby Schools, Nearby Hospitals, Nearby Shopping Malls, Nearby Restaurants, Distance From Airport (kms), Nearby Public Transport Service, Other Nearby Places","Maintenance Staff, Security Staff, Facilities for Disabled, Other Facilities",,,
https://www.zameen.com/Property/b_17_mpchs_-_multi_gardens_brand_new_single_storey_house_for_sale_in_b17_block_e-52832262-3115-1.html,House,PKR2.23 Crore,3,8 Marla,For Sale,2,2 days ago,"B-17, Islamabad, Islamabad Capital",30x60 7Marla Single Storey House Available for Sale in Block E MPCHS Sector B-17 Two bedrooms with attached bath Tv Lounge Close Kitchen Guest room Powder Washroom Laundry area Mumty 2.25 crore demand,"Built in year: 2025, Parking Spaces: 02, Double Glazed Windows, Central Air Conditioning, Central Heating, Flooring, Electricity Backup, Waste Disposal, Floors: 01, Other Main Features, Furnished","Bedrooms: 5, Bathrooms: 6, Servant Quarters: 2, Drawing Room, Dining Room, Kitchens: 3, Study Room, Prayer Room, Powder Room, Gym, Store Rooms: 2, Steam Room, Lounge or Sitting Room, Laundry Room, Other Rooms","Broadband Internet Access, Satellite or Cable TV Ready, Intercom, Other Business and Communication Facilities","Community Lawn or Garden, Community Swimming Pool, Community Gym, First Aid or Medical Centre, Day Care Centre, Kids Play Area, Barbeque Area, Mosque, Community Centre, Other Community Facilities","Lawn or Garden, Swimming Pool, Sauna, Jacuzzi, Other Healthcare and Recreation Facilities","Nearby Schools, Nearby Hospitals, Nearby Shopping Malls, Nearby Restaurants, Distance From Airport (kms), Nearby Public Transport Service, Other Nearby Places","Maintenance Staff, Security Staff, Facilities for Disabled, Other Facilities",,,
https://www.zameen.com/Property/gulberg_gulberg_greens_gulberg_green_islamabad_apartment_for_sale-53198280-8312-1.html,Flat,PKR75 Lakh,1,2.9 Marla,For Sale,-,17 hours ago,"Gulberg, Islamabad, Islamabad Capital","Gulberg Green Islamabad Apartments for Sale 1&studio bedroom apparment 2 & 3 Bedroom Apartments Multiple Sizes & Floors Available Various Projects to Choose From Furnished & Non-Furnished Options Already Rented Out Units Available Located in Family Residential Buildings For more information, contact us today!","Built in year: 2025, Parking Spaces: 3, Lobby in Building, Double Glazed Windows, Central Air Conditioning, Central Heating, Flooring, Electricity Backup, Waste Disposal, Floor: 3, Floors in Building: 12, Elevators: 4, Service Elevators in Building, Other Main Features, Furnished","Bedrooms: 2, Bathrooms: 3, Servant Quarters: 1, Drawing Room, Dining Room, Kitchens: 1, Study Room, Prayer Room, Powder Room, Gym, Store Rooms: 1, Steam Room, Lounge or Sitting Room, Laundry Room, Other Rooms","Broadband Internet Access, Satellite or Cable TV Ready, Business Center or Media Room in Building, Conference Room in Building, Intercom, ATM Machines, Other Business and Communication Facilities","Community Lawn or Garden, Community Swimming Pool, Community Gym, First Aid or Medical Centre, Day Care Centre, Kids Play Area, Barbeque Area, Mosque, Community Centre, Other Community Facilities","Sauna, Jacuzzi, Other Healthcare and Recreation Facilities","Nearby Schools, Nearby Hospitals, Nearby Shopping Malls, Nearby Restaurants, Distance From Airport (kms), Nearby Public Transport Service, Other Nearby Places","Maintenance Staff, Security Staff, Laundry or Dry Cleaning Facility, Communal/Shared Kitchen, Facilities for Disabled, Pets Allowed, Other Facilities",,,
https://www.zameen.com/Property/dha_defence_dha_defence_phase_2_1_kanal_designer_house_for_sale_in_dha_phase_2_islamabad-52467844-339-1.html,House,PKR13.9 Crore,5,1 Kanal,For Sale,5,3 hours ago,"DHA Defence, Islamabad, Islamabad Capital","1 Kanal Designer House for Sale in DHA Phase 2, Islamabad Prime Location & Modern Architecture Stunning modern front facade with premium finishes Double-height lobby for a grand entrance Spacious layout with top-quality construction Luxury Living & Comfort 5 spacious bedrooms with attached luxury bathrooms Elegant drawing & dining rooms for formal gatherings Modern kitchen with high-end fittings + additional dirty kitchen Expansive TV lounge on both floors Home office/study room for convenience Premium Features & Amenities Imported tiles & wooden flooring throughout State-of-the-art lighting & false ceiling designs Solid woodwork & premium fittings Smart home features (CCTV, intercom, security system) Outdoor & Utility Spaces Beautiful lawn & landscaping Wide car porch for multiple vehicles Servant quarter with separate entrance Laundry & storage area DHA Phase 2 Amenities Gated community with 24/7 security Underground electricity & uninterrupted utilities Parks, mosques, shopping malls & top schools nearby Easy access to GT Road & Islamabad Expressway","Double Glazed Windows, Central Air Conditioning, Central Heating, Waste Disposal, Furnished","Drawing Room, Dining Room, Study Room, Prayer Room, Powder Room, Gym, Steam Room, Lounge or Sitting Room, Laundry Room","Broadband Internet Access, Satellite or Cable TV Ready, Intercom","Community Lawn or Garden, Community Swimming Pool, Community Gym, First Aid or Medical Centre, Day Care Centre, Kids Play Area, Barbeque Area, Mosque, Community Centre","Lawn or Garden, Swimming Pool, Sauna, Jacuzzi",,"Maintenance Staff, Security Staff, Facilities for Disabled",,,
https://www.zameen.com/Property/dha_defence_dha_defence_phase_2_1_kanal_house_for_sale_in_dha_defence_phase_2-52410412-339-1.html,House,PKR14.85 Crore,6,1 Kanal,For Sale,5,5 hours ago,"DHA Defence, Islamabad, Islamabad Capital","Property Details: Location: DHA Defence Phase 2, Islamabad Plot Size: 1 Kanal (500 sq. yards) Type: Double-Unit Luxury House Status: Brand New / Well-Maintained House Features: Bedrooms: 5 Spacious Bedrooms with Attached Bathrooms Bathrooms: Modern Fittings with Imported Accessories Kitchens: 2 Stylish Kitchens with High-End Appliances Drawing & Dining: Elegant and Spacious TV Lounges: 2 Comfortable and Well-Designed Lounges Servant Quarters: Separate Servant Room with Attached Bath Parking: Ample Space for 3+ Cars","Built in year: 2025, Parking Spaces: 1, Double Glazed Windows, Central Air Conditioning, Central Heating, Flooring, Electricity Backup, Waste Disposal, Floors: 2, Furnished","Bedrooms: 3, Bathrooms: 4, Servant Quarters: 1, Drawing Room, Dining Room, Kitchens: 1, Study Room, Prayer Room, Powder Room, Gym, Store Rooms: 1, Steam Room, Lounge or Sitting Room, Laundry Room","Broadband Internet Access, Satellite or Cable TV Ready, Intercom","Community Lawn or Garden, Community Swimming Pool, Community Gym, First Aid or Medical Centre, Day Care Centre, Kids Play Area, Barbeque Area, Mosque, Community Centre","Lawn or Garden, Swimming Pool, Sauna, Jacuzzi","Nearby Schools, Nearby Hospitals, Nearby Shopping Malls, Nearby Restaurants, Distance From Airport (kms), Nearby Public Transport Service","Maintenance Staff, Security Staff, Facilities for Disabled",,,
https://www.zameen.com/Property/dha_defence_dha_defence_phase_2_luxurious_1_kanal_house_for_sale_in_dha_defence_phase_2_islamabad-52372755-339-1.html,House,PKR15 Crore,6,1 Kanal,For Sale,5,1 day ago,"DHA Defence, Islamabad, Islamabad Capital","1 Kanal Modern House for Sale DHA Phase 2, Islamabad Prime Location Peaceful street with easy access to main boulevard 5 Spacious Bedrooms with attached modern bathrooms Double Height Lobby Design Elegant Drawing Room & Formal Dining Area Fully Equipped Kitchens Stylish design & quality fittings Large TV Lounges on both floors Ample Parking Space for 23 Vehicles Beautiful Lawn & Terrace Space Servant Quarters, Store Room & Laundry Area Solid Construction with Premium Finishes Secure & Gated Community 24/7 Surveillance *Demand 1500k*","Built in year: 2025, Parking Spaces: 1, Double Glazed Windows, Central Air Conditioning, Central Heating, Flooring, Electricity Backup, Waste Disposal, Floors: 2, Other Main Features, Furnished","Bedrooms: 6, Bathrooms: 6, Servant Quarters: 8, Drawing Room, Dining Room, Kitchens: 2, Study Room, Prayer Room, Powder Room, Gym, Store Rooms: 2, Steam Room, Lounge or Sitting Room, Laundry Room, Other Rooms","Broadband Internet Access, Satellite or Cable TV Ready, Intercom, Other Business and Communication Facilities","Community Lawn or Garden, Community Swimming Pool, Community Gym, First Aid or Medical Centre, Day Care Centre, Kids Play Area, Barbeque Area, Mosque, Community Centre, Other Community Facilities","Lawn or Garden, Swimming Pool, Sauna, Jacuzzi, Other Healthcare and Recreation Facilities","Nearby Schools, Nearby Hospitals, Nearby Shopping Malls, Nearby Restaurants, Distance From Airport (kms), Nearby Public Transport Service, Other Nearby Places","Maintenance Staff, Security Staff, Facilities for Disabled, Other Facilities",,,
https://www.zameen.com/Property/dha_defence_dha_defence_phase_2_luxurious_1_kanal_double_unit_house_for_sale_in_dha_defence_phase_2_islamabad-52371600-339-1.html,House,PKR11.8 Crore,7,1 Kanal,For Sale,6,1 day ago,"DHA Defence, Islamabad, Islamabad Capital","Property Features: 1 Kanal (500 Sq. Yards) Double Unit House 6 Spacious Bedrooms with Attached Bathrooms Modern Kitchen & Elegant Living Spaces Beautiful Lawn & Ample Parking Space Prime Location in DHA Phase 2 Location: DHA Defence Phase 2, Islamabad Contact Now A perfect blend of comfort, luxury, and prime location! Ideal for families looking for a dream home in one of Islamabads most sought-after areas. Hurry! Limited options available. Book a visit today!","Built in year: 2025, Parking Spaces: 2, Double Glazed Windows, Central Air Conditioning, Central Heating, Flooring, Electricity Backup, Waste Disposal, Floors: 2, Other Main Features, Furnished","Bedrooms: 6, Bathrooms: 6, Servant Quarters: 8, Drawing Room, Dining Room, Kitchens: 2, Study Room, Prayer Room, Powder Room, Gym, Store Rooms: 2, Steam Room, Lounge or Sitting Room, Laundry Room, Other Rooms","Broadband Internet Access, Satellite or Cable TV Ready, Intercom, Other Business and Communication Facilities","Community Lawn or Garden, Community Swimming Pool, Community Gym, First Aid or Medical Centre, Day Care Centre, Kids Play Area, Barbeque Area, Mosque, Community Centre, Other Community Facilities","Lawn or Garden, Swimming Pool, Sauna, Jacuzzi, Other Healthcare and Recreation Facilities","Nearby Schools, Nearby Hospitals, Nearby Shopping Malls, Nearby Restaurants, Distance From Airport (kms), Nearby Public Transport Service, Other Nearby Places",,,,
https://www.zameen.com/Property/dha_defence_dha_defence_phase_2_one_kanal_luxury_house_for_sale_in_dha_defence_phase_2_islamabad-52366721-339-1.html,House,PKR10.75 Crore,6,1 Kanal,For Sale,5,20 hours ago,"DHA Defence, Islamabad, Islamabad Capital","One kanal luxury house for sale in DHA DEFENCE PHASE 2. ISLAMABAD 1 Kanal Designer House for Sale DHA Phase 2 5 Spacious Bedrooms with Attached Washrooms State-of-the-Art Kitchen & Stylish Interiors Spacious Living, Dining, and Drawing Areas Servant Quarters & Ample Parking Space Prime Location: -*Location: Sector C* Close to Parks, Schools & Commercial Areas Walking Distance from McDonalds & Top Restaurants Secure & Gated Community with 24/7 Security Demand *1390K*","Built in year: 2025, Parking Spaces: 3, Double Glazed Windows, Central Air Conditioning, Central Heating, Flooring, Electricity Backup, Waste Disposal, Floors: 2, Other Main Features, Furnished","Bedrooms: 5, Bathrooms: 6, Servant Quarters: 2, Drawing Room, Dining Room, Kitchens: 2, Study Room, Prayer Room, Powder Room, Gym, Store Rooms, Steam Room, Lounge or Sitting Room, Laundry Room, Other Rooms","Broadband Internet Access, Satellite or Cable TV Ready, Intercom","Community Lawn or Garden, Community Swimming Pool, Community Gym, First Aid or Medical Centre, Day Care Centre, Kids Play Area, Barbeque Area, Mosque, Community Centre","Lawn or Garden, Swimming Pool, Sauna, Jacuzzi","Nearby Schools, Nearby Hospitals, Nearby Shopping Malls, Nearby Restaurants, Distance From Airport (kms), Nearby Public Transport Service, Other Nearby Places","Maintenance Staff, Security Staff, Facilities for Disabled, Other Facilities",,,
https://www.zameen.com/Property/dha_defence_dha_defence_phase_2_luxurious_1_kanal_house_in_dha_defence_phase_2-52365306-339-1.html,House,PKR11.65 Crore,7,1 Kanal,For Sale,6,20 hours ago,"DHA Defence, Islamabad, Islamabad Capital","Location: DHA Defence Phase 2, Islamabad Size: 1 Kanal (500 Sq. Yards) Bedrooms: 5 Spacious Rooms with Attached Bathrooms Living Areas: 2 Stylish TV Lounges, Drawing & Dining Room Kitchen: Fully Equipped Modern Kitchen Parking: Space for 3 Cars Features: Elegant Interiors, Imported Tiles & Wooden Flooring, Double-Glazed Windows Let me know if you want any modifications!","Built in year: 2025, Parking Spaces: 2, Double Glazed Windows, Central Air Conditioning, Central Heating, Flooring, Electricity Backup, Waste Disposal, Floors: 2, Other Main Features, Furnished","Bedrooms: 6, Bathrooms: 3, Servant Quarters: 8, Drawing Room, Dining Room, Kitchens: 2, Study Room, Prayer Room, Powder Room, Gym, Store Rooms: 2, Steam Room, Lounge or Sitting Room, Laundry Room, Other Rooms","Broadband Internet Access, Satellite or Cable TV Ready, Intercom, Other Business and Communication Facilities","Community Lawn or Garden, Community Swimming Pool, Community Gym, First Aid or Medical Centre, Day Care Centre, Kids Play Area, Barbeque Area, Mosque, Community Centre, Other Community Facilities","Lawn or Garden, Swimming Pool, Sauna, Jacuzzi, Other Healthcare and Recreation Facilities","Nearby Schools, Nearby Hospitals, Nearby Shopping Malls, Nearby Restaurants, Distance From Airport (kms), Nearby Public Transport Service, Other Nearby Places","Maintenance Staff, Security Staff, Facilities for Disabled, Other Facilities",,,
https://www.zameen.com/Property/e_11_e-11_2_good_500_square_yards_house_for_sale_in_e-11_2-50785227-3233-1.html,House,PKR16.5 Crore,6,1 Kanal,For Sale,7,4 weeks ago,"E-11, Islamabad, Islamabad Capital","Many Thanks for reply. Description E-11/2, FECHS,500 Square Yards, Independent Park Double Storey Designer Quality House , 6+1 Bedroom,Built in December 2020, Sami furnished available for sale. Price : 16.50 Crore. Let me know if you want to Visit","Built in year: 2022, Parking Spaces: 4, Double Glazed Windows, Central Air Conditioning, Central Heating, Flooring, Electricity Backup, Waste Disposal, Floors: 2, Other Main Features, Furnished","Bedrooms: 7, Bathrooms: 8, Servant Quarters, Drawing Room, Dining Room, Kitchens: 02, Study Room, Prayer Room, Powder Room, Gym, Store Rooms: 01, Steam Room, Lounge or Sitting Room, Laundry Room, Other Rooms","Broadband Internet Access, Satellite or Cable TV Ready, Intercom, Other Business and Communication Facilities","Community Lawn or Garden, Community Swimming Pool, Community Gym, First Aid or Medical Centre, Day Care Centre, Kids Play Area, Barbeque Area, Mosque, Community Centre, Other Community Facilities","Lawn or Garden, Sauna, Jacuzzi, Other Healthcare and Recreation Facilities","Nearby Schools, Nearby Hospitals, Nearby Shopping Malls, Nearby Restaurants, Distance From Airport (kms), Nearby Public Transport Service, Other Nearby Places","Maintenance Staff, Security Staff, Facilities for Disabled, Other Facilities",,,
https://www.zameen.com/Property/gulberg_residencia_gulberg_residencia_-_block_c_prime_location_house_for_sale_is_readily_available_in_prime_location_of_gulberg_residencia_-_block_c-53012967-9114-1.html,House,PKR3 Crore,4,5 Marla,For Sale,4,3 weeks ago,"Gulberg, Islamabad, Islamabad Capital",water bore avaliable near to masjid near to commercial,"Built in year: 2025, Parking Spaces, Double Glazed Windows, Central Air Conditioning, Central Heating, Flooring, Electricity Backup, Floors: 2, Other Main Features","Bedrooms: 5, Bathrooms: 6, Servant Quarters: 2, Drawing Room, Dining Room, Kitchens: 2, Study Room, Prayer Room, Store Rooms: 2, Other Rooms","Broadband Internet Access, Satellite or Cable TV Ready, Intercom, Other Business and Communication Facilities","Community Lawn or Garden, Community Swimming Pool, Community Gym, First Aid or Medical Centre, Day Care Centre, Kids Play Area, Barbeque Area, Mosque, Community Centre, Other Community Facilities","Lawn or Garden, Swimming Pool, Sauna, Jacuzzi, Other Healthcare and Recreation Facilities","Nearby Schools, Nearby Hospitals, Nearby Shopping Malls, Nearby Restaurants, Distance From Airport (kms), Nearby Public Transport Service, Other Nearby Places","Security Staff, Other Facilities",,,
https://www.zameen.com/Property/dha_defence_phase_5_dha_phase_5_-_sector_b_1_kanal_house_for_sale-53064859-8401-1.html,House,PKR8.25 Crore,5,1 Kanal,For Sale,5,1 month ago,"DHA Defence, Islamabad, Islamabad Capital",All facilities available Monthly Rental income Rs. 125000/= Call Us,,,,,,"Nearby Schools, Nearby Hospitals, Nearby Shopping Malls, Nearby Restaurants, Distance From Airport (kms), Nearby Public Transport Service, Other Nearby Places","Security Staff, Other Facilities",,,
https://www.zameen.com/Property/f_10_sukh_chayn_residence_f9_park_facing_3_bedrooms_apartment_on_investor_rate_available_for_sale_in_sukh_chyn_f10-52246112-13589-1.html,Flat,PKR8.5 Crore,3,8.7 Marla,For Sale,3,3 weeks ago,"F-10, Islamabad, Islamabad Capital","Sukh Chyn F10 Apartments for Sale with modern amenities and facilities 3 bedrooms apartment for Sale Personal elevator 1960 sq. ft Margallah facing Kitchen Lounge Dining Beautiful balcony Store Dedicated car parking Price Asking 8.45 crore Here are some facilities 1.24/7 Concierge Service: A dedicated concierge to assist residents with various services and requests. 2. Fitness Center: State-of-the-art gym facilities with modern equipment. 3. Swimming Pool: A luxurious pool area for relaxation and recreation. 4. Salon 5. High-end Kitchen Appliances: Top-of-the-line appliances like Sub-Zero refrigerators, Miele ovens, etc. 6. Smart Home Technology: Integration of smart features for security, lighting, and temperature control. 7. Private Balconies or Terraces: Outdoor spaces for enjoying fresh air and city views. 8. Reserved Parking: Secure parking spaces for residents. 9. Security Systems: Advanced security measures like CCTV, keyless entry, and on-site security personnel. 10. Community Spaces: Luxurious lounges. 11. Mosque These facilities add comfort, convenience, and a touch of luxury to apartment living.","Built in year: 2025, Parking Spaces: 2, Lobby in Building, Double Glazed Windows, Central Air Conditioning, Central Heating, Flooring, Electricity Backup, Waste Disposal, Floor: 5, Floors in Building: 12, Elevators: 6, Service Elevators in Building, Other Main Features","Bedrooms: 3, Bathrooms: 3, Servant Quarters: 2, Drawing Room, Dining Room, Kitchens: 1, Study Room, Prayer Room, Powder Room, Gym, Store Rooms: 1, Steam Room, Lounge or Sitting Room, Laundry Room, Other Rooms","Broadband Internet Access, Satellite or Cable TV Ready, Business Center or Media Room in Building, Conference Room in Building, Intercom, ATM Machines, Other Business and Communication Facilities","Community Lawn or Garden, Community Swimming Pool, Community Gym, First Aid or Medical Centre, Day Care Centre, Kids Play Area, Barbeque Area, Mosque, Community Centre, Other Community Facilities","Sauna, Jacuzzi, Other Healthcare and Recreation Facilities","Nearby Schools, Nearby Hospitals, Nearby Shopping Malls, Nearby Restaurants, Distance From Airport (kms), Nearby Public Transport Service, Other Nearby Places","Maintenance Staff, Security Staff, Facilities for Disabled, Other Facilities",,,
https://www.zameen.com/Property/dha_defence_phase_1_dha_phase_1_-_sector_e_owner_built_house_for_sale_in_dha_phase_1_sector_e-52908526-3193-1.html,House,PKR7.75 Crore,6,1 Kanal,For Sale,6,3 days ago,"DHA Defence, Islamabad, Islamabad Capital","Dha phase 1 House for sale sector E , an elegant owner built very good location well maintained Double Unit, 6 bed rooms with basement -Basement TVL , kitchen, 2xbeds ,big Store 2 S/qtr,separate entrance 2. Ground floor 1xbeds,TV lounge,DD,kitchen/dirty kitchen,powder bath,parking for 4 cars,Servant 3. Frst Floor 3xbeds ,kitchen,store,TV lounge 2 electric and 2 Gas meters 3 servant quarter constructed 10 years back Sector E","Built in year: 2025, Parking Spaces: 4, Double Glazed Windows, Central Air Conditioning, Central Heating, Flooring, Electricity Backup, Waste Disposal, Floors: 3, Other Main Features, Furnished","Bedrooms: 6, Bathrooms: 7, Servant Quarters: 4, Drawing Room, Dining Room, Kitchens: 3, Study Room, Prayer Room, Powder Room, Gym, Store Rooms: 3, Steam Room, Lounge or Sitting Room, Laundry Room","Broadband Internet Access, Satellite or Cable TV Ready, Intercom","Community Lawn or Garden, Community Swimming Pool, Community Gym, First Aid or Medical Centre, Day Care Centre, Kids Play Area, Barbeque Area, Mosque, Community Centre","Lawn or Garden, Swimming Pool, Sauna, Jacuzzi","Nearby Schools, Nearby Hospitals, Nearby Shopping Malls, Nearby Restaurants, Distance From Airport (kms), Nearby Public Transport Service, Other Nearby Places","Maintenance Staff, Security Staff, Facilities for Disabled, Other Facilities",,,
https://www.zameen.com/Property/dha_defence_phase_1_dha_phase_1_-_sector_b_brand_new_designer_house_for_sale_dha_phase_1_sector_b-52966658-3190-1.html,House,PKR12.25 Crore,6,1 Kanal,For Sale,5,3 days ago,"DHA Defence, Islamabad, Islamabad Capital",House For Sale Dha Phase 1 Sector B Brand New 5 Bedrooms 6 Bath Powder Room Servant Quarter Near Park / Masjid/ Commercial Area,"Built in year: 2025, Parking Spaces: 1, Double Glazed Windows, Central Air Conditioning, Central Heating, Flooring, Electricity Backup, Waste Disposal, Floors: 2, Other Main Features, Furnished","Bedrooms: 4, Bathrooms: 4, Servant Quarters: 1, Drawing Room, Dining Room, Kitchens: 1, Study Room, Prayer Room, Powder Room, Gym, Store Rooms: 1, Steam Room, Lounge or Sitting Room, Laundry Room, Other Rooms","Broadband Internet Access, Satellite or Cable TV Ready, Intercom, Other Business and Communication Facilities","Community Lawn or Garden, Community Swimming Pool, Community Gym, First Aid or Medical Centre, Day Care Centre, Kids Play Area, Barbeque Area, Mosque, Community Centre, Other Community Facilities","Lawn or Garden, Swimming Pool, Sauna, Jacuzzi, Other Healthcare and Recreation Facilities","Nearby Schools, Nearby Hospitals, Nearby Shopping Malls, Nearby Restaurants, Distance From Airport (kms), Nearby Public Transport Service, Other Nearby Places","Maintenance Staff, Security Staff, Facilities for Disabled, Other Facilities",,,
https://www.zameen.com/Property/dha_defence_phase_1_dha_phase_1_-_sector_e_brand_new_house_for_sale_dha_phase_1_sector_e-53071881-3193-1.html,House,PKR9.9 Crore,6,1 Kanal,For Sale,5,3 days ago,"DHA Defence, Islamabad, Islamabad Capital",House For Sale Dha Phase 1 Sector E 5 Bedrooms/ Bathrooms Double Unit Gas Available Powder Room 2 Servant Quarter Near Masjid/ Park / Commercial,"Built in year: 2024, Parking Spaces: 3, Double Glazed Windows, Central Air Conditioning, Central Heating, Flooring, Electricity Backup, Waste Disposal, Floors, Other Main Features, Furnished","Bedrooms: 6, Bathrooms: 7, Servant Quarters: 1, Drawing Room, Dining Room, Kitchens: 2, Study Room, Prayer Room, Powder Room, Gym, Store Rooms: 2, Steam Room, Lounge or Sitting Room, Laundry Room, Other Rooms","Broadband Internet Access, Satellite or Cable TV Ready, Intercom, Other Business and Communication Facilities","Community Lawn or Garden, Community Swimming Pool, Community Gym, First Aid or Medical Centre, Day Care Centre, Kids Play Area, Barbeque Area, Mosque, Community Centre, Other Community Facilities","Lawn or Garden, Swimming Pool, Sauna, Jacuzzi, Other Healthcare and Recreation Facilities","Nearby Schools, Nearby Hospitals, Nearby Shopping Malls, Nearby Restaurants, Distance From Airport (kms), Nearby Public Transport Service, Other Nearby Places","Maintenance Staff, Security Staff, Facilities for Disabled",,,
https://www.zameen.com/Property/dha_defence_phase_1_dha_phase_1_-_sector_a_very_elegant_house_for_sale_dha_phase_1-52908552-3189-1.html,House,PKR10.25 Crore,6,1 Kanal,For Sale,5,3 days ago,"DHA Defence, Islamabad, Islamabad Capital",House For Sale Dha Phase 1 Sector A 5 Bedrooms 6 Bath Single Unit Roof Top Garden Vip Location Near Roots / Masjid / Commercial,"Built in year: 2022, Parking Spaces, Flooring, Electricity Backup, Other Main Features","Bedrooms: 2, Bathrooms: 2, Drawing Room, Dining Room, Kitchens: 1",,,,"Nearby Schools, Nearby Hospitals, Nearby Shopping Malls, Nearby Restaurants, Distance From Airport (kms), Nearby Public Transport Service, Other Nearby Places","Security Staff, Other Facilities",,,
https://www.zameen.com/Property/dha_defence_dha_defence_phase_2_executive_apartment_1150_square_feet_in_the_heart_of_dha_islamabad_overseas_block-50115831-339-1.html,Flat,PKR1.55 Crore,3,5.1 Marla,For Sale,3,1 hour ago,"DHA Defence, Islamabad, Islamabad Capital",*_Al Ghurair Giga_* *_BLOCK 16 OVERSEAS TOWER* *_3 bed 1200 sqrfit_* *_7th floor with. 2 lift elevator with. cargo. lift_* *_Margala. open view_* *,"Built in year: 2024, Parking Spaces: 1, Lobby in Building, Double Glazed Windows, Central Air Conditioning, Central Heating, Flooring, Electricity Backup, Waste Disposal, Floor: 7, Floors in Building: 10, Elevators: 2, Service Elevators in Building, Other Main Features, Furnished","Bedrooms: 3, Bathrooms: 3, Servant Quarters: 2, Drawing Room, Dining Room, Kitchens: 1, Study Room, Prayer Room, Powder Room, Gym, Store Rooms: 1, Steam Room, Lounge or Sitting Room, Laundry Room, Other Rooms","Broadband Internet Access, Satellite or Cable TV Ready, Business Center or Media Room in Building, Conference Room in Building, Intercom, ATM Machines, Other Business and Communication Facilities","Community Lawn or Garden, Community Swimming Pool, Community Gym, First Aid or Medical Centre, Day Care Centre, Kids Play Area, Barbeque Area, Mosque, Community Centre, Other Community Facilities","Sauna, Jacuzzi, Other Healthcare and Recreation Facilities","Nearby Schools, Nearby Hospitals, Nearby Shopping Malls, Nearby Restaurants, Distance From Airport (kms), Nearby Public Transport Service, Other Nearby Places","Maintenance Staff, Security Staff, Facilities for Disabled, Other Facilities",,,
https://www.zameen.com/Property/b_17_mpchs_-_multi_gardens_5_marla_double_unit_house_for_sale_b-17_multi_gardens_mpchs-52789697-3115-1.html,House,PKR2.8 Crore,6,5 Marla,For Sale,4,2 weeks ago,"B-17, Islamabad, Islamabad Capital","5 Marla Double Unit House for Sale B-17 Multi Gardens (MPCHS) Description: Beautiful 5 Marla double unit house available for sale in the prime location of Multi Gardens B-17, Islamabad (MPCHS). This well-maintained house features: 5 Spacious Bedrooms 2 Modern Kitchens 2 TV Lounges 2 Living Rooms / Drawing Rooms 1 Car Parking Space Gas, Electricity, and Water Available Peaceful neighborhood with wide roads and nearby amenities Demand: 2.80 Crore Ideal for two families or rental income. Serious buyers may contact for more details or to schedule a visit.","Built in year: 2025, Parking Spaces: 1, Double Glazed Windows, Central Air Conditioning, Central Heating, Flooring, Electricity Backup, Waste Disposal, Floors: 2, Other Main Features, Furnished","Bedrooms: 5, Bathrooms: 6, Servant Quarters: 1, Drawing Room, Dining Room, Kitchens: 2, Study Room, Prayer Room, Powder Room, Gym, Store Rooms: 2, Steam Room, Lounge or Sitting Room, Laundry Room, Other Rooms","Broadband Internet Access, Satellite or Cable TV Ready, Intercom, Other Business and Communication Facilities","Community Lawn or Garden, Community Swimming Pool, Community Gym, First Aid or Medical Centre, Day Care Centre, Kids Play Area, Barbeque Area, Mosque, Community Centre, Other Community Facilities","Lawn or Garden, Swimming Pool, Sauna, Jacuzzi, Other Healthcare and Recreation Facilities","Nearby Schools, Nearby Hospitals, Nearby Shopping Malls, Nearby Restaurants, Distance From Airport (kms), Nearby Public Transport Service, Other Nearby Places","Maintenance Staff, Security Staff, Facilities for Disabled, Other Facilities",,,
https://www.zameen.com/Property/b_17_mpchs_-_multi_gardens_14_marla_house_for_sale_in_multi_gardens_b-17_mpchs_islamabad_prime_location-52539294-3115-1.html,House,PKR6.8 Crore,6,14 Marla,For Sale,6,2 weeks ago,"B-17, Islamabad, Islamabad Capital","Spacious 14 Marla House for Sale in Multi Gardens B-17, MPCHS, Islamabad Prime Location This beautifully designed 14 Marla house is located in the heart of Multi Gardens B-17, a CDA-approved sector by MPCHS. Perfect for a large family, this house offers ample space, modern features, and a peaceful living environment. Key Features: 6 Spacious Bedrooms with attached modern bathrooms 2 Fully Equipped Kitchens with quality fittings 3 Car Parking Space in a wide and well-designed porch Stylish TV lounges and drawing/dining areas Elegant woodwork and high-quality tile flooring Solid construction with attention to detail Well-ventilated rooms and wide windows for natural light Peaceful and secure neighborhood with all basic amenities Near parks, schools, mosque, and commercial markets Ideal for both living and investment, this house offers luxury, comfort, and convenience in one of Islamabads most sought-after sectors. Dont miss this opportunity schedule your visit today!","Built in year: 2025, Parking Spaces: 3, Double Glazed Windows, Central Air Conditioning, Central Heating, Flooring, Electricity Backup, Waste Disposal, Floors: 2, Other Main Features, Furnished","Bedrooms: 6, Bathrooms: 6, Servant Quarters: 1, Drawing Room, Dining Room, Kitchens: 2, Study Room, Prayer Room, Powder Room, Gym, Store Rooms: 1, Steam Room, Lounge or Sitting Room, Laundry Room, Other Rooms","Broadband Internet Access, Satellite or Cable TV Ready, Intercom, Other Business and Communication Facilities","Community Lawn or Garden, Community Swimming Pool, Community Gym, First Aid or Medical Centre, Day Care Centre, Kids Play Area, Barbeque Area, Mosque, Community Centre, Other Community Facilities","Lawn or Garden, Swimming Pool, Sauna, Jacuzzi, Other Healthcare and Recreation Facilities","Nearby Schools, Nearby Hospitals, Nearby Shopping Malls, Nearby Restaurants, Distance From Airport (kms), Nearby Public Transport Service, Other Nearby Places","Maintenance Staff, Security Staff, Facilities for Disabled, Other Facilities",,,
https://www.zameen.com/Property/islamabad_bani_gala_brand_new_double_story_spanish_house_for_sale_in_ideal_location-53345527-340-1.html,House,PKR2.2 Crore,4,5 Marla,For Sale,4,2 days ago,"Bani Gala, Islamabad, Islamabad Capital",Beautiful Location Spanish House For Sale In Beautiful Location All Facilities Available Now Like Electricity Water Carpeted Road Near To Korang Road,"Built in year: 2025, Parking Spaces: 1, Double Glazed Windows, Flooring, Waste Disposal, Floors: 2, Furnished","Bedrooms: 4, Bathrooms: 4, Servant Quarters: 1, Drawing Room, Dining Room, Kitchens: 2, Store Rooms: 1, Lounge or Sitting Room, Laundry Room","Broadband Internet Access, Satellite or Cable TV Ready","Community Lawn or Garden, Kids Play Area, Barbeque Area, Mosque",Lawn or Garden,"Nearby Schools, Nearby Hospitals, Nearby Shopping Malls, Nearby Restaurants, Distance From Airport (kms), Nearby Public Transport Service",Security Staff,,,
https://www.zameen.com/Property/islamabad_kuri_road_5_marla_brand_new_house_for_sale_at_kurri_road_near_dha_margalla_enclave-53347227-10322-1.html,House,PKR2.35 Crore,4,5 Marla,For Sale,4,4 days ago,"Kuri Road, Islamabad, Islamabad Capital",Brand New House Ready To Move A Plus Construction Solar Installed 1 Min From Kurri Road 2 Min From Dha 5 Min From Park Road,"Built in year: 2024, Parking Spaces: 1, Double Glazed Windows, Flooring, Waste Disposal","Bedrooms: 4, Bathrooms: 4, Drawing Room, Dining Room, Kitchens: 2, Store Rooms: 1, Lounge or Sitting Room, Laundry Room","Broadband Internet Access, Satellite or Cable TV Ready","Community Lawn or Garden, Kids Play Area, Barbeque Area, Mosque",Lawn or Garden,"Nearby Schools, Nearby Hospitals, Nearby Shopping Malls, Nearby Restaurants, Distance From Airport (kms), Nearby Public Transport Service, Other Nearby Places","Security Staff, Other Facilities",,,
https://www.zameen.com/Property/b_17_mpchs_-_multi_gardens_lavish_single_unit_house_prime_location_sun_face_solid_very_reasonable_price_in_mpchs_b-17-53146815-3115-1.html,House,PKR2.15 Crore,5,5 Marla,For Sale,5,2 days ago,"B-17, Islamabad, Islamabad Capital",Lavish single unit house for sale in MPCHS 5 bedrooms 5 bathrooms 1 Seprate kitchen Solid Land Sun face For more detils call or what's app,"Built in year: 2025, Parking Spaces: 1, Double Glazed Windows, Flooring, Electricity Backup, Waste Disposal, Floors: 2, Other Main Features","Bedrooms: 5, Bathrooms: 5, Servant Quarters: 1, Drawing Room, Dining Room, Kitchens: 1, Study Room, Prayer Room, Other Rooms","Broadband Internet Access, Satellite or Cable TV Ready, Intercom","Community Lawn or Garden, Community Swimming Pool, Community Gym, First Aid or Medical Centre, Day Care Centre, Kids Play Area, Barbeque Area, Mosque, Community Centre","Lawn or Garden, Swimming Pool","Nearby Schools, Nearby Hospitals, Nearby Shopping Malls, Nearby Restaurants, Distance From Airport (kms), Nearby Public Transport Service, Other Nearby Places","Maintenance Staff, Security Staff",,,
https://www.zameen.com/Property/mpchs_multi_gardens_mpchs_-_block_c_lavish_brand_new_10_marla_house_double_unit_prime_location_reasonable_price_only_3_90_cr_in_mpchs_block_c-52833691-3118-1.html,House,PKR3.9 Crore,6,10 Marla,For Sale,6,2 days ago,"B-17, Islamabad, Islamabad Capital","Majestic 10 Marla Double Unit Luxury Residence A Class Apart! Step into unmatched elegance with this 10 Marla double unit masterpiece, where modern architecture meets luxurious comfort. This exquisite home boasts: 6 Grand Master Bedrooms Designed with comfort, space, and style 7 Stylish Bathrooms Premium fittings and serene aesthetics 2 Elegant Dining Rooms Perfect for formal and family gatherings Spacious 3-Car Parking Ample space for convenience and security Thoughtfully crafted layout with seamless flow between living spaces Top-tier tiling, lighting, and woodwork adding a designer finish throughout Ideal for large families or those who value spacious, upscale living Located in a prime and peaceful neighborhood, this home offers both privacy and prestige a perfect blend of functionality and elegance. Live the life you deserve Luxury, Space, and Style in one address. For more detils call or what's app","Built in year: 2024, Parking Spaces: 3, Double Glazed Windows, Central Air Conditioning, Central Heating, Flooring, Electricity Backup, Waste Disposal, Floors: 2, Other Main Features, Furnished","Bedrooms: 6, Bathrooms: 7, Servant Quarters: 1, Drawing Room, Dining Room, Kitchens: 2, Study Room, Prayer Room, Powder Room, Gym, Store Rooms: 1, Steam Room, Lounge or Sitting Room, Laundry Room, Other Rooms","Broadband Internet Access, Satellite or Cable TV Ready, Intercom, Other Business and Communication Facilities","Community Lawn or Garden, Community Swimming Pool, Community Gym, First Aid or Medical Centre, Day Care Centre, Kids Play Area, Barbeque Area, Mosque, Community Centre, Other Community Facilities","Lawn or Garden, Swimming Pool, Sauna, Jacuzzi, Other Healthcare and Recreation Facilities","Nearby Schools, Nearby Hospitals, Nearby Shopping Malls, Nearby Restaurants, Distance From Airport (kms), Nearby Public Transport Service, Other Nearby Places","Maintenance Staff, Security Staff, Facilities for Disabled, Other Facilities",,,
https://www.zameen.com/Property/g_14_g-14_4_g-14_4_triple_storey_new_30_70_9_marla_house_for_sale-53058834-3346-1.html,House,PKR7 Crore,6,9 Marla,For Sale,9,1 week ago,"G-14, Islamabad, Islamabad Capital",G-14/4 triple story 9 Marla House for sale Corner size 30*70 Total 9 beds attached bath servant room 3 kitchen 3 drawing 3 tv laundge Dem 7crore,"Built in year: 2024, Parking Spaces: 2, Double Glazed Windows, Central Heating, Flooring, Electricity Backup, Waste Disposal, Floors: 3, Other Main Features","Bedrooms: 9, Bathrooms: 10, Servant Quarters: 1, Drawing Room, Dining Room, Kitchens: 3, Study Room, Prayer Room, Powder Room, Gym, Store Rooms: 3, Steam Room, Lounge or Sitting Room, Laundry Room, Other Rooms","Broadband Internet Access, Satellite or Cable TV Ready, Intercom, Other Business and Communication Facilities","Community Lawn or Garden, Community Swimming Pool, Community Gym, First Aid or Medical Centre, Day Care Centre, Kids Play Area, Barbeque Area, Mosque, Community Centre, Other Community Facilities","Lawn or Garden, Swimming Pool, Sauna, Jacuzzi, Other Healthcare and Recreation Facilities","Nearby Schools, Nearby Hospitals, Nearby Shopping Malls, Nearby Restaurants, Distance From Airport (kms), Nearby Public Transport Service, Other Nearby Places","Maintenance Staff, Security Staff, Facilities for Disabled, Other Facilities",,,
https://www.zameen.com/Property/g_9_g-9_4_g-9_4_house_for_sale_size_40x80_beautiful_location_solid_construction_urgent_sale-53062237-3387-1.html,House,PKR8.85 Crore,6,14 Marla,For Sale,6,4 weeks ago,"G-9, Islamabad, Islamabad Capital",G9/4 ?BEAUTIFUL LOCATION HOUSE URGENT SALE MORE DETAILS ON CALL FROM Well-Built Solid House Prime Location in G-9/4 Ideal for Residence & Investment Rare Opportunity Urgent Sale For Details Contact:,"Built in year: 2025, Parking Spaces: 1, Double Glazed Windows, Central Air Conditioning, Central Heating, Flooring, Electricity Backup, Waste Disposal, Floors: 2, Other Main Features, Furnished","Bedrooms: 3, Bathrooms: 4, Servant Quarters: 1, Drawing Room, Dining Room, Kitchens: 1, Study Room, Prayer Room, Powder Room, Gym, Store Rooms: 1, Steam Room, Lounge or Sitting Room, Laundry Room, Other Rooms","Broadband Internet Access, Satellite or Cable TV Ready, Intercom, Other Business and Communication Facilities","Community Lawn or Garden, Community Swimming Pool, Community Gym, First Aid or Medical Centre, Day Care Centre, Kids Play Area, Barbeque Area, Mosque, Community Centre, Other Community Facilities","Lawn or Garden, Swimming Pool, Sauna, Jacuzzi, Other Healthcare and Recreation Facilities","Nearby Schools, Nearby Hospitals, Nearby Shopping Malls, Nearby Restaurants, Distance From Airport (kms), Nearby Public Transport Service, Other Nearby Places","Maintenance Staff, Security Staff, Facilities for Disabled, Other Facilities",,,
https://www.zameen.com/Property/f_10_f-10_3_house_for_sale_in_f10_3_margalla_road-46755930-3278-1.html,House,PKR30 Crore,-,1.4 Kanal,For Sale,8,4 weeks ago,"F-10, Islamabad, Islamabad Capital","House For Sale In F10 Margalla Road 700 sqyrds with 3 kanal extra land on back Front open. Green Bled 8 Bedrooms, 8 Bathrooms, Drawing Dinning, TV lounges,kitchen, servant room,store room . surrounding the all easy access.","Built in year: 10, Parking Spaces: 6, Double Glazed Windows, Central Air Conditioning, Central Heating, Flooring, Electricity Backup, Waste Disposal, Floors: 1, Other Main Features, Furnished","Bedrooms: 8, Bathrooms: 8, Servant Quarters: 2, Drawing Room, Dining Room, Kitchens: 2, Study Room, Prayer Room, Powder Room, Gym, Store Rooms: 2, Steam Room, Lounge or Sitting Room, Laundry Room, Other Rooms","Broadband Internet Access, Satellite or Cable TV Ready, Intercom, Other Business and Communication Facilities","Community Lawn or Garden, Community Swimming Pool, Community Gym, First Aid or Medical Centre, Day Care Centre, Kids Play Area, Barbeque Area, Mosque, Community Centre, Other Community Facilities","Lawn or Garden, Swimming Pool, Sauna, Jacuzzi, Other Healthcare and Recreation Facilities","Nearby Schools, Nearby Hospitals, Nearby Shopping Malls, Nearby Restaurants, Distance From Airport (kms), Nearby Public Transport Service, Other Nearby Places","Maintenance Staff, Security Staff, Facilities for Disabled, Other Facilities",,,
https://www.zameen.com/Property/islamabad_f-11_house_for_sale_in_rs_150000000-47818704-163-1.html,House,PKR14 Crore,6,16 Marla,For Sale,6,4 weeks ago,"F-11, Islamabad, Islamabad Capital","House For Sale I'M F11 Double Story House 5 Bedroom. 5 Bathroom. Drawing. Dinning. Tv Lounge. Kitchen. A Price Of PKR Rs. 150000000 Is Quite Reasonable For The House On Sale. Options For 500 Square Yards Properties May Be Limited, So Book Yours While It Is Available. The House Here Is Constructed With The Best Materials And Comes With A Reasonable Price. Considering To Buy This Property? This One Has Multi-Purpose Facilities That Doesn'T Show Up On The Radar Too Often. Owning Property In F-11 Is A Dream For Many, So Stop Waiting And Start Exploring. In F-11, You Can Find Your Dream Property Like This At The Click Of A Button. Some Prominent Details Of The Property Are As Follows. 24/7 Waste Disposal Services Ensures The Society Looks And Feels Clean. Feel Rejuvenated In The Steam Room That Is Part Of The House. All Security Concerns Are Taken Into Account With The Availability Of 24/7 Security Services. Lose The Extra Body Fat With Regular Sauna Sessions Available On The Premises. Entertaining Your Guests Will Become Much Easier With This Attached Drawing Room. The Property Includes An Inviting Dining Room, Which Makes It An Ideal Option For Families. A Spacious Study Room Can Be Your Answer To Setting Up A Home Library And Office. Your Dream Life May Only Be A Call Away, So Contact Us To Book An Appointment.","Built in year: 10, Parking Spaces: 5, Double Glazed Windows, Central Air Conditioning, Central Heating, Flooring, Electricity Backup, Waste Disposal, Other Main Features, Furnished","Bedrooms: 5, Bathrooms: 6, Servant Quarters: 2, Drawing Room, Dining Room, Kitchens: 1, Study Room, Prayer Room, Powder Room, Gym, Store Rooms, Steam Room, Lounge or Sitting Room, Laundry Room, Other Rooms","Broadband Internet Access, Satellite or Cable TV Ready, Intercom, Other Business and Communication Facilities","Community Lawn or Garden, Community Swimming Pool, Community Gym, First Aid or Medical Centre, Day Care Centre, Kids Play Area, Barbeque Area, Mosque, Community Centre, Other Community Facilities","Lawn or Garden, Sauna, Jacuzzi, Other Healthcare and Recreation Facilities","Nearby Schools, Nearby Hospitals, Nearby Shopping Malls, Nearby Restaurants, Distance From Airport (kms), Nearby Public Transport Service, Other Nearby Places","Maintenance Staff, Security Staff, Facilities for Disabled, Other Facilities",,,
https://www.zameen.com/Property/gulberg_greens_block_b_samama_gulberg_tower_flat_for_sale_in_gulberg_green_islamabad-53086841-22140-1.html,Flat,PKR1.1 Crore,1,2.7 Marla,For Sale,1,5 days ago,"Gulberg, Islamabad, Islamabad Capital","One Bed Furnished Apartment for Sale in SamamaStar, Gulberg Greens Price: PKR 1.10Crore Area: Approx. 3 Marla (750 sq ft) Bedrooms/Bathrooms: 1 / 1 Furnishing: Fully furnished, possession-ready Highlights: Contemporary layout: Open kitchen with a comfortable living area, ideal for modern living Stylish design: High-quality flooring, premium fittings, ample natural lighting Building amenities: 24/7 security, standby generator, elevator access, dedicated parking space (as noted) Prime location: In a highly sought-after project at Gulberg Greens, ideal for both residence and investment","Built in year: 2023, Parking Spaces: 2, Lobby in Building, Double Glazed Windows, Central Air Conditioning, Central Heating, Flooring, Electricity Backup, Waste Disposal, Floor: 3, Floors in Building: 12, Elevators: 6, Service Elevators in Building, Other Main Features, Furnished","Bedrooms: 1, Bathrooms: 1, Servant Quarters: 1, Drawing Room, Dining Room, Kitchens: 1, Study Room, Prayer Room, Powder Room, Gym, Store Rooms: 1, Steam Room, Lounge or Sitting Room, Laundry Room, Other Rooms","Broadband Internet Access, Satellite or Cable TV Ready, Business Center or Media Room in Building, Conference Room in Building, Intercom, ATM Machines, Other Business and Communication Facilities","Community Lawn or Garden, Community Swimming Pool, Community Gym, First Aid or Medical Centre, Day Care Centre, Kids Play Area, Barbeque Area, Mosque, Community Centre, Other Community Facilities","Sauna, Jacuzzi, Other Healthcare and Recreation Facilities","Nearby Schools, Nearby Hospitals, Nearby Shopping Malls, Nearby Restaurants, Distance From Airport (kms), Nearby Public Transport Service, Other Nearby Places","Maintenance Staff, Security Staff, Facilities for Disabled, Other Facilities",,,
https://www.zameen.com/Property/islamabad_d-12_d-12_brand_new_25x50_139_yds_architect_design_double_story_house_4_master_bedrooms_attached_stylish_bathrooms_two_drawing_dining_two_american_style_kitchen_sqtr_reasonable_price-53033808-160-1.html,House,PKR5.75 Crore,5,5.6 Marla,For Sale,4,1 week ago,"D-12, Islamabad, Islamabad Capital","D-12 Brand New 25X50 = 139 Yds Architect Design Owner Build Double Story House 50 FT. ROAD Prime Location Complete Imported Fitting And Fixtures Elite CLASS Construction House 4 Master Bedrooms Attached Stylish Bathrooms Two Drawing Dining Two American Style Kitchen , Servant Quarter LUSH GREEN LAWN Car Parking Spaces Reasonable Price Contact Only Serious Buyers Negotiable Price Contact Al Hafiz Estate F-11 ISLAMABAD","Built in year: 2025, Parking Spaces: 1, Flooring, Electricity Backup, Waste Disposal, Floors: 2","Bedrooms: 4, Bathrooms: 5, Servant Quarters: 1, Drawing Room, Dining Room, Kitchens: 2, Study Room, Powder Room, Store Rooms: 1, Lounge or Sitting Room, Laundry Room",,,,,,,,
https://www.zameen.com/Property/g_14_g-14_4_g-14_4_brand_new_60x100_666_yds_architect_design_owner_build_double_story_spanish_style_house_prime_location_complete_imported_fitting_and_fixtures_and_spanish_wooden_tile_work_6_bed_reasonable_price-52928031-3346-1.html,House,PKR19.75 Crore,7,1.3 Kanal,For Sale,7,1 day ago,"G-14, Islamabad, Islamabad Capital","G-14/4 Brand New 60X100 = 666 Yds Architect Design Owner Build Double Story SPANISH STYLE House Prime Location Complete Imported Fitting And Fixtures AND Spanish wooden tile work Construction House 6 Master Bedrooms Attached Stylish Bathrooms Two Drawing Dining Two TV Lounge Two American Style Huge Kitchen With Dirty Kitchen , Store Two Servant Quarter HUGE LUSH GREEN LAWN Huge Car Parking Spaces Reasonable Price Contact Only Serious Buyers Negotiable Price Contact Al Hafiz Estate F-11 ISLAMABAD","Built in year: 2025, Parking Spaces, Double Glazed Windows, Central Air Conditioning, Central Heating, Flooring, Electricity Backup, Waste Disposal, Floors: 2","Bedrooms: 7, Bathrooms: 8, Servant Quarters: 2, Drawing Room, Dining Room, Kitchens: 2, Study Room, Prayer Room, Powder Room, Store Rooms: 2, Steam Room, Lounge or Sitting Room, Laundry Room, Other Rooms","Broadband Internet Access, Satellite or Cable TV Ready, Intercom, Other Business and Communication Facilities","Community Lawn or Garden, Community Gym, First Aid or Medical Centre, Day Care Centre, Kids Play Area, Barbeque Area, Mosque, Community Centre, Other Community Facilities",,,,,,
https://www.zameen.com/Property/d_17_pine_heights_luxury_apartments_fully_furnished_3_bed_flat_for_sale_d-17_2_islamabad_scenic_view_budget_friendly-53353690-9684-1.html,Flat,PKR1.7 Crore,3,6.5 Marla,For Sale,3,1 week ago,"D-17, Islamabad, Islamabad Capital","Discover your dream home in the peaceful surroundings of D-17/2 Islamabad! This beautifully furnished 3-bedroom flat is located on the 6th floor of Pine Apartments, offering a perfect blend of comfort, elegance, and affordability. With a total area of 1,469 sq. ft. , this apartment is ideal for families seeking a modern lifestyle in a serene yet well-connected location. Flat Features: 3 Spacious Bedrooms with Attached Bathrooms Fully Furnished (Beds, Sofas, Curtains, Appliances Included) Stylish Kitchen with Modern Fittings Balcony with Beautiful Terrace View Drawing/Dining Room High-Quality Finishing Secure 6th Floor Location with Lift Access Building & Community Amenities: 24/7 Security & CCTV Surveillance Standby Generators & Fast Elevators Dedicated Car Parking Mosque within the Block Childrens Play Area & Nearby Parks Grocery Stores, Schools, and Restaurants within Walking Distance Peaceful, Clean & Family-Friendly Environment Why Choose D-17/2 Islamabad? Fast-developing sector with great investment potential Easy access via Margalla Avenue & GT Road Affordable housing compared to central Islamabad Fresh air, scenic views, and green surroundings An Excellent Low-Budget Investment Opportunity Perfect for Living or Rental Income! Co-Founder, Noms Group We deal in PDA Projects (Hayatabad & Regi Model Town), DHA Peshawar, PHA, Eighteen Islamabad, Faisal Town & Faisal Hills Islamabad.","Parking Spaces: 1, Flooring, Electricity Backup, Furnished","Bedrooms: 3, Bathrooms: 3, Kitchens: 1, Lounge or Sitting Room, Laundry Room","Broadband Internet Access, Satellite or Cable TV Ready, Intercom","Community Lawn or Garden, Community Swimming Pool, Community Gym, First Aid or Medical Centre, Day Care Centre, Kids Play Area, Barbeque Area, Mosque, Community Centre",,"Nearby Schools, Nearby Hospitals, Nearby Shopping Malls, Nearby Restaurants, Distance From Airport (kms), Nearby Public Transport Service, Other Nearby Places","Maintenance Staff, Security Staff, Facilities for Disabled, Other Facilities",,,
https://www.zameen.com/Property/islamabad_park_view_city_1800_sqr_feet_apartment_available_in_down_town_park_view_city_islamabad-52974059-10933-1.html,Flat,PKR4.95 Crore,3,8 Marla,For Sale,2,3 weeks ago,"Park View City, Islamabad, Islamabad Capital",1800 Sqr Feet Apartment In Down Town Luxury Life Style Near Near Fountain View Contact For More Details,,,"Broadband Internet Access, ATM Machines","Kids Play Area, Barbeque Area, Mosque",,Nearby Restaurants,Security Staff,PKR2.48 Crore,PKR20.63 Lakh,12 Months
https://www.zameen.com/Property/dha_valley_lilly_sector_lilly_sector_-_dha_homes_8_marla_double_storey_house_for_sale_in_lilly_sector_-_dha_homes_islamabad-52543432-16826-1.html,House,PKR1.4 Crore,3,8 Marla,For Sale,3,1 week ago,"DHA Defence, Islamabad, Islamabad Capital","Property Features: 3 Spacious Bedrooms: Each equipped with attached bathrooms, ensuring privacy and comfort. Elegant Lounge Area: Perfect for family gatherings and relaxation. Formal Drawing and Dining Rooms: Designed for hosting guests and special occasions. Modern Kitchen: Fitted with contemporary fixtures and ample storage space. Dedicated Storeroom: Provides additional storage solutions. Servant Quarter: Ensures domestic assistance is readily available. Two Terraces: Offer scenic views and outdoor relaxation spots. Secure Car Parking: Ample space to accommodate your vehicle safely. Situated within a secure and well-planned community, this home provides easy access to schools, commercial centers, parks, and mosques, ensuring a convenient lifestyle. For further details or to arrange a viewing, contact us today!","Built in year: 2019, Parking Spaces: 1, Double Glazed Windows, Central Air Conditioning, Central Heating, Flooring, Electricity Backup, Waste Disposal, Floors: 2, Other Main Features, Furnished","Bedrooms: 3, Bathrooms: 3, Servant Quarters: 1, Drawing Room, Dining Room, Kitchens: 1, Study Room, Prayer Room, Powder Room, Store Rooms: 1, Lounge or Sitting Room, Other Rooms","Broadband Internet Access, Satellite or Cable TV Ready, Intercom, Other Business and Communication Facilities","Community Lawn or Garden, Community Swimming Pool, Community Gym, First Aid or Medical Centre, Day Care Centre, Kids Play Area, Barbeque Area, Mosque, Community Centre, Other Community Facilities","Lawn or Garden, Swimming Pool, Jacuzzi, Other Healthcare and Recreation Facilities","Nearby Schools, Nearby Hospitals, Nearby Shopping Malls, Nearby Restaurants, Distance From Airport (kms), Nearby Public Transport Service, Other Nearby Places","Maintenance Staff, Security Staff, Facilities for Disabled, Other Facilities",,,
https://www.zameen.com/Property/soan_garden_soan_garden_-_block_b_1_kanal_new_designer_house_is_available_for_sale-48215903-3492-1.html,House,PKR6.65 Crore,-,1 Kanal,For Sale,7,2 days ago,"Soan Garden, Islamabad, Islamabad Capital",1 Kanal New Designer Double Story House is Available For Sale Stunning Location Front Wide 40 fit Road Solid Contraction Tile Flooring Feachers 7 Bedrooms 9 Bathroom 2 kitchen+2 Delty Kitchen TV lounge Drawing Room Dinning Room Servant Room Space for car parking 4 All facilities are Available Near To Islamabad Express Way,"Built in year: 2024, Parking Spaces: 4, Double Glazed Windows, Central Air Conditioning, Central Heating, Flooring, Electricity Backup, Waste Disposal, Floors: 2, Other Main Features, Furnished","Bedrooms: 7, Bathrooms: 9, Servant Quarters: 1, Drawing Room, Dining Room, Kitchens: 2, Study Room, Prayer Room, Powder Room, Gym, Store Rooms: 1, Steam Room, Lounge or Sitting Room, Laundry Room, Other Rooms","Broadband Internet Access, Satellite or Cable TV Ready, Intercom, Other Business and Communication Facilities","Community Lawn or Garden, Community Swimming Pool, Community Gym, First Aid or Medical Centre, Day Care Centre, Kids Play Area, Barbeque Area, Mosque, Community Centre, Other Community Facilities","Lawn or Garden, Swimming Pool, Sauna, Jacuzzi, Other Healthcare and Recreation Facilities","Nearby Schools, Nearby Hospitals, Nearby Shopping Malls, Nearby Restaurants, Distance From Airport (kms), Nearby Public Transport Service, Other Nearby Places","Maintenance Staff, Security Staff, Facilities for Disabled, Other Facilities",,,
https://www.zameen.com/Property/g_10_g-10_markaz_1_bed_luxury_apartment_for_sale_4_year_installment-52705384-3328-1.html,Flat,PKR1.95 Crore,1,3.5 Marla,For Sale,1,3 weeks ago,"G-10, Islamabad, Islamabad Capital","GREEN VIEW APARTMENTS, A modern high-rise project in G-10 Islamabad, featuring luxurious residential apartment units designed with high-quality materials and sustainable practices. The units will range from 1 to 3-bedroom apartments and luxurious penthouses, catering to diverse family needs and preferences. Residents will enjoy top-tier amenities, including a prayer hall, fast elevators, gym, cafe, and secure basement car parking. The project emphasizes safety with robust security measures, including 24/7 surveillance and controlled access points. Combining contemporary living with eco-friendly design, this project promises a superior quality of life, offering both elegance and functionality in a stunning natural setting","Built in year: 2024, Parking Spaces, Lobby in Building, Double Glazed Windows, Central Air Conditioning, Central Heating, Flooring, Electricity Backup, Waste Disposal, Floor: 3, Floors in Building: 10, Elevators: 3, Other Main Features, Furnished","Bedrooms: 1, Bathrooms: 1, Servant Quarters: 1, Drawing Room, Dining Room, Kitchens: 1, Study Room, Prayer Room, Powder Room, Gym, Store Rooms, Steam Room, Lounge or Sitting Room, Laundry Room, Other Rooms","Broadband Internet Access, Satellite or Cable TV Ready, Business Center or Media Room in Building, Conference Room in Building, Intercom, ATM Machines, Other Business and Communication Facilities","Community Lawn or Garden, Community Swimming Pool, Community Gym, First Aid or Medical Centre, Day Care Centre, Kids Play Area, Barbeque Area, Mosque, Community Centre, Other Community Facilities","Sauna, Jacuzzi, Other Healthcare and Recreation Facilities","Nearby Schools, Nearby Hospitals, Nearby Shopping Malls, Nearby Restaurants, Distance From Airport (kms), Nearby Public Transport Service, Other Nearby Places","Maintenance Staff, Security Staff, Facilities for Disabled, Other Facilities",,,
https://www.zameen.com/Property/dha_defence_dha_defence_phase_2_premium_living_in_dha_2_1_kanal_designer_home_for_sale_in_dha_defence_phase_ii-52790051-339-1.html,House,PKR13.7 Crore,6,1 Kanal,For Sale,5,1 month ago,"DHA Defence, Islamabad, Islamabad Capital","1 Kanal Modern House for Sale DHA Phase 2, Islamabad Prime Location Peaceful street with easy access to main boulevard 6 Spacious Bedrooms with attached modern bathrooms Double Unit Design Ideal for two families or rental income Elegant Drawing Room & Formal Dining Area 2 Fully Equipped Kitchens Stylish design & quality fittings Large TV Lounges on both floors Ample Parking Space for 23 Vehicles Beautiful Lawn & Terrace Space Servant Quarters, Store Room & Laundry Area Solid Construction with Premium Finishes Secure & Gated Community 24/7 Surveillance","Double Glazed Windows, Central Air Conditioning, Central Heating, Waste Disposal, Furnished","Drawing Room, Dining Room, Study Room, Prayer Room, Powder Room, Gym, Steam Room, Lounge or Sitting Room, Laundry Room","Broadband Internet Access, Satellite or Cable TV Ready, Intercom","Community Lawn or Garden, Community Swimming Pool, Community Gym, First Aid or Medical Centre, Day Care Centre, Kids Play Area, Barbeque Area, Mosque, Community Centre","Lawn or Garden, Swimming Pool, Sauna, Jacuzzi","Nearby Schools, Nearby Hospitals, Nearby Shopping Malls, Nearby Restaurants, Distance From Airport (kms), Nearby Public Transport Service, Other Nearby Places","Maintenance Staff, Security Staff, Facilities for Disabled, Other Facilities",,,
https://www.zameen.com/Property/islamabad_i-8_beautiful_60x90_double_storey_house_at_prime_location-49695184-174-1.html,House,PKR22 Crore,6,1.2 Kanal,For Sale,8,5 days ago,"I-8, Islamabad, Islamabad Capital","Note: Original Pictures attached About the Property Presenting you a well-constructed, decent house in the heart of Islamabad. Within a 2 min walking distance to Park, Masjid, and Market, this house is located at one of the most in-demand locations in I-8. This property comes with durable and quality construction. The layout of the house is well thought out and has plenty of accommodation with spacious rooms. Location With Easy access and 50-foot wide streets, sector I-8 Provides a sophisticated and lush green environment to its residents. Its emerging Markaz provides its residents with all kinds of needs and wants.","Built in year: 2005, Parking Spaces: 5, Double Glazed Windows, Central Air Conditioning, Central Heating, Flooring, Electricity Backup, Waste Disposal, Floors: 2, Other Main Features, Furnished","Bedrooms: 8, Bathrooms: 6, Servant Quarters: 2, Drawing Room, Dining Room, Kitchens: 2, Study Room, Prayer Room, Powder Room, Gym, Store Rooms: 2, Steam Room, Lounge or Sitting Room, Laundry Room, Other Rooms","Broadband Internet Access, Satellite or Cable TV Ready, Intercom","Community Lawn or Garden, Community Swimming Pool, Community Gym, First Aid or Medical Centre, Day Care Centre, Kids Play Area, Barbeque Area, Mosque, Community Centre","Lawn or Garden, Swimming Pool, Sauna, Jacuzzi","Nearby Schools, Nearby Hospitals, Nearby Shopping Malls, Nearby Restaurants, Distance From Airport (kms), Nearby Public Transport Service, Other Nearby Places","Maintenance Staff, Security Staff, Facilities for Disabled, Other Facilities",,,
https://www.zameen.com/Property/islamabad_faisal_town_-_f-18_8_marla_beautiful_house_available_for_sale_in_faisal_town_a_block-52901249-8260-1.html,House,PKR3.9 Crore,5,8 Marla,For Sale,4,1 month ago,"Faisal Town - F-18, Islamabad, Islamabad Capital","House no 720 Block A Faisal town Size 30 x 60 Ground floor : 2 bed rooms with attach bath, kitchen , drawing room, lounge, 2 car Parking First floor : 2 bed rooms with attach bath, drawing, loung , kitchen , covered terrace Mumty : 1 room with attach bath , countre kitchen, laundry area, sitting area A+ Construction with modren architecture. Complete tile flooring, branded accessories, stylish elevation. Solar provision , UPS wiring done. Water bore , Electricity meter and gas meter already installed. Demand Rs 390","Built in year: 2025, Parking Spaces: 2, Double Glazed Windows, Central Air Conditioning, Central Heating, Flooring, Electricity Backup, Waste Disposal, Floors: 2, Other Main Features, Furnished","Bedrooms: 2, Bathrooms: 2, Servant Quarters: 1, Drawing Room, Dining Room, Kitchens: 2, Study Room, Prayer Room, Powder Room, Gym, Store Rooms: 2, Steam Room, Lounge or Sitting Room, Laundry Room, Other Rooms","Broadband Internet Access, Satellite or Cable TV Ready, Intercom, Other Business and Communication Facilities","Community Lawn or Garden, Community Swimming Pool, Community Gym, First Aid or Medical Centre, Day Care Centre, Kids Play Area, Barbeque Area, Mosque, Community Centre, Other Community Facilities","Lawn or Garden, Sauna, Jacuzzi, Other Healthcare and Recreation Facilities","Nearby Schools, Nearby Hospitals, Nearby Shopping Malls, Nearby Restaurants, Distance From Airport (kms), Nearby Public Transport Service, Other Nearby Places","Maintenance Staff, Security Staff, Facilities for Disabled",,,
https://www.zameen.com/Property/gulberg_residencia_gulberg_residencia_-_block_f_brand_new_double_storey_house_with_servant_room-52620742-9116-1.html,House,PKR4.2 Crore,7,7 Marla,For Sale,5,2 weeks ago,"Gulberg, Islamabad, Islamabad Capital",Block F Near to park 5 bad 7 bath 2 lounge 2 kitchen 2 D/D 2 Car space ideal location Brand New house,"Built in year: 2050, Parking Spaces: 3, Double Glazed Windows, Central Air Conditioning, Central Heating, Flooring, Electricity Backup, Waste Disposal, Floors: 3, Other Main Features, Furnished","Bedrooms: 6, Bathrooms: 7, Servant Quarters: 1, Drawing Room, Dining Room, Kitchens: 2, Study Room, Prayer Room, Powder Room, Gym, Store Rooms: 1, Steam Room, Lounge or Sitting Room, Laundry Room, Other Rooms","Broadband Internet Access, Satellite or Cable TV Ready, Intercom, Other Business and Communication Facilities","Community Lawn or Garden, Community Swimming Pool, Community Gym, First Aid or Medical Centre, Day Care Centre, Kids Play Area, Barbeque Area, Mosque, Community Centre, Other Community Facilities","Lawn or Garden, Swimming Pool, Sauna, Jacuzzi, Other Healthcare and Recreation Facilities","Nearby Schools, Nearby Hospitals, Nearby Shopping Malls, Nearby Restaurants, Distance From Airport (kms), Nearby Public Transport Service, Other Nearby Places","Maintenance Staff, Security Staff, Facilities for Disabled, Other Facilities",,,
https://www.zameen.com/Property/b_17_mpchs_-_multi_gardens_8_marla_corner_house_for_sale_in_multi_gardens_b-17_fmc_block-53256099-3115-1.html,House,PKR4.3 Crore,6,8 Marla,For Sale,5,5 days ago,"B-17, Islamabad, Islamabad Capital","8 Marla Corner House for Sale in Multi Gardens B-17, FMC Block Discover your dream home in one of Islamabads most sought-after locations! This beautiful 8 Marla corner house offers a perfect combination of comfort, style, and convenience. Property Features: 5 spacious bedrooms with attached modern bathrooms 2 elegant TV lounges for family gatherings 2 stylish drawing rooms for guests Secure parking space for 2 cars Prime corner location ensuring maximum light and ventilation Location Highlights: Situated in FMC Block, Multi Gardens B-17 Walking distance to Markaz, Masjid, and School Peaceful environment with all facilities available (water, electricity, gas, internet) Ideal for families looking for a luxurious and convenient lifestyle Additional Benefits: Hot and highly demanded location Solid construction with modern finishing Ready-to-move-in house","Built in year: 2025, Parking Spaces: 2, Double Glazed Windows, Flooring, Electricity Backup, Waste Disposal, Floors: 2, Other Main Features","Bedrooms: 5, Bathrooms: 6, Servant Quarters: 1, Drawing Room, Dining Room, Kitchens: 2, Study Room, Prayer Room, Powder Room","Broadband Internet Access, Satellite or Cable TV Ready, Intercom","Community Lawn or Garden, Community Swimming Pool, Community Gym, First Aid or Medical Centre, Day Care Centre, Kids Play Area, Barbeque Area, Mosque, Community Centre","Lawn or Garden, Swimming Pool, Sauna, Jacuzzi","Nearby Schools, Nearby Hospitals, Nearby Shopping Malls, Nearby Restaurants, Distance From Airport (kms), Nearby Public Transport Service, Other Nearby Places","Maintenance Staff, Security Staff, Facilities for Disabled, Other Facilities",,,
https://www.zameen.com/Property/dha_defence_dha_defence_phase_2_a_class_furnished_house_in_dha_2-52983281-339-1.html,House,PKR11.5 Crore,6,1 Kanal,For Sale,5,4 days ago,"DHA Defence, Islamabad, Islamabad Capital",VIP Properties Offer Variety Of Houses Available In DHA 2 Specific One Kanal Luxury House Has Excellent Furnished Available In DHA 2,"Built in year: 2025, Parking Spaces: 3, Flooring, Floors: 2, Furnished","Bedrooms: 5, Bathrooms: 6, Servant Quarters: 1, Drawing Room, Dining Room, Kitchens: 2, Powder Room, Store Rooms: 4, Lounge or Sitting Room, Laundry Room","Broadband Internet Access, Satellite or Cable TV Ready, Intercom","Community Lawn or Garden, Community Swimming Pool, Community Gym, First Aid or Medical Centre, Day Care Centre, Kids Play Area, Barbeque Area, Mosque, Community Centre","Lawn or Garden, Swimming Pool, Sauna, Jacuzzi","Nearby Schools, Nearby Hospitals, Nearby Shopping Malls, Nearby Restaurants, Distance From Airport (kms), Nearby Public Transport Service, Other Nearby Places","Security Staff, Other Facilities",,,
https://www.zameen.com/Property/islamabad_top_city_1_top_city_brand_new_35_65_9_5_marla_for_sale-53056845-1383-1.html,House,PKR4.2 Crore,5,10 Marla,For Sale,4,1 week ago,"Top City 1, Islamabad, Islamabad Capital","Top city brand new laxuary house for sale Block A, Total 4 bedrooms 4 bathroom drawing TV laundge 2 kitchen Dem 4.10cr","Built in year: 2024, Parking Spaces: 2, Double Glazed Windows, Central Air Conditioning, Central Heating, Flooring, Electricity Backup, Waste Disposal, Floors: 2, Other Main Features, Furnished","Bedrooms: 4, Bathrooms: 4, Servant Quarters: 1, Drawing Room, Dining Room, Kitchens: 2, Study Room, Prayer Room, Powder Room, Gym, Store Rooms: 2, Steam Room, Lounge or Sitting Room, Laundry Room, Other Rooms","Broadband Internet Access, Satellite or Cable TV Ready, Intercom, Other Business and Communication Facilities","Community Lawn or Garden, Community Swimming Pool, Community Gym, First Aid or Medical Centre, Day Care Centre, Kids Play Area, Barbeque Area, Mosque, Community Centre, Other Community Facilities","Lawn or Garden, Swimming Pool, Sauna, Jacuzzi, Other Healthcare and Recreation Facilities","Nearby Schools, Nearby Hospitals, Nearby Shopping Malls, Nearby Restaurants, Distance From Airport (kms), Nearby Public Transport Service, Other Nearby Places","Maintenance Staff, Security Staff, Facilities for Disabled, Other Facilities",,,
https://www.zameen.com/Property/islamabad_i-14_a_8_marla_house_in_i-14_is_on_the_market_for_sale-53051770-1045-1.html,House,PKR3.75 Crore,6,8 Marla,For Sale,5,1 week ago,"I-14, Islamabad, Islamabad Capital","You can own your dream house in the affluent neighbourhood of I-14 with ease. Don't wait to invest in I-14 if you seek profitable returns. We can help you buy the best House in I-14. The property is priced at Rs. 42000000 which is great, given its location. Book your dream home from our endless property options available for sale. You will thank yourself later for investing in 8 Marla property that doesn't come by so easily. The following property features will tell you what makes it special. Professional security services at all times ensure the House stays well-protected. The House comes with a steam room that is good for your skin and overall health. The House has a central heating system installed which is especially useful during winters. Your kids can play to their heart's content in the play area adjoining the property. Differently-abled people will find this House easy to navigate, as it is developed to incorporate their needs. Cleanliness is ensured at all times through an effective waste disposal system. Now you can stay ahead on social media with fast broadband internet access. Contact us now, and our representatives will give you all the details you need.","Built in year: 2025, Parking Spaces: 2, Double Glazed Windows, Central Air Conditioning, Central Heating, Flooring, Electricity Backup, Waste Disposal, Floors: 2, Other Main Features","Bedrooms: 5, Bathrooms: 5, Servant Quarters: 2, Drawing Room, Dining Room, Kitchens: 2, Study Room, Prayer Room, Powder Room, Gym, Store Rooms: 2, Steam Room, Lounge or Sitting Room, Laundry Room, Other Rooms","Broadband Internet Access, Satellite or Cable TV Ready, Intercom, Other Business and Communication Facilities","Community Lawn or Garden, Community Swimming Pool, Community Gym, First Aid or Medical Centre, Day Care Centre, Kids Play Area, Barbeque Area, Mosque, Community Centre, Other Community Facilities","Lawn or Garden, Swimming Pool, Sauna, Jacuzzi, Other Healthcare and Recreation Facilities","Nearby Schools, Nearby Hospitals, Nearby Shopping Malls, Nearby Restaurants, Distance From Airport (kms), Nearby Public Transport Service, Other Nearby Places","Maintenance Staff, Security Staff, Facilities for Disabled, Other Facilities",,,
https://www.zameen.com/Property/islamabad_g-13_g-13_house_for_sale_sized_10_marla-53051769-330-1.html,House,PKR6.8 Crore,6,10 Marla,For Sale,6,1 week ago,"G-13, Islamabad, Islamabad Capital","Let us know if Need help in narrowing down popular areas for House in G-13. It's the best time for investment in 10 Marla property and we know just the option for you. If you've looked at some of the other property listings in this Rs. 68000000 range, you'll definitely note that this offer is a bargain. You can find single and double-storey properties easily in G-13. G-13 has some of the best property deals, so what are you waiting for! This property is definitely not a miss! So, buy it before it gets off of your radar. Know more about the property with the details given below. Your body pain can vanish, with a quick session in the Jacuzzi. 24/7 active security staff patrolling the building ensures that residents can lead a worry-free life. Your kids can play to their heart's content in the play area adjoining the property. Enjoy the luxury of a steam room at your own House. The property comes with a powder room - adding to its many convenient features. You and your children can plan a study routine, utilizing the study room in the House without worrying about space. Sauna aids in blood circulation and weight loss so you can give it a try having quick access to it. Need more information! Call us.","Built in year: 2016, Parking Spaces: 3, Double Glazed Windows, Central Air Conditioning, Central Heating, Flooring, Electricity Backup, Waste Disposal, Floors: 2, Other Main Features","Bedrooms: 6, Bathrooms: 6, Servant Quarters: 2, Drawing Room, Dining Room, Kitchens: 2, Study Room, Prayer Room, Powder Room, Gym, Store Rooms: 2, Steam Room, Lounge or Sitting Room, Laundry Room, Other Rooms","Broadband Internet Access, Satellite or Cable TV Ready, Intercom, Other Business and Communication Facilities","Community Lawn or Garden, Community Swimming Pool, Community Gym, First Aid or Medical Centre, Day Care Centre, Kids Play Area, Barbeque Area, Mosque, Community Centre, Other Community Facilities","Lawn or Garden, Swimming Pool, Sauna, Jacuzzi, Other Healthcare and Recreation Facilities","Nearby Schools, Nearby Hospitals, Nearby Shopping Malls, Nearby Restaurants, Distance From Airport (kms), Nearby Public Transport Service, Other Nearby Places","Maintenance Staff, Security Staff, Facilities for Disabled, Other Facilities",,,
https://www.zameen.com/Property/islamabad_g-13_house_available_for_sale_in_g-13-53051767-330-1.html,House,PKR5.2 Crore,5,8 Marla,For Sale,4,1 week ago,"G-13, Islamabad, Islamabad Capital","If this House interests you wait, wait till you visit G-13. At the price of Rs. 52000000, nothing can beat this offer. A centrally located property is the best investment you can make for your future. We offer you just the right House to purchase. In this property's spacious 8 Marla, you can live your dream lifestyle. With a real estate boom in G-13, it's the best time to invest in your dream home. To get to more details on the property, some of its features are given below. A central lounge area that comes with this property makes it easy for everyone to hang in one place and enjoy family time. For the ultimate luxury experience, the property also has a sauna for a healthier and relaxed state of body and mind. You can run your business conveniently with high-speed broadband internet access that comes with this commercial centre. The House is well-planned to include a prayer room so that the ladies can peacefully offer their five daily prayers. Keep the rest of your home tidy with meal times restricted to your spacious dining room that comes with this House. Double glazed windows in the House helps maintain the temperature inside. The community lawn near the House is a great place to host small functions. For details, contact us through phone or email.","Built in year: 2018, Parking Spaces: 1, Double Glazed Windows, Central Air Conditioning, Central Heating, Flooring, Electricity Backup, Waste Disposal, Floors: 2, Other Main Features","Bedrooms: 4, Bathrooms: 5, Servant Quarters: 1, Drawing Room, Dining Room, Kitchens: 2, Study Room, Prayer Room, Powder Room, Gym, Store Rooms: 2, Steam Room, Lounge or Sitting Room, Laundry Room, Other Rooms","Broadband Internet Access, Satellite or Cable TV Ready, Intercom, Other Business and Communication Facilities","Community Lawn or Garden, Community Swimming Pool, Community Gym, First Aid or Medical Centre, Day Care Centre, Kids Play Area, Barbeque Area, Mosque, Community Centre, Other Community Facilities","Lawn or Garden, Swimming Pool, Sauna, Jacuzzi, Other Healthcare and Recreation Facilities","Nearby Schools, Nearby Hospitals, Nearby Shopping Malls, Nearby Restaurants, Distance From Airport (kms), Nearby Public Transport Service, Other Nearby Places","Maintenance Staff, Security Staff, Facilities for Disabled, Other Facilities",,,
https://www.zameen.com/Property/islamabad_g-13_reserve_a_centrally_located_house_in_g-13-53051766-330-1.html,House,PKR3.1 Crore,4,4 Marla,For Sale,4,1 week ago,"G-13, Islamabad, Islamabad Capital","A house in G-13 will bring you the best lifestyle, so don't wait further to make a decision. Trust us, you'd be hard-pressed to find a similar property offer that falls near this Rs. 31000000 price range. The city of G-13 offers hundred of housing options for renting and purchasing. The House on offer can fit your needs perfectly. The demand for 4 Marla House is growing day by day. Buying a property from our offerings will give you just what you need. To get to more details on the property, some of its features are given below. Let your troubles melt away by relaxing in this Jacuzzi. Now you don't have to worry about seating your close relatives as the central lounge in this House is big enough. Double glazed windows offer security as well as look beautiful in the House. A powder room is a great addition especially if you frequently entertain guests. Not all families need a separate dining parlour but this property has one, in case you like to make mealtimes special. As a resident, you don't have to worry about waste disposal as that is effectively taken care of. Have too many guests to entertain at one time? This property is exactly what you need with its large and beautifully designed drawing room. You can book your House today by contacting us via the given information.","Built in year: 2022, Parking Spaces, Double Glazed Windows, Central Air Conditioning, Central Heating, Flooring, Electricity Backup, Waste Disposal, Floors, Other Main Features, Furnished","Bedrooms: 5, Bathrooms: 4, Servant Quarters: 1, Drawing Room, Dining Room, Kitchens: 2, Study Room, Prayer Room, Powder Room, Gym, Store Rooms: 1, Steam Room, Lounge or Sitting Room, Laundry Room, Other Rooms","Broadband Internet Access, Satellite or Cable TV Ready, Intercom, Other Business and Communication Facilities","Community Lawn or Garden, Community Swimming Pool, Community Gym, First Aid or Medical Centre, Day Care Centre, Kids Play Area, Barbeque Area, Mosque, Community Centre, Other Community Facilities","Lawn or Garden, Swimming Pool, Sauna, Jacuzzi, Other Healthcare and Recreation Facilities","Nearby Schools, Nearby Hospitals, Nearby Shopping Malls, Nearby Restaurants, Distance From Airport (kms), Nearby Public Transport Service, Other Nearby Places","Maintenance Staff, Security Staff, Facilities for Disabled, Other Facilities",,,
https://www.zameen.com/Property/islamabad_g-13_g-13_brand_new_500_yds_architect_design_double_story_house_6_master_bedrooms_attached_stylish_bathrooms_two_drawing_dining_two_tv_lounge_two_american_style_kitchen_with_dirty_kitchen_store_two_sqtr_reasonable_price-52828835-330-1.html,House,PKR16.7 Crore,7,1 Kanal,For Sale,8,4 days ago,"G-13, Islamabad, Islamabad Capital","G-13 Brand New 500 Yds Architect Design Owner Build Double Story House Prime Location Complete Imported Fitting And Fixtures Elite CLASS Construction House 6 Master Bedrooms Attached Stylish Bathrooms Two Drawing Dining Two TV Lounge Two American Style Huge Kitchen With Dirty Kitchen , Store Two Servant Quarter HUGE LUSH GREEN LAWN Huge Car Parking Spaces Reasonable Price Contact Only Serious Buyers Negotiable Price Contact Al Hafiz Estate F-11 ISLAMABAD","Built in year: 2025, Parking Spaces: 4, Double Glazed Windows, Central Air Conditioning, Central Heating, Flooring, Electricity Backup, Waste Disposal, Floors: 3, Other Main Features","Bedrooms: 8, Bathrooms: 8, Servant Quarters: 2, Drawing Room, Dining Room, Kitchens: 4, Study Room, Prayer Room, Powder Room, Store Rooms: 2, Steam Room, Lounge or Sitting Room, Laundry Room, Other Rooms","Broadband Internet Access, Satellite or Cable TV Ready, Intercom, Other Business and Communication Facilities","Community Lawn or Garden, Community Swimming Pool, Community Gym, First Aid or Medical Centre, Day Care Centre, Kids Play Area, Barbeque Area, Mosque, Community Centre, Other Community Facilities","Lawn or Garden, Swimming Pool, Sauna, Jacuzzi, Other Healthcare and Recreation Facilities","Nearby Schools, Nearby Hospitals, Nearby Shopping Malls, Nearby Restaurants, Distance From Airport (kms), Nearby Public Transport Service, Other Nearby Places",,,,
https://www.zameen.com/Property/g_14_g-14_4_g-14_4_brand_new_size_139yd_architect_design_double_storey_house_5_master_bedrooms_attached_stylish_5_bathrooms_2_d_d_2_american_style_kitchen_sqtr_reasonable_price-52338620-3346-1.html,House,PKR4.99 Crore,5,5.6 Marla,For Sale,5,1 week ago,"G-14, Islamabad, Islamabad Capital",G-14/4 Brand New Architect Design Double Story House Size 25x50 = 139 Sq Yd Prime location (Complete Imported Fitting & Fixtures) 5 Bedrooms Attached Stylish Bathrooms Double Drawing Dinning Two American Style Kitchen Servant Quarter Beautiful Lush Green Lawn Car Parking Spaces Very Reasonable Price Contact only Serious Buyers Negotiable Price Contact Al Hafiz Estate F-11,"Built in year: 2025, Parking Spaces: 1, Double Glazed Windows, Central Air Conditioning, Central Heating, Flooring, Electricity Backup, Waste Disposal, Floors: 2, Other Main Features, Furnished","Bedrooms: 5, Bathrooms: 6, Servant Quarters: 1, Drawing Room, Dining Room, Kitchens: 2, Study Room, Prayer Room, Powder Room, Gym, Store Rooms: 1, Steam Room, Lounge or Sitting Room, Laundry Room, Other Rooms","Broadband Internet Access, Satellite or Cable TV Ready, Intercom, Other Business and Communication Facilities","Community Lawn or Garden, Community Swimming Pool, Community Gym, First Aid or Medical Centre, Day Care Centre, Kids Play Area, Barbeque Area, Mosque, Community Centre, Other Community Facilities","Lawn or Garden, Swimming Pool, Sauna, Jacuzzi, Other Healthcare and Recreation Facilities","Nearby Schools, Nearby Hospitals, Nearby Shopping Malls, Nearby Restaurants, Distance From Airport (kms), Nearby Public Transport Service, Other Nearby Places","Maintenance Staff, Security Staff, Facilities for Disabled, Other Facilities",,,
https://www.zameen.com/Property/islamabad_d-12_d_-12_brand_new_356_yards_architect_design_double_storey_house_6_master_bedrooms_attached_stylish_bathrooms_two_drawing_dining_two_tv_lounge_two_american_style_kitchen_store_servant_quarter_huge_lush_green_lawn_3_car_parking_space_reasonable_price-52258070-160-1.html,House,PKR15 Crore,7,14.2 Marla,For Sale,7,1 day ago,"D-12, Islamabad, Islamabad Capital","D -12 Brand New 356 Yds Architect Design Double Story House 6 Master Bedrooms Attached Stylish Bathrooms Two Drawing Dining Two TV Lounge Two American Style Kitchen , Store Sqtr HUGE LUSH GREEN LAWN 3 Car Parking Space Reasonable Price Contact Only Serious Buyers Negotiable Price Contact Al Hafiz Estate F-11 ISLAMABAD","Built in year: 2025, Parking Spaces: 3, Double Glazed Windows, Central Air Conditioning, Central Heating, Flooring, Electricity Backup, Waste Disposal, Floors: 3, Other Main Features, Furnished","Bedrooms: 6, Bathrooms: 8, Servant Quarters: 1, Drawing Room, Dining Room, Kitchens: 3, Study Room, Prayer Room, Powder Room, Gym, Store Rooms: 1, Steam Room, Lounge or Sitting Room, Laundry Room, Other Rooms","Broadband Internet Access, Satellite or Cable TV Ready, Intercom, Other Business and Communication Facilities","Community Lawn or Garden, Community Swimming Pool, Community Gym, First Aid or Medical Centre, Day Care Centre, Kids Play Area, Barbeque Area, Mosque, Community Centre, Other Community Facilities","Lawn or Garden, Swimming Pool, Sauna, Jacuzzi, Other Healthcare and Recreation Facilities","Nearby Schools, Nearby Hospitals, Nearby Shopping Malls, Nearby Restaurants, Distance From Airport (kms), Nearby Public Transport Service, Other Nearby Places","Maintenance Staff, Security Staff, Facilities for Disabled, Other Facilities",,,
https://www.zameen.com/Property/islamabad_g-13_g-13_brand_new_size_272_yard_architect_design_double_story_house_6_master_bedrooms_attached_stylish_6_bathrooms_2_dd_2_tv_lounge_american_style_kitchen_sq_ft_reasonable_price-51173407-330-1.html,House,PKR8.35 Crore,7,10.9 Marla,For Sale,7,2 weeks ago,"G-13, Islamabad, Islamabad Capital",G-13 Brand New Architect Design Double Story House Size 35x70 =272 Sq Yd Prime Location (Complete Imported Fitting &Amp; Fixtures) 7 Bedrooms Attached Stylish Bathrooms Double Drawing Dinning Two Tv Lounge Two American Style Kitchen Servant Quarter Beautiful Lush Green Lawn Huge 3 Car Parking Spaces WATER BORING AND SUPPLY CONNECTION Very Reasonable Price Contact Only Serious Buyers Negotiable Price Contact Al Hafiz Estate F-11 ISLAMABAD,"Built in year: 2025, Parking Spaces: 3, Double Glazed Windows, Central Air Conditioning, Central Heating, Flooring, Electricity Backup, Waste Disposal, Floors: 3, Other Main Features","Bedrooms: 7, Bathrooms: 7, Servant Quarters: 1, Drawing Room, Dining Room, Kitchens: 2, Study Room, Prayer Room, Powder Room, Store Rooms: 1, Lounge or Sitting Room, Other Rooms","Broadband Internet Access, Satellite or Cable TV Ready, Intercom, Other Business and Communication Facilities","Community Lawn or Garden, Community Gym, First Aid or Medical Centre, Day Care Centre, Kids Play Area, Barbeque Area, Mosque, Community Centre, Other Community Facilities",Lawn or Garden,"Nearby Schools, Nearby Hospitals, Nearby Shopping Malls, Nearby Restaurants, Distance From Airport (kms), Nearby Public Transport Service, Other Nearby Places","Security Staff, Other Facilities",,,
https://www.zameen.com/Property/g_14_g-14_4_g-14_brand_new_size_356_yards_architect_design_double_storey_house_6_master_bedrooms_attached_stylish_6_bathrooms_2_d_d_2_tv_lounge_american_style_kitchen_reasonable_price-51131829-3346-1.html,House,PKR10 Crore,7,14.2 Marla,For Sale,7,2 weeks ago,"G-14, Islamabad, Islamabad Capital",G-14 Brand New Architect Design Double Story House Size 40x80 =356 Sq Yd Prime Location (Complete Imported Fitting &Amp; Fixtures) 7 Bedrooms Attached Stylish Bathrooms Double Drawing Dinning Two Tv Lounge Two American Style Kitchen Servant Quarter Beautiful Lush Green Lawn Huge 5 Car Parking Spaces Very Reasonable Price Contact Only Serious Buyers Negotiable Price Contact Al Hafiz Estate F-11 ISLAMABAD,"Built in year: 2024, Parking Spaces: 3, Double Glazed Windows, Central Air Conditioning, Central Heating, Flooring, Electricity Backup, Waste Disposal, Floors: 2, Other Main Features, Furnished","Bedrooms: 7, Bathrooms: 7, Servant Quarters: 1, Drawing Room, Dining Room, Kitchens: 2, Study Room, Prayer Room, Powder Room, Gym, Store Rooms: 1, Steam Room, Lounge or Sitting Room, Laundry Room, Other Rooms","Broadband Internet Access, Satellite or Cable TV Ready, Intercom, Other Business and Communication Facilities","Community Lawn or Garden, Community Swimming Pool, Community Gym, First Aid or Medical Centre, Day Care Centre, Kids Play Area, Barbeque Area, Mosque, Community Centre, Other Community Facilities","Lawn or Garden, Swimming Pool, Sauna, Jacuzzi, Other Healthcare and Recreation Facilities","Nearby Schools, Nearby Hospitals, Nearby Shopping Malls, Nearby Restaurants, Distance From Airport (kms), Nearby Public Transport Service, Other Nearby Places","Maintenance Staff, Security Staff, Facilities for Disabled, Other Facilities",,,
https://www.zameen.com/Property/park_enclave_park_enclave_1_park_enclave_cda_islamabad_brand_new_500_yard_architect_design_double_story_house_6_bedroom_attached_stylish_bathrooms_drawing_dinning_tvl_american_style_kitchen_sqtr_reasonable_price-50766539-17148-1.html,House,PKR15 Crore,6,1 Kanal,For Sale,6,22 hours ago,"Park Enclave, Islamabad, Islamabad Capital","PARK ENCLAVE ONE CDA ISLAMABAD Brand New 500 YDS Architect Design Owner Build House Size 50x90 = 500 Yds Double Story House Prime Location Complete Imported Fitting And Fixtures with Heating System , Complete Ac Inventor Heating and Cooling 6 Master Bedrooms Attached Stylish Bathrooms Drawing Dining , Powder Room, Double TV Lounge Double American Style Huge Kitchen , Store Servant Quarter Huge Car Parking Spaces Reasonable Price Contact Only Serious Buyers Negotiable Price Contact AL HAFIZ ESTATE F-11 MARKAZ ISLAMABAD","Built in year: 2023, Parking Spaces: 3, Double Glazed Windows, Central Air Conditioning, Central Heating, Flooring, Electricity Backup, Waste Disposal, Floors: 2, Other Main Features, Furnished","Bedrooms: 6, Bathrooms: 6, Servant Quarters: 1, Drawing Room, Dining Room, Kitchens: 2, Study Room, Prayer Room, Powder Room, Gym, Store Rooms: 1, Steam Room, Lounge or Sitting Room, Laundry Room, Other Rooms","Broadband Internet Access, Satellite or Cable TV Ready, Intercom, Other Business and Communication Facilities","Community Lawn or Garden, Community Swimming Pool, Community Gym, First Aid or Medical Centre, Day Care Centre, Kids Play Area, Barbeque Area, Mosque, Community Centre, Other Community Facilities","Lawn or Garden, Swimming Pool, Sauna, Jacuzzi, Other Healthcare and Recreation Facilities","Nearby Schools, Nearby Hospitals, Nearby Shopping Malls, Nearby Restaurants, Distance From Airport (kms), Nearby Public Transport Service, Other Nearby Places","Maintenance Staff, Security Staff, Facilities for Disabled, Other Facilities",,,
https://www.zameen.com/Property/islamabad_g-13_g-13_brand_new_architect_design_double_storey_house_size_30x60_200_sq_yd_prime_location_complete_imported_fitting_fixtures_5_bedrooms_attached_stylish_bathrooms_double_d_d_two_american_style_kitchen_servant_quarter_reasonable_price-50616216-330-1.html,House,PKR6.75 Crore,6,8 Marla,For Sale,6,4 days ago,"G-13, Islamabad, Islamabad Capital",G-13 Brand New Architect Design Double Story House Size 30x60 = 200 Sq Yd Prime location (Complete Imported Fitting & Fixtures) 5 Bedrooms Attached Stylish Bathrooms Double Drawing Dinning Two American Style Kitchen Servant Quarter Beautiful Lush Green Lawn Car Parking Spaces Very Reasonable Price Contact only Serious Buyers Negotiable Price Contact Al Hafiz Estate F-11,"Built in year: 2024, Parking Spaces: 2, Double Glazed Windows, Central Air Conditioning, Central Heating, Flooring, Electricity Backup, Waste Disposal, Floors: 2, Other Main Features, Furnished","Bedrooms: 5, Bathrooms: 7, Servant Quarters: 1, Drawing Room, Dining Room, Kitchens: 2, Study Room, Prayer Room, Powder Room, Gym, Store Rooms: 1, Steam Room, Lounge or Sitting Room, Laundry Room, Other Rooms","Broadband Internet Access, Satellite or Cable TV Ready, Intercom, Other Business and Communication Facilities","Community Lawn or Garden, Community Swimming Pool, Community Gym, First Aid or Medical Centre, Day Care Centre, Kids Play Area, Barbeque Area, Mosque, Community Centre, Other Community Facilities","Lawn or Garden, Swimming Pool, Sauna, Jacuzzi, Other Healthcare and Recreation Facilities","Nearby Schools, Nearby Hospitals, Nearby Shopping Malls, Nearby Restaurants, Distance From Airport (kms), Nearby Public Transport Service, Other Nearby Places","Maintenance Staff, Security Staff, Facilities for Disabled, Other Facilities",,,
https://www.zameen.com/Property/islamabad_g-13_g-13_brand_new_size_200yd_architect_design_double_storey_house_5_master_bedrooms_attached_stylish_6_bathrooms_2_d_d_2_tv_lounge_american_style_kitchen_sqtr_reasonable_price-49704146-330-1.html,House,PKR6.85 Crore,6,8 Marla,For Sale,5,4 days ago,"G-13, Islamabad, Islamabad Capital",G-13 Brand New Architect Design Double Story House Size 30x60 = 200 Sq Yd Prime location (Complete Imported Fitting & Fixtures) 5 Bedrooms Attached Stylish Bathrooms Double Drawing Dinning Two American Style Kitchen Servant Quarter Beautiful Lush Green Lawn Car Parking Spaces Very Reasonable Price Contact only Serious Buyers Negotiable Price Contact Al Hafiz Estate F-11,"Built in year: 2025, Parking Spaces: 2, Double Glazed Windows, Central Air Conditioning, Central Heating, Flooring, Electricity Backup, Waste Disposal, Floors: 2, Other Main Features, Furnished","Bedrooms: 5, Bathrooms: 6, Servant Quarters: 1, Drawing Room, Dining Room, Kitchens: 2, Study Room, Prayer Room, Powder Room, Gym, Store Rooms: 1, Steam Room, Lounge or Sitting Room, Laundry Room, Other Rooms","Broadband Internet Access, Satellite or Cable TV Ready, Intercom, Other Business and Communication Facilities","Community Lawn or Garden, Community Swimming Pool, Community Gym, First Aid or Medical Centre, Day Care Centre, Kids Play Area, Barbeque Area, Mosque, Community Centre, Other Community Facilities","Lawn or Garden, Swimming Pool, Sauna, Jacuzzi, Other Healthcare and Recreation Facilities","Nearby Schools, Nearby Hospitals, Nearby Shopping Malls, Nearby Restaurants, Distance From Airport (kms), Nearby Public Transport Service, Other Nearby Places","Maintenance Staff, Security Staff, Facilities for Disabled, Other Facilities",,,
https://www.zameen.com/Property/gulberg_residencia_gulberg_residencia_-_block_f_investor_alert_7_marla_double_unit_house_one_of_the_real_dream_home_for_the_family_where_every_aspect_of_life_available-53322153-9116-1.html,House,PKR3.9 Crore,5,7 Marla,For Sale,4,12 hours ago,"Gulberg, Islamabad, Islamabad Capital","Luxurious Living In Gulberg Residencia! Discover The Perfect Blend Of Comfort And Modern Amenities In This Exquisite 7 Marla Double Unit House Located In The Serene Block F Of Gulberg Residencia, Islamabad. This Meticulously Designed House Offers Ample Space And Advanced Features, Ideal For A Luxurious Lifestyle. House Details: Size: 7 Marla Bedrooms: 4 Bathrooms: 5 Kitchens: 2 Modern Kitchens With High-End Fittings Drawing Rooms: 2 Elegant Drawing Rooms TV Lounges: 2 Spacious TV Lounges Parking: 2 Car Parking Spaces Key Features: Double Unit Layout: Separate Units For Added Privacy And Convenience Modern Design: Contemporary Architecture With High-Quality Finishes Spacious Interiors: Generously Sized Rooms With Thoughtful Layouts Community Amenities: Secure Environment: Located In A Safe And Well-Maintained Neighborhood With 24/7 Security Parks And Recreation: Close Proximity To Parks And Recreational Facilities Shopping And Dining: Easy Access To Shopping Centers, Restaurants, And Cafes Healthcare: Nearby Medical Centers And Hospitals Educational Institutions: Close To Top-Tier Schools And Educational Facilities Location Advantages: Connectivity: Convenient Access To Major Roads And Highways For Easy Commuting Public Transport: Well-Connected With Public Transportation Options Proximity To Key Areas: Close To Business Districts, Commercial Hubs, And Recreational Spots Contact Us Today! Don'T Miss Out On The Opportunity To Own This Luxurious House In One Of Islamabad'S Most Desirable Locations. For More Details, Inquiries, Or To Schedule A Visit, Please Get In Touch: Elevate Your Living Experience In Gulberg Residencia With This Stunning House. Act Now And Make It Yours!","Built in year: 2025, Parking Spaces: 2, Double Glazed Windows, Central Air Conditioning, Central Heating, Flooring, Electricity Backup, Waste Disposal, Floors: 2, Other Main Features","Bedrooms: 3, Bathrooms: 3, Servant Quarters: 2, Drawing Room, Dining Room, Kitchens: 2, Study Room, Prayer Room, Powder Room, Gym, Store Rooms: 2, Steam Room, Lounge or Sitting Room, Laundry Room, Other Rooms","Broadband Internet Access, Satellite or Cable TV Ready, Intercom, Other Business and Communication Facilities","Community Lawn or Garden, Community Swimming Pool, Community Gym, First Aid or Medical Centre, Day Care Centre, Kids Play Area, Barbeque Area, Mosque, Community Centre, Other Community Facilities","Lawn or Garden, Swimming Pool, Sauna, Jacuzzi, Other Healthcare and Recreation Facilities","Nearby Schools, Nearby Hospitals, Nearby Shopping Malls, Nearby Restaurants, Distance From Airport (kms), Nearby Public Transport Service, Other Nearby Places","Maintenance Staff, Security Staff, Facilities for Disabled, Other Facilities",,,
https://www.zameen.com/Property/cbr_town_phase_1_cbr_town_phase_1_-_block_c_luxury_house_for_sale-53303785-3149-1.html,House,PKR6.3 Crore,6,12 Marla,For Sale,8,6 days ago,"CBR Town, Islamabad, Islamabad Capital",Dream house for sale corner house size 40x80 electric meter 1 water boring good location,"Built in year: 2020, Double Glazed Windows, Central Air Conditioning, Central Heating, Flooring, Furnished","Bedrooms: 8, Bathrooms: 9, Servant Quarters: 1, Drawing Room, Dining Room, Kitchens: 2, Study Room, Prayer Room, Powder Room, Store Rooms: 1, Steam Room, Laundry Room","Broadband Internet Access, Satellite or Cable TV Ready, Intercom","Community Lawn or Garden, First Aid or Medical Centre, Kids Play Area, Barbeque Area, Mosque, Community Centre","Lawn or Garden, Swimming Pool, Sauna, Jacuzzi","Nearby Schools, Nearby Hospitals, Nearby Shopping Malls, Nearby Restaurants, Distance From Airport (kms), Nearby Public Transport Service, Other Nearby Places","Security Staff, Other Facilities",,,
https://www.zameen.com/Property/islamabad_g-11_g-11_beautiful_corner_house_2_kanal_size-53266017-168-1.html,House,PKR34 Crore,-,2 Kanal,For Sale,-,1 month ago,"G-11, Islamabad, Islamabad Capital",2 Kanal + Size Beautiful Corner House on prime location Direct owner - It has Three proper portions (Basement + Ground + First Floor) - All portions have a Separate Entrance and GATE - Each portion have 4 Bed with attached powder room and baths and 1 extra bath beside drawing room - Each portion have Big Drawing dinning and big lounge - Each portion have its own kitchen with dirty kitchen - Servant Quarter with attach bath - 8.5 Lac Rental Value,"Built in year: 2021, Parking Spaces, Double Glazed Windows, Central Air Conditioning, Central Heating, Flooring, Electricity Backup, Floors: 2, Other Main Features","Bedrooms: 5, Bathrooms: 6, Servant Quarters: 1, Drawing Room, Dining Room, Kitchens: 2, Study Room, Prayer Room, Store Rooms: 1, Other Rooms","Broadband Internet Access, Satellite or Cable TV Ready, Intercom, Other Business and Communication Facilities","Community Lawn or Garden, Community Swimming Pool, Community Gym, First Aid or Medical Centre, Day Care Centre, Kids Play Area, Barbeque Area, Mosque, Community Centre, Other Community Facilities","Lawn or Garden, Swimming Pool, Sauna, Jacuzzi, Other Healthcare and Recreation Facilities","Nearby Schools, Nearby Hospitals, Nearby Shopping Malls, Nearby Restaurants, Distance From Airport (kms), Nearby Public Transport Service, Other Nearby Places",,,,
https://www.zameen.com/Property/islamabad_kashmir_highway_luxury_studio_flat_for_sale_in_h-13_islamabad_3-year_easy_installment_plan_booking_from_only_10_lac-53295828-3456-1.html,Flat,PKR60 Lakh,1,2.1 Marla,For Sale,-,6 hours ago,"Kashmir Highway, Islamabad, Islamabad Capital","Modern Living Meets Smart Investment Discover an exceptional opportunity to own your dream home in the heart of H-13 Islamabad one of the most rapidly developing and high-demand areas near G-13, NUST, and Kashmir Highway. This luxurious studio apartment combines elegant design, modern amenities, and an unbeatable payment plan making it perfect for young professionals, students, and smart investors alike. Payment Plan Total Price: Affordable and market-competitive Booking Starts from: Only 10 Lac Easy Installments: Spread over 3 years (36 months) Possession: On completion Own your flat without financial stress pay as you go and move into comfort! Apartment Features Elegant studio layout with high-quality finishes Modern kitchen and luxury bath fittings Balcony with scenic view of the Islamabad skyline Imported flooring & fixtures 24/7 security, CCTV surveillance & maintenance services High-speed elevators & standby generators Reserved parking and visitor parking area Prime Location Benefits Located in H-13 Islamabad, minutes away from: NUST University Islamabad International Airport Kashmir Highway G-13 and G-14 sectors Metro Bus Station Surrounded by top schools, restaurants, and shopping centers This ideal location guarantees high rental yield and strong capital appreciation perfect for both living and investment. Project Highlights Elegant modern architecture Earthquake-resistant structure Dedicated commercial area & rooftop caf Maintenance & facility management services Contact Now on WhatsApp or Call for Booking & Details on Given Phone number Dont miss this limited-time pre-launch offer! Invest Smart Live Beautifully Own a Studio in H-13 Today!","Built in year: 2025, Parking Spaces, Lobby in Building, Double Glazed Windows, Central Air Conditioning, Central Heating, Flooring, Electricity Backup, Waste Disposal, Floors in Building: 10, Elevators, Other Main Features","Bedrooms: 5, Bathrooms: 7, Servant Quarters: 1, Drawing Room, Dining Room, Kitchens: 2, Prayer Room, Powder Room, Store Rooms: 1, Steam Room, Laundry Room, Other Rooms","Satellite or Cable TV Ready, Intercom",,"Sauna, Jacuzzi, Other Healthcare and Recreation Facilities","Nearby Schools, Nearby Hospitals, Nearby Shopping Malls, Nearby Restaurants, Distance From Airport (kms), Nearby Public Transport Service, Other Nearby Places","Security Staff, Other Facilities",,,
https://www.zameen.com/Property/b_17_mpchs_-_multi_gardens_5_marla_house_for_sale_in_multi_gardens_b-17_block_c1_cda_sector-53272619-3115-1.html,House,PKR2.8 Crore,6,5 Marla,For Sale,4,1 day ago,"B-17, Islamabad, Islamabad Capital","5 Marla House for Sale in Multi Gardens B-17, Block C1 CDA Sector Discover a beautifully constructed 5 Marla double-unit house located in the highly sought-after Multi Gardens B-17, Block C1 (CDA Sector). This home combines modern design, premium construction quality, and a prime location making it an ideal choice for families and investors alike. Property Features: Double Unit House Perfect for dual-family living or rental income 4 Spacious Bedrooms with attached washrooms 2 Modern Kitchens with quality fittings and finishes A+ Grade Construction Built with top-quality materials and attention to detail Prime Location Near main road, mosque, park, and commercial area 3-Months Free Maintenance Service after sale All Utilities Available Electricity, gas, and water connections ready This property offers comfort, convenience, and lasting value in one of Islamabads most desirable CDA-approved sectors. Contact now for more details or to schedule a visit!","Built in year: 2025, Parking Spaces: 1, Double Glazed Windows, Central Air Conditioning, Central Heating, Flooring, Electricity Backup, Waste Disposal, Floors: 2, Other Main Features","Bedrooms: 4, Bathrooms: 5, Servant Quarters: 1, Drawing Room, Dining Room, Kitchens: 2, Study Room, Prayer Room, Powder Room, Gym, Store Rooms: 2, Steam Room, Lounge or Sitting Room, Laundry Room, Other Rooms","Broadband Internet Access, Satellite or Cable TV Ready, Intercom, Other Business and Communication Facilities","Community Lawn or Garden, Community Swimming Pool, Community Gym, First Aid or Medical Centre, Day Care Centre, Kids Play Area, Barbeque Area, Mosque, Community Centre, Other Community Facilities","Lawn or Garden, Swimming Pool, Sauna, Jacuzzi, Other Healthcare and Recreation Facilities","Nearby Schools, Nearby Hospitals, Nearby Shopping Malls, Nearby Restaurants, Distance From Airport (kms), Nearby Public Transport Service, Other Nearby Places","Maintenance Staff, Security Staff, Facilities for Disabled",,,
https://www.zameen.com/Property/b_17_mpchs_-_multi_gardens_8_marla_house_for_sale_in_multi_gardens_b-17_fmc-53272661-3115-1.html,House,PKR3.95 Crore,5,8 Marla,For Sale,4,1 day ago,"B-17, Islamabad, Islamabad Capital","8 Marla House for Sale in Multi Gardens B-17, FMC Discover a beautifully built 8 Marla house located in the well-developed FMC Block of Multi Gardens B-17, Islamabad. This property offers a blend of modern design, solid construction, and a peaceful living environment ideal for families or investors seeking quality and comfort. Property Features: Spacious Layout Elegant design with wide rooms and open spaces Multiple Bedrooms with Attached Washrooms Stylish interiors and quality fittings Modern Kitchen(s) Fully equipped with contemporary fixtures A+ Grade Construction Durable structure and high-end finishing Ample Car Parking Space Excellent Location Close to main boulevard, mosque, parks, and commercial area All Basic Utilities Available Electricity, water, and gas (if applicable) After-Sale Support Hassle-free handover and maintenance assistance This house combines modern living standards with a prime location in one of Islamabads most promising housing societies perfect for comfortable family life or rental investment. Contact now for more details or to arrange a visit!","Built in year: 2025, Parking Spaces: 2, Double Glazed Windows, Flooring, Electricity Backup, Waste Disposal, Floors: 2, Other Main Features","Bedrooms: 4, Bathrooms: 5, Servant Quarters: 1, Drawing Room, Dining Room, Kitchens: 1, Study Room, Prayer Room, Powder Room, Gym, Lounge or Sitting Room, Laundry Room","Broadband Internet Access, Satellite or Cable TV Ready, Intercom","Community Lawn or Garden, Community Swimming Pool, Community Gym, First Aid or Medical Centre, Day Care Centre, Kids Play Area, Barbeque Area, Mosque, Community Centre","Lawn or Garden, Swimming Pool, Sauna, Jacuzzi","Nearby Schools, Nearby Hospitals, Nearby Shopping Malls, Nearby Restaurants, Distance From Airport (kms), Nearby Public Transport Service","Maintenance Staff, Security Staff, Facilities for Disabled, Other Facilities",,,
https://www.zameen.com/Property/f_7_f-7_1_prime_investment_opportunity_demolished_house_in_f-7_cda_transfer_60x100-53173421-3307-1.html,House,PKR35 Crore,6,1.3 Kanal,For Sale,6,4 days ago,"F-7, Islamabad, Islamabad Capital","Looking for a lucrative investment opportunity in Islamabad's prime location? Look no further! We present to you a demolished house in F-7, offering immense potential for investors. Situated in a sought-after area with CDA transfer, this 60x100 plot is a rare find. With an asking price of 35 crores, this property promises high returns on investment. Whether you're planning to rebuild or develop, this prime location guarantees appreciation in value. Plus, we have multiple options available to suit your investment needs. Don't miss out on this golden opportunity. Contact us today to seize the potential of this prime property in F-7!","Built in year: 1998, Parking Spaces: 5, Flooring","Bedrooms: 6, Bathrooms: 6, Servant Quarters: 2, Drawing Room, Dining Room, Kitchens: 2, Store Rooms: 2, Lounge or Sitting Room, Laundry Room","Broadband Internet Access, Satellite or Cable TV Ready, Intercom",,,,,,,
https://www.zameen.com/Property/islamabad_f-11_reserve_a_centrally_located_house_in_f-11-53240262-163-1.html,House,PKR15.5 Crore,4,17.8 Marla,For Sale,4,2 weeks ago,"F-11, Islamabad, Islamabad Capital","Location Sector F-11 Islamabad Property Description Sector F-11 house is available for purchase. This House boasts a spacious area of 444 square yards and offers the following features liveable house for sale . Having - 4 bedrooms Drawing Room Dining Room Garden Basement Plot size and dimensions: 50x80 444 Sq. Yards CDA Transfer Price: PKR 15,50,00,000 15CRORE50LAC Contact for more Details Horizon International Properties F10 Markaz, Islamabad, Pakistan Phone: View Contact Detail","Double Glazed Windows, Central Air Conditioning, Central Heating, Waste Disposal, Other Main Features, Furnished",,"Broadband Internet Access, Satellite or Cable TV Ready, Intercom, Other Business and Communication Facilities","Community Lawn or Garden, Community Swimming Pool, Community Gym, First Aid or Medical Centre, Day Care Centre, Kids Play Area, Barbeque Area, Mosque, Community Centre, Other Community Facilities",,"Nearby Schools, Nearby Hospitals, Nearby Shopping Malls, Nearby Restaurants, Nearby Public Transport Service, Other Nearby Places","Maintenance Staff, Security Staff, Facilities for Disabled, Other Facilities",,,
https://www.zameen.com/Property/dha_defence_dha_defence_phase_2_kanal_sami_furnished_with_solar_system-53080635-339-1.html,House,PKR13.5 Crore,6,1 Kanal,For Sale,5,2 days ago,"DHA Defence, Islamabad, Islamabad Capital",VIP Properties offer Variety of houses available in DHA phase 2 Islamabad This Furnished house available in DHA phase 2 Islamabad 10 KW Solar system American Ash Wood work Large Size Imported Tiled flooring Beautiful Color Contrast Easy approach Call for the best deal in Town,"Built in year: 2025, Parking Spaces: 4, Central Air Conditioning, Central Heating, Flooring, Electricity Backup, Waste Disposal, Floors: 2, Other Main Features, Furnished",Other Rooms,"Broadband Internet Access, Satellite or Cable TV Ready, Intercom","Community Lawn or Garden, Community Swimming Pool, Community Gym, First Aid or Medical Centre, Day Care Centre, Kids Play Area, Barbeque Area, Mosque, Community Centre","Lawn or Garden, Swimming Pool, Sauna, Jacuzzi","Nearby Schools, Nearby Hospitals, Nearby Shopping Malls, Nearby Restaurants, Distance From Airport (kms), Nearby Public Transport Service, Other Nearby Places","Maintenance Staff, Security Staff, Facilities for Disabled",,,
https://www.zameen.com/Property/i_8_i-8_2_house_for_sale_in_i-8_2-53182943-3442-1.html,House,PKR10 Crore,3,14 Marla,For Sale,3,3 days ago,"I-8, Islamabad, Islamabad Capital",Single storey house is available for sale 3 Beds with attached baths DD TV lounge kitchen store room car parking CDA TRANSFER best option for living near markaz school masjid and community park peaceful environment more options also available for Get in touch with us today for more information and direct deal.,"Parking Spaces: 2, Double Glazed Windows, Central Air Conditioning, Central Heating, Flooring, Electricity Backup, Waste Disposal, Other Main Features","Drawing Room, Dining Room, Kitchens: 1, Study Room, Prayer Room, Powder Room, Gym, Store Rooms: 1, Steam Room, Lounge or Sitting Room, Laundry Room, Other Rooms","Broadband Internet Access, Satellite or Cable TV Ready, Intercom, Other Business and Communication Facilities","Community Lawn or Garden, Community Swimming Pool, Community Gym, First Aid or Medical Centre, Day Care Centre, Kids Play Area, Barbeque Area, Mosque, Community Centre, Other Community Facilities","Sauna, Jacuzzi, Other Healthcare and Recreation Facilities","Nearby Schools, Nearby Hospitals, Nearby Shopping Malls, Nearby Restaurants, Distance From Airport (kms), Nearby Public Transport Service, Other Nearby Places","Maintenance Staff, Security Staff, Facilities for Disabled, Other Facilities",,,
https://www.zameen.com/Property/islamabad_g-13_house_sized_20_marla_available_in_g-13-53034610-330-1.html,House,PKR14 Crore,6,1 Kanal,For Sale,6,1 week ago,"G-13, Islamabad, Islamabad Capital","You can find your dream house in this locality at a price of PKR Rs. 120000000. Your best life awaits you in 20 Marla property that is available right now. Explore all the property you could ask for in G-13. It's never too late to own your home, so take that decision by choosing from our many available for sale property options. This House is ideal for those of you who have been looking for such properties. G-13 has some of the best property deals, so what are you waiting for! You can read more about the property features below. A dip in the Jacuzzi is a perfect way to soothe your aching muscles. Thanks to central air conditioning, the temperature in the House is always maintained. The House is centrally heated to maintain the temperature indoors. Now you can stay ahead on social media with fast broadband internet access. The House features a steam room to help you evaporate your daily concerns. You can pray comfortably in the prayer room that is part of the house and designed particularly for the purpose. Play games or just relax on the couch in this airy lounge that comes with this property. For more details on upcoming projects, give us a call.","Built in year: 2025, Parking Spaces, Double Glazed Windows, Central Air Conditioning, Central Heating, Flooring, Electricity Backup, Waste Disposal, Floors: 2, Other Main Features","Bedrooms: 6, Bathrooms: 7, Servant Quarters, Drawing Room, Dining Room, Kitchens: 2, Study Room, Prayer Room, Powder Room, Gym, Store Rooms: 2, Steam Room, Lounge or Sitting Room, Laundry Room, Other Rooms","Broadband Internet Access, Satellite or Cable TV Ready, Intercom, Other Business and Communication Facilities","Community Lawn or Garden, Community Swimming Pool, Community Gym, First Aid or Medical Centre, Day Care Centre, Kids Play Area, Barbeque Area, Mosque, Community Centre, Other Community Facilities","Lawn or Garden, Swimming Pool, Sauna, Jacuzzi, Other Healthcare and Recreation Facilities","Nearby Schools, Nearby Hospitals, Nearby Shopping Malls, Nearby Restaurants, Distance From Airport (kms), Nearby Public Transport Service, Other Nearby Places","Maintenance Staff, Security Staff, Facilities for Disabled, Other Facilities",,,
https://www.zameen.com/Property/islamabad_i-14_highly-desirable_house_available_in_i-14_for_sale-52963847-1045-1.html,House,PKR2.25 Crore,5,4 Marla,For Sale,5,1 week ago,"I-14, Islamabad, Islamabad Capital","The House for sale is a great deal considering it comes with many facilities. Your dream life awaits you in I-14. If you're looking for 4.5 Marla property, we have what you need! A project of PKR Rs. 22500000 is quite in demands due to its modern features. If you're looking for a bungalow, I-14 has some classic options, so what are you waiting for. The House is great for families who love spending time outdoors as it comes with a porch. Property features are mentioned below. Sauna facilities on the property are great for fitness enthusiasts and you can benefit from it too. A central heating system in the House is convenient for everyone to operate. Entertaining your guests will become much easier with this attached drawing room. A well-designed powder room in the residence adds to its luxury. The community garden nearby serves as a playground for the kids and a great place to socialise with your neighbours. A prayer room in the House comes handy when you have guests and they would like to offer prayer. Stay healthy and active by spending a few minutes in the steam room of the House. Your queries on the offer are welcome, so please give us a call.","Built in year: 2025, Parking Spaces: 2, Double Glazed Windows, Central Air Conditioning, Central Heating, Flooring, Electricity Backup, Waste Disposal, Floors: 2, Other Main Features, Furnished","Bedrooms: 5, Bathrooms: 4, Servant Quarters: 1, Drawing Room, Dining Room, Kitchens: 2, Study Room, Prayer Room, Powder Room, Gym, Store Rooms: 2, Steam Room, Lounge or Sitting Room, Laundry Room, Other Rooms","Broadband Internet Access, Satellite or Cable TV Ready, Intercom, Other Business and Communication Facilities","Community Lawn or Garden, Community Swimming Pool, Community Gym, First Aid or Medical Centre, Day Care Centre, Kids Play Area, Barbeque Area, Mosque, Community Centre, Other Community Facilities","Lawn or Garden, Swimming Pool, Sauna, Jacuzzi, Other Healthcare and Recreation Facilities","Nearby Schools, Nearby Hospitals, Nearby Shopping Malls, Nearby Restaurants, Distance From Airport (kms), Nearby Public Transport Service, Other Nearby Places","Maintenance Staff, Security Staff, Facilities for Disabled, Other Facilities",,,
https://www.zameen.com/Property/islamabad_i-14_house_sized_5_marla_available_in_i-14-52963845-1045-1.html,House,PKR2.6 Crore,5,5 Marla,For Sale,4,1 week ago,"I-14, Islamabad, Islamabad Capital","Searching for the right option for you in I-14? This is the best option for you! Your search for 5 Marla property is now over. Check out listings now. I-14 is based away from the humdrum of urban city life, giving you the peace of mind you need most. Your's desired House is up for sale. Don't miss this chance. Fully-furnished spaces for sale don't become available easily and if that's what you want, your search can definitely end here. Priced at Rs. 25000000, what more could you ask for? The following property features will tell you what makes it special. An attached dining room makes it convenient to host your guests in privacy. Having a powder room in the home is a great additional feature. This neat drawing room space in this House is all you will need to host your friends and family. Enjoy your evening walks in the community park located at a walking distance from the House. The House comes with a spacious study room that you can utilize any way you like. You can work out at the gym within premises to make up for the physical activity lag created by the urban life. A central lounge area that comes with this property makes it easy for everyone to hang in one place and enjoy family time. Make an investment today to secure your tomorrow. For details, call us via our given contact information.","Built in year: 2025, Parking Spaces: 1, Double Glazed Windows, Central Air Conditioning, Central Heating, Flooring, Electricity Backup, Waste Disposal, Floors: 03, Other Main Features, Furnished","Bedrooms: 4, Bathrooms: 4, Servant Quarters: 1, Drawing Room, Dining Room, Kitchens: 2, Study Room, Prayer Room, Powder Room, Gym, Store Rooms: 1, Steam Room, Lounge or Sitting Room, Laundry Room, Other Rooms","Broadband Internet Access, Satellite or Cable TV Ready, Intercom, Other Business and Communication Facilities","Community Lawn or Garden, Community Swimming Pool, Community Gym, First Aid or Medical Centre, Day Care Centre, Kids Play Area, Barbeque Area, Mosque, Community Centre, Other Community Facilities","Lawn or Garden, Swimming Pool, Sauna, Jacuzzi, Other Healthcare and Recreation Facilities","Nearby Schools, Nearby Hospitals, Nearby Shopping Malls, Nearby Restaurants, Distance From Airport (kms), Nearby Public Transport Service, Other Nearby Places","Maintenance Staff, Security Staff, Facilities for Disabled, Other Facilities",,,
https://www.zameen.com/Property/top_city_1_top_city_1_-_block_a_10_marla_proper_corner_house_available_for_sale_at_prime_location_of_topcity_islamabad-53207518-9231-1.html,House,PKR5.5 Crore,6,10 Marla,For Sale,7,2 weeks ago,"Top City 1, Islamabad, Islamabad Capital","* 10 Marla Brand New Proper Corner Double Story House Available for Sale in Topcity-1 Islamabad! * **Solid Construction** **Location**: Topcity-1, Islamabad Near to New Islamabad International Airport, **Size**: *10 Marla Proper Corner House* **Detail**: - **Bedrooms**: 5 + 1 Servant Room with Bath - **Bathrooms**: 7 - **Kitchens**: 2 - **Drawing Room**: 2 - **TV Lounch**: 2 - **Tiles Flooring** - **2 Big Car parking Inside the House** **Amenities**: - Electricity,Water - Nearby Mosque - Nearby Market - Nearby School - Nearby Metro Station - Nearby Park **Completion Done. ** **Demand* 550 Lacs **Contact Us Now to Schedule a Visit!** Nouman Khan Call/WhatsApp:","Built in year: 2025, Parking Spaces, Double Glazed Windows, Central Air Conditioning, Central Heating, Flooring, Electricity Backup, Waste Disposal, Floors, Other Main Features, Furnished","Bedrooms: 6, Bathrooms: 10, Servant Quarters, Drawing Room, Dining Room, Kitchens: 4, Study Room, Prayer Room, Powder Room, Store Rooms, Lounge or Sitting Room, Laundry Room, Other Rooms","Broadband Internet Access, Satellite or Cable TV Ready, Intercom, Other Business and Communication Facilities","Community Lawn or Garden, Community Swimming Pool, Community Gym, First Aid or Medical Centre, Day Care Centre, Kids Play Area, Barbeque Area, Mosque, Community Centre, Other Community Facilities","Lawn or Garden, Swimming Pool, Sauna, Jacuzzi, Other Healthcare and Recreation Facilities","Nearby Schools, Nearby Hospitals, Nearby Shopping Malls, Nearby Restaurants, Distance From Airport (kms), Nearby Public Transport Service, Other Nearby Places","Security Staff, Other Facilities",,,
https://www.zameen.com/Property/islamabad_g-13_g-13_brand_new_size_200yd_architect_design_double_storey_house_5_master_bedrooms_attached_stylish_6_bathrooms_2_d_d_2_tv_lounge_american_style_kitchen_sqtr_reasonable_price-49704146-330-1.html,House,PKR6.85 Crore,6,8 Marla,For Sale,5,4 days ago,"G-13, Islamabad, Islamabad Capital",G-13 Brand New Architect Design Double Story House Size 30x60 = 200 Sq Yd Prime location (Complete Imported Fitting & Fixtures) 5 Bedrooms Attached Stylish Bathrooms Double Drawing Dinning Two American Style Kitchen Servant Quarter Beautiful Lush Green Lawn Car Parking Spaces Very Reasonable Price Contact only Serious Buyers Negotiable Price Contact Al Hafiz Estate F-11,"Built in year: 2025, Parking Spaces: 2, Double Glazed Windows, Central Air Conditioning, Central Heating, Flooring, Electricity Backup, Waste Disposal, Floors: 2, Other Main Features, Furnished","Bedrooms: 5, Bathrooms: 6, Servant Quarters: 1, Drawing Room, Dining Room, Kitchens: 2, Study Room, Prayer Room, Powder Room, Gym, Store Rooms: 1, Steam Room, Lounge or Sitting Room, Laundry Room, Other Rooms","Broadband Internet Access, Satellite or Cable TV Ready, Intercom, Other Business and Communication Facilities","Community Lawn or Garden, Community Swimming Pool, Community Gym, First Aid or Medical Centre, Day Care Centre, Kids Play Area, Barbeque Area, Mosque, Community Centre, Other Community Facilities","Lawn or Garden, Swimming Pool, Sauna, Jacuzzi, Other Healthcare and Recreation Facilities","Nearby Schools, Nearby Hospitals, Nearby Shopping Malls, Nearby Restaurants, Distance From Airport (kms), Nearby Public Transport Service, Other Nearby Places","Maintenance Staff, Security Staff, Facilities for Disabled, Other Facilities",,,
https://www.zameen.com/Property/islamabad_g-13_g-13_brand_new_size_272_yd_architect_design_double_story_house_6_master_bedrooms_attached_stylish_6_bathrooms_2_dd_2_tv_lounge_american_style_kitchen_sq_ft_reasonable_price-45374745-330-1.html,House,PKR8.25 Crore,7,10.9 Marla,For Sale,7,4 days ago,"G-13, Islamabad, Islamabad Capital",G-13 Brand New Architect Design Double Story House Size ( 37x70 ) = 272 Sq Yd Prime location (Complete Imported Fitting & Fixtures) 6 Bedrooms Attached Stylish Bathrooms Double Drawing Dinning Two Tv Lounge Two American Style Kitchen Servant Quarter Beautiful Lush Green Lawn Huge Car Parking Spaces Very Reasonable Price Contact only Serious Buyers Negotiable Price Contact Al Hafiz Estate F-11,"Built in year: 2024, Parking Spaces: 3, Double Glazed Windows, Central Air Conditioning, Central Heating, Flooring, Electricity Backup, Waste Disposal, Floors: 2, Other Main Features, Furnished","Bedrooms: 6, Bathrooms: 7, Servant Quarters: 1, Drawing Room, Dining Room, Kitchens: 2, Study Room, Prayer Room, Powder Room, Gym, Store Rooms: 1, Steam Room, Lounge or Sitting Room, Laundry Room, Other Rooms","Broadband Internet Access, Satellite or Cable TV Ready, Intercom, Other Business and Communication Facilities","Community Lawn or Garden, Community Swimming Pool, Community Gym, First Aid or Medical Centre, Day Care Centre, Kids Play Area, Barbeque Area, Mosque, Community Centre, Other Community Facilities","Lawn or Garden, Swimming Pool, Sauna, Jacuzzi, Other Healthcare and Recreation Facilities","Nearby Schools, Nearby Hospitals, Nearby Shopping Malls, Nearby Restaurants, Distance From Airport (kms), Nearby Public Transport Service, Other Nearby Places","Maintenance Staff, Security Staff, Facilities for Disabled, Other Facilities",,,
https://www.zameen.com/Property/bahria_town_bahria_enclave_brand_new_luxury_5_marla_house_for_sale_prime_location-53353616-1705-1.html,House,PKR2.34 Crore,5,5 Marla,For Sale,3,1 week ago,"Bahria Town, Islamabad, Islamabad Capital","Brand New Luxury 5 Marla House for Sale Prime Location Experience elegant living in this beautifully designed 5 Marla brand new luxury house, featuring modern architecture and high-quality finishes perfect for a comfortable and stylish lifestyle. Property Details: 3 Spacious Bedrooms with attached modern bathrooms Powder Room for guests Designer Kitchen with premium fittings and ample storage Servant Room for added convenience STN Security System installed for your safety and peace of mind Solid construction with elegant interior design Demand: 2.34 Crore (Non-negotiable) Ideal choice for families seeking a luxury lifestyle in a prime and peaceful neighborhood. For more details, contact: Satoon Marketing","Built in year: 2025, Parking Spaces: 2, Double Glazed Windows, Flooring, Electricity Backup, Waste Disposal, Floors: 2","Bedrooms: 3, Bathrooms: 5, Servant Quarters: 1, Drawing Room, Kitchens: 1, Lounge or Sitting Room, Laundry Room","Broadband Internet Access, Satellite or Cable TV Ready","Community Lawn or Garden, Community Gym, First Aid or Medical Centre, Day Care Centre, Kids Play Area, Barbeque Area, Mosque, Community Centre",,"Nearby Schools, Nearby Hospitals, Nearby Shopping Malls, Nearby Restaurants, Distance From Airport (kms), Nearby Public Transport Service, Other Nearby Places","Maintenance Staff, Security Staff",,,
https://www.zameen.com/Property/islamabad_f-8_f-8_brand_new_house_for_sale-52763065-166-1.html,House,PKR65 Crore,6,1.8 Kanal,For Sale,7,22 hours ago,"F-8, Islamabad, Islamabad Capital","Uk Property Advisors and offer a very beautifully built house on very prime location facing the majestic Margalla hills for /sale in Islamabad 7 bedrooms with attached washrooms, 2 kitchens, T. V lounges, Drawing room, Dining room, Beautiful lawn and terrace, Servant rooms, Multiple car parkings, Installed air conditioners, central heating system Water bore. We have multiple options available for sale and rent in sectors F-6, F-7, F-8, E-7, G-6(3) F-10, F-11. For further details please contact us.","Built in year: 2025, Parking Spaces: 6, Double Glazed Windows, Central Air Conditioning, Central Heating, Flooring, Electricity Backup, Waste Disposal, Floors: 3, Other Main Features","Bedrooms: 7, Bathrooms: 8, Servant Quarters: 2, Drawing Room, Dining Room, Kitchens: 2, Study Room, Prayer Room, Powder Room, Store Rooms: 2, Steam Room, Lounge or Sitting Room, Laundry Room","Broadband Internet Access, Satellite or Cable TV Ready, Intercom, Other Business and Communication Facilities","Community Lawn or Garden, Community Swimming Pool, Community Gym, First Aid or Medical Centre, Day Care Centre, Kids Play Area, Barbeque Area, Mosque, Community Centre, Other Community Facilities","Lawn or Garden, Swimming Pool, Sauna, Jacuzzi, Other Healthcare and Recreation Facilities","Nearby Schools, Nearby Hospitals, Nearby Shopping Malls, Nearby Restaurants, Distance From Airport (kms), Nearby Public Transport Service, Other Nearby Places","Maintenance Staff, Security Staff, Facilities for Disabled, Other Facilities",,,
https://www.zameen.com/Property/gulberg_greens_diamond_mall_residency_gulberg_green_islamabad-53082595-10982-1.html,Flat,PKR1.25 Crore,3,4 Marla,For Sale,2,6 days ago,"Gulberg, Islamabad, Islamabad Capital",Gulberg green Islamabad Daimond mall & Residencia 1 Bedroom apparment for sale furnished Size 537 sqft 2 Bedroom apparment for sale furnished & Non furnished size 887 sqft 3 Bedroom apparment furnished & non furnished apparment for size 1240 sqft 4 Bedroom apparment for sale furnished & non furnished apparment size 1750 sqft All size apparment available Different floor More information Contact us,"Built in year: 2023, Parking Spaces: 3, Lobby in Building, Double Glazed Windows, Central Air Conditioning, Central Heating, Flooring, Electricity Backup, Waste Disposal, Floor: 7, Floors in Building: 12, Elevators: 4, Service Elevators in Building, Other Main Features, Furnished","Bedrooms: 2, Bathrooms: 3, Servant Quarters: 1, Drawing Room, Dining Room, Kitchens: 1, Study Room, Prayer Room, Powder Room, Gym, Store Rooms: 1, Steam Room, Lounge or Sitting Room, Laundry Room, Other Rooms","Broadband Internet Access, Satellite or Cable TV Ready, Business Center or Media Room in Building, Conference Room in Building, Intercom, ATM Machines, Other Business and Communication Facilities","Community Lawn or Garden, Community Swimming Pool, Community Gym, First Aid or Medical Centre, Day Care Centre, Kids Play Area, Barbeque Area, Mosque, Community Centre, Other Community Facilities","Sauna, Jacuzzi, Other Healthcare and Recreation Facilities","Nearby Schools, Nearby Hospitals, Nearby Shopping Malls, Nearby Restaurants, Distance From Airport (kms), Nearby Public Transport Service, Other Nearby Places","Maintenance Staff, Security Staff, Laundry or Dry Cleaning Facility, Communal/Shared Kitchen, Facilities for Disabled, Pets Allowed, Other Facilities",,,
https://www.zameen.com/Property/islamabad_diplomatic_enclave_3_bedroom_modern_apartment_furnished_margalla_view_diplomatic_enclave_2750_square_feet_for_sale-52409568-429-1.html,Flat,PKR12.5 Crore,-,12.2 Marla,For Sale,-,3 days ago,"Diplomatic Enclave, Islamabad, Islamabad Capital","3 Bedroom Modern Apartment Furnished Margalla View Diplomatic Enclave 2750 Square Feet For Sale You simply cannot say no to this Flat. Better yet, it comes with tonnes of exciting features that distinguish it from other properties. Not every city thrums with so much life and possibilities as Diplomatic Enclave, which is why it should be your home. You can pay a fair price of PKR Rs. 125000000 in instalments or as decided with the seller. 2750 Square Feet sized residential or commercial property is best for investment purposes. Diplomatic Enclave is well-regarded for its stable property value as new developments take place. Just know that a purchasing opportunity like this doesn't come easy! Contact us now, and our representatives will give you all the details you need.","Parking Spaces: 4, Double Glazed Windows, Central Air Conditioning, Central Heating, Flooring, Waste Disposal, Furnished","Bedrooms: 3, Bathrooms: 3, Servant Quarters: 1, Drawing Room, Dining Room, Kitchens: 2, Study Room, Prayer Room, Powder Room, Gym, Store Rooms: 1, Steam Room, Lounge or Sitting Room, Laundry Room","Broadband Internet Access, Satellite or Cable TV Ready, Intercom","Community Lawn or Garden, Community Swimming Pool, Community Gym, First Aid or Medical Centre, Day Care Centre, Kids Play Area, Barbeque Area, Mosque, Community Centre",,"Nearby Schools, Nearby Hospitals, Nearby Shopping Malls, Nearby Restaurants, Distance From Airport (kms), Nearby Public Transport Service, Other Nearby Places","Security Staff, Other Facilities",,,
https://www.zameen.com/Property/bahria_enclave_bahria_enclave_-_sector_a_brand_new_10_marla_house_with_complete_basement_for_sale_in_bahria_enclave_islamabad-52836263-11970-1.html,House,PKR5.5 Crore,6,10 Marla,For Sale,6,3 weeks ago,"Bahria Town, Islamabad, Islamabad Capital","Luxurious 10 Marla House with complete basement for Sale in Bahria Enclave, Islamabad Price: PKR 5.50 cr Location: Block A, Bahria Enclave, Islamabad (near market, park, and mosque) Features: - 10 Marla beautiful and elegant house with basement - 6 spacious bedrooms with excellent woodwork - 6 attached washrooms with outstanding tiles - 2 dining halls for formal and informal gatherings - 3 kitchens for convenience and functionality - 2 car parking spaces for residents and guests - Prime location near park, market, and mosque - Built in 2019, ensuring excellent construction quality Additional Features: - Basement for additional storage or utility space - Excellent natural lighting and ventilation - Secure and gated community - Close proximity to schools, hospitals, and shopping centers Contact: If you're interested in this luxurious property, please contact me at View Contact Detail . Don't miss this opportunity to own a stunning home in one of Islamabad's most desirable neighborhoods! contact owner:","Built in year: 2019, Parking Spaces: 2, Double Glazed Windows, Flooring, Electricity Backup, Waste Disposal, Floors: 3, Other Main Features, Furnished","Bedrooms: 6, Bathrooms: 6, Servant Quarters: 1, Drawing Room, Dining Room, Kitchens: 3, Study Room, Prayer Room, Powder Room, Gym, Store Rooms: 1, Lounge or Sitting Room, Laundry Room, Other Rooms","Broadband Internet Access, Satellite or Cable TV Ready, Other Business and Communication Facilities","Community Lawn or Garden, Community Swimming Pool, Community Gym, First Aid or Medical Centre, Day Care Centre, Kids Play Area, Barbeque Area, Mosque, Community Centre, Other Community Facilities","Lawn or Garden, Other Healthcare and Recreation Facilities","Nearby Schools, Nearby Hospitals, Nearby Shopping Malls, Nearby Restaurants, Distance From Airport (kms), Nearby Public Transport Service, Other Nearby Places","Maintenance Staff, Security Staff, Other Facilities",,,
https://www.zameen.com/Property/jinnah_gardens_jinnah_gardens_phase_1_proper_jinnah_garden_beautiful_double_units_house_in_reasonable_price_for_sale-53284194-1421-1.html,House,PKR3.2 Crore,5,7 Marla,For Sale,5,1 day ago,"FECHS, Islamabad, Islamabad Capital","Proper old lop Jinnah garden double units beautiful house with 5 beds attached bathroom beautiful tv lounge car porches and excellent fronts elevation etc available for sale in very reasonable price, For further details kindly visit with us,","Built in year: 2024, Parking Spaces: 2, Double Glazed Windows, Central Air Conditioning, Central Heating, Flooring, Electricity Backup, Waste Disposal, Floors: 2, Other Main Features, Furnished","Servant Quarters, Drawing Room, Dining Room, Kitchens: 2, Study Room, Store Rooms: 1, Laundry Room","Broadband Internet Access, Satellite or Cable TV Ready, Intercom","Community Lawn or Garden, Community Swimming Pool, Community Gym, First Aid or Medical Centre, Day Care Centre, Other Community Facilities","Lawn or Garden, Swimming Pool","Nearby Schools, Nearby Hospitals, Nearby Shopping Malls, Nearby Restaurants","Maintenance Staff, Security Staff, Facilities for Disabled, Other Facilities",,,
https://www.zameen.com/Property/gulberg_residencia_gulberg_residencia_-_block_f_architectural_masterpiece_7_marla_luxury_residence_with_a_finishes_gulberg_residencia_block_f-53301579-9116-1.html,House,PKR4.09 Crore,5,7 Marla,For Sale,5,1 month ago,"Gulberg, Islamabad, Islamabad Capital","Experience unmatched elegance in this brand-new 7 Marla luxury residence, perfectly positioned on a heighted prime location in Gulberg Residencia Block F. Crafted with A++ construction quality and premium finishes, its a home that speaks of distinction and refined living. 5 Spacious Bedrooms with Attached Baths 2 Stylish TV Lounges 2 Modern Kitchens 1 Cozy Sitting Room Mumty Room & Dedicated BBQ Area Parking for 2 Cars Perfect blend of luxury, comfort, and convenience, a home designed for refined living in one of Gulbergs most desirable bl","Built in year: 2025, Parking Spaces: 2, Double Glazed Windows, Central Air Conditioning, Flooring, Electricity Backup, Floors: 2, Other Main Features","Bedrooms, Bathrooms: 5, Servant Quarters, Drawing Room, Dining Room, Kitchens: 2, Study Room, Prayer Room, Powder Room, Gym, Store Rooms: 1, Steam Room, Lounge or Sitting Room, Laundry Room, Other Rooms","Broadband Internet Access, Satellite or Cable TV Ready, Intercom","Community Lawn or Garden, Community Swimming Pool, Community Gym, First Aid or Medical Centre, Day Care Centre, Kids Play Area, Barbeque Area, Mosque, Community Centre","Lawn or Garden, Swimming Pool","Nearby Schools, Nearby Hospitals, Nearby Shopping Malls, Nearby Restaurants, Distance From Airport (kms), Nearby Public Transport Service, Other Nearby Places","Maintenance Staff, Security Staff, Facilities for Disabled, Other Facilities",,,
https://www.zameen.com/Property/islamabad_b-17_2_bed_brand_new_luxury_apartment_for_sale_at_multi_garden_b17_islamabad_ideal_location_all_basic_facilities_available_peace_full_environment_and_good_opportunity_for_investment_with_good_rental_value-53178785-616-1.html,Flat,PKR95 Lakh,2,3.6 Marla,For Sale,2,1 month ago,"B-17, Islamabad, Islamabad Capital","Brand New 2-Bedroom Apartment for Sale Multi Gardens B-17, Islamabad Discover modern living in the heart of Islamabad's rapidly developing sector Multi Gardens B-17. This brand new 2-bedroom apartment offers the perfect blend of comfort, elegance, and convenience for families, couples, or investors. Property Highlights: Location: Prime area in B-17, Multi Gardens, Islamabad Type: Brand New Apartment Bedrooms: 2 Spacious Bedrooms Bathrooms: 2 Modern Bathrooms Kitchen: Open-style, Fully Equipped Living Area: Bright and airy lounge with large windows Balcony: Private balcony with scenic views Floor: [Add floor number if known] Size: [800 sqft . ] Project Features: Secure and well-maintained building Fast and spacious elevators 24/7 security and CCTV surveillance fire alarm system Backup power Close to schools, supermarkets, mosques, and parks Ideal For: End-users seeking a modern lifestyle Investors looking for high rental yield Families wanting a secure and serene neighborhood Dont miss this opportunity to own a stylish, brand new apartment in one of Islamabads most promising areas! we also providing design and construction services at surrounding Islamabad if you are looking construction farm please we our sites for quality construction at Islamabad","Parking Spaces: 2, Double Glazed Windows, Flooring, Electricity Backup, Waste Disposal, Other Main Features","Bedrooms: 4, Bathrooms: 5, Drawing Room, Dining Room, Kitchens: 2, Prayer Room, Powder Room, Store Rooms: 1, Laundry Room",,"Community Lawn or Garden, Community Swimming Pool, Community Gym, First Aid or Medical Centre, Day Care Centre, Kids Play Area, Barbeque Area, Mosque, Community Centre",,"Nearby Schools, Nearby Hospitals, Nearby Shopping Malls, Nearby Restaurants, Distance From Airport (kms), Nearby Public Transport Service, Other Nearby Places",,,,
https://www.zameen.com/Property/islamabad_e-11_e_11_new_tile_flooring_house_double_story_5-bedrooms_2-dd_2-tvl_2-kitchen_servant-53292995-329-1.html,House,PKR9.5 Crore,5,10 Marla,For Sale,5,2 weeks ago,"E-11, Islamabad, Islamabad Capital",E 11 New Tile Flooring House Double Story 5-Bedrooms Attach Bath 2-Drawing & Dinning 2-Tv Lounge 2- Kitchen Servant room More Houses and Plots Available E-11 D-12 Sale Purchase Rent,"Built in year: 2024, Parking Spaces: 2, Double Glazed Windows, Central Air Conditioning, Central Heating, Flooring, Electricity Backup, Waste Disposal, Floors: 2, Other Main Features, Furnished","Bedrooms: 5, Bathrooms: 5, Servant Quarters: 1, Drawing Room, Dining Room, Kitchens: 2, Study Room, Prayer Room, Powder Room, Gym, Store Rooms, Steam Room, Lounge or Sitting Room, Laundry Room, Other Rooms","Broadband Internet Access, Satellite or Cable TV Ready, Intercom, Other Business and Communication Facilities","Community Lawn or Garden, Community Swimming Pool, Community Gym, First Aid or Medical Centre, Day Care Centre, Kids Play Area, Barbeque Area, Mosque, Community Centre, Other Community Facilities","Lawn or Garden, Swimming Pool, Sauna, Jacuzzi, Other Healthcare and Recreation Facilities","Nearby Schools, Nearby Hospitals, Nearby Shopping Malls, Nearby Restaurants, Distance From Airport (kms), Nearby Public Transport Service, Other Nearby Places","Maintenance Staff, Security Staff, Facilities for Disabled, Other Facilities",,,
https://www.zameen.com/Property/i_11_i-11_2_on_excellent_location_a_centrally_located_house_is_available_for_sale_in_islamabad-53298684-9879-1.html,House,PKR4.1 Crore,6,6 Marla,For Sale,5,3 weeks ago,"I-11, Islamabad, Islamabad Capital","Brand New 6 Marla House for Sale in I-11/2 Islamabad Discover your dream home in one of Islamabads most sought-after sectors! This brand new 6 Marla double-unit house combines modern design, superior construction quality, and a peaceful location perfect for families or investors seeking long-term value. Property Features: Prime Location: Sector I-11, Islamabad Brand New Double Unit House with Modern Architecture Spacious 5 Bedrooms with Attached Bathrooms Stylish Kitchen & Wide TV Lounge Drawing & Dining Room Car Parking Space Elegant Tile Flooring & False Ceiling Work High-Quality Fixtures and Finishes All Utilities Available Nearby Facilities: Reputed Schools & Colleges Mosques within walking distance Markets & Shopping Centers nearby Easy Access to Public Transport Ideal for: Families | Investors | Long-Term Value Seekers Contact Now for more details or to schedule a visit! (Serious buyers only, please. )","Built in year: 2025, Parking Spaces: 1, Double Glazed Windows, Central Air Conditioning, Central Heating, Flooring, Electricity Backup, Waste Disposal, Other Main Features, Furnished","Bedrooms: 5, Bathrooms: 6, Servant Quarters: 1, Drawing Room, Dining Room, Kitchens: 2, Study Room, Prayer Room, Powder Room, Gym, Steam Room, Lounge or Sitting Room, Laundry Room","Broadband Internet Access, Satellite or Cable TV Ready, Intercom, Other Business and Communication Facilities","Community Lawn or Garden, Community Swimming Pool, Community Gym, First Aid or Medical Centre, Day Care Centre, Kids Play Area, Barbeque Area, Mosque, Community Centre, Other Community Facilities","Sauna, Jacuzzi, Other Healthcare and Recreation Facilities","Nearby Schools, Nearby Hospitals, Nearby Shopping Malls, Nearby Restaurants, Distance From Airport (kms), Nearby Public Transport Service, Other Nearby Places","Maintenance Staff, Security Staff, Facilities for Disabled",,,
https://www.zameen.com/Property/i_11_i-11_2_this_is_your_chance_to_buy_on_excellent_location_house_in_i-11_2-53298682-9879-1.html,House,PKR3.15 Crore,5,4 Marla,For Sale,5,3 weeks ago,"I-11, Islamabad, Islamabad Capital","Brand New Double Story Extra Land House Is Available For Sale In I-11/2 Islamabad Prime Location: Located In The Heart Of I-11, One Of Islamabads Most Sought-After CDA Sectors. Property Details: Plot Size: 4 Marla (25x40) With Back Side Extra Land Bedrooms: 5 Spacious Bedrooms With Attached Modern Bathrooms Living Spaces: Spacious TV Lounge Kitchen: Stylish Modular Kitchen With High-Quality Fixtures And Cabinets Ventilation: Open, Airy Layout With Abundant Natural Light Parking: Secure Car Porch Construction: Solid Structure With Top-Quality Materials Used Nearby Amenities: Walking Distance To Mosque, Park, And Market Easy Access To Main IJP Road And Srinagar Highway Ideal For: Families Seeking A Comfortable Home Or Investors Looking For A Long-Term, High-Value Property. For More Details: Feel Free To Contact For Pricing, Visit, Or Further Information.","Built in year: 2025, Parking Spaces: 1, Double Glazed Windows, Central Air Conditioning, Central Heating, Flooring, Electricity Backup, Waste Disposal, Other Main Features","Bedrooms: 5, Bathrooms: 5, Servant Quarters: 1, Drawing Room, Dining Room, Kitchens: 2, Study Room, Prayer Room, Powder Room, Gym, Steam Room, Lounge or Sitting Room, Laundry Room","Broadband Internet Access, Satellite or Cable TV Ready, Intercom, Other Business and Communication Facilities","Community Lawn or Garden, Community Swimming Pool, Community Gym, First Aid or Medical Centre, Day Care Centre, Kids Play Area, Barbeque Area, Mosque, Community Centre, Other Community Facilities","Lawn or Garden, Swimming Pool, Sauna, Jacuzzi, Other Healthcare and Recreation Facilities","Nearby Schools, Nearby Hospitals, Nearby Shopping Malls, Nearby Restaurants, Distance From Airport (kms), Nearby Public Transport Service","Maintenance Staff, Security Staff, Facilities for Disabled",,,
https://www.zameen.com/Property/dha_defence_phase_5_askari_tower_3_luxury_4-bed_apartment_for_sale_dha_5_tower_3_islamabad-53299754-17434-1.html,Flat,PKR4.15 Crore,5,14.2 Marla,For Sale,4,1 month ago,"DHA Defence, Islamabad, Islamabad Capital","Luxury 4-Bed Apartment for Sale DHA 5 Tower 3, Islamabad Property Highlights: 4 Spacious Luxury Bedrooms 1 Servant Quarter 1 Powder Room Drawing Room & Dining Room Comfortable TV Lounge Elegant Lobby & Modern Layout Beautiful Scenic View 24/7 Water Supply & High-Speed Internet Mosque Nearby Dedicated Laundry Area Availability of Skilled Manpower (plumber, electrician, carpenter, gardener etc. ) Small Shops Within Vicinity (barber, grocery, and daily-use shops) Tandoor & Local Hotel Nearby Secure & Peaceful Environment Ample Parking Space Amenities: High-speed lifts Power backup 24/7 security & CCTV Clean and well-maintained surroundings Located in the heart of DHA Phase 5 Tower 3, Islamabad Enjoy a luxurious and convenient lifestyle surrounded by all modern facilities and daily necessities just steps away. For Visit or Details: View Contact Detail View Contact Detail Property Hut Real Estate Consultants Where comfort meets class.","Built in year: 2021, Parking Spaces, Lobby in Building, Double Glazed Windows, Central Air Conditioning, Central Heating, Flooring, Electricity Backup, Waste Disposal, Floors in Building: 8, Elevators, Service Elevators in Building, Other Main Features","Bedrooms: 4, Bathrooms: 5, Servant Quarters: 1, Drawing Room, Dining Room, Kitchens: 1, Study Room, Prayer Room, Powder Room, Store Rooms: 1, Steam Room, Lounge or Sitting Room, Laundry Room, Other Rooms","Broadband Internet Access, Satellite or Cable TV Ready, Intercom, Other Business and Communication Facilities","Community Lawn or Garden, First Aid or Medical Centre, Day Care Centre, Kids Play Area, Barbeque Area, Mosque, Community Centre, Other Community Facilities","Sauna, Jacuzzi, Other Healthcare and Recreation Facilities","Nearby Schools, Nearby Hospitals, Nearby Shopping Malls, Nearby Restaurants, Distance From Airport (kms), Nearby Public Transport Service, Other Nearby Places","Maintenance Staff, Security Staff, Facilities for Disabled, Other Facilities",,,
https://www.zameen.com/Property/i_14_i-14_4_30_60_8_marla_brand_new_luxury_house_available_for_sale_on_investor_price_in_cda_sector_i-14_4_islamabad-53297877-8343-1.html,House,PKR4 Crore,6,8 Marla,For Sale,6,3 weeks ago,"I-14, Islamabad, Islamabad Capital","Here's a description: *8 Marla Luxury House for Sale on Investor Price in CDA Sector I-14/4 Islamabad* A lucrative opportunity for investors! This 8 Marla brand new luxury house is available for sale on an investor-friendly price in the prestigious CDA Sector I-14/4, Islamabad. With its prime location and modern design, this property is perfect for those looking to invest in real estate. *Key Features* - *Location*: CDA Sector I-14/4, Islamabad, a prime and secure location - *Plot Size*: 8 Marla, providing ample space for a luxurious residence - *House Size*: 30x60 feet, offering spacious living areas - *Brand New*: Fresh construction, ready for possession and customization - *Luxury Features*: High-quality finishes, modern design, and spacious rooms *Investor Benefits* - *Attractive Price*: Available on investor-friendly price, perfect for those looking to invest in real estate - *High Returns*: Potential for high returns on investment through rental income or resale value - *Appreciation*: Expected long-term appreciation in property value due to the area's development and growth *Why CDA Sector I-14/4?* - *Secure Community*: Gated community with 24/7 security - *Modern Amenities*: Access to parks, schools, shopping centers, and other amenities - *Prime Location*: Strategically located with easy access to major roads and highways *Contact Us* Don't miss this opportunity to invest in a luxury house in CDA Sector I-14/4, Islamabad. Contact us today to learn more and take the first step towards a lucrative investment! Would you like more information on pricing, house features, or other details?","Built in year: 2025, Parking Spaces: 2, Double Glazed Windows, Central Air Conditioning, Central Heating, Flooring, Electricity Backup, Waste Disposal, Floors: 2, Other Main Features","Bedrooms: 6, Bathrooms: 6, Servant Quarters: 1, Drawing Room, Dining Room, Kitchens: 2, Study Room, Prayer Room, Powder Room, Gym, Store Rooms: 1, Steam Room, Lounge or Sitting Room, Laundry Room","Broadband Internet Access, Satellite or Cable TV Ready, Intercom, Other Business and Communication Facilities","Community Lawn or Garden, Community Swimming Pool, Community Gym, First Aid or Medical Centre, Day Care Centre, Kids Play Area, Barbeque Area, Mosque, Community Centre","Lawn or Garden, Swimming Pool, Sauna, Jacuzzi","Nearby Schools, Nearby Hospitals, Nearby Shopping Malls, Nearby Restaurants, Distance From Airport (kms), Nearby Public Transport Service, Other Nearby Places","Maintenance Staff, Security Staff, Facilities for Disabled, Other Facilities",,,
https://www.zameen.com/Property/cbr_town_phase_1_cbr_town_phase_1_-_block_c_7_marla_brand_new_triple_storey_house_for_sale_in_cbr_town_block_c-53299049-3149-1.html,House,PKR3.95 Crore,5,7 Marla,For Sale,4,1 day ago,"CBR Town, Islamabad, Islamabad Capital","Prime Location House, 7MARLA House For sale in Soan garden, Islamabad Pakistan VAN : View Contact Detail Accommodations: - 4 Bed - 5 Bath - 1 House keeper Rooms with bath - Drawing and Dining - 2 x Kitchen - 2 x TV lounges - Multiple Sitting Area - Inner terrace - 2 Car Parking Garage Space - Classical Style house - Designer House","Built in year: 2025, Parking Spaces, Flooring, Electricity Backup, Waste Disposal, Floors: 3","Bedrooms: 5, Bathrooms: 8, Servant Quarters: 1, Drawing Room, Dining Room, Kitchens: 2, Powder Room, Store Rooms: 3, Lounge or Sitting Room, Laundry Room","Broadband Internet Access, Satellite or Cable TV Ready","Community Lawn or Garden, Kids Play Area, Barbeque Area, Mosque",Lawn or Garden,"Nearby Schools, Nearby Hospitals, Nearby Shopping Malls","Maintenance Staff, Security Staff",,,
https://www.zameen.com/Property/i_8_i-8_4_house_sized_14_marla_in_i-8_4-53182944-3444-1.html,House,PKR10.75 Crore,6,14 Marla,For Sale,6,3 days ago,"I-8, Islamabad, Islamabad Capital",Double storey house is available for sale 6 Beds with attached baths DD TV lounge kitchen store room car parking CDA TRANSFER best option for living near markaz school masjid and community park peaceful environment more options also available for Get in touch with us today for more information and direct deal.,"Parking Spaces: 2, Double Glazed Windows, Central Air Conditioning, Central Heating, Flooring, Electricity Backup, Waste Disposal, Other Main Features","Bedrooms: 3, Bathrooms: 3, Drawing Room, Dining Room, Kitchens: 1, Study Room, Prayer Room, Powder Room, Gym, Store Rooms: 1, Steam Room, Lounge or Sitting Room, Laundry Room, Other Rooms","Broadband Internet Access, Satellite or Cable TV Ready, Intercom, Other Business and Communication Facilities","Community Lawn or Garden, Community Swimming Pool, Community Gym, First Aid or Medical Centre, Day Care Centre, Kids Play Area, Barbeque Area, Mosque, Community Centre, Other Community Facilities","Sauna, Jacuzzi, Other Healthcare and Recreation Facilities","Nearby Schools, Nearby Hospitals, Nearby Shopping Malls, Nearby Restaurants, Distance From Airport (kms), Nearby Public Transport Service, Other Nearby Places","Maintenance Staff, Security Staff, Facilities for Disabled, Other Facilities",,,
https://www.zameen.com/Property/i_8_i-8_3_14_marla_house_for_sale_in_i-8_3_islamabad-53182947-3443-1.html,House,PKR14 Crore,5,14 Marla,For Sale,5,3 days ago,"I-8, Islamabad, Islamabad Capital",Double storey house is available for sale 5 Beds with attached baths 2 DD 2 TV lounge 2 kitchen store room servant room car parking CDA TRANSFER best option for living near markaz school masjid and community park peaceful environment more options also available for Get in touch with us today for more information and direct deal.,"Parking Spaces: 2, Double Glazed Windows, Central Air Conditioning, Central Heating, Flooring, Electricity Backup, Waste Disposal, Other Main Features","Bedrooms: 8, Bathrooms: 8, Servant Quarters: 1, Drawing Room, Dining Room, Kitchens: 2, Study Room, Prayer Room, Powder Room, Gym, Store Rooms: 1, Steam Room, Lounge or Sitting Room, Laundry Room, Other Rooms","Broadband Internet Access, Satellite or Cable TV Ready, Intercom, Other Business and Communication Facilities","Community Lawn or Garden, Community Swimming Pool, Community Gym, First Aid or Medical Centre, Day Care Centre, Kids Play Area, Barbeque Area, Mosque, Community Centre, Other Community Facilities","Sauna, Jacuzzi, Other Healthcare and Recreation Facilities","Nearby Schools, Nearby Hospitals, Nearby Shopping Malls, Nearby Restaurants, Distance From Airport (kms), Nearby Public Transport Service, Other Nearby Places","Maintenance Staff, Security Staff, Facilities for Disabled, Other Facilities",,,
https://www.zameen.com/Property/islamabad_park_view_city_gray_structure_house_available_for_sale_in_overseas_block_park_view_city-53342597-10933-1.html,House,PKR1.52 Crore,4,5 Marla,For Sale,4,5 days ago,"Park View City, Islamabad, Islamabad Capital",Gray Structure 5 Marla Street 16 Overseas block street 16 Direct Owner Personal Property,"Built in year: 2025, Parking Spaces, Double Glazed Windows, Central Air Conditioning, Central Heating, Flooring, Electricity Backup, Waste Disposal, Floors: 2, Other Main Features, Furnished","Bedrooms: 3, Bathrooms: 3, Servant Quarters, Drawing Room, Dining Room, Kitchens: 1, Study Room, Prayer Room, Powder Room, Gym, Store Rooms, Steam Room, Lounge or Sitting Room, Laundry Room, Other Rooms","Broadband Internet Access, Satellite or Cable TV Ready, Intercom, Other Business and Communication Facilities","Community Lawn or Garden, Community Swimming Pool, Community Gym, First Aid or Medical Centre, Day Care Centre, Kids Play Area, Barbeque Area, Mosque, Community Centre, Other Community Facilities","Lawn or Garden, Swimming Pool, Sauna, Jacuzzi, Other Healthcare and Recreation Facilities","Nearby Schools, Nearby Hospitals, Nearby Shopping Malls, Nearby Restaurants, Distance From Airport (kms), Nearby Public Transport Service, Other Nearby Places","Maintenance Staff, Security Staff",,,
https://www.zameen.com/Property/islamabad_khanna_pul_fresh_double-story_house_for_sale_in_the_heart_of_islamabad_gas_water_electricity_available-53348076-9020-1.html,House,PKR1.2 Crore,6,4 Marla,For Sale,6,5 days ago,"Khanna Pul, Islamabad, Islamabad Capital","Fresh Double-Story House for Sale in the Heart of Islamabad Burma town near Rehman Enclave next to fatima Jinnah College khanna pul islamabad 6 Demand : 1 Cror 20 lacks 3 Beds room With attach wash rooms ,TV Lounge Kitchen Teras (Ground Floor) 3 Beds Room With attach Wash rooms, Kitchen Hall, Teras (First Floor) Rent value : 50 thoushand Just 1 Mint walk from Main road 5 Mint Walk From Rawal Genral Hospital 15 Mint Distance From Blue area , Faizabad, zero point. Gas, Water, and Electricity facilities are available Very peaceful and Secure Area for living","Double Glazed Windows, Central Air Conditioning, Central Heating, Waste Disposal, Furnished","Drawing Room, Dining Room, Study Room, Prayer Room, Powder Room, Gym, Steam Room, Lounge or Sitting Room, Laundry Room","Broadband Internet Access, Satellite or Cable TV Ready, Intercom","Community Lawn or Garden, Community Swimming Pool, Community Gym, First Aid or Medical Centre, Day Care Centre, Kids Play Area, Barbeque Area, Mosque, Community Centre","Lawn or Garden, Swimming Pool, Sauna, Jacuzzi",,"Maintenance Staff, Security Staff, Facilities for Disabled",,,
https://www.zameen.com/Property/islamabad_g-13_14_marla_40x80_royal_house_for_sale_in_g-13_islamabad-52556142-330-1.html,House,PKR11 Crore,7,14 Marla,For Sale,7,1 week ago,"G-13, Islamabad, Islamabad Capital","Its a Beautiful 14 Marla Brand New Luxury Doubble Unit Designer House For sale in Sector G-13, Islamabad. Fully Bricks Made, Top-noch Quality Work, A piece of Art Access: A Very Prime Location 0.5 KM from Srinagar Highway Islamabad 15 KM drive to Islamabad int Airport 7 KM Drive From Motorway M-1 & M-2 Islamabad 10 KM Drive to Rwalpindi Saddar 9 KM From Blue Area Islamabad 2 KM drive to Quaid-e-Azam int Hospital 2 minutes Walking distance to School Masjid & Markets Accommodation: 6-Bedrooms with Attach Baths 1-Momty Proper Room / Servant Quarter 2-Drawing & Dinning 2-Kitchen Big Laundry Area Special Water Bore 2+2 in & out Car Parking 40 feet Wide Street Demand 11 Crore slightly negotiable For Visit & Futher Details Call / WhatsApp Us","Built in year: 2025, Parking Spaces, Double Glazed Windows, Central Air Conditioning, Central Heating, Flooring, Electricity Backup, Waste Disposal, Floors, Other Main Features, Furnished","Bedrooms: 7, Bathrooms: 6, Servant Quarters: 1, Drawing Room, Dining Room, Kitchens: 2, Study Room, Prayer Room, Powder Room, Gym, Store Rooms: 1, Steam Room, Lounge or Sitting Room, Laundry Room, Other Rooms","Broadband Internet Access, Satellite or Cable TV Ready, Intercom, Other Business and Communication Facilities","Community Lawn or Garden, Community Swimming Pool, Community Gym, First Aid or Medical Centre, Day Care Centre, Kids Play Area, Barbeque Area, Mosque, Community Centre, Other Community Facilities","Lawn or Garden, Swimming Pool, Sauna, Jacuzzi, Other Healthcare and Recreation Facilities","Nearby Schools, Nearby Hospitals, Nearby Shopping Malls, Nearby Restaurants, Distance From Airport (kms), Nearby Public Transport Service, Other Nearby Places","Maintenance Staff, Security Staff, Facilities for Disabled, Other Facilities",,,
https://www.zameen.com/Property/f_8_f-8_3_extraland_corner_750sqy_house_prime_location_of_f8_3-52917953-3316-1.html,House,PKR32 Crore,4,1 Kanal,For Sale,3,3 days ago,"F-8, Islamabad, Islamabad Capital","Orignal pictures attached 750sqy 1.5 Kanal Extra land+ Corner + Direct access from Main boulevard, Single story house with huge lawn. Prime location investors price CDA transfer Single owner More Extra land approved for Green area ( lawn) on corner side contact for more info","Built in year: 2025, Parking Spaces: 5, Double Glazed Windows, Central Air Conditioning, Central Heating, Flooring, Electricity Backup, Waste Disposal, Floors: 2, Other Main Features, Furnished","Bedrooms: 2, Bathrooms: 4, Servant Quarters: 1, Drawing Room, Dining Room, Kitchens: 1, Study Room, Prayer Room, Powder Room, Gym, Store Rooms: 1, Steam Room, Lounge or Sitting Room, Laundry Room","Broadband Internet Access, Satellite or Cable TV Ready, Intercom, Other Business and Communication Facilities","Community Lawn or Garden, Community Swimming Pool, Community Gym, First Aid or Medical Centre, Day Care Centre, Kids Play Area, Barbeque Area, Mosque, Community Centre, Other Community Facilities","Lawn or Garden, Swimming Pool, Sauna, Jacuzzi, Other Healthcare and Recreation Facilities","Nearby Schools, Nearby Hospitals, Nearby Shopping Malls, Nearby Restaurants, Distance From Airport (kms), Nearby Public Transport Service, Other Nearby Places","Maintenance Staff, Security Staff, Facilities for Disabled, Other Facilities",,,
https://www.zameen.com/Property/bahria_town_bahria_enclave_brand_new_house_for_sale-53353475-1705-1.html,House,PKR5.1 Crore,6,10 Marla,For Sale,5,1 day ago,"Bahria Town, Islamabad, Islamabad Capital",Sector A 10 Marla Brand New House For Sale A + Construction Beautiful Location Front Open Near Market Park &Amp; Masjid Contact More Details,"Built in year: 2024, Parking Spaces: 4, Double Glazed Windows, Central Air Conditioning, Central Heating, Flooring, Electricity Backup, Waste Disposal, Floors: 2, Other Main Features","Bedrooms: 5, Bathrooms: 6, Servant Quarters: 1, Drawing Room, Dining Room, Kitchens: 2, Study Room, Prayer Room, Powder Room, Gym, Store Rooms: 2, Steam Room, Lounge or Sitting Room, Laundry Room","Broadband Internet Access, Satellite or Cable TV Ready, Intercom, Other Business and Communication Facilities","Community Lawn or Garden, Community Swimming Pool, Community Gym, First Aid or Medical Centre, Day Care Centre, Kids Play Area, Barbeque Area, Mosque, Community Centre, Other Community Facilities","Lawn or Garden, Swimming Pool, Sauna, Jacuzzi, Other Healthcare and Recreation Facilities","Nearby Schools, Nearby Hospitals, Nearby Shopping Malls, Nearby Restaurants, Distance From Airport (kms), Nearby Public Transport Service, Other Nearby Places","Maintenance Staff, Security Staff, Facilities for Disabled, Other Facilities",,,
https://www.zameen.com/Property/islamabad_jhangi_syedan_brand_new_single_storey_house_for_sale-53232121-8851-1.html,House,PKR96 Lakh,3,5 Marla,For Sale,2,1 month ago,"Jhangi Syedan, Islamabad, Islamabad Capital",4.5 Marla 2 bedrooms 1 drawing room 3 washrooms Car porch Water tank Near to Daewo terminal 5 min drive from motorway 3 min drive from i-15 service road Concrete Street with two side sewerage lines,"Parking Spaces, Flooring, Floors","Bedrooms: 2, Bathrooms: 3, Drawing Room, Kitchens: 1, Store Rooms: 1, Laundry Room",,"Community Lawn or Garden, Mosque",Lawn or Garden,"Nearby Schools, Nearby Hospitals, Nearby Shopping Malls, Nearby Restaurants, Nearby Public Transport Service",,,,
https://www.zameen.com/Property/dha_defence_phase_1_dha_phase_1_-_sector_f_with_basement_pool_50_x_100_size_luxurious_8_beds_bungalow_on_top_location_for_sale_in_dha_phase_1_islamabad-53334289-8226-1.html,House,PKR12.5 Crore,7,1 Kanal,For Sale,8,2 days ago,"DHA Defence, Islamabad, Islamabad Capital",With Basement Pool 50 x 100 Size Luxurious 8 Beds Bungalow On Top Location For Sale In DHA Phase 1 Islamabad Features 8 Master Size Bedrooms 9 Washroom With Jacuzzi Tub Shower Cabin Bath 3 Kitchen with Wooden Work All Washrooms With Imported Fitting 6 Cars Parking Green Lush Lawn 2 Big TV Lounge Drawing Room Dining Room Powder Room 2 Store Rooms Tile Wooden flooring 2 Servant Quarters Sitting Area And Bar B Q Area . Double Unit Bungalow Complete Wiring Of Ups And Generator Done In The Bungalow. CCTV Camera Provision Given In The House. Solid Steel Work Used For Outside Main Gate. Sliding Doors. All The Construction Near And Adjacent To House Is New. Spacious Green Belt. Planters All Around The Green Belt. Beautiful Lawn With Complete Variety Of Planters. Side Streets Are Proper Covered With Tiles. Bungalow Is Completed According To DHA By-Laws. Imported Kitchen With Practical Implementation Of All Appliances For Cooking. Solid Steel Work Used In Cabinets. Lights Provision In All Cabinets Of Kitchen. Dirty Kitchen Small Kitchen Built With The Same Style Of Outer Kitchen. Air Conditioners Installed In Bed Rooms Kitchen Dinning And Drawing Room. Double Glace Windows For Sound Proofing. Washing Area Is Elegantly Managed At The Back Side Of Bungalow. Good Sizes Of Washrooms With Large Wardrobes In It. Rain Showers Are Installed In Washrooms. Superb Elevation,"Built in year, Parking Spaces, Double Glazed Windows, Central Air Conditioning, Central Heating, Flooring, Electricity Backup, Waste Disposal, Floors, Other Main Features, Furnished","Bedrooms: 8, Bathrooms: 9, Servant Quarters, Drawing Room, Dining Room, Kitchens, Study Room, Prayer Room, Powder Room, Gym, Store Rooms: 2, Steam Room, Lounge or Sitting Room, Laundry Room, Other Rooms","Broadband Internet Access, Satellite or Cable TV Ready, Intercom, Other Business and Communication Facilities","Community Lawn or Garden, Community Swimming Pool, Community Gym, First Aid or Medical Centre, Day Care Centre, Kids Play Area, Barbeque Area, Mosque, Community Centre, Other Community Facilities","Lawn or Garden, Swimming Pool, Sauna, Jacuzzi, Other Healthcare and Recreation Facilities","Nearby Schools, Nearby Hospitals, Nearby Shopping Malls, Nearby Restaurants, Distance From Airport (kms), Nearby Public Transport Service, Other Nearby Places","Maintenance Staff, Security Staff, Facilities for Disabled, Other Facilities",,,
https://www.zameen.com/Property/dha_defence_dha_defence_phase_2_1_kanal_double_heighted_lobby_design_house_for_sale_in_dha_i_r-52372119-339-1.html,House,PKR10.8 Crore,6,1 Kanal,For Sale,6,3 days ago,"DHA Defence, Islamabad, Islamabad Capital","Presenting This Exceptional 1 Kanal Masterpiece, one of the most sought-after houses for sale in DHA. Situated near a park and close to all essential amenities, this property offers luxurious living at its finest. Here are some key features of this remarkable house: 5 spacious bedrooms, each with attached bathrooms All bathrooms equipped with high-quality imported fittings, including Grohe fittings Impeccable woodwork throughout the house, using teak wood and ash wood Imported fittings installed in every washroom Conveniently located near a park and mosque Commercial area in close proximity Total covered area of approximately 6000 sq ft Double-story structure Wiring for UPS and generator completed Provision for CCTV cameras Solid steel work for the main gate Sliding doors for ease of access Elegant marble-tiled wooden flooring Spanish tiles used to cover all washrooms Contact Us For Further assistance","Built in year: 2025, Parking Spaces: 3, Double Glazed Windows, Central Air Conditioning, Central Heating, Flooring, Electricity Backup, Waste Disposal, Floors: 3, Other Main Features, Furnished","Bedrooms: 6, Bathrooms: 6, Servant Quarters: 2, Drawing Room, Dining Room, Kitchens: 5, Study Room, Prayer Room, Powder Room, Gym, Store Rooms: 2, Steam Room, Lounge or Sitting Room, Laundry Room, Other Rooms","Broadband Internet Access, Satellite or Cable TV Ready, Intercom, Other Business and Communication Facilities","Community Lawn or Garden, Community Swimming Pool, Community Gym, First Aid or Medical Centre, Day Care Centre, Kids Play Area, Barbeque Area, Mosque, Community Centre, Other Community Facilities","Lawn or Garden, Swimming Pool, Sauna, Jacuzzi, Other Healthcare and Recreation Facilities","Nearby Schools, Nearby Hospitals, Nearby Shopping Malls, Nearby Restaurants, Distance From Airport (kms), Nearby Public Transport Service, Other Nearby Places","Maintenance Staff, Security Staff, Facilities for Disabled, Other Facilities",,,
https://www.zameen.com/Property/dha_defence_dha_defence_phase_2_1_5_kanal_victoria_designed_house_for_sale_in_dha_i_r-52372121-339-1.html,House,PKR21.8 Crore,5,1.5 Kanal,For Sale,5,3 days ago,"DHA Defence, Islamabad, Islamabad Capital","Presenting This Exceptional 1.5 Kanal Masterpiece, one of the most sought-after houses for sale in DHA. Situated near a park and close to all essential amenities, this property offers luxurious living at its finest. Here are some key features of this remarkable house: 8 spacious bedrooms, each with attached bathrooms All bathrooms equipped with high-quality imported fittings, including Grohe fittings Impeccable woodwork throughout the house, using teak wood and ash wood Imported fittings installed in every washroom Conveniently located near a park and mosque Commercial area in close proximity Total covered area of approximately 10000 sq ft Double-story structure Wiring for UPS and generator completed Provision for CCTV cameras Solid steel work for the main gate Sliding doors for ease of access Elegant marble-tiled wooden flooring Spanish tiles used to cover all washrooms Contact Us For Further assistance","Built in year: 2025, Parking Spaces: 2, Double Glazed Windows, Central Air Conditioning, Central Heating, Flooring, Electricity Backup, Waste Disposal, Floors: 2, Other Main Features, Furnished","Bedrooms: 5, Bathrooms: 5, Servant Quarters: 1, Drawing Room, Dining Room, Kitchens: 2, Study Room, Prayer Room, Powder Room, Gym, Store Rooms: 2, Steam Room, Lounge or Sitting Room, Laundry Room, Other Rooms","Broadband Internet Access, Satellite or Cable TV Ready, Intercom, Other Business and Communication Facilities","Community Lawn or Garden, Community Swimming Pool, Community Gym, First Aid or Medical Centre, Day Care Centre, Kids Play Area, Barbeque Area, Mosque, Community Centre, Other Community Facilities","Lawn or Garden, Swimming Pool, Sauna, Jacuzzi, Other Healthcare and Recreation Facilities","Nearby Schools, Nearby Hospitals, Nearby Shopping Malls, Nearby Restaurants, Distance From Airport (kms), Nearby Public Transport Service, Other Nearby Places","Maintenance Staff, Security Staff, Facilities for Disabled, Other Facilities",,,
https://www.zameen.com/Property/dha_defence_dha_defence_phase_2_2_kanal_brand_new_luxurious_designer_and_furnished_house_up_for_sale-53342085-339-1.html,House,PKR39 Crore,6,2 Kanal,For Sale,6,3 days ago,"DHA Defence, Islamabad, Islamabad Capital","Blue Rock Investment Present the the most stylish, Designer and Luxury Furnished 32 marla Brand new House Upfor Sale. The Main Feature Are : 6 beautiful Bedrooms 9 stylish bathrooms 2 specious TV Lounge Drawing and Dinning 2 unique kitchens Store Serventroom with bath Car parking Big green lush lown 12 KV solar installed Swimming pool, sauna room, stream room Home Theatre Gym Left instolled And much more For More details please contact as feel free Very neat and clean deal Meeting direct with house owner.","Built in year: 2025, Parking Spaces: 4, Double Glazed Windows, Central Air Conditioning, Central Heating, Flooring, Electricity Backup, Waste Disposal, Other Main Features, Furnished","Bedrooms: 6, Bathrooms: 9, Servant Quarters: 2, Drawing Room, Dining Room, Kitchens: 2, Study Room, Prayer Room, Powder Room, Gym, Store Rooms: 2, Steam Room, Lounge or Sitting Room, Laundry Room, Other Rooms","Broadband Internet Access, Satellite or Cable TV Ready, Intercom, Other Business and Communication Facilities","Community Lawn or Garden, Community Swimming Pool, Community Gym, First Aid or Medical Centre, Day Care Centre, Kids Play Area, Barbeque Area, Mosque, Community Centre, Other Community Facilities","Sauna, Jacuzzi, Other Healthcare and Recreation Facilities","Nearby Schools, Nearby Hospitals, Nearby Shopping Malls, Nearby Restaurants, Distance From Airport (kms), Nearby Public Transport Service, Other Nearby Places","Maintenance Staff, Security Staff, Facilities for Disabled, Other Facilities",,,
https://www.zameen.com/Property/b_17_mpchs_-_multi_gardens_5_marla_brand_new_designer_house_for_sale_in_multi_gardens_b-17_islamabad_fmc-53273590-3115-1.html,House,PKR2.3 Crore,6,5 Marla,For Sale,5,1 month ago,"B-17, Islamabad, Islamabad Capital","5 Marla Brand New Designer House for Sale in Multi Gardens B-17 (FMC), Islamabad Discover modern living in this brand-new, beautifully designed 5 Marla house located in the prestigious Multi Gardens B-17 (FMC) Islamabad. Crafted with contemporary architecture and premium finishes, this home offers a perfect blend of elegance, comfort, and practicality. Every detail of this designer residence reflects thoughtful planning from its modern exterior and stylish interiors to its high-quality fittings and fixtures. Spacious bedrooms, sleek bathrooms, and well-ventilated living areas create an inviting and luxurious atmosphere. The modern kitchen is equipped with quality cabinetry and ample workspace, ideal for family living. Situated in Faisal Margalla City (FMC)an extension of the renowned B-17 societythis property enjoys a prime location surrounded by serene views of the Margalla Hills, wide roads, parks, and all modern amenities. The society provides secure gated access, a reliable electricity and water system, and a peaceful environment, making it one of Islamabads most desirable communities. This house is ideal for families looking for a ready-to-move-in, stylish new home, or for investors seeking a high-value property in a rapidly developing area. Key Highlights: 5 Marla (2550) plot size Brand new construction with modern design Stylish front elevation and imported fittings Spacious bedrooms and bathrooms Drawing/dining, TV lounge, and designer kitchen Car porch and terrace Prime location in Multi Gardens B-17 (FMC) Secure, peaceful, and fully developed neighborhood","Built in year: 2025, Parking Spaces: 1, Double Glazed Windows, Central Air Conditioning, Central Heating, Flooring, Electricity Backup, Waste Disposal, Floors: 2, Other Main Features","Bedrooms: 5, Bathrooms: 6, Servant Quarters: 1, Drawing Room, Dining Room, Kitchens: 1, Study Room, Prayer Room, Powder Room, Gym, Store Rooms: 1, Steam Room, Lounge or Sitting Room, Laundry Room, Other Rooms","Broadband Internet Access, Satellite or Cable TV Ready, Intercom, Other Business and Communication Facilities","Community Lawn or Garden, Community Swimming Pool, Community Gym, First Aid or Medical Centre, Day Care Centre, Kids Play Area, Barbeque Area, Mosque, Community Centre, Other Community Facilities","Lawn or Garden, Swimming Pool, Sauna, Jacuzzi, Other Healthcare and Recreation Facilities","Nearby Schools, Nearby Hospitals, Nearby Shopping Malls, Nearby Restaurants, Distance From Airport (kms), Nearby Public Transport Service, Other Nearby Places","Maintenance Staff, Security Staff, Facilities for Disabled, Other Facilities",,,
https://www.zameen.com/Property/islamabad_d-17_d17_2_mvhs_6_36_marla_beautiful_double_story_modern_house_available_for_sale-53298958-737-1.html,House,PKR3 Crore,7,6 Marla,For Sale,5,5 days ago,"D-17, Islamabad, Islamabad Capital",D17/2 MVHS 6.36 Marla beautiful brand new double story modern beautiful front elevation house available for sale C block Dimension 30*53 total 5 bedroom with attached washroom drawing room with attached washroom 2 kitchen 2 tv lounge servent room with separate washroom on roof top 2 car parking electricity meter installed Gas aspected water bore functional contact for this beautiful house for visit,"Built in year: 2025, Parking Spaces: 2, Double Glazed Windows, Central Air Conditioning, Central Heating, Flooring, Electricity Backup, Waste Disposal, Floors: 2","Bedrooms: 5, Bathrooms: 7, Servant Quarters: 1, Drawing Room, Kitchens: 2, Lounge or Sitting Room","Broadband Internet Access, Satellite or Cable TV Ready, Intercom",,,,,,,
https://www.zameen.com/Property/islamabad_bani_gala_double_story_11_marla_house_for_sale_in_bani_gala_islamabad-53232099-340-1.html,House,PKR3.8 Crore,3,11 Marla,For Sale,2,4 weeks ago,"Bani Gala, Islamabad, Islamabad Capital",Double story house with area 11 marla 2 bedrooms A tv launch A charming guest room Vip kitchen 3 wahsrooms along 25 feet road with reliable source of living price demand 3.80 crore 1 lac 70 thousand rent payment,"Double Glazed Windows, Central Air Conditioning, Central Heating","Bedrooms: 2, Bathrooms: 3, Drawing Room, Dining Room, Study Room, Prayer Room","Broadband Internet Access, Satellite or Cable TV Ready, Intercom","Community Gym, Kids Play Area, Barbeque Area, Mosque",Lawn or Garden,"Nearby Schools, Nearby Hospitals, Nearby Shopping Malls, Nearby Restaurants, Distance From Airport (kms), Nearby Public Transport Service, Other Nearby Places",Security Staff,,,
https://www.zameen.com/Property/park_view_city_park_view_city_-_downtown_block_1_bed_lake_face_apartment_in_park_view_city-53286341-20871-1.html,Flat,PKR2.46 Crore,1,3 Marla,For Sale,1,2 weeks ago,"Park View City, Islamabad, Islamabad Capital",1 Bed Lake Face Apartment in Park View City Ready to move 1 month time available,"Built in year: 2024, Parking Spaces, Central Air Conditioning, Flooring, Electricity Backup, Waste Disposal, Floor: 2, Floors in Building: 6, Elevators, Furnished","Bedrooms: 1, Bathrooms: 1, Drawing Room, Dining Room, Kitchens: 1, Gym, Lounge or Sitting Room","Satellite or Cable TV Ready, ATM Machines, Other Business and Communication Facilities","Community Lawn or Garden, First Aid or Medical Centre, Kids Play Area, Barbeque Area, Mosque",,"Nearby Schools, Nearby Hospitals, Nearby Shopping Malls, Nearby Restaurants, Distance From Airport (kms), Nearby Public Transport Service, Other Nearby Places","Maintenance Staff, Security Staff, Laundry or Dry Cleaning Facility, Facilities for Disabled, Pets Allowed",,,
https://www.zameen.com/Property/bahria_town_bahria_enclave_bahria_enclave_sector_g_1_bed_apartment_available_for_sale_good_location_brand_new_luxury_apartment-53246663-1705-1.html,Flat,PKR65 Lakh,1,2.9 Marla,For Sale,1,3 weeks ago,"Bahria Town, Islamabad, Islamabad Capital",*Apartment for sale* *Best investment* *opportunity* *Invstar rate* 1 Bed Fully Furnished Apartment For Sale 3rd Floor Liberty Arcade Sector G Bahria Enclave Islamabad Fully Furnished 3rd Floor 660 sqft Lift is near to complete Apartment is on internal transfer which given by project authorities Demand contact Rental income 50k *Muhammad Khalid* *IBRAHIM ASSOCIATES* *bahria Enclave* *Islamabad* Contact View Contact Detail,"Built in year: 2023, Lobby in Building, Double Glazed Windows, Central Air Conditioning, Central Heating, Waste Disposal, Floor: 3, Floors in Building: 5, Elevators: 1, Service Elevators in Building","Bedrooms: 1, Bathrooms: 1, Servant Quarters: 1, Drawing Room, Kitchens: 1, Study Room, Gym, Store Rooms: 1, Steam Room, Lounge or Sitting Room, Laundry Room","Broadband Internet Access, Satellite or Cable TV Ready, Business Center or Media Room in Building, Conference Room in Building, Intercom, ATM Machines","Community Lawn or Garden, Community Swimming Pool, Community Gym, First Aid or Medical Centre, Day Care Centre, Kids Play Area, Barbeque Area, Mosque, Community Centre","Sauna, Jacuzzi","Nearby Schools, Nearby Hospitals, Nearby Shopping Malls, Nearby Restaurants, Distance From Airport (kms), Nearby Public Transport Service, Other Nearby Places","Security Staff, Other Facilities",,,
https://www.zameen.com/Property/g_14_g-14_4_proper_corner_25_40_brand_new_house_for_sale_in_g13-53304307-3346-1.html,House,PKR4.7 Crore,5,4 Marla,For Sale,4,3 days ago,"G-14, Islamabad, Islamabad Capital","Proper Corner 25*40 Brand New House For Sale In G14/4. Electric, Gas, Water supply and Water Bore Available. 4 Bedrooms Attached Bathrooms,2 Kitchens, 2 Tv lounge and 1 Car Porch. Location:G14/4 Near To Markets, Mosque, Family Parks , Football Ground, Schools, Metro Bus stop , Kashmir highway , Hayat International Hospital , Quaid Azam International Hospital , Nust University, GT Road , 26 Number Bus stop , and Islamabad International Airport. Proper Corner 25*40(4 Marla) Brand New House For Sale In G14/4.",,,,,,,,,,
https://www.zameen.com/Property/islamabad_kashmir_highway_elegant_studio_apartment_for_sale_in_sector_h-13_islamabad_near_nust_kashmir_highway-53301987-3456-1.html,Flat,PKR60 Lakh,1,2.1 Marla,For Sale,-,6 hours ago,"Kashmir Highway, Islamabad, Islamabad Capital","Experience modern urban living at its finest with this beautifully crafted 470 sq. ft. studio apartment in the highly sought-after Sector H-13, Islamabad. Designed for comfort, sophistication, and smart space utilization, this residence redefines the concept of luxury compact living. Property Features: Spacious Studio (470 sq. ft. ) with a well-planned, airy layout Contemporary interior design with elegant finishes Prime Location: Just minutes away from NUST University and Kashmir Highway State-of-the-art building amenities: Secure entrance, high-speed elevators, modern lobby, 24/7 security, and dedicated parking Flexible 3-Year Installment Plan own your dream home with ease Lifestyle & Location Highlights: Surrounded by top educational institutes, cafes, and modern conveniences Peaceful environment with easy access to Islamabads main arteries Ideal for professionals, students, and couples seeking stylish city living Why Choose This Flat? A perfect blend of luxury, location, and lifestyle, this studio offers unmatched value for those who desire comfort and elegance in the capital city. Whether you plan to live in or invest, this property promises premium returns and elevated living. Book your visit today and step into a lifestyle you truly deserve.","Built in year: 2025, Parking Spaces, Lobby in Building, Double Glazed Windows, Flooring, Electricity Backup, Waste Disposal, Floor: 6, Floors in Building: 10, Elevators, Service Elevators in Building, Other Main Features",,,,,,,,,
https://www.zameen.com/Property/islamabad_i-8_12_marla_house_ideally_situated_in_i-8-53182949-174-1.html,House,PKR9.95 Crore,6,12 Marla,For Sale,6,3 days ago,"I-8, Islamabad, Islamabad Capital",Double storey house is available for sale 6 Beds with attached baths DD TV lounge kitchen store room servant room car parking CDA TRANSFER best option for living near markaz school masjid and community park peaceful environment more options also available for Get in touch with us today for more information and direct deal.,"Parking Spaces: 2, Double Glazed Windows, Central Air Conditioning, Central Heating, Flooring, Electricity Backup, Waste Disposal, Other Main Features","Bedrooms: 6, Bathrooms: 6, Servant Quarters: 1, Drawing Room, Dining Room, Kitchens: 2, Study Room, Prayer Room, Powder Room, Gym, Store Rooms: 1, Steam Room, Lounge or Sitting Room, Laundry Room, Other Rooms","Broadband Internet Access, Satellite or Cable TV Ready, Intercom, Other Business and Communication Facilities","Community Lawn or Garden, Community Swimming Pool, Community Gym, First Aid or Medical Centre, Day Care Centre, Kids Play Area, Barbeque Area, Mosque, Community Centre, Other Community Facilities","Sauna, Jacuzzi, Other Healthcare and Recreation Facilities","Nearby Schools, Nearby Hospitals, Nearby Shopping Malls, Nearby Restaurants, Distance From Airport (kms), Nearby Public Transport Service, Other Nearby Places","Maintenance Staff, Security Staff, Facilities for Disabled, Other Facilities",,,
https://www.zameen.com/Property/i_8_i-8_4_ready_to_sale_a_house_14_marla_in_i-8_4_islamabad-53249916-3444-1.html,House,PKR11.5 Crore,5,14 Marla,For Sale,5,6 days ago,"I-8, Islamabad, Islamabad Capital",House is available for sale 5 beds with attached baths DD TV lounge kitchen store room car parking CDA TRANSFER best option for living near markaz school masjid and community park peaceful environment more options also available Get in touch with us today for more information and direct deal.,"Double Glazed Windows, Central Air Conditioning, Central Heating, Waste Disposal","Drawing Room, Dining Room, Study Room, Prayer Room, Powder Room, Steam Room, Lounge or Sitting Room, Laundry Room","Broadband Internet Access, Satellite or Cable TV Ready, Intercom","Community Lawn or Garden, Community Swimming Pool, Community Gym, First Aid or Medical Centre, Day Care Centre, Kids Play Area, Barbeque Area, Mosque, Community Centre, Other Community Facilities",,"Nearby Schools, Nearby Hospitals, Nearby Shopping Malls, Nearby Restaurants, Distance From Airport (kms), Nearby Public Transport Service","Maintenance Staff, Security Staff",,,
https://www.zameen.com/Property/islamabad_khanna_pul_fresh_double-story_house_for_sale_in_the_heart_of_islamabad_gas_water_electricity_available-53347937-9020-1.html,House,PKR1.25 Crore,4,4 Marla,For Sale,4,5 days ago,"Khanna Pul, Islamabad, Islamabad Capital","Beautiful Double Fresh House For Sale In Burma Town Near Rehman Enclave Fatima Jinnah College Khanna Pul Islamabad 4 Beds Room With Attach Wash Rooms Drawing Room, 1 Kitchen Total Marble, Selling And Tiles Rent Value : 30 Thoushand Just 1 Mint Walk From Main Road 5 Mint Walk From Rawal Genral Hospital 5 Mint Distance From Blue Area , Faizabad, Zero Point. Gas, Water, And Electricity Facilities Are Available Very Peaceful And Secure Area For Living","Built in year: 2025, Parking Spaces: 1, Double Glazed Windows, Central Air Conditioning, Central Heating, Flooring, Electricity Backup, Waste Disposal, Other Main Features, Furnished","Bedrooms: 2, Bathrooms: 1, Drawing Room, Dining Room, Kitchens: 1, Study Room, Prayer Room, Powder Room, Gym, Store Rooms: 1, Steam Room, Lounge or Sitting Room, Laundry Room, Other Rooms","Broadband Internet Access, Satellite or Cable TV Ready, Intercom, Other Business and Communication Facilities","Community Lawn or Garden, Community Swimming Pool, Community Gym, First Aid or Medical Centre, Day Care Centre, Kids Play Area, Barbeque Area, Mosque, Community Centre, Other Community Facilities","Lawn or Garden, Swimming Pool, Sauna, Jacuzzi, Other Healthcare and Recreation Facilities","Nearby Schools, Nearby Hospitals, Nearby Shopping Malls, Nearby Restaurants, Distance From Airport (kms), Nearby Public Transport Service, Other Nearby Places","Maintenance Staff, Security Staff, Facilities for Disabled, Other Facilities",,,
https://www.zameen.com/Property/e_11_1_the_veranda_residence_luxury_2-bed_veranda_residence_investor_deal-53348901-9702-1.html,Flat,PKR2.85 Crore,2,7.6 Marla,For Sale,2,3 days ago,"E-11, Islamabad, Islamabad Capital","Front-Facing | Spacious 1,700 Sqft | Prime Location Own an elegant 2-bedroom apartment in the prestigious Veranda Residence perfect for investors and lifestyle seekers alike! Investor Rate: Just PKR 2.70 Crore Size: 1,700 Sqft Front-Facing Unit with stunning views Modern Design | High Rental Yield | Secure Investment","Built in year: 2023, Parking Spaces: 1, Lobby in Building, Double Glazed Windows, Flooring, Electricity Backup, Waste Disposal, Floor: 6, Floors in Building: 8, Elevators: 4, Service Elevators in Building, Other Main Features","Bedrooms: 2, Bathrooms: 2, Kitchens: 1, Lounge or Sitting Room","Broadband Internet Access, Satellite or Cable TV Ready","Community Lawn or Garden, Community Swimming Pool, Community Gym, First Aid or Medical Centre, Day Care Centre, Kids Play Area, Barbeque Area",,"Nearby Hospitals, Nearby Restaurants",,,,
https://www.zameen.com/Property/b_17_faisal_margalla_city_beautiful_designer_house_for_sale-52601925-13424-1.html,House,PKR3.1 Crore,5,5 Marla,For Sale,4,2 weeks ago,"B-17, Islamabad, Islamabad Capital",Its A Most Beautiful Designer House Design By Primaric Studio. Its A 4 Bed Room House On Different Level. Seeing Is Believing.,"Built in year: 2025, Parking Spaces: 2, Double Glazed Windows, Central Air Conditioning, Central Heating, Flooring, Electricity Backup, Waste Disposal, Floors: 3, Other Main Features, Furnished","Bedrooms: 4, Bathrooms: 5, Servant Quarters: 1, Drawing Room, Dining Room, Kitchens: 1, Study Room, Prayer Room, Powder Room, Gym, Store Rooms: 1, Steam Room, Lounge or Sitting Room, Laundry Room, Other Rooms","Broadband Internet Access, Satellite or Cable TV Ready, Intercom, Other Business and Communication Facilities","Community Lawn or Garden, Community Swimming Pool, Community Gym, First Aid or Medical Centre, Day Care Centre, Kids Play Area, Barbeque Area, Mosque, Community Centre, Other Community Facilities","Lawn or Garden, Sauna, Jacuzzi, Other Healthcare and Recreation Facilities","Nearby Schools, Nearby Hospitals, Nearby Shopping Malls, Nearby Restaurants, Distance From Airport (kms), Nearby Public Transport Service, Other Nearby Places","Maintenance Staff, Security Staff, Facilities for Disabled, Other Facilities",,,
https://www.zameen.com/Property/islamabad_f-10_brand_new_lavish_house_urgent_for_sale_in_sector_f-10_islamabad-53194615-162-1.html,House,PKR30 Crore,6,1.2 Kanal,For Sale,6,1 week ago,"F-10, Islamabad, Islamabad Capital","Luxury House for Sale in F-10, Islamabad! Property Details: - Sector: F-10, Islamabad (Prime Location) - Plot Size: 600 Square Yards (Front Open) - Bedrooms: 7 - Bathrooms: 7 - Drawing Room - Dining Room - TV Lounge - Servant Quarters - Swimming Pool - Accommodation: Lavish and Spacious A Rare Opportunity to Own a Luxurious Home in One of Islamabad's Most Sought-After Sectors! features, e. g. , security system, private parking, etc. )","Built in year: 2025, Parking Spaces: 8, Double Glazed Windows, Central Air Conditioning, Central Heating, Flooring, Electricity Backup, Waste Disposal, Floors: 3, Other Main Features","Bedrooms: 7, Bathrooms: 7, Servant Quarters: 2, Drawing Room, Dining Room, Kitchens: 2, Study Room, Prayer Room, Powder Room, Gym, Store Rooms: 3, Steam Room, Lounge or Sitting Room, Laundry Room, Other Rooms","Broadband Internet Access, Satellite or Cable TV Ready, Intercom, Other Business and Communication Facilities","Community Lawn or Garden, Community Swimming Pool, Community Gym, First Aid or Medical Centre, Day Care Centre, Kids Play Area, Barbeque Area, Mosque, Community Centre, Other Community Facilities","Lawn or Garden, Swimming Pool, Sauna, Jacuzzi","Nearby Schools, Nearby Hospitals, Nearby Shopping Malls, Nearby Restaurants, Distance From Airport (kms), Nearby Public Transport Service, Other Nearby Places","Maintenance Staff, Security Staff, Facilities for Disabled",,,
https://www.zameen.com/Property/faisal_town_phase_1_faisal_town_phase_1_-_block_a_8_marla_corner_spanish_design_single_unit_house_available_for_sale_in_faisal_town_f-18_block_a_islamabad-53345365-16416-1.html,House,PKR4.6 Crore,6,8 Marla,For Sale,5,1 month ago,"Faisal Town - F-18, Islamabad, Islamabad Capital","8 Marla Single Unit House. Available For Sale. In Faisal Town F-18 Block A Islamabad. Spanish Design. Corner House. Near to Masjid. Near to Park. Near to Ground. House Size 30*60. 5 Bedrooms. 6 Baths. 2 Drawing Dining. 2 Tv Lounge. 2 Kitchen. 2 Car Parking Space. Electricity , Water and Gas Available. Interested People Can Contact Easily.","Built in year: 2025, Parking Spaces: 1, Double Glazed Windows, Central Air Conditioning, Central Heating, Flooring, Electricity Backup, Waste Disposal, Floors, Other Main Features, Furnished","Bedrooms: 1, Bathrooms: 2, Servant Quarters: 1, Drawing Room, Dining Room, Kitchens: 1, Study Room, Prayer Room, Powder Room, Gym, Store Rooms: 1, Steam Room, Lounge or Sitting Room, Laundry Room, Other Rooms","Broadband Internet Access, Satellite or Cable TV Ready, Intercom, Other Business and Communication Facilities","Community Lawn or Garden, Community Swimming Pool, Community Gym, First Aid or Medical Centre, Day Care Centre, Kids Play Area, Barbeque Area, Mosque, Community Centre, Other Community Facilities","Lawn or Garden, Swimming Pool, Sauna, Jacuzzi, Other Healthcare and Recreation Facilities","Nearby Schools, Nearby Hospitals, Nearby Shopping Malls, Nearby Restaurants, Distance From Airport (kms), Nearby Public Transport Service, Other Nearby Places","Maintenance Staff, Security Staff, Facilities for Disabled, Other Facilities",,,
https://www.zameen.com/Property/mpchs_multi_gardens_mpchs_-_block_b_amazing_14_marla_house_in_multi_gardens_b17_islamabad-53050219-3117-1.html,House,PKR7.9 Crore,6,14 Marla,For Sale,5,3 weeks ago,"B-17, Islamabad, Islamabad Capital","Top Location Of Multi Gardens Close To Main Markaz, Zoo Area and Grand Mosque This House Features :- 5 Bedrooms 6 Bathrooms 2 Kitchens 2 Tv Lounges 1 Drawing Room 2 Car Park Space 1 Store","Built in year: 2025, Parking Spaces, Flooring, Electricity Backup, Waste Disposal, Floors: 2, Other Main Features","Bedrooms: 2, Bathrooms: 3, Drawing Room, Dining Room, Kitchens: 1, Powder Room, Steam Room, Lounge or Sitting Room, Laundry Room","Broadband Internet Access, Satellite or Cable TV Ready","Community Lawn or Garden, Community Swimming Pool, Community Gym, First Aid or Medical Centre, Day Care Centre, Kids Play Area, Barbeque Area, Mosque, Community Centre, Other Community Facilities","Lawn or Garden, Swimming Pool, Sauna, Jacuzzi, Other Healthcare and Recreation Facilities","Nearby Schools, Nearby Hospitals, Nearby Shopping Malls, Nearby Restaurants, Distance From Airport (kms), Nearby Public Transport Service, Other Nearby Places","Maintenance Staff, Security Staff, Facilities for Disabled, Other Facilities",,,
https://www.zameen.com/Property/b_17_faisal_margalla_city_luxurious_5_marla_double_unit_house_for_sale-53206678-13424-1.html,House,PKR2.5 Crore,4,5 Marla,For Sale,4,1 month ago,"B-17, Islamabad, Islamabad Capital","Luxury 5 Marla Designer House High Quality With Good Finishing At Prime Location In B-17 Islamabad Constructed at a very peaceful location Solid construction and Beautiful Finishing Excellent Woodwork, Quality Fittings And Stylish kitchens This house features 4 Spacious Bedrooms 4 Luxury Bathrooms 1 Drawing room 2 Luxury Kitchens 2 Living Rooms 1 Servant room with attached bath Entrance lobby with stairs Parking space for 1,2 cars. For more options and visit please contact us. Multi Gardens your lifestyle destination ONYX HOMES REALTORS & BUILDERS ALSO PROVIDING CONSTRUCTION & INTERIOR SERVICES","Built in year: 2025, Parking Spaces: 1, Flooring, Electricity Backup, Waste Disposal, Floors: 2, Other Main Features","Bedrooms: 4, Bathrooms: 4, Servant Quarters: 1, Drawing Room, Dining Room, Kitchens: 2, Powder Room, Lounge or Sitting Room, Laundry Room","Broadband Internet Access, Satellite or Cable TV Ready, Intercom","Community Lawn or Garden, First Aid or Medical Centre, Kids Play Area, Mosque",Lawn or Garden,,,,,
https://www.zameen.com/Property/margalla_hills_2_capital_residencia_fully_furnished_3_bedroom_apartment_for_sale-52809834-10573-1.html,Flat,PKR2.2 Crore,3,9.3 Marla,For Sale,3,5 days ago,"E-11, Islamabad, Islamabad Capital","FULLY FURNISHED TOP NOTCH APARTMENT MAGALLA HILLS FACING YELLOW LANE 12TH FLOOR CURRENTLY RENTED OUT AT 1.15LAC/MONTH Apartment with Views, Comfort on a Peaceful Floor Perfect Opportunity for Overseas Pakistani Families Ideal Investment in the Heart of Islamabad Fully Furnished & Rented at 115,000 Rs per month. Reluctant Sale as owner moving Abroad. Living Room Fabric Sofa (3+1+1 seater) with Coffee table TV console with 32"" LCD TV, Large wall-mounted Mirror Bedroom(s) 3 Beds (Queen size with mattress) with side tables - All Wooden Wardrobe (2 freestanding, 1 built-in) - All Wooden 1 Room with study table + chair - Wooden 1 Room with 2 wooden Sofa chairs with side table. 2 Rooms with 1 Ton Aircon Dining Area Wooden Dining table with 6 chairs Customized Wooden Dinner Wagon 1.5 Ton Dawlance Aircon","Built in year: 2010, Parking Spaces: 2, Lobby in Building, Double Glazed Windows, Central Air Conditioning, Central Heating, Flooring, Electricity Backup, Waste Disposal, Floor: 12, Floors in Building: 15, Elevators: 2, Service Elevators in Building, Other Main Features, Furnished","Bedrooms: 3, Bathrooms: 3, Servant Quarters: 1, Drawing Room, Dining Room, Kitchens: 1, Study Room, Prayer Room, Powder Room, Store Rooms, Lounge or Sitting Room, Laundry Room, Other Rooms","Broadband Internet Access, Satellite or Cable TV Ready, Business Center or Media Room in Building, Conference Room in Building, Intercom, ATM Machines, Other Business and Communication Facilities","Community Lawn or Garden, Community Swimming Pool, Community Gym, First Aid or Medical Centre, Day Care Centre, Kids Play Area, Barbeque Area, Mosque, Community Centre, Other Community Facilities",Other Healthcare and Recreation Facilities,"Nearby Schools, Nearby Hospitals, Nearby Shopping Malls, Nearby Restaurants, Distance From Airport (kms), Nearby Public Transport Service, Other Nearby Places","Maintenance Staff, Security Staff, Laundry or Dry Cleaning Facility, Facilities for Disabled, Other Facilities",,,
https://www.zameen.com/Property/faisal_hills_faisal_hills_-_executive_block_01_bed_apartment_on_instalment-53353023-16527-1.html,Flat,PKR55.95 Lakh,1,1.7 Marla,For Sale,1,3 weeks ago,"Faisal Hills, Islamabad, Islamabad Capital","Executive Hill Walk A Landmark of Luxury in Faisal Hills, Taxila Experience the perfect blend of elegance, comfort, and prime location with Executive Hill Walk an exclusive project by Gillani Estate & Builders, designed for those who aspire to live above the ordinary. Prime Location: Nestled in the heart of Faisal Hills, Taxila, surrounded by serene hills and modern development. Modern Infrastructure: Wide roads, underground wiring, and state-of-the-art amenities. Luxury Lifestyle: Executive plots, modern design, and scenic views that redefine urban living. Trusted Developer: A proud project by Gillani Estate & Builders known for reliability, quality, and timely delivery. Ideal for Investment & Living: Secure your future with a property that offers high returns and premium lifestyle value. Visit Executive Hill Walk today and step into a new standard of excellence. Contact :Raja Saqib [ WhatsApp or Call ]","Built in year: 2025, Parking Spaces, Flooring, Waste Disposal, Floor, Floors in Building: 7, Elevators",,,Mosque,,"Nearby Schools, Nearby Hospitals, Nearby Shopping Malls, Nearby Restaurants, Distance From Airport (kms), Nearby Public Transport Service, Other Nearby Places",Security Staff,PKR16.79 Lakh,PKR1.57 Lakh,25 Months
https://www.zameen.com/Property/bahria_town_bahria_enclave_3_bed_brand_new_apartment_1695_square_feet-51953233-1705-1.html,Flat,PKR1.5 Crore,3,7.5 Marla,For Sale,3,3 weeks ago,"Bahria Town, Islamabad, Islamabad Capital","The Galleria Mall, Civic Zone, Sector H Brand New 3 Bed Gold Category (1695 sqft ) Outer Face Tower 3 3 Bedroom with Attached Bathroom Tv Lounge Open Kitchen Laundry Area Terrace Building Fractures: - Security Servilance - Separate Reception Areas - 9 Floors - 2 Basement Parking - Mart in Parking - Masjid in Parking - 8 Kanal Park for Residents - 16 Elevators - 250+ shops for Brands - 35+ shops Food Court - Mall opening soon - Its Civic zone - 40 kanal project - Opposite to Bahria cinema - 150+ families living here Direct Meeting with Owner Possible. Grab Your Apartment Right Now!","Built in year: 2023, Parking Spaces: 1, Lobby in Building, Double Glazed Windows, Flooring, Electricity Backup, Waste Disposal, Floor, Floors in Building: 9, Elevators: 16, Service Elevators in Building","Bedrooms: 3, Bathrooms: 3, Dining Room, Kitchens, Store Rooms: 1, Lounge or Sitting Room, Laundry Room","Broadband Internet Access, Satellite or Cable TV Ready","Community Lawn or Garden, First Aid or Medical Centre, Day Care Centre, Kids Play Area, Barbeque Area, Mosque, Community Centre",,"Nearby Schools, Nearby Hospitals, Nearby Shopping Malls, Nearby Restaurants, Distance From Airport (kms), Nearby Public Transport Service, Other Nearby Places","Maintenance Staff, Security Staff, Pets Not Allowed, Other Facilities",,,
https://www.zameen.com/Property/b_17_mpchs_-_multi_gardens_8_marla_corner_house_for_sale_in_multi_gardens_b-17_fmc_block-53256536-3115-1.html,House,PKR4.3 Crore,6,8 Marla,For Sale,5,2 weeks ago,"B-17, Islamabad, Islamabad Capital","8 Marla Corner House for Sale in Multi Gardens B-17, FMC Block Discover your dream home in one of Islamabads most sought-after locations! This beautiful 8 Marla corner house offers a perfect combination of comfort, style, and convenience. Property Features: 5 spacious bedrooms with attached modern bathrooms 2 elegant TV lounges for family gatherings 2 stylish drawing rooms for guests Secure parking space for 2 cars Prime corner location ensuring maximum light and ventilation Location Highlights: Situated in FMC Block, Multi Gardens B-17 Walking distance to Markaz, Masjid, and School Peaceful environment with all facilities available (water, electricity, gas, internet) Ideal for families looking for a luxurious and convenient lifestyle Additional Benefits: Hot and highly demanded location Solid construction with modern finishing Ready-to-move-in house","Built in year: 2025, Parking Spaces: 2, Double Glazed Windows, Central Air Conditioning, Central Heating, Flooring, Electricity Backup, Waste Disposal, Floors: 2, Other Main Features, Furnished","Bedrooms: 5, Bathrooms: 6, Servant Quarters: 1, Drawing Room, Dining Room, Kitchens: 2, Study Room, Prayer Room, Powder Room, Gym, Store Rooms: 1, Steam Room, Lounge or Sitting Room, Laundry Room, Other Rooms","Broadband Internet Access, Satellite or Cable TV Ready, Intercom, Other Business and Communication Facilities","Community Lawn or Garden, Community Swimming Pool, Community Gym, First Aid or Medical Centre, Day Care Centre, Kids Play Area, Barbeque Area, Mosque, Community Centre","Lawn or Garden, Swimming Pool, Sauna, Jacuzzi","Nearby Schools, Nearby Hospitals, Nearby Shopping Malls, Nearby Restaurants, Distance From Airport (kms), Nearby Public Transport Service, Other Nearby Places","Maintenance Staff, Security Staff, Facilities for Disabled, Other Facilities",,,
https://www.zameen.com/Property/islamabad_f-11_f-11_500_yards_7_bed_room_house_available_for_sale-51293020-163-1.html,House,PKR21.5 Crore,6,1 Kanal,For Sale,7,1 week ago,"F-11, Islamabad, Islamabad Capital","F-11 7 bed room house proper triple story main location neat and clean house near to park, mosque and market available for urgent sale detail please contact","Built in year: 2015, Parking Spaces: 1, Double Glazed Windows, Central Air Conditioning, Central Heating, Flooring, Electricity Backup, Waste Disposal, Floors: 3, Other Main Features, Furnished","Bedrooms: 4, Bathrooms: 5, Servant Quarters: 1, Drawing Room, Dining Room, Kitchens: 2, Study Room, Prayer Room, Powder Room, Gym, Store Rooms: 2, Steam Room, Lounge or Sitting Room, Laundry Room, Other Rooms","Broadband Internet Access, Satellite or Cable TV Ready, Intercom, Other Business and Communication Facilities","Community Lawn or Garden, Community Swimming Pool, Community Gym, First Aid or Medical Centre, Day Care Centre, Kids Play Area, Barbeque Area, Mosque, Community Centre, Other Community Facilities","Lawn or Garden, Swimming Pool, Sauna, Jacuzzi, Other Healthcare and Recreation Facilities","Nearby Schools, Nearby Hospitals, Nearby Shopping Malls, Nearby Restaurants, Distance From Airport (kms), Nearby Public Transport Service, Other Nearby Places","Maintenance Staff, Security Staff, Facilities for Disabled, Other Facilities",,,
https://www.zameen.com/Property/gulberg_gulberg_greens_gulberg_green_brand_new_fully_furnished_farm_house-51425489-8312-1.html,Farm House,PKR1.25 Arab,6,10 Kanal,For Sale,8,2 weeks ago,"Gulberg, Islamabad, Islamabad Capital","Gulberg Green 10 Kanal Fully Furnished Farm House With All Modern Fixture, Interior, Furniture, And Facilities More Detail Please Contact Searching for a great property to buy? Explore this one! Gulberg Greens offers a serene environment and comfort, what more could you be asking for? An A-class Farm House is available so make use of the offer right now. With an area spanning 10 Kanal, this will prove to be an ideal place for your family. The Islamabad is a good choice for your next chapter in life. The Farm House comes with excellent features with a reasonable Rs. 1250000000. Notable property details are as follows. Having a garden in the Farm House adds to the beauty and proves to be healthy for the family. With easy access to nearby facilities, along with broadband internet, enjoy a comfortable lifestyle here. You can feel secure with round-the-clock security staff that patrols the premises. For further information, you can fill out the contact form.","Built in year: 2019, Parking Spaces, Double Glazed Windows, Central Air Conditioning, Central Heating, Flooring, Electricity Backup, Waste Disposal, Floors: 2, Other Main Features, Furnished","Bedrooms: 5, Bathrooms: 6, Servant Quarters: 1, Drawing Room, Dining Room, Kitchens: 2, Study Room, Prayer Room, Powder Room, Gym, Store Rooms: 1, Steam Room, Lounge or Sitting Room, Laundry Room, Other Rooms","Broadband Internet Access, Satellite or Cable TV Ready, Intercom, Other Business and Communication Facilities","Community Lawn or Garden, Community Swimming Pool, Community Gym, First Aid or Medical Centre, Day Care Centre, Kids Play Area, Barbeque Area, Mosque, Community Centre, Other Community Facilities","Lawn or Garden, Sauna, Jacuzzi, Other Healthcare and Recreation Facilities","Nearby Schools, Nearby Hospitals, Nearby Shopping Malls, Nearby Restaurants, Distance From Airport (kms), Nearby Public Transport Service, Other Nearby Places","Maintenance Staff, Security Staff, Facilities for Disabled, Other Facilities",,,
https://www.zameen.com/Property/dha_valley_dha_valley_-_lilly_sector_for_sale_8_marla_house_in_dha_homes_lilly_block-53042330-3214-1.html,House,PKR1.75 Crore,3,8 Marla,For Sale,3,1 week ago,"DHA Defence, Islamabad, Islamabad Capital","FOR SALE 8 Marla House in DHA Homes Beautifully located house with front lawn closed end unit ideal for families looking for privacy and space! Features: * Prime location in Lilly Sector * Spacious layout 3 bedrooms, drawing/dining, lounge * Extra land on front. * Ideal for residence or investment * Peaceful environment, ready-to-move-in For details or a visit, contact now!","Built in year: 2019, Parking Spaces: 2, Double Glazed Windows, Central Air Conditioning, Central Heating, Flooring, Electricity Backup, Waste Disposal, Floors: 2, Other Main Features, Furnished","Bedrooms: 3, Bathrooms: 3, Servant Quarters: 1, Drawing Room, Dining Room, Kitchens: 1, Study Room, Prayer Room, Powder Room, Gym, Store Rooms: 1, Steam Room, Lounge or Sitting Room, Laundry Room, Other Rooms","Broadband Internet Access, Satellite or Cable TV Ready, Intercom, Other Business and Communication Facilities","Community Lawn or Garden, Community Swimming Pool, Community Gym, First Aid or Medical Centre, Day Care Centre, Kids Play Area, Barbeque Area, Mosque, Community Centre, Other Community Facilities","Lawn or Garden, Sauna, Jacuzzi, Other Healthcare and Recreation Facilities","Nearby Schools, Nearby Hospitals, Nearby Shopping Malls, Nearby Restaurants, Distance From Airport (kms), Nearby Public Transport Service, Other Nearby Places","Maintenance Staff, Security Staff, Facilities for Disabled, Other Facilities",,,
https://www.zameen.com/Property/i_8_i-8_3_book_a_house_of_14_marla_in_i-8_3_islamabad-53249922-3443-1.html,House,PKR20 Crore,6,14 Marla,For Sale,9,3 days ago,"I-8, Islamabad, Islamabad Capital",Triple Storey House Is Available For Sale 9 Beds With Attached Baths DD TV Lounge Kitchen Store Room Car Parking CDA TRANSFER Best Option For Living Near Markaz School Masjid And Community Park Peaceful Environment More Options Also Available Get In Touch With Us Today For More Information And Direct Deal.,"Double Glazed Windows, Central Air Conditioning, Central Heating, Waste Disposal","Drawing Room, Dining Room, Study Room, Prayer Room, Powder Room, Steam Room, Lounge or Sitting Room, Laundry Room","Broadband Internet Access, Satellite or Cable TV Ready, Intercom","Community Lawn or Garden, Community Swimming Pool, Community Gym, First Aid or Medical Centre, Day Care Centre, Kids Play Area, Barbeque Area, Mosque, Community Centre, Other Community Facilities",,,,,,
https://www.zameen.com/Property/islamabad_top_city_1_top_location_ready_to_move_2_bedroom_for_sale_top_city_islamabad-53213566-1383-1.html,Flat,PKR1.1 Crore,2,3.8 Marla,For Sale,2,1 month ago,"Top City 1, Islamabad, Islamabad Capital","Top Location Ready To Move 2 Bedroom For Sale Top City Islamabad Features 1-Ready To Move 2-Size 848 Sqft 3-Open View 4- 2 Elevator 5-Near To Gate 6-24 Hour Security 7-Easily Access To Main Road 8-2 Bedroom 9-1 Kitchen 10-2 Bath Room 11-TV Lounge Price Details: One Day Cash And On Time Both Option Possible -For Further Details Feel Free To Contact Us Mr. Sana Ullah Attention Landlord: List Your Properties With Us For Better Result, We Provide The Maximum Media Exposure For Your Property To Maximize The Chances Of Selling And Renting In The Right Time And For The Right Clients.","Built in year: 2025, Parking Spaces: 6, Lobby in Building, Flooring, Electricity Backup, Waste Disposal, Floor: 6, Floors in Building: 8, Elevators: 2","Bedrooms: 2, Bathrooms: 2, Drawing Room, Kitchens: 1","Broadband Internet Access, Satellite or Cable TV Ready, Business Center or Media Room in Building, Conference Room in Building, Intercom, ATM Machines","Community Lawn or Garden, Community Swimming Pool, Community Gym, First Aid or Medical Centre, Day Care Centre, Kids Play Area, Barbeque Area, Mosque, Community Centre","Sauna, Jacuzzi","Nearby Schools, Nearby Hospitals, Nearby Shopping Malls, Nearby Restaurants, Distance From Airport (kms), Nearby Public Transport Service","Maintenance Staff, Security Staff",,,
https://www.zameen.com/Property/faisal_town_phase_1_faisal_town_phase_1_-_block_a_14_marla_40_80_furnished_house_with_basement_available_for_sale_in_faisal_town_f-18_block_a_islamabad-53344920-16416-1.html,House,PKR10.5 Crore,-,14 Marla,For Sale,-,1 month ago,"Faisal Town - F-18, Islamabad, Islamabad Capital","Project of TANVEER ASSOCIATES. Furnished House. 14 Marla ( 40*80 )Furnished with Basement House. Available For Sale. In Faisal Town F-18 Block A Islamabad. House Size 40*80. 8 Bedrooms. 10 Baths. 2 Drawing Dining. 2 Tv Lounge. 2 Kitchen. 2 Car Parking Space. Electricity , Water and Gas Available. Interested People Can Contact Easily.","Built in year: 2025, Parking Spaces: 3, Double Glazed Windows, Central Air Conditioning, Central Heating, Flooring, Electricity Backup, Waste Disposal, Floors: 3, Other Main Features, Furnished","Bedrooms: 9, Bathrooms: 10, Servant Quarters, Drawing Room, Dining Room, Kitchens: 2, Study Room, Prayer Room, Powder Room, Store Rooms: 1, Steam Room, Lounge or Sitting Room, Laundry Room, Other Rooms","Broadband Internet Access, Satellite or Cable TV Ready, Intercom, Other Business and Communication Facilities","Community Lawn or Garden, Community Swimming Pool, Community Gym, First Aid or Medical Centre, Day Care Centre, Kids Play Area, Barbeque Area, Mosque, Community Centre, Other Community Facilities","Lawn or Garden, Swimming Pool, Sauna, Jacuzzi, Other Healthcare and Recreation Facilities","Nearby Schools, Nearby Hospitals, Nearby Shopping Malls, Nearby Restaurants, Distance From Airport (kms), Nearby Public Transport Service, Other Nearby Places","Maintenance Staff, Security Staff, Facilities for Disabled, Other Facilities",,,
https://www.zameen.com/Property/dha_defence_dha_valley_dha_beautiful_8_marla_ideal_location_double_story_house_for_sale-52707775-1333-1.html,House,PKR1.4 Crore,3,8 Marla,For Sale,3,4 days ago,"DHA Defence, Islamabad, Islamabad Capital","8 Marla Marla Brand New Home Near Masjid, Commercial Market Park APS School 3 Bedrooms 3 attach Bathroom Drawing dining room Big TV lounge Beautiful Kitchen 1 stor Pray Room 1 Servant Room Outclass location reasonable Price Best investment For More Info Contact #","Built in year: 2024, Parking Spaces: 2, Double Glazed Windows, Central Air Conditioning, Central Heating, Flooring, Electricity Backup, Waste Disposal, Floors: 2, Other Main Features, Furnished","Bedrooms: 3, Bathrooms: 3, Servant Quarters: 1, Drawing Room, Dining Room, Kitchens: 1, Study Room, Prayer Room, Powder Room, Gym, Store Rooms: 1, Steam Room, Lounge or Sitting Room, Laundry Room, Other Rooms","Broadband Internet Access, Satellite or Cable TV Ready, Intercom, Other Business and Communication Facilities","Community Lawn or Garden, Community Swimming Pool, Community Gym, First Aid or Medical Centre, Day Care Centre, Kids Play Area, Barbeque Area, Mosque, Community Centre, Other Community Facilities","Lawn or Garden, Swimming Pool, Sauna, Jacuzzi, Other Healthcare and Recreation Facilities","Nearby Schools, Nearby Hospitals, Nearby Shopping Malls, Nearby Restaurants, Distance From Airport (kms), Nearby Public Transport Service, Other Nearby Places","Maintenance Staff, Security Staff, Facilities for Disabled, Other Facilities",,,
https://www.zameen.com/Property/b_17_faisal_margalla_city_faisal_margllah_city_200sqyards_brand_new_house_for_sale-53026633-13424-1.html,House,PKR3.5 Crore,4,8 Marla,For Sale,4,1 week ago,"B-17, Islamabad, Islamabad Capital",B-17/Faisal Margllah City Brand new Beautiful House 4bed Attached Bath 2tv lounge 2kitchen S/Q Car Parking More details Contact ASR Marketing E-11,"Built in year: 2025, Parking Spaces: 2, Double Glazed Windows, Central Air Conditioning, Central Heating, Flooring, Electricity Backup, Waste Disposal, Floors: 2",,,,,"Nearby Schools, Nearby Hospitals, Nearby Shopping Malls, Nearby Restaurants, Distance From Airport (kms), Nearby Public Transport Service, Other Nearby Places","Security Staff, Other Facilities",,,
https://www.zameen.com/Property/dha_defence_phase_2_dha_phase_2_-_sector_d_house_of_1_kanal_is_available_in_contemporary_neighborhood_of_dha_defence-53177518-3199-1.html,House,PKR12.9 Crore,6,1 Kanal,For Sale,7,3 days ago,"DHA Defence, Islamabad, Islamabad Capital","Beautifully constructed house available for sale in a well-developed and secure housing society. Ideal for families seeking peaceful living with modern facilities, wide roads, parks, and 24/7 security. A perfect investment and dream home opportunity Luxurious designer house with 5 spacious bedrooms now available for sale in a prime location. Built with premium materials and modern architecture, this home offers stylish interiors, wide open spaces, and top-notch finishes. Ideal for families seeking comfort, elegance, and privacy in a secure gated community Accommodation 6 Masters Bedrooms 6 Attach Designer's Baths Beautiful Art & Schendle Air's Drawing Room Dining Table 2 Tv lounge Kitchens with All Accessories install BBQ Space Available Modern Elevation 4 Car Parking Lawn Available Servant Room with Attach Bath Visit Any Time Direct Deal With Seller We have Multiple Options of Houses in DHA & Bahria (ISB/RWP) More Details on Call/Whatsapp For more detaisl feel free to Contact on View Contact Detail (M. Shahrukh)","Built in year: 2025, Parking Spaces, Double Glazed Windows, Flooring, Electricity Backup, Waste Disposal, Floors: 2, Other Main Features","Bedrooms: 6, Bathrooms: 6, Servant Quarters, Drawing Room, Dining Room, Kitchens, Study Room, Store Rooms, Lounge or Sitting Room, Laundry Room, Other Rooms","Broadband Internet Access, Satellite or Cable TV Ready, Intercom, Other Business and Communication Facilities","Community Lawn or Garden, Community Swimming Pool, Community Gym, First Aid or Medical Centre, Day Care Centre, Kids Play Area, Barbeque Area, Mosque, Community Centre, Other Community Facilities","Lawn or Garden, Sauna, Jacuzzi, Other Healthcare and Recreation Facilities","Nearby Schools, Nearby Hospitals, Nearby Shopping Malls, Nearby Restaurants, Distance From Airport (kms), Nearby Public Transport Service, Other Nearby Places","Maintenance Staff, Security Staff, Facilities for Disabled",,,
https://www.zameen.com/Property/dha_defence_dha_defence_phase_2_10_marla_house_for_sale_in_very_reasonable_price_in_dha_phase_2-53201666-339-1.html,House,PKR7.5 Crore,6,10 Marla,For Sale,5,3 days ago,"DHA Defence, Islamabad, Islamabad Capital","Beautifully constructed house available for sale in a well-developed and secure housing society. Ideal for families seeking peaceful living with modern facilities, wide roads, parks, and 24/7 security. A perfect investment and dream home opportunity Luxurious designer house with 5 spacious bedrooms now available for sale in a prime location. Built with premium materials and modern architecture, this home offers stylish interiors, wide open spaces, and top-notch finishes. Ideal for families seeking comfort, elegance, and privacy in a secure gated community Accommodation 6 Masters Bedrooms 6 Attach Baths Beautiful Art & Schendle Air's Drawing Room 2 Tv lounge Kitchens with All Accessories installed BBQ Space Available Modern Elevation 4 Car Parking Lawn Available Servant Room with Attach Bath Visit Any Time Direct Deal With Seller We have Multiple Options of Houses in DHA & Bahria (ISB/RWP) More Details on Call/Whatsapp For more detaisl feel free to Contact at - (M. Shahrukh)","Built in year: 2025, Parking Spaces, Double Glazed Windows, Central Air Conditioning, Central Heating, Flooring, Electricity Backup, Waste Disposal, Floors: 2, Other Main Features, Furnished","Bedrooms: 6, Bathrooms: 7, Servant Quarters, Drawing Room, Dining Room, Kitchens, Study Room, Prayer Room, Powder Room, Gym, Store Rooms, Steam Room, Lounge or Sitting Room, Laundry Room, Other Rooms","Broadband Internet Access, Satellite or Cable TV Ready, Intercom, Other Business and Communication Facilities","Community Lawn or Garden, Community Swimming Pool, Community Gym, First Aid or Medical Centre, Day Care Centre, Kids Play Area, Barbeque Area, Mosque, Community Centre, Other Community Facilities","Lawn or Garden, Swimming Pool, Sauna, Jacuzzi, Other Healthcare and Recreation Facilities","Nearby Schools, Nearby Hospitals, Nearby Shopping Malls, Nearby Restaurants, Distance From Airport (kms), Nearby Public Transport Service, Other Nearby Places","Maintenance Staff, Security Staff, Facilities for Disabled, Other Facilities",,,
https://www.zameen.com/Property/dha_defence_dha_defence_phase_1_one_kanal_slightly_used_owner_build_house_for_sale_in_dha_islamabad-53312651-376-1.html,House,PKR8.5 Crore,6,1 Kanal,For Sale,8,3 days ago,"DHA Defence, Islamabad, Islamabad Capital","Beautifully constructed house available for sale in a well-developed and secure housing society. Ideal for families seeking peaceful living with modern facilities, wide roads, parks, and 24/7 security. A perfect investment and dream home opportunity Luxurious designer house with 5 spacious bedrooms now available for sale in a prime location. Built with premium materials and modern architecture, this home offers stylish interiors, wide open spaces, and top-notch finishes. Ideal for families seeking comfort, elegance, and privacy in a secure gated community Accommodation Tripple unit 8 Masters Bedrooms 9 Attach Baths Drawing Room Dining Table 3 Tv lounge Kitchens with All Accessories installed 4 Car Parking Servant Room with Attach Bath Visit Any Time Direct Deal With Seller We have Multiple Options of Houses in DHA & Bahria (ISB/RWP) More Details on Call/Whatsapp For more detaisl feel free to Contact at","Built in year: 2017, Parking Spaces: 3, Double Glazed Windows, Central Air Conditioning, Central Heating, Flooring, Electricity Backup, Waste Disposal, Floors: 3, Other Main Features, Furnished","Bedrooms: 8, Bathrooms: 9, Servant Quarters: 1, Drawing Room, Dining Room, Kitchens: 3, Study Room, Prayer Room, Powder Room, Gym, Store Rooms: 2, Steam Room, Lounge or Sitting Room, Laundry Room, Other Rooms","Broadband Internet Access, Satellite or Cable TV Ready, Intercom, Other Business and Communication Facilities","Community Lawn or Garden, Community Swimming Pool, Community Gym, First Aid or Medical Centre, Day Care Centre, Kids Play Area, Barbeque Area, Mosque, Community Centre, Other Community Facilities","Lawn or Garden, Swimming Pool, Jacuzzi, Other Healthcare and Recreation Facilities","Nearby Schools, Nearby Hospitals, Nearby Shopping Malls, Nearby Restaurants, Distance From Airport (kms), Nearby Public Transport Service, Other Nearby Places","Maintenance Staff, Security Staff, Facilities for Disabled, Other Facilities",,,
https://www.zameen.com/Property/dha_defence_phase_2_dha_phase_2_-_sector_g_a_spacious_1_kanal_house_in_dha_defence_phase_2-53201402-3202-1.html,House,PKR13.8 Crore,7,1 Kanal,For Sale,6,3 days ago,"DHA Defence, Islamabad, Islamabad Capital","Beautifully constructed house available for sale in a well-developed and secure housing society. Ideal for families seeking peaceful living with modern facilities, wide roads, parks, and 24/7 security. A perfect investment and dream home opportunity Luxurious designer house with 5 spacious bedrooms now available for sale in a prime location. Built with premium materials and modern architecture, this home offers stylish interiors, wide open spaces, and top-notch finishes. Ideal for families seeking comfort, elegance, and privacy in a secure gated community Accommodation 6 Masters Bedrooms 6 Attach Designer's Baths Beautiful Art & Schendle Air's Drawing Room Dining Table 2 Tv lounge Kitchens with All Accessories install BBQ Space Available Modern Elevation 4 Car Parking Lawn Available Servant Room with Attach Bath Visit Any Time Direct Deal With Seller We have Multiple Options of Houses in DHA & Bahria (ISB/RWP) More Details on Call/Whatsapp For more detaisl feel free to Contact","Built in year: 2025, Parking Spaces, Double Glazed Windows, Central Air Conditioning, Central Heating, Flooring, Electricity Backup, Waste Disposal, Floors: 2, Other Main Features","Bedrooms: 6, Bathrooms: 7, Servant Quarters, Drawing Room, Dining Room, Kitchens, Study Room, Store Rooms, Lounge or Sitting Room, Laundry Room, Other Rooms","Broadband Internet Access, Satellite or Cable TV Ready, Intercom, Other Business and Communication Facilities","Community Lawn or Garden, Community Swimming Pool, Community Gym, First Aid or Medical Centre, Day Care Centre, Kids Play Area, Barbeque Area, Mosque, Community Centre, Other Community Facilities","Lawn or Garden, Sauna, Jacuzzi, Other Healthcare and Recreation Facilities","Nearby Schools, Nearby Hospitals, Nearby Shopping Malls, Nearby Restaurants, Distance From Airport (kms), Nearby Public Transport Service, Other Nearby Places",,,,
https://www.zameen.com/Property/mpchs_multi_gardens_mpchs_-_block_b_extension_1_house_for_sale_situated_in_mpchs_-_block_b_extension_1-53298185-16519-1.html,House,PKR9.4 Crore,6,1 Kanal,For Sale,6,1 month ago,"B-17, Islamabad, Islamabad Capital",1 kanal Brand New house is available For sale in MPCHS _B17 Ijaz Ahmad khan Avenue. B_1 6 Bed rooms 6 Bathrooms 2 Tv Launch 2 Dirty Kitchen 2 Dring Room 1 Servant Quarter Separate Entrance To 1st Floor Margalla Face Open,"Double Glazed Windows, Central Air Conditioning, Central Heating, Flooring, Electricity Backup, Waste Disposal, Furnished",,"Broadband Internet Access, Satellite or Cable TV Ready, Other Business and Communication Facilities","Mosque, Other Community Facilities",Other Healthcare and Recreation Facilities,"Nearby Schools, Nearby Hospitals, Nearby Shopping Malls, Nearby Restaurants, Distance From Airport (kms), Nearby Public Transport Service, Other Nearby Places","Maintenance Staff, Security Staff, Other Facilities",,,
https://www.zameen.com/Property/zaraj_housing_scheme_zaraj_scheme_-_sector_c_prominently-located_prime_location_house_available_in_zaraj_scheme_-_sector_c_for_sale-53017898-3512-1.html,House,PKR4.8 Crore,5,10 Marla,For Sale,5,2 weeks ago,"Zaraj Housing Scheme, Islamabad, Islamabad Capital",Designer House For Sale Near To Commercial Near To Masjid,"Built in year: 2025, Parking Spaces: 1, Double Glazed Windows, Central Air Conditioning, Central Heating, Flooring, Electricity Backup, Waste Disposal, Other Main Features, Furnished","Bedrooms: 5, Bathrooms: 5, Servant Quarters: 2, Drawing Room, Dining Room, Kitchens: 1, Study Room, Prayer Room, Powder Room, Gym, Store Rooms: 2, Steam Room, Lounge or Sitting Room, Laundry Room","Broadband Internet Access, Satellite or Cable TV Ready, Intercom, Other Business and Communication Facilities","Community Lawn or Garden, Community Swimming Pool, Community Gym, First Aid or Medical Centre, Day Care Centre, Kids Play Area, Barbeque Area, Mosque, Community Centre","Lawn or Garden, Swimming Pool, Sauna, Jacuzzi","Nearby Schools, Nearby Hospitals, Nearby Shopping Malls, Nearby Restaurants, Distance From Airport (kms), Nearby Public Transport Service, Other Nearby Places","Maintenance Staff, Security Staff, Facilities for Disabled, Other Facilities",,,
https://www.zameen.com/Property/dha_phase_5_sector_h_askari_heights_4_3_bedroom_luxury_brand_new_askari_appartment_available_for_sale_with_all_basic_amenities_on_top_class_location_of_askari_heights_4_dha_phase_5_islamabad-52969519-21450-1.html,Flat,PKR3.15 Crore,4,13.3 Marla,For Sale,3,6 days ago,"DHA Defence, Islamabad, Islamabad Capital",3 BEDROOM Luxury Designer Brand New Askari Appartment Available For Sale With All Basic Amenities On Top Class Location Of Askari Heights 4 DHA Phase 5 Islamabad.,"Built in year: 2024, Parking Spaces: 2, Lobby in Building, Double Glazed Windows, Central Air Conditioning, Central Heating, Flooring, Electricity Backup, Waste Disposal, Floor: 4, Floors in Building: 12, Elevators: 2, Service Elevators in Building","Bedrooms: 3, Bathrooms: 4, Servant Quarters: 1, Drawing Room, Dining Room, Kitchens: 1, Study Room, Prayer Room, Powder Room, Store Rooms: 1, Steam Room, Lounge or Sitting Room, Laundry Room, Other Rooms","Broadband Internet Access, Satellite or Cable TV Ready, Business Center or Media Room in Building, Conference Room in Building, Intercom, ATM Machines, Other Business and Communication Facilities","Community Lawn or Garden, Community Swimming Pool, Community Gym, First Aid or Medical Centre, Day Care Centre, Kids Play Area, Barbeque Area, Mosque, Community Centre, Other Community Facilities","Sauna, Jacuzzi, Other Healthcare and Recreation Facilities","Nearby Schools, Nearby Hospitals, Nearby Shopping Malls, Nearby Restaurants, Nearby Public Transport Service, Other Nearby Places","Security Staff, Other Facilities",,,
https://www.zameen.com/Property/b_17_mpchs_-_multi_gardens_brand_new_spacious_2_bhk_apartment_for_sale_reasonable_able_price_75_lacs_only-52662582-3115-1.html,Flat,PKR66 Lakh,2,3.8 Marla,For Sale,2,1 week ago,"B-17, Islamabad, Islamabad Capital","Lavish 2bhk Apartment Available For Sale Margalla View 2 Bedrooms 2 Bathrooms Open Kitchen For More Details, Call Or What'S All","Built in year: 2025, Parking Spaces: 3, Double Glazed Windows, Central Air Conditioning, Central Heating, Flooring, Electricity Backup, Waste Disposal, Floor: 3, Floors in Building: 3, Other Main Features, Furnished","Bedrooms: 2, Bathrooms: 2, Servant Quarters: 1, Drawing Room, Dining Room, Kitchens: 1, Study Room, Prayer Room, Powder Room, Gym, Store Rooms, Steam Room, Lounge or Sitting Room, Laundry Room, Other Rooms","Broadband Internet Access, Satellite or Cable TV Ready, Business Center or Media Room in Building, Conference Room in Building, Intercom, Other Business and Communication Facilities","Community Lawn or Garden, Community Swimming Pool, Community Gym, First Aid or Medical Centre, Day Care Centre, Kids Play Area, Barbeque Area, Mosque, Community Centre, Other Community Facilities","Sauna, Jacuzzi, Other Healthcare and Recreation Facilities","Nearby Schools, Nearby Hospitals, Nearby Shopping Malls, Nearby Restaurants, Distance From Airport (kms), Nearby Public Transport Service, Other Nearby Places","Maintenance Staff, Security Staff, Facilities for Disabled, Other Facilities",,,
https://www.zameen.com/Property/islamabad_f-10_f_10_2_house_available_81_125_1111_square_yards_81_125_close_and_street-52044330-162-1.html,House,PKR33.5 Crore,6,2.2 Kanal,For Sale,10,2 days ago,"F-10, Islamabad, Islamabad Capital",F 10 -81*125 1111 Square Yards Plot Size 5 Bed Each House Sun Facing Close And Street Beautiful Location With Reasonable Price Nearly Doubled And Park And Market And Mosque Deal Direct With Owner. and also available 2 kanal and corner back open with huge extra land 7 to 8 kanal.,"Built in year: 2000, Parking Spaces: 10, Double Glazed Windows, Central Air Conditioning, Central Heating, Flooring, Electricity Backup, Waste Disposal, Floors: 2, Other Main Features, Furnished","Bedrooms: 10, Bathrooms: 12, Servant Quarters: 2, Drawing Room, Dining Room, Kitchens: 2, Study Room, Prayer Room, Powder Room, Gym, Store Rooms: 2, Steam Room, Lounge or Sitting Room, Laundry Room, Other Rooms","Broadband Internet Access, Satellite or Cable TV Ready, Intercom, Other Business and Communication Facilities","Community Lawn or Garden, Community Swimming Pool, Community Gym, First Aid or Medical Centre, Day Care Centre, Kids Play Area, Barbeque Area, Mosque, Community Centre, Other Community Facilities","Lawn or Garden, Sauna, Jacuzzi, Other Healthcare and Recreation Facilities","Nearby Schools, Nearby Hospitals, Nearby Shopping Malls, Nearby Restaurants, Distance From Airport (kms), Nearby Public Transport Service, Other Nearby Places","Maintenance Staff, Security Staff, Facilities for Disabled, Other Facilities",,,
https://www.zameen.com/Property/dha_defence_phase_3_dha_phase_3_-_block_b_10_marla_brand_new_house_available_for_sale_in_dha_3-52804837-16227-1.html,House,PKR5.25 Crore,6,10 Marla,For Sale,5,3 days ago,"DHA Defence, Islamabad, Islamabad Capital","10 Marla Brand New House Available For Sale In DHA 3,SectorB Double Unit House 5 Bedroom House With Attached Washrooms Drawing Room Dining Room Tv Lounge Kitchen Servant Quarter For More Details, Contact Us Now","Built in year: 2025, Parking Spaces: 2, Double Glazed Windows, Central Air Conditioning, Central Heating, Electricity Backup, Waste Disposal, Floors: 2","Bedrooms: 5, Bathrooms: 6, Servant Quarters: 1, Drawing Room, Dining Room, Kitchens: 2, Study Room, Prayer Room, Powder Room, Gym, Store Rooms: 1, Steam Room, Lounge or Sitting Room, Laundry Room","Broadband Internet Access, Satellite or Cable TV Ready, Intercom","Community Lawn or Garden, Community Swimming Pool, Community Gym, First Aid or Medical Centre, Day Care Centre, Kids Play Area, Barbeque Area, Mosque, Community Centre","Lawn or Garden, Swimming Pool, Sauna, Jacuzzi","Nearby Schools, Nearby Hospitals, Nearby Shopping Malls, Nearby Restaurants, Distance From Airport (kms), Nearby Public Transport Service","Maintenance Staff, Security Staff, Facilities for Disabled",,,
https://www.zameen.com/Property/islamabad_emaar_canyon_views_prados_villa_for_sale-53324992-8370-1.html,House,PKR7.5 Crore,5,1.4 Kanal,For Sale,5,1 month ago,"Emaar Canyon Views, Islamabad, Islamabad Capital",DHA Emaar Islamabad Prados Villa 28 Marla Villa For Sale 5 bedrooms with Attached baths drawing Dinning tv lounge Kitchen with greecy Kitchen powder room servant Quater Car porch front Back Lawn near To Park back open all facilities are available Brand New For more info please Contact Us Interpak Builders and Developers,"Built in year: 2023, Parking Spaces: 4, Double Glazed Windows, Central Air Conditioning, Central Heating, Flooring, Electricity Backup, Waste Disposal, Floors: 2, Other Main Features, Furnished","Bedrooms: 5, Bathrooms: 5, Servant Quarters: 1, Drawing Room, Dining Room, Kitchens: 2, Study Room, Prayer Room, Powder Room, Gym, Store Rooms: 1, Steam Room, Lounge or Sitting Room, Laundry Room, Other Rooms","Broadband Internet Access, Satellite or Cable TV Ready, Intercom, Other Business and Communication Facilities","Community Lawn or Garden, Community Swimming Pool, Community Gym, First Aid or Medical Centre, Day Care Centre, Kids Play Area, Barbeque Area, Mosque, Community Centre, Other Community Facilities","Lawn or Garden, Swimming Pool, Sauna, Jacuzzi, Other Healthcare and Recreation Facilities","Nearby Schools, Nearby Hospitals, Nearby Shopping Malls, Nearby Restaurants, Distance From Airport (kms), Nearby Public Transport Service, Other Nearby Places","Maintenance Staff, Security Staff, Facilities for Disabled, Other Facilities",,,
https://www.zameen.com/Property/islamabad_faisal_town_-_f-18_30x60_8_marla_modern_house-53056812-8260-1.html,House,PKR3.55 Crore,6,8 Marla,For Sale,5,6 days ago,"Faisal Town - F-18, Islamabad, Islamabad Capital",4 Bedrooms attached washroom 2 Drawing rooms 2 kitchen proper Tv Lounch servant quarter separate Laundry room 2 car parking space link main double Road street Near Tandoori Restaurant walking Distance Mosque Near park A and B block Block A Street 53,"Built in year, Parking Spaces, Double Glazed Windows, Central Air Conditioning, Central Heating, Flooring, Electricity Backup, Waste Disposal, Floors: 2, Other Main Features","Bedrooms: 5, Bathrooms: 6, Servant Quarters, Drawing Room, Dining Room, Kitchens: 2, Study Room, Prayer Room, Powder Room, Gym, Store Rooms, Steam Room, Lounge or Sitting Room, Laundry Room, Other Rooms","Broadband Internet Access, Satellite or Cable TV Ready, Intercom, Other Business and Communication Facilities","Community Lawn or Garden, Community Swimming Pool, Community Gym, First Aid or Medical Centre, Day Care Centre, Kids Play Area, Barbeque Area, Mosque, Community Centre, Other Community Facilities","Lawn or Garden, Other Healthcare and Recreation Facilities","Nearby Schools, Nearby Hospitals, Nearby Shopping Malls, Nearby Restaurants, Distance From Airport (kms), Nearby Public Transport Service, Other Nearby Places","Maintenance Staff, Security Staff, Facilities for Disabled, Other Facilities",,,
https://www.zameen.com/Property/dha_defence_dha_defence_phase_5_10_marla_brand_new_house_in_dha_phase_5-52716846-10991-1.html,House,PKR6.5 Crore,5,10 Marla,For Sale,5,2 days ago,"DHA Defence, Islamabad, Islamabad Capital",5 Bedrooms 6 Washrooms Draining Dining Spacious TV Lounge Parking Space. Peaceful Environment. Reasonable Demand. Interested Persons Are Welcome To Visit The Property. Please Feel Free To Call Us If You Need Further Details About this. We Request That Only Serious Individuals Contact Us To Make An Immediate Deal. Please Remember To Mention Zameen. Com When Calling.,"Built in year: 2025, Parking Spaces: 4, Double Glazed Windows, Central Air Conditioning, Central Heating, Flooring, Electricity Backup, Waste Disposal, Floors: 2, Other Main Features, Furnished","Bedrooms: 5, Bathrooms: 6, Servant Quarters: 1, Drawing Room, Dining Room, Kitchens: 2, Study Room, Prayer Room, Powder Room, Gym, Store Rooms: 2, Steam Room, Lounge or Sitting Room, Laundry Room, Other Rooms","Broadband Internet Access, Satellite or Cable TV Ready, Intercom, Other Business and Communication Facilities","Community Lawn or Garden, Community Swimming Pool, Community Gym, First Aid or Medical Centre, Day Care Centre, Kids Play Area, Barbeque Area, Mosque, Community Centre, Other Community Facilities","Lawn or Garden, Swimming Pool, Sauna, Jacuzzi, Other Healthcare and Recreation Facilities","Nearby Schools, Nearby Hospitals, Nearby Shopping Malls, Nearby Restaurants, Distance From Airport (kms), Nearby Public Transport Service, Other Nearby Places","Maintenance Staff, Security Staff, Facilities for Disabled, Other Facilities",,,
https://www.zameen.com/Property/dha_defence_dha_defence_phase_2_1_kanal_fully_furnished_modern_house_for_sale_in_dha_phase_2_islamabad-53347009-339-1.html,House,PKR11.95 Crore,-,1 Kanal,For Sale,-,1 month ago,"DHA Defence, Islamabad, Islamabad Capital","1 Kanal Fully Furnished Luxury House for Sale in DHA Phase 2, Islamabad Property Overview: Experience premium living in this beautifully designed 1 Kanal fully furnished house located in the heart of DHA Phase 2, Islamabad. Built with modern architecture and high-quality finishes, this home offers elegance, comfort, and practicality ideal for families seeking an upscale lifestyle. --- Location Highlights: Situated in one of the most secure and developed sectors of DHA Phase 2 Easy access to GT Road, Islamabad Expressway, and Jacaranda Family Club Near schools, mosques, parks, shopping centers, and healthcare facilities --- Property Details: Bedrooms: 5 spacious, fully furnished bedrooms with attached modern bathrooms Bathrooms: 6 stylish, tiled bathrooms with imported fittings Drawing & Dining Room: Elegant and tastefully furnished TV Lounges: Two wide lounges with modern furniture and LED setup Kitchen: 2 fully equipped kitchens with high-quality appliances and cabinets Servant Quarter: Separate servant quarter with bath Parking: Space for 23 cars Laundry & Store Room: Available Terrace: Beautiful terrace with scenic view --- Furnishing Includes: Premium furniture and fixtures LED TVs, curtains, sofas, beds, and dining set Air conditioners and chandeliers Fully equipped kitchen with appliances Designer lights and ceiling work --- Additional Features: Solid construction with top-grade materials Elegant wooden and marble flooring Modern ceiling designs Security cameras installed Lush green lawn --- Demand: PKR (12 crore ) Negotiable --- Contact Details: For further details or to schedule a visit, please call View Contact Detail","Built in year: 2025, Parking Spaces: 3, Double Glazed Windows, Central Air Conditioning, Central Heating, Flooring, Waste Disposal","Bedrooms: 5, Bathrooms: 8, Servant Quarters: 2, Drawing Room, Dining Room, Kitchens: 2, Study Room, Prayer Room, Powder Room, Gym, Store Rooms: 2, Steam Room, Lounge or Sitting Room, Laundry Room","Broadband Internet Access, Satellite or Cable TV Ready, Intercom","Community Lawn or Garden, Community Swimming Pool, Community Gym, First Aid or Medical Centre, Day Care Centre, Kids Play Area, Barbeque Area, Mosque, Community Centre","Lawn or Garden, Swimming Pool, Sauna, Jacuzzi","Nearby Schools, Nearby Hospitals, Nearby Shopping Malls, Nearby Restaurants, Distance From Airport (kms), Nearby Public Transport Service, Other Nearby Places","Security Staff, Other Facilities",,,
https://www.zameen.com/Property/f_7_f-7_3_f-7_3_excellent_house_1244_square_yard_for_sale-52116517-3309-1.html,House,PKR75 Crore,7,2.6 Kanal,For Sale,7,2 days ago,"F-7, Islamabad, Islamabad Capital","F-7/3 Excellent House Size 1244 Square Yard . Incoming Rent 9,000/- $ Per Month . For Visit/More Detail Connect Us. Buy your House with desired facilities in a highly popular area of Islamabad. A location like the one of F-7/3 will reap great benefits in the longer run. You simply cannot say no to this House. Better yet, it comes with tonnes of exciting features that distinguish it from other properties. A price tag of PKR Rs. 750000000 is quite reasonable for a spacious House in F-7/3. Here is a list of 11520 Square Feet property best suited for your needs. A comfortable life awaits you with this property for sale, so don't miss out on this opportunity. Reach out to us for bookings and details. We Have more OPTIONS of ALL SIZE in Sector F-6, F-7, F-8, E-7 & G-6","Built in year, Parking Spaces: 2, Double Glazed Windows, Central Air Conditioning, Central Heating, Flooring, Electricity Backup, Waste Disposal, Floors, Other Main Features, Furnished","Bedrooms: 3, Bathrooms: 3, Servant Quarters: 1, Drawing Room, Dining Room, Kitchens: 1, Study Room, Prayer Room, Powder Room, Gym, Store Rooms: 1, Steam Room, Lounge or Sitting Room, Laundry Room, Other Rooms","Broadband Internet Access, Satellite or Cable TV Ready, Intercom, Other Business and Communication Facilities","Community Lawn or Garden, Community Swimming Pool, Community Gym, First Aid or Medical Centre, Day Care Centre, Kids Play Area, Barbeque Area, Mosque, Community Centre, Other Community Facilities","Lawn or Garden, Swimming Pool, Sauna, Jacuzzi, Other Healthcare and Recreation Facilities","Nearby Schools, Nearby Hospitals, Nearby Shopping Malls, Nearby Restaurants, Distance From Airport (kms), Nearby Public Transport Service, Other Nearby Places","Maintenance Staff, Security Staff, Facilities for Disabled, Other Facilities",,,
https://www.zameen.com/Property/islamabad_b-17_best_deal_of_the_day_b17_house_for_sale_at_best_price-49047687-616-1.html,House,PKR1.85 Crore,4,5 Marla,For Sale,5,2 weeks ago,"B-17, Islamabad, Islamabad Capital",I have all sizes of house and plots in b17 at best prices now I have this house in b17 multi garden near to park and mosque and many facilities in side for more information call,"Built in year: 2022, Double Glazed Windows, Central Air Conditioning, Central Heating, Flooring, Electricity Backup, Waste Disposal, Furnished","Bedrooms: 3, Bathrooms: 3, Drawing Room, Dining Room, Kitchens: 1, Study Room, Prayer Room, Powder Room, Gym, Steam Room, Lounge or Sitting Room, Laundry Room","Broadband Internet Access, Satellite or Cable TV Ready, Intercom","Community Lawn or Garden, Community Swimming Pool, Community Gym, First Aid or Medical Centre, Day Care Centre, Kids Play Area, Barbeque Area, Mosque, Community Centre",,"Nearby Schools, Nearby Hospitals, Nearby Shopping Malls, Nearby Restaurants, Distance From Airport (kms), Nearby Public Transport Service, Other Nearby Places","Security Staff, Other Facilities",,,
https://www.zameen.com/Property/gulberg_gulberg_greens_serene_heights_gulberg_green_islamabad-53088895-8312-1.html,Flat,PKR78 Lakh,1,2.4 Marla,For Sale,-,2 days ago,"Gulberg, Islamabad, Islamabad Capital","Studio Apartment for Sale in Serene Heights, Gulberg Greens Price: PKR 82 lac Area: Approx. 3 Marla (700 sq ft) Bedrooms/Bathrooms: 1 / 1 Furnishing: Fully furnished, possession-ready Highlights: Contemporary layout: Open kitchen with a comfortable living area, ideal for modern living Stylish design: High-quality flooring, premium fittings, ample natural lighting Building amenities: 24/7 security, standby generator, elevator access, dedicated parking space (as noted) Prime location: In a highly sought-after project at Gulberg Greens, ideal for both residence and investment More information Contact us","Built in year: 2025, Parking Spaces: 3, Lobby in Building, Double Glazed Windows, Central Air Conditioning, Central Heating, Flooring, Electricity Backup, Waste Disposal, Floor: 4, Floors in Building: 13, Elevators: 4, Service Elevators in Building, Other Main Features, Furnished","Bedrooms: 1, Bathrooms: 1, Servant Quarters: 1, Drawing Room, Dining Room, Kitchens: 1, Study Room, Prayer Room, Powder Room, Gym, Store Rooms: 1, Steam Room, Lounge or Sitting Room, Laundry Room, Other Rooms","Broadband Internet Access, Satellite or Cable TV Ready, Business Center or Media Room in Building, Conference Room in Building, Intercom, ATM Machines, Other Business and Communication Facilities","Community Lawn or Garden, Community Swimming Pool, Community Gym, First Aid or Medical Centre, Day Care Centre, Kids Play Area, Barbeque Area, Mosque, Community Centre, Other Community Facilities",Other Healthcare and Recreation Facilities,"Nearby Schools, Nearby Hospitals, Nearby Shopping Malls, Nearby Restaurants, Distance From Airport (kms), Nearby Public Transport Service, Other Nearby Places","Maintenance Staff, Security Staff, Laundry or Dry Cleaning Facility, Communal/Shared Kitchen, Facilities for Disabled, Pets Allowed, Other Facilities",,,
https://www.zameen.com/Property/islamabad_f-8_beautiful_luxurious_house_available_for_sale_in_f-_8_islamabad_9_bedrooms_top_off_location_low_price-53222832-166-1.html,House,PKR70 Crore,6,4 Kanal,For Sale,9,6 days ago,"F-8, Islamabad, Islamabad Capital","F-8/4 Luxurious House Available for Sale An exceptional opportunity to own a grand and elegant residence in one of the most prestigious sectors of Islamabad F-8/4. This beautiful property is designed for those who value luxury, space, and an elite lifestyle. The house features 9 spacious bedrooms with attached 9 modern bathrooms, a stylish drawing and dining area, and 2 large TV lounges perfect for family gatherings. It also includes a fully equipped kitchen and 3 servant rooms for added convenience. The property boasts a huge garden and ample parking space for up to 15 cars, which makes it ideal for large families or for hosting guests. Located in a VIP street and top location of F-8/4, this house offers both privacy and easy access to major roads, markets, schools, and parks. This is truly a rare and valuable deal in the heart of Islamabad offering unmatched luxury and comfort at a very reasonable price. Demand: 70 Crores Dont miss out on this golden opportunity visit today and make it yours!","Built in year: 2019, Parking Spaces: 15, Double Glazed Windows, Central Air Conditioning, Central Heating, Flooring, Electricity Backup, Waste Disposal, Floors: 2, Other Main Features","Bedrooms: 9, Bathrooms: 9, Servant Quarters: 3, Drawing Room, Dining Room, Kitchens: 2, Study Room, Prayer Room, Powder Room, Gym, Store Rooms: 2, Steam Room, Lounge or Sitting Room, Laundry Room, Other Rooms","Broadband Internet Access, Satellite or Cable TV Ready, Intercom, Other Business and Communication Facilities","Community Lawn or Garden, Community Swimming Pool, Community Gym, First Aid or Medical Centre, Day Care Centre, Kids Play Area, Barbeque Area, Mosque, Community Centre, Other Community Facilities","Lawn or Garden, Swimming Pool, Sauna, Jacuzzi, Other Healthcare and Recreation Facilities","Nearby Schools, Nearby Hospitals, Nearby Shopping Malls, Nearby Restaurants, Distance From Airport (kms), Nearby Public Transport Service, Other Nearby Places","Maintenance Staff, Security Staff, Facilities for Disabled, Other Facilities",,,
https://www.zameen.com/Property/dha_valley_dha_homes_dha_homes_8_marla_house_for_sale-53236639-3226-1.html,House,PKR1.4 Crore,3,8 Marla,For Sale,3,1 month ago,"DHA Defence, Islamabad, Islamabad Capital","Your search for a house in Islamabad can end here. Book your 8 Marla House today to mark the beginning of your prosperous future. The end users find DHA Homes the best place to meet their varying needs. A House like this does not pop up too often. So, take our word and avail this once in a lifetime offer. Your search for, for sale units can end here with these well-fitted and spacious properties. Property value at PKR Rs. 14000000 can be the best deal you can find for this type. Hurry up and call us.","Double Glazed Windows, Central Air Conditioning, Central Heating, Flooring, Waste Disposal, Furnished","Bedrooms: 2, Bathrooms: 2","Broadband Internet Access, Satellite or Cable TV Ready, Intercom","Community Lawn or Garden, Community Gym, First Aid or Medical Centre",,"Nearby Schools, Nearby Hospitals, Nearby Shopping Malls, Nearby Restaurants, Distance From Airport (kms), Nearby Public Transport Service, Other Nearby Places",,,,
https://www.zameen.com/Property/bahria_enclave_cube_apartments_studio_cube_apartment_with_breathtaking_murree_hills_view_sector_a_bahria_enclave-53352624-21520-1.html,Flat,PKR78 Lakh,1,2.8 Marla,For Sale,-,6 hours ago,"Bahria Town, Islamabad, Islamabad Capital","Discover a unique investment and lifestyle opportunity in the heart of Bahria Enclave. This stunning 630 sq. ft. Studio Cube Apartment on the 7th floor offers a solid construction with designer finishes and, most importantly, an unforgettable, breathtaking Murree-facing hills view that you can enjoy every day. Property Features: Studio Layout: A smartly designed open space integrating a bedroom area, a modern open-style kitchen, and 1 well-appointed bathroom. Premium Floor: High on the 7th floor for optimal privacy and panoramic views. Solid Construction: Built to last with high-quality, designer finishes throughout. Parking: Inner car parking space available (Paid). The Key Feature: Your private window to the serene, green Murree hills. Building Amenities: 24/7 Security & CCTV Surveillance Fast Elevators with Backup Generator Modern Lobby & Reception Area Gated Community with access to all Bahria facilities. Location Highlights: Perfectly situated in Cube Apartments, Sector A. Enjoy a peaceful neighborhood within walking distance of a mosque, parks, and commercial areas. Close to schools, clinics, grocery stores, and restaurants. Easy access to the main entrance, zoo, and shopping malls. Ideal for investors and end-users seeking a low-maintenance, high-value property. Demand: PKR 78 Lacs Contact us today to secure this one-of-a-kind apartment!","Built in year: 2022, Parking Spaces, Lobby in Building, Double Glazed Windows, Central Air Conditioning, Central Heating, Flooring, Electricity Backup, Waste Disposal, Floor, Floors in Building: 9, Elevators, Service Elevators in Building","Bedrooms: 1, Bathrooms: 1, Drawing Room, Dining Room, Kitchens: 1, Store Rooms: 1, Lounge or Sitting Room, Laundry Room","Broadband Internet Access, Satellite or Cable TV Ready, Conference Room in Building, Intercom, ATM Machines","Community Lawn or Garden, First Aid or Medical Centre, Day Care Centre, Kids Play Area, Barbeque Area, Mosque",Other Healthcare and Recreation Facilities,"Nearby Schools, Nearby Hospitals, Nearby Shopping Malls, Nearby Restaurants, Distance From Airport (kms), Nearby Public Transport Service, Other Nearby Places","Maintenance Staff, Security Staff, Laundry or Dry Cleaning Facility, Facilities for Disabled, Other Facilities",,,
https://www.zameen.com/Property/g_9_g-9_1_g-9_1_40_80_extra_land_vip_house_for_sale-50699243-3384-1.html,House,PKR17 Crore,3,14 Marla,For Sale,3,1 week ago,"G-9, Islamabad, Islamabad Capital","G9/11 40 * 80 VIP house extra land front open 11 bed 11 bath three kitchen 3 dd 3 tv triple storey house for sale If you're looking for 14 Marla property, we have what you need! Make the most of your purchase with this opportunity. Hurry up because the price tag of Rs. 165000000 may spark many buyers' interest. Just the fact that you will own a property at G-9/1 should be enough to give it a boost in no time at all. With a House like this one, the perfect investment opportunity does exist. The futuristic House in Islamabad for sale. Following are some of the notable features of this property. Not all families need a separate dining parlour but this property has one, in case you like to make mealtimes special. The study room in the House can serve various purposes according to your needs. Drawing Room is a key component of a house, you would want yours to be exaclty like House. You can have all your queries satisfied through the contact information on our page. If these do not completely convince, you can just contact us and we will put all your concerns to rest.","Built in year: 2018, Parking Spaces: 10, Double Glazed Windows, Central Air Conditioning, Central Heating, Flooring, Electricity Backup, Waste Disposal, Floors: 3, Other Main Features","Bedrooms: 11, Bathrooms: 11, Servant Quarters: 2, Drawing Room, Dining Room, Kitchens: 3, Study Room, Prayer Room, Powder Room, Gym, Store Rooms: 1, Steam Room, Lounge or Sitting Room, Laundry Room","Broadband Internet Access, Satellite or Cable TV Ready, Intercom","Community Lawn or Garden, Community Swimming Pool, Community Gym, First Aid or Medical Centre, Day Care Centre, Kids Play Area, Barbeque Area, Mosque, Community Centre, Other Community Facilities","Lawn or Garden, Swimming Pool, Sauna, Jacuzzi","Nearby Schools, Nearby Hospitals, Nearby Shopping Malls, Nearby Restaurants, Distance From Airport (kms), Nearby Public Transport Service, Other Nearby Places","Maintenance Staff, Security Staff, Other Facilities",,,
