Scraped_URL,Type,Price,Bath(s),Area,Purpose,Bedroom(s),Added,Location,Description,Amenities: Main Features,Amenities: Rooms,Amenities: Business and Communication,Amenities: Community Features,Amenities: Healthcare Recreational,Amenities: Nearby Locations and Other Facilities,Amenities: Other Facilities,Initial Amount,Monthly Installment,Remaining Installments
https://www.zameen.com/Property/top_city_1_top_city_1_-_block_i_a_flat_of_356_square_feet_in_islamabad-52750951-16278-1.html,Flat,PKR36 Lakh,1,1.6 Marla,For Sale,-,3 days ago,"Top City 1, Islamabad, Islamabad Capital","Luxury Apartment Is Available For Sale On Eeasy Installments Plan Down Payment: 360,000. PKR. Monthly Installment : 25,000. PKR 1.15% special discount on full cash payment at the time of booking. 2. All installments must be paid by the allottees as per the payment schedule agreed by the allottee between 1st to 10th of each month, 3. and the allottee shall abide by the terms & conditions as mentioned in the booking/application form. 4. All extra charges will be paid within 180 days from the date of booking. 5. The allocation of the unit shall remain a Provisional Unit until the company receives full & final payment. 6. Documentation charges for Lease, Utility Connection Charges & Generator COC, will be charged separately as and 7. when demanded by the company as these charges are not included in the above-mentioned cost. 8. All discounts will be valid subject to regular payments. 9. All payments are to be made through cheques/pay orders in favour of DA VISIONERS BUILDERS.","Built in year: 2025, Parking Spaces: 2, Lobby in Building, Double Glazed Windows, Central Air Conditioning, Central Heating, Flooring, Electricity Backup, Waste Disposal, Elevators: 2, Service Elevators in Building, Other Main Features","Bedrooms: 5, Bathrooms: 6, Servant Quarters: 1, Drawing Room, Dining Room, Kitchens: 1, Study Room, Prayer Room, Powder Room, Gym, Store Rooms: 1, Steam Room, Lounge or Sitting Room, Laundry Room, Other Rooms","Broadband Internet Access, Satellite or Cable TV Ready, Business Center or Media Room in Building, Conference Room in Building, Intercom, ATM Machines, Other Business and Communication Facilities","Community Lawn or Garden, Community Swimming Pool, Community Gym, First Aid or Medical Centre, Day Care Centre, Kids Play Area, Barbeque Area, Mosque, Community Centre, Other Community Facilities","Sauna, Jacuzzi, Other Healthcare and Recreation Facilities","Nearby Schools, Nearby Hospitals, Nearby Shopping Malls, Nearby Restaurants, Distance From Airport (kms), Nearby Public Transport Service, Other Nearby Places","Maintenance Staff, Security Staff, Laundry or Dry Cleaning Facility, Communal/Shared Kitchen, Facilities for Disabled, Other Facilities",,,
https://www.zameen.com/Property/islamabad_top_city_1_790_square_feet_flat_for_sale_in_top_city_1_top_city_1_in_only_rs_8000000-52787785-1383-1.html,Flat,PKR80 Lakh,2,3.5 Marla,For Sale,2,3 days ago,"Top City 1, Islamabad, Islamabad Capital","Luxury Apartment Is Available For Sale On Eeasy Installments Plan Down Payment: 800,000. PKR. Monthly Installment : 60,000. PKR 1.15% special discount on full cash payment at the time of booking. 2. All installments must be paid by the allottees as per the payment schedule agreed by the allottee between 1st to 10th of each month, 3. and the allottee shall abide by the terms & conditions as mentioned in the booking/application form. 4. All extra charges will be paid within 180 days from the date of booking. 5. The allocation of the unit shall remain a Provisional Unit until the company receives full & final payment. 6. Documentation charges for Lease, Utility Connection Charges & Generator COC, will be charged separately as and 7. when demanded by the company as these charges are not included in the above-mentioned cost. 8. All discounts will be valid subject to regular payments. 9. All payments are to be made through cheques/pay orders in favour of DA VISIONERS BUILDERS.","Built in year: 2021, Parking Spaces: 2, Lobby in Building, Double Glazed Windows, Central Air Conditioning, Central Heating, Flooring, Electricity Backup, Waste Disposal, Elevators: 2, Service Elevators in Building, Other Main Features, Furnished","Bedrooms: 8, Bathrooms: 8, Servant Quarters: 1, Drawing Room, Dining Room, Kitchens: 1, Study Room, Prayer Room, Powder Room, Gym, Store Rooms: 1, Steam Room, Lounge or Sitting Room, Laundry Room, Other Rooms","Broadband Internet Access, Satellite or Cable TV Ready, Business Center or Media Room in Building, Conference Room in Building, Intercom, ATM Machines, Other Business and Communication Facilities","Community Lawn or Garden, Community Swimming Pool, Community Gym, First Aid or Medical Centre, Day Care Centre, Kids Play Area, Barbeque Area, Mosque, Community Centre, Other Community Facilities","Sauna, Jacuzzi, Other Healthcare and Recreation Facilities","Nearby Schools, Nearby Hospitals, Nearby Shopping Malls, Nearby Restaurants, Distance From Airport (kms), Nearby Public Transport Service, Other Nearby Places","Maintenance Staff, Security Staff, Laundry or Dry Cleaning Facility, Communal/Shared Kitchen, Facilities for Disabled, Other Facilities",,,
https://www.zameen.com/Property/islamabad_top_city_1_flat_in_top_city_1_sized_790_square_feet_is_available-52787782-1383-1.html,Flat,PKR80 Lakh,2,3.5 Marla,For Sale,2,3 days ago,"Top City 1, Islamabad, Islamabad Capital","Luxury Apartment Is Available For Sale On Eeasy Installments Plan Down Payment: 800,000. PKR. Monthly Installment : 60,000. PKR 1.15% special discount on full cash payment at the time of booking. 2. All installments must be paid by the allottees as per the payment schedule agreed by the allottee between 1st to 10th of each month, 3. and the allottee shall abide by the terms & conditions as mentioned in the booking/application form. 4. All extra charges will be paid within 180 days from the date of booking. 5. The allocation of the unit shall remain a Provisional Unit until the company receives full & final payment. 6. Documentation charges for Lease, Utility Connection Charges & Generator COC, will be charged separately as and 7. when demanded by the company as these charges are not included in the above-mentioned cost. 8. All discounts will be valid subject to regular payments. 9. All payments are to be made through cheques/pay orders in favour of DA VISIONERS BUILDERS.","Built in year: 2025, Parking Spaces: 2, Lobby in Building, Double Glazed Windows, Central Air Conditioning, Central Heating, Flooring, Electricity Backup, Waste Disposal, Elevators: 2, Service Elevators in Building, Other Main Features, Furnished","Bedrooms: 3, Bathrooms: 4, Servant Quarters: 1, Drawing Room, Dining Room, Kitchens: 1, Study Room, Prayer Room, Powder Room, Gym, Store Rooms: 1, Steam Room, Lounge or Sitting Room, Laundry Room, Other Rooms","Broadband Internet Access, Satellite or Cable TV Ready, Business Center or Media Room in Building, Conference Room in Building, Intercom, ATM Machines, Other Business and Communication Facilities","Community Lawn or Garden, Community Swimming Pool, Community Gym, First Aid or Medical Centre, Day Care Centre, Kids Play Area, Barbeque Area, Mosque, Community Centre, Other Community Facilities","Sauna, Jacuzzi, Other Healthcare and Recreation Facilities","Nearby Schools, Nearby Hospitals, Nearby Shopping Malls, Nearby Restaurants, Distance From Airport (kms), Nearby Public Transport Service, Other Nearby Places","Maintenance Staff, Security Staff, Laundry or Dry Cleaning Facility, Communal/Shared Kitchen, Facilities for Disabled, Other Facilities",,,
https://www.zameen.com/Property/islamabad_e-7_modern_brand-new_swimming_pool_house_is_for_sale-52561985-343-1.html,House,PKR75 Crore,7,1.6 Kanal,For Sale,6,2 weeks ago,"E-7, Islamabad, Islamabad Capital","Chohan HAY Estate Offers: - E-7 Brand New House - Basement, Ground, and Upper Floor - 6 Bedrooms with Modern Attached Bathrooms - Drawing, Dining, and TV Lounge - High-quality Finishes, Enriching Interiors, and Family Rooms with Walk-in Closets - Elegant Modern Kitchens with Quartz Countertops, Cabinetry, and Appliances (Refrigerator, Garbage Disposal, Microwave) - Luxurious Bathrooms with Roman Showers, Separate Shower Cabins, Vanities, and Premium Fixtures - Enjoyable Swimming Pool - Elevator Lift - Ceiling Roof - Flooring with Imported Tiles - Outdoor Lawn - Servant Quarters - Parking Area - Rooftop - Views of Margalla Hills and Sunset - Serene and Highly Secure Living Environment - An Outstanding Opportunity: Seize It Without Delay For Further Details and Additional Choices, Feel Free to Contact the Provided Numbers or Visit Chohan HAY Estate.","Built in year: 2025, Parking Spaces, Double Glazed Windows, Central Air Conditioning, Central Heating, Flooring, Electricity Backup, Waste Disposal, Floors: 2, Other Main Features, Furnished","Bedrooms: 6, Bathrooms: 7, Servant Quarters, Drawing Room, Dining Room, Kitchens, Study Room, Prayer Room, Powder Room, Gym, Store Rooms, Lounge or Sitting Room, Laundry Room, Other Rooms","Broadband Internet Access, Satellite or Cable TV Ready, Intercom, Other Business and Communication Facilities","Community Lawn or Garden, Community Swimming Pool, Community Gym, First Aid or Medical Centre, Day Care Centre, Kids Play Area, Barbeque Area, Mosque, Community Centre, Other Community Facilities","Lawn or Garden, Swimming Pool, Sauna, Jacuzzi, Other Healthcare and Recreation Facilities","Nearby Schools, Nearby Hospitals, Nearby Shopping Malls, Nearby Restaurants, Distance From Airport (kms), Nearby Public Transport Service, Other Nearby Places","Maintenance Staff, Security Staff, Facilities for Disabled, Other Facilities",,,
https://www.zameen.com/Property/d_12_d-12_4_d-12_4_brand_new_designer_house_for_sale-52661763-3157-1.html,House,PKR4.4 Crore,4,4.4 Marla,For Sale,4,4 days ago,"D-12, Islamabad, Islamabad Capital","Details: D-12/4 Size 25*40.4. 4 Marla Price 4.40 Cr Investor Rate Accommodations and Facilities: 4 Beds with Attached Baths TV Lounge kitchen Servant Quarter Car Parking Electric Meters Water Boring Solid Construction, Best Quality windows, Wooden Doors, Stylish Roof Selling, Best Sanitary work etc Top location , VIP Area, Near Family Park, Markaz, Masjid, Service Road and many more. Neat and Clean Environment. Best Option for Living For More Information, Please Contact. Note: Our Special Sectors: D-12, E-12, E-11 and C-14,15,16 We are Dealing in all types of Properties. Residential/Commercial in all CDA Sectors THANKS To Connecting Us","Built in year: 2025, Parking Spaces, Double Glazed Windows, Central Air Conditioning, Central Heating, Flooring, Electricity Backup, Waste Disposal, Floors: 2, Other Main Features","Bedrooms: 4, Bathrooms: 4, Servant Quarters, Drawing Room, Dining Room, Kitchens: 1, Study Room, Prayer Room, Powder Room, Gym, Store Rooms, Steam Room, Lounge or Sitting Room, Laundry Room, Other Rooms","Broadband Internet Access, Satellite or Cable TV Ready, Intercom, Other Business and Communication Facilities","Community Lawn or Garden, Community Swimming Pool, Community Gym, First Aid or Medical Centre, Day Care Centre, Kids Play Area, Barbeque Area, Mosque, Community Centre, Other Community Facilities","Lawn or Garden, Swimming Pool, Sauna, Jacuzzi, Other Healthcare and Recreation Facilities","Nearby Schools, Nearby Hospitals, Nearby Shopping Malls, Nearby Restaurants, Distance From Airport (kms), Nearby Public Transport Service, Other Nearby Places","Maintenance Staff, Security Staff, Facilities for Disabled, Other Facilities",,,
https://www.zameen.com/Property/soan_garden_soan_garden_-_block_h_beautiful_10_marla_house_for_sale-53335468-3498-1.html,House,PKR3.25 Crore,5,10 Marla,For Sale,5,1 month ago,"Soan Garden, Islamabad, Islamabad Capital",beautiful 10 Marla house for sale 5 bed beautiful construction water bore electricity meters gas is applied since 3 yrs house is empty only servant lives as owners were in uk urgent sale no foolish offers price is already very reasonable,"Built in year: 2020, Parking Spaces, Double Glazed Windows, Central Air Conditioning, Central Heating, Flooring, Electricity Backup, Waste Disposal, Floors: 2, Other Main Features","Bedrooms: 5, Bathrooms: 6, Servant Quarters, Drawing Room, Dining Room, Kitchens, Study Room, Prayer Room, Powder Room, Gym, Steam Room, Lounge or Sitting Room, Laundry Room, Other Rooms","Broadband Internet Access, Satellite or Cable TV Ready, Intercom","Community Lawn or Garden, Community Swimming Pool, Community Gym, First Aid or Medical Centre, Day Care Centre, Kids Play Area, Barbeque Area, Mosque, Community Centre, Other Community Facilities","Lawn or Garden, Swimming Pool, Sauna, Jacuzzi","Nearby Schools, Nearby Hospitals, Nearby Shopping Malls, Nearby Restaurants, Distance From Airport (kms), Nearby Public Transport Service, Other Nearby Places","Maintenance Staff, Security Staff, Facilities for Disabled",,,
https://www.zameen.com/Property/mpchs_multi_gardens_mpchs_-_block_f_b_17_f_block_designer_house_25x50_for_sale-53334961-8527-1.html,House,PKR2.25 Crore,5,5 Marla,For Sale,4,1 month ago,"B-17, Islamabad, Islamabad Capital","""Luxury 5 Marla Designer House in F Block, B-17"" ""Elegant Designer Double Unit 5 Marla, F Block B-17""","Built in year: 2021, Parking Spaces: 2, Flooring, Electricity Backup, Waste Disposal, Floors: 2","Bedrooms: 4, Bathrooms: 5, Servant Quarters: 1, Drawing Room, Dining Room, Kitchens: 2, Study Room, Prayer Room, Powder Room, Store Rooms: 1, Lounge or Sitting Room, Laundry Room",,"Community Lawn or Garden, Community Gym, First Aid or Medical Centre, Day Care Centre, Kids Play Area, Barbeque Area, Mosque",Lawn or Garden,"Nearby Schools, Nearby Hospitals, Nearby Shopping Malls, Nearby Restaurants, Distance From Airport (kms), Nearby Public Transport Service","Maintenance Staff, Security Staff, Facilities for Disabled",,,
https://www.zameen.com/Property/islamabad_bani_gala_beautiful_brand_new_house-53335025-340-1.html,House,PKR1.38 Crore,4,5 Marla,For Sale,3,4 weeks ago,"Bani Gala, Islamabad, Islamabad Capital",5 Marla Semi Double 3 Bedrooms 4 Baths Drawing Tv Lounge Kitchen Mumty Laundry Car Parking,"Built in year: 2021, Parking Spaces: 1, Double Glazed Windows, Central Air Conditioning, Central Heating, Flooring, Electricity Backup, Waste Disposal, Floors: 2, Other Main Features","Bedrooms: 3, Bathrooms: 4, Servant Quarters: 1, Drawing Room, Dining Room, Kitchens: 1, Study Room, Prayer Room, Powder Room, Gym, Store Rooms: 1, Steam Room, Lounge or Sitting Room, Laundry Room, Other Rooms","Broadband Internet Access, Satellite or Cable TV Ready, Intercom, Other Business and Communication Facilities","Community Lawn or Garden, Community Swimming Pool, Community Gym, First Aid or Medical Centre, Day Care Centre, Kids Play Area, Barbeque Area, Mosque, Community Centre, Other Community Facilities","Lawn or Garden, Sauna, Jacuzzi, Other Healthcare and Recreation Facilities","Nearby Schools, Nearby Hospitals, Nearby Shopping Malls, Nearby Restaurants, Distance From Airport (kms), Nearby Public Transport Service, Other Nearby Places","Maintenance Staff, Security Staff, Facilities for Disabled, Other Facilities",,,
https://www.zameen.com/Property/islamabad_mumtaz_city_luxury_apartments_in_mumtaz_city_below_market_rates_2-year_installments-52023810-3464-1.html,Flat,PKR2.4 Crore,3,7.1 Marla,For Sale,3,4 days ago,"Mumtaz City, Islamabad, Islamabad Capital","Luxury Apartments in Mumtaz City, Islamabad Best Time to Invest Below Market Rates! Apartment Options: 2-Bedroom Apartments: Sizes: 1,172 sqft to 2,200 sqft 3-Bedroom Apartments: Sizes: 1,600 sqft to 2,560 sqft 4-Bedroom Apartments: Size: 3,000 sqft Why Invest Now? Below Market Rates Exceptional Value for Money Flexible Payment Plan Pay in Easy 2-Year Installments Developed by Renowned Builders with a Proven Track Record Located in Mumtaz City, Islamabad A Prime and Well-Connected Location High Investment Potential Ideal for Families and Investors Unmatched Amenities: 5-Star Lifestyle with Amenities, Including: State-of-the-Art Gym Infinity Swimming Pool Kids Play Area Jogging Tracks Multi-Purpose Community Hall High-Speed Elevators 24/7 Security and Surveillance Backup Power System Servant Rooms and Reserved Parking Payment Plan: 30% Down Payment 2 Years Easy Installments 10% on Possession Ready to View: Structure Completed Contact Us Today! Schedule your visit to the model apartment and secure your unit at the best rate. Limited Units Available Act Now!","Built in year, Parking Spaces, Lobby in Building, Double Glazed Windows, Central Air Conditioning, Central Heating, Flooring, Electricity Backup, Waste Disposal, Floor, Floors in Building, Elevators, Service Elevators in Building, Other Main Features, Furnished","Bedrooms: 4, Bathrooms: 4, Servant Quarters, Drawing Room, Dining Room, Kitchens, Study Room, Prayer Room, Powder Room, Gym, Store Rooms, Steam Room, Lounge or Sitting Room, Laundry Room, Other Rooms","Broadband Internet Access, Satellite or Cable TV Ready, Business Center or Media Room in Building, Conference Room in Building, Intercom, ATM Machines, Other Business and Communication Facilities","Community Lawn or Garden, Community Swimming Pool, Community Gym, First Aid or Medical Centre, Day Care Centre, Kids Play Area, Barbeque Area, Mosque, Community Centre, Other Community Facilities","Sauna, Jacuzzi, Other Healthcare and Recreation Facilities","Nearby Schools, Nearby Hospitals, Nearby Shopping Malls, Nearby Restaurants, Distance From Airport (kms), Nearby Public Transport Service, Other Nearby Places","Maintenance Staff, Security Staff, Laundry or Dry Cleaning Facility, Communal/Shared Kitchen, Facilities for Disabled, Pets Not Allowed, Other Facilities",,,
https://www.zameen.com/Property/islamabad_park_view_city_luxury_awaits_you_in_park_view_city_islamabad-52160089-10933-1.html,House,PKR3.5 Crore,4,5 Marla,For Sale,4,4 days ago,"Park View City, Islamabad, Islamabad Capital","Luxury Awaits You In Park View City, Islamabad! Own Your Dream Property Today Apartments, Bungalows, &Amp; Premium Plots! Why Park View City? Prime Location: Nestled Near The Diplomatic Enclave &Amp; Islamabad Highway. Unmatched Security: Gated Community With 24/7 Surveillance. World-Class Amenities: Parks, Schools, Mosques, Shopping Centers, And Healthcare Facilities. CDA-Approved: Legally Secure Investments With A Visionary Master Plan. Properties Available: Luxury Apartments Modern Designs With Panoramic Views. Ideal For Urban Living With Premium Finishes. Exclusive Bungalows Spacious Layouts, Private Gardens, And Bespoke Architecture. Perfect For Families Seeking Elegance And Privacy. Commercial Plots High-Footfall Zones For Thriving Businesses. Invest In Islamabads Next Commercial Hotspot! Residential Plots Customize Your Dream Home In A Serene, Green Environment. Available In Multiple Sizes To Suit Your Vision. Limited-Time Offers Flexible Payment Plans | Early-Bird Discounts | Zero Hidden Charges Act Now Limited Inventory!","Built in year, Parking Spaces, Double Glazed Windows, Central Air Conditioning, Central Heating, Flooring, Electricity Backup, Waste Disposal, Floors, Other Main Features, Furnished","Bedrooms: 4, Bathrooms: 4, Servant Quarters, Drawing Room, Dining Room, Kitchens, Study Room, Prayer Room, Powder Room, Gym, Store Rooms, Steam Room, Lounge or Sitting Room, Laundry Room, Other Rooms","Broadband Internet Access, Satellite or Cable TV Ready, Intercom, Other Business and Communication Facilities","Community Lawn or Garden, Community Swimming Pool, Community Gym, First Aid or Medical Centre, Day Care Centre, Kids Play Area, Barbeque Area, Mosque, Community Centre, Other Community Facilities","Lawn or Garden, Swimming Pool, Sauna, Jacuzzi, Other Healthcare and Recreation Facilities","Nearby Schools, Nearby Hospitals, Nearby Shopping Malls, Nearby Restaurants, Distance From Airport (kms), Nearby Public Transport Service, Other Nearby Places","Maintenance Staff, Security Staff, Facilities for Disabled, Other Facilities",,,
https://www.zameen.com/Property/islamabad_top_city_1_studio_apartment_for_sale_in_top_city_1_islamabad-53212293-1383-1.html,Flat,PKR29 Lakh,-,1 Marla,For Sale,-,2 months ago,"Top City 1, Islamabad, Islamabad Capital",studio apartment for sale in top city 1 Islamabad open kitchen attach bath Room 232 square feet 15k rent out,"Lobby in Building, Double Glazed Windows, Central Air Conditioning, Central Heating, Waste Disposal, Service Elevators in Building, Furnished","Drawing Room, Dining Room, Study Room, Prayer Room, Powder Room, Gym, Steam Room, Lounge or Sitting Room, Laundry Room","Broadband Internet Access, Satellite or Cable TV Ready, Business Center or Media Room in Building, Conference Room in Building, Intercom, ATM Machines","Community Lawn or Garden, First Aid or Medical Centre, Day Care Centre, Kids Play Area, Barbeque Area, Mosque, Community Centre","Sauna, Jacuzzi","Nearby Schools, Nearby Hospitals, Nearby Shopping Malls, Nearby Restaurants, Distance From Airport (kms), Nearby Public Transport Service, Other Nearby Places","Security Staff, Other Facilities",,,
https://www.zameen.com/Property/bahria_enclave_bahria_enclave_-_sector_c1_2_bed_apartment_for_sale_beautiful_location_in_sector_c1_bahria_enclave_islamabad-45806634-11987-1.html,Flat,PKR1.05 Crore,2,4.7 Marla,For Sale,2,3 days ago,"Bahria Town, Islamabad, Islamabad Capital",2 Bed Apartment With Attached Washrooms Size 1050 Sq Feet Margalla Face Tv Lounge Balcony 1 Kitchen Call Us For More Details.,"Built in year: 2023, Parking Spaces: 2, Lobby in Building, Double Glazed Windows, Central Air Conditioning, Central Heating, Flooring, Electricity Backup, Waste Disposal, Floor: 2, Floors in Building: 5, Elevators: 1, Service Elevators in Building, Other Main Features, Furnished","Bedrooms: 2, Bathrooms: 2, Servant Quarters: 1, Drawing Room, Dining Room, Kitchens: 1, Study Room, Prayer Room, Powder Room, Gym, Store Rooms: 1, Steam Room, Lounge or Sitting Room, Laundry Room, Other Rooms","Broadband Internet Access, Satellite or Cable TV Ready, Business Center or Media Room in Building, Conference Room in Building, Intercom, ATM Machines, Other Business and Communication Facilities","Community Lawn or Garden, Community Swimming Pool, Community Gym, First Aid or Medical Centre, Day Care Centre, Kids Play Area, Barbeque Area, Mosque, Community Centre, Other Community Facilities","Sauna, Jacuzzi, Other Healthcare and Recreation Facilities","Nearby Schools, Nearby Hospitals, Nearby Shopping Malls, Nearby Restaurants, Distance From Airport (kms), Nearby Public Transport Service, Other Nearby Places","Maintenance Staff, Security Staff, Facilities for Disabled, Pets Allowed, Other Facilities",,,
https://www.zameen.com/Property/top_city_1_top_city_1_-_block_a_a_block_10_marla_brand_new_house_for_sale-52836036-9231-1.html,House,PKR4.6 Crore,6,10 Marla,For Sale,5,3 weeks ago,"Top City 1, Islamabad, Islamabad Capital","A Block 10 Marla House for Sale 10 Marla House for Sale Elegant & Spacious Living Discover this beautifully designed 10 Marla house, offering a perfect blend of elegance and modern comfort. Located in a prime residential area, this home is ideal for families looking for luxury, space, and a peaceful environment. Property Features: Classic Architectural Design with premium finishing Spacious Bedrooms with attached modern bathrooms Grand Drawing & Dining Room for formal gatherings Stylish TV Lounge for comfortable family time Modern Kitchen with high-quality fittings Beautiful Lawn & Terrace for a refreshing outdoor experience Car Parking Space for multiple vehicles Secure & Peaceful Neighborhood with all essential amenities","Built in year: 2025, Parking Spaces: 2, Double Glazed Windows, Flooring, Floors: 2","Bedrooms: 5, Bathrooms: 6, Servant Quarters: 1, Drawing Room, Dining Room, Kitchens: 2, Study Room, Prayer Room, Powder Room, Store Rooms: 1, Lounge or Sitting Room",,"Community Lawn or Garden, Community Gym, First Aid or Medical Centre, Day Care Centre, Kids Play Area, Mosque, Community Centre",Lawn or Garden,"Nearby Schools, Nearby Restaurants, Nearby Public Transport Service","Maintenance Staff, Security Staff, Facilities for Disabled",,,
https://www.zameen.com/Property/islamabad_top_city_1_10_marla_brand_new_house_for_sale-52995042-1383-1.html,House,PKR4.15 Crore,6,10 Marla,For Sale,5,2 weeks ago,"Top City 1, Islamabad, Islamabad Capital","Top City D Block Beautiful 10 Marla house available for sale near Motorway, Kashmir Highway, and Islamabad Airport. The house offers modern construction, spacious bedrooms with attached baths, stylish kitchen, wide car porch, and elegant interiors. Perfect choice for comfortable family living and a secure investment.","Built in year: 2025, Parking Spaces: 2, Double Glazed Windows, Central Air Conditioning, Central Heating, Flooring, Electricity Backup, Waste Disposal, Floors: 2, Other Main Features, Furnished","Bedrooms: 5, Bathrooms: 6, Servant Quarters: 1, Drawing Room, Dining Room, Kitchens: 2, Study Room, Prayer Room, Powder Room, Gym, Store Rooms: 1, Steam Room, Lounge or Sitting Room, Laundry Room, Other Rooms","Broadband Internet Access, Satellite or Cable TV Ready, Intercom, Other Business and Communication Facilities","Community Lawn or Garden, Community Swimming Pool, Community Gym, First Aid or Medical Centre, Day Care Centre, Kids Play Area, Barbeque Area, Mosque, Community Centre, Other Community Facilities","Lawn or Garden, Swimming Pool, Sauna, Jacuzzi, Other Healthcare and Recreation Facilities","Nearby Schools, Nearby Hospitals, Nearby Shopping Malls, Nearby Restaurants, Distance From Airport (kms), Nearby Public Transport Service, Other Nearby Places","Maintenance Staff, Security Staff, Facilities for Disabled, Other Facilities",,,
https://www.zameen.com/Property/islamabad_e-7_exquisite_7-bed_home_in_exclusive_e-7_locale_-_cda_transfer-50169213-343-1.html,House,PKR45 Crore,-,1.6 Kanal,For Sale,7,1 week ago,"E-7, Islamabad, Islamabad Capital","Step Into Opulence With This Exquisite 7-Bedroom, 7-Bathroom Residence Nestled In The Exclusive E-7 Sector. Featuring 2 Dining Areas, 2 TV Lounges, And 2 Kitchens, This Home Offers Unparalleled Comfort And Functionality. Boasting A Prime Location And CDA Transfer, This Property Is A Testament To Refined Living. Priced At 42 Crores, This Leviable House Is An Embodiment Of Sophistication. Explore Luxury Living At Its Finest - Contact Us Now To Schedule A Viewing And Discover More Exclusive Options In The Coveted F-Sectors.","Built in year: 2018, Parking Spaces, Double Glazed Windows, Central Air Conditioning, Central Heating, Flooring, Electricity Backup, Waste Disposal, Other Main Features","Bedrooms: 7, Bathrooms: 7, Servant Quarters: 1, Drawing Room, Dining Room, Kitchens: 2, Study Room, Prayer Room, Powder Room, Store Rooms: 1, Steam Room, Lounge or Sitting Room, Laundry Room, Other Rooms","Broadband Internet Access, Satellite or Cable TV Ready, Intercom","Community Lawn or Garden, Community Swimming Pool, Community Gym, First Aid or Medical Centre, Day Care Centre, Kids Play Area, Barbeque Area, Mosque, Community Centre",,"Nearby Schools, Nearby Hospitals, Nearby Shopping Malls, Nearby Restaurants, Distance From Airport (kms), Nearby Public Transport Service, Other Nearby Places","Maintenance Staff, Security Staff, Facilities for Disabled, Other Facilities",,,
https://www.zameen.com/Property/islamabad_e-7_gomal_road_house_available_for_sale_on_investor_price-50325893-343-1.html,House,PKR65 Crore,4,2.1 Kanal,For Sale,8,1 week ago,"E-7, Islamabad, Islamabad Capital",main gomal road house available for sale on investor price size 1066 sq yard cda transfer demand 65 cr,"Built in year: 2025, Parking Spaces: 5, Double Glazed Windows, Central Air Conditioning, Central Heating, Flooring, Electricity Backup, Waste Disposal, Floors: 2, Other Main Features, Furnished","Bedrooms: 8, Bathrooms: 9, Servant Quarters: 2, Drawing Room, Dining Room, Kitchens: 2, Study Room, Prayer Room, Powder Room, Gym, Store Rooms: 2, Steam Room, Lounge or Sitting Room, Laundry Room, Other Rooms","Broadband Internet Access, Satellite or Cable TV Ready, Intercom, Other Business and Communication Facilities","Community Lawn or Garden, Community Swimming Pool, Community Gym, First Aid or Medical Centre, Day Care Centre, Kids Play Area, Barbeque Area, Mosque, Community Centre, Other Community Facilities","Sauna, Jacuzzi, Other Healthcare and Recreation Facilities","Nearby Schools, Nearby Hospitals, Nearby Shopping Malls, Nearby Restaurants, Distance From Airport (kms), Nearby Public Transport Service, Other Nearby Places","Maintenance Staff, Security Staff, Facilities for Disabled, Other Facilities",,,
https://www.zameen.com/Property/islamabad_islamabad_expressway_flat_in_executive_suites_on_easy_instalments-50471206-9014-1.html,Flat,PKR1.02 Crore,1,1.8 Marla,For Sale,-,5 days ago,"Islamabad Expressway, Islamabad, Islamabad Capital","Designed on the live, work, shop play philosophy The IMARAT Downtown is home to excellent business, leisure and wellness facilities Endless Exciting opportunities","Built in year: 2020, Parking Spaces, Double Glazed Windows, Central Air Conditioning, Central Heating, Flooring, Electricity Backup, Waste Disposal, Floor, Floors in Building: 17, Elevators, Service Elevators in Building, Other Main Features","Bedrooms: 6, Bathrooms: 6, Servant Quarters: 1, Drawing Room, Dining Room, Kitchens: 2, Study Room, Prayer Room, Powder Room, Store Rooms: 1, Lounge or Sitting Room, Laundry Room, Other Rooms","Broadband Internet Access, Satellite or Cable TV Ready, Business Center or Media Room in Building, Conference Room in Building, Intercom, ATM Machines, Other Business and Communication Facilities","Community Lawn or Garden, Community Swimming Pool, Community Gym, First Aid or Medical Centre, Day Care Centre, Kids Play Area, Barbeque Area, Mosque, Community Centre, Other Community Facilities","Sauna, Jacuzzi, Other Healthcare and Recreation Facilities","Nearby Schools, Nearby Hospitals, Nearby Shopping Malls, Nearby Restaurants, Distance From Airport (kms), Nearby Public Transport Service, Other Nearby Places","Maintenance Staff, Security Staff, Other Facilities",PKR25.5 Lakh,PKR4.78 Lakh,16 Months
https://www.zameen.com/Property/islamabad_f-11_prime_location_house_for_sale_in_f11-49329741-163-1.html,House,PKR19.5 Crore,6,1.3 Kanal,For Sale,8,4 weeks ago,"F-11, Islamabad, Islamabad Capital",Beautiful House For Sale In F11 Prime Location Consists Of 8 Bedrooms With Attach Bath Dining And Drawing In Each Floor 2 Servant Quarters 6 To 8 Cars Parking 2 Main Gate Cda Transfer Demand 19.5 Cr,"Built in year: 2020, Parking Spaces, Double Glazed Windows, Central Air Conditioning, Central Heating, Flooring, Electricity Backup, Waste Disposal, Floors, Other Main Features",,Other Business and Communication Facilities,"Mosque, Other Community Facilities",Other Healthcare and Recreation Facilities,"Nearby Schools, Nearby Hospitals, Nearby Shopping Malls, Nearby Restaurants, Distance From Airport (kms), Nearby Public Transport Service, Other Nearby Places","Security Staff, Other Facilities",,,
https://www.zameen.com/Property/islamabad_f-11_brand_new_house_for_sale-46798600-163-1.html,House,PKR25 Crore,6,1.3 Kanal,For Sale,10,4 weeks ago,"F-11, Islamabad, Islamabad Capital","a brand new,beautiful house for sale in f11 on a reasonable price triple story 10 bedroom with bathrooms three side corner 666 sq yard demand 25 cr","Built in year: 2020, Parking Spaces, Double Glazed Windows, Central Air Conditioning, Central Heating, Flooring, Electricity Backup, Waste Disposal, Floors, Other Main Features, Furnished","Bedrooms: 2, Bathrooms: 2, Servant Quarters: 1, Drawing Room, Dining Room, Kitchens: 1, Study Room, Prayer Room, Powder Room, Gym, Store Rooms: 1, Steam Room, Lounge or Sitting Room, Laundry Room, Other Rooms","Broadband Internet Access, Satellite or Cable TV Ready, Intercom, Other Business and Communication Facilities","Community Lawn or Garden, Community Swimming Pool, Community Gym, First Aid or Medical Centre, Day Care Centre, Kids Play Area, Barbeque Area, Mosque, Community Centre, Other Community Facilities","Sauna, Jacuzzi, Other Healthcare and Recreation Facilities","Nearby Schools, Nearby Hospitals, Nearby Shopping Malls, Nearby Restaurants, Distance From Airport (kms), Nearby Public Transport Service, Other Nearby Places","Maintenance Staff, Security Staff, Facilities for Disabled, Other Facilities",,,
https://www.zameen.com/Property/islamabad_f-11_beautiful_house_for_sale-46798413-163-1.html,House,PKR15.5 Crore,6,1 Kanal,For Sale,6,4 weeks ago,"F-11, Islamabad, Islamabad Capital",a beautiful house for sale in f11 /4 size 50 90 (500 sq yard) margalla facing consists of 5 bedrooms with bathroom,"Built in year: 2023, Parking Spaces, Double Glazed Windows, Central Air Conditioning, Central Heating, Flooring, Electricity Backup, Waste Disposal, Floors, Other Main Features, Furnished","Bedrooms: 2, Bathrooms: 2, Servant Quarters: 1, Drawing Room, Dining Room, Kitchens: 1, Study Room, Prayer Room, Powder Room, Gym, Store Rooms: 1, Steam Room, Lounge or Sitting Room, Laundry Room, Other Rooms","Broadband Internet Access, Satellite or Cable TV Ready, Intercom, Other Business and Communication Facilities","Community Lawn or Garden, Community Swimming Pool, Community Gym, First Aid or Medical Centre, Day Care Centre, Kids Play Area, Barbeque Area, Mosque, Community Centre, Other Community Facilities","Lawn or Garden, Sauna, Jacuzzi, Other Healthcare and Recreation Facilities","Nearby Schools, Nearby Hospitals, Nearby Shopping Malls, Nearby Restaurants, Distance From Airport (kms), Nearby Public Transport Service, Other Nearby Places","Maintenance Staff, Security Staff, Facilities for Disabled, Other Facilities",,,
https://www.zameen.com/Property/f_11_f-11_2_800_sq_yards_house_for_sale_in_f-11-43393490-3283-1.html,House,PKR24 Crore,10,1.6 Kanal,For Sale,11,4 weeks ago,"F-11, Islamabad, Islamabad Capital","800 Sq yard (60 x 120), F-11/2 Residential House House is having open front. 2 separate gates on the front of the house. The beautiful house is divided into 3 Different Separate Sets, which can be easily rented out separately if required by the owner. House covered area is approximately 9,500 Sq Ft. with 12 Bedrooms and 12 attached washroom and 2 independent Momties on the Top of the House. Best wood work, Full marble flooring and luxury fitting. An excellent opportunity for investment at this point in time. Golden chance for 3 three brothers to live side by side. Property is situated in the Heart of Islamabad F 11. It s on a very prime location. 800 Sq yard property is rare in F 11 especially the one with good view, Open front Park view different playing grounds and near to valuable Commercial area. The house is just 3 minutes walking distance from Commercial Area and 3 minutes walking distance from main Margalla Road Islamabad. Everything about this house is attractive, from its Strategic location to its Aesthetic Design, all of these factors are crucial for the overall appeal of the house. 1) 12 Bedrooms (6 3 3) which can be divided into 3 different portions (if the owner wants). 2) 12 Washrooms with state of the art imported fitting and Spanish as well as Egyptian tiles. 3) 2 different Momties on the top of the house with BBQ arrangement on the roof top. 4) 3 separate Dining room and 3 beautiful TV lounges for three different portion. 5) Wood work at its best, in room as well as in the kitchen. Solid wooden doors. 6) 3 beautiful separate kitchens designed in each portion - Inter wood design with imported kitchen fittings. 7) Beautiful White Marble Flooring, in the front portion, which adds a nice touch to the overall structure and beautification of the house. 8) The house is equipped with Central Heating Fitting in all rooms. 9)Cameras are installed around the house for Security of the house, along with beautiful Steel grill on all the windows. 10) 2 Car porches with approximately 12 to 15 Cars parking area inside the house. 11) 3 different lush green lawns with different seasonal flowers, giving the entrance of the house a very nice look. 12) Separate servant quarter on the backside of the roof top with attached washroom. 13) 4 Electric meters and 4 Sui Gas meters which can really reduce the monthly Electric & Gas bills. 14) Property is situated in one of Islamabad's most posh area, the house is close to shopping complexes having number of shops ranging from jewelers, mobiles, books, electronics, gift shops, boutiques and banks, as well as a few famous restaurants like Dunkin Donuts, Mac Donald, Tahzeeb Bakery, Pizza Hut, Bareeza, Traditions, Sana Safinaz etc . For recreational purposes, the popular tourist spots Pir Sohawa and Daman-e-Koh are at a few minutes distance. Equipped with reliable water, electricity, and gas connection, it is an ideal location for living. A number of known schools are also located in the vicinity i. e. Beacon House, Supernova etc. A few mosques are also at a convenient distance. In close proximity of the vast grounds of Fatima Jinnah Park, and with a backdrop of the beautiful Margalla Hills, this property is a beautiful home. Overall, the area exudes a sense of organized planning and disciplined construction, thus making it an excellent place to live in with your family. So in order to avail this incredible opportunity.","Double Glazed Windows, Central Air Conditioning, Central Heating, Flooring, Electricity Backup, Waste Disposal","Bedrooms: 12, Bathrooms: 12, Servant Quarters: 1, Drawing Room, Dining Room, Kitchens: 2, Prayer Room, Powder Room, Gym, Store Rooms, Steam Room, Lounge or Sitting Room, Laundry Room","Broadband Internet Access, Satellite or Cable TV Ready, Intercom","Community Lawn or Garden, Community Swimming Pool, Community Gym, First Aid or Medical Centre, Day Care Centre, Kids Play Area, Barbeque Area, Mosque, Community Centre",Lawn or Garden,"Nearby Schools, Nearby Hospitals, Nearby Shopping Malls, Nearby Restaurants, Distance From Airport (kms), Nearby Public Transport Service","Maintenance Staff, Security Staff, Facilities for Disabled",,,
https://www.zameen.com/Property/islamabad_f-11_extra_land_house_for_sale-49350647-163-1.html,House,PKR25 Crore,-,1.3 Kanal,For Sale,9,4 weeks ago,"F-11, Islamabad, Islamabad Capital",A Beautiful House For Sale In F11 With Extra land Of 2 Kanal Triple Story House Sun Facing House 666 Sq Yard (60100) Cda Transfer Single Owner Demand 25 Crore,"Built in year: 2024, Parking Spaces: 5, Double Glazed Windows, Central Air Conditioning, Central Heating, Flooring, Waste Disposal","Bedrooms: 9, Bathrooms: 10, Servant Quarters: 2, Drawing Room, Dining Room, Kitchens: 2, Powder Room, Store Rooms: 2, Lounge or Sitting Room, Laundry Room","Broadband Internet Access, Satellite or Cable TV Ready, Intercom","Community Lawn or Garden, Kids Play Area, Barbeque Area, Mosque",,,,,,
https://www.zameen.com/Property/islamabad_f-11_triple_storey_house_for_sale-49362017-163-1.html,House,PKR25.5 Crore,-,1.6 Kanal,For Sale,-,4 weeks ago,"F-11, Islamabad, Islamabad Capital",triple story House for sale in f11 prime location Corner House 10 bedroom with bathroom 3 drawing and dinning room 2 servant quarters 2 main gates CDA transfer image are just for reference,"Built in year: 2024, Parking Spaces: 5, Double Glazed Windows, Central Air Conditioning, Central Heating, Flooring, Electricity Backup, Waste Disposal, Floors: 2, Other Main Features, Furnished","Bedrooms: 10, Bathrooms: 10, Servant Quarters: 2, Drawing Room, Dining Room, Kitchens: 3, Prayer Room, Powder Room, Store Rooms: 2, Steam Room, Lounge or Sitting Room, Laundry Room","Broadband Internet Access, Satellite or Cable TV Ready, Intercom","Community Lawn or Garden, Kids Play Area, Community Centre",Lawn or Garden,"Nearby Schools, Nearby Hospitals, Nearby Shopping Malls, Nearby Restaurants, Distance From Airport (kms), Nearby Public Transport Service, Other Nearby Places","Security Staff, Other Facilities",,,
https://www.zameen.com/Property/islamabad_f-11_magnificent_6-bed_residence_in_prime_f-11_location_-_cda_transfer-49707459-163-1.html,House,PKR17 Crore,6,1.3 Kanal,For Sale,6,1 month ago,"F-11, Islamabad, Islamabad Capital","Step into opulence with this exquisite 6-bedroom, 6-bathroom residence nestled in the exclusive F-11 sector. Featuring 2 dining areas, 2 TV lounges, and 2 kitchens, this home offers unparalleled comfort and functionality. Boasting a prime location and CDA transfer, this property is a testament to refined living. Priced at 17 crores, this leviable house is an embodiment of sophistication. Explore luxury living at its finest - contact us now to schedule a viewing and discover more exclusive options in the coveted F-sectors.","Built in year: 2023, Parking Spaces: 3, Double Glazed Windows, Central Air Conditioning, Central Heating, Flooring, Electricity Backup, Waste Disposal, Floors: 2, Other Main Features, Furnished","Bedrooms: 6, Bathrooms: 6, Servant Quarters: 1, Drawing Room, Dining Room, Kitchens: 2, Study Room, Prayer Room, Powder Room, Gym, Store Rooms: 1, Steam Room, Lounge or Sitting Room, Laundry Room","Broadband Internet Access, Satellite or Cable TV Ready, Intercom","Community Lawn or Garden, Community Swimming Pool, Community Gym, First Aid or Medical Centre, Day Care Centre, Kids Play Area, Barbeque Area, Mosque, Community Centre","Lawn or Garden, Swimming Pool, Sauna, Jacuzzi","Nearby Schools, Nearby Hospitals, Nearby Shopping Malls, Nearby Restaurants, Distance From Airport (kms), Nearby Public Transport Service, Other Nearby Places","Maintenance Staff, Security Staff, Facilities for Disabled, Other Facilities",,,
https://www.zameen.com/Property/gulberg_greens_diamond_mall_residency_1_bedroom_apartment_available_for_sale_in_diamond_mall_amp_amp_amp_residency_gulberg_greens-53251763-10982-1.html,Flat,PKR1.05 Crore,1,2.4 Marla,For Sale,1,3 weeks ago,"Gulberg, Islamabad, Islamabad Capital","1 Bedroom Apartment Available For Sale In Gulberg Greens Good food, good life and everything in between can be yours in Islamabad. At a price of Rs. 10500000 such a deal may be hard to come again. You can buy your 537 Square Feet unit and enjoy a comfortable family life close to all kinds of facilities. This Diamond Mall & Residency is currently among the top of our properties. This Flat has good value for money. Yes, you heard right. The opportunity to own a home awaits your decision with many suitable properties available for sale. Find out more details about the property with the following. Not all families need a separate dining parlour but this property has one, in case you like to make mealtimes special. You can find a professional security services team that guards the building 24/7. An adjoining drawing room also comes with the property to complete your home. A Flat that comes with a space for study room allows greater room to set a private corner. If you are religiously inclined, a prayer room in the Flat will be perfect to offer your prayers in peace and seclusion. Having a powder room in the home is a great additional feature. The daily waste disposal service ensures a clean environment. No need to hesitate. Contact us now for more information.","Built in year: 2023, Parking Spaces, Double Glazed Windows, Central Air Conditioning, Central Heating, Flooring, Electricity Backup, Waste Disposal, Floors in Building: 8, Elevators, Service Elevators in Building, Other Main Features, Furnished","Bedrooms: 5, Bathrooms: 7, Servant Quarters: 1, Drawing Room, Dining Room, Kitchens: 2, Study Room, Prayer Room, Powder Room, Gym, Store Rooms: 2, Steam Room, Lounge or Sitting Room, Laundry Room, Other Rooms","Broadband Internet Access, Satellite or Cable TV Ready, Intercom, Other Business and Communication Facilities","Community Lawn or Garden, Community Swimming Pool, Community Gym, First Aid or Medical Centre, Day Care Centre, Kids Play Area, Barbeque Area, Mosque, Community Centre, Other Community Facilities","Sauna, Jacuzzi, Other Healthcare and Recreation Facilities","Nearby Schools, Nearby Hospitals, Nearby Shopping Malls, Nearby Restaurants, Distance From Airport (kms), Nearby Public Transport Service, Other Nearby Places","Maintenance Staff, Security Staff, Facilities for Disabled, Other Facilities",,,
https://www.zameen.com/Property/i_10_i-10_4_i-10_4_beautiful_house_7_bed_park_facing-53331393-3423-1.html,House,PKR5.25 Crore,6,5 Marla,For Sale,7,4 weeks ago,"I-10, Islamabad, Islamabad Capital","I-10/4 7 Bed 7 Bath 3 Storey Marble Floor Wood Work Very Nice 3 D/D 3 TV Lounge Park Facing The House is a truly well-thought out property, best for those with a fine taste in architectures. The House for sale is a great deal considering it comes with many facilities. This is why veteran investors and classified buyers pick I-10/4 to buy property. The current market conditions makes the deal fairly attractive for buyers eyeing property in Islamabad. This House worth Rs. 55000000 is an ideal option for you. 5 Marla unit options are limited, so hurry up before it's too late. A few highlighting features of the property are as follows. The society's waste disposal system ensures cleanliness at all times. The House has a spacious lawn area where the kids can play without any safety concerns. To schedule an appointment, you can contact us on the given numbers.","Built in year: 2021, Parking Spaces, Double Glazed Windows, Central Air Conditioning, Central Heating, Flooring, Electricity Backup, Waste Disposal, Floors: 3, Other Main Features, Furnished","Bedrooms: 1, Bathrooms: 3, Servant Quarters: 1, Drawing Room, Dining Room, Kitchens: 1, Study Room, Prayer Room, Powder Room, Gym, Store Rooms: 1, Steam Room, Lounge or Sitting Room, Laundry Room, Other Rooms","Broadband Internet Access, Satellite or Cable TV Ready, Intercom, Other Business and Communication Facilities","Community Lawn or Garden, Community Swimming Pool, Community Gym, First Aid or Medical Centre, Day Care Centre, Kids Play Area, Barbeque Area, Mosque, Community Centre, Other Community Facilities","Sauna, Jacuzzi, Other Healthcare and Recreation Facilities","Nearby Schools, Nearby Hospitals, Nearby Shopping Malls, Nearby Restaurants, Distance From Airport (kms), Nearby Public Transport Service, Other Nearby Places","Maintenance Staff, Security Staff, Facilities for Disabled, Other Facilities",,,
https://www.zameen.com/Property/gulberg_gulberg_greens_spacious_2_bedroom_apartment_neat_and_clean_for_sale-53274166-8312-1.html,Flat,PKR1.1 Crore,2,3.8 Marla,For Sale,2,3 weeks ago,"Gulberg, Islamabad, Islamabad Capital",850 Square Feet Spacious Apartment Each Room Is Properly Ventilated Separate Kitchen 3rd Floor Elevators Available Direct Deal With Owner Call For Details,"Built in year: 2022, Parking Spaces, Lobby in Building, Double Glazed Windows, Central Air Conditioning, Central Heating, Flooring, Electricity Backup, Waste Disposal, Floor: 3, Floors in Building: 5, Elevators, Service Elevators in Building, Other Main Features, Furnished","Bedrooms: 2, Bathrooms: 2, Drawing Room, Dining Room, Kitchens, Study Room, Prayer Room, Powder Room, Gym, Store Rooms: 1, Steam Room, Lounge or Sitting Room, Laundry Room, Other Rooms","Broadband Internet Access, Satellite or Cable TV Ready, Business Center or Media Room in Building, Conference Room in Building, Intercom, Other Business and Communication Facilities","Community Lawn or Garden, Community Swimming Pool, Community Gym, First Aid or Medical Centre, Day Care Centre, Kids Play Area, Barbeque Area, Mosque, Community Centre, Other Community Facilities","Sauna, Jacuzzi, Other Healthcare and Recreation Facilities","Nearby Schools, Nearby Hospitals, Nearby Shopping Malls, Nearby Restaurants, Distance From Airport (kms), Nearby Public Transport Service, Other Nearby Places","Maintenance Staff, Security Staff, Laundry or Dry Cleaning Facility, Communal/Shared Kitchen, Facilities for Disabled, Other Facilities",,,
https://www.zameen.com/Property/b_17_mpchs_-_multi_gardens_prime_location_2bhk_payment_big_balcony_elevator_security_reasonable_price_in_mpchs_b-17-53153445-3115-1.html,Flat,PKR65 Lakh,2,3.8 Marla,For Sale,2,2 weeks ago,"B-17, Islamabad, Islamabad Capital",2BHK available for sale *Size 850 square ft *2Bedrooms *1Big Separate kitchen *Big hall For more details call or what's app,"Built in year: 2023, Parking Spaces: 1, Lobby in Building, Double Glazed Windows, Central Air Conditioning, Central Heating, Flooring, Electricity Backup, Waste Disposal, Floor: 4, Floors in Building: 5, Elevators: 1, Service Elevators in Building, Other Main Features","Bedrooms: 2, Bathrooms: 2, Servant Quarters: 1, Drawing Room, Dining Room, Kitchens: 1, Study Room, Prayer Room, Powder Room, Gym, Store Rooms: 2, Steam Room, Lounge or Sitting Room, Laundry Room, Other Rooms","Broadband Internet Access, Satellite or Cable TV Ready, Business Center or Media Room in Building, Conference Room in Building, Intercom, ATM Machines, Other Business and Communication Facilities","Community Lawn or Garden, Community Swimming Pool, Community Gym, First Aid or Medical Centre, Day Care Centre, Kids Play Area, Barbeque Area, Mosque, Community Centre, Other Community Facilities","Sauna, Jacuzzi, Other Healthcare and Recreation Facilities","Nearby Schools, Nearby Hospitals, Nearby Shopping Malls, Nearby Restaurants, Distance From Airport (kms), Nearby Public Transport Service, Other Nearby Places","Maintenance Staff, Security Staff, Laundry or Dry Cleaning Facility, Facilities for Disabled, Pets Allowed, Other Facilities",,,
https://www.zameen.com/Property/emaar_canyon_views_emaar_canyon_views_-_alma_1_block_emaar_canyon_views_dha_5_good_condition_townhome_just_like_new_islamabad_expressway-53179903-16773-1.html,House,PKR4.4 Crore,4,14 Marla,For Sale,4,2 weeks ago,"Emaar Canyon Views, Islamabad, Islamabad Capital",good location with extra land Alma for sale 3 bedroom and an extra room back open new washrooms good location,"Built in year, Parking Spaces: 1, Double Glazed Windows, Central Air Conditioning, Central Heating, Flooring, Electricity Backup, Waste Disposal, Floors: 2, Other Main Features, Furnished","Bedrooms: 3, Bathrooms: 4, Servant Quarters: 1, Drawing Room, Dining Room, Kitchens: 1, Study Room, Prayer Room, Powder Room, Gym, Store Rooms: 1, Steam Room, Lounge or Sitting Room, Laundry Room, Other Rooms","Broadband Internet Access, Satellite or Cable TV Ready, Intercom, Other Business and Communication Facilities","Community Lawn or Garden, Community Swimming Pool, Community Gym, First Aid or Medical Centre, Day Care Centre, Kids Play Area, Barbeque Area, Mosque, Community Centre, Other Community Facilities","Sauna, Jacuzzi, Other Healthcare and Recreation Facilities","Nearby Schools, Nearby Hospitals, Nearby Shopping Malls, Nearby Restaurants, Distance From Airport (kms), Nearby Public Transport Service, Other Nearby Places","Maintenance Staff, Security Staff, Facilities for Disabled, Other Facilities",,,
https://www.zameen.com/Property/islamabad_emaar_canyon_views_brand_new_villa_in_emaar_canyon_views_with_huge_plot_size_dha_5_sector_e_islamabad-53180008-8370-1.html,House,PKR7.5 Crore,5,1.5 Kanal,For Sale,5,1 week ago,"Emaar Canyon Views, Islamabad, Islamabad Capital",Brand New Emaar Canyon View Villa 29 Marla Plot Size 5 Bedroom Never Occupied Good L Location And Going Cheap,"Built in year: 2024, Parking Spaces: 3, Double Glazed Windows, Central Air Conditioning, Central Heating, Flooring, Electricity Backup, Waste Disposal, Other Main Features, Furnished","Bedrooms: 5, Bathrooms: 6, Servant Quarters: 1, Drawing Room, Dining Room, Kitchens: 1, Study Room, Prayer Room, Powder Room, Gym, Store Rooms: 1, Steam Room, Lounge or Sitting Room, Laundry Room, Other Rooms","Broadband Internet Access, Satellite or Cable TV Ready, Intercom, Other Business and Communication Facilities","Community Lawn or Garden, Community Swimming Pool, Community Gym, First Aid or Medical Centre, Day Care Centre, Kids Play Area, Barbeque Area, Mosque, Community Centre, Other Community Facilities","Sauna, Jacuzzi, Other Healthcare and Recreation Facilities","Nearby Schools, Nearby Hospitals, Nearby Shopping Malls, Nearby Restaurants, Distance From Airport (kms), Nearby Public Transport Service, Other Nearby Places","Maintenance Staff, Security Staff, Facilities for Disabled, Other Facilities",,,
https://www.zameen.com/Property/islamabad_f-10_beautiful_house_for_sale_with_extra_land-45684823-162-1.html,House,PKR16 Crore,5,1 Kanal,For Sale,5,13 hours ago,"F-10, Islamabad, Islamabad Capital","beautiful house for sale with extra land of a prime location of F10 consist of 4 bedroom with bathroom 4 to 6 cars parking We offer you just the right House to purchase. We can help you buy this property. If you are looking for 4599 Square Feet property, you've come to the right place. If you are on a budget, then the property at a price of PKR Rs. 140,000,000 is your best bet. Filled with optimum potential, the location of F-10 is sure to become a hotspot in near future. Owning a House in the affluent city of F-10 is just the right next step for someone who's looking to expand their investment avenues. For more details about the property, our numbers and web form are given.","Parking Spaces: 5, Double Glazed Windows, Central Air Conditioning, Central Heating, Flooring, Waste Disposal","Servant Quarters, Drawing Room, Dining Room, Study Room",,,,"Nearby Schools, Nearby Hospitals, Nearby Restaurants",,,,
https://www.zameen.com/Property/islamabad_f-10_triple_story_house_house_available_for_sale-50322802-162-1.html,House,PKR16 Crore,7,1.1 Kanal,For Sale,7,13 hours ago,"F-10, Islamabad, Islamabad Capital",Triple Story House Available For Sale In F10 Prime Location Cda Transfer Closed End Street Demand 15 Crore,"Parking Spaces: 5, Flooring, Waste Disposal, Floors: 3","Bedrooms: 7, Bathrooms: 8, Servant Quarters: 2, Drawing Room, Dining Room, Kitchens: 2, Study Room, Prayer Room, Powder Room, Store Rooms: 2, Lounge or Sitting Room, Laundry Room",,,,"Nearby Schools, Nearby Hospitals, Nearby Shopping Malls, Nearby Restaurants, Distance From Airport (kms), Nearby Public Transport Service, Other Nearby Places","Security Staff, Other Facilities",,,
https://www.zameen.com/Property/islamabad_f-10_investor_price_house_available_for_sale-50282473-162-1.html,House,PKR18 Crore,4,1.1 Kanal,For Sale,5,13 hours ago,"F-10, Islamabad, Islamabad Capital",investor price house available for sale in f10 size 50 by 100 (555sq yard) prime location single owner cda transfer,"Built in year, Parking Spaces: 4, Double Glazed Windows, Central Air Conditioning, Central Heating, Flooring, Electricity Backup, Waste Disposal, Floors: 2, Other Main Features, Furnished","Bedrooms: 5, Bathrooms: 5, Servant Quarters, Drawing Room, Dining Room, Kitchens: 1, Study Room, Prayer Room, Powder Room, Gym, Store Rooms: 1, Steam Room, Lounge or Sitting Room, Laundry Room, Other Rooms","Broadband Internet Access, Satellite or Cable TV Ready, Intercom, Other Business and Communication Facilities","Community Lawn or Garden, Community Swimming Pool, Community Gym, First Aid or Medical Centre, Day Care Centre, Kids Play Area, Barbeque Area, Mosque, Community Centre, Other Community Facilities","Lawn or Garden, Swimming Pool, Sauna, Jacuzzi, Other Healthcare and Recreation Facilities","Nearby Schools, Nearby Hospitals, Nearby Shopping Malls, Nearby Restaurants, Distance From Airport (kms), Nearby Public Transport Service, Other Nearby Places","Maintenance Staff, Security Staff, Facilities for Disabled, Other Facilities",,,
https://www.zameen.com/Property/islamabad_f-8_f-8_cornee_house_for_sale_on_very_prime_location-52707573-166-1.html,House,PKR77 Crore,6,3.6 Kanal,For Sale,9,2 months ago,"F-8, Islamabad, Islamabad Capital",F-8 HOUSE FOR SALE SIZE 1777 SQYDS 160+100 18 BEDROOMS,"Built in year: 2025, Parking Spaces: 2, Double Glazed Windows, Central Air Conditioning, Central Heating, Flooring, Electricity Backup, Waste Disposal, Floors: 2, Other Main Features, Furnished","Bedrooms: 3, Bathrooms: 3, Servant Quarters: 2, Drawing Room, Dining Room, Kitchens: 2, Study Room, Prayer Room, Powder Room, Gym, Store Rooms: 1, Steam Room, Lounge or Sitting Room, Laundry Room, Other Rooms","Broadband Internet Access, Satellite or Cable TV Ready, Intercom, Other Business and Communication Facilities","Community Lawn or Garden, Community Swimming Pool, Community Gym, First Aid or Medical Centre, Day Care Centre, Kids Play Area, Barbeque Area, Mosque, Community Centre, Other Community Facilities","Lawn or Garden, Swimming Pool, Sauna, Jacuzzi, Other Healthcare and Recreation Facilities","Nearby Schools, Nearby Hospitals, Nearby Shopping Malls, Nearby Restaurants, Distance From Airport (kms), Nearby Public Transport Service, Other Nearby Places","Maintenance Staff, Security Staff, Facilities for Disabled, Other Facilities",,,
https://www.zameen.com/Property/islamabad_f-11_magnificent_5-bed_residence_in_prime_f-11_location_-_cda_transfer-49707643-163-1.html,House,PKR15 Crore,6,1 Kanal,For Sale,5,4 weeks ago,"F-11, Islamabad, Islamabad Capital","Step Into Opulence With This Exquisite 5-Bedroom, 6-Bathroom Residence Nestled In The Exclusive F-11 Sector. Featuring 2 Dining Areas, 2 TV Lounges, And 2 Kitchens, This Home Offers Unparalleled Comfort And Functionality. Boasting A Prime Location And CDA Transfer, This Property Is A Testament To Refined Living. Priced At 15 Crores, This Leviable House Is An Embodiment Of Sophistication. Explore Luxury Living At Its Finest - Contact Us Now To Schedule A Viewing And Discover More Exclusive Options In The Coveted F-Sectors.","Built in year: 2024, Parking Spaces: 5, Double Glazed Windows, Central Air Conditioning, Central Heating, Flooring, Electricity Backup, Waste Disposal, Floors: 2, Other Main Features","Bedrooms: 5, Bathrooms: 6, Servant Quarters: 1, Drawing Room, Dining Room, Kitchens: 2, Study Room, Prayer Room, Powder Room, Gym, Store Rooms: 2, Steam Room, Lounge or Sitting Room, Laundry Room, Other Rooms","Broadband Internet Access, Satellite or Cable TV Ready, Intercom, Other Business and Communication Facilities","Community Lawn or Garden, Community Swimming Pool, Community Gym, First Aid or Medical Centre, Day Care Centre, Kids Play Area, Barbeque Area, Mosque, Community Centre, Other Community Facilities","Lawn or Garden, Swimming Pool, Sauna, Jacuzzi, Other Healthcare and Recreation Facilities","Nearby Schools, Nearby Hospitals, Nearby Shopping Malls, Nearby Restaurants, Distance From Airport (kms), Nearby Public Transport Service, Other Nearby Places","Security Staff, Other Facilities",,,
https://www.zameen.com/Property/f_11_f-11_4_brand_new_house_available_for_sale_in_f11_4-49981128-3285-1.html,House,PKR18 Crore,6,1 Kanal,For Sale,5,1 month ago,"F-11, Islamabad, Islamabad Capital","Details: 1. Size 511 sqyrds. 2. Margla facing. 3. Small closed end street. 4. Convient approach from Major road. 5. Walking distance from f11 Markaz. 6. Accomodation; having 5 bed rooms with attached bathroom and a study room , kitchen, d+d & Lounge, study room, laundry, seprate gates, drive ways. There is a decent lawn in front of the house. Two servant quarters. Tiles floorings, solid wood doors and cabnit, neat and clean wash rooms and the kitchens. 7. owner living 8. Monthly rent is approx. 5 Lacs per month. 9. Single owner 10 CDA transfer. 11.18 crs","Built in year: 2024, Parking Spaces: 5, Double Glazed Windows, Central Air Conditioning, Central Heating, Flooring, Electricity Backup, Waste Disposal, Floors: 2, Other Main Features, Furnished","Bedrooms: 5, Bathrooms: 6, Servant Quarters: 2, Drawing Room, Dining Room, Kitchens: 1, Study Room, Prayer Room, Powder Room, Gym, Store Rooms: 2, Steam Room, Lounge or Sitting Room, Laundry Room, Other Rooms","Broadband Internet Access, Satellite or Cable TV Ready, Intercom, Other Business and Communication Facilities","Community Lawn or Garden, Community Swimming Pool, Community Gym, First Aid or Medical Centre, Day Care Centre, Kids Play Area, Barbeque Area, Mosque, Community Centre, Other Community Facilities","Lawn or Garden, Swimming Pool, Sauna, Jacuzzi, Other Healthcare and Recreation Facilities","Nearby Schools, Nearby Hospitals, Nearby Shopping Malls, Nearby Restaurants, Distance From Airport (kms), Nearby Public Transport Service, Other Nearby Places","Maintenance Staff, Security Staff, Facilities for Disabled",,,
https://www.zameen.com/Property/d_12_d-12_3_on_excellent_location_house_of_4_marla_in_d-12_3_is_available-52611959-3156-1.html,House,PKR4 Crore,4,4 Marla,For Sale,3,2 weeks ago,"D-12, Islamabad, Islamabad Capital","Brand New House For Sale Located At Prime Location Of D-12/3 Islamabad Size ( 25 X 40 ) 4 Marla Great Opportunity For You, Don't Miss It. . . original Pictures Attached About The Property: 3 Bedrooms 4 Washrooms 1 Kitchens 2 Tv Lounge 1 Sarvant Quarter 1 Car Parking Tile Flooring Ideal Locality Electricity & Meters Are Available Water Boring Running & Also Water Supply Facility Available All Facilities Are Available Which Is The Need Of Living Near To Main Double Road And Kashmir Highway Near To School, college, market, masjid public Transport, hospitals And Etc. Located In One Of The Best Locations Of D-12 Islamabad just Call Us For Visit. . . .","Built in year: 2025, Parking Spaces: 1, Double Glazed Windows, Central Air Conditioning, Central Heating, Flooring, Electricity Backup, Waste Disposal, Floors: 2, Other Main Features, Furnished","Bedrooms: 4, Bathrooms: 5, Servant Quarters: 1, Drawing Room, Dining Room, Kitchens: 2, Study Room, Prayer Room, Powder Room, Gym, Store Rooms, Steam Room, Lounge or Sitting Room, Laundry Room, Other Rooms","Broadband Internet Access, Satellite or Cable TV Ready, Intercom, Other Business and Communication Facilities","Community Lawn or Garden, Community Swimming Pool, Community Gym, First Aid or Medical Centre, Day Care Centre, Kids Play Area, Barbeque Area, Mosque, Community Centre, Other Community Facilities","Lawn or Garden, Swimming Pool, Sauna, Jacuzzi, Other Healthcare and Recreation Facilities","Nearby Schools, Nearby Hospitals, Nearby Shopping Malls, Nearby Restaurants, Distance From Airport (kms), Nearby Public Transport Service, Other Nearby Places","Maintenance Staff, Security Staff, Facilities for Disabled, Other Facilities",,,
https://www.zameen.com/Property/dha_defence_phase_1_dha_phase_1_-_sector_b_studio_apartment_for_sale-53295227-3190-1.html,Flat,PKR88.81 Lakh,1,1.8 Marla,For Sale,-,1 week ago,"DHA Defence, Islamabad, Islamabad Capital","Studio apartments are compact, self-contained living spaces that combine a bedroom, living area, kitchen, and bathroom into a single room. They're ideal for individuals, students, or professionals looking for affordable and convenient housing options. *Key Features:* - *Compact Space*: Typically ranges from 400 to 412 square feet - *Open Layout*: Combined living, bedroom, and kitchen area - *Efficient Design*: Built-in storage, - *Amenities*: Security, parking, gym facilities, and community spaces *Benefits:* - *Affordability*: Often more affordable than larger apartments - *Convenience*: Suitable for central locations, close to work or amenities - *Low Maintenance*: Smaller space means less to clean and maintain for more info feel free to Contect","Built in year: 2025, Parking Spaces: 1, Lobby in Building, Double Glazed Windows, Central Air Conditioning, Central Heating, Flooring, Electricity Backup, Waste Disposal, Floor: 3, Floors in Building: 5, Elevators: 1, Service Elevators in Building, Other Main Features, Furnished","Bedrooms: 1, Bathrooms: 1, Servant Quarters, Drawing Room, Dining Room, Kitchens: 1, Study Room, Prayer Room, Gym, Store Rooms, Lounge or Sitting Room, Other Rooms","Broadband Internet Access, Satellite or Cable TV Ready, Business Center or Media Room in Building, Intercom, ATM Machines, Other Business and Communication Facilities","Community Lawn or Garden, Community Swimming Pool, Community Gym, First Aid or Medical Centre, Day Care Centre, Kids Play Area, Barbeque Area, Mosque, Community Centre, Other Community Facilities","Sauna, Jacuzzi, Other Healthcare and Recreation Facilities","Nearby Schools, Nearby Hospitals, Nearby Shopping Malls, Nearby Restaurants, Distance From Airport (kms), Nearby Public Transport Service, Other Nearby Places","Security Staff, Other Facilities",PKR35.52 Lakh,PKR4.44 Lakh,12 Months
https://www.zameen.com/Property/fechs_jinnah_gardens_single_storey_house_for_sale-53113756-1420-1.html,House,PKR2.4 Crore,3,7 Marla,For Sale,2,1 month ago,"FECHS, Islamabad, Islamabad Capital",7 Marla Single Storey House New Lop Clear Available For Sale,"Built in year: 2025, Parking Spaces: 1, Double Glazed Windows, Central Air Conditioning, Central Heating, Flooring, Electricity Backup, Waste Disposal, Other Main Features","Bedrooms: 02, Bathrooms: 02, Servant Quarters: 1, Drawing Room, Dining Room, Kitchens: 1, Study Room, Prayer Room, Powder Room, Gym, Store Rooms: 1, Steam Room, Lounge or Sitting Room, Laundry Room, Other Rooms","Broadband Internet Access, Satellite or Cable TV Ready, Intercom, Other Business and Communication Facilities","Community Lawn or Garden, Community Swimming Pool, Community Gym, First Aid or Medical Centre, Day Care Centre, Kids Play Area, Barbeque Area, Mosque, Community Centre, Other Community Facilities","Sauna, Jacuzzi, Other Healthcare and Recreation Facilities","Nearby Schools, Nearby Hospitals, Nearby Shopping Malls, Nearby Restaurants, Distance From Airport (kms), Nearby Public Transport Service, Other Nearby Places","Maintenance Staff, Security Staff, Facilities for Disabled, Other Facilities",,,
https://www.zameen.com/Property/islamabad_e-7_e-7_brand_new_house_for_sale-49771436-343-1.html,House,PKR1.3 Arab,-,2.5 Kanal,For Sale,10,2 months ago,"E-7, Islamabad, Islamabad Capital","Marriott Estate And Builders Offer a Ideal House having following properties:- Incoming Rent 19000$ 1. Have 10 bedrooms with attached washrooms. 2. Two advanced kitchens. 3. Two T. V lounges, 4. Drawing room 5. Dining room, 6. Beautiful lawn 7. Terrace, 8. Servant rooms 9. Multiple car parkings 10. Installed air conditioners, 11. Central heating system 12. Water bore. We have also multiple options available for sale and rent in sectors F-6, F-7, F-8, E-7, G-6(3) F-10, F-11 Islamabad For further assistance please contact with us.","Built in year: 2023, Parking Spaces: 5, Double Glazed Windows, Central Air Conditioning, Central Heating, Flooring, Electricity Backup, Waste Disposal, Floors: 2, Other Main Features, Furnished","Bedrooms: 5, Bathrooms: 6, Servant Quarters: 2, Drawing Room, Dining Room, Kitchens: 2, Study Room, Prayer Room, Powder Room, Gym, Store Rooms: 1, Steam Room, Lounge or Sitting Room, Laundry Room, Other Rooms","Broadband Internet Access, Satellite or Cable TV Ready, Intercom, Other Business and Communication Facilities","Community Lawn or Garden, Community Swimming Pool, Community Gym, First Aid or Medical Centre, Day Care Centre, Kids Play Area, Barbeque Area, Mosque, Community Centre, Other Community Facilities","Lawn or Garden, Swimming Pool, Sauna, Jacuzzi, Other Healthcare and Recreation Facilities","Nearby Schools, Nearby Hospitals, Nearby Shopping Malls, Nearby Restaurants, Distance From Airport (kms), Nearby Public Transport Service, Other Nearby Places","Maintenance Staff, Security Staff, Facilities for Disabled, Other Facilities",,,
https://www.zameen.com/Property/f_6_f-6_2_house_for_sale_in_f6_2_on_prime_location_temp_pic-52591031-3300-1.html,House,PKR50 Crore,5,1.2 Kanal,For Sale,4,2 months ago,"F-6, Islamabad, Islamabad Capital","Marriott Estate And Builders Offer a Ideal House having following properties:- NOTE TEMP PICTURES INVESTER PRICE 1. Have 6 bedrooms with attached washrooms. 2. Two advanced kitchens. 3. Two T. V lounges, 4. Drawing room 5. Dining room, 6. Beautiful lawn 7. Terrace, 8. Servant rooms 9. Multiple car parkings 10. Installed air conditioners, 11. Central heating system 12. Water bore. We have also multiple options available for sale and rent in sectors F-6, F-7, F-8, E-7, G-6(3) F-10, F-11 Islamabad For further assistance please contact with us.","Built in year: 2022, Parking Spaces: 7, Double Glazed Windows, Central Air Conditioning, Central Heating, Flooring, Electricity Backup, Floors: 3, Furnished","Bedrooms: 4, Bathrooms: 6, Servant Quarters: 2, Drawing Room, Dining Room, Kitchens: 2, Study Room, Prayer Room, Powder Room, Store Rooms: 2, Steam Room, Lounge or Sitting Room, Laundry Room","Broadband Internet Access, Satellite or Cable TV Ready","Community Lawn or Garden, Community Swimming Pool, Community Gym, First Aid or Medical Centre, Day Care Centre, Kids Play Area, Barbeque Area, Mosque, Community Centre","Lawn or Garden, Sauna, Jacuzzi","Nearby Schools, Nearby Hospitals, Nearby Shopping Malls, Nearby Restaurants, Distance From Airport (kms), Nearby Public Transport Service, Other Nearby Places","Maintenance Staff, Security Staff, Facilities for Disabled",,,
https://www.zameen.com/Property/islamabad_e-7_e-7_brand_new_house_for_sale-49330653-343-1.html,House,PKR75 Crore,-,2 Kanal,For Sale,6,2 months ago,"E-7, Islamabad, Islamabad Capital","Marriott Estate And Builders Offer A Ideal House Having Following Properties:- 1. Have 6 Bedrooms With Attached Washrooms. 2. Two Advanced Kitchens. 3. Two T. V Lounges, 4. Drawing Room 5. Dining Room, 6. Beautiful Lawn 7. Terrace, 8. Servant Rooms 9. Multiple Car Parking's 10. Installed Air Conditioners, 11. Central Heating System 12. Water Bore. We Have Also Multiple Options Available For Sale And Rent In Sectors F-6, F-7, F-8, E-7, G-6(3) F-10, F-11 Islamabad For Further Assistance Please Contact With Us.","Built in year: 2016, Parking Spaces: 1, Double Glazed Windows, Central Air Conditioning, Central Heating, Flooring, Electricity Backup, Waste Disposal, Floors: 1, Other Main Features","Bedrooms: 2, Bathrooms: 2, Servant Quarters, Drawing Room, Dining Room, Kitchens: 1, Study Room, Prayer Room, Powder Room, Gym, Store Rooms, Steam Room, Lounge or Sitting Room, Laundry Room, Other Rooms","Broadband Internet Access, Satellite or Cable TV Ready, Intercom, Other Business and Communication Facilities","Community Lawn or Garden, Community Swimming Pool, Community Gym, First Aid or Medical Centre, Day Care Centre, Kids Play Area, Barbeque Area, Mosque, Community Centre, Other Community Facilities","Sauna, Jacuzzi, Other Healthcare and Recreation Facilities","Nearby Schools, Nearby Hospitals, Nearby Shopping Malls, Nearby Restaurants, Distance From Airport (kms), Nearby Public Transport Service, Other Nearby Places","Maintenance Staff, Security Staff, Facilities for Disabled, Other Facilities",,,
https://www.zameen.com/Property/islamabad_f-6_f-6_brand_new_house_for_sale-49332739-164-1.html,House,PKR36 Crore,-,16 Marla,For Sale,7,2 months ago,"F-6, Islamabad, Islamabad Capital","Marriott Estate And Builders Offer A Ideal House Having Following Properties:- 1. Have 6 Bedrooms With Attached Washrooms. 2. Two Advanced Kitchens. 3. Two T. V Lounges, 4. Drawing Room 5. Dining Room, 6. Beautiful Lawn 7. Terrace, 8. Servant Rooms 9. Multiple Car Parkings 10. Installed Air Conditioners, 11. Central Heating System 12. Water Bore. We Have Also Multiple Options Available For Sale And Rent In Sectors F-6, F-7, F-8, E-7, G-6(3) F-10, F-11 Islamabad For Further Assistance Please Contact With Us.","Built in year: 2023, Parking Spaces: 5, Double Glazed Windows, Central Air Conditioning, Central Heating, Flooring, Electricity Backup, Waste Disposal, Floors: 2, Other Main Features, Furnished","Bedrooms: 7, Bathrooms: 8, Servant Quarters: 3, Drawing Room, Dining Room, Kitchens: 2, Study Room, Prayer Room, Powder Room, Gym, Store Rooms, Steam Room, Lounge or Sitting Room, Laundry Room, Other Rooms","Broadband Internet Access, Satellite or Cable TV Ready, Intercom, Other Business and Communication Facilities","Community Lawn or Garden, Community Swimming Pool, Community Gym, First Aid or Medical Centre, Day Care Centre, Kids Play Area, Barbeque Area, Mosque, Community Centre, Other Community Facilities","Lawn or Garden, Swimming Pool, Sauna, Jacuzzi, Other Healthcare and Recreation Facilities","Nearby Schools, Nearby Hospitals, Nearby Shopping Malls, Nearby Restaurants, Distance From Airport (kms), Nearby Public Transport Service, Other Nearby Places","Maintenance Staff, Security Staff, Facilities for Disabled, Other Facilities",,,
https://www.zameen.com/Property/dha_defence_dha_defence_phase_5_prime_location_near_to_masjid_near_to_park_near_to_aps_school-53160227-10991-1.html,House,PKR3.9 Crore,4,5 Marla,For Sale,3,3 weeks ago,"DHA Defence, Islamabad, Islamabad Capital",House For Sale Your Dream Home Awaits! Location: Prime &Amp; Peaceful Area Size: Spacious Design With Modern Architecture,"Built in year: 2025, Double Glazed Windows, Central Air Conditioning, Central Heating, Flooring","Bedrooms: 3, Bathrooms: 4, Servant Quarters: 1, Drawing Room, Dining Room, Kitchens: 2, Study Room, Prayer Room, Powder Room, Lounge or Sitting Room","Broadband Internet Access, Satellite or Cable TV Ready, Intercom","Community Lawn or Garden, Community Swimming Pool, Community Gym, First Aid or Medical Centre, Day Care Centre, Kids Play Area, Barbeque Area, Mosque, Community Centre","Lawn or Garden, Swimming Pool, Sauna, Jacuzzi","Nearby Schools, Nearby Hospitals, Nearby Shopping Malls, Nearby Restaurants, Distance From Airport (kms), Nearby Public Transport Service, Other Nearby Places","Security Staff, Other Facilities",,,
https://www.zameen.com/Property/gt_road_el_cielo_3_bedroom_defence_residency_dha_phase_2_gate_2_islamabad-53047344-10358-1.html,Flat,PKR1.45 Crore,3,6.2 Marla,For Sale,3,3 weeks ago,"GT Road, Islamabad, Islamabad Capital",El cielo tower 3 bedroom Tv lounge Kitchen Store 3 bathroom Balcony Park Parking Size 1400 sqft,,,,,,,,,,
https://www.zameen.com/Property/top_city_1_top_city_1_-_block_d_ideally_located_prime_location_house_for_sale_in_top_city_1_-_block_d_available-53015730-9233-1.html,House,PKR5.6 Crore,-,13 Marla,For Sale,-,3 months ago,"Top City 1, Islamabad, Islamabad Capital","cornor polt Extera lend Unable to find investment opportunities in Islamabad? Check out our listings. This is the best opportunity for you to buy this property at the lowest possible price. The newly constructed House is built keeping in mind the modern day needs. Make use of the best offer available on 13 Marla properties right now. The properties in Top City 1 - Block D will have all the day to day facilities at a close reach. The well-constructed House carries a price tag of PKR Rs. 57500000 and you shouldn't miss this offer. Features of property as follow. Cleanliness is ensured at all times through an effective waste disposal system. Impress your guests with this spacious and gorgeous drawing room. A spacious laundry room is part of the House where you can install your washing machine. For big families, the spacious sitting room that comes with this property is perfect. Feeling stressed? Simply step into the steam room that is part of the House for a few minutes. Central air conditioning in the House can save you from the outside heat. The House has a central heating system installed which is especially useful during winters. For further correspondence about the property, you can fill the form and we'll get in touch.",,,,,,,,,,
https://www.zameen.com/Property/gulberg_residencia_gulberg_residencia_-_block_l_10_marla_corner_house_for_sale_in_gulberg_residencia_islamabad-53166405-9122-1.html,House,PKR5.25 Crore,6,10 Marla,For Sale,5,3 weeks ago,"Gulberg, Islamabad, Islamabad Capital",10 Marla Corner Constructed House Available For Sale In Gulberg Residencia. Near To Masjid Near To Park. 5 Mints Distance From Main Markaz.,"Built in year: 2025, Parking Spaces, Double Glazed Windows, Central Air Conditioning, Central Heating, Flooring, Electricity Backup, Waste Disposal, Floors, Other Main Features, Furnished","Bedrooms: 9, Bathrooms: 10, Servant Quarters, Drawing Room, Dining Room, Kitchens, Study Room, Prayer Room, Powder Room, Gym, Store Rooms, Steam Room, Lounge or Sitting Room, Laundry Room, Other Rooms","Broadband Internet Access, Satellite or Cable TV Ready, Intercom, Other Business and Communication Facilities","Community Lawn or Garden, Community Swimming Pool, Community Gym, First Aid or Medical Centre, Day Care Centre, Kids Play Area, Barbeque Area, Mosque, Community Centre, Other Community Facilities","Lawn or Garden, Swimming Pool, Sauna, Jacuzzi, Other Healthcare and Recreation Facilities","Nearby Schools, Nearby Hospitals, Nearby Shopping Malls, Nearby Restaurants, Distance From Airport (kms), Nearby Public Transport Service, Other Nearby Places","Maintenance Staff, Security Staff, Facilities for Disabled, Other Facilities",,,
https://www.zameen.com/Property/f_8_f-8_3_f-8_brand_new_house_for_sale-49452597-3316-1.html,House,PKR45 Crore,-,17.8 Marla,For Sale,6,2 months ago,"F-8, Islamabad, Islamabad Capital","Marriott Estate And Builders Offer a Ideal House having following properties:- 1. Have 6 bedrooms with attached washrooms. 2. Two advanced kitchens. 3. Two T. V lounges, 4. Drawing room 5. Dining room, 6. Beautiful lawn 7. Terrace, 8. Servant rooms 9. Multiple car parkings 10. Installed air conditioners, 11. Central heating system 12. Water bore. We have also multiple options available for sale and rent in sectors F-6, F-7, F-8, E-7, G-6(3) F-10, F-11 Islamabad For further assistance please contact with us.","Built in year: 2024, Parking Spaces: 7, Double Glazed Windows, Central Air Conditioning, Central Heating, Flooring, Electricity Backup, Waste Disposal, Floors: 3, Other Main Features, Furnished","Bedrooms: 6, Bathrooms: 7, Servant Quarters: 2, Drawing Room, Dining Room, Kitchens: 2, Study Room, Prayer Room, Powder Room, Gym, Store Rooms, Steam Room, Lounge or Sitting Room, Laundry Room, Other Rooms","Broadband Internet Access, Satellite or Cable TV Ready, Intercom, Other Business and Communication Facilities","Community Lawn or Garden, Community Swimming Pool, Community Gym, First Aid or Medical Centre, Day Care Centre, Kids Play Area, Barbeque Area, Mosque, Community Centre, Other Community Facilities","Lawn or Garden, Swimming Pool, Sauna, Jacuzzi, Other Healthcare and Recreation Facilities","Nearby Schools, Nearby Hospitals, Nearby Shopping Malls, Nearby Restaurants, Distance From Airport (kms), Nearby Public Transport Service, Other Nearby Places","Maintenance Staff, Security Staff, Facilities for Disabled, Other Facilities",,,
https://www.zameen.com/Property/islamabad_f-6_f-6_brand_new_house_for_sale-52847953-164-1.html,House,PKR1 Arab,-,2 Kanal,For Sale,7,2 months ago,"F-6, Islamabad, Islamabad Capital",F-6 BRAND NEW HOUSE FOR SALE 7 BEDROOMS,"Built in year, Parking Spaces: 4, Double Glazed Windows, Central Air Conditioning, Central Heating, Flooring, Electricity Backup, Waste Disposal, Floors, Other Main Features, Furnished","Bedrooms: 5, Bathrooms: 6, Servant Quarters: 1, Drawing Room, Dining Room, Kitchens: 2, Study Room, Prayer Room, Powder Room, Gym, Store Rooms: 1, Steam Room, Lounge or Sitting Room, Laundry Room, Other Rooms","Broadband Internet Access, Satellite or Cable TV Ready, Intercom, Other Business and Communication Facilities","Community Lawn or Garden, Community Swimming Pool, Community Gym, First Aid or Medical Centre, Day Care Centre, Kids Play Area, Barbeque Area, Mosque, Community Centre, Other Community Facilities","Lawn or Garden, Swimming Pool, Sauna, Jacuzzi, Other Healthcare and Recreation Facilities","Nearby Schools, Nearby Hospitals, Nearby Shopping Malls, Nearby Restaurants, Distance From Airport (kms), Nearby Public Transport Service, Other Nearby Places","Maintenance Staff, Security Staff, Facilities for Disabled, Other Facilities",,,
https://www.zameen.com/Property/islamabad_f-7_f-7_house_for_sale_demolishable_house-45399825-165-1.html,House,PKR41 Crore,3,2.1 Kanal,For Sale,3,2 months ago,"F-7, Islamabad, Islamabad Capital","Marriott Estate And Builders Offer a Ideal House having following properties:- 1. Have 6 bedrooms with attached washrooms. 2. Two advanced kitchens. 3. Two T. V lounges, 4. Drawing room 5. Dining room, 6. Beautiful lawn 7. Terrace, 8. Servant rooms 9. Multiple car parking 10. Installed air conditioners, 11. Central heating system 12. Water bore. We have also multiple options available for sale and rent in sectors F-6, F-7, F-8, E-7, G-6(3) F-10, F-11 Islamabad For further assistance please contact with us.","Built in year: 1999, Parking Spaces: 7, Double Glazed Windows, Central Air Conditioning, Central Heating, Flooring, Electricity Backup, Waste Disposal, Floors: 2, Other Main Features","Bedrooms: 4, Bathrooms: 5, Servant Quarters: 2, Drawing Room, Dining Room, Kitchens: 2, Study Room, Prayer Room, Powder Room, Gym, Store Rooms: 2, Steam Room, Lounge or Sitting Room, Laundry Room, Other Rooms","Broadband Internet Access, Satellite or Cable TV Ready, Intercom, Other Business and Communication Facilities","Community Lawn or Garden, Community Swimming Pool, Community Gym, First Aid or Medical Centre, Day Care Centre, Kids Play Area, Barbeque Area, Mosque, Community Centre, Other Community Facilities","Sauna, Jacuzzi, Other Healthcare and Recreation Facilities","Nearby Schools, Nearby Hospitals, Nearby Shopping Malls, Nearby Restaurants, Distance From Airport (kms), Nearby Public Transport Service, Other Nearby Places","Maintenance Staff, Security Staff, Facilities for Disabled, Other Facilities",,,
https://www.zameen.com/Property/islamabad_f-6_f-6_house_for_sale-45365660-164-1.html,House,PKR33 Crore,6,1 Kanal,For Sale,5,2 months ago,"F-6, Islamabad, Islamabad Capital","Marriott Estate And Builders Offer a Ideal House having following properties:- 1. Have 6 bedrooms with attached washrooms. 2. Two advanced kitchens. 3. Two T. V lounges, 4. Drawing room 5. Dining room, 6. Beautiful lawn 7. Terrace, 8. Servant rooms 9. Multiple car parkings 10. Installed air conditioners, 11. Central heating system 12. Water bore. We have also multiple options available for sale and rent in sectors F-6, F-7, F-8, E-7, G-6(3) F-10, F-11 Islamabad For further assistance please contact with us.","Built in year: 1999, Parking Spaces: 7, Double Glazed Windows, Central Air Conditioning, Central Heating, Flooring, Electricity Backup, Waste Disposal, Floors: 2, Other Main Features, Furnished","Bedrooms: 6, Bathrooms: 7, Servant Quarters: 2, Drawing Room, Dining Room, Kitchens: 2, Study Room, Prayer Room, Powder Room, Gym, Store Rooms: 1, Steam Room, Lounge or Sitting Room, Laundry Room, Other Rooms","Broadband Internet Access, Satellite or Cable TV Ready, Intercom, Other Business and Communication Facilities","Community Lawn or Garden, Community Swimming Pool, Community Gym, First Aid or Medical Centre, Day Care Centre, Kids Play Area, Barbeque Area, Mosque, Community Centre, Other Community Facilities","Lawn or Garden, Swimming Pool, Sauna, Jacuzzi, Other Healthcare and Recreation Facilities","Nearby Schools, Nearby Hospitals, Nearby Shopping Malls, Nearby Restaurants, Distance From Airport (kms), Nearby Public Transport Service, Other Nearby Places","Maintenance Staff, Security Staff, Facilities for Disabled, Other Facilities",,,
https://www.zameen.com/Property/islamabad_f-8_f-8_brand_new_house_for_sale-49521231-166-1.html,House,PKR37 Crore,-,1 Kanal,For Sale,7,2 months ago,"F-8, Islamabad, Islamabad Capital","Marriott Estate And Builders Offer a Ideal House having following properties:- 1. Have 6 bedrooms with attached washrooms. 2. Two advanced kitchens. 3. Two T. V lounges, 4. Drawing room 5. Dining room, 6. Beautiful lawn 7. Terrace, 8. Servant rooms 9. Multiple car parking 10. Installed air conditioners, 11. Central heating system 12. Water bore. We have also multiple options available for sale and rent in sectors F-6, F-7, F-8, E-7, G-6(3) F-10, F-11 Islamabad For further assistance please contact with us.","Built in year: 2012, Parking Spaces: 5, Double Glazed Windows, Central Air Conditioning, Central Heating, Flooring, Electricity Backup","Bedrooms: 6, Bathrooms: 7, Servant Quarters: 2, Drawing Room, Dining Room, Kitchens: 2, Study Room, Prayer Room, Powder Room, Gym, Steam Room, Lounge or Sitting Room, Laundry Room","Broadband Internet Access, Satellite or Cable TV Ready, Intercom","Community Lawn or Garden, Community Gym, First Aid or Medical Centre, Day Care Centre, Kids Play Area, Barbeque Area, Mosque, Community Centre","Sauna, Jacuzzi","Nearby Schools, Nearby Hospitals, Nearby Shopping Malls, Nearby Restaurants, Distance From Airport (kms), Nearby Public Transport Service, Other Nearby Places","Maintenance Staff, Security Staff, Facilities for Disabled, Other Facilities",,,
https://www.zameen.com/Property/islamabad_f-7_f-8_house_for_sale-49855153-165-1.html,House,PKR1.8 Arab,5,4 Kanal,For Sale,7,2 months ago,"F-7, Islamabad, Islamabad Capital","Marriott Estate And Builders Offer a Ideal House having following properties:- 1. Have 7 bedrooms with attached washrooms. 2. Two advanced kitchens. 3. Two T. V lounges, 4. Drawing room 5. Dining room, 6. Beautiful lawn 7. Terrace, 8. Servant rooms 9. Multiple car parkings 10. Installed air conditioners, 11. Central heating system 12. Water bore. We have also multiple options available for sale and rent in sectors F-6, F-7, F-8, E-7, G-6(3) F-10, F-11 Islamabad For further assistance please contact with us.","Built in year: 2009, Parking Spaces: 7, Double Glazed Windows, Central Air Conditioning, Central Heating, Flooring, Electricity Backup, Waste Disposal, Floors: 2, Other Main Features, Furnished","Bedrooms: 4, Bathrooms: 5, Servant Quarters: 2, Drawing Room, Dining Room, Kitchens: 2, Study Room, Prayer Room, Powder Room, Gym, Steam Room, Lounge or Sitting Room, Laundry Room, Other Rooms","Broadband Internet Access, Satellite or Cable TV Ready, Intercom, Other Business and Communication Facilities","Community Lawn or Garden, Community Gym, First Aid or Medical Centre, Day Care Centre, Kids Play Area, Barbeque Area, Mosque, Community Centre, Other Community Facilities","Lawn or Garden, Sauna, Jacuzzi","Nearby Schools, Nearby Hospitals, Nearby Shopping Malls, Nearby Restaurants, Distance From Airport (kms), Nearby Public Transport Service, Other Nearby Places","Maintenance Staff, Security Staff, Facilities for Disabled, Other Facilities",,,
https://www.zameen.com/Property/mpchs_multi_gardens_mpchs_-_block_f_5_marla_luxury_house_for_sale_in_multi_garden_b_17_islamabad-52459432-8527-1.html,House,PKR2.15 Crore,5,5 Marla,For Sale,4,2 weeks ago,"B-17, Islamabad, Islamabad Capital",Size 25x50 5 Marla Brand New House Double Story Double Unit 60 Feet Wide Street Sun Face Water Boring Gas Electricity Good Location A++ Construction Walking Distance From Masque Main Commercial Market Park School For More Information Contact:,"Built in year: 2025, Parking Spaces: 1, Flooring, Electricity Backup, Floors: 2","Bedrooms: 4, Bathrooms: 5, Servant Quarters: 1, Drawing Room, Dining Room, Kitchens: 2, Prayer Room, Powder Room, Gym, Store Rooms: 1, Steam Room, Lounge or Sitting Room, Laundry Room","Broadband Internet Access, Satellite or Cable TV Ready, Intercom","Community Lawn or Garden, Community Swimming Pool, Community Gym, First Aid or Medical Centre, Day Care Centre, Kids Play Area, Barbeque Area, Mosque, Community Centre","Lawn or Garden, Swimming Pool, Sauna, Jacuzzi","Nearby Schools, Nearby Hospitals, Nearby Shopping Malls, Nearby Restaurants, Distance From Airport (kms), Nearby Public Transport Service, Other Nearby Places","Security Staff, Other Facilities",,,
https://www.zameen.com/Property/islamabad_f-11_magnificent_5-bed_residence_in_prime_f-11_location_-_cda_transfer-50169212-163-1.html,House,PKR16.5 Crore,6,1 Kanal,For Sale,5,4 weeks ago,"F-11, Islamabad, Islamabad Capital","Step into opulence with this exquisite 5-bedroom, 6-bathroom residence nestled in the exclusive F-11 sector. Featuring 2 dining areas, 2 TV lounges, and 2 kitchens, this home offers unparalleled comfort and functionality. Boasting a prime location and CDA transfer, this property is a testament to refined living. Priced at 15 crores, this leviable house is an embodiment of sophistication. Explore luxury living at its finest - contact us now to schedule a viewing and discover more exclusive options in the coveted F-sectors.","Built in year: 2023, Parking Spaces, Double Glazed Windows, Central Air Conditioning, Central Heating, Flooring, Electricity Backup, Waste Disposal, Other Main Features, Furnished","Bedrooms: 5, Bathrooms: 6, Servant Quarters: 1, Drawing Room, Dining Room, Kitchens: 2, Study Room, Powder Room, Lounge or Sitting Room, Laundry Room, Other Rooms","Broadband Internet Access, Satellite or Cable TV Ready, Intercom, Other Business and Communication Facilities","Community Lawn or Garden, Community Swimming Pool, Community Gym, First Aid or Medical Centre, Day Care Centre, Kids Play Area, Barbeque Area, Mosque, Community Centre, Other Community Facilities",Other Healthcare and Recreation Facilities,"Nearby Schools, Nearby Hospitals, Nearby Shopping Malls, Nearby Restaurants, Distance From Airport (kms), Nearby Public Transport Service, Other Nearby Places","Maintenance Staff, Security Staff, Facilities for Disabled, Other Facilities",,,
https://www.zameen.com/Property/islamabad_chak_shahzad_40_kanal_farm_house_in_beautiful_location_of_chak_shahzad_in_chak_shahzad-52859270-158-1.html,Farm House,PKR80 Crore,-,40 Kanal,For Sale,-,3 weeks ago,"Chak Shahzad, Islamabad, Islamabad Capital","40 kanal farm house in chak shahzad st 4 16 B house built more than 6000 s/f covered area fruits vegetables and poultry farming Cda transfer Our listing is the best choice for you if you're searching for property sized 40 Kanal. Explore all the property you could ask for in Chak Shahzad. For those of you who are interested, Chak Shahzad is offering a lucrative opportunity of investment. The Farm House is valued at a price of PKR Rs. 800000000 and it's the best opportunity for investment. Buy a Farm House from an investment point of view in Chak Shahzad and enjoy later. Buying this property today can save you from future hassles. Some prominent details of the property are as follows. Your kids can play to their heart's content in the play area adjoining the property. Waste disposal management services ensures the premise is kept clean. Sauna is a great way to lose weight and with access on the property you can make full use of it. Setup the barbecue area at home, just the way you like and impress your guests. A Jacuzzi adds a whole new level of luxury to this residence. To bring a touch of nature to the surroundings, the Farm House also has a community lawn nearby. The building is guarded by professional security staff at all times which makes it a secure area for living. For booking details, call us on the given numbers.","Built in year: 2010, Parking Spaces, Double Glazed Windows, Central Air Conditioning, Flooring, Electricity Backup, Waste Disposal, Other Main Features","Servant Quarters: 1, Other Rooms","Broadband Internet Access, Satellite or Cable TV Ready, Intercom, Other Business and Communication Facilities","Community Lawn or Garden, Community Swimming Pool, Community Gym, First Aid or Medical Centre, Day Care Centre, Kids Play Area, Barbeque Area, Mosque, Community Centre, Other Community Facilities","Lawn or Garden, Sauna, Jacuzzi, Other Healthcare and Recreation Facilities","Nearby Schools, Nearby Hospitals, Nearby Shopping Malls, Nearby Restaurants, Distance From Airport (kms), Nearby Public Transport Service, Other Nearby Places","Maintenance Staff, Security Staff, Facilities for Disabled, Other Facilities",,,
https://www.zameen.com/Property/f_8_the_centaurus_3_bed_fully_furnished_apartment_for_sale_in_the_centaurus-53233748-8349-1.html,Flat,PKR14 Crore,3,12.6 Marla,For Sale,3,2 weeks ago,"F-8, Islamabad, Islamabad Capital",ideal location on 16th floor fully furnished 3bed with attached washroom lounge tower B,"Built in year: 2010, Parking Spaces: 1, Lobby in Building, Double Glazed Windows, Central Air Conditioning, Central Heating, Flooring, Electricity Backup, Waste Disposal, Floor: 20, Floors in Building: 22, Elevators: 2, Service Elevators in Building, Other Main Features, Furnished","Bedrooms: 3, Bathrooms: 3, Servant Quarters: 1, Drawing Room, Dining Room, Kitchens: 1, Study Room, Prayer Room, Powder Room, Gym, Store Rooms: 1, Steam Room, Lounge or Sitting Room, Laundry Room, Other Rooms","Broadband Internet Access, Satellite or Cable TV Ready, Business Center or Media Room in Building, Conference Room in Building, Intercom, ATM Machines, Other Business and Communication Facilities","Community Lawn or Garden, Community Swimming Pool, Community Gym, First Aid or Medical Centre, Day Care Centre, Kids Play Area, Barbeque Area, Mosque, Community Centre, Other Community Facilities","Sauna, Jacuzzi, Other Healthcare and Recreation Facilities","Nearby Schools, Nearby Hospitals, Nearby Shopping Malls, Nearby Restaurants, Distance From Airport (kms), Nearby Public Transport Service, Other Nearby Places","Maintenance Staff, Security Staff, Laundry or Dry Cleaning Facility, Communal/Shared Kitchen, Facilities for Disabled, Pets Allowed, Other Facilities",,,
https://www.zameen.com/Property/islamabad_g-11_main_double_road_10_marla_house_for_sale_in_g11-53233756-168-1.html,House,PKR9.15 Crore,5,10 Marla,For Sale,5,2 weeks ago,"G-11, Islamabad, Islamabad Capital",Main Double Road Ideal Location 5 Bed With Attached Washroom 2 Kitchen Lounge All Basic Facilities Are Available 2 Gas And 2 Electricity Motors Available,"Built in year: 2015, Parking Spaces: 4, Double Glazed Windows, Central Air Conditioning, Central Heating, Flooring, Electricity Backup, Waste Disposal, Floors: 2, Other Main Features, Furnished","Bedrooms: 7, Bathrooms: 5, Servant Quarters: 1, Drawing Room, Dining Room, Kitchens: 2, Study Room, Prayer Room, Powder Room, Gym, Store Rooms: 1, Steam Room, Lounge or Sitting Room, Laundry Room, Other Rooms","Broadband Internet Access, Satellite or Cable TV Ready, Intercom, Other Business and Communication Facilities","Community Lawn or Garden, Community Swimming Pool, Community Gym, First Aid or Medical Centre, Day Care Centre, Kids Play Area, Barbeque Area, Mosque, Community Centre, Other Community Facilities","Lawn or Garden, Swimming Pool, Sauna, Jacuzzi, Other Healthcare and Recreation Facilities","Nearby Schools, Nearby Hospitals, Nearby Shopping Malls, Nearby Restaurants, Distance From Airport (kms), Nearby Public Transport Service, Other Nearby Places","Maintenance Staff, Security Staff, Facilities for Disabled, Other Facilities",,,
https://www.zameen.com/Property/f_11_f-11_3_investor_price_demolisheable_house_available_for_sale_in_f11_3-50889815-3284-1.html,House,PKR29 Crore,6,2 Kanal,For Sale,6,4 weeks ago,"F-11, Islamabad, Islamabad Capital",investor price house available for sale in f11/3 demolisheable house prime location size 1000 sq yard (2 kanal) cda transfer demand 29 cr negotiable,"Built in year: 2024, Parking Spaces: 5, Double Glazed Windows, Central Air Conditioning, Central Heating, Flooring, Electricity Backup, Waste Disposal, Floors: 2, Other Main Features, Furnished","Bedrooms: 6, Bathrooms: 62, Servant Quarters: 2, Drawing Room, Dining Room, Kitchens: 2, Study Room, Prayer Room, Powder Room, Gym, Store Rooms: 2, Steam Room, Lounge or Sitting Room, Laundry Room, Other Rooms","Broadband Internet Access, Satellite or Cable TV Ready, Intercom, Other Business and Communication Facilities","Community Lawn or Garden, Community Swimming Pool, Community Gym, First Aid or Medical Centre, Day Care Centre, Kids Play Area, Barbeque Area, Mosque, Community Centre, Other Community Facilities","Lawn or Garden, Sauna, Other Healthcare and Recreation Facilities","Nearby Schools, Nearby Hospitals, Nearby Shopping Malls, Nearby Restaurants, Distance From Airport (kms), Nearby Public Transport Service, Other Nearby Places","Maintenance Staff, Security Staff, Facilities for Disabled, Other Facilities",,,
https://www.zameen.com/Property/mpchs_multi_gardens_mpchs_-_block_c_5_marla_brand_new_house_for_sale_in_multi_gardens_b-17_islamabad-53100151-3118-1.html,House,PKR2.15 Crore,5,5 Marla,For Sale,4,2 weeks ago,"B-17, Islamabad, Islamabad Capital","A beautifully constructed 5 Marla Corner House is available for sale in F Block Double Story Double Unit Solid land Prime Location 4 Bedrooms with Attached Washrooms 2 Drawing Rooms 2 Spacious TV Lounges 2 Modern Kitchens 4 Washrooms 1 Servant Quarter with Attached bathroom 1 Car Parking Spaces Water boring installation Electricity connection install Additional Details: A+ Construction & Modern Finishing Corner House Extra Space & Ventilation Prime Location in Faisal Hills C Block Near Masjid, Park, and Commercial Area Demand: 1 Crore 65 Lakh Only For More Details & Visit: Zohaib Adalat Baloch","Built in year: 2025, Parking Spaces: 1, Central Heating, Flooring, Electricity Backup, Waste Disposal, Floors: 2","Bedrooms: 4, Bathrooms: 6, Servant Quarters: 1, Drawing Room, Dining Room, Kitchens: 2, Study Room, Prayer Room, Powder Room, Gym, Store Rooms: 1, Steam Room, Lounge or Sitting Room, Laundry Room","Broadband Internet Access, Satellite or Cable TV Ready, Intercom","Community Lawn or Garden, Community Swimming Pool, Community Gym, First Aid or Medical Centre, Day Care Centre, Kids Play Area, Barbeque Area, Mosque, Community Centre","Lawn or Garden, Swimming Pool, Sauna, Jacuzzi","Nearby Schools, Nearby Hospitals, Nearby Shopping Malls, Nearby Restaurants, Distance From Airport (kms), Nearby Public Transport Service, Other Nearby Places",,,,
https://www.zameen.com/Property/islamabad_tarlai_5_marla_double_story_house_for_sale_in_tarlai_near_main_lehtrar_road-53291643-1144-1.html,House,PKR1.55 Crore,5,5 Marla,For Sale,-,1 month ago,"Tarlai, Islamabad, Islamabad Capital","Beautiful 5 Marla double story House for Sale in Tarlai 2 minutes from main lehtrar road , Islamabad A well-maintained double-storey house located in a peaceful street of Tarlai, Islamabad. This elegant home features spacious design, modern front elevation, and strong construction quality ideal for small families or investment purposes. **Demand:** 1.55 Crore PKR **Location:** Near Lehtarar Road, Tarlai, Islamabad Dont miss this opportunity visit and book your dream home today!","Built in year: 2025, Parking Spaces: 1, Double Glazed Windows, Central Air Conditioning, Central Heating, Flooring, Electricity Backup, Waste Disposal, Floors: 2, Other Main Features, Furnished","Bedrooms: 3, Bathrooms: 4, Servant Quarters: 1, Drawing Room, Dining Room, Kitchens: 2, Study Room, Prayer Room, Powder Room, Gym, Store Rooms: 1, Steam Room, Lounge or Sitting Room, Laundry Room, Other Rooms","Broadband Internet Access, Satellite or Cable TV Ready, Intercom, Other Business and Communication Facilities","Community Lawn or Garden, Community Swimming Pool, Community Gym, First Aid or Medical Centre, Day Care Centre, Kids Play Area, Barbeque Area, Mosque, Community Centre, Other Community Facilities","Lawn or Garden, Swimming Pool, Sauna, Jacuzzi, Other Healthcare and Recreation Facilities","Nearby Schools, Nearby Hospitals, Nearby Shopping Malls, Nearby Restaurants, Distance From Airport (kms), Nearby Public Transport Service, Other Nearby Places","Maintenance Staff, Security Staff, Facilities for Disabled, Other Facilities",,,
https://www.zameen.com/Property/al_ghurair_giga_al-ghurair_giga_-_block_7_flat_for_grabs_in_804_square_feet_islamabad-53009009-15133-1.html,Flat,PKR65 Lakh,2,2.7 Marla,For Sale,1,4 weeks ago,"DHA Defence, Islamabad, Islamabad Capital",Dha 2Residency good location corner flat One bed block 12 beautiful location,"Built in year: 2025, Parking Spaces: 1, Lobby in Building, Double Glazed Windows, Central Heating, Flooring, Electricity Backup, Floor: 3, Service Elevators in Building, Other Main Features","Bedrooms: 1, Bathrooms: 2, Drawing Room, Kitchens: 1, Other Rooms","Broadband Internet Access, Satellite or Cable TV Ready",Community Lawn or Garden,,,,,,
https://www.zameen.com/Property/islamabad_e-7_beautiful_house_with_extra_land_available_for_sale-51143760-343-1.html,House,PKR60 Crore,-,1.9 Kanal,For Sale,7,1 week ago,"E-7, Islamabad, Islamabad Capital",Beautiful House Available For Sale In E7 With Extraland Around 2 Kanal Prime Location Cda Transfer Demand 60 Cr,"Parking Spaces: 7, Double Glazed Windows, Central Air Conditioning, Central Heating, Flooring, Electricity Backup, Waste Disposal, Floors: 2, Other Main Features","Bedrooms: 7, Bathrooms: 8, Servant Quarters: 2, Drawing Room, Dining Room, Kitchens: 2, Study Room, Prayer Room, Powder Room, Store Rooms: 2, Lounge or Sitting Room, Laundry Room","Broadband Internet Access, Satellite or Cable TV Ready, Intercom","Community Lawn or Garden, Community Swimming Pool, Community Gym, First Aid or Medical Centre, Day Care Centre, Kids Play Area, Barbeque Area, Mosque, Community Centre",,"Nearby Schools, Nearby Hospitals, Nearby Shopping Malls, Nearby Restaurants, Distance From Airport (kms), Nearby Public Transport Service, Other Nearby Places","Maintenance Staff, Security Staff, Facilities for Disabled, Other Facilities",,,
https://www.zameen.com/Property/g_11_3_warda_hamna_residencia_3_2_bed_corner_apartment_for_sale_in_warda_hamna_1_g-11_3-53306060-11863-1.html,Flat,PKR3.35 Crore,2,8.1 Marla,For Sale,2,4 days ago,"G-11, Islamabad, Islamabad Capital","2 Bed Corner Apartment for Sale in Warda Hamna 1, G-11/3 Beautifully maintained 2-bedroom corner apartment available for sale in the prestigious Warda Hamna 1, G-11/3 Islamabad. This spacious unit features: 2 bedrooms with ample natural light 2 fully renovated washrooms 1 drawing room Elegant tile flooring throughout Located in a secure, family-friendly building with 24/7 security Total area: 1820 sqft Ideal for families seeking comfort, convenience, and a prime location in the heart of the city. Warda Hamna 1, G-11/3, Islamabad For more details or to schedule a visit, please contact.","Built in year: 2026, Parking Spaces: 1, Double Glazed Windows, Central Air Conditioning, Central Heating, Flooring, Electricity Backup, Waste Disposal, Floor: 1, Floors in Building: 2","Bedrooms: 2, Bathrooms: 2, Drawing Room, Dining Room, Kitchens: 1, Study Room, Prayer Room, Powder Room, Gym, Store Rooms: 1, Steam Room, Lounge or Sitting Room, Laundry Room","Broadband Internet Access, Satellite or Cable TV Ready, Business Center or Media Room in Building, Conference Room in Building, Intercom, ATM Machines","Community Lawn or Garden, Community Swimming Pool, Community Gym, First Aid or Medical Centre, Day Care Centre, Kids Play Area, Barbeque Area, Mosque, Community Centre","Sauna, Jacuzzi","Nearby Schools, Nearby Hospitals, Nearby Shopping Malls, Nearby Restaurants, Distance From Airport (kms), Nearby Public Transport Service, Other Nearby Places","Maintenance Staff, Security Staff, Laundry or Dry Cleaning Facility, Communal/Shared Kitchen, Facilities for Disabled",,,
https://www.zameen.com/Property/bahria_enclave_bahria_enclave_-_sector_h_sector_h_new_house_available_on_investor_rate_only_235_lac-53321226-11983-1.html,House,PKR2.25 Crore,4,5 Marla,For Sale,3,1 week ago,"Bahria Town, Islamabad, Islamabad Capital",Bahria Enclave Islamabad Sector H New House 3 bed Room Drawing Room Lounge 2 Kitchen Beautiful View 24/security Best For Residence Area,"Built in year: 2024, Parking Spaces: 1, Double Glazed Windows, Flooring, Electricity Backup, Waste Disposal, Floors: 2, Other Main Features","Bedrooms: 3, Bathrooms: 4, Servant Quarters: 1, Drawing Room, Dining Room, Kitchens: 2, Study Room, Prayer Room, Powder Room, Gym, Store Rooms: 1, Steam Room, Lounge or Sitting Room, Laundry Room, Other Rooms","Broadband Internet Access, Satellite or Cable TV Ready, Intercom, Other Business and Communication Facilities","Community Lawn or Garden, Community Swimming Pool, Community Gym, First Aid or Medical Centre, Day Care Centre, Kids Play Area, Barbeque Area, Mosque, Community Centre, Other Community Facilities","Lawn or Garden, Swimming Pool, Sauna, Jacuzzi, Other Healthcare and Recreation Facilities","Nearby Schools, Nearby Hospitals, Nearby Shopping Malls","Maintenance Staff, Security Staff, Facilities for Disabled, Other Facilities",,,
https://www.zameen.com/Property/dha_defence_phase_5_dha_phase_5_-_sector_f_5_marla_newly_constructed_house_for_sale-53286054-8836-1.html,House,PKR3.25 Crore,3,5 Marla,For Sale,3,1 week ago,"DHA Defence, Islamabad, Islamabad Capital","Transfer in DHA All facilities available A central location like DHA Phase 5 - Sector F is the best choice for living as it's close to all necessities. Buying a 5 Marla property is a good option to live comfortably. This is the newest, most attractive neighbourhood of the Islamabad and you wouldn't want to miss an opportunity to live here. A price of PKR Rs. 35000000 is quite reasonable for a property with modern furnishings. You can book your House today at an ideal price of PKR Rs. 35000000. There is nothing better than purchasing your property in a thriving locality and we have just the options for you. It's a lucrative project offer to own your dream home, so call us today for booking or more information.","Built in year: 2023, Parking Spaces: 2, Double Glazed Windows, Central Air Conditioning, Central Heating, Flooring, Electricity Backup, Waste Disposal, Floors: 2, Other Main Features, Furnished","Bedrooms: 5, Bathrooms: 6, Servant Quarters, Drawing Room, Kitchens: 2, Study Room, Prayer Room, Powder Room, Gym, Store Rooms, Steam Room, Lounge or Sitting Room, Laundry Room, Other Rooms","Broadband Internet Access, Satellite or Cable TV Ready, Intercom, Other Business and Communication Facilities","Community Lawn or Garden, Community Swimming Pool, Community Gym, First Aid or Medical Centre, Day Care Centre, Kids Play Area, Barbeque Area, Mosque, Community Centre, Other Community Facilities","Lawn or Garden, Sauna, Jacuzzi, Other Healthcare and Recreation Facilities","Nearby Schools, Nearby Hospitals, Nearby Shopping Malls, Nearby Restaurants, Distance From Airport (kms), Nearby Public Transport Service, Other Nearby Places","Maintenance Staff, Security Staff, Facilities for Disabled, Other Facilities",,,
https://www.zameen.com/Property/g_13_g-13_1_reasonably-priced_1000_square_feet_house_in_g-13_1_islamabad_is_available_as_of_now-53318749-3337-1.html,House,PKR4.15 Crore,5,4.4 Marla,For Sale,4,2 weeks ago,"G-13, Islamabad, Islamabad Capital","25x40 Luxury Full House Is Available For Sale On Investor Rate Pindi Face Bedroom With Attach Bath Drawing Dining Tv Lounge Kitchen Car parking Space Fully Tile Flooring Near By Park, Masjid, School, Hospital, Market, And Srinagar Highway Ideal And Peace Full location Nice House Wide streets Nearby commercial and public parks with kids play area. This House is in one of the most leading and Emerging sector of Islamabad. Fully Tille Flooring All Facilities Are Available More Details Please Contact us And Arrange Visit","Parking Spaces: 2, Double Glazed Windows, Central Air Conditioning, Central Heating, Flooring, Electricity Backup, Waste Disposal, Other Main Features","Bedrooms: 10, Bathrooms: 10, Servant Quarters: 2, Drawing Room, Dining Room, Kitchens: 2, Study Room, Prayer Room, Powder Room, Gym, Store Rooms: 1, Steam Room, Lounge or Sitting Room, Laundry Room, Other Rooms","Broadband Internet Access, Satellite or Cable TV Ready, Intercom, Other Business and Communication Facilities","Community Lawn or Garden, Community Swimming Pool, Community Gym, First Aid or Medical Centre, Day Care Centre, Kids Play Area, Barbeque Area, Mosque, Community Centre, Other Community Facilities","Sauna, Jacuzzi, Other Healthcare and Recreation Facilities","Nearby Schools, Nearby Hospitals, Nearby Shopping Malls, Nearby Restaurants, Distance From Airport (kms), Nearby Public Transport Service, Other Nearby Places","Maintenance Staff, Security Staff, Facilities for Disabled, Other Facilities",,,
https://www.zameen.com/Property/gulberg_residencia_gulberg_residencia_-_block_o_10_marla_block_o_gulberg_residencia-53118513-9125-1.html,House,PKR5.95 Crore,6,10 Marla,For Sale,6,2 days ago,"Gulberg, Islamabad, Islamabad Capital",O block gulberg residencia 10 marla house available for sale more options available in different block different areas different categories houses furnished non furnished available visit any time direct allotee meeting,"Built in year: 2025, Parking Spaces: 2, Double Glazed Windows, Central Air Conditioning, Central Heating, Flooring, Electricity Backup, Waste Disposal, Floors: 2, Other Main Features, Furnished","Bedrooms: 6, Bathrooms: 8, Servant Quarters: 1, Drawing Room, Dining Room, Kitchens: 2, Study Room, Prayer Room, Powder Room, Gym, Store Rooms: 3, Steam Room, Lounge or Sitting Room, Laundry Room, Other Rooms","Broadband Internet Access, Satellite or Cable TV Ready, Intercom, Other Business and Communication Facilities","Community Lawn or Garden, Community Swimming Pool, Community Gym, First Aid or Medical Centre, Day Care Centre, Kids Play Area, Barbeque Area, Mosque, Community Centre, Other Community Facilities","Lawn or Garden, Swimming Pool, Sauna, Jacuzzi, Other Healthcare and Recreation Facilities","Nearby Schools, Nearby Hospitals, Nearby Shopping Malls, Nearby Restaurants, Distance From Airport (kms), Nearby Public Transport Service, Other Nearby Places","Maintenance Staff, Security Staff, Facilities for Disabled, Other Facilities",,,
https://www.zameen.com/Property/gulberg_greens_gulberg_arena_mall_gulberg_areena_one_bed_apparment_available_for_sale_more_options_available_in_different_sizes_different_floors-53117942-19297-1.html,Flat,PKR1.05 Crore,1,3.2 Marla,For Sale,1,2 days ago,"Gulberg, Islamabad, Islamabad Capital",Gulberg Areena one bed furnished non furnished apartment available for sale more options available in different level different sizes 700sqft to 1054sqft,"Built in year: 2024, Parking Spaces: 3, Lobby in Building, Double Glazed Windows, Central Air Conditioning, Central Heating, Flooring, Electricity Backup, Waste Disposal, Floor, Floors in Building: 9, Elevators: 8, Service Elevators in Building, Other Main Features, Furnished","Bedrooms: 1, Bathrooms: 1, Servant Quarters: 1, Drawing Room, Dining Room, Kitchens: 1, Study Room, Prayer Room, Powder Room, Gym, Store Rooms: 1, Steam Room, Lounge or Sitting Room, Laundry Room, Other Rooms","Broadband Internet Access, Satellite or Cable TV Ready, Business Center or Media Room in Building, Conference Room in Building, Intercom, ATM Machines, Other Business and Communication Facilities","Community Lawn or Garden, Community Swimming Pool, Community Gym, First Aid or Medical Centre, Day Care Centre, Kids Play Area, Barbeque Area, Mosque, Community Centre, Other Community Facilities","Sauna, Jacuzzi, Other Healthcare and Recreation Facilities","Nearby Schools, Nearby Hospitals, Nearby Shopping Malls, Nearby Restaurants, Distance From Airport (kms), Nearby Public Transport Service, Other Nearby Places","Maintenance Staff, Security Staff, Laundry or Dry Cleaning Facility, Pets Allowed, Other Facilities",,,
https://www.zameen.com/Property/gulberg_residencia_gulberg_residencia_-_block_j_city_heights_gulberg_residencia_block_d_flat-53153787-9120-1.html,Flat,PKR45 Lakh,1,2.2 Marla,For Sale,1,2 days ago,"Gulberg, Islamabad, Islamabad Capital",One Bed Apartment Options Available For Sale City Heights Gulberg Residencia Block D Markez More Options Available In Different Levels,"Built in year: 2025, Parking Spaces: 5, Lobby in Building, Double Glazed Windows, Central Air Conditioning, Central Heating, Flooring, Electricity Backup, Waste Disposal, Floor: 1, Floors in Building: 6, Elevators: 6, Service Elevators in Building, Other Main Features, Furnished","Bedrooms: 1, Bathrooms: 1, Servant Quarters: 1, Drawing Room, Dining Room, Kitchens: 1, Study Room, Prayer Room, Powder Room, Gym, Store Rooms: 1, Steam Room, Lounge or Sitting Room, Laundry Room, Other Rooms","Broadband Internet Access, Satellite or Cable TV Ready, Business Center or Media Room in Building, Conference Room in Building, Intercom, ATM Machines, Other Business and Communication Facilities","Community Lawn or Garden, Community Swimming Pool, Community Gym, First Aid or Medical Centre, Day Care Centre, Kids Play Area, Barbeque Area, Mosque, Community Centre, Other Community Facilities","Sauna, Jacuzzi, Other Healthcare and Recreation Facilities","Nearby Schools, Nearby Hospitals, Nearby Shopping Malls, Nearby Restaurants, Distance From Airport (kms), Nearby Public Transport Service, Other Nearby Places","Maintenance Staff, Security Staff, Laundry or Dry Cleaning Facility, Communal/Shared Kitchen, Facilities for Disabled, Pets Allowed, Other Facilities",,,
https://www.zameen.com/Property/gulberg_greens_gulberg_heights_one_bed_furnished_available_for_sale_investor_rate-53116928-19298-1.html,Flat,PKR1.25 Crore,1,4 Marla,For Sale,1,1 week ago,"Gulberg, Islamabad, Islamabad Capital",one bed furnished available for sale A block Gulberg heights 1st floor price almost final no bargaining,"Built in year: 2024, Parking Spaces: 2, Lobby in Building, Double Glazed Windows, Central Air Conditioning, Central Heating, Flooring, Electricity Backup, Waste Disposal, Floor: 1, Floors in Building: 7, Elevators: 8, Service Elevators in Building, Other Main Features, Furnished","Bedrooms: 1, Bathrooms: 1, Servant Quarters: 1, Drawing Room, Dining Room, Kitchens: 1, Study Room, Prayer Room, Powder Room, Gym, Store Rooms: 1, Steam Room, Lounge or Sitting Room, Laundry Room, Other Rooms","Broadband Internet Access, Satellite or Cable TV Ready, Business Center or Media Room in Building, Conference Room in Building, Intercom, ATM Machines, Other Business and Communication Facilities","Community Lawn or Garden, Community Swimming Pool, Community Gym, First Aid or Medical Centre, Day Care Centre, Kids Play Area, Barbeque Area, Mosque, Community Centre, Other Community Facilities","Sauna, Jacuzzi, Other Healthcare and Recreation Facilities","Nearby Schools, Nearby Hospitals, Nearby Shopping Malls, Nearby Restaurants, Distance From Airport (kms), Nearby Public Transport Service, Other Nearby Places","Maintenance Staff, Security Staff, Laundry or Dry Cleaning Facility, Communal/Shared Kitchen, Facilities for Disabled, Other Facilities",,,
https://www.zameen.com/Property/islamabad_chak_shahzad_aesthetic_farm_house_of_20_kanal_for_sale_is_available-52975267-158-1.html,Farm House,PKR28 Crore,-,20 Kanal,For Sale,-,2 weeks ago,"Chak Shahzad, Islamabad, Islamabad Capital","Properties in this locality are a total bargain, which is a plus. The area is 20 Kanal, you were in search of! The Farm House is constructed with modern furnishings so you can enjoy living in comfort and style. The rates in Chak Shahzad at present are perfect for property purchase. Properties, right now, are at the best rates so a price of PKR Rs. 280000000 is reasonable when it comes to recently developed properties. A property for sale like this doesn't come often, so hurry up and make your booking. Find out more details about the property with the following. Impress your friends and family by hosting a barbeque in the barbeque area adjoining the Farm House. Sauna is a great way to lose weight and with access on the property you can make full use of it. This project features broadband internet access among other facilities. Your kids can play to their heart's content in the play area adjoining the property. This Farm House has a beautiful Jamiah mosque located at walking distance from it. Feeling stressed? Take a dip in the Jacuzzi and you will be fine in no time. All security concerns are taken into account with the availability of 24/7 security services. Looking for property options? Contact us and let us guide you for the best offers.","Built in year: 2025, Parking Spaces: 2, Double Glazed Windows, Central Air Conditioning, Central Heating, Flooring, Electricity Backup, Waste Disposal, Other Main Features, Furnished","Bedrooms: 4, Bathrooms: 5, Servant Quarters: 1, Drawing Room, Dining Room, Kitchens: 2, Study Room, Prayer Room, Powder Room, Gym, Store Rooms: 1, Steam Room, Lounge or Sitting Room, Laundry Room, Other Rooms","Broadband Internet Access, Satellite or Cable TV Ready, Intercom, Other Business and Communication Facilities","Community Lawn or Garden, Community Swimming Pool, Community Gym, First Aid or Medical Centre, Day Care Centre, Kids Play Area, Barbeque Area, Mosque, Community Centre, Other Community Facilities","Sauna, Jacuzzi, Other Healthcare and Recreation Facilities","Nearby Schools, Nearby Hospitals, Nearby Shopping Malls, Nearby Restaurants, Distance From Airport (kms), Nearby Public Transport Service, Other Nearby Places","Maintenance Staff, Security Staff, Facilities for Disabled, Other Facilities",,,
https://www.zameen.com/Property/islamabad_e-7_corner_house_for_sale_in_beautiful_e-7-53003573-343-1.html,House,PKR68 Crore,-,1.6 Kanal,For Sale,-,3 weeks ago,"E-7, Islamabad, Islamabad Capital","E-7 has many options for all kinds of properties, so stop waiting and start looking. You need to trust us when we state: a better, more reasonable, price offer than this property's Rs. 680000000 tag may not appear on your radar for a while. It's the best time for investment in 800 Square Yards property and we know just the option for you. New house for sale have just popped up, so book an appointment today to find your dream home. This House is ideally located in E-7 E-7. E-7 is known for its easy access to amenities and public transport, so you should definitely check it out. Notable property details are as follows. You can take control of your health again by hitting the sauna in the building regularly. The community swimming pool in the building/society is a great facility, especially for the kids. You no longer need to worry about staying connected as this property comes with high-speed broadband internet access. The expert security staff will remain vigilant round the clock. The House has a Jamiah mosque at a convenient walking distance from it. The House features state-of-the-art amenities for the differently-abled. Host barbeque parties and entertain small gatherings at the adjoining barbeque area. We are just a phone call away, contact us now!","Built in year: 2008, Parking Spaces, Double Glazed Windows, Central Air Conditioning, Central Heating, Flooring, Electricity Backup, Waste Disposal, Other Main Features, Furnished","Bedrooms: 2, Bathrooms: 2, Drawing Room, Dining Room, Kitchens, Study Room, Prayer Room, Powder Room, Gym, Store Rooms: 2, Steam Room, Lounge or Sitting Room, Laundry Room","Broadband Internet Access, Satellite or Cable TV Ready, Intercom, Other Business and Communication Facilities","Community Lawn or Garden, Community Swimming Pool, Community Gym, First Aid or Medical Centre, Day Care Centre, Kids Play Area, Barbeque Area, Mosque, Community Centre, Other Community Facilities","Sauna, Jacuzzi, Other Healthcare and Recreation Facilities","Nearby Schools, Nearby Hospitals, Nearby Shopping Malls, Nearby Restaurants, Distance From Airport (kms), Nearby Public Transport Service, Other Nearby Places","Maintenance Staff, Security Staff, Facilities for Disabled, Other Facilities",,,
https://www.zameen.com/Property/f_8_f-8_4_your_search_for_house_in_islamabad_ends_here-53008239-3317-1.html,House,PKR70 Crore,-,4 Kanal,For Sale,-,3 weeks ago,"F-8, Islamabad, Islamabad Capital","Ideally located on F-8/4, this is a rare and golden real estate opportunity. An offer like this once comes across quite rarely in Islamabad. All the options you may have looked at, we can guarantee that you wouldn't find a better buy. Become the owner of 2000 Square Yards property in few easy steps. The demand price is set pretty reasonably at Rs. 700000000. The House is smartly designed to have spacious bedrooms with large windows that can be opened whenever you need some ventilation. Property details are listed as follows. Setup the barbecue area at home, just the way you like and impress your guests. Stay connected and updated with the broadband internet access facility. The community swimming pool in the building/society proves to be great during summers. You can spend your time in peace and quiet with a beautiful mosque situated near the House. Breathe in the fresh air as an effective waste disposal team is on duty all the time. Your kids can play to their heart's content in the play area adjoining the property. Sitting in the sauna relieves the body from stress and tension. For booking details, call us on the given numbers.","Waste Disposal, Other Main Features",,"Broadband Internet Access, Satellite or Cable TV Ready, Intercom, Other Business and Communication Facilities","Community Lawn or Garden, Community Swimming Pool, Community Gym, First Aid or Medical Centre, Day Care Centre, Kids Play Area, Barbeque Area, Mosque, Community Centre, Other Community Facilities","Sauna, Jacuzzi, Other Healthcare and Recreation Facilities","Nearby Schools, Nearby Hospitals, Nearby Shopping Malls, Nearby Restaurants, Distance From Airport (kms), Nearby Public Transport Service, Other Nearby Places","Maintenance Staff, Security Staff, Facilities for Disabled, Other Facilities",,,
https://www.zameen.com/Property/chak_shahzad_chak_shahzad_farms_get_a_40_kanal_farm_house_for_sale_in_chak_shahzad_farms-52548478-20291-1.html,Farm House,PKR80 Crore,-,40 Kanal,For Sale,-,3 weeks ago,"Chak Shahzad, Islamabad, Islamabad Capital","If you are looking for 40 Kanal property, you've come to the right place. For your next investment, consider the property options in Islamabad which is currently booming. A Farm House in Chak Shahzad Farms comes with many benefits, prime among which is the ease of access to public transport and facilities. A Farm House is readily available in a prime location so don't miss this opportunity. The property is priced at Rs. 800000000 which is great, given its location. Looking for a well-constructed home for your family? This can be the best option for you. You can read the property features below. The Farm House is located close to a mosque and you can hear the call for prayer. Sit back and relax in your very own Jacuzzi. Now you can throw barbeque parties with ease with a dedicated barbeque area that comes with the Farm House. All security concerns are taken into account with the availability of 24/7 security services. You can take control of your health again by hitting the sauna in the building regularly. Your kids can play to their heart's content in the play area adjoining the property. Enjoy the convenience and comfort of broadband internet access. You can get rest of the details by calling us.",,,"Broadband Internet Access, Satellite or Cable TV Ready, Intercom, Other Business and Communication Facilities","Community Lawn or Garden, Community Swimming Pool, Community Gym, First Aid or Medical Centre, Day Care Centre, Kids Play Area, Barbeque Area, Mosque, Community Centre, Other Community Facilities","Sauna, Jacuzzi, Other Healthcare and Recreation Facilities","Nearby Schools, Nearby Hospitals, Nearby Shopping Malls, Nearby Restaurants, Nearby Public Transport Service, Other Nearby Places","Maintenance Staff, Security Staff, Facilities for Disabled",,,
https://www.zameen.com/Property/mpchs_multi_gardens_mpchs_-_block_f_corner_5_marla_double_unit_house-53299887-8527-1.html,House,PKR2.15 Crore,5,5 Marla,For Sale,4,1 month ago,"B-17, Islamabad, Islamabad Capital",corner double unit for double living family house two kitchens four bedrooms 5 bathrooms twoTV launch drawing dinings best opportunity for close relation or two brothers living together separately very close to basic amenities like Park masjid market and School,"Built in year, Parking Spaces, Double Glazed Windows, Central Air Conditioning, Central Heating, Flooring, Electricity Backup, Waste Disposal, Other Main Features","Bedrooms, Bathrooms, Servant Quarters, Drawing Room, Dining Room, Kitchens, Study Room, Prayer Room, Powder Room, Gym, Store Rooms, Steam Room, Lounge or Sitting Room, Laundry Room, Other Rooms","Broadband Internet Access, Satellite or Cable TV Ready, Intercom, Other Business and Communication Facilities","Community Lawn or Garden, Community Swimming Pool, Community Gym, First Aid or Medical Centre, Day Care Centre, Kids Play Area, Barbeque Area, Mosque, Community Centre, Other Community Facilities","Sauna, Jacuzzi, Other Healthcare and Recreation Facilities","Nearby Schools, Nearby Hospitals, Nearby Shopping Malls, Nearby Restaurants, Distance From Airport (kms), Nearby Public Transport Service, Other Nearby Places",,,,
https://www.zameen.com/Property/islamabad_g-13_14_marla_40x_80_brand_new_house_for_sale_in_g-13_islamabad-53216752-330-1.html,House,PKR10.7 Crore,6,14 Marla,For Sale,6,3 days ago,"G-13, Islamabad, Islamabad Capital","14 Marla (40x80) Classical Design Brand New House for Sale in G-13 Islamabad Discover a beautifully designed brand new double unit house located in one of Islamabads most prime sectors G-13. This 14 Marla (40x80) masterpiece features a classical elevation, premium finishes, and an ideal layout perfect for two families or a luxurious single-family living experience. Property Features: Size: 14 Marla (40x80) Brand New Classical Design 6 Spacious Bedrooms with attached modern bathrooms 2 Stylish Kitchens with high-quality fittings 2 Drawing/Dining Rooms 2 TV Lounges for comfortable family living Servant Quarter with attached bath Car Porch for 3 to 4 cars Solid construction with imported fixtures and woodwork 2 Rooms on roof for multi purpose water boring plus supply connection available Location Highlights: Prime location in G-13 Islamabad Close to Kashmir Highway, Jogging Track, Main Double Road, Park, Market, and Masjid Wide streets and peaceful neighborhood Ideal for living or investment Demand: Rs. 10.7 Crore (Negotiable) For More Details & Visit: Property Empire G-13/2 Mughal Market, Islamabad Contact: View Contact Detail","Built in year: 2025, Parking Spaces: 4, Double Glazed Windows, Central Air Conditioning, Central Heating, Flooring, Electricity Backup, Waste Disposal, Floors: 3, Other Main Features","Bedrooms: 6, Bathrooms: 7, Servant Quarters: 2, Drawing Room, Dining Room, Kitchens: 2, Study Room, Prayer Room, Powder Room, Store Rooms: 2, Steam Room, Lounge or Sitting Room, Laundry Room, Other Rooms","Broadband Internet Access, Satellite or Cable TV Ready, Intercom","Community Lawn or Garden, Community Swimming Pool, Community Gym, First Aid or Medical Centre, Day Care Centre, Kids Play Area, Barbeque Area, Mosque, Community Centre, Other Community Facilities","Lawn or Garden, Swimming Pool, Sauna, Jacuzzi","Nearby Schools, Nearby Hospitals, Nearby Shopping Malls, Nearby Restaurants, Distance From Airport (kms), Nearby Public Transport Service, Other Nearby Places","Maintenance Staff, Security Staff, Facilities for Disabled",,,
https://www.zameen.com/Property/gulberg_greens_gulberg_greens_-_block_b_5_kanal_block_b_furnished_farm_house_available_for_sale-53116696-8314-1.html,Farm House,PKR31.5 Crore,6,5 Kanal,For Sale,10,2 days ago,"Gulberg, Islamabad, Islamabad Capital",5 kanal furnished farm house available for sale Block B More options available in different block Different categories constructed farm house available for sale swimming pool with cinepex available Farm house plots options available,"Built in year: 2024, Parking Spaces: 10, Double Glazed Windows, Central Air Conditioning, Central Heating, Flooring, Electricity Backup, Waste Disposal, Floors: 3, Other Main Features, Furnished","Bedrooms: 13, Bathrooms: 16, Servant Quarters: 4, Drawing Room, Dining Room, Kitchens: 3, Study Room, Prayer Room, Powder Room, Gym, Store Rooms: 4, Steam Room, Lounge or Sitting Room, Laundry Room, Other Rooms","Broadband Internet Access, Satellite or Cable TV Ready, Intercom, Other Business and Communication Facilities","Community Lawn or Garden, Community Swimming Pool, Community Gym, First Aid or Medical Centre, Day Care Centre, Kids Play Area, Barbeque Area, Mosque, Community Centre, Other Community Facilities","Lawn or Garden, Swimming Pool, Sauna, Jacuzzi, Other Healthcare and Recreation Facilities","Nearby Schools, Nearby Hospitals, Nearby Shopping Malls, Nearby Restaurants, Distance From Airport (kms), Nearby Public Transport Service, Other Nearby Places","Maintenance Staff, Security Staff, Facilities for Disabled, Other Facilities",,,
https://www.zameen.com/Property/naval_anchorage_naval_anchorage_-_block_g_naval_incorage_block_g_marla_5_houses_available_for_sale-53162063-9158-1.html,House,PKR2.55 Crore,6,5 Marla,For Sale,4,2 days ago,"Naval Anchorage, Islamabad, Islamabad Capital",G block 5 marla plots and houses available for sale more options available in different blocks,"Built in year: 2025, Parking Spaces: 2, Double Glazed Windows, Central Air Conditioning, Central Heating, Flooring, Electricity Backup, Waste Disposal, Floors: 3, Other Main Features, Furnished","Bedrooms: 4, Bathrooms: 6, Servant Quarters: 2, Drawing Room, Dining Room, Kitchens: 2, Study Room, Prayer Room, Powder Room, Gym, Store Rooms: 2, Steam Room, Lounge or Sitting Room, Laundry Room, Other Rooms","Broadband Internet Access, Satellite or Cable TV Ready, Intercom, Other Business and Communication Facilities","Community Lawn or Garden, Community Swimming Pool, Community Gym, First Aid or Medical Centre, Day Care Centre, Kids Play Area, Barbeque Area, Mosque, Community Centre, Other Community Facilities","Lawn or Garden, Swimming Pool, Sauna, Jacuzzi, Other Healthcare and Recreation Facilities","Nearby Schools, Nearby Hospitals, Nearby Shopping Malls, Nearby Restaurants, Distance From Airport (kms), Nearby Public Transport Service, Other Nearby Places","Maintenance Staff, Security Staff, Facilities for Disabled, Other Facilities",,,
https://www.zameen.com/Property/simly_dam_road_kazani_resorts_beautiful_resort_near_simly_dam_for_sale-53336925-21060-1.html,House,PKR6.3 Crore,3,1 Kanal,For Sale,3,3 months ago,"Simly Dam Road, Islamabad, Islamabad Capital","Plot Size: 1 Kanal. Covered Area: 2,500 Sq Ft Bedrooms: 3 Daily Rental: 65,000/- Per Night. Contact Now For Any Further Details And The Visit.","Built in year: 2025, Parking Spaces: 4, Double Glazed Windows, Central Air Conditioning, Central Heating, Flooring, Electricity Backup, Waste Disposal, Floors: 2, Other Main Features, Furnished","Bedrooms: 3, Bathrooms: 3, Servant Quarters: 1, Drawing Room, Dining Room, Kitchens: 1, Study Room, Prayer Room, Powder Room, Gym, Store Rooms, Steam Room, Lounge or Sitting Room, Laundry Room, Other Rooms","Broadband Internet Access, Satellite or Cable TV Ready, Intercom, Other Business and Communication Facilities","Community Lawn or Garden, Community Swimming Pool, Community Gym, First Aid or Medical Centre, Day Care Centre, Kids Play Area, Barbeque Area, Mosque, Community Centre, Other Community Facilities","Lawn or Garden, Swimming Pool, Sauna, Jacuzzi, Other Healthcare and Recreation Facilities","Nearby Schools, Nearby Hospitals, Nearby Shopping Malls, Nearby Restaurants, Distance From Airport (kms), Nearby Public Transport Service, Other Nearby Places","Maintenance Staff, Security Staff, Facilities for Disabled, Other Facilities",,,
https://www.zameen.com/Property/top_city_1_top_city_1_-_block_a_centrally_located_prime_location_house_available_in_top_city_1_-_block_a_for_sale-53134128-9231-1.html,House,PKR4.49 Crore,4,10 Marla,For Sale,4,4 days ago,"Top City 1, Islamabad, Islamabad Capital","Block A street no 6 House For Sale size. 10 marla Demand 449 lac Looking for the most trusted 10 Marla options. Here is something to consider. If you are looking to buy the best House in the prime locality in Islamabad, we can help! This comfortable property is available for sale. The right property for you in Top City 1 - Block A is right within your reach. The Islamabad is a good choice for your next chapter in life. Make this ideal property yours at a bargain price of Rs. 44900000. Features of property as follow. A central heating system in the House is convenient for everyone to operate. Rising temperatures can be detrimental to health but indoors you can stay safe with central air-conditioning that is part of the House. Having a community swimming pool is an amenity that one can't deny. Differently-abled people will find this House easy to navigate, as it is developed to incorporate their needs. Double Glazed windows are a perfect solution to outside noise. Your personal space can stay personal with a powder room in the home. In hardly a few minutes by walk, you can find a mosque near the House. We are just a phone call away, contact us now!","Built in year: 2020, Parking Spaces: 1, Double Glazed Windows, Central Air Conditioning, Central Heating, Flooring, Electricity Backup, Waste Disposal, Floors: 2, Other Main Features, Furnished","Bedrooms: 4, Bathrooms: 4, Servant Quarters: 1, Drawing Room, Dining Room, Kitchens: 1, Study Room, Prayer Room, Powder Room, Gym, Store Rooms: 1, Steam Room, Lounge or Sitting Room, Laundry Room, Other Rooms","Broadband Internet Access, Satellite or Cable TV Ready, Intercom, Other Business and Communication Facilities","Community Lawn or Garden, Community Swimming Pool, Community Gym, First Aid or Medical Centre, Day Care Centre, Kids Play Area, Barbeque Area, Mosque, Community Centre, Other Community Facilities","Lawn or Garden, Swimming Pool, Sauna, Jacuzzi, Other Healthcare and Recreation Facilities","Nearby Schools, Nearby Hospitals, Nearby Shopping Malls, Nearby Restaurants, Distance From Airport (kms), Nearby Public Transport Service, Other Nearby Places","Maintenance Staff, Security Staff, Facilities for Disabled, Other Facilities",,,
https://www.zameen.com/Property/top_city_1_top_city_1_-_block_d_corner_most_prime_location_house_for_sale_in_top_city-53122991-9233-1.html,House,PKR4.45 Crore,6,10 Marla,For Sale,5,4 days ago,"Top City 1, Islamabad, Islamabad Capital","Corner House at Very Prime Location Near To Market Masjid Market And Main Boulevard on 50 Feet Wide Road All categories Plots and Houses Available at Top city in best Market Rates. Kanal 10 Marla 5 Marla Corner, Parkface Commercial and Residential Briqs Developer And Marketing Offer A Prime Location Residential Plot In Top City 1 Islamabad 5 Marla 10 Marla and Kanal Also Commercial in All Catergries. The ideal location of TopCity-1 near Kashmir Highway, is one of its most attractive features. Although the housing society is located at a 20-minute drive from downtown G 11 Markaz Islamabad, it can be easily accessed through Kashmir Highway, Lahore and Islamabad Motorways and Grand Trunk Road. The new Islamabad International Airport is also situated at a distance of approximately 3 kilometers from TopCity-1. That means it will take residents just 5 minutes to reach the airport through New Islamabad Airport Road. It is also connected by a grand and an exclusive Interchange making a Loop on Kashmir Highway giving direct access to residents in TopCity-1. The under development public transit metro bus service connects TopCity-1 through two terminals while the International CPEC City is located at a short distance.","Parking Spaces: 5, Double Glazed Windows, Flooring, Electricity Backup, Waste Disposal, Floors: 1","Bedrooms: 6, Bathrooms: 6, Servant Quarters: 2, Drawing Room, Dining Room, Kitchens: 2, Study Room, Store Rooms: 2",,Community Lawn or Garden,Lawn or Garden,"Nearby Schools, Nearby Hospitals, Nearby Shopping Malls, Nearby Restaurants, Nearby Public Transport Service, Other Nearby Places",,,,
https://www.zameen.com/Property/top_city_1_top_city_1_-_block_a_brand_new_solid_beautiful_house_for_sale-53225727-9231-1.html,House,PKR4.8 Crore,5,10 Marla,For Sale,5,4 days ago,"Top City 1, Islamabad, Islamabad Capital","All categories Plots Available at Top city in best Market Rates. Kanal 10 Marla 5 Marla Corner, Parkface Commercial and Residential Briqs Developer And Marketing Offer A Prime Location Residential Plot In Top City 1 Islamabad 5 Marla 10 Marla and Kanal Also Commercial in All Catergries. The ideal location of TopCity-1 near Kashmir Highway, is one of its most attractive features. Although the housing society is located at a 20-minute drive from downtown G 11 Markaz Islamabad, it can be easily accessed through Kashmir Highway, Lahore and Islamabad Motorways and Grand Trunk Road. The new Islamabad International Airport is also situated at a distance of approximately 3 kilometers from TopCity-1. That means it will take residents just 5 minutes to reach the airport through New Islamabad Airport Road. It is also connected by a grand and an exclusive Interchange making a Loop on Kashmir Highway giving direct access to residents in TopCity-1. The under development public transit metro bus service connects TopCity-1 through two terminals while the International CPEC City is located at a short distance.","Built in year: 2024, Flooring, Floors: 2","Bedrooms: 5, Bathrooms: 6, Servant Quarters: 1, Drawing Room, Dining Room, Kitchens: 2, Store Rooms: 1",,"Community Lawn or Garden, Community Gym, First Aid or Medical Centre, Kids Play Area, Mosque, Community Centre",,"Nearby Schools, Nearby Hospitals, Nearby Shopping Malls, Nearby Restaurants, Distance From Airport (kms)",,,,
https://www.zameen.com/Property/naval_anchorage_naval_anchorage_-_block_g_5_marla_brand_new_and_state_of_art_solid_constructed_house_is_for_sale-53167243-9158-1.html,House,PKR2.5 Crore,5,5 Marla,For Sale,4,6 days ago,"Naval Anchorage, Islamabad, Islamabad Capital","On a solid land , an artistically designed and solid constructed house is available for sale","Built in year: 2025, Parking Spaces: 3, Flooring, Electricity Backup, Floors: 3, Furnished","Bedrooms: 6, Bathrooms: 7, Servant Quarters: 2, Drawing Room, Dining Room, Kitchens, Study Room, Prayer Room, Powder Room, Gym, Store Rooms, Lounge or Sitting Room, Laundry Room","Broadband Internet Access, Satellite or Cable TV Ready, Intercom",,"Lawn or Garden, Jacuzzi","Nearby Schools, Nearby Hospitals, Nearby Shopping Malls, Nearby Restaurants, Distance From Airport (kms)",,,,
https://www.zameen.com/Property/dha_defence_phase_1_dha_phase_1_-_sector_f_classic_design_house_for_sale_in_dha-1_sector_f-52982350-8226-1.html,House,PKR14 Crore,7,1.1 Kanal,For Sale,7,2 weeks ago,"DHA Defence, Islamabad, Islamabad Capital","- Triple Story House With Special Proper Basement, Ground & First - Imported Accessories Installed - High Classic Wood Used in Doors - Top Nosh Finishing - Designer House 22 Marla - Solid Construction *****Ground Floor and First Floor******* Bed rooms . 7 Drawing room. 1 Dinning room. 1 Lounges. . . 3. (GF&FF Basement) Kitchens. . . . 3. (GF&FF Basement) Study/ gym. 2 Bathrooms. . . . 8 courtyard. 2 Laundry/utility room. . . 2 Store. . . 2 Terraces. . . 1","Built in year: 2024, Parking Spaces: 4, Double Glazed Windows, Central Air Conditioning, Central Heating, Flooring, Electricity Backup, Waste Disposal, Floors: 3, Other Main Features, Furnished","Bedrooms: 7, Bathrooms: 7, Servant Quarters: 2, Drawing Room, Dining Room, Kitchens: 2, Study Room, Prayer Room, Powder Room, Gym, Store Rooms: 1, Steam Room, Lounge or Sitting Room, Laundry Room, Other Rooms","Broadband Internet Access, Satellite or Cable TV Ready, Intercom, Other Business and Communication Facilities","Community Lawn or Garden, Community Swimming Pool, Community Gym, First Aid or Medical Centre, Day Care Centre, Kids Play Area, Barbeque Area, Mosque, Community Centre, Other Community Facilities","Lawn or Garden, Swimming Pool, Sauna, Jacuzzi, Other Healthcare and Recreation Facilities","Nearby Schools, Nearby Hospitals, Nearby Shopping Malls, Nearby Restaurants, Distance From Airport (kms), Nearby Public Transport Service, Other Nearby Places","Maintenance Staff, Security Staff, Facilities for Disabled, Other Facilities",,,
https://www.zameen.com/Property/top_city_1_top_city_1_-_block_a_a_block_10_marla_brand_new_house_for_sale-51868017-9231-1.html,House,PKR4 Crore,5,10 Marla,For Sale,5,2 days ago,"Top City 1, Islamabad, Islamabad Capital","Top City A block Very ideal Location Near Park Brand New double Story A Grade Construction Quality House is available for Sale. This stunning 10 Marla house is a masterpiece of modern architecture, boasting sleek designs, spacious rooms, and top-notch finishes. for more information feel free to contact with us","Built in year: 2024, Parking Spaces: 2, Double Glazed Windows, Central Air Conditioning, Central Heating, Flooring, Electricity Backup, Waste Disposal, Floors: 2, Other Main Features, Furnished","Bedrooms: 5, Bathrooms: 5, Servant Quarters: 1, Drawing Room, Dining Room, Kitchens: 2, Study Room, Prayer Room, Powder Room, Gym, Store Rooms: 1, Steam Room, Lounge or Sitting Room, Laundry Room, Other Rooms","Broadband Internet Access, Satellite or Cable TV Ready, Intercom, Other Business and Communication Facilities","Community Lawn or Garden, Community Swimming Pool, Community Gym, First Aid or Medical Centre, Day Care Centre, Kids Play Area, Barbeque Area, Mosque, Community Centre, Other Community Facilities","Lawn or Garden, Swimming Pool, Sauna, Jacuzzi, Other Healthcare and Recreation Facilities","Nearby Schools, Nearby Hospitals, Nearby Shopping Malls, Nearby Restaurants, Distance From Airport (kms), Nearby Public Transport Service, Other Nearby Places","Maintenance Staff, Security Staff, Facilities for Disabled, Other Facilities",,,
https://www.zameen.com/Property/i_12_i-12_1_i-12_1_corner_5th_floor_d-type_flat_all_dues_clear-52673279-13800-1.html,Flat,PKR68 Lakh,2,3.9 Marla,For Sale,2,2 days ago,"I-12, Islamabad, Islamabad Capital","Margalla Face Flat. D-Type (870 Sqft). All Dues Clear. Investment Opportunity. Direct Owner Meeting. Documents Available. Note: All Kinds Of Flats And Plots Available In I-12, Islamabad. Please Contact At Your Convenience.","Built in year: 2026, Parking Spaces, Lobby in Building, Double Glazed Windows, Central Air Conditioning, Central Heating, Flooring, Electricity Backup, Waste Disposal, Floor: 5, Floors in Building: 9, Elevators: 2, Service Elevators in Building, Other Main Features, Furnished","Bedrooms: 2, Bathrooms: 2, Servant Quarters: 2, Drawing Room, Dining Room, Kitchens: 1, Study Room, Prayer Room, Powder Room, Gym, Store Rooms: 1, Steam Room, Lounge or Sitting Room, Laundry Room","Broadband Internet Access, Satellite or Cable TV Ready, Business Center or Media Room in Building, Conference Room in Building, Intercom, ATM Machines, Other Business and Communication Facilities","Community Lawn or Garden, Community Swimming Pool, Community Gym, First Aid or Medical Centre, Day Care Centre, Kids Play Area, Barbeque Area, Mosque, Community Centre, Other Community Facilities","Sauna, Jacuzzi, Other Healthcare and Recreation Facilities","Nearby Schools, Nearby Hospitals, Nearby Shopping Malls, Nearby Restaurants, Distance From Airport (kms), Nearby Public Transport Service, Other Nearby Places","Maintenance Staff, Security Staff, Laundry or Dry Cleaning Facility, Communal/Shared Kitchen, Facilities for Disabled, Pets Allowed, Other Facilities",,,
https://www.zameen.com/Property/i_12_i-12_1_i-12_1_ground_floor_d-type_flat_top_location-52685891-13800-1.html,Flat,PKR85 Lakh,2,3.9 Marla,For Sale,2,2 days ago,"I-12, Islamabad, Islamabad Capital","All Dues Clear Flat. D-Type (870 Sqft). Investment Opportunity. Direct Owner Meeting. Documents Available. Note: All Kinds of Flats and Plots available in I-12, Islamabad. Please contact at your Convenience.","Built in year: 2026, Parking Spaces, Lobby in Building, Double Glazed Windows, Central Air Conditioning, Central Heating, Flooring, Electricity Backup, Waste Disposal, Floor, Floors in Building: 9, Elevators: 2, Other Main Features, Furnished","Bedrooms: 2, Bathrooms: 2, Servant Quarters: 2, Drawing Room, Dining Room, Kitchens: 1, Study Room, Prayer Room, Powder Room, Gym, Store Rooms: 1, Steam Room, Lounge or Sitting Room, Laundry Room, Other Rooms","Broadband Internet Access, Satellite or Cable TV Ready, Intercom, Other Business and Communication Facilities","Community Lawn or Garden, Community Swimming Pool, Community Gym, First Aid or Medical Centre, Day Care Centre, Kids Play Area, Barbeque Area, Mosque, Community Centre, Other Community Facilities","Sauna, Jacuzzi, Other Healthcare and Recreation Facilities","Nearby Schools, Nearby Hospitals, Nearby Shopping Malls, Nearby Restaurants, Distance From Airport (kms), Nearby Public Transport Service, Other Nearby Places","Maintenance Staff, Security Staff, Facilities for Disabled, Pets Allowed, Other Facilities",,,
https://www.zameen.com/Property/i_12_i-12_1_i-12_1_z-block_3rd_floor_top_located_e-type_flat-52686046-13800-1.html,Flat,PKR58 Lakh,2,3.2 Marla,For Sale,2,2 days ago,"I-12, Islamabad, Islamabad Capital","All Dues Clear Flat. Last Installment Paid in December 2025. Sunface Flat. E-Type (710 Sqft). Investment Opportunity. Direct Owner Meeting. Documents Available. Note: All Kinds of Flats and Plots available in I-12, Islamabad. Please contact at your Convenience.","Built in year: 2025, Parking Spaces, Lobby in Building, Double Glazed Windows, Central Air Conditioning, Central Heating, Flooring, Electricity Backup, Floor: 3, Floors in Building: 9, Elevators: 2, Furnished","Bedrooms: 2, Bathrooms: 2, Servant Quarters: 1, Drawing Room, Dining Room, Kitchens: 1, Study Room, Store Rooms: 1, Lounge or Sitting Room",Other Business and Communication Facilities,"Community Lawn or Garden, Community Gym, Kids Play Area, Mosque, Other Community Facilities",Other Healthcare and Recreation Facilities,"Nearby Schools, Nearby Hospitals, Nearby Shopping Malls, Nearby Restaurants, Distance From Airport (kms), Nearby Public Transport Service","Maintenance Staff, Security Staff, Laundry or Dry Cleaning Facility, Communal/Shared Kitchen, Facilities for Disabled, Pets Allowed, Other Facilities",,,
https://www.zameen.com/Property/islamabad_bhara_kahu_7_marla_double_story_corner_house_sale_in_bhara_kahu-53332586-156-1.html,House,PKR1.5 Crore,6,7 Marla,For Sale,6,2 months ago,"Bhara kahu, Islamabad, Islamabad Capital",7 Marla Double Story Corner House Sale in bhara Kahu 4 bedrooms 2 drawing Rooms 6 Attched Bathrooms 1 car parking Electricity +Water Available location =Seri Chowk Bhara Kahu Islamabad,"Parking Spaces: 1, Flooring, Waste Disposal","Bedrooms: 5, Bathrooms: 6, Drawing Room, Kitchens: 2, Gym, Lounge or Sitting Room, Laundry Room","Broadband Internet Access, Satellite or Cable TV Ready","First Aid or Medical Centre, Mosque",,"Nearby Schools, Nearby Hospitals, Nearby Restaurants, Distance From Airport (kms), Nearby Public Transport Service",,,,
https://www.zameen.com/Property/gulberg_gulberg_greens_1_bed_apartment_available_for_sale-53109790-8312-1.html,Flat,PKR90 Lakh,1,2.4 Marla,For Sale,1,6 days ago,"Gulberg, Islamabad, Islamabad Capital","Gulberg Green Islamabad Apartment Available For sale Flat you've been looking for is available at the best price, so take action today. 550 Square Feet Flat is available for sale in the best location. We've just got the perfect deal for you. Gulberg Greens is best for living, renting or investment purposes. Islamabad is offering a good number of options through which you can experience the urban life at its best. You can look everywhere but a price of PKR Rs. 9000000 for this kind of property is the best you will find. Find out why this property is the best option for you below. A well-managed mosque near the Flat is ideal for community building. There is a community lawn at a walking distance from the Flat. The Flat features state-of-the-art amenities for the differently-abled. You can easily host a 3-course dinner party in this large dining room that comes with this Flat. You can avail the laundry service neat the Flat for your clothes and bedsheets. Double glazed windows in the Flat helps maintain the temperature inside. You can hang out in the apartment's lobby while you wait. For complete information about the property, contact us today and our representative will guide you.","Built in year: 2015, Parking Spaces: 1, Lobby in Building, Double Glazed Windows, Central Air Conditioning, Central Heating, Flooring, Electricity Backup, Waste Disposal, Floor: 3, Floors in Building: 6, Elevators: 2, Service Elevators in Building, Other Main Features, Furnished","Bedrooms: 3, Bathrooms: 2, Servant Quarters: 1, Drawing Room, Dining Room, Kitchens: 1, Study Room, Prayer Room, Powder Room, Gym, Store Rooms: 1, Steam Room, Lounge or Sitting Room, Laundry Room, Other Rooms","Broadband Internet Access, Satellite or Cable TV Ready, Business Center or Media Room in Building, Conference Room in Building, Intercom, ATM Machines, Other Business and Communication Facilities","Community Lawn or Garden, Community Swimming Pool, Community Gym, First Aid or Medical Centre, Day Care Centre, Kids Play Area, Barbeque Area, Mosque, Community Centre, Other Community Facilities","Sauna, Jacuzzi, Other Healthcare and Recreation Facilities","Nearby Schools, Nearby Hospitals, Nearby Shopping Malls, Nearby Restaurants, Distance From Airport (kms), Nearby Public Transport Service, Other Nearby Places","Maintenance Staff, Security Staff, Laundry or Dry Cleaning Facility, Communal/Shared Kitchen, Facilities for Disabled, Pets Allowed, Other Facilities",,,
https://www.zameen.com/Property/mumtaz_city_mumtaz_city_-_chanab_block_brand_new_1250_square_feet_house_available_in_mumtaz_city_-_chanab_block_for_sale-53230879-14993-1.html,House,PKR3.2 Crore,5,7 Marla,For Sale,4,4 days ago,"Mumtaz City, Islamabad, Islamabad Capital","Islamabad Property Solutions Offer A Prime Location Luxury Full House Is Available For Sale 04 Bedroom With Attach Bath Gas Meter Restored 2 Drawing Dining 2 Tv Lounge 2 Kitchen 1 Car parking Space Fully Tile Flooring Near By Park, Masjid, School, Hospital, Market, And Srinagar Highway Ideal And Peace Full location Nice House Wide streets Nearby commercial and public parks with kids play area. This House is in one of the most leading and Emerging sector of Islamabad. Fully Tille Flooring All Facilities Are Available More Details Please Contact us And Arrange Visit","Built in year: 2015, Parking Spaces: 2, Double Glazed Windows, Central Air Conditioning, Central Heating, Flooring, Electricity Backup, Waste Disposal, Floors: 13, Other Main Features","Bedrooms: 10, Bathrooms: 10, Servant Quarters: 2, Drawing Room, Dining Room, Kitchens: 2, Study Room, Prayer Room, Powder Room, Gym, Store Rooms: 1, Steam Room, Lounge or Sitting Room, Laundry Room, Other Rooms","Broadband Internet Access, Satellite or Cable TV Ready, Intercom, Other Business and Communication Facilities","Community Lawn or Garden, Community Swimming Pool, Community Gym, First Aid or Medical Centre, Day Care Centre, Kids Play Area, Barbeque Area, Mosque, Community Centre, Other Community Facilities","Sauna, Jacuzzi, Other Healthcare and Recreation Facilities","Nearby Schools, Nearby Hospitals, Nearby Shopping Malls, Nearby Restaurants, Distance From Airport (kms), Nearby Public Transport Service, Other Nearby Places","Maintenance Staff, Security Staff, Facilities for Disabled, Other Facilities",,,
https://www.zameen.com/Property/d_12_d-12_1_4_5_marla_luxury_house_for_sale_sector_d-12_1_markaz_islamabad-53148676-3154-1.html,House,PKR4.75 Crore,3,4.5 Marla,For Sale,3,2 weeks ago,"D-12, Islamabad, Islamabad Capital","Abdullah Property & Builders Pvt. Ltd proudly presents a 4.5-Marla house for sale in Sector D-12/1 Markaz Islamabad. Dont miss this rare opportunity, ideal for families and investors alike. Location: Prime location in Sector D-12/1 Markaz, Islamabad Size: 4.5 Marla Dimension: 25/40 Bedrooms: 3 (with attached baths) Kitchen: Open-style Italian kitchen Parking: Spacious car porch Utilities: Water & electricity meters installed Demand: PKR 4.75 Crore Property Highlights: Modern luxury design with premium construction Spacious bedrooms with attached baths Located in the heart of D-12 Markaz a highly sought-after area Surrounded by schools, markets, and all major facilities Ideal for families seeking comfort & convenience Ideal for families or investors seeking high value returns For Details & Visit Contact: Abdullah Property & Builders Pvt. Ltd. Your Trusted Real Estate Partner in Islamabad For More Details View Contact Detail , View Contact Detail , View Contact Detail","Built in year: 2025, Parking Spaces, Double Glazed Windows, Flooring, Waste Disposal, Floors: 2, Furnished","Bedrooms: 3, Bathrooms: 3, Drawing Room, Dining Room, Kitchens: 2, Lounge or Sitting Room, Laundry Room","Broadband Internet Access, Satellite or Cable TV Ready","Community Lawn or Garden, Kids Play Area, Mosque","Lawn or Garden, Sauna, Jacuzzi","Nearby Schools, Nearby Hospitals, Nearby Shopping Malls, Nearby Restaurants, Other Nearby Places",,,,
https://www.zameen.com/Property/islamabad_f-8_spacious_livable_house_for_sale_in_f-8-52846036-166-1.html,House,PKR64.5 Crore,7,4 Kanal,For Sale,11,2 weeks ago,"F-8, Islamabad, Islamabad Capital","Attached Images Are for Reference Purpose Only Chohan HAY Estate Offers: - Good Livable House - 4 Kanal (2000 Sqyds) - 100x180 Dimensions - Double Story House - CDA Transfer - Bedrooms with Modern Attached Bathrooms - Drawing, Dining, and TV Lounge - Huge Size Lawn - Naturally Bright & Airy Interior - Servant Quarters - Huge Car Parking - Highly Secure Living Environment - Excellent Opportunity for Renovation or New Construction - Dont Waste Your Time, Just Grab This Prime Investment Opportunity For more information and additional options, kindly contact the mentioned numbers or visit Chohan HAY Estate.","Parking Spaces, Flooring, Floors, Other Main Features","Bedrooms, Bathrooms, Servant Quarters, Drawing Room, Dining Room, Kitchens, Study Room, Powder Room, Store Rooms, Steam Room, Lounge or Sitting Room, Laundry Room","Broadband Internet Access, Satellite or Cable TV Ready, Intercom","Community Lawn or Garden, Community Swimming Pool, Community Gym, First Aid or Medical Centre, Day Care Centre, Kids Play Area, Barbeque Area, Mosque, Community Centre","Lawn or Garden, Swimming Pool, Sauna, Jacuzzi","Nearby Schools, Nearby Hospitals, Nearby Shopping Malls, Nearby Restaurants, Distance From Airport (kms), Nearby Public Transport Service, Other Nearby Places","Maintenance Staff, Security Staff, Facilities for Disabled",,,
https://www.zameen.com/Property/dha_defence_dha_defence_phase_2_1_kanal_designer_house_on_prime_location_near_central_park-52992044-339-1.html,House,PKR11.5 Crore,6,1 Kanal,For Sale,6,1 month ago,"DHA Defence, Islamabad, Islamabad Capital",Sector H 6 bedroom 7 Bathroom 2 TV lounge 2 Drawing room 2 servant quarter 2 Kitchen Parking space for 3 cars Call now for more info For visit contact,"Built in year: 2025, Parking Spaces: 3, Double Glazed Windows, Central Air Conditioning, Central Heating, Flooring, Electricity Backup, Waste Disposal, Floors: 2, Other Main Features, Furnished","Bedrooms: 5, Bathrooms: 6, Servant Quarters: 2, Drawing Room, Dining Room, Kitchens: 2, Study Room, Prayer Room, Powder Room, Gym, Store Rooms: 2, Steam Room, Lounge or Sitting Room, Laundry Room, Other Rooms","Broadband Internet Access, Satellite or Cable TV Ready, Intercom, Other Business and Communication Facilities","Community Lawn or Garden, Community Swimming Pool, Community Gym, First Aid or Medical Centre, Day Care Centre, Kids Play Area, Barbeque Area, Mosque, Community Centre, Other Community Facilities","Lawn or Garden, Swimming Pool, Sauna, Jacuzzi, Other Healthcare and Recreation Facilities","Nearby Schools, Nearby Hospitals, Nearby Shopping Malls, Nearby Restaurants, Distance From Airport (kms), Nearby Public Transport Service, Other Nearby Places","Maintenance Staff, Security Staff, Facilities for Disabled, Other Facilities",,,
https://www.zameen.com/Property/dha_defence_dha_defence_phase_2_10_marla_beautiful_house_for_sale-53084383-339-1.html,House,PKR7.5 Crore,6,10 Marla,For Sale,5,3 weeks ago,"DHA Defence, Islamabad, Islamabad Capital","This house offers modern architecture, elegant interiors, and a peaceful environment, perfect for your familys comfort and lifestyle. It's a home that combines luxury and practicality. Near to Central Park Near to Giga Mall Near to masjid & commercial DHA Phase 2, Islamabad (Sector E) Property Details: 5 Spacious Bedrooms 6 Modern Bathrooms 2 Comfortable TV Lounges 1 Elegant Drawing Room 1 Servant Quarter 2 Stylish Kitchen Demand: PKR 7.75 Crore For Visit & Details","Built in year: 2025, Parking Spaces: 2, Double Glazed Windows, Central Air Conditioning, Flooring, Electricity Backup, Waste Disposal, Floors: 2","Bedrooms: 5, Bathrooms: 6, Servant Quarters: 1, Drawing Room, Dining Room, Kitchens: 2, Study Room, Prayer Room","Broadband Internet Access, Satellite or Cable TV Ready, Intercom","Community Lawn or Garden, Community Swimming Pool, Community Gym, First Aid or Medical Centre, Day Care Centre, Kids Play Area, Barbeque Area, Mosque, Community Centre","Lawn or Garden, Swimming Pool, Sauna, Jacuzzi","Nearby Schools, Nearby Hospitals, Nearby Shopping Malls, Nearby Restaurants, Distance From Airport (kms), Nearby Public Transport Service, Other Nearby Places","Maintenance Staff, Security Staff, Facilities for Disabled, Other Facilities",,,
https://www.zameen.com/Property/dha_defence_dha_defence_phase_2_12_marla_house_for_sale-52992148-339-1.html,House,PKR7.5 Crore,6,12 Marla,For Sale,5,3 weeks ago,"DHA Defence, Islamabad, Islamabad Capital","12 Beautiful Designer Corner House Available For Sale In DHA Phase 2 Islamabad Sector E 2 Marla Extra Lane Near Central Park , Market &Amp;Amp;Masjid 5 Bedroom 6 Bathroom 2 TV Lounge Drawing Room Servant Quarter 2 Kitchen Demand 7.50 Crore For Visit Contact: Usama Razzaq","Built in year: 2025, Parking Spaces: 2, Double Glazed Windows, Central Air Conditioning, Central Heating, Flooring, Electricity Backup, Waste Disposal, Floors: 2, Other Main Features, Furnished","Bedrooms: 5, Bathrooms: 6, Servant Quarters: 1, Drawing Room, Dining Room, Kitchens: 2, Study Room, Prayer Room, Powder Room, Gym, Store Rooms: 1, Steam Room, Lounge or Sitting Room, Laundry Room, Other Rooms","Broadband Internet Access, Satellite or Cable TV Ready, Intercom, Other Business and Communication Facilities","Community Lawn or Garden, Community Swimming Pool, Community Gym, First Aid or Medical Centre, Day Care Centre, Kids Play Area, Barbeque Area, Mosque, Community Centre, Other Community Facilities","Lawn or Garden, Swimming Pool, Sauna, Jacuzzi, Other Healthcare and Recreation Facilities","Nearby Schools, Nearby Hospitals, Nearby Shopping Malls, Nearby Restaurants, Distance From Airport (kms), Nearby Public Transport Service, Other Nearby Places","Maintenance Staff, Security Staff, Facilities for Disabled, Other Facilities",,,
https://www.zameen.com/Property/bahria_garden_city_bahria_garden_city_-_zone_1_30_marla_structure_villa_for_sale_in_garden_city-51240186-10605-1.html,House,PKR8.5 Crore,5,1.4 Kanal,For Sale,5,15 hours ago,"Bahria Town, Islamabad, Islamabad Capital","- 70 Percent Work Done - Real Pictures Attached . . . . Garden City Zone 1 - Inter Wood Doors Ready For Install - Size 30 Marla , Very Prime Street - Front Back Lawn - Direct Meeting With Owner - Contact Us For Visit Any Time Or More Information &Amp; Options - We Are Dealing In Bahria Garden City","Built in year: 2023, Parking Spaces, Double Glazed Windows, Central Air Conditioning, Central Heating, Flooring, Electricity Backup, Waste Disposal, Floors: 2, Other Main Features, Furnished","Bedrooms: 5, Bathrooms: 6, Servant Quarters: 1, Drawing Room, Dining Room, Kitchens: 2, Study Room, Prayer Room, Powder Room, Gym, Store Rooms: 1, Steam Room, Lounge or Sitting Room, Laundry Room, Other Rooms","Broadband Internet Access, Satellite or Cable TV Ready, Intercom, Other Business and Communication Facilities","Community Lawn or Garden, Community Swimming Pool, Community Gym, First Aid or Medical Centre, Day Care Centre, Kids Play Area, Barbeque Area, Mosque, Community Centre, Other Community Facilities","Lawn or Garden, Swimming Pool, Sauna, Jacuzzi, Other Healthcare and Recreation Facilities","Nearby Schools, Nearby Hospitals, Nearby Shopping Malls, Nearby Restaurants, Distance From Airport (kms), Nearby Public Transport Service, Other Nearby Places","Maintenance Staff, Security Staff, Facilities for Disabled, Other Facilities",,,
https://www.zameen.com/Property/b_17_mpchs_-_multi_gardens_kanal_house_for_sale_in_c_block_at_very_investor_rate_10_kv_solar_system_installed-52855465-3115-1.html,House,PKR6.9 Crore,6,1 Kanal,For Sale,6,1 week ago,"B-17, Islamabad, Islamabad Capital",House For Sale At Very Prime Location B17 Islamabad Near To Park School And Markaz Near To Main Markaz,"Parking Spaces, Double Glazed Windows, Central Air Conditioning, Central Heating, Flooring, Electricity Backup, Waste Disposal, Other Main Features, Furnished","Bedrooms: 2, Bathrooms: 2, Drawing Room, Dining Room, Kitchens, Study Room, Prayer Room, Powder Room, Steam Room, Lounge or Sitting Room, Laundry Room, Other Rooms","Broadband Internet Access, Satellite or Cable TV Ready, Intercom, Other Business and Communication Facilities","Community Lawn or Garden, Community Swimming Pool, Community Gym, First Aid or Medical Centre, Day Care Centre, Kids Play Area, Barbeque Area, Mosque, Community Centre, Other Community Facilities",Other Healthcare and Recreation Facilities,"Nearby Schools, Nearby Hospitals, Nearby Shopping Malls, Nearby Restaurants, Nearby Public Transport Service, Other Nearby Places","Maintenance Staff, Security Staff, Facilities for Disabled, Other Facilities",,,
https://www.zameen.com/Property/dha_defence_dha_defence_phase_2_high_quality_corner_house_for_sale_in_dha_phase_2-53305624-339-1.html,House,PKR12.5 Crore,6,1 Kanal,For Sale,6,1 month ago,"DHA Defence, Islamabad, Islamabad Capital","For Sale: 1 Kanal Luxury House DHA Phase 2, Islamabad (Prime Location Close to Central Park) Demand: 12.50 Crore PKR 6 Bedrooms 2 TV Lounges Drawing Room + Dining Room 3-Car Parking Premium build quality & finishes Situated in a prime block near Central Park Managed by Al Arz Investments your trusted real-estate partner For enquiries & viewings, contact View Contact Detail (Al Arz Investments).","Built in year: 2025, Parking Spaces: 4, Double Glazed Windows, Central Air Conditioning, Central Heating, Flooring, Electricity Backup, Waste Disposal, Floors: 2, Other Main Features","Bedrooms: 6, Bathrooms: 7, Servant Quarters: 3, Drawing Room, Dining Room, Kitchens: 2, Study Room, Prayer Room, Powder Room, Store Rooms: 2, Steam Room, Lounge or Sitting Room, Laundry Room, Other Rooms","Broadband Internet Access, Satellite or Cable TV Ready, Intercom, Other Business and Communication Facilities","Community Lawn or Garden, Community Swimming Pool, Community Gym, First Aid or Medical Centre, Day Care Centre, Kids Play Area, Barbeque Area, Mosque, Community Centre, Other Community Facilities","Lawn or Garden, Swimming Pool, Sauna, Jacuzzi, Other Healthcare and Recreation Facilities","Nearby Schools, Nearby Hospitals, Nearby Shopping Malls, Nearby Restaurants, Distance From Airport (kms), Nearby Public Transport Service, Other Nearby Places","Maintenance Staff, Security Staff, Facilities for Disabled, Other Facilities",,,
https://www.zameen.com/Property/islamabad_pwd_housing_scheme_house_for_sale-53295104-424-1.html,House,PKR3.65 Crore,6,9.3 Marla,For Sale,5,1 week ago,"PWD Housing Scheme, Islamabad, Islamabad Capital",Beautiful House For Sale Size 30x70 Five Bedroom And Attached Bathroom DD TV Lounge Kitchen Car Porch Ele Gas Water Boring All Facilities Available,"Built in year: 2024, Parking Spaces: 1, Double Glazed Windows, Central Air Conditioning, Central Heating, Flooring, Electricity Backup, Waste Disposal, Floors: 1, Other Main Features","Bedrooms: 3, Bathrooms: 3, Servant Quarters: 1, Drawing Room, Dining Room, Kitchens: 2, Study Room, Prayer Room, Powder Room, Gym, Store Rooms: 1, Steam Room, Lounge or Sitting Room, Laundry Room, Other Rooms","Broadband Internet Access, Satellite or Cable TV Ready, Intercom, Other Business and Communication Facilities","Community Lawn or Garden, Community Swimming Pool, Community Gym, First Aid or Medical Centre, Day Care Centre, Kids Play Area, Barbeque Area, Mosque, Community Centre, Other Community Facilities","Lawn or Garden, Swimming Pool, Sauna, Jacuzzi, Other Healthcare and Recreation Facilities","Nearby Schools, Nearby Hospitals, Nearby Shopping Malls, Nearby Restaurants, Distance From Airport (kms), Nearby Public Transport Service, Other Nearby Places","Maintenance Staff, Security Staff, Facilities for Disabled, Other Facilities",,,
https://www.zameen.com/Property/dha_defence_phase_2_defence_executive_apartments_luxury_2_bedroom_apartment_for_sale-53291209-9615-1.html,Flat,PKR1.65 Crore,2,6.8 Marla,For Sale,2,2 weeks ago,"DHA Defence, Islamabad, Islamabad Capital",Property features Defense executive apartments 2 bedroom Attached bath TV lounge Kitchen Specious balcony Store room Size 1523 sq ft. 5 heavy duty lifts available in building Maintenance staff Security staff Walking distance from masjid & commercial Direct access from main GT road For further details & visit please contact us:,"Built in year: 2020, Parking Spaces: 2, Lobby in Building, Double Glazed Windows, Central Air Conditioning, Central Heating, Flooring, Electricity Backup, Waste Disposal, Floor: 12, Floors in Building: 18, Elevators: 5, Service Elevators in Building, Other Main Features, Furnished","Bedrooms: 2, Bathrooms: 2, Drawing Room, Dining Room, Kitchens: 1, Study Room, Prayer Room, Powder Room, Gym, Store Rooms: 1, Steam Room, Lounge or Sitting Room, Laundry Room, Other Rooms","Broadband Internet Access, Satellite or Cable TV Ready, Business Center or Media Room in Building, Conference Room in Building, Intercom, ATM Machines, Other Business and Communication Facilities","Community Lawn or Garden, Community Swimming Pool, Community Gym, First Aid or Medical Centre, Day Care Centre, Kids Play Area, Barbeque Area, Mosque, Community Centre, Other Community Facilities","Sauna, Jacuzzi, Other Healthcare and Recreation Facilities","Nearby Schools, Nearby Hospitals, Nearby Shopping Malls, Nearby Restaurants, Distance From Airport (kms), Nearby Public Transport Service, Other Nearby Places","Maintenance Staff, Security Staff, Laundry or Dry Cleaning Facility, Communal/Shared Kitchen, Facilities for Disabled, Pets Not Allowed, Other Facilities",,,
https://www.zameen.com/Property/gulberg_greens_gulberg_greens_-_block_a_the_plaza_three_bed_two_bed_categories_flats_available_for_sale_corner_plus_farmhouse_facing-53118500-8313-1.html,Flat,PKR3.15 Crore,3,8 Marla,For Sale,3,2 days ago,"Gulberg, Islamabad, Islamabad Capital",The Plazo Threee Bed Two Bed Categories Flats Available For Sale Lake Facing Farm House Facing Main Road Facing Margalla Facing 1200 Sqft To 3300sqft Flats Available Different Levels Direct Allotee Meeting Any Time Visit,"Built in year: 2025, Parking Spaces: 4, Lobby in Building, Double Glazed Windows, Central Air Conditioning, Central Heating, Flooring, Electricity Backup, Waste Disposal, Floor: 3, Floors in Building: 9, Elevators: 8, Service Elevators in Building, Other Main Features, Furnished","Bedrooms: 3, Bathrooms: 4, Servant Quarters: 1, Drawing Room, Dining Room, Kitchens: 1, Study Room, Prayer Room, Powder Room, Gym, Store Rooms: 1, Steam Room, Lounge or Sitting Room, Laundry Room, Other Rooms","Broadband Internet Access, Satellite or Cable TV Ready, Business Center or Media Room in Building, Conference Room in Building, Intercom, ATM Machines, Other Business and Communication Facilities","Community Lawn or Garden, Community Swimming Pool, Community Gym, First Aid or Medical Centre, Day Care Centre, Kids Play Area, Barbeque Area, Mosque, Community Centre, Other Community Facilities","Sauna, Jacuzzi, Other Healthcare and Recreation Facilities","Nearby Schools, Nearby Hospitals, Nearby Shopping Malls, Nearby Restaurants, Distance From Airport (kms), Nearby Public Transport Service, Other Nearby Places","Maintenance Staff, Security Staff, Laundry or Dry Cleaning Facility, Communal/Shared Kitchen, Facilities for Disabled, Pets Allowed, Other Facilities",,,
https://www.zameen.com/Property/gulberg_greens_smama_star_mall_residency_3_bed_furnished_apparments_available_for_sale_samama_star_direct_allotee-53117838-11278-1.html,Flat,PKR1.65 Crore,3,5.5 Marla,For Sale,3,2 days ago,"Gulberg, Islamabad, Islamabad Capital",3 bed furnished apparments available for sale more options available in different floor different facing,"Built in year: 2024, Parking Spaces: 2, Lobby in Building, Double Glazed Windows, Central Air Conditioning, Central Heating, Flooring, Electricity Backup, Waste Disposal, Floor: 5, Floors in Building: 9, Elevators: 8, Service Elevators in Building, Other Main Features, Furnished","Bedrooms: 3, Bathrooms: 3, Servant Quarters: 1, Drawing Room, Dining Room, Kitchens: 1, Study Room, Prayer Room, Powder Room, Gym, Store Rooms: 1, Steam Room, Lounge or Sitting Room, Laundry Room, Other Rooms","Broadband Internet Access, Satellite or Cable TV Ready, Business Center or Media Room in Building, Conference Room in Building, Intercom, ATM Machines, Other Business and Communication Facilities","Community Lawn or Garden, Community Swimming Pool, Community Gym, First Aid or Medical Centre, Day Care Centre, Kids Play Area, Barbeque Area, Mosque, Community Centre, Other Community Facilities","Sauna, Jacuzzi, Other Healthcare and Recreation Facilities","Nearby Schools, Nearby Hospitals, Nearby Shopping Malls, Nearby Restaurants, Distance From Airport (kms), Nearby Public Transport Service, Other Nearby Places","Maintenance Staff, Security Staff, Laundry or Dry Cleaning Facility, Communal/Shared Kitchen, Facilities for Disabled, Pets Allowed, Other Facilities",,,
https://www.zameen.com/Property/faisal_town_phase_1_faisal_town_phase_1_-_block_a_8_marla_brand_new_spanish_theme_double_unit_house_available_for_sale_in_faisal_town_f-18_islamabad-53225871-16416-1.html,House,PKR3.8 Crore,6,8 Marla,For Sale,5,6 days ago,"Faisal Town - F-18, Islamabad, Islamabad Capital","8 Marla Brand New Spanish theme Double Unit House Available. For Sale in Faisal Town F-18 Islamabad. House Size 30*60. Luxury house A+ construction Double Story. Double Unit. Near to masque 5Bedrooms. 6 Baths. 2 Drawing Dining. 2 Kitchen. 2 Study Rooms. Mumty + Washroom. Car Parking Space. Gas, Water Available Water Bore. Double Unit Ideal Location. Reasonable Price. Faisal Town F-18 is a Good Society for Residence. Because Neat and Clean. 24 Hours Security. All Basic and Necessary Facilities Available. Interested People Can Contact Easily.","Built in year: 2025, Parking Spaces: 1, Double Glazed Windows, Central Air Conditioning, Central Heating, Flooring, Electricity Backup, Waste Disposal, Floors: 2, Other Main Features","Bedrooms: 5, Bathrooms: 6, Servant Quarters: 1, Drawing Room, Dining Room, Kitchens: 2, Study Room, Prayer Room, Powder Room, Gym, Store Rooms: 1, Steam Room, Lounge or Sitting Room, Laundry Room, Other Rooms","Broadband Internet Access, Satellite or Cable TV Ready, Intercom, Other Business and Communication Facilities","Community Lawn or Garden, Community Swimming Pool, Community Gym, First Aid or Medical Centre, Day Care Centre, Kids Play Area, Barbeque Area, Mosque, Community Centre, Other Community Facilities","Lawn or Garden, Swimming Pool, Sauna, Jacuzzi, Other Healthcare and Recreation Facilities","Nearby Schools, Nearby Hospitals, Nearby Shopping Malls, Nearby Restaurants, Distance From Airport (kms), Nearby Public Transport Service, Other Nearby Places","Maintenance Staff, Security Staff, Facilities for Disabled, Other Facilities",,,
https://www.zameen.com/Property/dha_defence_phase_2_dha_phase_2_-_sector_b_brand_new_1_kanal_double_storey_house_for_sale_in_dha_ph_2_islamabad-52912423-3197-1.html,House,PKR13.9 Crore,7,1 Kanal,For Sale,5,1 month ago,"DHA Defence, Islamabad, Islamabad Capital","The 1 Kanal Double Storey House For Sale comes with top-notch fixtures and A construction which means that the home and luxuries it offers is well worth the Available at a Reasonable Price of PKR 13 Crore 90 Lakh. >Ideal Location. >5 Bedrooms >6 Bathrooms >2 TV lounge >2 Kitchen >Near By amenities School Mosque Hospital Banks Commercial Shops >are just a few steps away. >Other Facilities are also available, >The modern architecture, imported finishing materials, and beautiful >exteriors will make you fall in love with it >The house enjoys a perfect location of DHA 2 Islamabad which >means that you will have access to all the best options for education, >health, shopping, and entertainment just around the corner. >Buying this property will open up options for you. >It has been professionally designed so that both aesthetics and >functionality are at their best. >Take our word of advice and check it out. >This property helps you out for your searches on a House. > Beautifully design & Nice constructed.","Built in year: 2025, Parking Spaces: 3, Flooring, Electricity Backup, Floors","Bedrooms: 6, Bathrooms: 5, Servant Quarters: 1, Drawing Room, Dining Room, Kitchens: 2, Study Room, Store Rooms, Other Rooms",Broadband Internet Access,"Community Lawn or Garden, Community Swimming Pool, Community Gym, First Aid or Medical Centre, Day Care Centre, Kids Play Area, Barbeque Area, Mosque, Community Centre, Other Community Facilities",Lawn or Garden,"Nearby Schools, Nearby Hospitals, Nearby Shopping Malls, Nearby Restaurants, Distance From Airport (kms), Nearby Public Transport Service, Other Nearby Places",,,,
https://www.zameen.com/Property/islamabad_national_police_foundation_o-9_flat_for_sale_in_police_foundation_in_hpcl_project-53302321-331-1.html,Flat,PKR47 Lakh,2,2.9 Marla,For Sale,2,3 days ago,"National Police Foundation O-9, Islamabad, Islamabad Capital","Flat For Sale at 3rd Floor Best Place to Live in at 136 Bus Stop Close to Bahria Gate Opposite to Attock Pump Builder Transfer , Separate Electricity Meter , Separate Stairs For Flats For more details , Feel Free to Contact Us","Built in year, Parking Spaces, Flooring, Floors in Building: 5","Bedrooms: 2, Bathrooms: 2, Drawing Room, Dining Room, Kitchens, Prayer Room",Broadband Internet Access,"Community Lawn or Garden, Community Gym, Kids Play Area, Mosque",,"Nearby Schools, Nearby Hospitals, Nearby Shopping Malls, Nearby Restaurants, Distance From Airport (kms), Nearby Public Transport Service, Other Nearby Places",,,,
https://www.zameen.com/Property/islamabad_soan_garden_1_kanal_brand_new_house_for_sale-53152929-338-1.html,House,PKR7.5 Crore,6,1 Kanal,For Sale,6,2 days ago,"Soan Garden, Islamabad, Islamabad Capital",7 bedrooms with washrooms prime location near to market brand new house for sale near to main highway Peaceful Environment. Reasonable Demand. Interested Persons Welcome To Visit The Property. Please Feel Free To Call Us If You Need Further Details About It. We Request That Only Serious Individuals Contact Us To Make An Immediate Deal. Please Remember To Mention Zameen. Com When Calling.,"Built in year: 1, Parking Spaces: 4, Double Glazed Windows, Central Air Conditioning, Central Heating, Flooring, Electricity Backup, Waste Disposal, Floors: 02, Other Main Features, Furnished","Bedrooms: 05, Bathrooms: 05, Servant Quarters: 2, Drawing Room, Dining Room, Kitchens: 02, Study Room, Prayer Room, Powder Room, Gym, Store Rooms: 1, Steam Room, Lounge or Sitting Room, Laundry Room, Other Rooms","Broadband Internet Access, Satellite or Cable TV Ready, Intercom, Other Business and Communication Facilities","Community Lawn or Garden, Community Swimming Pool, Community Gym, First Aid or Medical Centre, Day Care Centre, Kids Play Area, Barbeque Area, Mosque, Community Centre, Other Community Facilities","Lawn or Garden, Swimming Pool, Sauna, Jacuzzi, Other Healthcare and Recreation Facilities","Nearby Schools, Nearby Hospitals, Nearby Shopping Malls, Nearby Restaurants, Distance From Airport (kms), Nearby Public Transport Service, Other Nearby Places","Maintenance Staff, Security Staff, Facilities for Disabled, Other Facilities",,,
https://www.zameen.com/Property/fechs_jinnah_gardens_7_marla_brand_new_house_for_sale-53144920-1420-1.html,House,PKR3.45 Crore,6,7 Marla,For Sale,5,6 days ago,"FECHS, Islamabad, Islamabad Capital","Brand new double story house for sale in Jinnah garden. LOP clear, CDA Approved. 2 kitchens 7 baths 5 beds Porch for 2 cars near to market ,masjid,school,park and haiway","Built in year: 1, Parking Spaces: 2, Double Glazed Windows, Central Air Conditioning, Central Heating, Flooring, Electricity Backup, Waste Disposal, Floors: 4, Other Main Features, Furnished","Bedrooms: 5, Bathrooms: 6, Servant Quarters: 1, Drawing Room, Dining Room, Kitchens: 1, Study Room, Prayer Room, Powder Room, Gym, Store Rooms: 1, Steam Room, Lounge or Sitting Room, Laundry Room, Other Rooms","Broadband Internet Access, Satellite or Cable TV Ready, Intercom, Other Business and Communication Facilities","Community Lawn or Garden, Community Swimming Pool, Community Gym, First Aid or Medical Centre, Day Care Centre, Kids Play Area, Barbeque Area, Mosque, Community Centre, Other Community Facilities","Lawn or Garden, Other Healthcare and Recreation Facilities","Nearby Schools, Nearby Hospitals, Nearby Shopping Malls, Nearby Restaurants, Distance From Airport (kms), Nearby Public Transport Service, Other Nearby Places","Maintenance Staff, Security Staff, Facilities for Disabled, Other Facilities",,,
https://www.zameen.com/Property/margalla_hills_2_capital_residencia_three_bedroom_luxury_apartment_available_for_sale-52672388-10573-1.html,Flat,PKR2.4 Crore,3,8.4 Marla,For Sale,3,1 month ago,"E-11, Islamabad, Islamabad Capital",Capital residencia Sector E 11 4 Islamabad 12 3 Bedroom Apartments Available For Rent and sale Amenities: Family Residence Only 24 7 Security Services CCTV Monitored Secure Environment ETag Assisted Dedicated Car Parking 24 7 Reception Staff High Speed Passenger Elevators Backup Power Supply Water Filtration Plant Fire Fighting System Excellent Maintenance Services Cleaning Garbage Disposal Staff Separate Gas Electricity Meters Location capitals residencia main margala roadway,"Built in year: 2024, Parking Spaces: 4, Double Glazed Windows, Central Air Conditioning, Central Heating, Flooring, Electricity Backup, Waste Disposal, Other Main Features, Furnished","Bedrooms: 6, Bathrooms: 7, Servant Quarters: 2, Drawing Room, Dining Room, Kitchens: 2, Study Room, Prayer Room, Powder Room, Gym, Store Rooms: 2, Steam Room, Lounge or Sitting Room, Laundry Room, Other Rooms","Broadband Internet Access, Satellite or Cable TV Ready, Intercom, Other Business and Communication Facilities","Community Lawn or Garden, Community Swimming Pool, Community Gym, First Aid or Medical Centre, Day Care Centre, Kids Play Area, Barbeque Area, Mosque, Community Centre, Other Community Facilities","Sauna, Jacuzzi, Other Healthcare and Recreation Facilities","Nearby Schools, Nearby Hospitals, Nearby Shopping Malls, Nearby Restaurants, Distance From Airport (kms), Nearby Public Transport Service, Other Nearby Places","Maintenance Staff, Security Staff, Facilities for Disabled, Other Facilities",,,
https://www.zameen.com/Property/f_10_f-10_3_9_bedrooms_house_for_sale_f-10_3_3_storey_house_prime_location-53079915-3278-1.html,House,PKR18 Crore,6,1.2 Kanal,For Sale,9,1 week ago,"F-10, Islamabad, Islamabad Capital",F10/3 600 sq yards House CDA Sector Islamabad prime location 3 story House CDA Transfer Asking 20 Cror Further information Call,"Parking Spaces: 2, Double Glazed Windows, Central Air Conditioning, Central Heating, Flooring, Electricity Backup, Other Main Features","Bedrooms: 6, Bathrooms: 6, Servant Quarters: 1, Drawing Room, Dining Room, Kitchens: 2, Study Room, Prayer Room, Powder Room, Store Rooms: 1, Steam Room, Lounge or Sitting Room, Laundry Room","Broadband Internet Access, Satellite or Cable TV Ready, Other Business and Communication Facilities","Community Lawn or Garden, Community Gym, First Aid or Medical Centre, Day Care Centre, Kids Play Area, Barbeque Area, Mosque, Community Centre, Other Community Facilities",,"Nearby Schools, Nearby Hospitals, Nearby Shopping Malls, Nearby Restaurants, Nearby Public Transport Service, Other Nearby Places","Maintenance Staff, Security Staff, Other Facilities",,,
https://www.zameen.com/Property/islamabad_d-12_brand_new_house_for_sale_cda_sector_d_12_islamabad-53096801-160-1.html,House,PKR14.5 Crore,7,14 Marla,For Sale,6,1 week ago,"D-12, Islamabad, Islamabad Capital",Brand new House For Sale CDA Sector D/12 Islamabad. 6 Bedrooms 6+Bathrooms Lavish House 40/80 14 Marla First Entry Ready to move Further Information call us Muhammad Atif View Contact Detail,"Built in year: 2025, Parking Spaces: 3, Double Glazed Windows, Central Air Conditioning, Central Heating, Flooring, Electricity Backup, Waste Disposal, Floors: 2, Other Main Features, Furnished","Bedrooms: 6, Bathrooms: 1, Servant Quarters, Drawing Room, Dining Room, Kitchens: 2, Study Room, Prayer Room, Store Rooms, Other Rooms","Broadband Internet Access, Satellite or Cable TV Ready, Intercom, Other Business and Communication Facilities","Community Lawn or Garden, Community Swimming Pool, Community Gym, First Aid or Medical Centre, Day Care Centre, Kids Play Area, Barbeque Area, Mosque, Community Centre, Other Community Facilities","Lawn or Garden, Swimming Pool, Sauna, Jacuzzi, Other Healthcare and Recreation Facilities","Nearby Schools, Nearby Hospitals, Nearby Shopping Malls, Nearby Restaurants, Distance From Airport (kms), Nearby Public Transport Service, Other Nearby Places","Maintenance Staff, Security Staff, Facilities for Disabled, Other Facilities",,,
https://www.zameen.com/Property/dha_defence_dha_defence_phase_3_20_marla_luxurious_brand_new_house_for_sale_at_dha_3-53286551-8412-1.html,House,PKR5.5 Crore,7,10 Marla,For Sale,7,4 days ago,"DHA Defence, Islamabad, Islamabad Capital","Don't Wait! Contact us today to schedule a viewing and make this incredible Property as yours! All Our Property Listings Are Direct From Owners. . We Provide Best Investment Advice To Our Esteemed Clients, With The Current Market Trends, Analysis, Research And Benchmarks. Please Call or Whats-app For Buying Profitable Property. Price: 50 Million Pkr Approximately *Key Features:* -Triple Unit House - 7 Spacious Bedrooms, each with an attached washroom for ultimate privacy - Elegant Drawing room for entertaining guests - 1 Powder washroom - 2 Futile Company Kitchens Along With Chefs Kitchen - 2 Spacious Car Parking Garage, Ensuring secure and Ample parking - Full Height wardrobes with imported fixtures - Cozy servant quarter complete with all necessities - Fire Alarm, CCTV Cameras are also installed *Additional Highlights:* - 24/7 DHA Security, Secure and gated community - Expansive open terrace, ideal for soaking up sunlight and enjoying breathtaking views - Bright and airy interiors, flooded with natural light - High-quality finishes and fittings throughout - Prime location, close to all amenities and services - A true gem for those seeking comfort, style, and functionality! Close Proximity to Schools, Hospitals, All Banks Hub, and Shopping Centers Mosque Community Parks Food Courts Gold Class Theatre Easy access to main roads Investors Alert! This property is also a smart investment option, as the area is in high demand and appreciating rapidly. The main attraction is the incredibly reasonable price! Don't miss this opportunity to own a luxurious home in a prime location at a fraction of the cost.","Built in year: 2025, Parking Spaces: 4, Double Glazed Windows, Central Air Conditioning, Central Heating, Flooring, Electricity Backup, Waste Disposal, Floors: 2, Other Main Features, Furnished","Bedrooms: 5, Bathrooms: 2, Servant Quarters: 1, Drawing Room, Dining Room, Kitchens: 1, Study Room, Prayer Room, Powder Room, Gym, Store Rooms, Steam Room, Lounge or Sitting Room, Laundry Room, Other Rooms","Broadband Internet Access, Satellite or Cable TV Ready, Intercom, Other Business and Communication Facilities","Community Lawn or Garden, Community Swimming Pool, Community Gym, First Aid or Medical Centre, Day Care Centre, Kids Play Area, Barbeque Area, Mosque, Community Centre, Other Community Facilities","Sauna, Jacuzzi, Other Healthcare and Recreation Facilities","Nearby Schools, Nearby Hospitals, Nearby Shopping Malls, Nearby Restaurants, Distance From Airport (kms), Nearby Public Transport Service, Other Nearby Places","Security Staff, Other Facilities",,,
https://www.zameen.com/Property/zaraj_housing_scheme_zaraj_scheme_-_sector_c_10_marla_house_for_sale_in_zaraj_housing_scheme_islamabad_opposites_giga_mall_dha_2-53235679-3512-1.html,House,PKR4.85 Crore,7,10 Marla,For Sale,5,2 months ago,"Zaraj Housing Scheme, Islamabad, Islamabad Capital","House For Sale Opposite Giga Mall Islamabad House Is Where You Find Piece Of Mind. Just Imagine You Came Back From Work And Have A Lot Of Problems Like Sewerage, Water Shortage,Street Crime Problems Etc Now You Don'T Have To Worry Any More About These Here We Bring To You The Most Peaceful, Developed, Having All Life Amenities And Secure Society In Islamabad Yes Just Opposite Giga Mall And Near To Number Of Landmarks Like Beacon House, Roots, Imtiaz Super Store Main Roads Like Gt Road And Islamabad Highway. ZARAJ HOUSING SCHEME Zaraj Has Managed Its Development And Delivered A Most Piece Full,Calm And Secure Society To Islamabad Zaraj Is One Gated Community HAVING WALKING ACCESS TO Gt Road AND GIGA MALL Here We Are Presenting To You Designer And Engineer Constructed House Solid Construction Size 10 Marla (35*65) Accommodation: 5 Bedrooms 6 Washrooms Tile Flooring Drawing Room Double Tv Lounge Kitchen Totally Ventilated Wide Car Parking For 2 Cars Wide Street","Built in year: 2025, Parking Spaces: 2, Double Glazed Windows, Central Air Conditioning, Central Heating, Flooring, Electricity Backup, Waste Disposal, Floors: 2, Other Main Features","Bedrooms, Bathrooms, Servant Quarters, Drawing Room, Dining Room, Kitchens, Study Room, Prayer Room, Powder Room, Store Rooms, Other Rooms","Broadband Internet Access, Satellite or Cable TV Ready, Intercom, Other Business and Communication Facilities","Community Lawn or Garden, Community Swimming Pool, Community Gym, First Aid or Medical Centre, Day Care Centre, Kids Play Area, Barbeque Area, Mosque, Community Centre, Other Community Facilities","Lawn or Garden, Swimming Pool, Sauna, Jacuzzi, Other Healthcare and Recreation Facilities","Nearby Schools, Nearby Hospitals, Nearby Shopping Malls, Nearby Restaurants, Distance From Airport (kms), Nearby Public Transport Service, Other Nearby Places","Maintenance Staff, Security Staff, Facilities for Disabled, Other Facilities",,,
https://www.zameen.com/Property/dha_defence_phase_2_defence_executive_apartments_1_bed_luxury_fully_furnished_apartment_available_for_sale_in_defence_executive_apartment_al_ghurair_giga_dha_phase_2_gaye_2_islamabad-53105177-9615-1.html,Flat,PKR1.25 Crore,1,4.3 Marla,For Sale,1,3 weeks ago,"DHA Defence, Islamabad, Islamabad Capital",1 bed Tv lounge Kitchen 1 bathroom Area 978 sq. ft Near to mosque Family park Car parking Security Maintenance stuff Security cameras Water filtration plant 5 elevators in building More details please contact me,"Built in year: 2021, Parking Spaces, Lobby in Building, Double Glazed Windows, Central Air Conditioning, Central Heating, Flooring, Electricity Backup, Waste Disposal, Floors in Building: 19, Elevators: 5, Service Elevators in Building, Other Main Features, Furnished","Bedrooms: 1, Bathrooms: 1, Servant Quarters: 2, Drawing Room, Dining Room, Kitchens: 1, Study Room, Prayer Room, Powder Room, Gym, Store Rooms: 2, Steam Room, Lounge or Sitting Room, Laundry Room, Other Rooms","Broadband Internet Access, Satellite or Cable TV Ready, Intercom, Other Business and Communication Facilities","Community Lawn or Garden, Community Swimming Pool, Community Gym, First Aid or Medical Centre, Day Care Centre, Kids Play Area, Barbeque Area, Mosque, Community Centre, Other Community Facilities","Sauna, Jacuzzi, Other Healthcare and Recreation Facilities","Nearby Schools, Nearby Hospitals, Nearby Shopping Malls, Nearby Restaurants, Distance From Airport (kms), Nearby Public Transport Service, Other Nearby Places","Maintenance Staff, Security Staff, Facilities for Disabled, Other Facilities",,,
https://www.zameen.com/Property/dha_defence_dha_defence_phase_2_stylish_10_marla_house_for_sale_in_dha_phase_2_prime_location-53276192-339-1.html,House,PKR6.75 Crore,5,10 Marla,For Sale,5,3 days ago,"DHA Defence, Islamabad, Islamabad Capital","Experience upscale living in the heart of DHA Phase 2, one of Islamabads most prestigious and secure communities. This beautifully constructed 10 Marla house offers a perfect blend of timeless design and modern functionality ideal for families seeking elegance, comfort, and convenience. Property Features: 5 Generously Sized Bedrooms with stylish attached bathrooms 2 Spacious TV Lounges Perfect for relaxing with family Elegant Drawing Room and Formal Dining Area Contemporary Kitchen with high-quality fittings Tastefully designed Powder Room Separate Servant Room with attached bath 2-Car Covered Parking Solid construction with premium finishes, tile flooring, and woodwork Located in a peaceful street within DHA Phase 2, this home enjoys close proximity to schools, shopping centers, mosques, and main access routes making it an ideal choice for modern families. ________________________________________ Gated Community | 24/7 Security | Uninterrupted Utilities Dont miss this opportunity to own a dream home in DHA! Contact now to schedule a visit.","Parking Spaces: 2, Flooring, Waste Disposal, Floors: 2, Other Main Features","Bedrooms: 5, Bathrooms: 5, Servant Quarters: 1, Drawing Room, Dining Room, Kitchens: 1, Powder Room, Store Rooms: 1, Laundry Room","Broadband Internet Access, Satellite or Cable TV Ready","Community Lawn or Garden, Community Swimming Pool, Community Gym, First Aid or Medical Centre, Day Care Centre, Kids Play Area, Barbeque Area, Mosque, Community Centre",,"Nearby Schools, Nearby Hospitals, Nearby Shopping Malls, Nearby Restaurants, Distance From Airport (kms), Nearby Public Transport Service, Other Nearby Places",Security Staff,,,
https://www.zameen.com/Property/dha_defence_dha_defence_phase_2_spacious_1_kanal_house_for_sale_ideal_family_home_in_dha_phase_2_islamabad-53276858-339-1.html,House,PKR9.2 Crore,6,1 Kanal,For Sale,5,3 days ago,"DHA Defence, Islamabad, Islamabad Capital","An exceptional opportunity to own a beautifully designed 1 Kanal single-unit house in the prestigious and secure community of DHA Phase 2, Islamabad. This spacious residence offers a perfect blend of comfort, elegance, and functionality ideal for families seeking refined living in one of the citys most sought-after locations. Property Highlights: 5 Spacious Bedrooms with stylish attached bathrooms Elegant Drawing Room and Formal Dining Area Perfect for hosting in style Modern Powder Room for guests Functional Kitchen with quality fittings (option to upgrade or customize) Servant Room with attached bath and separate access Parking for 3 Cars Wide porch and driveway Single-Unit Construction Perfect for families seeking cohesive living under one roof Quality finishes, solid woodwork, tiled flooring, and ample natural light throughout Location Advantages: Situated in the heart of DHA Phase 2 a fully developed, gated community Walking distance to parks, schools, shopping areas, mosques, and main boulevards Easy access to GT Road, Islamabad Expressway, and major landmarks This is more than just a house its a lifestyle upgrade in one of Islamabad's most prestigious sectors. Contact now to schedule a private visit. Serious buyers only.","Built in year: 2025, Parking Spaces: 3, Flooring, Waste Disposal, Floors: 2, Other Main Features","Bedrooms: 5, Bathrooms: 5, Servant Quarters: 1, Drawing Room, Dining Room, Kitchens: 2, Powder Room, Store Rooms: 1, Lounge or Sitting Room, Laundry Room","Broadband Internet Access, Satellite or Cable TV Ready","Community Lawn or Garden, Community Swimming Pool, Community Gym, First Aid or Medical Centre, Day Care Centre, Kids Play Area, Barbeque Area, Mosque, Community Centre",,"Nearby Schools, Nearby Hospitals, Nearby Shopping Malls, Nearby Restaurants, Distance From Airport (kms), Nearby Public Transport Service, Other Nearby Places",Security Staff,,,
https://www.zameen.com/Property/dha_defence_phase_2_dha_phase_2_-_sector_e_brand_new_1_kanal_luxury_house_for_sale_in_dha_phase_2_sector_e_islamabad-53256211-3200-1.html,House,PKR11.75 Crore,7,1 Kanal,For Sale,6,1 month ago,"DHA Defence, Islamabad, Islamabad Capital","The Brand New 1 Kanal Double Storey house for sale comes with top-notch fixtures and A construction which means that the home and luxuries it offers is well worth the Available at a Reasonable Price of PKR 11 Crore 75 Lakh. >Ideal Location. >6 Bedrooms >9 Bathrooms >2 TV lounge >2 Kitchen >2 Servant Attach Bath >Near By amenities School Mosque Hospital Banks Commercial Shops >are just a few steps away. >Other Facilities are also available, >The modern architecture, imported finishing materials, and beautiful >exteriors will make you fall in love with it >The house enjoys a perfect location of DHA 2 Islamabad which >means that you will have access to all the best options for education, >health, shopping, and entertainment just around the corner. >Buying this property will open up options for you. >It has been professionally designed so that both aesthetics and >functionality are at their best. >Take our word of advice and check it out. >This property helps you out for your searches on a House. > Beautifully design & Nice constructed.","Built in year: 2025, Parking Spaces: 3, Double Glazed Windows, Flooring, Electricity Backup, Floors: 2","Bedrooms: 6, Bathrooms: 8, Servant Quarters: 2, Drawing Room, Dining Room, Kitchens: 2, Store Rooms: 1, Other Rooms",Broadband Internet Access,"Community Lawn or Garden, Community Swimming Pool, Community Gym, First Aid or Medical Centre, Day Care Centre, Kids Play Area, Barbeque Area, Mosque, Community Centre","Lawn or Garden, Sauna","Nearby Schools, Nearby Hospitals, Nearby Shopping Malls, Nearby Restaurants, Distance From Airport (kms), Nearby Public Transport Service, Other Nearby Places","Security Staff, Other Facilities",,,
https://www.zameen.com/Property/g_14_g-14_4_g14_4_use_house_for_sale_tiles_flooring_sun_facing_house-53168805-3346-1.html,House,PKR3.5 Crore,4,4 Marla,For Sale,4,3 weeks ago,"G-14, Islamabad, Islamabad Capital","A well-maintained 4 Marla house located in the prime sector of G-14/4 is available for sale. Built on a solid structure, this house offers: 2 Bedrooms with attached bathrooms Spacious TV lounge & dining area Modern kitchen Car parking space Gas, electricity, and water supply available Peaceful and secure neighborhood The house is ideally situated close to the main road, market, masjid, schools, and Kashmir Highway, ensuring convenience and easy accessibility. Ideal option for small families or investment purposes.","Built in year: 2023, Parking Spaces: 1, Flooring, Electricity Backup, Waste Disposal, Floors: 2","Bedrooms: 4, Bathrooms: 4, Drawing Room, Dining Room, Kitchens: 2","Broadband Internet Access, Satellite or Cable TV Ready, Intercom, Other Business and Communication Facilities","Community Lawn or Garden, Community Swimming Pool, Community Gym, First Aid or Medical Centre, Day Care Centre, Kids Play Area, Barbeque Area, Mosque, Community Centre, Other Community Facilities","Lawn or Garden, Swimming Pool, Sauna, Jacuzzi, Other Healthcare and Recreation Facilities","Nearby Schools, Nearby Hospitals, Nearby Shopping Malls, Nearby Restaurants, Distance From Airport (kms), Nearby Public Transport Service, Other Nearby Places","Maintenance Staff, Security Staff, Facilities for Disabled, Other Facilities",,,
https://www.zameen.com/Property/g_13_g-13_4_g13_used_house_for_sale_size_4_marla-53168646-3340-1.html,House,PKR3 Crore,4,4 Marla,For Sale,4,3 weeks ago,"G-13, Islamabad, Islamabad Capital","A well-maintained 4 Marla house located in the prime sector of G-13/4 is available for sale. Built on a solid structure, this house offers: 2 Bedrooms with attached bathrooms Spacious TV lounge & dining area Modern kitchen Car parking space Gas, electricity, and water supply available Peaceful and secure neighborhood The house is ideally situated close to the main road, market, masjid, schools, and Kashmir Highway, ensuring convenience and easy accessibility. Ideal option for small families or investment purposes.","Built in year: 2014, Parking Spaces: 1, Flooring, Electricity Backup, Waste Disposal, Floors: 2","Bedrooms: 2, Bathrooms: 3, Dining Room, Kitchens: 2",,"First Aid or Medical Centre, Day Care Centre, Kids Play Area, Mosque, Community Centre",,"Nearby Schools, Nearby Hospitals, Nearby Shopping Malls, Nearby Restaurants, Distance From Airport (kms), Nearby Public Transport Service, Other Nearby Places","Security Staff, Other Facilities",,,
https://www.zameen.com/Property/g_13_g-13_2_brand_new_double-story_luxury_house_sale_size_30_60-53276723-3338-1.html,House,PKR6.9 Crore,6,8 Marla,For Sale,4,4 weeks ago,"G-13, Islamabad, Islamabad Capital","Brand new double-story luxury house 4 spacious bedrooms with attached modern bathrooms 2 stylish kitchens with fitted cabinets 2 TV lounges for family gatherings Drawing & dining rooms Car parking space available Electricity, gas, and water supply available Boring water facility Top location near main road and park All basic facilities available nearby (school, market, masjid, etc. ) Perfect for comfortable family living!","Built in year: 2025, Parking Spaces: 2, Flooring, Floors: 2","Bedrooms: 5, Bathrooms: 7, Drawing Room, Dining Room, Kitchens: 2",,"First Aid or Medical Centre, Day Care Centre, Kids Play Area, Mosque, Community Centre",,"Nearby Schools, Nearby Hospitals, Nearby Shopping Malls, Nearby Restaurants, Distance From Airport (kms), Nearby Public Transport Service, Other Nearby Places","Security Staff, Other Facilities",,,
https://www.zameen.com/Property/g_14_g-14_4_g14_4_brand_new_house_for_sale_size_4_marla_sun_facing_first_entry_tiles_flooring-53260431-3346-1.html,House,PKR3.7 Crore,5,4 Marla,For Sale,4,3 weeks ago,"G-14, Islamabad, Islamabad Capital","G-14/4, Islamabad a well-connected and developing residential sector. Easy access to main roads, schools, markets, and amenities. Size & Layout: Plot area: ~ 4 Marla (approx. 25 40 ft) Double-story / firstentry Rooms: 4 bedrooms all with attached bathrooms 2 kitchens 2 TV Lounges 1 Drawing room Servant quarter (on rooftop or ground floor) Car porch Construction & Finishes: Brand new, solid build Modern design / contemporary architecture High-quality tile flooring throughout Imported cupboards / laminated kitchen cabinets Good quality sanitary fittings Powder coated aluminum windows (1.6 mm or similar) Stylish ceiling designs (plaster / gypsum / false ceilings as per design) Granite stairs, marble porch (if corner / premium finish) Utilities & Features: Electricity & wiring complete, with proper switches Gas connection (or gas meter installed) Sewerage & paved road access Street lighting & boundary walls Water supply, possibly with a bore / underground tank Balcony or terrace Near mosque, park, market; possibly scenic view (e. g. Margalla Hills if corner or front)","Built in year: 2025, Parking Spaces: 1, Flooring, Electricity Backup, Floors: 2","Bedrooms: 4, Bathrooms: 5, Dining Room, Kitchens: 2",,"First Aid or Medical Centre, Day Care Centre, Kids Play Area, Mosque, Community Centre",,"Nearby Schools, Nearby Hospitals, Nearby Shopping Malls, Nearby Restaurants, Distance From Airport (kms), Nearby Public Transport Service, Other Nearby Places","Security Staff, Other Facilities",,,
https://www.zameen.com/Property/dha_valley_lilly_sector_lilly_sector_-_dha_homes_5_marla_corner_house_in_main_street_lilly_b_dha_homes-50726159-16826-1.html,House,PKR78 Lakh,2,5 Marla,For Sale,2,2 days ago,"DHA Defence, Islamabad, Islamabad Capital","Excellent Location, Brand New, Neat & Clean House, Decent Neighborhood, Spacious Lawn, 2 Bedrooms With Attached Baths, TV Lounge, Separate Laundry Area, Car Parking Peaceful Environment. Reasonable Demand. Urgent Sale Interested Persons Welcome To Visit The Property.","Built in year: 2021, Parking Spaces: 2, Double Glazed Windows, Central Air Conditioning, Central Heating, Flooring, Electricity Backup, Waste Disposal, Floors: 1, Other Main Features, Furnished","Bedrooms: 3, Bathrooms: 4, Servant Quarters: 1, Drawing Room, Dining Room, Kitchens: 1, Study Room, Prayer Room, Powder Room, Gym, Store Rooms: 2, Steam Room, Lounge or Sitting Room, Laundry Room, Other Rooms","Broadband Internet Access, Satellite or Cable TV Ready, Intercom, Other Business and Communication Facilities","Community Lawn or Garden, Community Swimming Pool, Community Gym, First Aid or Medical Centre, Day Care Centre, Kids Play Area, Barbeque Area, Mosque, Community Centre, Other Community Facilities","Lawn or Garden, Swimming Pool, Sauna, Jacuzzi, Other Healthcare and Recreation Facilities","Nearby Schools, Nearby Hospitals, Nearby Shopping Malls, Nearby Restaurants, Distance From Airport (kms), Nearby Public Transport Service, Other Nearby Places","Maintenance Staff, Security Staff, Facilities for Disabled, Other Facilities",,,
https://www.zameen.com/Property/gulberg_greens_karakoram_greens_karakoram_greens_4_bed_xl_flats_available_for_sale-53117272-11832-1.html,Flat,PKR5 Crore,5,19 Marla,For Sale,4,2 days ago,"Gulberg, Islamabad, Islamabad Capital",karakoram greens 4 bed xl apartments available for sale 3bed option available 2 bed option available furnished r non furnished Call Us,"Built in year: 2025, Parking Spaces: 4, Lobby in Building, Double Glazed Windows, Central Air Conditioning, Central Heating, Flooring, Electricity Backup, Waste Disposal, Floor: 13, Floors in Building: 22, Elevators: 8, Service Elevators in Building, Other Main Features, Furnished","Bedrooms: 4, Bathrooms: 6, Servant Quarters: 1, Drawing Room, Dining Room, Kitchens: 2, Study Room, Prayer Room, Powder Room, Gym, Store Rooms: 2, Steam Room, Lounge or Sitting Room, Laundry Room, Other Rooms","Broadband Internet Access, Satellite or Cable TV Ready, Business Center or Media Room in Building, Conference Room in Building, Intercom, ATM Machines, Other Business and Communication Facilities","Community Lawn or Garden, Community Swimming Pool, Community Gym, First Aid or Medical Centre, Day Care Centre, Kids Play Area, Barbeque Area, Mosque, Community Centre, Other Community Facilities","Sauna, Jacuzzi, Other Healthcare and Recreation Facilities","Nearby Schools, Nearby Hospitals, Nearby Shopping Malls, Nearby Restaurants, Distance From Airport (kms), Nearby Public Transport Service, Other Nearby Places","Maintenance Staff, Security Staff, Laundry or Dry Cleaning Facility, Communal/Shared Kitchen, Facilities for Disabled, Pets Not Allowed, Other Facilities",,,
https://www.zameen.com/Property/gulberg_greens_gulberg_arena_mall_areena_mall_one_bed_apartment_available_for_sale-53117926-19297-1.html,Flat,PKR1.43 Crore,1,4.7 Marla,For Sale,1,2 days ago,"Gulberg, Islamabad, Islamabad Capital",Areena Mall One Bed Furnished Or Non-Furnished Apartment Available For Sale 6 Options Available My Own Apartments 700 Sqft To 1024 Sqft 6 Options In Different Floors,"Built in year: 2023, Parking Spaces: 2, Lobby in Building, Double Glazed Windows, Central Air Conditioning, Central Heating, Flooring, Electricity Backup, Waste Disposal, Floor, Floors in Building: 9, Elevators: 8, Service Elevators in Building, Other Main Features, Furnished","Bedrooms: 1, Bathrooms: 1, Servant Quarters: 1, Drawing Room, Dining Room, Kitchens: 1, Study Room, Prayer Room, Powder Room, Gym, Store Rooms: 1, Steam Room, Lounge or Sitting Room, Laundry Room, Other Rooms","Broadband Internet Access, Satellite or Cable TV Ready, Business Center or Media Room in Building, Conference Room in Building, Intercom, ATM Machines, Other Business and Communication Facilities","Community Lawn or Garden, Community Swimming Pool, Community Gym, First Aid or Medical Centre, Day Care Centre, Kids Play Area, Barbeque Area, Mosque, Community Centre, Other Community Facilities","Sauna, Jacuzzi, Other Healthcare and Recreation Facilities","Nearby Schools, Nearby Hospitals, Nearby Shopping Malls, Nearby Restaurants, Distance From Airport (kms), Nearby Public Transport Service, Other Nearby Places","Maintenance Staff, Security Staff, Laundry or Dry Cleaning Facility, Communal/Shared Kitchen, Facilities for Disabled, Pets Allowed, Other Facilities",,,
https://www.zameen.com/Property/dha_defence_dha_defence_phase_2_prime_location_house-53280358-339-1.html,House,PKR13.3 Crore,6,1 Kanal,For Sale,5,3 weeks ago,"DHA Defence, Islamabad, Islamabad Capital",House for Sale Your Dream Home Awaits! Near To Park Near To School Near To Commercial Near To B Pharmacy Near To Masjid Location: Prime & peaceful area Size: Spacious design with modern architecture. . .,"Built in year: 2025, Parking Spaces: 03, Double Glazed Windows, Central Air Conditioning, Central Heating, Flooring, Electricity Backup, Waste Disposal, Floors: 01, Other Main Features, Furnished","Bedrooms: 05, Bathrooms: 06, Servant Quarters: 02, Drawing Room, Dining Room, Kitchens: 02, Study Room, Prayer Room, Powder Room, Gym, Store Rooms: 01, Steam Room, Lounge or Sitting Room, Laundry Room, Other Rooms","Broadband Internet Access, Satellite or Cable TV Ready, Intercom, Other Business and Communication Facilities","Community Lawn or Garden, Community Swimming Pool, Community Gym, First Aid or Medical Centre, Day Care Centre, Kids Play Area, Barbeque Area, Mosque, Community Centre, Other Community Facilities","Lawn or Garden, Swimming Pool, Sauna, Jacuzzi, Other Healthcare and Recreation Facilities","Nearby Schools, Nearby Hospitals, Nearby Shopping Malls, Nearby Restaurants, Distance From Airport (kms), Nearby Public Transport Service, Other Nearby Places","Maintenance Staff, Security Staff, Facilities for Disabled, Other Facilities",,,
https://www.zameen.com/Property/islamabad_g-11_marriot_hotel_suit_for_sale-53136318-168-1.html,Flat,PKR1.25 Crore,-,1 Marla,For Sale,1,1 month ago,"G-11, Islamabad, Islamabad Capital","Hotel suite available in the courtyard by marriot (G-11 Markaz) . Rental coming against this hotel suit is :104,166","Built in year: 2026, Parking Spaces, Lobby in Building, Double Glazed Windows, Central Air Conditioning, Central Heating, Flooring, Electricity Backup, Waste Disposal, Floor: 11, Floors in Building: 13, Elevators, Other Main Features, Furnished","Bedrooms, Bathrooms, Servant Quarters, Drawing Room, Dining Room, Kitchens, Study Room, Prayer Room, Powder Room, Gym, Store Rooms, Steam Room, Lounge or Sitting Room, Laundry Room, Other Rooms","Broadband Internet Access, Satellite or Cable TV Ready, Business Center or Media Room in Building, Conference Room in Building, Intercom, ATM Machines, Other Business and Communication Facilities","Community Lawn or Garden, Community Swimming Pool, Community Gym, First Aid or Medical Centre, Day Care Centre, Kids Play Area, Barbeque Area, Mosque, Community Centre, Other Community Facilities","Sauna, Jacuzzi, Other Healthcare and Recreation Facilities","Nearby Schools, Nearby Hospitals, Nearby Shopping Malls, Nearby Restaurants, Distance From Airport (kms), Nearby Public Transport Service, Other Nearby Places","Maintenance Staff, Security Staff, Facilities for Disabled, Other Facilities",,,
https://www.zameen.com/Property/islamabad_diplomatic_enclave_flat_for_sale_in_diplomatic_enclave_g-5_islamabad-53144501-429-1.html,Flat,PKR6.5 Crore,2,6.7 Marla,For Sale,2,4 weeks ago,"Diplomatic Enclave, Islamabad, Islamabad Capital","2 bedrooms apartment 2 bathrooms Dinning area, living area Kitchen Excellent view from apartment Good natural sunlight Windows in all rooms Fully equipped kitchen Modern design apartment Children play area , open ground for walk and jogging Grocery store near by. Please do contact for more details.","Built in year: 2025, Parking Spaces: 1, Lobby in Building, Double Glazed Windows, Central Air Conditioning, Central Heating, Flooring, Electricity Backup, Waste Disposal, Other Main Features, Furnished","Bedrooms: 2, Bathrooms: 2, Servant Quarters: 1, Drawing Room, Dining Room, Kitchens: 1, Study Room, Prayer Room, Powder Room, Gym, Store Rooms: 1, Steam Room, Lounge or Sitting Room, Laundry Room, Other Rooms","Broadband Internet Access, Satellite or Cable TV Ready, Intercom, ATM Machines, Other Business and Communication Facilities","Community Lawn or Garden, Community Swimming Pool, Community Gym, First Aid or Medical Centre, Day Care Centre, Kids Play Area, Barbeque Area, Mosque, Community Centre, Other Community Facilities","Sauna, Jacuzzi, Other Healthcare and Recreation Facilities","Nearby Schools, Nearby Hospitals, Nearby Shopping Malls, Nearby Restaurants, Distance From Airport (kms), Nearby Public Transport Service, Other Nearby Places","Maintenance Staff, Security Staff, Facilities for Disabled, Pets Allowed, Other Facilities",,,
https://www.zameen.com/Property/dha_defence_phase_2_dha_phase_2_-_sector_e_brand_new_10_marla_double_storey_house_for_sale_in_dha_ph_2_islamabad-53213203-3200-1.html,House,PKR7.5 Crore,7,10 Marla,For Sale,5,2 months ago,"DHA Defence, Islamabad, Islamabad Capital","The Brand New 10 Marla Double Storey House For Sale comes with top-notch fixtures and A construction, which means that the home and luxuries it offers is well worth the Available at a Reasonable Price of PKR 7 Crore 50Lakh. >Ideal Location. >5 Bedrooms >6 Bathrooms >1 Drawing Dining >2 TV lounge >2 Kitchen >Near By amenities School Mosque Hospital Banks Commercial Shops >are just a few steps away. >Other Facilities are also available, >The modern architecture, imported finishing materials, and beautiful >exteriors will make you fall in love with it >The house enjoys a perfect location of DHA 2 Islamabad which >means that you will have access to all the best options for education, >health, shopping, and entertainment just around the corner. >Buying this property will open up options for you. >It has been professionally designed so that both aesthetics and >functionality are at their best. >Take our word of advice and check it out. >This property helps you out for your searches on a House. > Beautifully design & Nice constructed.","Built in year: 2025, Parking Spaces: 2, Double Glazed Windows, Central Air Conditioning, Central Heating, Flooring, Electricity Backup, Waste Disposal, Floors: 2, Other Main Features","Bedrooms: 6, Bathrooms: 5, Servant Quarters: 1, Drawing Room, Dining Room, Kitchens: 2, Study Room, Prayer Room, Powder Room, Gym, Store Rooms: 1, Steam Room, Lounge or Sitting Room, Laundry Room, Other Rooms","Broadband Internet Access, Satellite or Cable TV Ready, Intercom, Other Business and Communication Facilities","Community Lawn or Garden, Community Swimming Pool, Community Gym, First Aid or Medical Centre, Day Care Centre, Kids Play Area, Barbeque Area, Mosque, Community Centre, Other Community Facilities","Lawn or Garden, Swimming Pool, Sauna, Jacuzzi, Other Healthcare and Recreation Facilities","Nearby Schools, Nearby Hospitals, Nearby Shopping Malls, Nearby Restaurants, Distance From Airport (kms), Nearby Public Transport Service, Other Nearby Places","Security Staff, Other Facilities",,,
https://www.zameen.com/Property/gulberg_greens_smama_star_mall_residency_book_flat_today_in_smama_star_mall_residency-51554992-11278-1.html,Flat,PKR1.85 Crore,3,5.5 Marla,For Sale,3,6 days ago,"Gulberg, Islamabad, Islamabad Capital",Gulberg Greens Islamabad Samama Star 3 BED APARTMENT AVAILABLE For Sale 7th Floor 2bed 2bath TV Lounge Kitchen SIZE: 1236 SQ FT Wood Work Done Already Rented Rented Value 55-85k Ready To Live OWN APARTMENT Contact For More Details,"Parking Spaces: 5, Flooring, Electricity Backup, Waste Disposal, Floor: 7, Service Elevators in Building","Drawing Room, Kitchens: 1, Steam Room, Lounge or Sitting Room, Laundry Room",,,,"Nearby Schools, Nearby Hospitals, Nearby Shopping Malls, Nearby Restaurants, Distance From Airport (kms), Nearby Public Transport Service, Other Nearby Places","Maintenance Staff, Security Staff, Other Facilities",,,
https://www.zameen.com/Property/g_15_g-15_1_600_square_yards_house_in_g-15_1_is_best_option-53132531-3348-1.html,House,PKR7.5 Crore,-,1.2 Kanal,For Sale,-,4 weeks ago,"G-15, Islamabad, Islamabad Capital","House No : 00 Street no : 04 House for Sale JKCHS G-15/1 600 Sq. Yds | Solid Construction | Double Story 7 Spacious Bedrooms + Mumty Ready to Move Prime Location Peaceful & Secure Very Reasonable Price Demand: Rs. 7,50,00,000/-","Flooring, Electricity Backup, Waste Disposal, Furnished","Bedrooms: 2, Bathrooms: 2, Drawing Room, Dining Room, Kitchens: 1, Study Room, Prayer Room, Powder Room, Store Rooms: 1, Lounge or Sitting Room, Laundry Room","Broadband Internet Access, Satellite or Cable TV Ready, Other Business and Communication Facilities","Mosque, Other Community Facilities",Other Healthcare and Recreation Facilities,"Nearby Schools, Nearby Hospitals, Nearby Shopping Malls, Nearby Restaurants, Distance From Airport (kms), Nearby Public Transport Service, Other Nearby Places","Maintenance Staff, Security Staff, Other Facilities",,,
https://www.zameen.com/Property/g_15_g-15_4_g-15_4_house_sized_200_square_yards_for_sale-53132532-3351-1.html,House,PKR4 Crore,7,8 Marla,For Sale,5,4 weeks ago,"G-15, Islamabad, Islamabad Capital","House No : 00 Street no : 12 Property Highlights: 4 Bedrooms with attached baths 2 Drawing Rooms (attached baths) 2 TV Lounges, 1 Dining Room 2 Kitchens, Mumty with Bath 2 Electricity Meters (incl. 1 green meter) Solar System: 15kW inverter, 12 panels Water Supply + Rooftop Storage Tank 2-Car Parking Space","Flooring, Electricity Backup, Waste Disposal, Furnished","Drawing Room, Dining Room, Study Room, Prayer Room, Powder Room","Broadband Internet Access, Satellite or Cable TV Ready, Other Business and Communication Facilities","Mosque, Other Community Facilities",Other Healthcare and Recreation Facilities,"Nearby Schools, Nearby Hospitals, Nearby Shopping Malls, Nearby Restaurants, Distance From Airport (kms), Nearby Public Transport Service, Other Nearby Places","Maintenance Staff, Security Staff, Other Facilities",,,
https://www.zameen.com/Property/g_15_g-15_2_corner_house_for_sale_rs_46000000_--53132535-3349-1.html,House,PKR4.4 Crore,6,9.8 Marla,For Sale,5,3 weeks ago,"G-15, Islamabad, Islamabad Capital",House for Sale G-15/2 JKCHS Property Details: Double Storey Corner House 5 Bedrooms with attached washrooms 2 TV Lounges 2 Drawing Rooms 1 Study Room Servant Quarter with attached washroom 1 Electric Meter 1 Gas Meter Water Bore Working Shakrial & Co G-15,"Built in year: 2020, Parking Spaces: 2, Double Glazed Windows, Central Air Conditioning, Central Heating, Flooring, Electricity Backup, Waste Disposal, Other Main Features, Furnished","Bedrooms: 4, Bathrooms: 5, Servant Quarters: 1, Drawing Room, Dining Room, Kitchens: 1, Study Room, Prayer Room, Powder Room, Store Rooms: 1, Other Rooms","Broadband Internet Access, Satellite or Cable TV Ready, Intercom, Other Business and Communication Facilities","Community Lawn or Garden, Community Swimming Pool, Community Gym, First Aid or Medical Centre, Day Care Centre, Kids Play Area, Barbeque Area, Mosque, Community Centre, Other Community Facilities","Lawn or Garden, Sauna, Jacuzzi, Other Healthcare and Recreation Facilities","Nearby Schools, Nearby Hospitals, Nearby Shopping Malls, Nearby Restaurants, Distance From Airport (kms), Nearby Public Transport Service, Other Nearby Places","Maintenance Staff, Security Staff, Facilities for Disabled, Other Facilities",,,
https://www.zameen.com/Property/soan_garden_soan_garden_-_block_h_10_marla_double_unit_house_for_sale-53124087-3498-1.html,House,PKR3.6 Crore,6,10 Marla,For Sale,6,1 month ago,"Soan Garden, Islamabad, Islamabad Capital",Brand new 10 marla double unit house 6 bed rooms 6 bathrooms 2 kitchens 1 servant 2 Drawing rooms Tile flooring Modern construction Walking distance from capital express way Also have many other options in different price range,"Built in year: 2025, Parking Spaces, Double Glazed Windows, Central Air Conditioning, Central Heating, Flooring, Electricity Backup, Waste Disposal, Floors: 2, Other Main Features, Furnished","Bedrooms: 6, Bathrooms: 6, Servant Quarters: 1, Drawing Room, Dining Room, Kitchens: 2, Study Room, Prayer Room, Powder Room, Gym, Store Rooms: 1, Steam Room, Lounge or Sitting Room, Laundry Room, Other Rooms","Broadband Internet Access, Satellite or Cable TV Ready, Intercom, Other Business and Communication Facilities","Community Lawn or Garden, Community Swimming Pool, Community Gym, First Aid or Medical Centre, Day Care Centre, Kids Play Area, Barbeque Area, Mosque, Community Centre, Other Community Facilities","Lawn or Garden, Swimming Pool, Sauna, Jacuzzi, Other Healthcare and Recreation Facilities","Nearby Schools, Nearby Hospitals, Nearby Shopping Malls, Nearby Restaurants, Distance From Airport (kms), Nearby Public Transport Service, Other Nearby Places","Maintenance Staff, Security Staff, Facilities for Disabled, Other Facilities",,,
https://www.zameen.com/Property/dha_valley_oleander_sector_oleander_sector_-_block_b_5_marla_home_for_sale-51979079-16477-1.html,House,PKR65 Lakh,2,5 Marla,For Sale,2,2 weeks ago,"DHA Defence, Islamabad, Islamabad Capital",2 Bedroom 2 Washroom Tv Lounge Kitchen Laundry Car Parking,"Built in year: 2024, Parking Spaces: 3, Double Glazed Windows, Central Air Conditioning, Central Heating, Flooring, Electricity Backup, Waste Disposal, Floors: 2, Other Main Features, Furnished","Bedrooms: 5, Bathrooms: 6, Servant Quarters: 2, Drawing Room, Dining Room, Kitchens: 2, Study Room, Prayer Room, Powder Room, Gym, Store Rooms: 2, Steam Room, Lounge or Sitting Room, Laundry Room, Other Rooms","Broadband Internet Access, Satellite or Cable TV Ready, Intercom, Other Business and Communication Facilities","Community Lawn or Garden, Community Swimming Pool, Community Gym, First Aid or Medical Centre, Day Care Centre, Kids Play Area, Barbeque Area, Mosque, Community Centre, Other Community Facilities","Lawn or Garden, Swimming Pool, Sauna, Jacuzzi, Other Healthcare and Recreation Facilities","Nearby Schools, Nearby Hospitals, Nearby Shopping Malls, Nearby Restaurants, Distance From Airport (kms), Nearby Public Transport Service, Other Nearby Places","Security Staff, Other Facilities",,,
https://www.zameen.com/Property/gulberg_greens_gulberg_arena_mall_areena_mall_one_bed_apartment_available_for_sale-53117926-19297-1.html,Flat,PKR1.43 Crore,1,4.7 Marla,For Sale,1,2 days ago,"Gulberg, Islamabad, Islamabad Capital",Areena Mall One Bed Furnished Or Non-Furnished Apartment Available For Sale 6 Options Available My Own Apartments 700 Sqft To 1024 Sqft 6 Options In Different Floors,"Built in year: 2023, Parking Spaces: 2, Lobby in Building, Double Glazed Windows, Central Air Conditioning, Central Heating, Flooring, Electricity Backup, Waste Disposal, Floor, Floors in Building: 9, Elevators: 8, Service Elevators in Building, Other Main Features, Furnished","Bedrooms: 1, Bathrooms: 1, Servant Quarters: 1, Drawing Room, Dining Room, Kitchens: 1, Study Room, Prayer Room, Powder Room, Gym, Store Rooms: 1, Steam Room, Lounge or Sitting Room, Laundry Room, Other Rooms","Broadband Internet Access, Satellite or Cable TV Ready, Business Center or Media Room in Building, Conference Room in Building, Intercom, ATM Machines, Other Business and Communication Facilities","Community Lawn or Garden, Community Swimming Pool, Community Gym, First Aid or Medical Centre, Day Care Centre, Kids Play Area, Barbeque Area, Mosque, Community Centre, Other Community Facilities","Sauna, Jacuzzi, Other Healthcare and Recreation Facilities","Nearby Schools, Nearby Hospitals, Nearby Shopping Malls, Nearby Restaurants, Distance From Airport (kms), Nearby Public Transport Service, Other Nearby Places","Maintenance Staff, Security Staff, Laundry or Dry Cleaning Facility, Communal/Shared Kitchen, Facilities for Disabled, Pets Allowed, Other Facilities",,,
https://www.zameen.com/Property/d_12_d-12_2_d-12_4080_3_storey_house_for_sale-52883833-3155-1.html,House,PKR12.25 Crore,7,14.2 Marla,For Sale,8,2 months ago,"D-12, Islamabad, Islamabad Capital","D-12/2 4080 New House Beautiful location Owner Built 8 bed Attached bath 3 kitchen 3 tv lounge 2 D/D S/Q Store Car Parking gas electricity Available More Details Contact ASR Marketing Located ideally on the D-12/2, you know this property will always be high in demand. With the rapid fluctuations in real estate market, the opportunity to book your home at a price of PKR Rs. 130000000 is a good idea. This 356 Square Yards sized property best fits the description you plugged in. Nothing is better than scoring the ultimate property deal. And this Islamabad happens to have the best ones. Buying this property is bound to make you reasonable profits. The House is constructed with modern furnishings so you can enjoy living in comfort and style. Some of the prominent features of this property are as follows. On-duty security services ensure the building stays well-protected. A central air-conditioning system is very beneficial in summers and with the House you can enjoy its benefits. A prayer room in the House is a great addition as a dedicated room for religious activity. You can rely on round-the-clock waste disposal team to keep society neat and tidy. Double-glazed windows in your House can help reduce energy costs. Stay cozy in your home due to the central heating system. If these do not completely convince, you can just contact us and we will put all your concerns to rest.","Built in year: 2022, Parking Spaces: 3, Double Glazed Windows, Central Air Conditioning, Central Heating, Flooring, Electricity Backup, Waste Disposal, Floors: 3, Other Main Features, Furnished","Bedrooms: 4, Bathrooms: 5, Servant Quarters, Drawing Room, Dining Room, Kitchens: 1, Study Room, Prayer Room, Powder Room, Gym, Store Rooms: 1, Steam Room, Lounge or Sitting Room, Laundry Room, Other Rooms","Broadband Internet Access, Satellite or Cable TV Ready, Intercom, Other Business and Communication Facilities","Community Lawn or Garden, Community Swimming Pool, Community Gym, First Aid or Medical Centre, Day Care Centre, Kids Play Area, Barbeque Area, Mosque, Community Centre, Other Community Facilities","Lawn or Garden, Swimming Pool, Sauna, Jacuzzi, Other Healthcare and Recreation Facilities","Nearby Schools, Nearby Hospitals, Nearby Shopping Malls, Nearby Restaurants, Distance From Airport (kms), Nearby Public Transport Service, Other Nearby Places","Maintenance Staff, Security Staff, Facilities for Disabled, Other Facilities",,,
https://www.zameen.com/Property/islamabad_mumtaz_city_8_marla_brand_new_house_for_sale-53086808-3464-1.html,House,PKR2.85 Crore,5,8 Marla,For Sale,5,2 months ago,"Mumtaz City, Islamabad, Islamabad Capital",8 Marla Brand New House For Sale Near New Airport Islamabad Call Us,"Built in year: 2024, Parking Spaces: 1, Double Glazed Windows, Central Air Conditioning, Central Heating, Flooring, Electricity Backup, Waste Disposal, Floors: 2, Other Main Features, Furnished","Bedrooms: 5, Bathrooms: 4, Servant Quarters: 1, Drawing Room, Dining Room, Kitchens: 2, Study Room, Prayer Room, Powder Room, Gym, Store Rooms: 1, Steam Room, Lounge or Sitting Room, Laundry Room, Other Rooms","Broadband Internet Access, Satellite or Cable TV Ready, Intercom, Other Business and Communication Facilities","Community Lawn or Garden, Community Swimming Pool, Community Gym, First Aid or Medical Centre, Day Care Centre, Kids Play Area, Barbeque Area, Mosque, Community Centre, Other Community Facilities","Lawn or Garden, Swimming Pool, Sauna, Jacuzzi, Other Healthcare and Recreation Facilities","Nearby Schools, Nearby Hospitals, Nearby Shopping Malls, Nearby Restaurants, Distance From Airport (kms), Nearby Public Transport Service, Other Nearby Places","Maintenance Staff, Security Staff, Facilities for Disabled, Other Facilities",,,
https://www.zameen.com/Property/dha_defence_dha_defence_phase_2_designer_house_top_location-52976139-339-1.html,House,PKR10.5 Crore,6,1 Kanal,For Sale,5,2 weeks ago,"DHA Defence, Islamabad, Islamabad Capital",KANAL HOUSE 5 Bed Rooms Drawing Room Dining Room Kitchen Dirty Kitchen Store 2 Servant Quarters Fully Furnished House Most Reasonable House,"Built in year: 2018, Parking Spaces: 3, Double Glazed Windows, Central Air Conditioning, Central Heating, Flooring, Electricity Backup, Waste Disposal, Floors: 2, Furnished","Bedrooms: 5, Bathrooms: 6, Servant Quarters: 2, Drawing Room, Dining Room, Kitchens: 2, Study Room, Prayer Room, Powder Room, Gym, Store Rooms: 1, Lounge or Sitting Room, Laundry Room",,"Community Lawn or Garden, Community Gym, Kids Play Area, Barbeque Area",,"Nearby Schools, Nearby Hospitals, Nearby Shopping Malls, Nearby Restaurants, Distance From Airport (kms), Nearby Public Transport Service, Other Nearby Places","Security Staff, Other Facilities",,,
https://www.zameen.com/Property/islamabad_bani_gala_4_bed_brand_new_designer_house_for_sale_on_7_50_marla-52053428-340-1.html,House,PKR3 Crore,6,7.5 Marla,For Sale,4,1 month ago,"Bani Gala, Islamabad, Islamabad Capital",7.50 Marla Beautiful Double Unit House . 7.50 Marla Brand New Super Luxury Spanish Design Double unit House For sale in Banigala Islamabad Nearby Banigala Allied Bank . 2 minutes drive from: - Private Hospital - 5 Minutes Drive From Quaid e Azam University - 2 Minutes Drive From Banks Allied and Mezan Bank . 4 Bedrooms 6 bathrooms 2 Kitchens 2 TV lounge Dining Rooms 2 Drawing room Beautiful Terrace 2 Car parking Electric Meter Available Water Boring Available Street Dead End.,"Built in year: 2025, Parking Spaces: 2, Flooring","Bedrooms: 4, Bathrooms: 6, Drawing Room, Dining Room, Kitchens: 2, Prayer Room, Powder Room, Store Rooms: 1, Lounge or Sitting Room, Laundry Room","Broadband Internet Access, Satellite or Cable TV Ready","Kids Play Area, Barbeque Area, Mosque",,"Nearby Schools, Nearby Hospitals, Nearby Shopping Malls, Nearby Restaurants, Distance From Airport (kms), Nearby Public Transport Service, Other Nearby Places",,,,
https://www.zameen.com/Property/dha_defence_phase_5_dha_phase_5_-_sector_b_heighted_location_south_face_house_dha_phase_05_prime_location-52717862-8401-1.html,House,PKR6.5 Crore,6,10 Marla,For Sale,5,1 month ago,"DHA Defence, Islamabad, Islamabad Capital",Heighted Location South Face House DHA Phase 05 Prime Location Near To Mosque Near To Park Near To Commercial More Details On Call.,"Built in year: 2025, Parking Spaces: 2, Double Glazed Windows, Central Air Conditioning, Central Heating, Flooring, Electricity Backup, Waste Disposal, Floors: 1, Other Main Features, Furnished","Bedrooms: 5, Bathrooms: 7, Servant Quarters: 1, Drawing Room, Dining Room, Kitchens: 2, Study Room, Prayer Room, Powder Room, Gym, Store Rooms: 1, Steam Room, Lounge or Sitting Room, Laundry Room, Other Rooms","Broadband Internet Access, Satellite or Cable TV Ready, Intercom, Other Business and Communication Facilities","Community Lawn or Garden, Community Swimming Pool, Community Gym, First Aid or Medical Centre, Day Care Centre, Kids Play Area, Barbeque Area, Mosque, Community Centre, Other Community Facilities","Lawn or Garden, Swimming Pool, Sauna, Jacuzzi, Other Healthcare and Recreation Facilities","Nearby Schools, Nearby Hospitals, Nearby Shopping Malls, Nearby Restaurants, Distance From Airport (kms), Nearby Public Transport Service, Other Nearby Places","Maintenance Staff, Security Staff, Facilities for Disabled, Other Facilities",,,
https://www.zameen.com/Property/dha_defence_dha_defence_phase_2_dha_phase_2_one_kanal_luxurious_designer_house_for_sale-52491001-339-1.html,House,PKR10.5 Crore,6,1 Kanal,For Sale,5,5 days ago,"DHA Defence, Islamabad, Islamabad Capital","A well designed House in a posh location is all you need to live your best life. Live your dream life in Islamabad. This 1 Kanal property is easily the most sought-after one in the locale. DHA Defence Phase 2 is surrounded with all kinds of facilities, so hurry up and book your property today. You can be an owner of a well-fitted property that is available for sale in a posh area. Priced at Rs. 119000000, what more could you ask for? Know more about the property with the details given below. A Jacuzzi adds a whole new level of luxury to this residence. Looking for a House? Contact us today and we'll make it happen for you. Waste disposal management services ensures the premise is kept clean. The community swimming pool in the building/society proves to be great during summers. The mosques near the House supports religious learning for all age groups. Your kids can play to their heart's content in the play area adjoining the property. The drawing opens into a spacious dining room, making it convenient to entertain guests. All your queries concerned with this property are welcome, so please contact us.","Built in year: 2025, Parking Spaces: 3, Double Glazed Windows, Central Air Conditioning, Central Heating, Flooring, Electricity Backup, Waste Disposal, Floors: 2, Other Main Features, Furnished","Bedrooms: 5, Bathrooms: 7, Servant Quarters: 2, Drawing Room, Dining Room, Kitchens: 2, Study Room, Prayer Room, Powder Room, Gym, Store Rooms: 2, Steam Room, Lounge or Sitting Room, Laundry Room, Other Rooms","Broadband Internet Access, Satellite or Cable TV Ready, Intercom, Other Business and Communication Facilities","Community Lawn or Garden, Community Swimming Pool, Community Gym, First Aid or Medical Centre, Day Care Centre, Kids Play Area, Barbeque Area, Mosque, Community Centre, Other Community Facilities","Lawn or Garden, Swimming Pool, Sauna, Jacuzzi, Other Healthcare and Recreation Facilities","Nearby Schools, Nearby Hospitals, Nearby Shopping Malls, Nearby Restaurants, Distance From Airport (kms), Nearby Public Transport Service, Other Nearby Places","Maintenance Staff, Security Staff, Facilities for Disabled, Other Facilities",,,
https://www.zameen.com/Property/jinnah_gardens_jinnah_gardens_phase_1_7_marla_double_unit_house_for_sale-53101379-1421-1.html,House,PKR3.4 Crore,6,7 Marla,For Sale,5,2 weeks ago,"FECHS, Islamabad, Islamabad Capital",Prime Location Ready For Possession CDA Approved 5 Bed Rooms Modern Construction Parking Space For 2 Cars 2 Kitchens 1 Servant Wapda Meter Water Supply Meeting With Direct Owner Also Have Many Other Options In Different Price,"Built in year: 2025, Parking Spaces: 2, Double Glazed Windows, Central Air Conditioning, Central Heating, Flooring, Electricity Backup, Waste Disposal, Floors: 2, Other Main Features","Bedrooms: 5, Bathrooms: 6, Servant Quarters: 1, Drawing Room, Dining Room, Kitchens: 2, Study Room, Prayer Room, Powder Room, Gym, Store Rooms: 2, Steam Room, Other Rooms","Broadband Internet Access, Satellite or Cable TV Ready, Other Business and Communication Facilities","Community Lawn or Garden, Community Swimming Pool, Community Gym, First Aid or Medical Centre, Day Care Centre, Kids Play Area, Barbeque Area, Other Community Facilities","Lawn or Garden, Swimming Pool, Other Healthcare and Recreation Facilities","Nearby Schools, Nearby Hospitals, Nearby Shopping Malls, Nearby Restaurants, Distance From Airport (kms)",,,,
https://www.zameen.com/Property/top_city_1_top_city_1_-_block_b_1_kanal_double_story_elegant_designer_house_available_for_sale_in_topcity-1_islamabad-53260977-9230-1.html,House,PKR8.5 Crore,6,1 Kanal,For Sale,6,1 month ago,"Top City 1, Islamabad, Islamabad Capital","* 1 Kanal Double Story Elegant Designer House Available for Sale in Topcity-1 Islamabad! * **Solid Construction** **Location**: Topcity-1, Islamabad Near to New Islamabad International Airport, **Size**: *1 Kanal Sunface House* **Detail**: - **Bedrooms**: 5 + 1 Servant Room - **Bathrooms**: 7 - **Kitchens**: 2 - **Drawing Room**: 2 - **TV Lounch**: 2 - **Tiles Flooring** - **3 Big Car parking Inside the House** **Amenities**: - Electricity,Water - Nearby Mosque - Nearby Market - Nearby School - Nearby Metro Station - Nearby Park **Completion Done. ** **Demand* 850 Lacs **Contact Us Now to Schedule a Visit!** Nouman Khan Call/WhatsApp: View Contact Detail","Built in year: 2025, Parking Spaces: 3, Flooring, Electricity Backup, Floors: 2, Other Main Features","Bedrooms: 5, Bathrooms: 5, Servant Quarters: 1, Drawing Room, Dining Room, Kitchens: 2, Powder Room, Store Rooms: 1, Lounge or Sitting Room, Laundry Room",,,,,,,,
https://www.zameen.com/Property/dha_valley_oleander_sector_oleander_sector_-_dha_homes_block_a_home_for_sale_8_marla-52718181-16792-1.html,House,PKR1.5 Crore,4,8 Marla,For Sale,3,2 weeks ago,"DHA Defence, Islamabad, Islamabad Capital","Ready To Key Home Buy A Property Today To Secure Your Family'S Future. In Case You Are Seeking Good Investment Opportunities In The Price Range Of Rs. 15000000 Then Look No Further. Ideally Situated In Oleander Sector - DHA Homes Block A, This Is An Investment Opportunity Like No Other. You Can Find Single And Double-Storey Properties Easily In Islamabad. Buy Best Houses In Islamabad. The Property Covers An Area Of 8 Marla For You And Your Family. You Can Contact Us Right Now For Detailed Investment Options.","Built in year: 2024, Parking Spaces: 1, Double Glazed Windows, Central Air Conditioning, Central Heating, Flooring, Electricity Backup, Waste Disposal, Other Main Features","Bedrooms: 5, Bathrooms: 6, Servant Quarters, Drawing Room, Dining Room, Kitchens: 2, Study Room, Prayer Room, Powder Room, Gym, Store Rooms: 2, Steam Room, Lounge or Sitting Room, Laundry Room, Other Rooms","Broadband Internet Access, Satellite or Cable TV Ready, Intercom, Other Business and Communication Facilities","Community Lawn or Garden, Community Swimming Pool, Community Gym, First Aid or Medical Centre, Day Care Centre, Kids Play Area, Barbeque Area, Mosque, Community Centre, Other Community Facilities","Lawn or Garden, Swimming Pool, Sauna, Jacuzzi, Other Healthcare and Recreation Facilities","Nearby Schools, Nearby Hospitals, Nearby Shopping Malls, Nearby Restaurants, Distance From Airport (kms), Nearby Public Transport Service, Other Nearby Places","Maintenance Staff, Security Staff, Facilities for Disabled, Other Facilities",,,
https://www.zameen.com/Property/dha_valley_lilly_sector_lilly_sector_-_block_a_dha_valley_lily_block_a_5_marla_home_for_sale-53291840-16475-1.html,House,PKR72 Lakh,2,5 Marla,For Sale,2,2 weeks ago,"DHA Defence, Islamabad, Islamabad Capital",2 Bedroom 2 Washroom Tv lounge kitchen laundry Car Parking,"Built in year: 2, Parking Spaces: 1, Flooring, Floors: 1","Bedrooms: 2, Bathrooms: 2, Kitchens: 1, Laundry Room",,,,"Nearby Schools, Nearby Hospitals, Nearby Shopping Malls, Nearby Restaurants, Distance From Airport (kms), Nearby Public Transport Service","Maintenance Staff, Security Staff",,,
https://www.zameen.com/Property/dha_valley_lilly_sector_lilly_sector_-_block_b_5_marla_house_for_sale-51495102-16474-1.html,House,PKR65 Lakh,2,5 Marla,For Sale,2,2 weeks ago,"DHA Defence, Islamabad, Islamabad Capital","Corner Home And General Home Available Brand New Key In Hand Islamabad has a thriving real estate market so you can be certain of finding the home of your dreams. You can expect good returns on investment by booking your property at PKR Rs. 6050000 in the upcoming project. We have got just the right property for you. So, stop whatever you're doing and grab your share as soon as possible. 5 Marla sized property options are limited, so make your decision while it's still available. Ideally located on Lilly Sector - Block B, this is a rare and golden real estate opportunity. A House like this can be hard to come by, so hurry up and book now. Call us today to find out more.","Built in year: 2024, Parking Spaces: 4, Double Glazed Windows, Central Air Conditioning, Central Heating, Flooring, Electricity Backup, Waste Disposal, Floors, Other Main Features, Furnished","Bedrooms: 5, Bathrooms: 6, Servant Quarters: 1, Drawing Room, Dining Room, Kitchens: 2, Study Room, Prayer Room, Powder Room, Gym, Store Rooms: 1, Steam Room, Lounge or Sitting Room, Laundry Room, Other Rooms","Broadband Internet Access, Satellite or Cable TV Ready, Intercom, Other Business and Communication Facilities","Community Lawn or Garden, Community Swimming Pool, Community Gym, First Aid or Medical Centre, Day Care Centre, Kids Play Area, Barbeque Area, Mosque, Community Centre, Other Community Facilities","Lawn or Garden, Swimming Pool, Sauna, Jacuzzi, Other Healthcare and Recreation Facilities","Nearby Schools, Nearby Hospitals, Nearby Shopping Malls, Nearby Restaurants, Distance From Airport (kms), Nearby Public Transport Service, Other Nearby Places","Maintenance Staff, Security Staff, Facilities for Disabled, Other Facilities",,,
https://www.zameen.com/Property/dha_valley_oleander_sector_oleander_sector_-_block_b_5_marla_home_for_sale-52460592-16477-1.html,House,PKR63 Lakh,2,5 Marla,For Sale,2,2 weeks ago,"DHA Defence, Islamabad, Islamabad Capital","You can own your home at a price of PKR Rs. 6300000 at the best location. You can find abundant options for sale or rent in Islamabad. Looking to buy property? We have the best options for you. The property covers an area of 5 Marla which is the perfect size for any family. Oleander Sector - Block B is most sought-after for properties due to access to access to all kinds of facilities, so hurry up! Your best investment could be in House that is both good for sale or rent in the long run. We will guide you through the booking process, all you have to do is contact us via given numbers.","Built in year: 2026, Parking Spaces, Double Glazed Windows, Central Air Conditioning, Central Heating, Flooring, Electricity Backup, Waste Disposal, Other Main Features","Bedrooms: 1, Bathrooms: 1, Servant Quarters: 1, Drawing Room, Dining Room, Kitchens: 1, Study Room, Prayer Room, Powder Room, Gym, Store Rooms: 1, Steam Room, Lounge or Sitting Room, Laundry Room, Other Rooms","Broadband Internet Access, Satellite or Cable TV Ready, Intercom, Other Business and Communication Facilities","Community Lawn or Garden, Community Swimming Pool, Community Gym, First Aid or Medical Centre, Day Care Centre, Kids Play Area, Barbeque Area, Mosque, Community Centre, Other Community Facilities","Sauna, Jacuzzi, Other Healthcare and Recreation Facilities","Nearby Schools, Nearby Hospitals, Nearby Shopping Malls, Nearby Restaurants, Distance From Airport (kms), Nearby Public Transport Service, Other Nearby Places","Maintenance Staff, Security Staff, Facilities for Disabled, Other Facilities",,,
https://www.zameen.com/Property/dha_valley_lilly_sector_lilly_sector_-_block_a_8_marla_home_for_sale-53079540-16475-1.html,House,PKR1.4 Crore,3,8 Marla,For Sale,3,2 weeks ago,"DHA Defence, Islamabad, Islamabad Capital",8 Marla Home For Sale All Facilities Available Near School Near Masjid Near Mart Near Gym Peaceful Environment. Reasonable Demand. Interested Persons Are Welcome To Visit The Property. Please Feel Free To Call Us If You Need Further Details About this. We Request That Only Serious Individuals Contact Us To Make An Immediate Deal. Please Remember To Mention Zameen. Com When Calling.,"Parking Spaces: 5, Central Air Conditioning, Flooring, Electricity Backup, Furnished","Bedrooms: 3, Bathrooms: 3, Servant Quarters: 1, Drawing Room, Dining Room, Kitchens: 1, Study Room","Broadband Internet Access, Satellite or Cable TV Ready, Intercom","Community Lawn or Garden, Community Gym, Mosque",,"Nearby Schools, Nearby Hospitals, Nearby Shopping Malls, Nearby Restaurants, Distance From Airport (kms), Nearby Public Transport Service, Other Nearby Places","Security Staff, Other Facilities",,,
https://www.zameen.com/Property/islamabad_d-12_brand_new_corner_triple_storey_white_house_available_for_sale_located_d-12_islamabad-53080390-160-1.html,House,PKR9.75 Crore,6,8 Marla,For Sale,7,3 weeks ago,"D-12, Islamabad, Islamabad Capital",DETAILS Size 30-60 (8marla) Proper Corner Murree facing Triple Story White House 5 KVA Solar Panal Installed On Roof 15 KVA Solar Inverter 10 KVA Solar Space Available Sami Furnished Tile Flooring Attached picture original ACCOMMODATIONS AND FACILITIES Having 7-Specious Bedrooms With Attached Bathrooms Drawing Dinning With attached Bath 3-TV Lounge 3-Modran Style Kitchens Sarvant Quarters with attached Bath Tile Flooring Water Boring and CDA supply available Solid Construction Best Quality windows wooden Doors Stylish Roof Selling Best Sanitary work etc Top location Vip area near by family hills parks Markaz Mosque service road and many more neat and clean environment best options for living For Further Details And Viewing Please contact us Asif Bangash D12 Markaz Islamabad,"Built in year: 2025, Parking Spaces: 5, Double Glazed Windows, Central Air Conditioning, Central Heating, Flooring, Electricity Backup, Waste Disposal, Floors: 3, Other Main Features, Furnished","Bedrooms: 7, Bathrooms: 8, Servant Quarters: 1, Drawing Room, Dining Room, Kitchens: 3, Study Room, Prayer Room, Powder Room, Gym, Store Rooms: 1, Steam Room, Lounge or Sitting Room, Laundry Room, Other Rooms","Broadband Internet Access, Satellite or Cable TV Ready, Intercom, Other Business and Communication Facilities","Community Lawn or Garden, Community Swimming Pool, Community Gym, First Aid or Medical Centre, Day Care Centre, Kids Play Area, Barbeque Area, Mosque, Community Centre, Other Community Facilities","Lawn or Garden, Swimming Pool, Sauna, Jacuzzi, Other Healthcare and Recreation Facilities","Nearby Schools, Nearby Hospitals, Nearby Shopping Malls, Nearby Restaurants, Distance From Airport (kms), Nearby Public Transport Service, Other Nearby Places","Maintenance Staff, Security Staff, Facilities for Disabled, Other Facilities",,,
https://www.zameen.com/Property/islamabad_e-7_luxurious_modern_brand_new_house_with_elevator_pool-52561937-343-1.html,House,PKR75 Crore,7,1.6 Kanal,For Sale,6,2 weeks ago,"E-7, Islamabad, Islamabad Capital","Chohan HAY Estate Offers: - E-7 Brand New House - Basement, Ground, and Upper Floor - 6 Bedrooms with Modern Attached Bathrooms - Drawing, Dining, and TV Lounge - High-quality Finishes, Enriching Interiors, and Family Rooms with Walk-in Closets - Elegant Modern Kitchens with Quartz Countertops, Cabinetry, and Appliances (Refrigerator, Garbage Disposal, Microwave) - Luxurious Bathrooms with Roman Showers, Separate Shower Cabins, Vanities, and Premium Fixtures - Enjoyable Swimming Pool - Elevator Lift - Ceiling Roof - Flooring with Imported Tiles - Outdoor Lawn - Servant Quarters - Parking Area - Rooftop - Views of Margalla Hills and Sunset - Serene and Highly Secure Living Environment - An Outstanding Opportunity: Seize It Without Delay For Further Details and Additional Choices, Feel Free to Contact the Provided Numbers or Visit Chohan HAY Estate","Built in year: 2025, Parking Spaces, Double Glazed Windows, Central Air Conditioning, Central Heating, Flooring, Electricity Backup, Waste Disposal, Floors: 3, Other Main Features, Furnished","Bedrooms: 6, Bathrooms: 7, Servant Quarters, Drawing Room, Dining Room, Kitchens, Study Room, Prayer Room, Powder Room, Gym, Store Rooms, Steam Room, Lounge or Sitting Room, Laundry Room, Other Rooms","Broadband Internet Access, Satellite or Cable TV Ready, Intercom, Other Business and Communication Facilities","Community Lawn or Garden, Community Swimming Pool, Community Gym, First Aid or Medical Centre, Day Care Centre, Kids Play Area, Barbeque Area, Mosque, Community Centre, Other Community Facilities","Lawn or Garden, Swimming Pool, Sauna, Jacuzzi, Other Healthcare and Recreation Facilities","Nearby Schools, Nearby Hospitals, Nearby Shopping Malls, Nearby Restaurants, Distance From Airport (kms), Nearby Public Transport Service, Other Nearby Places","Maintenance Staff, Security Staff, Facilities for Disabled, Other Facilities",,,
https://www.zameen.com/Property/f_11_markaz_al-safa_heights_fully_renovated_3_bed_apartment_with_washrooms-52898427-12044-1.html,Flat,PKR4.05 Crore,3,12.2 Marla,For Sale,3,3 weeks ago,"F-11, Islamabad, Islamabad Capital",Fully Furnished 3 Bed With Attached Washrooms With Washrooms Kitchen Lounge Drawing Dining lower ground imges are not real,"Built in year: 2025, Parking Spaces: 1, Lobby in Building, Double Glazed Windows, Central Air Conditioning, Flooring, Electricity Backup, Waste Disposal, Floor: 1, Floors in Building: 8, Elevators: 4, Service Elevators in Building","Bedrooms: 3, Bathrooms: 4, Servant Quarters: 2, Drawing Room, Dining Room, Kitchens: 1, Study Room, Prayer Room, Powder Room, Store Rooms: 2, Steam Room, Laundry Room","Broadband Internet Access, Satellite or Cable TV Ready, Business Center or Media Room in Building, Intercom, Other Business and Communication Facilities","Community Lawn or Garden, Community Swimming Pool, Community Gym, First Aid or Medical Centre, Kids Play Area, Barbeque Area, Mosque","Sauna, Jacuzzi","Nearby Schools, Nearby Hospitals, Nearby Shopping Malls, Nearby Restaurants, Distance From Airport (kms)","Maintenance Staff, Security Staff, Laundry or Dry Cleaning Facility, Communal/Shared Kitchen, Facilities for Disabled",,,
https://www.zameen.com/Property/dha_defence_dha_defence_phase_2_most_beautiful_designer_40_marla_house_for_sale-52503202-339-1.html,House,PKR16.5 Crore,6,2 Kanal,For Sale,6,1 week ago,"DHA Defence, Islamabad, Islamabad Capital",House Features 40 Marla 2 Portions 6 Spacious Bedrooms with Luxury Washrooms Big Lawn 2 Beautiful TV-Lounge Drawing and Dining Room 2 Stylish Kitchens with Greece Kitchen Store Room and Servant Room With Attached Bath 6 Car Parking Space With Lawn,"Built in year: 2025, Parking Spaces: 4, Double Glazed Windows, Central Air Conditioning, Central Heating, Flooring, Electricity Backup, Waste Disposal, Other Main Features","Bedrooms: 6, Bathrooms: 7, Servant Quarters: 2, Drawing Room, Dining Room, Kitchens: 2, Study Room, Prayer Room, Powder Room, Gym, Steam Room, Lounge or Sitting Room, Laundry Room","Broadband Internet Access, Satellite or Cable TV Ready, Intercom, Other Business and Communication Facilities","Community Lawn or Garden, Community Swimming Pool, Community Gym, First Aid or Medical Centre, Day Care Centre, Kids Play Area, Barbeque Area, Mosque, Community Centre, Other Community Facilities","Lawn or Garden, Swimming Pool, Sauna, Jacuzzi","Nearby Schools, Nearby Hospitals, Nearby Shopping Malls, Nearby Restaurants, Distance From Airport (kms), Nearby Public Transport Service, Other Nearby Places","Maintenance Staff, Security Staff, Facilities for Disabled, Other Facilities",,,
https://www.zameen.com/Property/jinnah_gardens_jinnah_gardens_phase_1_7_marla_double_unit_house_for_sale-53331460-1421-1.html,House,PKR3.2 Crore,7,7 Marla,For Sale,5,2 weeks ago,"FECHS, Islamabad, Islamabad Capital",Prime Location 30x60 Ready For Possession CDA Approved Lop clear Wapda meter Water bor + water supply 5 bed rooms 2 kitchens 7 washroom Owner built house Meeting with direct owner Sun face Best option in this budget with perfect location Also have many other options in different price range .,"Built in year: 2021, Parking Spaces, Double Glazed Windows, Central Air Conditioning, Central Heating, Flooring, Electricity Backup, Waste Disposal, Floors: 2, Other Main Features, Furnished","Bedrooms: 5, Bathrooms: 7, Servant Quarters: 1, Drawing Room, Dining Room, Kitchens: 2, Study Room, Prayer Room, Powder Room, Gym, Store Rooms: 1, Steam Room, Lounge or Sitting Room, Laundry Room, Other Rooms","Broadband Internet Access, Satellite or Cable TV Ready, Intercom, Other Business and Communication Facilities","Community Lawn or Garden, Community Swimming Pool, Community Gym, First Aid or Medical Centre, Day Care Centre, Kids Play Area, Barbeque Area, Mosque, Community Centre, Other Community Facilities","Lawn or Garden, Swimming Pool, Sauna, Jacuzzi, Other Healthcare and Recreation Facilities","Nearby Schools, Nearby Hospitals, Nearby Shopping Malls, Nearby Restaurants, Distance From Airport (kms), Nearby Public Transport Service, Other Nearby Places","Maintenance Staff, Security Staff, Facilities for Disabled, Other Facilities",,,
https://www.zameen.com/Property/margalla_hills_2_capital_residencia_one_bedroom_apartment_available_for_sale_in_capital_residencia_e-11_4-53291217-10573-1.html,Flat,PKR1.3 Crore,1,3.1 Marla,For Sale,1,2 weeks ago,"E-11, Islamabad, Islamabad Capital","Discover your perfect urban retreat in the Blueline Tower Building, located in the sought-after Capital Residencia sector E-11/4. This charming one-bedroom apartment features an attached bathroom and a delightful balcony, ideal for relaxation. The spacious TV lounge offers a comfortable space for both lounging and dining, while the modern American open kitchen enhances the apartment's appeal. Priced competitively, this property promises high rental income, making it an excellent investment opportunity. Dont miss out on this chance to own a prime piece of real estatecontact us today for more details!","Built in year: 2020, Parking Spaces: 1, Lobby in Building, Double Glazed Windows, Flooring, Electricity Backup, Waste Disposal, Floor, Floors in Building: 15, Elevators: 3, Service Elevators in Building","Bedrooms: 1, Bathrooms: 1, Dining Room, Kitchens: 1, Lounge or Sitting Room","Broadband Internet Access, Satellite or Cable TV Ready","Community Lawn or Garden, Community Swimming Pool",,"Nearby Schools, Nearby Hospitals, Nearby Shopping Malls, Nearby Restaurants, Distance From Airport (kms), Nearby Public Transport Service","Maintenance Staff, Security Staff, Laundry or Dry Cleaning Facility, Communal/Shared Kitchen, Pets Allowed",,,
https://www.zameen.com/Property/dha_valley_oleander_sector_oleander_sector_-_dha_homes_block_a_8_maral_house_for_sale-53287789-16792-1.html,House,PKR1.32 Crore,3,8 Marla,For Sale,3,2 weeks ago,"DHA Defence, Islamabad, Islamabad Capital",8 Marla oleander Sector A Home 3 Bedroom attach Bathroom 1 TV lounge 1 Kitchen 1 Laundry Area 2 Car Parking Space Porch 1 Lawn Neat and Clean Community Gated Community Near Masjid Near School Near Park Near Market Near Community Center Near Riding Club Near Bank Near Maintainance Office Near Bakery Near Mart Near Gym All Facilities Available Contact for more Details and Visit Feel Free to Contact Us,"Built in year: 2021, Parking Spaces: 3, Double Glazed Windows, Central Air Conditioning, Central Heating, Flooring, Electricity Backup, Waste Disposal, Floors: 2, Other Main Features","Bedrooms: 5, Bathrooms: 6, Servant Quarters: 2, Drawing Room, Dining Room, Kitchens: 2, Study Room, Prayer Room, Powder Room, Gym, Store Rooms: 2, Steam Room, Lounge or Sitting Room, Laundry Room","Broadband Internet Access, Satellite or Cable TV Ready, Intercom","Community Lawn or Garden, Community Swimming Pool, Community Gym, First Aid or Medical Centre, Day Care Centre, Kids Play Area, Barbeque Area, Mosque, Community Centre","Lawn or Garden, Swimming Pool, Sauna, Jacuzzi","Nearby Schools, Nearby Hospitals, Nearby Shopping Malls, Nearby Restaurants, Distance From Airport (kms), Nearby Public Transport Service, Other Nearby Places","Maintenance Staff, Security Staff, Facilities for Disabled, Other Facilities",,,
https://www.zameen.com/Property/dha_valley_oleander_sector_oleander_sector_-_dha_homes_block_b_8_marla_home_for_sale_oleander_block_a-53287716-16839-1.html,House,PKR1.35 Crore,3,8 Marla,For Sale,3,2 weeks ago,"DHA Defence, Islamabad, Islamabad Capital",5 Marla Lily Sector A Home 2 Bedroom attach Bathroom 1 TV lounge 1 Kitchen 1 Laundry Area 1 Car Parking Space Porch 1 Lawn Neat and Clean Community Gated Community Near Masjid Near School Near Park Near Market Near Community Center Near Riding Club Near Bank Near Maintainance Office Near Bakery Near Mart Near Gym All Facilities Available Contact for more Details and Visit Feel Free to Contact Us,,"Bedrooms: 3, Bathrooms: 3, Servant Quarters: 1, Drawing Room, Dining Room, Kitchens: 1, Store Rooms: 1, Lounge or Sitting Room",,Mosque,,"Nearby Schools, Nearby Hospitals, Nearby Shopping Malls, Nearby Restaurants, Distance From Airport (kms), Nearby Public Transport Service, Other Nearby Places","Maintenance Staff, Security Staff, Other Facilities",,,
https://www.zameen.com/Property/dha_defence_phase_2_askari_tower_1_askari_tower_1_3_bed_apartment_for_sale-53291167-10663-1.html,Flat,PKR3.4 Crore,3,9.8 Marla,For Sale,3,2 weeks ago,"DHA Defence, Islamabad, Islamabad Capital",3 Bedrooms 3 Washrooms Drawing Dining Tv lounge kitchen laundry Car Parking,Flooring,"Bedrooms: 3, Bathrooms: 3, Servant Quarters: 1, Drawing Room, Dining Room, Kitchens: 11, Powder Room, Store Rooms: 1, Lounge or Sitting Room, Laundry Room",,,,"Nearby Schools, Nearby Hospitals, Nearby Shopping Malls","Maintenance Staff, Security Staff, Laundry or Dry Cleaning Facility",,,
https://www.zameen.com/Property/dha_valley_oleander_sector_oleander_sector_-_dha_homes_block_a_dha_valley_oleander_block_a_8_marla_corner_home_for_sale-53296813-16792-1.html,House,PKR1.55 Crore,3,8 Marla,For Sale,3,3 days ago,"DHA Defence, Islamabad, Islamabad Capital",3 Bedroom 3 Washroom Drawing Dinning Tv Lounge Kitchen Store Servent Quarter 2 Car Parking,"Built in year: 2025, Parking Spaces: 1, Double Glazed Windows, Central Air Conditioning, Central Heating, Flooring, Electricity Backup, Waste Disposal, Floors: 1, Other Main Features","Bedrooms: 3, Bathrooms: 3, Servant Quarters: 1, Drawing Room, Dining Room, Kitchens: 1, Study Room, Prayer Room, Powder Room, Gym, Store Rooms: 1, Steam Room, Lounge or Sitting Room, Laundry Room, Other Rooms","Broadband Internet Access, Satellite or Cable TV Ready, Intercom","Community Lawn or Garden, Community Swimming Pool, Community Gym, First Aid or Medical Centre, Day Care Centre, Kids Play Area, Barbeque Area, Mosque, Community Centre","Lawn or Garden, Swimming Pool, Sauna, Jacuzzi","Nearby Schools, Nearby Hospitals, Nearby Shopping Malls, Nearby Restaurants","Maintenance Staff, Security Staff",,,
https://www.zameen.com/Property/gulberg_greens_gulberg_greens_-_block_a_a_block_gulberg_greens_furnished_farm_house_available_for_sale-53118529-8313-1.html,Farm House,PKR26 Crore,6,5 Kanal,For Sale,10,2 days ago,"Gulberg, Islamabad, Islamabad Capital",Furnished farm house available for sale A block gulberg greens Islamabad more options available in different block different categories plots r constructed farm house options available in All block wid swimming pool,"Built in year: 2025, Parking Spaces: 10, Double Glazed Windows, Central Air Conditioning, Central Heating, Flooring, Electricity Backup, Waste Disposal, Floors: 3, Other Main Features, Furnished","Bedrooms: 13, Bathrooms: 17, Servant Quarters: 3, Drawing Room, Dining Room, Kitchens: 4, Study Room, Prayer Room, Powder Room, Gym, Store Rooms: 3, Steam Room, Lounge or Sitting Room, Laundry Room, Other Rooms","Broadband Internet Access, Satellite or Cable TV Ready, Intercom, Other Business and Communication Facilities","Community Lawn or Garden, Community Swimming Pool, Community Gym, First Aid or Medical Centre, Day Care Centre, Kids Play Area, Barbeque Area, Mosque, Community Centre, Other Community Facilities","Lawn or Garden, Swimming Pool, Sauna, Jacuzzi, Other Healthcare and Recreation Facilities","Nearby Schools, Nearby Hospitals, Nearby Shopping Malls, Nearby Restaurants, Distance From Airport (kms), Nearby Public Transport Service, Other Nearby Places","Maintenance Staff, Security Staff, Facilities for Disabled, Other Facilities",,,
https://www.zameen.com/Property/islamabad_b-17_ready_to_move_2_bed_apartment_for_sale_in_reasonable_price-53306493-616-1.html,Flat,PKR80 Lakh,2,3.3 Marla,For Sale,2,4 days ago,"B-17, Islamabad, Islamabad Capital",Very Good Opportunity for Investment in B17 2 Bed Apartment For sale In investor rate F Block 7 floor Plaza Door work in progress,,,,,,"Nearby Schools, Nearby Hospitals, Nearby Shopping Malls, Nearby Restaurants, Distance From Airport (kms), Nearby Public Transport Service, Other Nearby Places","Security Staff, Other Facilities",,,
https://www.zameen.com/Property/dha_defence_dha_defence_phase_2_used_owner_build_house_for_sale-52502307-339-1.html,House,PKR8.7 Crore,6,1 Kanal,For Sale,5,1 week ago,"DHA Defence, Islamabad, Islamabad Capital",House Features 20 Marla 2 Portions 5 Spacious Bedrooms with Luxury Washrooms 2 Beautiful TV-Lounge Drawing and Dining Room 2 Stylish Kitchens with Greece Kitchen Store Room and Servant Room With Attached Bath 3 Car Parking Space With Lawn,"Built in year, Parking Spaces, Double Glazed Windows, Central Air Conditioning, Central Heating, Flooring, Electricity Backup, Waste Disposal, Floors, Other Main Features, Furnished","Bedrooms: 5, Bathrooms: 6, Servant Quarters: 2, Drawing Room, Dining Room, Kitchens: 2, Study Room, Prayer Room, Powder Room, Gym, Store Rooms: 1, Steam Room, Lounge or Sitting Room, Laundry Room, Other Rooms","Broadband Internet Access, Satellite or Cable TV Ready, Intercom, Other Business and Communication Facilities","Community Lawn or Garden, Community Swimming Pool, Community Gym, First Aid or Medical Centre, Day Care Centre, Kids Play Area, Barbeque Area, Mosque, Community Centre, Other Community Facilities","Lawn or Garden, Swimming Pool, Sauna, Jacuzzi, Other Healthcare and Recreation Facilities","Nearby Schools, Nearby Hospitals, Nearby Shopping Malls, Nearby Restaurants, Distance From Airport (kms), Nearby Public Transport Service, Other Nearby Places","Maintenance Staff, Security Staff, Facilities for Disabled, Other Facilities",,,
https://www.zameen.com/Property/dha_defence_dha_defence_phase_2_prime_location_near_to_aps_school_near_to_central_park_near_to_hospital_near_to_commercial-53272357-339-1.html,House,PKR12.75 Crore,6,1 Kanal,For Sale,6,2 weeks ago,"DHA Defence, Islamabad, Islamabad Capital",House for Sale Your Dream Home Awaits! Location: Prime & peaceful area Size: Spacious design with modern architecture,"Built in year: 2025, Parking Spaces: 03, Double Glazed Windows, Central Air Conditioning, Central Heating, Flooring, Electricity Backup, Waste Disposal, Floors: 01, Other Main Features, Furnished","Bedrooms: 06, Bathrooms: 07, Servant Quarters: 02, Drawing Room, Dining Room, Kitchens: 02, Study Room, Prayer Room, Powder Room, Gym, Store Rooms: 01, Steam Room, Lounge or Sitting Room, Laundry Room, Other Rooms","Broadband Internet Access, Satellite or Cable TV Ready, Intercom, Other Business and Communication Facilities","Community Lawn or Garden, Community Swimming Pool, Community Gym, First Aid or Medical Centre, Day Care Centre, Kids Play Area, Barbeque Area, Mosque, Community Centre, Other Community Facilities","Lawn or Garden, Swimming Pool, Sauna, Jacuzzi, Other Healthcare and Recreation Facilities","Nearby Schools, Nearby Hospitals, Nearby Shopping Malls, Nearby Restaurants, Distance From Airport (kms), Nearby Public Transport Service, Other Nearby Places","Maintenance Staff, Security Staff, Facilities for Disabled, Other Facilities",,,
https://www.zameen.com/Property/islamabad_f-11_prime_location_5-bed_house_in_f-11_double_kitchen_wide_street-53217706-163-1.html,House,PKR15.5 Crore,6,1 Kanal,For Sale,5,4 days ago,"F-11, Islamabad, Islamabad Capital","A beautiful 5-bedroom house is available for sale in the highly desirable sector of F-11 Islamabad. This property offers the perfect combination of space, comfort, and quality construction, making it ideal for families looking for a refined lifestyle in the heart of the city. The house features 5 spacious bedrooms with attached bathrooms, a beautiful drawing and dining area, a comfortable TV lounge, and 2 modern kitchens equipped with high-quality fittings. The design allows for excellent ventilation and natural light, creating a bright and welcoming atmosphere throughout the home. Built with solid construction and thoughtful planning, this house offers ample living space and functionality. The 4-car parking area provides convenient and secure parking for residents and guests. The overall layout is practical yet elegant perfect for both personal living and entertaining guests. Located in a good and peaceful neighborhood of F-11, this house ensures easy access to main roads, schools, parks, mosques, and commercial areas. The surroundings are secure and family-friendly, making it one of the best locations in Islamabad for long-term residence. This property reflects a blend of comfort, class, and quality a great choice for anyone seeking a beautiful home in a prime sector with lasting value. Features: 5 Bedrooms with Attached Baths Drawing & Dining Rooms 2 Modern Kitchens TV Lounge 4-Car Parking Space Servant Quarter Solid Construction Good Location, Wide Road Sector: F-11 Islamabad Category: Residential House Status: Excellent Condition Ready For Possession Contact: Serious buyers may call for further details and exclusive viewing.","Built in year: 2022, Parking Spaces: 4, Double Glazed Windows, Central Air Conditioning, Central Heating, Flooring, Electricity Backup, Waste Disposal, Other Main Features, Furnished","Bedrooms: 5, Bathrooms: 6, Servant Quarters: 2, Drawing Room, Dining Room, Kitchens: 2, Study Room, Prayer Room, Store Rooms: 2, Steam Room, Laundry Room, Other Rooms","Broadband Internet Access, Satellite or Cable TV Ready, Other Business and Communication Facilities","Community Lawn or Garden, Community Swimming Pool, Community Gym, First Aid or Medical Centre, Day Care Centre, Kids Play Area, Barbeque Area, Mosque, Community Centre, Other Community Facilities",Lawn or Garden,"Nearby Schools, Nearby Hospitals, Nearby Shopping Malls, Nearby Restaurants, Distance From Airport (kms), Nearby Public Transport Service, Other Nearby Places","Maintenance Staff, Security Staff, Facilities for Disabled, Other Facilities",,,
https://www.zameen.com/Property/islamabad_f-11_triple_story_666_sqy_house_for_sale_in_f-11_spacious_stylish_and_brand_new-53221635-163-1.html,House,PKR31 Crore,-,1.3 Kanal,For Sale,6,4 days ago,"F-11, Islamabad, Islamabad Capital","Discover a truly exceptional living experience with this brand new 666 sqy triple-story house located in one of Islamabads most prestigious sectors, F-11. The house offers a perfect combination of elegance, comfort, and practicality built with solid construction and high-end finishing from top to bottom. Featuring 6 spacious bedrooms with attached 7 modern bathrooms, this home is thoughtfully designed to accommodate large families or those who simply enjoy extra space. The layout includes a stylish drawing and dining area, a comfortable TV lounge, and a fully equipped modern kitchen on each floor, offering both convenience and functionality. The property also comes with ample parking space for 5 cars, making it ideal for families who value both style and practicality. Wide front, excellent ventilation, and natural sunlight create a warm and inviting atmosphere throughout the home. From the fine woodwork to the premium tile flooring and elegant ceiling designs, every detail has been crafted to perfection. Situated in a good location within F-11, this property provides easy access to main roads, parks, schools, and commercial areas making it not only a beautiful home but also a valuable long-term investment. This house represents luxury living at its best a blend of aesthetics, comfort, and timeless quality.","Built in year: 2025, Parking Spaces: 5, Double Glazed Windows, Central Air Conditioning, Central Heating, Waste Disposal, Furnished","Bedrooms: 6, Bathrooms: 7, Servant Quarters: 2, Drawing Room, Dining Room, Kitchens: 3, Study Room, Prayer Room, Powder Room, Gym, Lounge or Sitting Room, Laundry Room, Other Rooms","Broadband Internet Access, Satellite or Cable TV Ready, Intercom","Community Lawn or Garden, Kids Play Area, Barbeque Area, Community Centre",Lawn or Garden,"Nearby Schools, Nearby Hospitals, Nearby Shopping Malls, Nearby Restaurants, Distance From Airport (kms), Nearby Public Transport Service, Other Nearby Places","Maintenance Staff, Security Staff, Facilities for Disabled, Other Facilities",,,
https://www.zameen.com/Property/islamabad_bani_gala_10_bed_4_storey_house_for_sale_on_1_kanal-52291836-340-1.html,House,PKR7.5 Crore,-,1 Kanal,For Sale,10,2 weeks ago,"Bani Gala, Islamabad, Islamabad Capital","Basement ""3 Bed With At Bath , Kitchen, Tv lounge , Drawing Room . . . Ground Floor ""3 Bed With At Bath , Kitchen , Tv lounge , Drawing Room, Car Porch , Lawan 1st Floor ""3 Bed With At Bath , Kitchen , Tv lounge , Drawing Room , Tarrece. . . 2nd Floor "" 1 Bed With Bath ,Living Room , Lobby , Kitchen & Roof Top 30 Ft Street Near To Main Road Easy Access To Muree Rd","Built in year: 2023, Parking Spaces: 3, Double Glazed Windows, Central Air Conditioning, Central Heating, Flooring, Electricity Backup, Waste Disposal, Floors: 2, Other Main Features, Furnished","Bedrooms: 10, Bathrooms: 12, Servant Quarters: 1, Drawing Room, Dining Room, Kitchens: 1, Study Room, Prayer Room, Powder Room, Gym, Store Rooms: 1, Steam Room, Lounge or Sitting Room, Laundry Room, Other Rooms","Broadband Internet Access, Satellite or Cable TV Ready, Intercom, Other Business and Communication Facilities","Community Lawn or Garden, Community Swimming Pool, Community Gym, First Aid or Medical Centre, Day Care Centre, Kids Play Area, Barbeque Area, Mosque, Community Centre, Other Community Facilities","Lawn or Garden, Swimming Pool, Sauna, Jacuzzi, Other Healthcare and Recreation Facilities","Nearby Schools, Nearby Hospitals, Nearby Shopping Malls, Nearby Restaurants, Distance From Airport (kms), Nearby Public Transport Service, Other Nearby Places","Maintenance Staff, Security Staff, Facilities for Disabled, Other Facilities",,,
https://www.zameen.com/Property/g_14_g-14_4_g_14-4_rented_property_for_sale-53174298-3346-1.html,House,PKR3.1 Crore,2,4.4 Marla,For Sale,2,3 weeks ago,"G-14, Islamabad, Islamabad Capital",Owner made well maintain beat location all facilitates Gas 2: electricity,"Built in year: 2022, Parking Spaces: 1, Double Glazed Windows, Central Air Conditioning, Central Heating, Flooring, Electricity Backup, Waste Disposal, Floors: 2, Other Main Features, Furnished","Bedrooms: 3, Bathrooms: 3, Servant Quarters: 1, Drawing Room, Dining Room, Kitchens: 1, Study Room, Prayer Room, Powder Room, Gym, Store Rooms: 1, Steam Room, Lounge or Sitting Room, Laundry Room, Other Rooms","Broadband Internet Access, Satellite or Cable TV Ready, Intercom, Other Business and Communication Facilities","Community Lawn or Garden, Community Swimming Pool, Community Gym, First Aid or Medical Centre, Day Care Centre, Kids Play Area, Barbeque Area, Mosque, Community Centre, Other Community Facilities","Lawn or Garden, Swimming Pool, Sauna, Jacuzzi, Other Healthcare and Recreation Facilities","Nearby Schools, Nearby Hospitals, Nearby Shopping Malls, Nearby Restaurants, Distance From Airport (kms), Nearby Public Transport Service, Other Nearby Places","Maintenance Staff, Security Staff, Facilities for Disabled, Other Facilities",,,
https://www.zameen.com/Property/soan_garden_soan_garden_-_block_h_2_bed_flat_for_sale_in_soan_garden-53307678-3498-1.html,Flat,PKR60 Lakh,2,2.9 Marla,For Sale,2,2 months ago,"Soan Garden, Islamabad, Islamabad Capital","two bed family flat for sale SOAN Garden 2nd floor 650 ft. 2 bedroom with attach bath TV lounge open kitchen electricity gas available water supply and boring near to Highway masjid market park For more information, please contact us","Built in year: 2020, Parking Spaces, Flooring, Electricity Backup, Floor, Floors in Building","Bedrooms: 2, Bathrooms: 2, Drawing Room, Dining Room, Kitchens: 1, Study Room, Prayer Room, Laundry Room, Other Rooms",,Mosque,,"Nearby Schools, Nearby Hospitals, Nearby Shopping Malls, Nearby Restaurants",Security Staff,,,
https://www.zameen.com/Property/jinnah_gardens_jinnah_gardens_phase_1_brand_new_double_storey_cda_lop_clear_house_in_jinnah_garden_phase_1_islamabad-52621541-1421-1.html,House,PKR2.4 Crore,5,5 Marla,For Sale,4,1 week ago,"FECHS, Islamabad, Islamabad Capital","Brand new double storey 5 Marla house in Jinnah garden phase 1 Islamabad . Accommodation: 4 bedrooms with baths Kitchen,Tv lounge,Drawing room on each floor Servant room with bath Powder Bath Electricity and water Available Basic Amenities like School,Market and Masjid near this house. Price is Negotiable. For more details and visit please contact me.","Built in year: 2025, Parking Spaces: 1, Double Glazed Windows, Central Air Conditioning, Central Heating, Flooring, Electricity Backup, Waste Disposal, Floors: 2, Other Main Features, Furnished","Bedrooms: 4, Bathrooms: 5, Servant Quarters: 1, Drawing Room, Dining Room, Kitchens: 2, Study Room, Prayer Room, Powder Room, Gym, Store Rooms: 2, Steam Room, Lounge or Sitting Room, Laundry Room, Other Rooms","Broadband Internet Access, Satellite or Cable TV Ready, Intercom, Other Business and Communication Facilities","Community Lawn or Garden, Community Swimming Pool, Community Gym, First Aid or Medical Centre, Day Care Centre, Kids Play Area, Barbeque Area, Mosque, Community Centre, Other Community Facilities","Lawn or Garden, Sauna, Jacuzzi, Other Healthcare and Recreation Facilities","Nearby Schools, Nearby Hospitals, Nearby Shopping Malls, Nearby Restaurants, Distance From Airport (kms), Nearby Public Transport Service, Other Nearby Places","Maintenance Staff, Security Staff, Facilities for Disabled, Other Facilities",,,
https://www.zameen.com/Property/i_11_i-11_2_brand_new_double_story_house_is_available_for_sale-52994714-9879-1.html,House,PKR4.1 Crore,5,6 Marla,For Sale,5,1 week ago,"I-11, Islamabad, Islamabad Capital",Sector I-11/2 Size 25x60 Best Located Brand New Double Story House is available for Sale for the best investment of your future in reasonable price. Contact with us for more information.,,,"Broadband Internet Access, Satellite or Cable TV Ready, Intercom",,,"Nearby Schools, Nearby Hospitals, Nearby Shopping Malls, Nearby Restaurants, Distance From Airport (kms), Nearby Public Transport Service, Other Nearby Places","Maintenance Staff, Security Staff, Facilities for Disabled, Other Facilities",,,
https://www.zameen.com/Property/i_11_i-11_2_beautiful_double_story_house_is_available_for_sale-52994688-9879-1.html,House,PKR2.7 Crore,5,4.4 Marla,For Sale,5,1 week ago,"I-11, Islamabad, Islamabad Capital",Sector I-11/2 Size 25x40 Beautiful Double Story House is available for Sale for the best investment of your future in reasonable price. Contact with us for more information.,,,,,,"Nearby Schools, Nearby Hospitals, Nearby Shopping Malls, Nearby Restaurants, Distance From Airport (kms), Nearby Public Transport Service, Other Nearby Places","Maintenance Staff, Security Staff, Facilities for Disabled, Other Facilities",,,
https://www.zameen.com/Property/f_10_silver_oaks_apartments_corner_three_bedrooms_with_full_long_terrace-48674407-11308-1.html,Flat,PKR5.49 Crore,3,7.8 Marla,For Sale,3,2 weeks ago,"F-10, Islamabad, Islamabad Capital","Three Bedrooms Corner Apartment With Long Terrace. It'S Kind Of Only 6 Apartments In Silveroaks. Peaceful Environment. Reasonable Demand. Interested Persons Welcome To Visit The Property. Please Feel Free To Call Us If You Need Further Details About It. We Request That Only Serious Individuals Contact Us To Make An Immediate Deal, And Please Do Not Forget To Mention Zameen. com When Calling.","Built in year: 2012, Parking Spaces: 1, Lobby in Building, Double Glazed Windows, Flooring, Electricity Backup, Waste Disposal, Floor: 5, Floors in Building: 10, Elevators: 14, Service Elevators in Building, Other Main Features","Bedrooms: 3, Bathrooms: 3, Drawing Room, Dining Room, Kitchens: 1, Study Room, Prayer Room, Powder Room, Gym, Steam Room, Lounge or Sitting Room, Laundry Room","Broadband Internet Access, Satellite or Cable TV Ready, Business Center or Media Room in Building, Conference Room in Building, Intercom, ATM Machines","Community Lawn or Garden, Community Swimming Pool, Community Gym, First Aid or Medical Centre, Day Care Centre, Kids Play Area, Mosque, Community Centre","Sauna, Jacuzzi","Nearby Schools, Nearby Hospitals, Nearby Shopping Malls, Nearby Restaurants, Distance From Airport (kms), Nearby Public Transport Service, Other Nearby Places","Security Staff, Other Facilities",,,
https://www.zameen.com/Property/islamabad_top_city_1_one_bedroom_fully_furnished_apartment-53094121-1383-1.html,Flat,PKR79.5 Lakh,1,2.7 Marla,For Sale,1,3 days ago,"Top City 1, Islamabad, Islamabad Capital","This 600 Square Feet-sized property will definitely suit your requirements. Top City 1 is thriving with real estate investment opportunities so what are you waiting for. A property in coveted Top City 1 is an ideal asset, whatever your investment purpose may be. Know that this Flat right here is only a click away, so we recommend that you make haste to claim it. At such amazing rate of Rs. 7950000, such a deal doesn't remain open for long. Prices can't get better than this, so hurry up and buy your dream home today. You can find out more about the property below. Stay healthy and warm indoors during winters with the central heating system in your Flat. The Flat has a Jamiah mosque at a convenient walking distance from it. The Flat supports facilities for disabled persons to navigate the premises easily. Enjoy family time in the lounge that comes with this Flat. Breathe in the fresh air as an effective waste disposal team is on duty all the time. You can feel secure with round-the-clock security staff that patrols the premises. You can have all your queries satisfied through the contact information on our page. If all these things pique your interest, you really should contact us and, we assure you, you won't be disappointed.","Built in year: 3, Parking Spaces: 1, Double Glazed Windows, Central Air Conditioning, Central Heating, Flooring, Waste Disposal, Furnished","Bedrooms: 3, Bathrooms: 1, Drawing Room, Dining Room, Kitchens: 1, Gym, Store Rooms: 1, Lounge or Sitting Room, Laundry Room, Other Rooms","Broadband Internet Access, Satellite or Cable TV Ready, Intercom","Community Lawn or Garden, Community Swimming Pool, Community Gym, First Aid or Medical Centre, Day Care Centre, Kids Play Area, Barbeque Area, Mosque, Community Centre",Jacuzzi,"Nearby Schools, Nearby Hospitals, Nearby Shopping Malls, Nearby Restaurants, Distance From Airport (kms), Nearby Public Transport Service, Other Nearby Places","Maintenance Staff, Security Staff, Facilities for Disabled, Other Facilities",,,
https://www.zameen.com/Property/islamabad_g-15_7_marla_brand_new_house_availabe_for_sale_in_g-15_islamabad-53241365-764-1.html,House,PKR4 Crore,5,8 Marla,For Sale,5,2 days ago,"G-15, Islamabad, Islamabad Capital","Welcome to Brand New House for sale In G-15 lslamabad Size: 30*60 (7 MARLA) About the Property: - 5 Bedrooms - 5 Washrooms - 2 Kitchens - 2 TV Lounge - 2 drawing room - Servant Quarter With attached Washroom - 2 Car Parking - Tile Flooring - Double Unit House - Electricity Availble - Water Bore Running & also Water Supply Facility available Features: - Additional features include Tile floors, fireplace, etc. - Attached 2 Car Parking garage and additional storage space - Prime location in G-15, close to School,College,Market,Masjid Public Transport,Hospitals and ETC. - Immediate Access To Main Double Road and Kashmir Highway Asking Price: 4-CR Contact Information:","Built in year: 2025, Parking Spaces: 4, Double Glazed Windows, Central Air Conditioning, Central Heating, Flooring, Electricity Backup, Waste Disposal, Floors: 2, Other Main Features, Furnished","Bedrooms: 5, Bathrooms: 6, Servant Quarters: 2, Drawing Room, Dining Room, Kitchens: 2, Study Room, Prayer Room, Powder Room, Gym, Store Rooms: 1, Steam Room, Lounge or Sitting Room, Laundry Room, Other Rooms","Broadband Internet Access, Satellite or Cable TV Ready, Intercom, Other Business and Communication Facilities","Community Lawn or Garden, Community Swimming Pool, Community Gym, First Aid or Medical Centre, Day Care Centre, Kids Play Area, Barbeque Area, Mosque, Community Centre, Other Community Facilities","Lawn or Garden, Swimming Pool, Sauna, Jacuzzi, Other Healthcare and Recreation Facilities","Nearby Schools, Nearby Hospitals, Nearby Shopping Malls, Nearby Restaurants, Distance From Airport (kms), Nearby Public Transport Service, Other Nearby Places","Maintenance Staff, Security Staff, Facilities for Disabled, Other Facilities",,,
https://www.zameen.com/Property/f_10_sukh_chayn_residence_sukh_chain_3_bed_luxury_apartment-53035608-13589-1.html,Flat,PKR9 Crore,3,9 Marla,For Sale,3,5 days ago,"F-10, Islamabad, Islamabad Capital",Sukh Chain 3 bed Luxury Apartment back up generator gym and pool facility available,"Built in year: 2024, Parking Spaces: 1, Lobby in Building, Double Glazed Windows, Central Air Conditioning, Central Heating, Flooring, Electricity Backup, Waste Disposal, Floor: 10, Floors in Building: 12, Elevators: 1, Service Elevators in Building, Other Main Features, Furnished","Bedrooms: 2, Bathrooms: 2, Servant Quarters: 1, Drawing Room, Dining Room, Kitchens: 1, Study Room, Prayer Room, Powder Room, Gym, Store Rooms: 1, Steam Room, Lounge or Sitting Room, Laundry Room, Other Rooms","Broadband Internet Access, Satellite or Cable TV Ready, Business Center or Media Room in Building, Conference Room in Building, Intercom, ATM Machines, Other Business and Communication Facilities","Community Lawn or Garden, Community Swimming Pool, Community Gym, First Aid or Medical Centre, Day Care Centre, Kids Play Area, Barbeque Area, Mosque, Community Centre, Other Community Facilities","Sauna, Jacuzzi, Other Healthcare and Recreation Facilities","Nearby Schools, Nearby Hospitals, Nearby Shopping Malls, Nearby Restaurants, Distance From Airport (kms), Nearby Public Transport Service, Other Nearby Places","Maintenance Staff, Security Staff, Laundry or Dry Cleaning Facility, Communal/Shared Kitchen, Facilities for Disabled, Pets Not Allowed, Other Facilities",,,
https://www.zameen.com/Property/dha_valley_oleander_sector_oleander_sector_-_block_b_5_marla_house_for_sale-51493731-16477-1.html,House,PKR60 Lakh,2,5 Marla,For Sale,2,2 weeks ago,"DHA Defence, Islamabad, Islamabad Capital","Nothing Is Better Than Scoring The Ultimate Property Deal. And This Islamabad Happens To Have The Best Ones. Make The Most Of The Opportunity Right Now Of Buying A 5 Marla Property That Is Readily. You Will Find Current Market Rates Quite Attractive In Oleander Sector - Block B. The Ideal Place For Family Living Made Available At Only Rs. 5800000. A Well-Constructed House Like This Doesn'T Come Too Often, So Book Yours While You Can. We Have Got Just The Right Property For You. So, Stop Whatever You'Re Doing And Grab Your Share As Soon As Possible. If You Still Want To Get The Full Low-Down On This Offer, Please Connect With Us Today.",,"Bedrooms: 5, Bathrooms: 6, Servant Quarters: 2, Drawing Room, Dining Room, Kitchens: 3, Study Room, Prayer Room, Powder Room, Gym, Lounge or Sitting Room, Laundry Room","Broadband Internet Access, Satellite or Cable TV Ready, Intercom","Community Lawn or Garden, Community Swimming Pool, Community Gym, First Aid or Medical Centre, Day Care Centre, Kids Play Area, Barbeque Area, Mosque, Community Centre",,"Nearby Schools, Nearby Hospitals, Nearby Shopping Malls, Nearby Restaurants, Distance From Airport (kms), Nearby Public Transport Service, Other Nearby Places","Maintenance Staff, Security Staff, Facilities for Disabled, Other Facilities",,,
https://www.zameen.com/Property/dha_valley_oleander_sector_oleander_sector_-_dha_homes_dha_home_size_5_marla_for_sale-51890977-16825-1.html,House,PKR65 Lakh,2,5 Marla,For Sale,2,2 weeks ago,"DHA Defence, Islamabad, Islamabad Capital","If You Are Looking For A House, Islamabad Might Have Just The Thing. Investing In A House In Oleander Sector - DHA Homes Is A Profitable Deal, Both On Short As Well As Long Term Basis. Oleander Sector - DHA Homes Is Based Away From The Humdrum Of Urban City Life, Giving You The Peace Of Mind You Need Most. Looking For A Lucrative Investment Or A Shelter? Consider The Following Buy. The Perfect 5 Marla House Is Available For Sale Now In Oleander Sector - DHA Homes. This Property Available For As Low As Rs. 6500000 Right Now Has The Potential To Shoot Up In Value In No Time At All. Find Out Why This Property Is The Best Option For You Below. A Drawing Room Like The One In This 5 Marla House Is Sure To Impress Your Guests. This Project Features Broadband Internet Access Among Other Facilities. The Nearby Mosque Is Only A Few Minutes By Walk From The House. Your Kids Can Play To Their Heart'S Content In The Play Area Adjoining The Property. Safety Is A Top Priority, So Security Staff Will Be Available On The Premise. Socialize, Make Friends And Interact With The Neighbours At The Community Lawn Nearby. A Dedicated Space For Washing, Like A Separate Laundry Room Comes In Handy, Especially When You Have A Large Load. If You Want Details, All You Have To Do Is Contact Us.","Built in year: 2023, Parking Spaces: 3, Double Glazed Windows, Central Air Conditioning, Central Heating, Flooring, Electricity Backup, Waste Disposal, Floors: 1, Other Main Features, Furnished","Bedrooms: 22, Bathrooms: 7, Servant Quarters: 2, Drawing Room, Dining Room, Kitchens: 1, Study Room, Prayer Room, Powder Room, Gym, Store Rooms: 2, Steam Room, Lounge or Sitting Room, Laundry Room, Other Rooms","Broadband Internet Access, Satellite or Cable TV Ready, Intercom, Other Business and Communication Facilities","Community Lawn or Garden, Community Swimming Pool, Community Gym, First Aid or Medical Centre, Day Care Centre, Kids Play Area, Barbeque Area, Mosque, Community Centre, Other Community Facilities","Lawn or Garden, Swimming Pool, Sauna, Jacuzzi, Other Healthcare and Recreation Facilities","Nearby Schools, Nearby Hospitals, Nearby Shopping Malls, Nearby Restaurants, Distance From Airport (kms), Nearby Public Transport Service, Other Nearby Places","Maintenance Staff, Security Staff, Facilities for Disabled, Other Facilities",,,
https://www.zameen.com/Property/dha_valley_oleander_sector_oleander_sector_-_dha_homes_block_a_8_marla_corner_house_for_sale-53287662-16792-1.html,House,PKR1.55 Crore,3,8 Marla,For Sale,3,1 week ago,"DHA Defence, Islamabad, Islamabad Capital","Brand New Key In Hand 3 Side Open Home Corner With Extra Land Your search for properties sized 8 Marla is now over! Go through this listing. A House in Oleander Sector - DHA Homes Block A comes with many benefits, prime among which is the ease of access to public transport and facilities. It's never too late to own your home, so take that decision by choosing from our many available for sale property options. If you are dreaming about your own House now is the time to take action. There is no lack of real estate avenues in Islamabad. Come and experience for yourself. This property available for as low as Rs. 15500000 right now has the potential to shoot up in value in no time at all. Pick your phone and call us today.","Built in year, Parking Spaces, Double Glazed Windows, Central Air Conditioning, Central Heating, Flooring, Electricity Backup, Waste Disposal, Other Main Features, Furnished",,"Broadband Internet Access, Satellite or Cable TV Ready, Intercom, Other Business and Communication Facilities","Community Lawn or Garden, Community Swimming Pool, Community Gym, First Aid or Medical Centre, Day Care Centre, Kids Play Area, Barbeque Area, Mosque, Community Centre, Other Community Facilities",,"Nearby Schools, Nearby Hospitals, Nearby Shopping Malls, Nearby Restaurants, Distance From Airport (kms), Nearby Public Transport Service, Other Nearby Places","Maintenance Staff, Security Staff, Facilities for Disabled, Other Facilities",,,
https://www.zameen.com/Property/dha_valley_dha_valley_-_oleander_sector_8_marla_house_for_sale-53175567-3213-1.html,House,PKR1.35 Crore,3,8 Marla,For Sale,3,2 weeks ago,"DHA Defence, Islamabad, Islamabad Capital","""8 marla house for sale Demand 1 crore 50 lack "" 3 bedroom 3 washroom drawing room dining room TV lounge kitchen store front terrace car parking laundry Peaceful Environment. Reasonable Demand. Interested Persons Are Welcome To Visit The Property. Please Feel Free To Call Us If You Need Further Details About this. We Request That Only Serious Individuals Contact Us To Make An Immediate Deal. Please Remember To Mention Zameen. Com When Calling.","Built in year: 2025, Parking Spaces, Double Glazed Windows, Central Air Conditioning, Central Heating, Flooring, Electricity Backup, Waste Disposal, Floors, Other Main Features, Furnished","Bedrooms: 3, Bathrooms: 3, Servant Quarters: 1, Drawing Room, Dining Room, Kitchens: 1, Study Room, Prayer Room, Powder Room, Gym, Store Rooms: 1, Steam Room, Lounge or Sitting Room, Laundry Room, Other Rooms","Broadband Internet Access, Satellite or Cable TV Ready, Intercom, Other Business and Communication Facilities","Community Lawn or Garden, Community Swimming Pool, Community Gym, First Aid or Medical Centre, Day Care Centre, Kids Play Area, Barbeque Area, Mosque, Community Centre, Other Community Facilities","Lawn or Garden, Swimming Pool, Sauna, Jacuzzi, Other Healthcare and Recreation Facilities","Nearby Schools, Nearby Hospitals, Nearby Shopping Malls, Nearby Restaurants, Distance From Airport (kms), Nearby Public Transport Service, Other Nearby Places","Maintenance Staff, Security Staff, Facilities for Disabled, Other Facilities",,,
https://www.zameen.com/Property/dha_defence_dha_valley_5_marla_home_for_sale_oleander_block_b-53287704-1333-1.html,House,PKR65 Lakh,2,5 Marla,For Sale,2,1 week ago,"DHA Defence, Islamabad, Islamabad Capital",5 Marla Lily Sector A Home 2 Bedroom attach Bathroom 1 TV lounge 1 Kitchen 1 Laundry Area 1 Car Parking Space Porch 1 Lawn Neat and Clean Community Gated Community Near Masjid Near School Near Park Near Market Near Community Center Near Riding Club Near Bank Near Maintainance Office Near Bakery Near Mart Near Gym All Facilities Available Contact for more Details and Visit Feel Free to Contact Us,,"Bedrooms: 2, Bathrooms: 2, Drawing Room, Kitchens: 1",,,,"Nearby Schools, Nearby Hospitals, Nearby Shopping Malls, Nearby Restaurants, Distance From Airport (kms), Nearby Public Transport Service, Other Nearby Places","Maintenance Staff, Security Staff, Other Facilities",,,
https://www.zameen.com/Property/f_11_markaz_al-safa_heights_fully_renovated_fully_furnished_2bed_with_attached_washrooms-52898501-12044-1.html,House,PKR2.75 Crore,2,7.8 Marla,For Sale,2,2 weeks ago,"F-11, Islamabad, Islamabad Capital",2bed With Attached Washrooms Fully Furnished Fully Renovated Coming Rent 127000 Lower Ground For Contact International Investments G11 Markaz,"Built in year: 2025, Parking Spaces: 1, Double Glazed Windows, Central Air Conditioning, Central Heating, Flooring, Electricity Backup, Waste Disposal, Other Main Features, Furnished","Bedrooms: 4, Bathrooms: 4, Servant Quarters: 1, Drawing Room, Dining Room, Kitchens: 1, Study Room, Prayer Room, Powder Room, Gym, Store Rooms: 1, Steam Room, Lounge or Sitting Room, Laundry Room, Other Rooms","Broadband Internet Access, Satellite or Cable TV Ready, Intercom, Other Business and Communication Facilities","Community Lawn or Garden, Community Swimming Pool, Community Gym, First Aid or Medical Centre, Day Care Centre, Kids Play Area, Barbeque Area, Mosque, Community Centre, Other Community Facilities","Lawn or Garden, Swimming Pool, Sauna, Jacuzzi, Other Healthcare and Recreation Facilities","Nearby Schools, Nearby Hospitals, Nearby Shopping Malls, Nearby Restaurants, Distance From Airport (kms), Nearby Public Transport Service, Other Nearby Places","Maintenance Staff, Security Staff, Facilities for Disabled, Other Facilities",,,
https://www.zameen.com/Property/bahria_enclave_bahria_enclave_-_sector_c_1_kanal_beautiful_owner-built_house_for_sale_sector_c_bahria_enclave_islamabad-52954228-11973-1.html,House,PKR12.5 Crore,6,1 Kanal,For Sale,7,6 days ago,"Bahria Town, Islamabad, Islamabad Capital","1 Kanal Beautiful Owner-Built House for Sale Sector C, Bahria Enclave Islamabad A solidly constructed owner-built house is available for sale in Sector C, Bahria Enclave Islamabad. Designed with care and attention to detail, this spacious home offers luxury and functionality. Property Details: 1 Kanal Solid Construction 7 Bedrooms with Attached Washrooms 2 TV Lounges & 2 Stylish Kitchens Drawing & Dining Rooms Proper Double Unit with Separate Entrances Ideal for Rental Income High-Quality Solid Wood Work Perfect for families or investors looking for rental potential in a prime location. For More Details, Contact: Euro Homes Real Estate & Builders","Built in year: 2025, Parking Spaces: 4, Flooring, Electricity Backup, Waste Disposal, Floors: 2, Other Main Features","Bedrooms: 7, Bathrooms: 8, Servant Quarters: 1, Drawing Room, Dining Room, Kitchens: 2, Study Room, Prayer Room, Powder Room",,,,"Nearby Schools, Nearby Hospitals, Nearby Shopping Malls, Nearby Restaurants, Distance From Airport (kms), Nearby Public Transport Service, Other Nearby Places","Security Staff, Other Facilities",,,
https://www.zameen.com/Property/dha_defence_dha_defence_phase_2_elegant_brand_new_kanal_designer_house_for_sale_in_dha_2_islamabad-52108495-339-1.html,House,PKR15 Crore,6,1 Kanal,For Sale,7,4 days ago,"DHA Defence, Islamabad, Islamabad Capital","This extraordinary property offers a rare combination of elegance sophisticatiom and luxury. weather you are seeking a family home, an entertainors paradise or a peaceful retreat, this stunning state is is sure to exceed your expectations. contact to arrange a private viewing of this incredible property. We deal exclusively inDHA & Bahria Town only. With having the prestige of over a decade of experience, we are authorised Realtors/ Builders and deal in sale/purchase/rent of residential and commercial properties. We offer construction and renovation on demand ( References of handovered projects can be shared with eligible clients) For further info don't hesitate to contact us Tahir Real Estate &Builders Real Estate Consultants - Builders- Advisors","Built in year: 2025, Parking Spaces: 3, Double Glazed Windows, Central Air Conditioning, Central Heating, Flooring, Electricity Backup, Waste Disposal, Floors: 2, Other Main Features","Bedrooms: 5, Bathrooms: 6, Servant Quarters: 1, Drawing Room, Dining Room, Kitchens: 2, Study Room, Prayer Room, Powder Room, Gym, Store Rooms: 1, Steam Room, Lounge or Sitting Room, Laundry Room, Other Rooms","Broadband Internet Access, Satellite or Cable TV Ready, Intercom, Other Business and Communication Facilities","Community Lawn or Garden, Community Swimming Pool, Community Gym, First Aid or Medical Centre, Day Care Centre, Kids Play Area, Barbeque Area, Mosque, Community Centre, Other Community Facilities","Lawn or Garden, Swimming Pool, Sauna, Jacuzzi, Other Healthcare and Recreation Facilities","Nearby Schools, Nearby Hospitals, Nearby Shopping Malls, Nearby Restaurants, Distance From Airport (kms), Nearby Public Transport Service, Other Nearby Places","Maintenance Staff, Security Staff, Facilities for Disabled, Other Facilities",,,
https://www.zameen.com/Property/dha_defence_phase_2_dha_phase_2_-_sector_b_brand_new_1_kanal_double_storey_house_for_sale_in_dha_ph_2_islamabad-52912356-3197-1.html,House,PKR11.9 Crore,7,1 Kanal,For Sale,6,1 month ago,"DHA Defence, Islamabad, Islamabad Capital","The 1 Kanal Double Storey House For Sale comes with top-notch fixtures and A construction which means that the home and luxuries it offers is well worth the Available at a Reasonable Price of PKR 11 Crore 90Lakh. >Ideal Location. >6 Bedrooms >7 Bathrooms >2 TV lounge >2 Kitchen >Near By amenities School Mosque Hospital Banks Commercial Shops >are just a few steps away. >Other Facilities are also available, >The modern architecture, imported finishing materials, and beautiful >exteriors will make you fall in love with it >The house enjoys a perfect location of DHA 2 Islamabad which >means that you will have access to all the best options for education, >health, shopping, and entertainment just around the corner. >Buying this property will open up options for you. >It has been professionally designed so that both aesthetics and >functionality are at their best. >Take our word of advice and check it out. >This property helps you out for your searches on a House. > Beautifully design & Nice constructed.","Built in year: 2025, Parking Spaces: 3, Flooring, Electricity Backup, Floors","Bedrooms: 6, Bathrooms: 7, Servant Quarters: 1, Drawing Room, Dining Room, Kitchens: 3, Study Room, Prayer Room, Store Rooms, Other Rooms",,"Community Lawn or Garden, Community Swimming Pool, Community Gym, First Aid or Medical Centre, Day Care Centre, Kids Play Area, Barbeque Area, Mosque, Community Centre, Other Community Facilities",Lawn or Garden,"Nearby Schools, Nearby Hospitals, Nearby Shopping Malls, Nearby Restaurants, Distance From Airport (kms), Nearby Public Transport Service, Other Nearby Places",,,,
https://www.zameen.com/Property/dha_defence_dha_defence_phase_2_corner_park_facing_house_for_sale_near_central_park-52503557-339-1.html,House,PKR14.8 Crore,6,1.2 Kanal,For Sale,8,1 week ago,"DHA Defence, Islamabad, Islamabad Capital",House Features 24 Marla 3 Portions 8 Spacious Bedrooms with Luxury Washrooms 2 Beautiful TV-Lounge 2 Drawing Room 2 Dining Room 2 Stylish Kitchens with Greece Kitchen Store Room and Servant Room With Attached Bath 5 Car Parking Space With Big Lawn,"Built in year: 2024, Parking Spaces: 4, Double Glazed Windows, Central Air Conditioning, Central Heating, Flooring, Electricity Backup, Waste Disposal, Floors: 3, Other Main Features, Furnished","Bedrooms: 8, Bathrooms: 6, Servant Quarters: 2, Drawing Room, Dining Room, Kitchens: 2, Study Room, Prayer Room, Powder Room, Gym, Store Rooms, Steam Room, Lounge or Sitting Room, Laundry Room, Other Rooms","Broadband Internet Access, Satellite or Cable TV Ready, Intercom, Other Business and Communication Facilities","Community Lawn or Garden, Community Swimming Pool, Community Gym, First Aid or Medical Centre, Day Care Centre, Kids Play Area, Barbeque Area, Mosque, Community Centre, Other Community Facilities","Lawn or Garden, Swimming Pool, Sauna, Jacuzzi, Other Healthcare and Recreation Facilities","Nearby Schools, Nearby Hospitals, Nearby Shopping Malls, Nearby Restaurants, Distance From Airport (kms), Nearby Public Transport Service, Other Nearby Places","Maintenance Staff, Security Staff, Facilities for Disabled, Other Facilities",,,
https://www.zameen.com/Property/gulberg_gulberg_business_square_gulberg_greens_2_bed_luxury_apartment_in_business_square_available_for_sale_at_reasonable_price_with_ideal_rental_value-53277920-11450-1.html,Flat,PKR1.2 Crore,2,3.6 Marla,For Sale,2,3 weeks ago,"Gulberg, Islamabad, Islamabad Capital",Gulberg Business Square Plaza Luxury Well Maintained Apartment Size 800sqft For More Details Call Us Now,"Built in year: 2021, Lobby in Building, Double Glazed Windows, Central Air Conditioning, Central Heating, Flooring, Electricity Backup, Waste Disposal, Floor: 3, Floors in Building: 5, Elevators: 2, Service Elevators in Building","Bedrooms: 2, Bathrooms: 2, Drawing Room, Dining Room, Kitchens, Study Room, Gym, Lounge or Sitting Room, Laundry Room","Broadband Internet Access, Satellite or Cable TV Ready, Business Center or Media Room in Building, Conference Room in Building, Intercom, ATM Machines, Other Business and Communication Facilities","Community Lawn or Garden, Community Swimming Pool, Community Gym, First Aid or Medical Centre, Day Care Centre, Kids Play Area, Barbeque Area, Community Centre","Sauna, Jacuzzi, Other Healthcare and Recreation Facilities","Nearby Schools, Nearby Hospitals, Nearby Shopping Malls, Nearby Restaurants, Nearby Public Transport Service, Other Nearby Places","Maintenance Staff, Security Staff, Laundry or Dry Cleaning Facility, Communal/Shared Kitchen, Facilities for Disabled, Pets Allowed, Other Facilities",,,
https://www.zameen.com/Property/mpchs_multi_gardens_mpchs_-_block_c_b-17_c_block_3060_brand_new_luxury_house_for_sale-53109182-3118-1.html,House,PKR3.7 Crore,6,8 Marla,For Sale,4,4 weeks ago,"B-17, Islamabad, Islamabad Capital","B-17 C Block 3060 Brand New Luxury House for Sale. Prime Location. A stunning brand new luxury house available for sale in C Block, B-17 Islamabad. Located at a prime location. This beautifully designed home offers modern living with premium features: Plot Size: 3060 (8 Marla) 5 Spacious Bedrooms with attached baths 5 Modern Washrooms 2 Stylish Kitchens with high-quality fittings 2 Elegant Drawing Rooms 2 Comfortable Lounges High-quality construction & finishing Ideal for personal living or investment Demand: 3.70 Crore For serious buyers, contact now to arrangeavisit.","Parking Spaces: 2, Flooring, Floors: 2","Bedrooms: 4, Bathrooms: 6, Drawing Room, Dining Room, Kitchens: 2, Lounge or Sitting Room, Laundry Room","Broadband Internet Access, Satellite or Cable TV Ready, Intercom, Other Business and Communication Facilities","Community Lawn or Garden, Community Swimming Pool, Community Gym, First Aid or Medical Centre, Day Care Centre, Kids Play Area, Barbeque Area, Mosque, Community Centre, Other Community Facilities","Lawn or Garden, Swimming Pool, Sauna, Jacuzzi, Other Healthcare and Recreation Facilities","Nearby Schools, Nearby Hospitals, Nearby Shopping Malls, Nearby Restaurants, Distance From Airport (kms), Nearby Public Transport Service, Other Nearby Places",Security Staff,,,
https://www.zameen.com/Property/top_city_1_top_city_1_-_block_d_brand_new_house_for_ssle-53312403-9233-1.html,House,PKR4 Crore,7,10 Marla,For Sale,6,21 hours ago,"Top City 1, Islamabad, Islamabad Capital",A fresh Brand new house for sale 6 bed 7bath 2 tvl 2 DD 2 kitchen sun facing 50 foot road near main road market park and masijid . wood work and electric and pumbling alla qulity v v v reasonable demand . on first offer sale,"Built in year: 2025, Parking Spaces: 2, Double Glazed Windows, Central Air Conditioning, Central Heating, Flooring, Electricity Backup, Waste Disposal, Floors: 2, Other Main Features, Furnished","Bedrooms: 4, Bathrooms: 5, Servant Quarters, Drawing Room, Dining Room, Kitchens: 2, Study Room, Prayer Room, Powder Room, Gym, Store Rooms: 1, Steam Room, Lounge or Sitting Room, Laundry Room, Other Rooms","Broadband Internet Access, Satellite or Cable TV Ready, Intercom, Other Business and Communication Facilities","Community Lawn or Garden, Community Swimming Pool, Community Gym, First Aid or Medical Centre, Day Care Centre, Kids Play Area, Barbeque Area, Mosque, Community Centre, Other Community Facilities","Lawn or Garden, Swimming Pool, Sauna, Jacuzzi, Other Healthcare and Recreation Facilities","Nearby Schools, Nearby Hospitals, Nearby Shopping Malls, Nearby Restaurants, Distance From Airport (kms), Nearby Public Transport Service, Other Nearby Places","Maintenance Staff, Security Staff, Facilities for Disabled, Other Facilities",,,
https://www.zameen.com/Property/islamabad_top_city_1_35x65_main_double_road_back_block_a-53284360-1383-1.html,House,PKR4.5 Crore,5,10.1 Marla,For Sale,4,3 weeks ago,"Top City 1, Islamabad, Islamabad Capital","House For Sale In Top City Islamabad 35x65 Tiles Flooring 4 bedrooms 5 Washrooms 2 Kitchen Separates and Combined Portions CCTV and Electric Security wired installed Main Double Road Back Near the Market, Mosque,Parks and Masjid Best Residential Location Near M2 Motorways and Islamabad Airport","Built in year, Parking Spaces, Central Air Conditioning, Flooring, Electricity Backup, Waste Disposal, Floors: 2, Other Main Features","Bedrooms: 4, Bathrooms: 5, Servant Quarters, Drawing Room, Dining Room, Kitchens: 2, Study Room, Prayer Room, Powder Room, Store Rooms, Lounge or Sitting Room, Laundry Room, Other Rooms","Broadband Internet Access, Satellite or Cable TV Ready, Intercom, Other Business and Communication Facilities","Community Lawn or Garden, Community Gym, First Aid or Medical Centre, Day Care Centre, Kids Play Area, Barbeque Area, Mosque, Community Centre, Other Community Facilities","Lawn or Garden, Other Healthcare and Recreation Facilities","Nearby Schools, Nearby Hospitals, Nearby Shopping Malls, Nearby Restaurants, Distance From Airport (kms), Nearby Public Transport Service, Other Nearby Places","Security Staff, Other Facilities",,,
https://www.zameen.com/Property/dha_valley_oleander_sector_oleander_sector_-_dha_homes_block_a_dha_valley_oleander_block_a_8_marla_home_for_sale-53291984-16792-1.html,House,PKR1.4 Crore,3,8 Marla,For Sale,3,2 weeks ago,"DHA Defence, Islamabad, Islamabad Capital",3 Bedroom 3 Washroom Drawing Dinning Tv lounge kitchen Store Servent Quarter Car Parking,"Built in year: 1, Parking Spaces: 2, Flooring, Floors: 2","Bedrooms: 3, Bathrooms: 3, Servant Quarters: 1, Drawing Room, Dining Room, Kitchens: 1, Store Rooms: 1",,,,"Nearby Schools, Nearby Hospitals, Nearby Shopping Malls, Nearby Restaurants, Nearby Public Transport Service, Other Nearby Places","Maintenance Staff, Security Staff",,,
https://www.zameen.com/Property/jinnah_gardens_jinnah_gardens_phase_1_5_marla_designer_house_for_sale_in_jinnah_gardens_phase_1_islamabad-52873312-1421-1.html,House,PKR2.6 Crore,4,5 Marla,For Sale,5,3 weeks ago,"FECHS, Islamabad, Islamabad Capital","Your Dream Home AwaitsBuilt & Ready in Just 5 Months! Exclusive LOCATION in Prestigious B-17 DAILY PROGRESS REPORT ON YOUR HOMES WILL BE GIVEN BOQ WILL BE PROVIDED ON EACH STEP Claim Yours Today & Transform Dreams into Reality! 3 Simple Steps to Construct Your DREAM HOME: 1 Choose Your Plot Choose from prime plots in Jinnah Garden Phase 1 sought-after community where luxury meets convenience. Act fast; exclusive locations are selling out! 2 Design With our Architects and Engineers Design Freedom, Expertly Guided Collaborate with award-winning architects to craft a home thats uniquely yours. From modern minimalism to timeless elegance your vision, our expertise. 3 Move In Faster Than You Think No delays, no stress. Our fast-track construction team guarantees your keys in just 5 months! Quality craftsmanship, on time, every time. Why Wait? Stress-free process from start to finish 10-year structural warranty for peace of mind DAILY PROGRESS REPORT ON YOUR HOMES WILL BE GIVEN BOQ WILL BE PROVIDED ON EVERY MONTH Limited-Time Offer: WE HAVE VERY LIMITED SLOTS AVAILABLE TO BOOK --------------------------------------------------------","Built in year: 2025, Parking Spaces, Double Glazed Windows, Central Air Conditioning, Central Heating, Flooring, Electricity Backup, Waste Disposal, Floors: 3, Other Main Features, Furnished","Bedrooms: 4, Bathrooms: 4, Servant Quarters: 1, Drawing Room, Dining Room, Kitchens: 2, Study Room, Prayer Room, Powder Room, Store Rooms: 1, Lounge or Sitting Room, Laundry Room, Other Rooms","Broadband Internet Access, Satellite or Cable TV Ready, Intercom, Other Business and Communication Facilities","Community Lawn or Garden, Community Swimming Pool, Community Gym, First Aid or Medical Centre, Day Care Centre, Kids Play Area, Barbeque Area, Mosque, Community Centre, Other Community Facilities","Lawn or Garden, Swimming Pool, Other Healthcare and Recreation Facilities","Nearby Schools, Nearby Hospitals, Nearby Shopping Malls, Nearby Restaurants, Distance From Airport (kms), Nearby Public Transport Service, Other Nearby Places","Maintenance Staff, Security Staff, Other Facilities",PKR80 Lakh,PKR7.5 Lakh,24 Months
https://www.zameen.com/Property/gulberg_greens_gulberg_greens_-_block_a_a_block_furnished_house_available_for_sale_wide_swimming_pool-53117144-8313-1.html,House,PKR12 Crore,6,1 Kanal,For Sale,10,2 days ago,"Gulberg, Islamabad, Islamabad Capital",A Block Gulberg Greens Islamabad Furnished House Available For Sale More Options Available In Different Blocks Different Categories Farm House Constructed Farm House 10 Kanal Options 5 Kanal Options 4 Kanal Options Available,"Built in year: 2025, Parking Spaces: 10, Double Glazed Windows, Central Air Conditioning, Central Heating, Flooring, Electricity Backup, Waste Disposal, Floors: 3, Other Main Features, Furnished","Bedrooms: 13, Bathrooms: 17, Servant Quarters: 4, Drawing Room, Dining Room, Kitchens: 4, Study Room, Prayer Room, Powder Room, Gym, Store Rooms: 4, Steam Room, Lounge or Sitting Room, Laundry Room, Other Rooms","Broadband Internet Access, Satellite or Cable TV Ready, Intercom, Other Business and Communication Facilities","Community Lawn or Garden, Community Swimming Pool, Community Gym, First Aid or Medical Centre, Day Care Centre, Kids Play Area, Barbeque Area, Mosque, Community Centre, Other Community Facilities","Lawn or Garden, Swimming Pool, Sauna, Jacuzzi, Other Healthcare and Recreation Facilities","Nearby Schools, Nearby Hospitals, Nearby Shopping Malls, Nearby Restaurants, Distance From Airport (kms), Nearby Public Transport Service, Other Nearby Places","Maintenance Staff, Security Staff, Facilities for Disabled, Other Facilities",,,
https://www.zameen.com/Property/gulberg_greens_skypark_one_sky_park_one_two_bed_furnished_available_for_sale-53118434-15266-1.html,Flat,PKR3.35 Crore,2,7 Marla,For Sale,2,2 days ago,"Gulberg, Islamabad, Islamabad Capital",sky park one two bed furnished farm house facing 350 rent out different categories flats available visit any time direct allotee meeting,"Built in year: 2025, Parking Spaces: 3, Lobby in Building, Double Glazed Windows, Central Air Conditioning, Central Heating, Flooring, Electricity Backup, Waste Disposal, Floor: 4, Floors in Building: 9, Elevators: 8, Service Elevators in Building, Other Main Features, Furnished","Bedrooms: 2, Bathrooms: 2, Servant Quarters: 1, Drawing Room, Dining Room, Kitchens: 1, Study Room, Prayer Room, Powder Room, Gym, Store Rooms: 1, Steam Room, Lounge or Sitting Room, Laundry Room, Other Rooms","Broadband Internet Access, Satellite or Cable TV Ready, Business Center or Media Room in Building, Conference Room in Building, Intercom, ATM Machines, Other Business and Communication Facilities","Community Lawn or Garden, Community Swimming Pool, Community Gym, First Aid or Medical Centre, Day Care Centre, Kids Play Area, Barbeque Area, Mosque, Community Centre, Other Community Facilities","Sauna, Jacuzzi, Other Healthcare and Recreation Facilities","Nearby Schools, Nearby Hospitals, Nearby Shopping Malls, Nearby Restaurants, Distance From Airport (kms), Nearby Public Transport Service, Other Nearby Places","Maintenance Staff, Security Staff, Laundry or Dry Cleaning Facility, Communal/Shared Kitchen, Facilities for Disabled, Pets Allowed, Other Facilities",,,
https://www.zameen.com/Property/gulberg_greens_skypark_one_sky_park_one_two_bed_furnished_apartment_available_for_sale-53118420-15266-1.html,Flat,PKR3.3 Crore,2,7 Marla,For Sale,2,2 days ago,"Gulberg, Islamabad, Islamabad Capital",two bed furnished apartment available for sale sky park one different level different sizes different categories 1437 sqft to 2761 sqft available flats,"Built in year: 2025, Parking Spaces: 3, Lobby in Building, Double Glazed Windows, Central Air Conditioning, Central Heating, Flooring, Electricity Backup, Waste Disposal, Floor: 5, Floors in Building: 9, Elevators: 7, Service Elevators in Building, Other Main Features, Furnished","Bedrooms: 2, Bathrooms: 2, Servant Quarters: 1, Drawing Room, Dining Room, Kitchens: 1, Study Room, Prayer Room, Powder Room, Gym, Store Rooms: 1, Steam Room, Lounge or Sitting Room, Laundry Room, Other Rooms","Broadband Internet Access, Satellite or Cable TV Ready, Business Center or Media Room in Building, Conference Room in Building, Intercom, ATM Machines, Other Business and Communication Facilities","Community Lawn or Garden, Community Swimming Pool, Community Gym, First Aid or Medical Centre, Day Care Centre, Kids Play Area, Barbeque Area, Mosque, Community Centre, Other Community Facilities","Sauna, Jacuzzi, Other Healthcare and Recreation Facilities","Nearby Schools, Nearby Hospitals, Nearby Shopping Malls, Nearby Restaurants, Distance From Airport (kms), Nearby Public Transport Service, Other Nearby Places","Maintenance Staff, Security Staff, Laundry or Dry Cleaning Facility, Communal/Shared Kitchen, Facilities for Disabled, Pets Allowed, Other Facilities",,,
https://www.zameen.com/Property/gulberg_greens_skypark_one_sky_park_one_two_bed_furnished_non_furnished_option_available-53118428-15266-1.html,Flat,PKR3.25 Crore,2,7 Marla,For Sale,2,2 days ago,"Gulberg, Islamabad, Islamabad Capital",Two bed non furnished Furnished apartments available for sale different categories flats different level different sizes any time visit direct allotee meeting,"Built in year: 2025, Parking Spaces: 3, Lobby in Building, Double Glazed Windows, Central Air Conditioning, Central Heating, Flooring, Electricity Backup, Waste Disposal, Floor: 6, Floors in Building: 9, Elevators: 7, Service Elevators in Building, Other Main Features, Furnished","Bedrooms: 2, Bathrooms: 2, Servant Quarters: 1, Drawing Room, Dining Room, Kitchens: 1, Study Room, Prayer Room, Powder Room, Gym, Store Rooms: 1, Steam Room, Lounge or Sitting Room, Laundry Room, Other Rooms","Broadband Internet Access, Satellite or Cable TV Ready, Business Center or Media Room in Building, Conference Room in Building, Intercom, ATM Machines, Other Business and Communication Facilities","Community Lawn or Garden, Community Swimming Pool, Community Gym, First Aid or Medical Centre, Day Care Centre, Kids Play Area, Barbeque Area, Mosque, Community Centre, Other Community Facilities","Sauna, Jacuzzi, Other Healthcare and Recreation Facilities","Nearby Schools, Nearby Hospitals, Nearby Shopping Malls, Nearby Restaurants, Distance From Airport (kms), Nearby Public Transport Service, Other Nearby Places","Maintenance Staff, Security Staff, Laundry or Dry Cleaning Facility, Communal/Shared Kitchen, Facilities for Disabled, Pets Allowed, Other Facilities",,,
https://www.zameen.com/Property/mpchs_multi_gardens_mpchs_-_block_b_2_bed_multi_transfer_luxury_apartment_available_for_sale-53109207-3117-1.html,Flat,PKR73 Lakh,2,4 Marla,For Sale,2,4 weeks ago,"B-17, Islamabad, Islamabad Capital","2 Bed MULTI TRANSFER Luxury Apartment Available. For Sale in Block B. markaz facing lift install 4th Floor. Multi Gardens MPCHS B-17 Islamabad. Apartment Size 750 Sq Ft. 2 Bedrooms. 2 Baths. 1 Kitchen. Car Parking. Electricity , Water Available. Interested People Can Contact Easily.","Built in year: 2023, Double Glazed Windows, Central Air Conditioning, Central Heating, Flooring, Electricity Backup, Waste Disposal, Other Main Features","Bedrooms: 2, Bathrooms: 2, Drawing Room, Dining Room, Kitchens: 1","Broadband Internet Access, Satellite or Cable TV Ready, Business Center or Media Room in Building, Conference Room in Building, Intercom, ATM Machines, Other Business and Communication Facilities","Community Lawn or Garden, Community Swimming Pool, Community Gym, First Aid or Medical Centre, Day Care Centre, Kids Play Area, Barbeque Area, Mosque, Community Centre, Other Community Facilities",Other Healthcare and Recreation Facilities,"Nearby Schools, Nearby Hospitals, Nearby Shopping Malls, Nearby Restaurants, Distance From Airport (kms), Nearby Public Transport Service, Other Nearby Places",,,,
https://www.zameen.com/Property/mpchs_multi_gardens_mpchs_-_block_f_5_marla_double_unit_house_available_for_sale_in_multi_gardens_mpchs_b-17_block_f_islamabad-53263315-8527-1.html,House,PKR2.25 Crore,4,5 Marla,For Sale,4,1 month ago,"B-17, Islamabad, Islamabad Capital","5 Marla Double Unit House Available. For Sale in Multi Gardens MPCHS B-17 Block F Islamabad. House Size 25*50. Luxury house. Water Bore. A+ construction Double Story. Near to Park. Near to Commercial. Near to Mosque. 4 Bedrooms. 6 Baths. 2 Drawing Dining. 2 Kitchen. 2 Study Rooms. Mumty + Washroom. Car Parking Space. Gas, Water Available Water Bore. Double Unit Investor Rate Ideal Location. Reasonable Price. Multi Gardens MPCHS B-17 is a Good Society for Residence. Because Neat and Clean. 24 Hours Security. All Basic and Necessary Facilities Available. Interested People CanContactEasily.","Parking Spaces: 1, Flooring, Floors: 2","Bedrooms: 4, Bathrooms: 4, Drawing Room, Dining Room, Kitchens: 2, Lounge or Sitting Room, Laundry Room","Broadband Internet Access, Satellite or Cable TV Ready, Intercom, Other Business and Communication Facilities","Community Lawn or Garden, Community Swimming Pool, Community Gym, First Aid or Medical Centre, Day Care Centre, Kids Play Area, Barbeque Area, Mosque, Community Centre, Other Community Facilities","Lawn or Garden, Other Healthcare and Recreation Facilities","Nearby Schools, Nearby Hospitals, Nearby Shopping Malls, Nearby Restaurants, Distance From Airport (kms), Nearby Public Transport Service, Other Nearby Places",,,,
https://www.zameen.com/Property/bahria_town_bahria_enclave_10_marla_5_bedrooms_brand_new_single_unit_designer_house_available_for_sale_in_bahria_enclave_islamabad_sector_c1-53087768-1705-1.html,House,PKR6 Crore,5,10 Marla,For Sale,5,18 hours ago,"Bahria Town, Islamabad, Islamabad Capital",Luxury Interior&Amp;Excellent Elevation 10 Marla 5bedrooms Brand New House For Sale In Bahria Enclave Islamabad Sector A Newly Constructed At A Very Peaceful Location Excellent Wood Work Quality Fitting And Stylish One Kitchen Near To Masjid Park School Hospital Commercial Market Best Area For Living Beautiful View This House Features 5 Spacious Bedrooms 5 Luxury Bathrooms Tv Lounges Drawing Dining 1 Servant Room With Attached Bathroom Entrance Lobby With Stairs Parking Space Almost 3 Cars For More Details Please Contact Us Muhammad Sohail Euro Homes Real Estate&Amp;Builders,"Built in year: 2025, Parking Spaces: 21, Double Glazed Windows, Central Air Conditioning, Central Heating, Flooring, Electricity Backup, Floors: 2","Bedrooms: 5, Bathrooms: 5, Servant Quarters: 1, Drawing Room, Dining Room, Kitchens: 1, Powder Room, Store Rooms: 1, Lounge or Sitting Room","Broadband Internet Access, Satellite or Cable TV Ready, Intercom","Community Lawn or Garden, Community Swimming Pool, Community Gym, First Aid or Medical Centre, Day Care Centre, Kids Play Area, Barbeque Area, Mosque, Community Centre",Lawn or Garden,"Nearby Schools, Nearby Hospitals, Nearby Shopping Malls, Nearby Restaurants, Distance From Airport (kms), Nearby Public Transport Service","Maintenance Staff, Security Staff",,,
https://www.zameen.com/Property/mpchs_multi_gardens_mpchs_-_block_f_brand_new_5_marla_designer_single_unit_house_for_sale_b-17_f_block_short_corner_plot-53263319-8527-1.html,House,PKR2.8 Crore,6,5 Marla,For Sale,4,4 weeks ago,"B-17, Islamabad, Islamabad Capital","Brand New 5 Marla Designer Single Unit House for Sale B-17 F Block (Short Corner Plot) Discover modern living in this beautifully designed house located at a prime location in B-17 F Block. Built with top-quality materials and equipped with the latest fixtures and fittings, this home offers comfort, style, and functionality. Property Details: Ground Floor: Open kitchen with modern fittings Spacious TV lounge 1 large bedroom 2 stylish washrooms Basement: 1 spacious master bedroom Separate entrance from outside (can be used as a drawing room) 1 washroom First Floor: 3 spacious bedrooms 3 attached washrooms Additional Features: Designer architecture with premium finishing Latest model equipment and fixtures used throughout Ideal location on a short corner plot A perfect choice for families looking for a stylish and comfortable home in a peacefulneighborhood.","Built in year, Parking Spaces, Double Glazed Windows, Central Air Conditioning, Central Heating, Flooring, Electricity Backup, Waste Disposal, Floors, Other Main Features, Furnished","Bedrooms: 5, Bathrooms: 6, Servant Quarters: 2, Drawing Room, Dining Room, Kitchens: 3, Study Room, Prayer Room, Powder Room, Gym, Store Rooms, Steam Room, Lounge or Sitting Room, Laundry Room, Other Rooms","Broadband Internet Access, Satellite or Cable TV Ready, Intercom, Other Business and Communication Facilities","Community Lawn or Garden, Community Swimming Pool, Community Gym, First Aid or Medical Centre, Day Care Centre, Kids Play Area, Barbeque Area, Mosque, Community Centre, Other Community Facilities","Lawn or Garden, Swimming Pool, Sauna, Jacuzzi, Other Healthcare and Recreation Facilities","Nearby Schools, Nearby Hospitals, Nearby Shopping Malls, Nearby Restaurants, Distance From Airport (kms), Nearby Public Transport Service, Other Nearby Places",,,,
https://www.zameen.com/Property/f_11_executive_heights_4th_floor_corner_apartment_for_sale_in_executive_heights-52898382-10658-1.html,Flat,PKR3.2 Crore,2,5.9 Marla,For Sale,2,1 month ago,"F-11, Islamabad, Islamabad Capital",Corner 4th Floor 2bed With Attached Washrooms Lounge Kitchen Store Rental Value 110000,"Built in year: 2015, Parking Spaces: 1, Lobby in Building, Double Glazed Windows, Central Air Conditioning, Central Heating, Flooring, Electricity Backup, Waste Disposal, Floor: 4, Floors in Building: 9, Elevators: 4, Service Elevators in Building, Other Main Features, Furnished","Bedrooms: 2, Bathrooms: 2, Servant Quarters: 2, Drawing Room, Dining Room, Kitchens: 2, Study Room, Prayer Room, Powder Room, Gym, Store Rooms: 1, Steam Room, Lounge or Sitting Room, Laundry Room","Broadband Internet Access, Satellite or Cable TV Ready, Conference Room in Building, Intercom, Other Business and Communication Facilities","Community Lawn or Garden, Community Swimming Pool, Community Gym, First Aid or Medical Centre, Day Care Centre, Kids Play Area, Barbeque Area, Mosque, Community Centre, Other Community Facilities","Sauna, Jacuzzi, Other Healthcare and Recreation Facilities","Nearby Schools, Nearby Hospitals, Nearby Shopping Malls, Nearby Restaurants, Distance From Airport (kms), Nearby Public Transport Service, Other Nearby Places","Maintenance Staff, Security Staff, Laundry or Dry Cleaning Facility, Communal/Shared Kitchen, Facilities for Disabled, Other Facilities",,,
https://www.zameen.com/Property/faisal_town_phase_1_faisal_town_phase_1_-_block_a_brand_new_luxurious_double_storey_house_for_sale_block-a_size_30_x_60_faisal_town_phase_1_islamabad-53326331-16416-1.html,House,PKR3.85 Crore,6,8 Marla,For Sale,5,6 days ago,"Faisal Town - F-18, Islamabad, Islamabad Capital","Brand New Luxurious Double Story House for Sale Block-A, Size (30 x 60) Faisal Town Phase 1, Islamabad. Walking distance to main Markaz, mosque, and park. 5 spacious master bedrooms 7 modern bathrooms 2 TV lounges 2 kitchens 2 drawing rooms Car porch for 2 cars Mumty on top floor Solid construction with high quality materials All facilities available Call for visit: View Contact Detail and View Contact Detail","Built in year: 2025, Parking Spaces: 2, Double Glazed Windows, Central Air Conditioning, Central Heating, Flooring, Electricity Backup, Waste Disposal, Floors: 2, Other Main Features","Bedrooms: 5, Bathrooms: 7, Servant Quarters: 1, Drawing Room, Dining Room, Kitchens: 2, Study Room, Prayer Room, Powder Room, Steam Room, Lounge or Sitting Room, Laundry Room, Other Rooms","Broadband Internet Access, Satellite or Cable TV Ready, Intercom, Other Business and Communication Facilities","Community Lawn or Garden, Community Swimming Pool, Community Gym, First Aid or Medical Centre, Day Care Centre, Kids Play Area, Barbeque Area, Mosque, Community Centre, Other Community Facilities","Lawn or Garden, Swimming Pool, Other Healthcare and Recreation Facilities","Nearby Schools, Nearby Hospitals, Nearby Shopping Malls, Nearby Restaurants, Distance From Airport (kms), Nearby Public Transport Service, Other Nearby Places","Maintenance Staff, Security Staff, Facilities for Disabled, Other Facilities",,,
https://www.zameen.com/Property/d_12_d-12_3_brand_new_house_available_for_sale_in_d12-53228085-3156-1.html,House,PKR6.75 Crore,3,4 Marla,For Sale,3,1 month ago,"D-12, Islamabad, Islamabad Capital",This is brand new house available for sale in D12 near to markaz Corner house with 2gates Extra Land 4 cars parking Green Lawn Vip Location In Front of Margalla Hills Accommodation 3Bedrooms 3Bathrooms 2kitchens 1Daring Room 1Daining Servant Room With washroom on roof top contact us for more details thank you very much,"Built in year: 2025, Parking Spaces: 4, Double Glazed Windows, Central Air Conditioning, Central Heating, Flooring, Electricity Backup, Waste Disposal, Floors: 2, Other Main Features, Furnished","Bedrooms: 3, Bathrooms: 3, Servant Quarters: 1, Drawing Room, Dining Room, Kitchens: 2, Study Room, Prayer Room, Powder Room, Gym, Store Rooms: 1, Steam Room, Lounge or Sitting Room, Laundry Room, Other Rooms","Broadband Internet Access, Satellite or Cable TV Ready, Intercom, Other Business and Communication Facilities","Community Lawn or Garden, Community Swimming Pool, Community Gym, First Aid or Medical Centre, Day Care Centre, Kids Play Area, Barbeque Area, Mosque, Community Centre, Other Community Facilities","Lawn or Garden, Swimming Pool, Sauna, Jacuzzi, Other Healthcare and Recreation Facilities","Nearby Schools, Nearby Hospitals, Nearby Shopping Malls, Nearby Restaurants, Distance From Airport (kms), Nearby Public Transport Service, Other Nearby Places","Maintenance Staff, Security Staff, Facilities for Disabled, Other Facilities",,,
https://www.zameen.com/Property/islamabad_b-17_8_marla_brand_new_house_for_sale_in_multi_gardens_b17islamabad_c_block-53216174-616-1.html,House,PKR3.7 Crore,6,8 Marla,For Sale,4,1 month ago,"B-17, Islamabad, Islamabad Capital","8 Marla Brand New House for Sale Multi Gardens B-17 Islamabad, C Block 4 Spacious Bedrooms 6 Modern Washrooms 2 Stylish Kitchens 2 Elegant Drawing Rooms 2 Car Parking Spaces Prime Location | Solid Construction All Facilities Available (Gas, Electricity, Water) Contact for More Details: Elaaf Properties & Builders",,,,,,"Nearby Schools, Nearby Hospitals, Nearby Shopping Malls, Nearby Restaurants, Distance From Airport (kms), Nearby Public Transport Service, Other Nearby Places","Security Staff, Other Facilities",,,
https://www.zameen.com/Property/mpchs_multi_gardens_mpchs_-_block_b_extension_1_1_kanal_house_on_main_double_road_near_ghora_chowk_in_block_b_1_extension_multi_gardens_mpchs_b-17_islamabad-53124964-16519-1.html,House,PKR9.8 Crore,7,1 Kanal,For Sale,6,4 weeks ago,"B-17, Islamabad, Islamabad Capital","1 Kanal Designer Luxury Double Unit House. On Main Double Road Near Ghora Chowk. In Block B 1 Extension. Available For Sale in Multi Gardens. MPCHS B-17 Islamabad. Modern Architecture. Roof Top BBQ Area. House Size 50*90. Double Unit. 6 Bedrooms. 7 Baths. 2 Drawing Dining. 2 TV Lounge. 2 Kitchens. 2 Car Parking. Servant Quarter with attach Bath. Electricity , Water Available. Interested People Can Contact Easily. Multi Gardens MPCHS B-17 is a Good Sector. For Residence Because Neat and Clean. 24 Hours Security. Schools , Banks , Restaurants , Parks , Zoo all Facilities Available.","Built in year: 2010, Parking Spaces: 2, Double Glazed Windows, Central Air Conditioning, Central Heating, Flooring, Electricity Backup, Waste Disposal, Floors: 2, Other Main Features, Furnished","Bedrooms: 4, Bathrooms: 5, Servant Quarters: 1, Drawing Room, Dining Room, Kitchens: 2, Study Room, Prayer Room, Powder Room, Gym, Store Rooms: 1, Steam Room, Lounge or Sitting Room, Laundry Room, Other Rooms","Broadband Internet Access, Satellite or Cable TV Ready, Intercom, Other Business and Communication Facilities","Community Lawn or Garden, Community Swimming Pool, Community Gym, First Aid or Medical Centre, Day Care Centre, Kids Play Area, Barbeque Area, Mosque, Community Centre, Other Community Facilities","Lawn or Garden, Swimming Pool, Sauna, Jacuzzi, Other Healthcare and Recreation Facilities","Nearby Schools, Nearby Hospitals, Nearby Shopping Malls, Nearby Restaurants, Distance From Airport (kms), Nearby Public Transport Service, Other Nearby Places","Maintenance Staff, Security Staff, Facilities for Disabled, Other Facilities",,,
https://www.zameen.com/Property/kashmir_highway_eighteen_luxury_semi_furnished_1_bed_apartment_for_sale_in_eighteen_islamabad-44102396-12602-1.html,Flat,PKR1.9 Crore,1,4.3 Marla,For Sale,1,3 weeks ago,"Kashmir Highway, Islamabad, Islamabad Capital","EIGHTEEN KASHMIR HIGHWAY Your search ends with this Flat. A well-constructed property doesn't come easily, so buy today or regret later. The deal for 145.51 Square Meters Flat is a treat for serious buyers. At a price of Rs. 19,000,000 such a deal may be hard to come again. Eighteen is most sought-after for properties due to access to access to all kinds of facilities, so hurry up Here is the perfect Flat you can find in Islamabad. Property features are mentioned below. To provide a complete lifestyle experience, the project offers a variety of urban amenities, including broadband internet access. You can enjoy superior air-quality with a central air-conditioning system that is part of the Flat. The Flat has a Jamiah mosque at a convenient walking distance from it. For the ultimate luxury experience, the property also has a sauna for a healthier and relaxed state of body and mind. The building has access to ATM machines facility as well among others. Feeling stressed? Take a dip in the Jacuzzi and you will be fine in no time. Kids can freely play at the community garden nearby. For details and booking information, don't hesitate to get in touch with us.","Built in year: 2023, Parking Spaces: 2, Lobby in Building, Double Glazed Windows, Central Air Conditioning, Central Heating, Flooring, Electricity Backup, Waste Disposal, Floor: 5, Floors in Building: 7, Elevators, Service Elevators in Building, Furnished","Dining Room, Kitchens, Powder Room, Lounge or Sitting Room, Laundry Room","Broadband Internet Access, Satellite or Cable TV Ready, Business Center or Media Room in Building, Conference Room in Building, Intercom, ATM Machines, Other Business and Communication Facilities","Community Lawn or Garden, Community Swimming Pool, Community Gym, First Aid or Medical Centre, Day Care Centre, Kids Play Area, Barbeque Area, Mosque, Community Centre, Other Community Facilities","Sauna, Jacuzzi, Other Healthcare and Recreation Facilities","Nearby Schools, Nearby Hospitals, Nearby Shopping Malls, Nearby Restaurants, Distance From Airport (kms), Nearby Public Transport Service, Other Nearby Places","Maintenance Staff, Security Staff, Laundry or Dry Cleaning Facility, Communal/Shared Kitchen, Facilities for Disabled, Pets Allowed, Other Facilities",,,
https://www.zameen.com/Property/kashmir_highway_eighteen_989_square_feet_flat_up_for_sale_in_eighteen-45546814-12602-1.html,Flat,PKR2.2 Crore,1,4.4 Marla,For Sale,1,3 weeks ago,"Kashmir Highway, Islamabad, Islamabad Capital","LUXURY APARTMENTS FOR SALE EIGHTEEN KASHMIR HIGHWAY ISLAMABAD A large Flat at a prime location could be what you're looking for. Check out this property that's just landed on the market for sale. You can enjoy a comfortable life in the 989 Square Feet sized property which is currently available. Property is a life-long invest, so make the right decision and buy this unit in Rs. 22,000,000. All the important amenities and facilities are made available in Eighteen. To experience the comforts of city life, you can buy a home in Islamabad. You can find out more about the property below. There is central heating in the Flat which will keep you and family warm. The lobby and reception in the apartment building contributes to the resident's security. A shared kitchen is great in terms of cost-saving and idea-sharing. You can enjoy superior air-quality with a central air-conditioning system that is part of the Flat. The building has a service elevator that you can use to transport your luggage conveniently to your floor. Sit back and relax in your very own Jacuzzi. Protection is a top priority and for that reason, you'll find expert security services on patrol at all times. If all these things pique your interest, you really should contact us and, we assure you, you won't be disappointed.","Built in year: 2021, Lobby in Building, Double Glazed Windows, Central Air Conditioning, Central Heating, Flooring, Electricity Backup, Waste Disposal, Service Elevators in Building, Furnished","Drawing Room, Dining Room, Study Room, Prayer Room, Powder Room, Gym, Steam Room, Lounge or Sitting Room, Laundry Room","Broadband Internet Access, Satellite or Cable TV Ready, Business Center or Media Room in Building, Conference Room in Building, Intercom, ATM Machines, Other Business and Communication Facilities","Community Lawn or Garden, Community Swimming Pool, Community Gym, First Aid or Medical Centre, Day Care Centre, Kids Play Area, Barbeque Area, Mosque, Community Centre, Other Community Facilities","Sauna, Jacuzzi, Other Healthcare and Recreation Facilities","Nearby Schools, Nearby Hospitals, Nearby Shopping Malls, Nearby Restaurants, Distance From Airport (kms), Nearby Public Transport Service, Other Nearby Places","Maintenance Staff, Security Staff, Laundry or Dry Cleaning Facility, Communal/Shared Kitchen, Facilities for Disabled, Pets Allowed, Other Facilities",,,
https://www.zameen.com/Property/kashmir_highway_eighteen_luxury_apartments_for_sale_in_eighteen_islamabad-45546856-12602-1.html,Flat,PKR1.42 Crore,1,3.4 Marla,For Sale,-,3 weeks ago,"Kashmir Highway, Islamabad, Islamabad Capital","LUXURY APARTMENTS FOR SALE EIGHTEEN KASHMIR HIGHWAY ISLAMABAD Boasting the ideal location of Eighteen, this Flat is one of a kind. This property will prove to be the best investment opportunity for you. Investment in 775 Square Feet property is a lucrative option so make your move today. The demand price is set pretty reasonably at Rs. 17,500,000. Living or investing in Eighteen has its own benefits. The metropolis of Islamabad is offering a 775 Square Feet Flat at an ideal location of Eighteen. A few highlighting features of the property are as follows. Your body pain can vanish, with a quick session in the Jacuzzi. Give your formal clothes for dry cleaning to the dry cleaning facility nearby. The gated community comes with a commercial centre where you can find ATM machines as well. The society's waste disposal system ensures cleanliness at all times. The commercial hub also offers access to broadband internet to facilitate the business operators. Having double glazed windows in the Flat is a great plus. Having a community swimming pool is an amenity that one can't deny. Looking for property advice? We are to help you navigate the world of property.","Built in year: 2021, Lobby in Building, Double Glazed Windows, Central Air Conditioning, Central Heating, Flooring, Electricity Backup, Waste Disposal, Service Elevators in Building",,"Broadband Internet Access, Satellite or Cable TV Ready, Business Center or Media Room in Building, Conference Room in Building, Intercom, ATM Machines, Other Business and Communication Facilities","Community Lawn or Garden, Community Swimming Pool, Community Gym, First Aid or Medical Centre, Day Care Centre, Kids Play Area, Barbeque Area, Mosque, Community Centre, Other Community Facilities","Sauna, Jacuzzi, Other Healthcare and Recreation Facilities","Nearby Schools, Nearby Hospitals, Nearby Shopping Malls, Nearby Restaurants, Distance From Airport (kms), Nearby Public Transport Service, Other Nearby Places","Maintenance Staff, Security Staff, Laundry or Dry Cleaning Facility, Communal/Shared Kitchen, Facilities for Disabled, Pets Allowed, Other Facilities",,,
https://www.zameen.com/Property/e_11_1_the_veranda_residence_1700_square_feet_spacious_flat_available_in_the_veranda_residence_for_sale-50124942-9702-1.html,Flat,PKR3.4 Crore,2,7.6 Marla,For Sale,2,2 months ago,"E-11, Islamabad, Islamabad Capital","Veranda Residence 2 bedrooms apartment With all basic amenities Ideal Location. Reasonable Price. Grab This Auspicious Opportunity To Execute Your Dreams Into Reality. It Is Sure To Be A Profitable Deal For Any Genuine Client. The Right Place To Invest Your Money. Interested Persons Welcome To Visit The Property. Please Feel Free To Call Us If You Need Further Details About It. We Request That Only Serious Individuals Contact Us To Make An Immediate Deal,","Built in year: 2019, Parking Spaces: 1, Lobby in Building, Double Glazed Windows, Central Air Conditioning, Central Heating, Flooring, Electricity Backup, Waste Disposal, Floor: 14, Floors in Building: 4, Elevators: 3, Service Elevators in Building, Other Main Features, Furnished","Bedrooms: 3, Bathrooms: 4, Servant Quarters: 1, Drawing Room, Dining Room, Kitchens: 2, Study Room, Prayer Room, Powder Room, Gym, Store Rooms: 1, Steam Room, Lounge or Sitting Room, Laundry Room, Other Rooms","Broadband Internet Access, Satellite or Cable TV Ready, Business Center or Media Room in Building, Conference Room in Building, Intercom, ATM Machines, Other Business and Communication Facilities","Community Lawn or Garden, Community Swimming Pool, Community Gym, First Aid or Medical Centre, Day Care Centre, Kids Play Area, Barbeque Area, Mosque, Community Centre, Other Community Facilities","Sauna, Jacuzzi, Other Healthcare and Recreation Facilities","Nearby Schools, Nearby Hospitals, Nearby Shopping Malls, Nearby Restaurants, Distance From Airport (kms), Nearby Public Transport Service, Other Nearby Places","Maintenance Staff, Security Staff, Laundry or Dry Cleaning Facility, Communal/Shared Kitchen, Facilities for Disabled, Pets Allowed, Other Facilities",,,
https://www.zameen.com/Property/kashmir_highway_eighteen_semi_furnished_2_kanal_house_available_in_eighteen_for_sale-52886370-12602-1.html,House,PKR23 Crore,-,2 Kanal,For Sale,-,3 weeks ago,"Kashmir Highway, Islamabad, Islamabad Capital","You can enjoy a lavish lifestyle in the House surrounded by all kinds of activities. A property valued at Rs. 230000000 at a prime location is something you should grab before someone else. For those who are trying to find 2 Kanal properties, this is an option to consider! The properties in Eighteen will reap great benefits in the future. Islamabad is best for living, so explore our residential properties today. Property like this doesn't pop up too often. So, it's best to buy it while you still can. A few highlighting features of the property are as follows. The community lawn near the House is a great place to host small functions. Lose the extra body fat with regular sauna sessions available on the premises. The House features state-of-the-art amenities for the differently-abled. Your kids can play to their heart's content in the play area adjoining the property. On-duty security services ensure the building stays well-protected. The community swimming pool in the building/society proves to be great during summers. The mosque nearby provides a peaceful place for prayer and contemplation. Pick your phone and call us today.","Built in year: 2025, Parking Spaces: 3, Flooring, Electricity Backup, Waste Disposal, Other Main Features, Furnished","Bedrooms: 3, Bathrooms: 3, Drawing Room, Dining Room, Kitchens: 1, Study Room, Prayer Room, Powder Room, Store Rooms: 1, Lounge or Sitting Room","Broadband Internet Access, Satellite or Cable TV Ready, Intercom, Other Business and Communication Facilities","Community Lawn or Garden, Community Swimming Pool, Community Gym, First Aid or Medical Centre, Day Care Centre, Kids Play Area, Barbeque Area, Mosque, Community Centre, Other Community Facilities","Sauna, Jacuzzi, Other Healthcare and Recreation Facilities","Nearby Schools, Nearby Hospitals, Nearby Shopping Malls, Nearby Restaurants, Distance From Airport (kms), Nearby Public Transport Service, Other Nearby Places","Maintenance Staff, Security Staff, Facilities for Disabled, Other Facilities",,,
https://www.zameen.com/Property/kashmir_highway_eighteen_reserve_a_house_of_40_marla_now_in_eighteen-52953727-12602-1.html,House,PKR25 Crore,-,2 Kanal,For Sale,-,2 weeks ago,"Kashmir Highway, Islamabad, Islamabad Capital","Your investment at a price of PKR Rs. 250000000 for this property will be a secure bet. Owning a house in Eighteen is a dream come true for many and it could be the same for you too, so hurry up. Property for 40 Marla properties are becoming popular, so grab an offer while it lasts. Just know that a purchasing opportunity like this doesn't come easy! The House is designed to suit both short term investors and long term residents who plan on living here. You can find the best rates for residential properties in Islamabad, so stop thinking and start searching. Find out more details about the property with the following. The House features state-of-the-art amenities for the differently-abled. A well-equipped barbeque area comes with the House where you can host your parties. Your kids can play to their heart's content in the play area adjoining the property. The building has a sauna where you can relax after a long day. Kids can swim to their hearts desire at the community pool. Socialize, make friends and interact with the neighbours at the community lawn nearby. Keeping your surroundings clean with proper waste disposal system. Be a proud owner of your own property today. For sound investment advice and options, call us!","Flooring, Waste Disposal, Other Main Features","Bedrooms: 2, Bathrooms: 2","Broadband Internet Access, Satellite or Cable TV Ready, Intercom, Other Business and Communication Facilities","Community Lawn or Garden, Community Swimming Pool, Community Gym, First Aid or Medical Centre, Day Care Centre, Kids Play Area, Barbeque Area, Mosque, Community Centre, Other Community Facilities","Sauna, Jacuzzi, Other Healthcare and Recreation Facilities","Nearby Schools, Nearby Hospitals, Nearby Shopping Malls, Nearby Restaurants, Distance From Airport (kms), Nearby Public Transport Service, Other Nearby Places","Maintenance Staff, Security Staff, Facilities for Disabled",,,
https://www.zameen.com/Property/d_12_d-12_4_house_for_sale_in_d12_size_35_70_10_marla-52839508-3157-1.html,House,PKR14 Crore,6,10 Marla,For Sale,6,2 weeks ago,"D-12, Islamabad, Islamabad Capital",HOUE FOR SALE IN D 12 SIZE 35*70 6 BEDROOM 6 BATHROOM 1 KITCHEN TV LUNACH DD SERVENT 3 CAR PARKING 70 FEET ROOD FARNACH HOUSE BRANG NEW HOUSE,"Built in year: 2024, Parking Spaces: 3, Double Glazed Windows, Central Air Conditioning, Central Heating, Flooring, Electricity Backup, Waste Disposal, Floors: 2, Other Main Features","Bedrooms: 3, Bathrooms: 4, Drawing Room, Dining Room, Kitchens: 2, Study Room, Prayer Room, Powder Room, Gym, Store Rooms: 1, Steam Room, Lounge or Sitting Room, Laundry Room, Other Rooms","Broadband Internet Access, Satellite or Cable TV Ready, Intercom, Other Business and Communication Facilities","Community Lawn or Garden, Community Swimming Pool, Community Gym, First Aid or Medical Centre, Day Care Centre, Kids Play Area, Barbeque Area, Mosque, Community Centre, Other Community Facilities","Lawn or Garden, Swimming Pool, Sauna, Jacuzzi, Other Healthcare and Recreation Facilities","Nearby Schools, Nearby Hospitals, Nearby Shopping Malls, Nearby Restaurants, Distance From Airport (kms), Nearby Public Transport Service, Other Nearby Places","Maintenance Staff, Security Staff, Facilities for Disabled, Other Facilities",,,
https://www.zameen.com/Property/g_13_g-13_1_25_40_house_for_sale_in_g13_1_pindi_phase-53292211-3337-1.html,House,PKR3.65 Crore,5,4 Marla,For Sale,4,2 months ago,"G-13, Islamabad, Islamabad Capital","25*40 House For sale in G13/1 Pindi Phase. 4 Bedrooms, 5 Bathrooms,2 Tv lounge, 2 Kitchens and 1 car porch. Electric, Gas, Water Supply and Water Bore Available in this property. Tail Floor House And Good Condition. Location: G13/1 Near To Markets, Family Parks , Football Ground, Schools , Near To Metro Bus stop , Kashmir highway , Hayat International Hospital , Quaid Azam International Hospital , Nust University, And Islamabad international airport. .","Built in year: 2025, Parking Spaces: 3, Double Glazed Windows, Central Air Conditioning, Central Heating, Flooring, Electricity Backup, Waste Disposal, Other Main Features, Furnished","Servant Quarters: 1, Other Rooms","Broadband Internet Access, Satellite or Cable TV Ready, Intercom, Other Business and Communication Facilities","Community Lawn or Garden, Community Swimming Pool, Community Gym, First Aid or Medical Centre, Day Care Centre, Kids Play Area, Barbeque Area, Mosque, Community Centre, Other Community Facilities",Other Healthcare and Recreation Facilities,"Nearby Schools, Nearby Hospitals, Nearby Shopping Malls, Nearby Restaurants, Distance From Airport (kms), Nearby Public Transport Service, Other Nearby Places","Maintenance Staff, Security Staff, Facilities for Disabled, Other Facilities",,,
https://www.zameen.com/Property/bahria_enclave_bahria_enclave_-_sector_a_12_marla_house_for_sale-53107882-11970-1.html,House,PKR6.3 Crore,6,12 Marla,For Sale,5,1 month ago,"Bahria Town, Islamabad, Islamabad Capital","12 Marla House Available For Sale In Sector A, Bahria Enclave Islamabad 5 Bedrooms 6 Bathrooms 1 Drawing-room 2 Kitchen 2 TV Lounge Servant Quarter Car Parking 3 to 4 Cars (3 Straight in Pourch & 1 in Gallery parallel to gate)","Built in year: 2024, Parking Spaces, Double Glazed Windows, Central Air Conditioning, Central Heating, Flooring, Electricity Backup, Waste Disposal, Floors: 2, Other Main Features, Furnished","Bedrooms: 5, Bathrooms: 7, Servant Quarters, Drawing Room, Dining Room, Kitchens: 2, Study Room, Prayer Room, Powder Room, Gym, Store Rooms, Steam Room, Lounge or Sitting Room, Laundry Room, Other Rooms","Broadband Internet Access, Satellite or Cable TV Ready, Intercom, Other Business and Communication Facilities","Community Lawn or Garden, Community Swimming Pool, Community Gym, First Aid or Medical Centre, Day Care Centre, Kids Play Area, Barbeque Area, Mosque, Community Centre, Other Community Facilities","Lawn or Garden, Swimming Pool, Sauna, Jacuzzi, Other Healthcare and Recreation Facilities","Nearby Schools, Nearby Hospitals, Nearby Shopping Malls, Nearby Restaurants, Distance From Airport (kms), Nearby Public Transport Service, Other Nearby Places","Maintenance Staff, Security Staff, Other Facilities",,,
https://www.zameen.com/Property/gulberg_residencia_gulberg_residencia_-_block_d_studio_apartment_available_for_sale_in_gulberg_rasidencia_d_markaz-51198089-9132-1.html,Flat,PKR35 Lakh,1,1.3 Marla,For Sale,-,2 days ago,"Gulberg, Islamabad, Islamabad Capital","Studio Apartment for Sale in Gulberg Rasidencia D Markaz Tower 55 Explore this modern studio apartment located in the prestigious Gulberg Rasidencia D Markaz Tower 55. Perfectly designed for urban living, this unit features an open layout that maximizes space and functionality. Key Features: Size:[insert square footage] Open Concept:Seamless living and sleeping area with large windows for natural light. Kitchen:Modern kitchenette equipped with essential appliances and storage. Bathroom:Well-finished with contemporary fixtures. Balcony:Enjoy views and fresh air from your private balcony. Amenities:Access to building facilities such as a gym, rooftop terrace, and 24/7 security. Ideal for singles, couples, or investors, this studio offers convenience and comfort in a vibrant community. Contact us today for more information or to schedule a viewing!","Built in year: 2024, Parking Spaces: 2, Lobby in Building, Double Glazed Windows, Central Air Conditioning, Central Heating, Flooring, Electricity Backup, Waste Disposal, Floor: 3, Floors in Building: 5, Elevators: 1, Service Elevators in Building, Other Main Features, Furnished","Bedrooms: 1, Bathrooms: 1, Servant Quarters, Drawing Room, Dining Room, Kitchens: 1, Study Room, Prayer Room, Powder Room, Gym, Store Rooms: 1, Steam Room, Lounge or Sitting Room, Laundry Room, Other Rooms","Broadband Internet Access, Satellite or Cable TV Ready, Business Center or Media Room in Building, Conference Room in Building, Intercom, ATM Machines, Other Business and Communication Facilities","Community Lawn or Garden, Community Swimming Pool, Community Gym, First Aid or Medical Centre, Day Care Centre, Kids Play Area, Barbeque Area, Mosque, Community Centre, Other Community Facilities","Sauna, Jacuzzi, Other Healthcare and Recreation Facilities","Nearby Schools, Nearby Hospitals, Nearby Shopping Malls, Nearby Restaurants, Distance From Airport (kms), Nearby Public Transport Service, Other Nearby Places","Maintenance Staff, Security Staff, Laundry or Dry Cleaning Facility, Communal/Shared Kitchen, Facilities for Disabled, Pets Allowed, Other Facilities",,,
https://www.zameen.com/Property/dha_defence_phase_2_dha_phase_2_-_sector_e_boulevard_corner_house_prime_location_near_to_central_park_near_to_aps_school_near_to_masjid_near_to_b_pharmacy-53259058-3200-1.html,House,PKR12.3 Crore,-,1 Kanal,For Sale,-,4 months ago,"DHA Defence, Islamabad, Islamabad Capital",House for Sale Your Dream Home Awaits! Location: Prime & peaceful area Size: Spacious design with modern architecture,"Built in year: 2025, Parking Spaces: 03, Double Glazed Windows, Central Air Conditioning, Central Heating, Flooring, Electricity Backup, Waste Disposal, Floors: 01, Other Main Features, Furnished","Bedrooms: 05, Bathrooms: 06, Servant Quarters: 02, Drawing Room, Dining Room, Kitchens: 02, Study Room, Prayer Room, Powder Room, Gym, Store Rooms: 01, Steam Room, Lounge or Sitting Room, Laundry Room","Broadband Internet Access, Satellite or Cable TV Ready, Intercom, Other Business and Communication Facilities","Community Lawn or Garden, Community Swimming Pool, Community Gym, First Aid or Medical Centre, Day Care Centre, Kids Play Area, Barbeque Area, Mosque, Community Centre, Other Community Facilities","Lawn or Garden, Swimming Pool, Sauna, Jacuzzi, Other Healthcare and Recreation Facilities","Nearby Schools, Nearby Hospitals, Nearby Shopping Malls, Nearby Restaurants, Distance From Airport (kms), Nearby Public Transport Service, Other Nearby Places","Maintenance Staff, Security Staff, Facilities for Disabled, Other Facilities",,,
https://www.zameen.com/Property/kashmir_highway_eighteen_5_bed_luxurious_pent_house_golf_course_view_available_for_sale_in_eighteen_islamabad-51309280-12602-1.html,Penthouse,PKR14 Crore,-,1 Kanal,For Sale,-,2 months ago,"Kashmir Highway, Islamabad, Islamabad Capital","Luxurious Penthouse with Full Golf Course & Lake View Eighteen Islamabad Experience unparalleled luxury and sophistication in this stunning penthouse located in the prestigious Eighteen Islamabad community. This fully upgraded penthouse offers breathtaking views of the lush, world-class golf course and the serene, sparkling lake, making it the ideal home for those seeking elegance and tranquility. Key Features: Prime Location: Situated in the heart of Eighteen Islamabad, a gated and highly secure community with elite amenities. Spectacular Views: Enjoy uninterrupted panoramic views of the meticulously designed 18-hole golf course and the peaceful lake, providing a perfect blend of nature and luxury. Modern Interiors: Thoughtfully designed with contemporary architecture, spacious living areas, and floor-to-ceiling windows to maximize natural light and stunning views. Luxury Amenities: Fully equipped kitchen with high-end appliances, en-suite bedrooms with state-of-the-art fittings, and premium quality finishes throughout the residence. Private Balcony & Terrace: Expansive outdoor space ideal for hosting, with beautiful views that stretch across the landscape. Community Amenities: Access to Eighteens exclusive golf club, swimming pools, fitness centers, fine dining restaurants, and more. Secure Living: 24/7 security and privacy in one of Islamabad's most sought-after and well-maintained communities. This penthouse is not just a home but a lifestyle, perfect for those who appreciate luxury, comfort, and the beauty of nature. Contact Us Today for more information and to schedule a viewing of this exceptional property in Eighteen Islamabad.",,,,,,,,,,
https://www.zameen.com/Property/kashmir_highway_eighteen_3_bed_sami_furnished_luxury_apartment_available_for_sale_in_eighteen-49164335-12602-1.html,Flat,PKR4.5 Crore,4,9.8 Marla,For Sale,3,3 weeks ago,"Kashmir Highway, Islamabad, Islamabad Capital","Sprawled on an area of 2208 sqft this apartment is the ideal home for a small family. All three master bedrooms are thoughtfully planned to provide lighting, the kitchens are fully fitted with incredible Italian/European designs, and bathrooms have dynamic fittings. There is also a separate powder room and a balcony offering stunning views of Eighteen golf club. The property is surrounded by lush gardens and very open spaces giving residents the freedom to roam around in a peaceful environment","Built in year: 2023, Parking Spaces: 2, Lobby in Building, Double Glazed Windows, Central Air Conditioning, Central Heating, Flooring, Electricity Backup, Waste Disposal, Floor: 3, Floors in Building: 6, Elevators, Other Main Features, Furnished","Bedrooms: 6, Bathrooms: 5, Drawing Room, Dining Room, Kitchens: 2, Study Room, Prayer Room, Powder Room, Gym, Steam Room, Lounge or Sitting Room, Laundry Room","Broadband Internet Access, Satellite or Cable TV Ready, Intercom","Community Lawn or Garden, Community Swimming Pool, Community Gym, First Aid or Medical Centre, Day Care Centre, Kids Play Area, Barbeque Area, Mosque, Community Centre","Sauna, Jacuzzi","Nearby Schools, Nearby Hospitals, Nearby Shopping Malls, Nearby Restaurants, Distance From Airport (kms), Nearby Public Transport Service, Other Nearby Places","Security Staff, Other Facilities",,,
https://www.zameen.com/Property/faisal_town_phase_1_faisal_town_phase_1_-_block_c_faisal_town_phase_1_-_block_c_flat_sized_2145_square_feet_is_available-53057443-16418-1.html,Flat,PKR2.78 Crore,-,9.5 Marla,For Sale,-,3 weeks ago,"Faisal Town - F-18, Islamabad, Islamabad Capital","FAISAL HEIGHTS FAISAL TOWN PHASE 1 BLOCK C ISLAMABAD TOTAL DOWN PAYMENT. . 6,970,000 71 MONTHLY INSTALMENT. . 275,000 72ND LAST INSTALMENTS. . 1,305,000 You can be certain to find a home in Islamabad due to the property options it offers. The perfect 2145 Square Feet Flat is available for sale now in Faisal Town Phase 1 - Block C. This Faisal Town Phase 1 - Block C hosts several decent properties. Take our word of advice and check it out. The price is set fairly at Rs. 27800000. With a Flat like this one, the perfect investment opportunity does exist. Check out this property that's just landed on the market for sale. Some prominent details of the property are as follows. You can enjoy the good weather in the community lawn located close to the Flat. For the ultimate luxury experience, the property also has a sauna for a healthier and relaxed state of body and mind. The Flat has facilities for the differently-abled that helps them to navigate the space easily. A Jacuzzi session is a great way to quiet your mind and unwind. Security services monitor the building at all times for any suspicious activity. You can find ATM machines within the building to withdraw cash. The Flat comes with a laundry facility that you can use to your benefit. Reach out to us for bookings and details.","Built in year: 2020, Parking Spaces: 2, Lobby in Building, Double Glazed Windows, Central Air Conditioning, Central Heating, Flooring, Electricity Backup, Waste Disposal, Floor, Floors in Building, Service Elevators in Building, Other Main Features, Furnished",Other Rooms,"Broadband Internet Access, Satellite or Cable TV Ready, Business Center or Media Room in Building, Conference Room in Building, Intercom, ATM Machines, Other Business and Communication Facilities","Community Lawn or Garden, Community Swimming Pool, Community Gym, First Aid or Medical Centre, Day Care Centre, Kids Play Area, Barbeque Area, Mosque, Community Centre, Other Community Facilities","Sauna, Jacuzzi, Other Healthcare and Recreation Facilities","Nearby Schools, Nearby Hospitals, Nearby Shopping Malls, Nearby Restaurants, Distance From Airport (kms), Nearby Public Transport Service, Other Nearby Places","Maintenance Staff, Security Staff, Laundry or Dry Cleaning Facility, Communal/Shared Kitchen, Facilities for Disabled, Pets Not Allowed, Other Facilities",,,
https://www.zameen.com/Property/islamabad_diplomatic_enclave_furnished_flat_available_for_sale_in_karakoram_diplomatic_enclave_in_reasonable_price-53326143-429-1.html,Flat,PKR6 Crore,2,7.1 Marla,For Sale,2,4 days ago,"Diplomatic Enclave, Islamabad, Islamabad Capital",Apartment in Karakoram Diplomatic Enclave Features of the Apartment 2 Bedrooms 2 Bathrooms TV Lounge 1 Stylish kitchen Facilities and Amenities . Reserved Car Parking . 24 7 CCTV Monitoring . 24 7 Maintenance staff . 24 7 Security Staff . Power Back-up Generator . Kids Play Area . Courtyard . Grocery Store . Gym . Restaurant Cafe With Delivery Available For details of the apartment contact us.,"Built in year: 2017, Parking Spaces, Lobby in Building, Double Glazed Windows, Central Heating, Flooring, Electricity Backup, Waste Disposal, Floor, Floors in Building: 11, Elevators, Service Elevators in Building, Other Main Features, Furnished","Bedrooms: 2, Bathrooms: 2, Drawing Room, Dining Room, Kitchens: 1, Study Room, Prayer Room, Powder Room, Gym, Lounge or Sitting Room, Laundry Room","Broadband Internet Access, Satellite or Cable TV Ready, Conference Room in Building, Intercom, ATM Machines, Other Business and Communication Facilities","Community Lawn or Garden, Community Swimming Pool, Community Gym, First Aid or Medical Centre, Day Care Centre, Kids Play Area, Barbeque Area, Mosque, Other Community Facilities","Sauna, Other Healthcare and Recreation Facilities","Nearby Schools, Nearby Hospitals, Nearby Shopping Malls, Nearby Restaurants, Distance From Airport (kms), Nearby Public Transport Service, Other Nearby Places","Security Staff, Other Facilities",,,
https://www.zameen.com/Property/dha_defence_phase_5_askari_tower_3_dha_5_askari_tower_3_-_brand_new_3bed_apartment_available_for_sale-53325994-17434-1.html,Flat,PKR3.15 Crore,4,10 Marla,For Sale,3,3 weeks ago,"DHA Defence, Islamabad, Islamabad Capital",ASKARI TOWER 3 3 BED SOUTH FACE POWDER ROOM UNDER GROUND PARKING DIRECT DEAL WITH OWNER CONTACT FOR SALE PURCHASE/RENT IN DHA RWP ISB LHR ASKARI COLONIES More Choices available,Flooring,"Bedrooms: 2, Bathrooms: 2, Kitchens: 1",,,,"Nearby Schools, Nearby Hospitals, Nearby Shopping Malls, Nearby Restaurants, Distance From Airport (kms), Nearby Public Transport Service, Other Nearby Places","Security Staff, Other Facilities",,,
https://www.zameen.com/Property/islamabad_top_city_1_10_marla_corner_designer_villa_for_sale-53248815-1383-1.html,House,PKR5.5 Crore,6,10 Marla,For Sale,5,3 days ago,"Top City 1, Islamabad, Islamabad Capital","Experience the ultimate in luxury living with this exceptional 10 Marla designer house for sale in Top City-1, 5 spacious bedrooms with attached baths, 2 sleek kitchens, a convenient drying area, elegant dining space, TV lounge, and a 2-vehicle porch. Double Road, near masjid market and direct access to main entrance Built with quality and durability in mind. For further details. #TopCity1 #topcityislamabad #topcity1islamabad","Built in year: 2025, Parking Spaces: 2, Double Glazed Windows, Flooring, Waste Disposal, Floors: 2","Bedrooms: 5, Bathrooms: 6, Servant Quarters: 1, Drawing Room, Dining Room, Kitchens: 2, Powder Room",Broadband Internet Access,"Community Lawn or Garden, Community Swimming Pool, Community Gym, First Aid or Medical Centre, Day Care Centre, Kids Play Area, Mosque, Community Centre","Swimming Pool, Sauna, Jacuzzi","Nearby Schools, Nearby Hospitals, Nearby Shopping Malls, Nearby Restaurants, Distance From Airport (kms), Nearby Public Transport Service, Other Nearby Places","Security Staff, Other Facilities",,,
https://www.zameen.com/Property/gulberg_residencia_gulberg_residencia_-_block_c_5_marla_brand_new_house_available_for_sale_in_gulberg_green_islamabad-52986751-9114-1.html,House,PKR2.85 Crore,4,5 Marla,For Sale,4,2 days ago,"Gulberg, Islamabad, Islamabad Capital","Brand New Houses Available For Rent And Sale In Gulberg Green Islamabad A well-designed House at a price of PKR Rs. 28500000 is a deal you must consider. This 5 Marla property is easily the most sought-after one in the locale. Searching for the right option for you in Islamabad? This is the best option for you! The well-planned House can be yours for an incredible price of PKR Rs. 28500000. Gulberg Residencia - Block C has some of the best property deals, so what are you waiting for! Schedule your appointment to view the House for sale today, before it's gone. Contact us for booking details and information.",,,,,,,,,,
https://www.zameen.com/Property/gulberg_greens_gulberg_arena_mall_gulberg_areena_mall_one_bed_furnished_apartment_available_for_sale-52386429-19297-1.html,Flat,PKR1.35 Crore,2,3.4 Marla,For Sale,1,2 days ago,"Gulberg, Islamabad, Islamabad Capital",Gulberg Areena mall one bed furnished Apartment available for sale in gulberg green Islamabad,"Built in year: 2024, Parking Spaces, Lobby in Building, Double Glazed Windows, Central Air Conditioning, Central Heating, Flooring, Electricity Backup, Waste Disposal, Floor, Floors in Building, Elevators: 8, Service Elevators in Building, Other Main Features, Furnished","Bedrooms: 1, Bathrooms: 2, Servant Quarters: 1, Drawing Room, Dining Room, Kitchens: 1, Study Room, Prayer Room, Powder Room, Gym, Store Rooms: 1, Steam Room, Lounge or Sitting Room, Laundry Room, Other Rooms","Broadband Internet Access, Satellite or Cable TV Ready, Business Center or Media Room in Building, Conference Room in Building, Intercom, ATM Machines, Other Business and Communication Facilities","Community Lawn or Garden, Community Swimming Pool, Community Gym, First Aid or Medical Centre, Day Care Centre, Kids Play Area, Barbeque Area, Mosque, Community Centre, Other Community Facilities","Sauna, Jacuzzi, Other Healthcare and Recreation Facilities","Nearby Schools, Nearby Hospitals, Nearby Shopping Malls, Nearby Restaurants, Distance From Airport (kms), Nearby Public Transport Service, Other Nearby Places","Maintenance Staff, Security Staff, Laundry or Dry Cleaning Facility, Communal/Shared Kitchen, Facilities for Disabled, Pets Not Allowed, Other Facilities",,,
https://www.zameen.com/Property/gulberg_greens_gulberg_greens_-_block_a_luxury_furnished_farm_house_available-51248472-8313-1.html,Farm House,PKR32 Crore,7,5 Kanal,For Sale,11,2 days ago,"Gulberg, Islamabad, Islamabad Capital",Foam House Available For Sale In Gulberg Green Islamabad 5 Kanal Farm House Available For Sale Visit Any Time,"Built in year: 2023, Parking Spaces: 10, Double Glazed Windows, Central Air Conditioning, Central Heating, Flooring, Electricity Backup, Waste Disposal, Floors: 3, Other Main Features, Furnished","Bedrooms: 5, Bathrooms: 6, Servant Quarters: 1, Drawing Room, Dining Room, Kitchens: 2, Study Room, Prayer Room, Powder Room, Gym, Store Rooms: 1, Steam Room, Lounge or Sitting Room, Laundry Room, Other Rooms","Broadband Internet Access, Satellite or Cable TV Ready, Intercom, Other Business and Communication Facilities","Community Lawn or Garden, Community Swimming Pool, Community Gym, First Aid or Medical Centre, Day Care Centre, Kids Play Area, Barbeque Area, Mosque, Community Centre, Other Community Facilities","Lawn or Garden, Swimming Pool, Sauna, Jacuzzi, Other Healthcare and Recreation Facilities","Nearby Schools, Nearby Hospitals, Nearby Shopping Malls, Nearby Restaurants, Distance From Airport (kms), Nearby Public Transport Service, Other Nearby Places","Maintenance Staff, Security Staff, Facilities for Disabled, Other Facilities",,,
https://www.zameen.com/Property/gulberg_greens_gulberg_greens_-_block_e_safe_end_secure_10_kanal_farm_house_for_sale_in_beautiful_gulberg_greens_block_e-51199397-8317-1.html,Farm House,PKR33 Crore,6,10 Kanal,For Sale,8,2 days ago,"Gulberg, Islamabad, Islamabad Capital",Gulberg Greens Islamabad E Block Foam House Available For Sale More Options Available 10 Kanal Farm House,"Built in year: 2023, Parking Spaces: 10, Double Glazed Windows, Central Air Conditioning, Central Heating, Flooring, Electricity Backup, Waste Disposal, Floors: 3, Other Main Features, Furnished","Bedrooms: 6, Bathrooms: 6, Servant Quarters: 2, Drawing Room, Dining Room, Kitchens: 2, Study Room, Prayer Room, Powder Room, Gym, Store Rooms: 2, Steam Room, Lounge or Sitting Room, Laundry Room, Other Rooms","Broadband Internet Access, Satellite or Cable TV Ready, Intercom, Other Business and Communication Facilities","Community Lawn or Garden, Community Swimming Pool, Community Gym, First Aid or Medical Centre, Day Care Centre, Kids Play Area, Barbeque Area, Mosque, Community Centre, Other Community Facilities","Lawn or Garden, Swimming Pool, Sauna, Jacuzzi, Other Healthcare and Recreation Facilities","Nearby Schools, Nearby Hospitals, Nearby Shopping Malls, Nearby Restaurants, Distance From Airport (kms), Nearby Public Transport Service, Other Nearby Places","Maintenance Staff, Security Staff, Facilities for Disabled, Other Facilities",,,
https://www.zameen.com/Property/gulberg_greens_gulberg_greens_-_block_c_gulberg_greens_islamabad_c_block_business_square-51380345-8315-1.html,Flat,PKR65 Lakh,2,2.1 Marla,For Sale,1,2 days ago,"Gulberg, Islamabad, Islamabad Capital",Falcon Heights Gulberg Greens Islamabad One Bed Furnished Apartments Available For Sale C Block Business Square,"Built in year: 2023, Parking Spaces: 5, Lobby in Building, Double Glazed Windows, Central Air Conditioning, Central Heating, Flooring, Electricity Backup, Waste Disposal, Floor: 4, Floors in Building: 7, Elevators: 6, Service Elevators in Building, Other Main Features, Furnished","Bedrooms: 3, Bathrooms: 3, Servant Quarters: 1, Drawing Room, Dining Room, Kitchens: 1, Study Room, Prayer Room, Powder Room, Gym, Store Rooms: 1, Steam Room, Lounge or Sitting Room, Laundry Room, Other Rooms","Broadband Internet Access, Satellite or Cable TV Ready, Business Center or Media Room in Building, Conference Room in Building, Intercom, ATM Machines, Other Business and Communication Facilities","Community Lawn or Garden, Community Swimming Pool, Community Gym, First Aid or Medical Centre, Day Care Centre, Kids Play Area, Barbeque Area, Mosque, Community Centre, Other Community Facilities","Sauna, Jacuzzi, Other Healthcare and Recreation Facilities","Nearby Schools, Nearby Hospitals, Nearby Shopping Malls, Nearby Restaurants, Distance From Airport (kms), Nearby Public Transport Service, Other Nearby Places","Maintenance Staff, Security Staff, Laundry or Dry Cleaning Facility, Communal/Shared Kitchen, Facilities for Disabled, Pets Not Allowed, Other Facilities",,,
https://www.zameen.com/Property/islamabad_top_city_1_top_city_one_bed_apartment_available_on_easy_installments_14_lac_down_payment-53333298-1383-1.html,Flat,PKR97.23 Lakh,1,2.7 Marla,For Sale,1,5 days ago,"Top City 1, Islamabad, Islamabad Capital",Top City Near To Air Port One Bed Apartment Available On Installments 14 Lac Down Payment 12 Lac Confirmation Within 2 Month 72 Installments 43000 Monthly Instalments 6 Lac After 6 Month 8 Floor Complete Total 14 Floor Possession Date 2026 Dec For More Info Plz Contact Us,"Built in year: 2025, Parking Spaces, Double Glazed Windows, Central Air Conditioning, Flooring, Electricity Backup, Waste Disposal, Other Main Features, Furnished","Bedrooms: 5, Bathrooms: 4, Servant Quarters, Drawing Room, Dining Room, Kitchens: 2, Study Room, Prayer Room, Powder Room, Store Rooms: 1, Steam Room, Lounge or Sitting Room, Laundry Room, Other Rooms","Broadband Internet Access, Satellite or Cable TV Ready, Intercom, Other Business and Communication Facilities","Community Lawn or Garden, Community Swimming Pool, Community Gym, First Aid or Medical Centre, Day Care Centre, Kids Play Area, Barbeque Area, Mosque, Community Centre, Other Community Facilities","Sauna, Jacuzzi, Other Healthcare and Recreation Facilities","Nearby Schools, Nearby Hospitals, Nearby Shopping Malls, Nearby Restaurants, Distance From Airport (kms), Nearby Public Transport Service, Other Nearby Places","Maintenance Staff, Security Staff, Facilities for Disabled",,,
https://www.zameen.com/Property/b_17_capital_square_one-bed_apartment_of_size_700_sq_ft_for_sale-52890629-11252-1.html,Flat,PKR65 Lakh,1,3.1 Marla,For Sale,1,4 days ago,"B-17, Islamabad, Islamabad Capital","MPCHS B-17 ISLAMABAD Capital square 1-bed apartment of size 700 sq/ft available for sale. D-block, 6th floor, zoo facing.","Built in year: 2018, Parking Spaces, Lobby in Building, Double Glazed Windows, Flooring, Electricity Backup, Waste Disposal, Floor, Floors in Building: 12, Elevators, Service Elevators in Building","Drawing Room, Dining Room, Kitchens: 1, Study Room, Prayer Room, Powder Room, Lounge or Sitting Room, Laundry Room",,,,,,,,
https://www.zameen.com/Property/b_17_capital_square_2-bed_apartment_size_1050_sq_ft_10_th_floor-53002828-11252-1.html,Flat,PKR75 Lakh,2,4.7 Marla,For Sale,2,4 days ago,"B-17, Islamabad, Islamabad Capital","MPCHS B-17 ISLAMABAD Capital square C-block 2-bed apartment of size 1050 sq/ft 8th floor, motorway facing is available for sale. 1-Bedrooms 2 2-Bathrooms 2 3-Kitchen 1 4- TV Lounge 1 5-Store 1","Built in year: 2018, Parking Spaces, Lobby in Building, Double Glazed Windows, Central Air Conditioning, Central Heating, Flooring, Electricity Backup, Waste Disposal, Floor, Floors in Building: 14, Elevators, Service Elevators in Building, Other Main Features","Bedrooms: 2, Bathrooms: 2, Kitchens: 1, Store Rooms: 1","Broadband Internet Access, Satellite or Cable TV Ready, Business Center or Media Room in Building, Conference Room in Building, Intercom, ATM Machines, Other Business and Communication Facilities","Community Lawn or Garden, Community Swimming Pool, Community Gym, First Aid or Medical Centre, Day Care Centre, Kids Play Area, Barbeque Area, Mosque, Community Centre, Other Community Facilities",,"Nearby Schools, Nearby Hospitals, Nearby Shopping Malls, Nearby Restaurants, Distance From Airport (kms), Nearby Public Transport Service, Other Nearby Places","Maintenance Staff, Security Staff, Facilities for Disabled, Other Facilities",,,
https://www.zameen.com/Property/dha_defence_dha_defence_phase_2_spanish_designer_house_for_sale-52510378-339-1.html,House,PKR9.5 Crore,6,1 Kanal,For Sale,6,4 days ago,"DHA Defence, Islamabad, Islamabad Capital",House Features 20 Marla FULLY FURNISHED 2 Portions 6 Spacious Bedrooms with Luxury Washrooms 2 Beautiful TV-Lounge 2 Drawing Room 2 Dining Room 2 Stylish Kitchens with Greece Kitchen Store Room and Servant Room With Attached Bath 3 Car Parking Space With Lawn,"Built in year: 2024, Parking Spaces: 2, Double Glazed Windows, Central Air Conditioning, Central Heating, Flooring, Electricity Backup, Waste Disposal, Other Main Features, Furnished","Bedrooms: 6, Bathrooms: 6, Servant Quarters: 2, Drawing Room, Dining Room, Kitchens: 1, Study Room, Prayer Room, Powder Room, Gym, Store Rooms: 1, Steam Room, Lounge or Sitting Room, Laundry Room, Other Rooms","Broadband Internet Access, Satellite or Cable TV Ready, Intercom, Other Business and Communication Facilities","Community Lawn or Garden, Community Swimming Pool, Community Gym, First Aid or Medical Centre, Day Care Centre, Kids Play Area, Barbeque Area, Mosque, Community Centre, Other Community Facilities","Lawn or Garden, Swimming Pool, Sauna, Jacuzzi, Other Healthcare and Recreation Facilities","Nearby Schools, Nearby Hospitals, Nearby Shopping Malls, Nearby Restaurants, Distance From Airport (kms), Nearby Public Transport Service, Other Nearby Places","Maintenance Staff, Security Staff, Facilities for Disabled, Other Facilities",,,
https://www.zameen.com/Property/islamabad_mumtaz_city_8_marla_house_available_for_sale_in_mumtaz_city_islamabad-50493345-3464-1.html,House,PKR3 Crore,6,8 Marla,For Sale,7,3 months ago,"Mumtaz City, Islamabad, Islamabad Capital","1. Size:(30*60) The total land area would be approximately 8 Marlas or 1800 square feet. 2. Structure: It could be a single-family dwelling or a portion of a larger building. The structure may include multiple floors, such as ground floor, first floor, etc. 3. Rooms:8Bedroom The number of rooms can vary, but an 8 Marla house might typically have multiple bedrooms, a living room, dining area, kitchen, and bathrooms. 4. Amenities: The house might include amenities like parking space, a backyard, and possibly a small garden. 5. Architectural Style: Architectural styles can vary based on the region and individual preferences. Houses might be designed in contemporary, traditional, or a blend of architectural styles. 6. Location:Mumtaz City Chenab Block The location of an 8 Marla house can significantly influence its value and appeal. It could be situated in a residential area, close to amenities like schools, markets, and transportation. 7. Construction Quality: The quality of construction materials and workmanship can vary. High-quality houses typically use durable materials and are constructed with attention to detail. 8. Price: View Contact Detail The price of an 8 Marla house depends on factors like location, amenities, and overall quality. Real estate markets fluctuate, so prices can vary over time. Keep in mind that this is a general description, and the specifics can vary widely based on local building practices, cultural preferences, and regional real estate markets. If you're interested in a particular 8 Marla house, it's advisable to inspect the property in person or consult with a local real estate agent for more accurate and detailed information.","Built in year: 2024, Parking Spaces, Double Glazed Windows, Central Air Conditioning, Central Heating, Flooring, Electricity Backup, Waste Disposal, Floors: 2, Other Main Features, Furnished","Bedrooms: 7, Bathrooms: 7, Servant Quarters: 1, Drawing Room, Dining Room, Kitchens: 2, Study Room, Prayer Room, Powder Room, Gym, Store Rooms: 1, Steam Room, Lounge or Sitting Room, Laundry Room, Other Rooms","Broadband Internet Access, Satellite or Cable TV Ready, Intercom, Other Business and Communication Facilities","Community Lawn or Garden, Community Swimming Pool, Community Gym, First Aid or Medical Centre, Day Care Centre, Kids Play Area, Barbeque Area, Mosque, Community Centre, Other Community Facilities","Lawn or Garden, Swimming Pool, Sauna, Jacuzzi, Other Healthcare and Recreation Facilities","Nearby Schools, Nearby Hospitals, Nearby Shopping Malls, Nearby Restaurants, Distance From Airport (kms), Nearby Public Transport Service, Other Nearby Places","Maintenance Staff, Security Staff, Facilities for Disabled, Other Facilities",,,
https://www.zameen.com/Property/islamabad_bani_gala_11_marla_brand_new_designer_semi_triple_story_house-52008231-340-1.html,House,PKR4.5 Crore,-,11 Marla,For Sale,6,19 hours ago,"Bani Gala, Islamabad, Islamabad Capital","11 Marla Semi Triple Story Spanish Designer Villa House For Sale in Bani Gala, Islamabad # Excellently designed Spacious Rooms # Dedicated space for Lawn, Terrace, Laundries, Galleries all around for light and air. # Superb senatic mountain Views from Terrace and Drawing room. # Excellent location @2 mint walking distance from Newland beaconhouse school. # Near Schools, Cash and Carry, Imran Khan Chowk, Playground, Walking track, gym and other amenities. # 20 min drive from serena hotel 5 mins from muree road. # Lush Green Wide street. # Modern design modular kitchen and washrooms with Faisal Sanitary fittings latest designs. # Excellent quality work for not only finishing but also for grey strcture. # AAA grade tiles, UV sheets for kitchen, and fabric touch sheets for wardrobes, GM cable for wiring and sparco paint with excellent quality is being used. # Awal bricks, Bestway cement, 60 Grade Shiekhoo steel brand used for grey strcture. # 6 Bedrooms, 7 washrooms, 3 kitchen, 2 TV lounges, 2 Stores, Big car porch can accomodate 3 cars, Green lawn inside house. All work is done under supervision of Experienced Engineer and team. Seeing is believing. Contact us for visit.","Built in year: 2024, Parking Spaces: 2, Double Glazed Windows, Central Air Conditioning, Central Heating, Flooring, Electricity Backup, Waste Disposal, Floors: 3, Other Main Features","Bedrooms: 6, Bathrooms: 7, Drawing Room, Dining Room, Kitchens: 3, Study Room, Prayer Room, Powder Room, Store Rooms: 1, Steam Room, Lounge or Sitting Room, Laundry Room","Broadband Internet Access, Satellite or Cable TV Ready, Intercom, Other Business and Communication Facilities","Community Lawn or Garden, Community Swimming Pool, Community Gym, First Aid or Medical Centre, Day Care Centre, Kids Play Area, Barbeque Area, Mosque, Community Centre, Other Community Facilities",Lawn or Garden,"Nearby Schools, Nearby Hospitals, Nearby Shopping Malls, Nearby Restaurants, Distance From Airport (kms), Nearby Public Transport Service, Other Nearby Places","Maintenance Staff, Security Staff, Facilities for Disabled, Other Facilities",,,
https://www.zameen.com/Property/islamabad_g-13_g-13_street_99_brand_new_house_top_location_double_story_size_25x40_for_sale-53310181-330-1.html,House,PKR4 Crore,5,4.4 Marla,For Sale,4,3 weeks ago,"G-13, Islamabad, Islamabad Capital","Azan Marketing On Excellent Location House Size 25x40 In FGEHA Sector G-13 For at Prime location Business Point Offred A Main Brand New Double Story House is available for Sale in G-13/1 Islamabad. Size ( 25 X 40 ) 4.5 Marla Great Opportunity For You, Don't Miss It. . . original Pictures Attached about The Property: 4 Bedrooms 5 Washrooms 2 Drawing Room 2 Kitchens 2 Tv Lounge Car Parking Tile Flooring 1 Double Unit House Ideal Locality Electricity & Gas Meters Are Available Water Boring Running & Also Water Supply Facility Available All Facilities Are Available Which Is The Need Of Living Near To Main Double Road And Kashmir Highway Near To School, college, market, masjid public Transport, hospitals And Etc. Located In One Of The Best Locations Of G-13 Islamabad just Call Us For Visit. Azan Marketing View Contact Detail","Built in year: 2025, Parking Spaces: 2, Central Air Conditioning, Flooring, Electricity Backup, Waste Disposal, Floors: 2","Bedrooms: 4, Bathrooms: 5, Servant Quarters: 1, Drawing Room, Dining Room, Kitchens: 2, Study Room, Prayer Room, Powder Room, Gym, Store Rooms: 1, Steam Room, Lounge or Sitting Room, Laundry Room","Broadband Internet Access, Satellite or Cable TV Ready, Intercom, Other Business and Communication Facilities",,,"Nearby Schools, Nearby Hospitals, Nearby Shopping Malls, Nearby Restaurants, Distance From Airport (kms), Nearby Public Transport Service, Other Nearby Places","Security Staff, Other Facilities",,,
https://www.zameen.com/Property/islamabad_g-13_g-13_1_street_91_brand_new_house_reasonable_demand_25x40_for_sale-53281496-330-1.html,House,PKR4 Crore,5,4.5 Marla,For Sale,4,1 month ago,"G-13, Islamabad, Islamabad Capital","On Excellent Location House Size 25x40 In FGEHA Sector G-13 For At Prime Location Business Point Offred A Main Brand New Double Story House Is Available For Sale In G-13/1 Islamabad. Size ( 25 X 40 ) 4.5 Marla Great Opportunity For You, Don'T Miss It. . . Original Pictures Attached About The Property: 4 Bedrooms 5 Washrooms 2 Drawing Room 2 Kitchens 2 Tv Lounge Car Parking Tile Flooring 1 Double Unit House Ideal Locality Electricity &Amp; Gas Meters Are Available Water Boring Running &Amp; Also Water Supply Facility Available All Facilities Are Available Which Is The Need Of Living Near To Main Double Road And Kashmir Highway Near To School, College, Market, Masjid Public Transport, Hospitals And Etc. Located In One Of The Best Locations Of G-13 Islamabad Just Call Us For Visit.","Built in year: 2025, Parking Spaces: 2, Double Glazed Windows, Central Air Conditioning, Central Heating, Flooring, Electricity Backup, Waste Disposal, Floors: 2, Furnished","Bedrooms: 4, Bathrooms: 5, Servant Quarters: 1, Drawing Room, Dining Room, Kitchens: 2, Study Room, Store Rooms: 1, Steam Room, Lounge or Sitting Room, Laundry Room","Broadband Internet Access, Satellite or Cable TV Ready, Intercom, Other Business and Communication Facilities",,,"Nearby Schools, Nearby Hospitals, Nearby Shopping Malls, Nearby Restaurants, Distance From Airport (kms), Nearby Public Transport Service, Other Nearby Places","Security Staff, Other Facilities",,,
https://www.zameen.com/Property/top_city_1_top_city_1_-_block_c_one_bed_apartment_available_for_sale-53010581-9232-1.html,Flat,PKR75 Lakh,1,2.7 Marla,For Sale,1,4 days ago,"Top City 1, Islamabad, Islamabad Capital","project Time square Residency fully residential project price negotiable All categories Plots Available at Top city in best Market Rates. Kanal 10 Marla 5 Marla Corner, Parkface Commercial and Residential Briqs Developer And Marketing Offer A Prime Location Residential Plot In Top City 1 Islamabad 5 Marla 10 Marla and Kanal Also Commercial in All Catergries. The ideal location of TopCity-1 near Kashmir Highway, is one of its most attractive features. Although the housing society is located at a 20-minute drive from downtown G 11 Markaz Islamabad, it can be easily accessed through Kashmir Highway, Lahore and Islamabad Motorways and Grand Trunk Road. The new Islamabad International Airport is also situated at a distance of approximately 3 kilometers from TopCity-1. That means it will take residents just 5 minutes to reach the airport through New Islamabad Airport Road. It is also connected by a grand and an exclusive Interchange making a Loop on Kashmir Highway giving direct access to residents in TopCity-1. The under development public transit metro bus service connects TopCity-1 through two terminals while the International CPEC City is located at a short distance.","Built in year: 2024, Parking Spaces: 4, Lobby in Building, Double Glazed Windows, Central Air Conditioning, Central Heating, Flooring, Electricity Backup, Waste Disposal, Floor: 3, Floors in Building: 10, Elevators: 3, Service Elevators in Building, Other Main Features, Furnished","Bedrooms: 1, Bathrooms: 1, Servant Quarters: 2, Drawing Room, Dining Room, Kitchens: 1, Study Room, Prayer Room, Powder Room, Gym, Store Rooms: 1, Steam Room, Lounge or Sitting Room, Laundry Room, Other Rooms","Broadband Internet Access, Satellite or Cable TV Ready, Intercom, Other Business and Communication Facilities","Community Lawn or Garden, Community Swimming Pool, Community Gym, First Aid or Medical Centre, Day Care Centre, Kids Play Area, Barbeque Area, Mosque, Community Centre, Other Community Facilities","Sauna, Jacuzzi, Other Healthcare and Recreation Facilities","Nearby Schools, Nearby Hospitals, Nearby Shopping Malls, Nearby Restaurants, Distance From Airport (kms), Nearby Public Transport Service, Other Nearby Places","Maintenance Staff, Security Staff, Facilities for Disabled, Other Facilities",,,
https://www.zameen.com/Property/islamabad_top_city_1_1240_sq_ft_2_bed_apartment_for_sale_in_top_city-53014808-1383-1.html,Flat,PKR1.35 Crore,2,5.5 Marla,For Sale,2,4 days ago,"Top City 1, Islamabad, Islamabad Capital","Outstanding Apartment in Prime Location Of Top City Islamabad fully Residential Project. 1 bed 2 bed 3 bed Apartment Available at best Market Rate. All categories Plots Available at Top city in best Market Rates. Kanal 10 Marla 5 Marla Corner, Parkface Commercial and Residential Briqs Developer And Marketing Offer A Prime Location Residential Plot In Top City 1 Islamabad 5 Marla 10 Marla and Kanal Also Commercial in All Catergries. The ideal location of TopCity-1 near Kashmir Highway, is one of its most attractive features. Although the housing society is located at a 20-minute drive from downtown G 11 Markaz Islamabad, it can be easily accessed through Kashmir Highway, Lahore and Islamabad Motorways and Grand Trunk Road. The new Islamabad International Airport is also situated at a distance of approximately 3 kilometers from TopCity-1. That means it will take residents just 5 minutes to reach the airport through New Islamabad Airport Road. It is also connected by a grand and an exclusive Interchange making a Loop on Kashmir Highway giving direct access to residents in TopCity-1. The under development public transit metro bus service connects TopCity-1 through two terminals while the International CPEC City is located at a short distance.","Built in year: 2024, Parking Spaces, Lobby in Building, Double Glazed Windows, Central Heating, Flooring, Electricity Backup, Floor, Floors in Building, Elevators: 3, Other Main Features","Bedrooms: 2, Bathrooms: 2, Drawing Room, Kitchens: 1, Lounge or Sitting Room",,,,"Nearby Schools, Nearby Hospitals, Nearby Shopping Malls, Nearby Restaurants, Distance From Airport (kms), Nearby Public Transport Service, Other Nearby Places","Security Staff, Other Facilities",,,
https://www.zameen.com/Property/fechs_jinnah_gardens_safe_end_secure_house-51197414-1420-1.html,House,PKR2.95 Crore,7,7 Marla,For Sale,4,2 days ago,"FECHS, Islamabad, Islamabad Capital","If you're looking for a property priced at Rs. 29500000, you're in the right place. The location of Jinnah Gardens is the most coveted address in the city. Before it is too late, grab the opportunity of investing in 7 Marla property. Reasonable one-unit house is available for sale, so make a booking today. For a luxurious lifestyle, you can check out properties in Islamabad. The future outlook of the House is positive, so don't waste time in thinking. What more we can say about it is given below. Double-glazed windows in the House adds to the design of the property. Thanks to the dining room in the House, you can host your guests peacefully and serve your meals just the way you like. You can just sign the deal and move into the fully-furnished House available. The House has a central heating system installed which is especially useful during winters. In summers, you can enjoy your tea inside with central air-conditioning in the House. Keeping your surroundings clean with proper waste disposal system. So please consider contacting us for more information.","Built in year: 2024, Parking Spaces: 2, Double Glazed Windows, Central Air Conditioning, Central Heating, Flooring, Electricity Backup, Waste Disposal, Floors: 2, Other Main Features, Furnished","Bedrooms: 4, Bathrooms: 4, Servant Quarters: 1, Drawing Room, Dining Room, Kitchens: 2, Study Room, Prayer Room, Powder Room, Gym, Store Rooms: 1, Steam Room, Lounge or Sitting Room, Laundry Room, Other Rooms","Broadband Internet Access, Satellite or Cable TV Ready, Intercom, Other Business and Communication Facilities","Community Lawn or Garden, Community Swimming Pool, Community Gym, First Aid or Medical Centre, Day Care Centre, Kids Play Area, Barbeque Area, Mosque, Community Centre, Other Community Facilities","Sauna, Jacuzzi, Other Healthcare and Recreation Facilities","Nearby Schools, Nearby Hospitals, Nearby Shopping Malls, Nearby Restaurants, Distance From Airport (kms), Nearby Public Transport Service, Other Nearby Places","Maintenance Staff, Security Staff, Facilities for Disabled, Other Facilities",,,
https://www.zameen.com/Property/gulberg_greens_diamond_mall_residency_safe_end_secure_24_7_security-51199391-10982-1.html,Flat,PKR1.85 Crore,5,7.8 Marla,For Sale,4,2 days ago,"Gulberg, Islamabad, Islamabad Capital",Gulberg Greens Islamabad Diamond Mall 4 Bed XL For Sale More Options Available,"Built in year: 2022, Parking Spaces: 5, Lobby in Building, Double Glazed Windows, Central Air Conditioning, Central Heating, Flooring, Electricity Backup, Waste Disposal, Floor: 5, Floors in Building: 8, Elevators: 6, Service Elevators in Building, Other Main Features, Furnished","Bedrooms: 5, Bathrooms: 6, Servant Quarters: 2, Drawing Room, Dining Room, Kitchens: 2, Study Room, Prayer Room, Powder Room, Gym, Store Rooms: 1, Steam Room, Lounge or Sitting Room, Laundry Room, Other Rooms","Broadband Internet Access, Satellite or Cable TV Ready, Intercom, Other Business and Communication Facilities","Community Lawn or Garden, Community Swimming Pool, Community Gym, First Aid or Medical Centre, Day Care Centre, Kids Play Area, Barbeque Area, Mosque, Community Centre, Other Community Facilities","Sauna, Jacuzzi, Other Healthcare and Recreation Facilities","Nearby Schools, Nearby Hospitals, Nearby Shopping Malls, Nearby Restaurants, Distance From Airport (kms), Nearby Public Transport Service, Other Nearby Places","Maintenance Staff, Security Staff, Facilities for Disabled, Other Facilities",,,
https://www.zameen.com/Property/gulberg_greens_gulberg_heights_gulberg_heights_one_bed_furnished_apartments_available_for_sale-52386375-19298-1.html,Flat,PKR1.58 Crore,2,4 Marla,For Sale,1,2 days ago,"Gulberg, Islamabad, Islamabad Capital",Gulberg Heights One Bed Furnished Apartments Available For Sale Residence 1st Floor 130000 1 Year Agreement,"Built in year: 2024, Parking Spaces, Lobby in Building, Double Glazed Windows, Central Air Conditioning, Central Heating, Flooring, Electricity Backup, Waste Disposal, Floor: 1, Floors in Building: 6, Elevators: 6, Service Elevators in Building, Other Main Features, Furnished","Bedrooms: 1, Bathrooms: 2, Servant Quarters: 1, Drawing Room, Dining Room, Kitchens: 1, Study Room, Prayer Room, Powder Room, Gym, Store Rooms: 1, Steam Room, Lounge or Sitting Room, Laundry Room, Other Rooms","Broadband Internet Access, Satellite or Cable TV Ready, Business Center or Media Room in Building, Conference Room in Building, Intercom, ATM Machines, Other Business and Communication Facilities","Community Lawn or Garden, Community Swimming Pool, Community Gym, First Aid or Medical Centre, Day Care Centre, Kids Play Area, Barbeque Area, Mosque, Community Centre, Other Community Facilities","Sauna, Jacuzzi, Other Healthcare and Recreation Facilities","Nearby Schools, Nearby Hospitals, Nearby Shopping Malls, Nearby Restaurants, Distance From Airport (kms), Nearby Public Transport Service, Other Nearby Places","Maintenance Staff, Security Staff, Laundry or Dry Cleaning Facility, Communal/Shared Kitchen, Facilities for Disabled, Pets Not Allowed, Other Facilities",,,
https://www.zameen.com/Property/gulberg_residencia_block_d_elanza_mall_residency_apartment_available_for_sale-51615655-13595-1.html,Flat,PKR68 Lakh,1,3 Marla,For Sale,1,2 days ago,"Gulberg, Islamabad, Islamabad Capital",Elanza Mall D Markez Apartments Available For Sale More Options Available,"Built in year: 2024, Parking Spaces: 5, Lobby in Building, Double Glazed Windows, Central Air Conditioning, Central Heating, Flooring, Electricity Backup, Waste Disposal, Floor: 3, Floors in Building: 6, Elevators: 4, Service Elevators in Building, Other Main Features, Furnished","Bedrooms: 1, Bathrooms: 1, Servant Quarters: 1, Drawing Room, Dining Room, Kitchens: 1, Study Room, Prayer Room, Powder Room, Gym, Store Rooms: 1, Steam Room, Lounge or Sitting Room, Laundry Room, Other Rooms","Broadband Internet Access, Satellite or Cable TV Ready, Business Center or Media Room in Building, Conference Room in Building, Intercom, ATM Machines",,,"Nearby Schools, Nearby Hospitals, Nearby Shopping Malls, Nearby Restaurants, Distance From Airport (kms), Nearby Public Transport Service, Other Nearby Places","Security Staff, Other Facilities",,,
https://www.zameen.com/Property/gulberg_greens_skypark_one_sky_park_one_three_bed_furnished_apartment_available_for_sale-52647745-15266-1.html,Flat,PKR4 Crore,4,12.8 Marla,For Sale,3,2 days ago,"Gulberg, Islamabad, Islamabad Capital",Sky Park One Three Bed Furnished Apartment Available For Sale More Options Available In Differents Floor Categories: Apartments Available In Different Blocks And Different Projects,"Built in year: 2025, Parking Spaces: 4, Lobby in Building, Double Glazed Windows, Central Air Conditioning, Central Heating, Flooring, Electricity Backup, Waste Disposal, Floor: 7, Floors in Building: 10, Elevators: 8, Service Elevators in Building, Other Main Features, Furnished","Bedrooms: 3, Bathrooms: 4, Servant Quarters: 1, Drawing Room, Dining Room, Kitchens: 2, Study Room, Prayer Room, Powder Room, Gym, Store Rooms: 4, Steam Room, Lounge or Sitting Room, Laundry Room, Other Rooms","Broadband Internet Access, Satellite or Cable TV Ready, Business Center or Media Room in Building, Conference Room in Building, Intercom, ATM Machines, Other Business and Communication Facilities","Community Lawn or Garden, Community Swimming Pool, Community Gym, First Aid or Medical Centre, Day Care Centre, Kids Play Area, Barbeque Area, Mosque, Community Centre, Other Community Facilities","Sauna, Jacuzzi, Other Healthcare and Recreation Facilities","Nearby Schools, Nearby Hospitals, Nearby Shopping Malls, Nearby Restaurants, Distance From Airport (kms), Nearby Public Transport Service, Other Nearby Places","Maintenance Staff, Security Staff, Laundry or Dry Cleaning Facility, Communal/Shared Kitchen, Facilities for Disabled, Pets Not Allowed, Other Facilities",,,
https://www.zameen.com/Property/islamabad_bani_gala_6_bedrooms_brand_new_double_story_corner_house_for_sale_on_15_marla-52468868-340-1.html,House,PKR3.9 Crore,-,15 Marla,For Sale,6,20 hours ago,"Bani Gala, Islamabad, Islamabad Capital",Great offer. Modern Pre Feb structure Newly built brand new family house for quick sale. A corner 5 bedrooms with attached bath plus additional guests room with attached bathroom. Total area 15 Marla (14.57 (225 SQ ft) precisely as per Patwar Khana record or 12 Marla (272sqft) Brilliant design for family as well as for investment opportunities. Own 50 KV transformer. . . Double entrance 4 car parking Extremely competitive market value Demand reduced for quick sale.,"Built in year: 2025, Parking Spaces: 3, Central Air Conditioning, Central Heating, Flooring, Electricity Backup, Waste Disposal","Bedrooms: 6, Bathrooms: 4, Drawing Room, Dining Room, Kitchens: 2, Powder Room, Store Rooms: 1, Lounge or Sitting Room, Laundry Room","Broadband Internet Access, Satellite or Cable TV Ready","Community Lawn or Garden, Community Swimming Pool, Community Gym, First Aid or Medical Centre, Day Care Centre, Kids Play Area, Barbeque Area, Mosque, Community Centre",,"Nearby Schools, Nearby Hospitals, Nearby Shopping Malls, Nearby Restaurants, Distance From Airport (kms), Nearby Public Transport Service, Other Nearby Places","Maintenance Staff, Security Staff, Other Facilities",,,
https://www.zameen.com/Property/islamabad_bani_gala_7_bed_double_story_brand_new_spanish_house_for_sale_on_10_marla-52039959-340-1.html,House,PKR4.5 Crore,7,10 Marla,For Sale,7,20 hours ago,"Bani Gala, Islamabad, Islamabad Capital",10 Marla Most Beautiful Spanish House Double Story House Solid House with A+ Quality material used Master Pipes for PPR & PVC A+ Cement A+ quality Bricks Graded Steel used Tiled Washrooms Spanish and Modern House 7 Bed attached bath 2 Drawing Room attached bath Big Mumty 2 Kitchen Terrace at front and Back Big Garage 2 Car :Close To Imran Khan House Easy Access to Muree Road,"Built in year: 2024, Parking Spaces: 2, Double Glazed Windows, Flooring, Electricity Backup, Waste Disposal","Bedrooms: 7, Bathrooms: 9, Drawing Room, Dining Room, Kitchens: 2, Powder Room, Lounge or Sitting Room, Laundry Room","Broadband Internet Access, Satellite or Cable TV Ready","Kids Play Area, Barbeque Area, Mosque",,"Nearby Schools, Nearby Hospitals, Nearby Shopping Malls, Nearby Restaurants, Distance From Airport (kms), Nearby Public Transport Service, Other Nearby Places","Security Staff, Other Facilities",,,
https://www.zameen.com/Property/islamabad_g-11_fully_furnished_2_bed_apartment_for_sale_in_11_central_g11-53096487-168-1.html,Flat,PKR3.85 Crore,2,6.4 Marla,For Sale,2,2 weeks ago,"G-11, Islamabad, Islamabad Capital",Fully Furnished 2bed With Attached Washrooms Lounge Drawing Acs Installed Led Installed Car Parking 11 Central Is Located On Main Double Road Original Pics Attached,"Built in year: 2025, Parking Spaces: 1, Lobby in Building, Double Glazed Windows, Central Air Conditioning, Central Heating, Flooring, Electricity Backup, Waste Disposal, Floor: 5, Floors in Building: 10, Elevators: 10, Service Elevators in Building, Furnished","Bedrooms: 2, Bathrooms: 2, Drawing Room, Dining Room, Kitchens: 1, Study Room, Prayer Room, Powder Room, Steam Room, Laundry Room","Broadband Internet Access, Satellite or Cable TV Ready, Business Center or Media Room in Building, ATM Machines, Other Business and Communication Facilities","Community Lawn or Garden, Community Swimming Pool, Community Gym, First Aid or Medical Centre, Day Care Centre, Kids Play Area, Barbeque Area, Mosque, Community Centre","Sauna, Jacuzzi","Nearby Schools, Nearby Hospitals, Nearby Shopping Malls, Nearby Restaurants, Distance From Airport (kms), Nearby Public Transport Service, Other Nearby Places","Maintenance Staff, Security Staff, Laundry or Dry Cleaning Facility, Communal/Shared Kitchen, Other Facilities",,,
https://www.zameen.com/Property/bahria_town_bahria_enclave_the_galleria_3bedrooms_diamond_category_apartment_available_for_sale_in_bahria_enclave_islamabad-52917572-1705-1.html,Flat,PKR2.1 Crore,3,10.9 Marla,For Sale,3,18 hours ago,"Bahria Town, Islamabad, Islamabad Capital","The Gallerie Apartment 3 Bedrooms Diamond 2458 Square Apartment Available For Sale In Bahria Enclave Islamabad Bahria Enclave Islamabad The Galleria project 3 Bedroom Luxury Apartment for Rent 3 Bedrooms attached bath TV Lounge, Spacious Kitchen Drawing dining Servant room Separate electric meter Master Bedroom 12 17 Children BedRoom 12 14 Third Bedroom 12 16 Lounge 12 29 Drawing Dining 12 23 Kitchen 9 15 1 servant room with attached bathroom Parking space 2 cars The Galleria bahria enclave Islamabad 40 kanal Project Ground Commercial 8 Kanal Park Double Basement Parking 4 kanal Gaming Zone On Ground 24 /7 security staff Available 24/7 Lift Service Available Cct cameras installed all Floor For More information And Visit Contact Us Muhammad Sohail","Built in year: 2025, Parking Spaces: 2, Double Glazed Windows, Central Air Conditioning, Central Heating, Flooring, Electricity Backup, Waste Disposal, Floor: 3, Floors in Building: 5, Elevators: 1, Service Elevators in Building, Other Main Features, Furnished","Bedrooms: 3, Bathrooms: 3, Servant Quarters: 1, Drawing Room, Dining Room, Kitchens: 1, Study Room, Prayer Room, Powder Room, Store Rooms: 1, Lounge or Sitting Room, Laundry Room, Other Rooms","Broadband Internet Access, Satellite or Cable TV Ready, Business Center or Media Room in Building, Conference Room in Building, Intercom, Other Business and Communication Facilities","Community Lawn or Garden, Community Swimming Pool, Community Gym, First Aid or Medical Centre, Day Care Centre, Kids Play Area, Barbeque Area, Mosque, Community Centre, Other Community Facilities","Sauna, Jacuzzi, Other Healthcare and Recreation Facilities","Nearby Schools, Nearby Hospitals, Nearby Shopping Malls, Nearby Restaurants, Distance From Airport (kms), Nearby Public Transport Service, Other Nearby Places","Maintenance Staff, Security Staff, Facilities for Disabled, Pets Allowed, Other Facilities",,,
https://www.zameen.com/Property/british_homes_colony_british_homes_phase_2_triple_story_house_for_sale_in_british_homes-53061522-20838-1.html,House,PKR1.6 Crore,5,5 Marla,For Sale,6,2 weeks ago,"I-13, Islamabad, Islamabad Capital","Triple Story House for Sale in British Homes Phase 02. . . Front back open house for sale on reasonable price. . FIRST FLOOR. . . 2 BED, 2 BATH, KITCHEN, TV LOUNGE, DRAWING ROOM , CAR PARKING. . . SECOND FLOOR. . . 2 BED, 2 BATH, KITCHEN, TV LOUNGE, DRAWING ROOM , TERRACE. . . THIRD FLOOR. . . 2 BED, 1 BATH 2 ELECTRICITY METERS 2 GAS METERS REGISTRY/INTEEQAAL","Built in year: 2012, Flooring, Floors: 2","Bedrooms: 6, Bathrooms: 5, Drawing Room, Kitchens: 2, Lounge or Sitting Room","Broadband Internet Access, Satellite or Cable TV Ready","First Aid or Medical Centre, Mosque",,"Nearby Schools, Nearby Hospitals, Nearby Shopping Malls, Nearby Restaurants, Distance From Airport (kms), Nearby Public Transport Service, Other Nearby Places","Security Staff, Other Facilities",,,
https://www.zameen.com/Property/islamabad_bani_gala_5_brand_new_designer_house_for_sale_on_5_marla-52326484-340-1.html,House,PKR1.95 Crore,6,5 Marla,For Sale,5,20 hours ago,"Bani Gala, Islamabad, Islamabad Capital","5 Bed With at Bath ,2Tv lounge ,Drawing Room , Powder Room , 2 Kitchen, Car Porch , Tarrece , Mumti & roof Top Near to park road","Built in year: 2025, Parking Spaces: 1, Double Glazed Windows, Central Air Conditioning, Central Heating, Flooring, Electricity Backup, Waste Disposal, Floors: 2, Other Main Features, Furnished","Bedrooms: 5, Bathrooms: 6, Servant Quarters: 1, Drawing Room, Dining Room, Kitchens: 2, Study Room, Prayer Room, Powder Room, Gym, Store Rooms: 1, Steam Room, Lounge or Sitting Room, Laundry Room, Other Rooms","Broadband Internet Access, Satellite or Cable TV Ready, Intercom, Other Business and Communication Facilities","Community Lawn or Garden, Community Swimming Pool, Community Gym, First Aid or Medical Centre, Day Care Centre, Kids Play Area, Barbeque Area, Mosque, Community Centre, Other Community Facilities","Lawn or Garden, Swimming Pool, Sauna, Jacuzzi, Other Healthcare and Recreation Facilities","Nearby Schools, Nearby Hospitals, Nearby Shopping Malls, Nearby Restaurants, Distance From Airport (kms), Nearby Public Transport Service, Other Nearby Places","Maintenance Staff, Security Staff, Facilities for Disabled, Other Facilities",,,
https://www.zameen.com/Property/dha_defence_dha_defence_phase_2_ultra_modern_designed_20_marla_luxury_house_for_sale-52075068-339-1.html,House,PKR13.9 Crore,7,1 Kanal,For Sale,5,1 week ago,"DHA Defence, Islamabad, Islamabad Capital","Don't Wait! Contact us today to schedule a viewing and make this incredible Property as yours! All Our Property Listings Are Direct From Owners. . We Provide Best Investment Advice To Our Esteemed Clients, With The Current Market Trends, Analysis, Research And Benchmarks. Please Call or Whats-app For Buying Profitable Property. Price: 130 Million Pkr Approximately *Key Features:* - 5 Spacious Bedrooms, each with an attached washroom for ultimate privacy - Elegant Drawing room for entertaining guests - 1 Powder washroom - 2 Futile Company Kitchens Along With Chefs Kitchen - 3 Spacious Car Parking Garage, Ensuring secure and Ample parking - Full Height wardrobes with imported fixtures - Cozy servant quarter complete with all necessities - Fire Alarm, CCTV Cameras are also installed *Additional Highlights:* - 24/7 DHA Security, Secure and gated community - Expansive open terrace, ideal for soaking up sunlight and enjoying breathtaking views - Bright and airy interiors, flooded with natural light - High-quality finishes and fittings throughout - Prime location, close to all amenities and services - A true gem for those seeking comfort, style, and functionality! Close Proximity to Schools, Hospitals, All Banks Hub, and Shopping Centers Mosque Community Parks Food Courts Gold Class Theatre Easy access to main roads Investors Alert! This property is also a smart investment option, as the area is in high demand and appreciating rapidly. The main attraction is the incredibly reasonable price! Don't miss this opportunity to own a luxurious home in a prime location at a fraction of the cost.","Built in year: 2024, Parking Spaces: 2, Double Glazed Windows, Central Air Conditioning, Central Heating, Flooring, Electricity Backup, Waste Disposal, Floors: 2, Other Main Features","Bedrooms: 5, Bathrooms: 6, Servant Quarters: 1, Drawing Room, Dining Room, Kitchens: 1, Study Room, Prayer Room, Store Rooms: 1, Other Rooms","Broadband Internet Access, Satellite or Cable TV Ready, Intercom, Other Business and Communication Facilities","Community Lawn or Garden, Community Swimming Pool, Community Gym, First Aid or Medical Centre, Day Care Centre, Kids Play Area, Barbeque Area, Mosque, Community Centre, Other Community Facilities","Lawn or Garden, Other Healthcare and Recreation Facilities","Nearby Schools, Nearby Hospitals, Nearby Shopping Malls, Nearby Restaurants, Distance From Airport (kms), Nearby Public Transport Service, Other Nearby Places","Maintenance Staff, Security Staff, Facilities for Disabled, Other Facilities",,,
https://www.zameen.com/Property/bahria_enclave_bahria_enclave_-_sector_a_1_bed_apartment_available_for_sale_in_cube_apartments-53236366-11970-1.html,Flat,PKR1.5 Crore,1,4.8 Marla,For Sale,1,20 hours ago,"Bahria Town, Islamabad, Islamabad Capital",1 bed apartment available for sale in Cube apartments semi furnished,"Built in year: 2023, Parking Spaces, Lobby in Building, Double Glazed Windows, Central Air Conditioning, Central Heating, Flooring, Electricity Backup, Waste Disposal, Floor: 3, Floors in Building: 16, Elevators, Service Elevators in Building, Other Main Features, Furnished","Bedrooms: 3, Bathrooms: 1, Servant Quarters: 1, Drawing Room, Dining Room, Kitchens: 1, Study Room, Prayer Room, Powder Room, Gym, Store Rooms: 1, Steam Room, Lounge or Sitting Room, Laundry Room, Other Rooms","Broadband Internet Access, Satellite or Cable TV Ready, Business Center or Media Room in Building, Conference Room in Building, Intercom, ATM Machines, Other Business and Communication Facilities","Community Lawn or Garden, Community Swimming Pool, Community Gym, First Aid or Medical Centre, Day Care Centre, Kids Play Area, Barbeque Area, Mosque, Community Centre, Other Community Facilities","Sauna, Jacuzzi, Other Healthcare and Recreation Facilities","Nearby Schools, Nearby Hospitals, Nearby Shopping Malls, Nearby Restaurants, Distance From Airport (kms), Nearby Public Transport Service, Other Nearby Places","Maintenance Staff, Security Staff, Laundry or Dry Cleaning Facility, Facilities for Disabled, Other Facilities",,,
https://www.zameen.com/Property/naval_anchorage_naval_anchorage_-_block_k_1_kanal_beautiful_house_available_for_sale-53269101-9161-1.html,House,PKR8.25 Crore,7,1 Kanal,For Sale,8,2 months ago,"Naval Anchorage, Islamabad, Islamabad Capital",1 Kanal Beautiful House Available For Sale 8 Bed Rooms 7 Wash Rooms,"Built in year: 2020, Parking Spaces, Double Glazed Windows, Central Air Conditioning, Central Heating, Flooring, Electricity Backup, Waste Disposal, Floors: 2, Other Main Features, Furnished","Bedrooms: 8, Bathrooms: 7, Servant Quarters, Drawing Room, Dining Room, Kitchens: 2, Study Room, Prayer Room, Powder Room, Gym, Store Rooms, Steam Room, Lounge or Sitting Room, Laundry Room, Other Rooms","Broadband Internet Access, Satellite or Cable TV Ready, Intercom, Other Business and Communication Facilities","Community Lawn or Garden, Community Swimming Pool, Community Gym, First Aid or Medical Centre, Day Care Centre, Kids Play Area, Barbeque Area, Mosque, Community Centre, Other Community Facilities","Lawn or Garden, Swimming Pool, Sauna, Jacuzzi, Other Healthcare and Recreation Facilities","Nearby Schools, Nearby Hospitals, Nearby Shopping Malls, Nearby Restaurants, Distance From Airport (kms), Nearby Public Transport Service, Other Nearby Places","Maintenance Staff, Security Staff, Facilities for Disabled, Other Facilities",,,
https://www.zameen.com/Property/gulberg_greens_aries_tower_aries_tower_investor_rate_one-bed_apartment_available_for_sale-52471472-14371-1.html,Flat,PKR85 Lakh,1,3.3 Marla,For Sale,1,2 days ago,"Gulberg, Islamabad, Islamabad Capital","Your investment at a price of PKR Rs. 8500000 for this property will be a secure bet. You can own your dream house in the affluent neighbourhood of Islamabad with ease. Property in Aries Tower lets you access the best facilities and amenities around. 734 Square Feet units are available for residential purposes in good location. We have something special in store for you when we say that you should definitely buy this property. With this Flat you won't have to look any further as it checks every box on the list. 734 Sqft One Bed Non Furnished Apartment Available For Sale The following property features will tell you what makes it special. Central heating in the Flat evenly distributes heat so you can enjoy every corner of your home. A short walk can take you to the ATM machine near the building where you can withdraw cash. Vigilant security staff is on duty round the clock to ensure the safety of the residents. Your body pain can vanish, with a quick session in the Jacuzzi. The property has an outdoor pool where one can swim to their heart's content. As a resident, you don't have to worry about waste disposal as that is effectively taken care of. Double-glazed windows in the Flat are perfect for safety as they are harder to break. You can get rest of the details by calling us.","Built in year: 2025, Parking Spaces: 1, Lobby in Building, Double Glazed Windows, Central Air Conditioning, Central Heating, Flooring, Electricity Backup, Waste Disposal, Floor, Floors in Building, Elevators: 6, Service Elevators in Building, Other Main Features, Furnished","Bedrooms: 1, Bathrooms: 1, Servant Quarters: 1, Drawing Room, Dining Room, Kitchens: 1, Study Room, Prayer Room, Powder Room, Gym, Store Rooms: 1, Steam Room, Lounge or Sitting Room, Laundry Room, Other Rooms","Broadband Internet Access, Satellite or Cable TV Ready, Business Center or Media Room in Building, Conference Room in Building, Intercom, ATM Machines, Other Business and Communication Facilities","Community Lawn or Garden, Community Swimming Pool, Community Gym, First Aid or Medical Centre, Day Care Centre, Kids Play Area, Barbeque Area, Mosque, Community Centre, Other Community Facilities","Sauna, Jacuzzi, Other Healthcare and Recreation Facilities","Nearby Schools, Nearby Hospitals, Nearby Shopping Malls, Nearby Restaurants, Distance From Airport (kms), Nearby Public Transport Service, Other Nearby Places","Maintenance Staff, Security Staff, Laundry or Dry Cleaning Facility, Communal/Shared Kitchen, Facilities for Disabled, Pets Not Allowed, Other Facilities",,,
https://www.zameen.com/Property/islamabad_d-12_in_d_12_1_kanal_triple_story_house_is_available_for_sale_at_very_prime_location-53180153-160-1.html,House,PKR18 Crore,6,1 Kanal,For Sale,9,3 days ago,"D-12, Islamabad, Islamabad Capital","In D-12, Designer Triple Story House is available for Sale Size: 5090 (01 Kanal) Property Features: . 3 Bedrooms on Each Floor + Drawing/Dining + Tv Lounge + Kitchen + Dirty Kitchen + Store Room + Power Room Mumty: Wide Bedroom constructed as a proper Bedroom with attached Kitchen Additional Highlights: Total: 09 Bedrooms with attached Washrooms (03 on each floor) Modern & beautiful elevation with top-quality fittings & fixtures Separate huge water tanks for each floor + central main tank Solid, A++ quality construction by owner (owner built & occupied) Demand: Rs. 18 Crore Only Professional Real Estate Consultancy Services by Falcon Real Estate""* Falcon Real Estate having it's Office at D-12 Markaz is a highly professional setup with it's CEO Air Cdre Syed Abdullah (R). Having decate old experience to it's Credit, we are providing professional Consultancy Services to the Clients in the Field of Real Estate. By ensuring Fair Deals only, a large number of Clients have benifited from our Services by Selling / buying Plots, Houses, Appartment, shops etc. "" *We believe that best marketing is done by the existing Clients"". * We look forward to build up mutually beneficial relationship. Pls feel free to contact us at the time of ur convenience.","Parking Spaces: 3, Flooring, Waste Disposal, Floors: 3","Bedrooms: 9, Bathrooms: 9, Servant Quarters: 2, Drawing Room, Dining Room, Kitchens: 3, Study Room, Prayer Room, Powder Room, Gym, Store Rooms: 1, Lounge or Sitting Room, Laundry Room","Broadband Internet Access, Satellite or Cable TV Ready, Intercom","Community Lawn or Garden, Community Swimming Pool, Community Gym, First Aid or Medical Centre, Day Care Centre, Kids Play Area, Barbeque Area, Mosque, Community Centre","Lawn or Garden, Swimming Pool, Sauna, Jacuzzi","Nearby Schools, Nearby Hospitals, Nearby Shopping Malls, Nearby Restaurants, Distance From Airport (kms), Nearby Public Transport Service, Other Nearby Places","Maintenance Staff, Security Staff, Facilities for Disabled",,,
https://www.zameen.com/Property/h_12_meher_apartments_3_bed_apartment_in_h-13_mehr_apartment_first_floor-53297752-11052-1.html,Flat,PKR1.3 Crore,3,6.7 Marla,For Sale,3,2 months ago,"H-12, Islamabad, Islamabad Capital",3 bed attach bath tv lounge kitchen drawing dining First floor size 1500 Size mehr Apartment residential building under ground car parking for more information plz contact us,,,,,,,,,,
https://www.zameen.com/Property/e_11_madina_tower_one_bed_apartment_madina_tower_e-11_near_to_f-11-53297739-11138-1.html,Flat,PKR1.25 Crore,1,4.4 Marla,For Sale,1,5 days ago,"E-11, Islamabad, Islamabad Capital",one bed attach bath tv lounge kitchen open view 10 floor f-11 facing for more information plz contact us,"Built in year, Parking Spaces, Double Glazed Windows, Central Air Conditioning, Central Heating, Flooring, Electricity Backup, Other Main Features",,,,,"Nearby Schools, Nearby Hospitals, Nearby Shopping Malls, Nearby Restaurants, Distance From Airport (kms), Nearby Public Transport Service, Other Nearby Places",,,,
https://www.zameen.com/Property/mpchs_multi_gardens_mpchs_-_block_f_dream_home_made_easy_4_cr-4_10cr_your_design_20_lacs_less_6-12_months-53296908-8527-1.html,House,PKR3.8 Crore,4,10 Marla,For Sale,5,3 weeks ago,"B-17, Islamabad, Islamabad Capital","House Features: 5 Bedrooms with attached Washrooms. 2 TV Lounge. 1 Drawing Room 2 Kitchens 1 Powder Room. Pehli baat Aap 20 lacs tak SAVE kar sakte hain. Sochiye, yeh paisay aap apne ghar ki furnishing mein laga sakte hain, apne bacchon ki education mein invest kar sakte hain, ya phir apni family ke liye kuch aur planning kar sakte hain. Doosri baat Yeh ghar AAPKI marzi ka banega. Aap chahte hain ke drawing room bara ho? Ho jayega. Aap chahte hain ke kitchen modern style ka ho? Bilkul. Aap chahte hain ke bedrooms zyada hain? Koi masla nahi. Har cheez aapki zaroorat aur aapki family ke mutabiq design hogi. Teesri baat Payment ka tension nahi. 6 to 12 mahine ki easy installments. Matlab aapko ek saath bhari amount nahi deni. Aap apni salary se, apne business se, aaram se payment manage kar sakte hain. Chauthi baat Land ki price bhi included haiMatlab aapko alag se plot dhundne ki zaroorat nahi, alag se negotiations ki tension nahi. Sab kuch ek package mein.","Built in year: 2025, Parking Spaces: 1, Double Glazed Windows, Central Air Conditioning, Central Heating, Flooring, Electricity Backup, Waste Disposal, Floors: 2, Other Main Features, Furnished","Bedrooms: 4, Bathrooms: 4, Servant Quarters: 1, Drawing Room, Dining Room, Kitchens: 2, Study Room, Prayer Room, Powder Room, Gym, Store Rooms: 1, Steam Room, Lounge or Sitting Room, Laundry Room, Other Rooms","Broadband Internet Access, Satellite or Cable TV Ready, Intercom, Other Business and Communication Facilities","Community Lawn or Garden, Community Swimming Pool, Community Gym, First Aid or Medical Centre, Day Care Centre, Kids Play Area, Barbeque Area, Mosque, Community Centre, Other Community Facilities","Lawn or Garden, Swimming Pool, Sauna, Jacuzzi","Nearby Schools, Nearby Hospitals, Nearby Shopping Malls, Nearby Restaurants, Distance From Airport (kms), Nearby Public Transport Service, Other Nearby Places","Maintenance Staff, Security Staff, Facilities for Disabled, Other Facilities",PKR1.75 Crore,PKR25.63 Lakh,8 Months
https://www.zameen.com/Property/islamabad_f-7_margalla_beauty_4_4_kanal_house_is_for_sale-52654524-165-1.html,House,PKR1.75 Arab,7,4 Kanal,For Sale,7,2 weeks ago,"F-7, Islamabad, Islamabad Capital","Attached images are just for reference purpose only. Chohan HAY Estate Offers: - Main Margalla Road - 4 Kanal - 4 Kanal Extra Land - Total 8 Kanal Land - One and Only Option - Urgent Sale - Ideal for Dream Home or Renovation - Great Opportunity for End Users or Investors - High Return Potential - Dont Waste Your Time, Just Grab this Fantastic Opportunity For more information and additional options, kindly contact at mentioned numbers or visit CHOHAN HAY ESTATE","Built in year: 2000, Parking Spaces, Double Glazed Windows, Central Air Conditioning, Central Heating, Flooring, Electricity Backup, Waste Disposal, Floors: 3, Other Main Features, Furnished","Bedrooms: 4, Bathrooms: 4, Servant Quarters: 1, Drawing Room, Dining Room, Kitchens: 2, Study Room, Prayer Room, Powder Room, Gym, Store Rooms: 1, Steam Room, Lounge or Sitting Room, Laundry Room, Other Rooms","Broadband Internet Access, Satellite or Cable TV Ready, Intercom, Other Business and Communication Facilities","Community Lawn or Garden, Community Swimming Pool, Community Gym, First Aid or Medical Centre, Day Care Centre, Kids Play Area, Barbeque Area, Mosque, Community Centre, Other Community Facilities","Lawn or Garden, Swimming Pool, Sauna, Jacuzzi, Other Healthcare and Recreation Facilities","Nearby Schools, Nearby Hospitals, Nearby Shopping Malls, Nearby Restaurants, Distance From Airport (kms), Nearby Public Transport Service, Other Nearby Places","Maintenance Staff, Security Staff, Facilities for Disabled, Other Facilities",,,
https://www.zameen.com/Property/islamabad_i-8_i-8_brand_new_40x80_house_for_sale_real_pics_attached_near_to_kachnar_park-49198314-174-1.html,House,PKR16.5 Crore,6,14.2 Marla,For Sale,6,4 days ago,"I-8, Islamabad, Islamabad Capital",Brand new Double story House With 6 bed attached baths 2 Drawing Dinning 2 TV lounge 2 kitchen Tile flooring Huge Car parking area Servant Quarter Ceiling Pure Wooden work Near to Kachnar Park and Shifa Hospital Real pics attached We have many other residential options For details Call the specialist Sultan Property Marketing,"Built in year: 2024, Parking Spaces: 3, Double Glazed Windows, Central Air Conditioning, Central Heating, Flooring, Electricity Backup, Waste Disposal, Other Main Features","Bedrooms: 6, Bathrooms: 6, Servant Quarters: 1, Drawing Room, Dining Room, Kitchens: 2, Prayer Room, Powder Room, Gym, Store Rooms: 1, Steam Room, Lounge or Sitting Room, Laundry Room","Broadband Internet Access, Satellite or Cable TV Ready, Intercom, Other Business and Communication Facilities","Community Lawn or Garden, Community Swimming Pool, Community Gym, First Aid or Medical Centre, Day Care Centre, Kids Play Area, Barbeque Area, Mosque, Community Centre, Other Community Facilities",Other Healthcare and Recreation Facilities,"Nearby Schools, Nearby Hospitals, Nearby Shopping Malls, Nearby Restaurants, Distance From Airport (kms), Nearby Public Transport Service, Other Nearby Places","Maintenance Staff, Security Staff, Facilities for Disabled, Other Facilities",,,
https://www.zameen.com/Property/islamabad_bani_gala_5_bed_brand_new_triple_storey_house_for_sale_on_5_marla-52048857-340-1.html,House,PKR1.95 Crore,5,5 Marla,For Sale,5,20 hours ago,"Bani Gala, Islamabad, Islamabad Capital",House for Sale in Bani Gala 5 Marla Triple Story 5Beds / 5Wash Rooms / OPEN KITCHEN - TV LOUNGE / DRAWING Car Porch / 2 Electric Meters / Water boring 30ft wide street,"Built in year: 2024, Parking Spaces: 1, Double Glazed Windows, Central Air Conditioning, Central Heating, Flooring, Electricity Backup, Waste Disposal, Floors: 2, Other Main Features, Furnished","Bedrooms: 5, Bathrooms: 5, Servant Quarters: 1, Drawing Room, Dining Room, Kitchens: 2, Study Room, Prayer Room, Powder Room, Gym, Store Rooms: 1, Steam Room, Lounge or Sitting Room, Laundry Room, Other Rooms","Broadband Internet Access, Satellite or Cable TV Ready, Intercom, Other Business and Communication Facilities","Community Lawn or Garden, Community Swimming Pool, Community Gym, First Aid or Medical Centre, Day Care Centre, Kids Play Area, Barbeque Area, Mosque, Community Centre, Other Community Facilities","Lawn or Garden, Swimming Pool, Sauna, Jacuzzi, Other Healthcare and Recreation Facilities","Nearby Schools, Nearby Hospitals, Nearby Shopping Malls, Nearby Restaurants, Distance From Airport (kms), Nearby Public Transport Service, Other Nearby Places","Maintenance Staff, Security Staff, Facilities for Disabled, Other Facilities",,,
https://www.zameen.com/Property/islamabad_bani_gala_4_bed_double_story_brand_new_designer_house_for_sale_on_5_marla-52051189-340-1.html,House,PKR1.8 Crore,5,5 Marla,For Sale,4,20 hours ago,"Bani Gala, Islamabad, Islamabad Capital","4 Bed With At Bath , Kitchen , Tv lounge , Drawing Room , Powder Room , Car Porch Near To Main Road","Built in year: 2025, Parking Spaces: 1, Double Glazed Windows, Central Air Conditioning, Central Heating, Flooring, Electricity Backup, Waste Disposal, Other Main Features","Bedrooms: 4, Bathrooms: 4, Drawing Room, Dining Room, Kitchens: 1, Prayer Room, Powder Room, Store Rooms: 1, Lounge or Sitting Room, Laundry Room, Other Rooms","Broadband Internet Access, Satellite or Cable TV Ready, Intercom, Other Business and Communication Facilities","Community Lawn or Garden, Community Swimming Pool, Community Gym, First Aid or Medical Centre, Day Care Centre, Kids Play Area, Barbeque Area, Mosque, Other Community Facilities","Lawn or Garden, Swimming Pool, Other Healthcare and Recreation Facilities","Nearby Schools, Nearby Hospitals, Nearby Shopping Malls, Nearby Restaurants, Distance From Airport (kms), Nearby Public Transport Service, Other Nearby Places",Security Staff,,,
https://www.zameen.com/Property/islamabad_bani_gala_7_25_semi_double_storey_house_for_sale_with_gas-52714909-340-1.html,House,PKR2.05 Crore,3,7.2 Marla,For Sale,4,20 hours ago,"Bani Gala, Islamabad, Islamabad Capital","Ground Floor "" 2 Bed Room With Bath , Tv Lounge , Drawing Room , Car Porch 1st Floor ""2 Room &Amp; 1 Bath &Amp; Roof Top Separate Gas , Electric Metar &Amp; Water Bor. . Concrete Road Near To Main Road","Built in year: 2, Parking Spaces: 2, Double Glazed Windows, Central Air Conditioning, Central Heating, Flooring, Electricity Backup, Waste Disposal, Other Main Features, Furnished","Bedrooms: 4, Bathrooms: 3, Drawing Room, Dining Room, Kitchens: 1, Powder Room, Store Rooms: 1, Lounge or Sitting Room, Laundry Room, Other Rooms","Broadband Internet Access, Satellite or Cable TV Ready, Intercom, Other Business and Communication Facilities","Community Lawn or Garden, Community Swimming Pool, Community Gym, First Aid or Medical Centre, Day Care Centre, Kids Play Area, Barbeque Area, Mosque, Community Centre, Other Community Facilities",,"Nearby Schools, Nearby Hospitals, Nearby Shopping Malls, Nearby Restaurants, Distance From Airport (kms), Nearby Public Transport Service, Other Nearby Places","Maintenance Staff, Security Staff, Other Facilities",,,
https://www.zameen.com/Property/islamabad_bani_gala_4_bed_double_storey_brand_new_designer_house_for_sale_on_4_25_marla-52332866-340-1.html,House,PKR1.4 Crore,5,4.2 Marla,For Sale,4,20 hours ago,"Bani Gala, Islamabad, Islamabad Capital","4 Bed With at Bath , Tv lounge , Kitchen , Car Porch , Drawinv Room , Powder Rokm , Mumti & Roof top","Built in year: 2024, Parking Spaces: 1, Double Glazed Windows, Central Air Conditioning, Central Heating, Flooring, Electricity Backup, Waste Disposal, Floors: 3, Other Main Features, Furnished","Bedrooms: 4, Bathrooms: 5, Servant Quarters: 2, Drawing Room, Dining Room, Kitchens: 2, Study Room, Prayer Room, Powder Room, Store Rooms: 1, Lounge or Sitting Room, Laundry Room","Broadband Internet Access, Satellite or Cable TV Ready, Intercom, Other Business and Communication Facilities","Community Lawn or Garden, Community Swimming Pool, Community Gym, First Aid or Medical Centre, Day Care Centre, Kids Play Area, Barbeque Area, Mosque, Community Centre, Other Community Facilities","Lawn or Garden, Jacuzzi, Other Healthcare and Recreation Facilities","Nearby Schools, Nearby Hospitals, Nearby Shopping Malls, Nearby Restaurants, Distance From Airport (kms), Nearby Public Transport Service, Other Nearby Places","Maintenance Staff, Security Staff, Facilities for Disabled, Other Facilities",,,
https://www.zameen.com/Property/islamabad_f-8_spacious_500_sq_yards_luxury_home_for_sale_prime_location_modern_amenities-52573245-166-1.html,House,PKR40 Crore,6,1 Kanal,For Sale,5,2 weeks ago,"F-8, Islamabad, Islamabad Capital","Brand New HOUSE 500 SQYRDS/ F-8 IS AVAILABLE FOR SALE. Details: Coming Rent 5000 USD three year lease rent coming six months basis 1. Size 50 x 90 : 500 squrds. 2. Surfacing. 3. Heisted location 4. Lush green, wide street. 5. Convient approaches from Johar Road. 6. Walking distance from Class 3 Market of of F-8/ 7. Accommodation, It is a very well maintained house of 5 bed room, spacious kitchen, lounge, D+D, drice way and the lush green lawn. Tile floorings. 8. Ready to move house. 9. Single owner 10. Cda transfer. 11. Possession available. 12. Demand 40","Built in year: 2025, Parking Spaces: 3, Double Glazed Windows, Central Air Conditioning, Central Heating, Flooring, Electricity Backup, Floors: 1, Other Main Features","Bedrooms: 5, Bathrooms: 6, Servant Quarters, Drawing Room, Dining Room, Kitchens: 1, Study Room, Prayer Room, Powder Room, Store Rooms, Steam Room, Lounge or Sitting Room, Laundry Room, Other Rooms","Broadband Internet Access, Satellite or Cable TV Ready, Intercom, Other Business and Communication Facilities","Community Lawn or Garden, Community Swimming Pool, Community Gym, First Aid or Medical Centre, Day Care Centre, Kids Play Area, Barbeque Area, Mosque, Community Centre, Other Community Facilities","Lawn or Garden, Swimming Pool, Sauna, Jacuzzi, Other Healthcare and Recreation Facilities","Nearby Schools, Nearby Hospitals, Nearby Shopping Malls, Nearby Restaurants, Distance From Airport (kms), Nearby Public Transport Service, Other Nearby Places","Maintenance Staff, Security Staff, Other Facilities",,,
https://www.zameen.com/Property/i_8_i-8_1_i_8_1_family_flat_for_sale-53284357-3441-1.html,Flat,PKR1.5 Crore,2,5.5 Marla,For Sale,3,3 days ago,"I-8, Islamabad, Islamabad Capital","size 1240sqft 3rd floor with roof 3bed,2bath,kitchen,small TVL Taris Rental value 60k very near to i. j. p metro station 9th Avenue CDA transfer direct deal with owner cntct for more info. or visit originl pic are not attached visit posiable also many option avaiable for sale cntct for more info.","Built in year: 2020, Parking Spaces: 2, Double Glazed Windows, Flooring, Electricity Backup, Waste Disposal, Other Main Features","Bedrooms: 3, Bathrooms: 2, Servant Quarters, Drawing Room, Dining Room, Kitchens: 1, Powder Room, Store Rooms, Lounge or Sitting Room, Laundry Room, Other Rooms","Broadband Internet Access, Satellite or Cable TV Ready, Intercom, ATM Machines, Other Business and Communication Facilities","Community Lawn or Garden, Community Swimming Pool, Community Gym, First Aid or Medical Centre, Day Care Centre, Kids Play Area, Barbeque Area, Mosque, Community Centre, Other Community Facilities",Other Healthcare and Recreation Facilities,"Nearby Schools, Nearby Hospitals, Nearby Shopping Malls, Nearby Restaurants, Distance From Airport (kms), Nearby Public Transport Service, Other Nearby Places","Maintenance Staff, Security Staff, Facilities for Disabled, Other Facilities",,,
https://www.zameen.com/Property/gulberg_greens_gulberg_greens_-_block_a_luxury_furnished_farm_house_available-51248472-8313-1.html,Farm House,PKR32 Crore,7,5 Kanal,For Sale,11,2 days ago,"Gulberg, Islamabad, Islamabad Capital",Foam House Available For Sale In Gulberg Green Islamabad 5 Kanal Farm House Available For Sale Visit Any Time,"Built in year: 2023, Parking Spaces: 10, Double Glazed Windows, Central Air Conditioning, Central Heating, Flooring, Electricity Backup, Waste Disposal, Floors: 3, Other Main Features, Furnished","Bedrooms: 5, Bathrooms: 6, Servant Quarters: 1, Drawing Room, Dining Room, Kitchens: 2, Study Room, Prayer Room, Powder Room, Gym, Store Rooms: 1, Steam Room, Lounge or Sitting Room, Laundry Room, Other Rooms","Broadband Internet Access, Satellite or Cable TV Ready, Intercom, Other Business and Communication Facilities","Community Lawn or Garden, Community Swimming Pool, Community Gym, First Aid or Medical Centre, Day Care Centre, Kids Play Area, Barbeque Area, Mosque, Community Centre, Other Community Facilities","Lawn or Garden, Swimming Pool, Sauna, Jacuzzi, Other Healthcare and Recreation Facilities","Nearby Schools, Nearby Hospitals, Nearby Shopping Malls, Nearby Restaurants, Distance From Airport (kms), Nearby Public Transport Service, Other Nearby Places","Maintenance Staff, Security Staff, Facilities for Disabled, Other Facilities",,,
https://www.zameen.com/Property/gulberg_greens_gulberg_greens_-_block_e_safe_end_secure_10_kanal_farm_house_for_sale_in_beautiful_gulberg_greens_block_e-51199397-8317-1.html,Farm House,PKR33 Crore,6,10 Kanal,For Sale,8,2 days ago,"Gulberg, Islamabad, Islamabad Capital",Gulberg Greens Islamabad E Block Foam House Available For Sale More Options Available 10 Kanal Farm House,"Built in year: 2023, Parking Spaces: 10, Double Glazed Windows, Central Air Conditioning, Central Heating, Flooring, Electricity Backup, Waste Disposal, Floors: 3, Other Main Features, Furnished","Bedrooms: 6, Bathrooms: 6, Servant Quarters: 2, Drawing Room, Dining Room, Kitchens: 2, Study Room, Prayer Room, Powder Room, Gym, Store Rooms: 2, Steam Room, Lounge or Sitting Room, Laundry Room, Other Rooms","Broadband Internet Access, Satellite or Cable TV Ready, Intercom, Other Business and Communication Facilities","Community Lawn or Garden, Community Swimming Pool, Community Gym, First Aid or Medical Centre, Day Care Centre, Kids Play Area, Barbeque Area, Mosque, Community Centre, Other Community Facilities","Lawn or Garden, Swimming Pool, Sauna, Jacuzzi, Other Healthcare and Recreation Facilities","Nearby Schools, Nearby Hospitals, Nearby Shopping Malls, Nearby Restaurants, Distance From Airport (kms), Nearby Public Transport Service, Other Nearby Places","Maintenance Staff, Security Staff, Facilities for Disabled, Other Facilities",,,
https://www.zameen.com/Property/gulberg_greens_gulberg_greens_-_block_c_gulberg_greens_islamabad_c_block_business_square-51380345-8315-1.html,Flat,PKR65 Lakh,2,2.1 Marla,For Sale,1,2 days ago,"Gulberg, Islamabad, Islamabad Capital",Falcon Heights Gulberg Greens Islamabad One Bed Furnished Apartments Available For Sale C Block Business Square,"Built in year: 2023, Parking Spaces: 5, Lobby in Building, Double Glazed Windows, Central Air Conditioning, Central Heating, Flooring, Electricity Backup, Waste Disposal, Floor: 4, Floors in Building: 7, Elevators: 6, Service Elevators in Building, Other Main Features, Furnished","Bedrooms: 3, Bathrooms: 3, Servant Quarters: 1, Drawing Room, Dining Room, Kitchens: 1, Study Room, Prayer Room, Powder Room, Gym, Store Rooms: 1, Steam Room, Lounge or Sitting Room, Laundry Room, Other Rooms","Broadband Internet Access, Satellite or Cable TV Ready, Business Center or Media Room in Building, Conference Room in Building, Intercom, ATM Machines, Other Business and Communication Facilities","Community Lawn or Garden, Community Swimming Pool, Community Gym, First Aid or Medical Centre, Day Care Centre, Kids Play Area, Barbeque Area, Mosque, Community Centre, Other Community Facilities","Sauna, Jacuzzi, Other Healthcare and Recreation Facilities","Nearby Schools, Nearby Hospitals, Nearby Shopping Malls, Nearby Restaurants, Distance From Airport (kms), Nearby Public Transport Service, Other Nearby Places","Maintenance Staff, Security Staff, Laundry or Dry Cleaning Facility, Communal/Shared Kitchen, Facilities for Disabled, Pets Not Allowed, Other Facilities",,,
https://www.zameen.com/Property/islamabad_diplomatic_enclave_luxurious_2_bed_rooms_apartment_for_sale_marglla_view-49782003-429-1.html,Flat,PKR7.5 Crore,2,8.9 Marla,For Sale,2,2 weeks ago,"Diplomatic Enclave, Islamabad, Islamabad Capital","LUXURIOUS 2 BED ROOMS APARTMENT FOR SALE (Marglla View) in diplomatic enclave Islamabad coming Rent 1300 US$ Three Side Corner 2 Bed Rooms Apartment Available For Sale In The Heart Of Diplomatic Enclave. Having Two Bedrooms with attached bathrooms, Living Dinning, Kitchen It Is Fully Furnished and Equipped Apartment with 3 Side Views (East, West And North Margalla Facing). All Quality Fittings And Fixtures. Very Bright And Sunny. For more details and other options kindly contact us.","Built in year: 2013, Parking Spaces: 1, Lobby in Building, Double Glazed Windows, Central Air Conditioning, Central Heating, Flooring, Electricity Backup, Waste Disposal, Floor: 3, Floors in Building: 4, Elevators: 2, Service Elevators in Building, Furnished","Bedrooms: 2, Bathrooms: 2, Servant Quarters: 1, Drawing Room, Dining Room, Kitchens: 1, Study Room, Prayer Room, Powder Room, Gym, Store Rooms: 1, Steam Room, Lounge or Sitting Room, Laundry Room","Broadband Internet Access, Satellite or Cable TV Ready, Business Center or Media Room in Building, Conference Room in Building, Intercom, ATM Machines","Community Lawn or Garden, Community Swimming Pool, Community Gym, First Aid or Medical Centre, Day Care Centre, Kids Play Area, Barbeque Area, Mosque, Community Centre","Sauna, Jacuzzi","Nearby Schools, Nearby Hospitals, Nearby Shopping Malls, Nearby Restaurants, Distance From Airport (kms), Nearby Public Transport Service, Other Nearby Places","Security Staff, Other Facilities",,,
https://www.zameen.com/Property/dha_defence_dha_defence_phase_2_brand_new_designer_furnished_double_unit_6_bed_classical_mansion-52405539-339-1.html,House,PKR11 Crore,6,1 Kanal,For Sale,6,5 days ago,"DHA Defence, Islamabad, Islamabad Capital",Brand New Designer Furnished 6 Bed Double Unit Classical A+ Solid Construction House At Heighted Location Price Is Very Reasonable.,"Built in year: 2025, Parking Spaces: 3, Double Glazed Windows, Flooring, Electricity Backup, Waste Disposal, Floors: 2, Other Main Features, Furnished","Bedrooms: 6, Bathrooms: 8, Servant Quarters: 2, Drawing Room, Dining Room, Kitchens: 2, Study Room, Prayer Room, Powder Room, Gym, Store Rooms: 2, Steam Room, Lounge or Sitting Room, Laundry Room, Other Rooms","Broadband Internet Access, Satellite or Cable TV Ready, Intercom, Other Business and Communication Facilities","Community Lawn or Garden, Community Swimming Pool, Community Gym, First Aid or Medical Centre, Day Care Centre, Kids Play Area, Barbeque Area, Mosque, Community Centre, Other Community Facilities","Lawn or Garden, Sauna, Jacuzzi, Other Healthcare and Recreation Facilities","Nearby Schools, Nearby Hospitals, Nearby Shopping Malls, Nearby Restaurants, Distance From Airport (kms), Nearby Public Transport Service, Other Nearby Places","Maintenance Staff, Security Staff, Facilities for Disabled, Other Facilities",,,
https://www.zameen.com/Property/islamabad_f-7_brand_new_modern_furnished_house_available_in_f-7-53095863-165-1.html,House,PKR38 Crore,7,1.1 Kanal,For Sale,6,6 days ago,"F-7, Islamabad, Islamabad Capital","Chohan HAY Estate Offers: - Furnished - Brand New - Basement, Ground and Upper Portion - 6 Bedrooms with Attached Modern Bathrooms - Drawing, Dining and TV Lounge - Enriched by High Quality Finishes and Interior Highlights and Family Rooms with Walk-in Closets - Modern Kitchen, Handsome Cabinetry with Quartz Counter-top - Modern Baths with Jacuzzi - AC Units - Celling Roof with SMD Lights - Wooden Floor - Green Lush Lawn - Terrace - Servant Quarters - Cars Parking Space - Peaceful and Highly Secured Living Area - Great Opportunity, Don't Waste your Time Just Grab this Opportunity For more information and other options, kindly call on the mentioned numbers or visit Chohan HAY Estate","Parking Spaces, Other Main Features, Furnished","Bedrooms: 6, Bathrooms: 7, Servant Quarters, Drawing Room, Dining Room, Kitchens, Lounge or Sitting Room","Broadband Internet Access, Satellite or Cable TV Ready, Intercom",,"Lawn or Garden, Jacuzzi","Nearby Schools, Nearby Hospitals, Nearby Shopping Malls, Nearby Restaurants, Distance From Airport (kms), Nearby Public Transport Service, Other Nearby Places","Maintenance Staff, Security Staff",,,
https://www.zameen.com/Property/g_7_g-7_4_cda_sector_g-7_4_90_80_800_square_yards_house_for_sale-52147078-3372-1.html,House,PKR40 Crore,6,1.6 Kanal,For Sale,8,3 weeks ago,"G-7, Islamabad, Islamabad Capital",Cda sector G-7/4(90*80)=800-Sq yards 8-bed rooms houses for sale. Nestled in the prestigious neighbourhood of G-7/4 service road east. This remarkable corner property offers an elegant modern design with two independent units each unit containing 400-sq yards with 4-bedrooms dd and tvl two independent cars porch each porch have a capacity for 2-3 vehicles well maintained ideal for two brothers ideally located on the parallel of 7th-Avenue in the heart of Islamabad high security zone . Golden opportunity for two independent families as an end user CDA transfer reasonable price single owner.,"Built in year: 2024, Parking Spaces, Double Glazed Windows, Central Air Conditioning, Central Heating, Flooring, Electricity Backup, Waste Disposal, Floors, Other Main Features","Bedrooms, Bathrooms, Servant Quarters: 4, Drawing Room, Dining Room, Kitchens: 4, Study Room, Prayer Room, Powder Room, Gym, Store Rooms: 2, Steam Room, Lounge or Sitting Room, Laundry Room","Broadband Internet Access, Satellite or Cable TV Ready, Intercom","Community Lawn or Garden, Community Swimming Pool, First Aid or Medical Centre, Day Care Centre, Kids Play Area, Barbeque Area, Mosque, Community Centre","Lawn or Garden, Swimming Pool, Sauna, Jacuzzi","Nearby Schools, Nearby Hospitals, Nearby Shopping Malls, Nearby Restaurants, Distance From Airport (kms), Nearby Public Transport Service, Other Nearby Places","Maintenance Staff, Security Staff, Facilities for Disabled, Other Facilities",,,
https://www.zameen.com/Property/islamabad_g-6_house_in_demolished_condition_for_sale_g-6-53020908-169-1.html,House,PKR45 Crore,6,2.4 Kanal,For Sale,5,1 month ago,"G-6, Islamabad, Islamabad Capital","Attached Images are for reference. Chohan HAY Estate Offers: - 1200 SQYD - CDA Transfer - 60 x 180 Dimension - Prime Location - Demolished House - Ideal for Redevelopment - Build your Customize Dream Luxury House - Investment Rate - Great Investment - Potential for High Returns - Dont waste time, seize this unique opportunity For more information and additional options, kindly contact at provided numbers or visit Chohan HAY Estate.","Built in year: 2025, Parking Spaces, Double Glazed Windows, Central Air Conditioning, Central Heating, Flooring, Electricity Backup, Waste Disposal, Floors: 2, Other Main Features, Furnished","Bedrooms: 5, Bathrooms: 6, Servant Quarters, Drawing Room, Dining Room, Kitchens, Study Room, Prayer Room, Powder Room, Gym, Store Rooms: 1, Steam Room, Lounge or Sitting Room, Laundry Room, Other Rooms","Broadband Internet Access, Satellite or Cable TV Ready, Intercom, Other Business and Communication Facilities","Community Lawn or Garden, Community Swimming Pool, Community Gym, First Aid or Medical Centre, Day Care Centre, Kids Play Area, Barbeque Area, Mosque, Community Centre, Other Community Facilities","Lawn or Garden, Swimming Pool, Sauna, Jacuzzi, Other Healthcare and Recreation Facilities","Nearby Schools, Nearby Hospitals, Nearby Shopping Malls, Nearby Restaurants, Distance From Airport (kms), Nearby Public Transport Service, Other Nearby Places","Maintenance Staff, Security Staff, Facilities for Disabled, Other Facilities",,,
https://www.zameen.com/Property/islamabad_f-7_4_kanal_prime_location_house_is_for_sale_in_f-7-52049296-165-1.html,House,PKR90 Crore,7,4 Kanal,For Sale,7,2 weeks ago,"F-7, Islamabad, Islamabad Capital","Attached Images are just for reference purpose only. Chohan HAY Estate Offers: - 4 Kanal - Big Front - Old Demolishable House - Investor Price - Great Time to Invest in Real Estate - Beat Option to Build Your Dream Home in F-7 - Peaceful and Secured Living Area - Dont Waste Your Time, Just Grab this Opportunity For more information and additional options, kindly contact at mentioned numbers or visit Chohan HAY Estate","Built in year: 2025, Parking Spaces, Double Glazed Windows, Central Air Conditioning, Central Heating, Flooring, Electricity Backup, Waste Disposal, Floors: 1, Other Main Features","Bedrooms: 7, Bathrooms: 8, Servant Quarters: 1, Drawing Room, Dining Room, Kitchens, Study Room, Prayer Room, Powder Room, Gym, Store Rooms: 1, Steam Room, Lounge or Sitting Room, Laundry Room","Broadband Internet Access, Satellite or Cable TV Ready, Intercom, Other Business and Communication Facilities","Community Lawn or Garden, Community Swimming Pool, Community Gym, First Aid or Medical Centre, Day Care Centre, Kids Play Area, Barbeque Area, Mosque, Community Centre, Other Community Facilities","Lawn or Garden, Swimming Pool, Sauna, Jacuzzi, Other Healthcare and Recreation Facilities","Nearby Schools, Nearby Hospitals, Nearby Shopping Malls, Nearby Restaurants, Distance From Airport (kms), Nearby Public Transport Service, Other Nearby Places","Maintenance Staff, Security Staff, Facilities for Disabled, Other Facilities",,,
https://www.zameen.com/Property/islamabad_top_city_1_top_city_one_bed_apartment_available_on_easy_installments_14_lac_down_payment-53333298-1383-1.html,Flat,PKR97.23 Lakh,1,2.7 Marla,For Sale,1,5 days ago,"Top City 1, Islamabad, Islamabad Capital",Top City Near To Air Port One Bed Apartment Available On Installments 14 Lac Down Payment 12 Lac Confirmation Within 2 Month 72 Installments 43000 Monthly Instalments 6 Lac After 6 Month 8 Floor Complete Total 14 Floor Possession Date 2026 Dec For More Info Plz Contact Us,"Built in year: 2025, Parking Spaces, Double Glazed Windows, Central Air Conditioning, Flooring, Electricity Backup, Waste Disposal, Other Main Features, Furnished","Bedrooms: 5, Bathrooms: 4, Servant Quarters, Drawing Room, Dining Room, Kitchens: 2, Study Room, Prayer Room, Powder Room, Store Rooms: 1, Steam Room, Lounge or Sitting Room, Laundry Room, Other Rooms","Broadband Internet Access, Satellite or Cable TV Ready, Intercom, Other Business and Communication Facilities","Community Lawn or Garden, Community Swimming Pool, Community Gym, First Aid or Medical Centre, Day Care Centre, Kids Play Area, Barbeque Area, Mosque, Community Centre, Other Community Facilities","Sauna, Jacuzzi, Other Healthcare and Recreation Facilities","Nearby Schools, Nearby Hospitals, Nearby Shopping Malls, Nearby Restaurants, Distance From Airport (kms), Nearby Public Transport Service, Other Nearby Places","Maintenance Staff, Security Staff, Facilities for Disabled",,,
https://www.zameen.com/Property/islamabad_h-13_5_marla_fresh_house_for_sale_in_paris_city_f_block_sector_h-13_islamabad_near_nust_university-52857133-1039-1.html,House,PKR2.6 Crore,6,5 Marla,For Sale,7,4 weeks ago,"H-13, Islamabad, Islamabad Capital","Abdullah Property & Builders Pvt. Ltd. Your Trusted Partner in Real Estate. We are pleased to present this newly built, modern house located in one of the most sought-after communities in the heart of Islamabad. Perfect for families, professionals, or savvy investors looking for quality, convenience, and long-term value. Property Overview: 7 Spacious Bedrooms 6 Attached Bathrooms 2 Well-designed TV Lounges Modern Kitchen Fresh Construction Ready for Possession Ideal for Families or Investment Location Highlights: Situated in Paris City F-Block, Sector H-13, Islamabad Just minutes away from NUST University Easy access to Kashmir Highway & Islamabad Expressway Peaceful residential community with growing value Demand: PKR 2.60 Crore Ideal For: First-time homebuyers seeking a move-in-ready home Real estate investors targeting high-demand rental zones Professionals & students needing a secure, modern space near key institutions Dont miss this rare opportunity to own a premium 5-Marla house in one of Islamabads most strategic and fast-developing sectors. Contact us now to schedule a visit or learn more! Abdullah Property Dealer & Builders Abdullah Property & Builders Pvt. Ltd. Your trusted partner in real estate.","Built in year: 2025, Parking Spaces, Double Glazed Windows, Central Air Conditioning, Central Heating, Flooring, Electricity Backup, Waste Disposal, Floors: 1, Other Main Features, Furnished","Bedrooms: 5, Bathrooms: 5, Servant Quarters: 1, Drawing Room, Dining Room, Kitchens: 2, Study Room, Prayer Room, Powder Room, Gym, Store Rooms: 1, Steam Room, Lounge or Sitting Room, Laundry Room, Other Rooms","Broadband Internet Access, Satellite or Cable TV Ready, Intercom, Other Business and Communication Facilities","Community Lawn or Garden, Community Swimming Pool, Community Gym, First Aid or Medical Centre, Day Care Centre, Kids Play Area, Barbeque Area, Mosque, Community Centre, Other Community Facilities","Lawn or Garden, Swimming Pool, Sauna, Jacuzzi, Other Healthcare and Recreation Facilities","Nearby Schools, Nearby Hospitals, Nearby Shopping Malls, Nearby Restaurants, Distance From Airport (kms), Nearby Public Transport Service, Other Nearby Places","Security Staff, Other Facilities",,,
https://www.zameen.com/Property/islamabad_b-17_1_kanal_house_brand_new_double_unit_house_for_sale_mpchs_b-17_islamabad-52931273-616-1.html,House,PKR10 Crore,7,1 Kanal,For Sale,5,4 weeks ago,"B-17, Islamabad, Islamabad Capital","An exceptional opportunity to own a beautifully constructed 1 Kanal house located in the highly sought, Ijaz Ahmed Khan Avenue, Block B-1, MPCHS (Multi Gardens), B-17, Islamabad. This property offers spacious living with premium finishes and is ideal for families looking for comfort, luxury and long-term value. Key Features: Ground Floor: 2 Spacious Bedrooms with Attached Bathrooms Modern Kitchen TV Lounge Drawing Room Dining Area First Floor: 3 Bedrooms with Attached Bathrooms Additional Modern Kitchen TV Lounge Drawing Room Dining Area Additional Highlights: 4-Car Parking Space Separate Entrances for Both Units Elegant Finishing & Quality Fixtures Ideal for Dual Family Living or Rental Investment Located on Ijaz Ahmed Khan Avenue Prime & Peaceful Location Walking distance from Masjid, Markets, and Parks ________________________________________ Why Choose This Property? Brand-new construction with attention to detail High-quality materials and premium workmanship Excellent rental income potential from both units Situated in a fully developed and secure neighborhood This is a rare chance to own a Kanal home in one of Islamabads rapidly appreciating areas. Dont miss this incredible opportunity! Contact us now to schedule a visit or learn more! Abdullah Property Dealer & Builders Office GF-21, Town Residency, Old Bara Road, University Town, Peshawar","Built in year: 2025, Parking Spaces, Double Glazed Windows, Central Air Conditioning, Central Heating, Flooring, Electricity Backup, Waste Disposal, Floors: 2, Other Main Features","Bedrooms: 5, Bathrooms: 6, Servant Quarters: 1, Drawing Room, Dining Room, Kitchens: 2, Study Room, Prayer Room, Powder Room, Store Rooms: 2, Lounge or Sitting Room, Laundry Room, Other Rooms","Broadband Internet Access, Satellite or Cable TV Ready, Intercom, Other Business and Communication Facilities","Community Lawn or Garden, Community Swimming Pool, Community Gym, First Aid or Medical Centre, Day Care Centre, Kids Play Area, Barbeque Area, Mosque, Community Centre, Other Community Facilities","Lawn or Garden, Sauna, Jacuzzi, Other Healthcare and Recreation Facilities","Nearby Schools, Nearby Hospitals, Nearby Shopping Malls, Nearby Restaurants, Distance From Airport (kms), Nearby Public Transport Service, Other Nearby Places","Maintenance Staff, Security Staff, Facilities for Disabled",,,
https://www.zameen.com/Property/islamabad_b-17_1_kanal_house_for_sale_in_b-17_block_a_islamabad-52879360-616-1.html,House,PKR8 Crore,-,1 Kanal,For Sale,-,4 weeks ago,"B-17, Islamabad, Islamabad Capital","An exceptional opportunity to own a beautifully constructed 1 Kanal house located in the highly sought-after Block A of B-17, Islamabad. This property offers spacious living with premium finishes and is ideal for families looking for comfort, luxury, and long-term value. Property Features: Prime location in B-17 Block A Solid construction with elegant design Spacious bedrooms with attached baths Modern kitchen and stylish fittings Ample parking space Lush green lawn Peaceful and secure neighborhood Demand: PKR 8 Crore Location Benefits: Easy access to G. T. Road and Motorway Nearby parks, schools, and commercial areas Fully developed and populated sector This is a rare chance to own a Kanal home in one of Islamabads rapidly appreciating areas. Dont miss this incredible opportunity! Contact us now to schedule a visit or learn more! Abdullah Property Dealer & Builders Office GF-21, Town Residency, Old Bara Road, University Town, Peshawar","Parking Spaces, Double Glazed Windows, Flooring, Electricity Backup, Waste Disposal, Floors: 2, Furnished","Drawing Room, Dining Room, Lounge or Sitting Room","Broadband Internet Access, Satellite or Cable TV Ready","Community Lawn or Garden, Kids Play Area, Mosque","Lawn or Garden, Swimming Pool, Sauna, Jacuzzi","Nearby Schools, Nearby Hospitals, Nearby Shopping Malls, Nearby Restaurants, Nearby Public Transport Service, Other Nearby Places","Security Staff, Facilities for Disabled",,,
https://www.zameen.com/Property/b_17_capital_square_one-bed_apartment_of_size_700_sq_ft_for_sale-52890629-11252-1.html,Flat,PKR65 Lakh,1,3.1 Marla,For Sale,1,4 days ago,"B-17, Islamabad, Islamabad Capital","MPCHS B-17 ISLAMABAD Capital square 1-bed apartment of size 700 sq/ft available for sale. D-block, 6th floor, zoo facing.","Built in year: 2018, Parking Spaces, Lobby in Building, Double Glazed Windows, Flooring, Electricity Backup, Waste Disposal, Floor, Floors in Building: 12, Elevators, Service Elevators in Building","Drawing Room, Dining Room, Kitchens: 1, Study Room, Prayer Room, Powder Room, Lounge or Sitting Room, Laundry Room",,,,,,,,
https://www.zameen.com/Property/b_17_capital_square_2-bed_apartment_size_1050_sq_ft_10_th_floor-53002828-11252-1.html,Flat,PKR75 Lakh,2,4.7 Marla,For Sale,2,4 days ago,"B-17, Islamabad, Islamabad Capital","MPCHS B-17 ISLAMABAD Capital square C-block 2-bed apartment of size 1050 sq/ft 8th floor, motorway facing is available for sale. 1-Bedrooms 2 2-Bathrooms 2 3-Kitchen 1 4- TV Lounge 1 5-Store 1","Built in year: 2018, Parking Spaces, Lobby in Building, Double Glazed Windows, Central Air Conditioning, Central Heating, Flooring, Electricity Backup, Waste Disposal, Floor, Floors in Building: 14, Elevators, Service Elevators in Building, Other Main Features","Bedrooms: 2, Bathrooms: 2, Kitchens: 1, Store Rooms: 1","Broadband Internet Access, Satellite or Cable TV Ready, Business Center or Media Room in Building, Conference Room in Building, Intercom, ATM Machines, Other Business and Communication Facilities","Community Lawn or Garden, Community Swimming Pool, Community Gym, First Aid or Medical Centre, Day Care Centre, Kids Play Area, Barbeque Area, Mosque, Community Centre, Other Community Facilities",,"Nearby Schools, Nearby Hospitals, Nearby Shopping Malls, Nearby Restaurants, Distance From Airport (kms), Nearby Public Transport Service, Other Nearby Places","Maintenance Staff, Security Staff, Facilities for Disabled, Other Facilities",,,
https://www.zameen.com/Property/top_city_1_top_city_1_-_block_c_one_bed_apartment_available_for_sale-53010581-9232-1.html,Flat,PKR75 Lakh,1,2.7 Marla,For Sale,1,4 days ago,"Top City 1, Islamabad, Islamabad Capital","project Time square Residency fully residential project price negotiable All categories Plots Available at Top city in best Market Rates. Kanal 10 Marla 5 Marla Corner, Parkface Commercial and Residential Briqs Developer And Marketing Offer A Prime Location Residential Plot In Top City 1 Islamabad 5 Marla 10 Marla and Kanal Also Commercial in All Catergries. The ideal location of TopCity-1 near Kashmir Highway, is one of its most attractive features. Although the housing society is located at a 20-minute drive from downtown G 11 Markaz Islamabad, it can be easily accessed through Kashmir Highway, Lahore and Islamabad Motorways and Grand Trunk Road. The new Islamabad International Airport is also situated at a distance of approximately 3 kilometers from TopCity-1. That means it will take residents just 5 minutes to reach the airport through New Islamabad Airport Road. It is also connected by a grand and an exclusive Interchange making a Loop on Kashmir Highway giving direct access to residents in TopCity-1. The under development public transit metro bus service connects TopCity-1 through two terminals while the International CPEC City is located at a short distance.","Built in year: 2024, Parking Spaces: 4, Lobby in Building, Double Glazed Windows, Central Air Conditioning, Central Heating, Flooring, Electricity Backup, Waste Disposal, Floor: 3, Floors in Building: 10, Elevators: 3, Service Elevators in Building, Other Main Features, Furnished","Bedrooms: 1, Bathrooms: 1, Servant Quarters: 2, Drawing Room, Dining Room, Kitchens: 1, Study Room, Prayer Room, Powder Room, Gym, Store Rooms: 1, Steam Room, Lounge or Sitting Room, Laundry Room, Other Rooms","Broadband Internet Access, Satellite or Cable TV Ready, Intercom, Other Business and Communication Facilities","Community Lawn or Garden, Community Swimming Pool, Community Gym, First Aid or Medical Centre, Day Care Centre, Kids Play Area, Barbeque Area, Mosque, Community Centre, Other Community Facilities","Sauna, Jacuzzi, Other Healthcare and Recreation Facilities","Nearby Schools, Nearby Hospitals, Nearby Shopping Malls, Nearby Restaurants, Distance From Airport (kms), Nearby Public Transport Service, Other Nearby Places","Maintenance Staff, Security Staff, Facilities for Disabled, Other Facilities",,,
https://www.zameen.com/Property/top_city_1_top_city_1_-_block_i_get_in_touch_now_to_buy_a_509_square_feet_flat_in_top_city_1_-_block_i_islamabad-52750990-16278-1.html,Flat,PKR52 Lakh,1,2.3 Marla,For Sale,1,3 days ago,"Top City 1, Islamabad, Islamabad Capital","Luxury Apartment Is Available For Sale On Eeasy Installments Plan Down Payment: 520,000. PKR. Monthly Installment : 35,000. PKR 1.15% special discount on full cash payment at the time of booking. 2. All installments must be paid by the allottees as per the payment schedule agreed by the allottee between 1st to 10th of each month, 3. and the allottee shall abide by the terms & conditions as mentioned in the booking/application form. 4. All extra charges will be paid within 180 days from the date of booking. 5. The allocation of the unit shall remain a Provisional Unit until the company receives full & final payment. 6. Documentation charges for Lease, Utility Connection Charges & Generator COC, will be charged separately as and 7. when demanded by the company as these charges are not included in the above-mentioned cost. 8. All discounts will be valid subject to regular payments. 9. All payments are to be made through cheques/pay orders in favour of DA VISIONERS BUILDERS.","Built in year: 2029, Parking Spaces: 2, Lobby in Building, Double Glazed Windows, Central Air Conditioning, Central Heating, Flooring, Electricity Backup, Waste Disposal, Elevators: 2, Service Elevators in Building, Other Main Features, Furnished","Bedrooms: 3, Bathrooms: 3, Servant Quarters: 1, Drawing Room, Dining Room, Kitchens: 1, Study Room, Prayer Room, Powder Room, Gym, Store Rooms: 1, Steam Room, Lounge or Sitting Room, Laundry Room, Other Rooms","Broadband Internet Access, Satellite or Cable TV Ready, Business Center or Media Room in Building, Conference Room in Building, Intercom, ATM Machines, Other Business and Communication Facilities","Community Lawn or Garden, Community Swimming Pool, Community Gym, First Aid or Medical Centre, Day Care Centre, Kids Play Area, Barbeque Area, Mosque, Community Centre, Other Community Facilities","Sauna, Jacuzzi, Other Healthcare and Recreation Facilities","Nearby Schools, Nearby Hospitals, Nearby Shopping Malls, Nearby Restaurants, Distance From Airport (kms), Nearby Public Transport Service, Other Nearby Places","Maintenance Staff, Security Staff, Laundry or Dry Cleaning Facility, Communal/Shared Kitchen, Facilities for Disabled, Other Facilities",,,
https://www.zameen.com/Property/b_17_faisal_margalla_city_8_marla_brand_new_double_unit_house_available_for_sale_in_multi_gardens_mpchs_b-17_islamabad-52900388-13424-1.html,House,PKR3.6 Crore,-,8 Marla,For Sale,-,4 weeks ago,"B-17, Islamabad, Islamabad Capital","8 Marla Brand New Double Unit House. Available For Sale in Multi Gardens. MPCHS B-17 Islamabad. Front Back Open. House Size 30*60. Double Unit. 5 Bedrooms. 6 Baths. 2 Drawing Dining. 2 TV Lounge. 2 Kitchens. 2 Car Parking. Electricity , Water Available. Interested People Can Contact Easily. Multi Gardens MPCHS B-17 is a Good Sector. For Residence Because Neat and Clean. 24 Hours Security. Schools , Banks , Restaurants , Parks , Zoo all Facilities Available.",,"Bedrooms: 4, Bathrooms: 6, Drawing Room, Dining Room, Kitchens: 2, Store Rooms: 1, Lounge or Sitting Room, Laundry Room","Broadband Internet Access, Satellite or Cable TV Ready, Intercom, Other Business and Communication Facilities","Community Lawn or Garden, Community Swimming Pool, Community Gym, First Aid or Medical Centre, Day Care Centre, Kids Play Area, Barbeque Area, Mosque, Community Centre, Other Community Facilities","Lawn or Garden, Other Healthcare and Recreation Facilities","Nearby Schools, Nearby Hospitals, Nearby Shopping Malls, Nearby Restaurants, Distance From Airport (kms), Nearby Public Transport Service, Other Nearby Places",,,,
https://www.zameen.com/Property/mpchs_multi_gardens_mpchs_-_block_f_5_marla_designer_house_for_sale_in_multi_garden_b_17_islamabad-52901878-8527-1.html,House,PKR2.4 Crore,6,5 Marla,For Sale,4,4 weeks ago,"B-17, Islamabad, Islamabad Capital","5 Marla (25x50) Brand New Double-Story House for Sale B-17 Islamabad F Block | 60 Ft Wide Road | Double Unit Demand: 2.40 Crore (240 Lac) Location Highlights: Located in F Block, B-17 Islamabad Situated on a 60 ft wide road Prime location near schools, universities, masjid, and commercial markaz Peaceful and fully developed neighborhood Ground Floor: 2 Bedrooms 1 Dressing Room 1 TV Lounge 2 Washrooms 1 Kitchen First Floor (2nd Floor): 2 Bedrooms 1 TV Lounge 1 Kitchen 2 Washrooms 1 Terrace Key Features: Plot Size: 5 Marla (25x50) Double Unit Ideal for two families Brand new construction with stylish finishing Modern interior & premium fittings Separate entrances possible Electricity connection installed Water bore + society water connection available Ideal for living or investment For visit or more info, contact:","Built in year: 2025, Parking Spaces: 1, Double Glazed Windows, Central Air Conditioning, Central Heating, Flooring, Electricity Backup, Floors: 2","Bedrooms: 4, Bathrooms: 6, Servant Quarters: 1, Drawing Room, Dining Room, Kitchens: 2, Study Room, Prayer Room, Powder Room, Store Rooms: 1, Steam Room, Lounge or Sitting Room, Laundry Room","Broadband Internet Access, Satellite or Cable TV Ready, Intercom","Community Lawn or Garden, Community Swimming Pool, Community Gym, First Aid or Medical Centre, Day Care Centre, Kids Play Area, Barbeque Area, Mosque, Community Centre","Lawn or Garden, Swimming Pool, Sauna, Jacuzzi","Nearby Schools, Nearby Hospitals, Nearby Shopping Malls, Nearby Restaurants, Distance From Airport (kms), Nearby Public Transport Service, Other Nearby Places","Security Staff, Other Facilities",,,
https://www.zameen.com/Property/mpchs_multi_gardens_mpchs_-_block_c_8_marla_brand_new_luxury_house_for_sale_in_multi_garden_b_17_islamabad-52725931-3118-1.html,House,PKR3.5 Crore,6,8 Marla,For Sale,4,4 weeks ago,"B-17, Islamabad, Islamabad Capital",Size: 30*60 Double Story Double Unit Brand New House Good Location 4 Bedrooms 6 Bathroom 2 Drawing Room 2 TV Launge 2 Kitchen 1 Servant Quarter Washing Area Powder Room Store Room 2 Car Porch Space Water Boring Gas Pipe Line Sewerage Electricity 24 Hours Walking Distance From Masque Main Commercial Market Park School Football Ground Cricket Ground Zoo Very Reasonable Price Demand. 3.50 Cr For More Information Contact:,"Built in year: 2025, Parking Spaces: 2, Double Glazed Windows, Central Air Conditioning, Central Heating, Flooring, Electricity Backup, Floors: 2","Bedrooms: 4, Bathrooms: 6, Servant Quarters: 1, Drawing Room, Dining Room, Kitchens: 2, Study Room, Prayer Room, Powder Room, Gym, Store Rooms: 1, Steam Room, Lounge or Sitting Room, Laundry Room","Broadband Internet Access, Satellite or Cable TV Ready, Intercom","Community Lawn or Garden, Community Swimming Pool, Community Gym, First Aid or Medical Centre, Day Care Centre, Kids Play Area, Barbeque Area, Mosque, Community Centre","Lawn or Garden, Swimming Pool, Sauna, Jacuzzi","Nearby Schools, Nearby Hospitals, Nearby Shopping Malls, Nearby Restaurants, Distance From Airport (kms), Nearby Public Transport Service",,,,
https://www.zameen.com/Property/islamabad_diplomatic_enclave_2_bedrooms_maid_fully_furnished_for_sale_in_diplomatic_enclave_islamabad-53031126-429-1.html,Flat,PKR8.2 Crore,3,10.2 Marla,For Sale,2,2 days ago,"Diplomatic Enclave, Islamabad, Islamabad Capital","Satoon Marketing Offers You a Well Maintained 2 Bedrooms+ maid Fully Furnished Apartment For Rent in Diplomatic Enclave. One of the Most Highly and Secured Community in Islamabad Property Features: 2 Bed Fully Furnished Apartment Location: Diplomatic Enclave, Islamabad Size: 2000 Square Feet Demand: 8.5 crore Reserved Car Parking Rower Backup Generator 24/7 CCTV Monitoring Restaurant Lobby Play Area for Kids Separate Elevators for Every Block Internet box Installed Maintenance Staff Available 24/7 At Satoon Marketing, whether you are a property owner, tenant or buyer, we value your business and will provide you with the individual attention and service you deserve. We believe in a strict Code of Ethics. We believe in integrity, commitment to excellence, a professional attitude, and personalized care. For Inquiry and Viewing, Please don't hesitate to call us anytime. Our Team is ready to assist you at any of your convenient time.","Built in year: 2018, Parking Spaces: 1, Lobby in Building, Double Glazed Windows, Central Air Conditioning, Central Heating, Flooring, Electricity Backup, Waste Disposal, Floor: 10, Floors in Building: 11, Elevators: 1, Other Main Features, Furnished","Bedrooms: 2, Bathrooms: 3, Servant Quarters: 1, Drawing Room, Dining Room, Kitchens: 1, Study Room, Prayer Room, Powder Room, Store Rooms: 1, Steam Room, Lounge or Sitting Room, Laundry Room, Other Rooms","Broadband Internet Access, Satellite or Cable TV Ready, Business Center or Media Room in Building, Conference Room in Building, Intercom, ATM Machines, Other Business and Communication Facilities","Community Lawn or Garden, Community Swimming Pool, Community Gym, First Aid or Medical Centre, Day Care Centre, Kids Play Area, Barbeque Area, Mosque, Community Centre, Other Community Facilities",Jacuzzi,"Nearby Schools, Nearby Hospitals, Nearby Shopping Malls, Nearby Restaurants, Distance From Airport (kms), Nearby Public Transport Service, Other Nearby Places","Maintenance Staff, Security Staff, Facilities for Disabled, Other Facilities",,,
https://www.zameen.com/Property/mpchs_multi_gardens_mpchs_-_block_b_14_marla_triple_story_double_unit_house_for_sale_in_b-17_b_block_walking_distance_to_markaz_mosque_market-52777330-3117-1.html,House,PKR7.8 Crore,6,14 Marla,For Sale,9,4 weeks ago,"B-17, Islamabad, Islamabad Capital",This beautifully constructed 14 Marla double unit house Triple Story Brand New Top location near Gate#1 60 feet street sun face Solar penal with green meter water boring gas walking distance from school masque main commercial market park For more information about any type of houses contact us,"Built in year: 2025, Parking Spaces: 3, Double Glazed Windows, Central Air Conditioning, Central Heating, Flooring, Electricity Backup, Waste Disposal, Floors: 3, Other Main Features","Bedrooms: 6, Bathrooms: 6, Servant Quarters: 1, Drawing Room, Dining Room, Kitchens: 3, Study Room, Prayer Room, Powder Room, Gym, Store Rooms: 1, Steam Room, Lounge or Sitting Room, Laundry Room, Other Rooms","Broadband Internet Access, Satellite or Cable TV Ready, Intercom, Other Business and Communication Facilities","Community Lawn or Garden, Community Swimming Pool, Community Gym, First Aid or Medical Centre, Day Care Centre, Kids Play Area, Barbeque Area, Mosque, Community Centre, Other Community Facilities","Lawn or Garden, Swimming Pool, Sauna, Jacuzzi, Other Healthcare and Recreation Facilities","Nearby Schools, Nearby Hospitals, Nearby Shopping Malls, Nearby Restaurants, Distance From Airport (kms), Nearby Public Transport Service, Other Nearby Places","Maintenance Staff, Security Staff, Facilities for Disabled, Other Facilities",,,
https://www.zameen.com/Property/mpchs_multi_gardens_mpchs_-_block_a_325_square_feet_studio_flat_for_sale_in_multi_garden_b-17-52731328-3116-1.html,Flat,PKR37.5 Lakh,1,1.4 Marla,For Sale,-,4 weeks ago,"B-17, Islamabad, Islamabad Capital",Block A Gate Two 325 square feet good location 1st floor water no issue electricity multi transfer double road Facing Studio Apartment Demand. 3750000 lac For more information contact:,"Built in year: 2023, Parking Spaces: 1, Lobby in Building, Double Glazed Windows, Central Air Conditioning, Central Heating, Flooring, Electricity Backup, Waste Disposal, Floor: 7, Floors in Building: 9, Elevators: 4, Service Elevators in Building, Other Main Features, Furnished","Bedrooms: 1, Bathrooms: 1, Servant Quarters: 1, Drawing Room, Dining Room, Kitchens: 1, Study Room, Prayer Room, Powder Room, Store Rooms: 1, Lounge or Sitting Room, Laundry Room, Other Rooms","Broadband Internet Access, Satellite or Cable TV Ready, Business Center or Media Room in Building, Conference Room in Building, Intercom, ATM Machines, Other Business and Communication Facilities","Community Lawn or Garden, Community Swimming Pool, Community Gym, First Aid or Medical Centre, Day Care Centre, Kids Play Area, Barbeque Area, Mosque, Community Centre, Other Community Facilities","Sauna, Jacuzzi, Other Healthcare and Recreation Facilities","Nearby Schools, Nearby Hospitals, Nearby Shopping Malls, Nearby Restaurants, Distance From Airport (kms), Nearby Public Transport Service, Other Nearby Places","Maintenance Staff, Security Staff, Facilities for Disabled, Other Facilities",,,
https://www.zameen.com/Property/f_8_the_centaurus_2_bed_corner_fully_furnished_luxury_apartment_available_for_sale-52936535-8349-1.html,Flat,PKR11 Crore,2,10 Marla,For Sale,2,4 weeks ago,"F-8, Islamabad, Islamabad Capital","2 Bed Corner Fully Furnished. Luxury Apartment Available For Sale. On 17th Floor. With Separate Maid Room. Margalla View. Rental Value: Rs 475,000. Best Opportunity. Interested People Can Contact Easily.","Parking Spaces, Lobby in Building, Double Glazed Windows, Flooring, Waste Disposal, Floor, Other Main Features","Bedrooms: 2, Bathrooms: 2, Drawing Room, Dining Room, Kitchens: 1, Lounge or Sitting Room","Broadband Internet Access, Satellite or Cable TV Ready, Business Center or Media Room in Building, Conference Room in Building, ATM Machines, Other Business and Communication Facilities","Community Lawn or Garden, Community Swimming Pool, Community Gym, First Aid or Medical Centre, Day Care Centre, Kids Play Area, Barbeque Area, Mosque, Community Centre, Other Community Facilities",Other Healthcare and Recreation Facilities,"Nearby Schools, Nearby Hospitals, Nearby Shopping Malls, Nearby Restaurants, Distance From Airport (kms), Nearby Public Transport Service, Other Nearby Places",,,,
https://www.zameen.com/Property/mpchs_multi_gardens_mpchs_-_block_c_2_bed_luxury_apartment_available_for_sale_in_block_c_4th_floor_multi_gardens_mpchs_b-17_islamabad-53060616-3118-1.html,Flat,PKR65 Lakh,2,4 Marla,For Sale,2,4 weeks ago,"B-17, Islamabad, Islamabad Capital","2 Bed Luxury Apartment Available. For Sale in Block C. 4th Floor. Multi Gardens MPCHS B-17 Islamabad. Qurtaba School Markaz. Apartment Size 900 Sq Ft. 2 Bedrooms. 2 Baths. 1 Kitchen. Car Parking. Electricity , Water Available. Interested People Can Contact Easily.","Built in year, Parking Spaces, Double Glazed Windows, Central Air Conditioning, Central Heating, Flooring, Electricity Backup, Waste Disposal, Other Main Features, Furnished","Bedrooms: 2, Bathrooms: 2, Servant Quarters, Drawing Room, Dining Room, Kitchens, Study Room, Prayer Room, Powder Room, Gym, Store Rooms, Steam Room, Lounge or Sitting Room, Laundry Room, Other Rooms","Broadband Internet Access, Satellite or Cable TV Ready, Business Center or Media Room in Building, Conference Room in Building, Intercom, ATM Machines, Other Business and Communication Facilities","Community Lawn or Garden, Community Swimming Pool, Community Gym, First Aid or Medical Centre, Day Care Centre, Kids Play Area, Barbeque Area, Mosque, Community Centre, Other Community Facilities","Sauna, Jacuzzi, Other Healthcare and Recreation Facilities","Nearby Schools, Nearby Hospitals, Nearby Shopping Malls, Nearby Restaurants, Distance From Airport (kms), Nearby Public Transport Service, Other Nearby Places","Maintenance Staff, Security Staff, Facilities for Disabled, Other Facilities",,,
https://www.zameen.com/Property/islamabad_f-8_f-8_margalla_facing_prime_location_old_house_available_for_sale-53128992-166-1.html,House,PKR42 Crore,6,2.1 Kanal,For Sale,5,1 month ago,"F-8, Islamabad, Islamabad Capital",F-8 Margalla facing prime location old house available for sale . Plot size : 1066 Dimension : 80/120 CDA transfer Demand : 42 cr pictures are only for Refrence.,"Built in year: 1898, Parking Spaces: 8, Double Glazed Windows, Central Air Conditioning, Central Heating, Flooring, Waste Disposal, Floors: 2","Bedrooms: 5, Bathrooms: 6, Servant Quarters: 2, Drawing Room, Dining Room, Kitchens: 1, Powder Room, Store Rooms: 1, Lounge or Sitting Room, Laundry Room","Broadband Internet Access, Satellite or Cable TV Ready, Intercom","Community Lawn or Garden, Community Swimming Pool, Community Gym, First Aid or Medical Centre, Day Care Centre, Kids Play Area, Barbeque Area, Mosque, Community Centre","Lawn or Garden, Swimming Pool, Sauna, Jacuzzi","Nearby Schools, Nearby Hospitals, Nearby Shopping Malls, Nearby Restaurants, Distance From Airport (kms), Nearby Public Transport Service","Maintenance Staff, Security Staff, Facilities for Disabled",,,
https://www.zameen.com/Property/islamabad_f-8_f-8_margalla_facing_prime_location_liveable_house_available_for_sale-53128915-166-1.html,House,PKR50 Crore,6,2.5 Kanal,For Sale,6,1 month ago,"F-8, Islamabad, Islamabad Capital",F-8 Margalla facing prime location liveable house available for sale . Plot size : 1244 Dimension : 80/140 CDA transfer Demand : 50 cr Pictures are only for Refrence.,"Built in year: 2000, Parking Spaces: 8, Double Glazed Windows, Central Air Conditioning, Central Heating, Flooring, Waste Disposal, Floors: 2","Bedrooms: 6, Bathrooms: 7, Servant Quarters: 2, Drawing Room, Dining Room, Kitchens: 2, Powder Room, Store Rooms: 1, Lounge or Sitting Room, Laundry Room","Broadband Internet Access, Satellite or Cable TV Ready, Intercom","Community Lawn or Garden, Community Swimming Pool, Community Gym, First Aid or Medical Centre, Day Care Centre, Kids Play Area, Barbeque Area, Mosque, Community Centre","Lawn or Garden, Swimming Pool, Sauna, Jacuzzi","Nearby Schools, Nearby Hospitals, Nearby Shopping Malls, Nearby Restaurants, Distance From Airport (kms), Nearby Public Transport Service","Maintenance Staff, Security Staff, Facilities for Disabled",,,
https://www.zameen.com/Property/b_17_capital_square_corner_zoo_face_capital_square_prime_location_furnished_apartment_reasonable_price_in_mpchs_b-17-53312717-11252-1.html,Flat,PKR1.55 Crore,3,7.6 Marla,For Sale,3,1 month ago,"B-17, Islamabad, Islamabad Capital",Corner 3bhk Zoo face 3 bedrooms 3 bathrooms Drawing & Dining For more detils call or what's app,"Built in year: 2020, Parking Spaces: 2, Lobby in Building, Double Glazed Windows, Central Air Conditioning, Central Heating, Flooring, Electricity Backup, Waste Disposal, Floor: 17, Floors in Building: 4, Elevators: 4, Service Elevators in Building, Other Main Features, Furnished","Bedrooms: 3, Bathrooms: 3, Servant Quarters, Drawing Room, Dining Room, Kitchens: 1, Study Room, Prayer Room, Powder Room, Gym, Store Rooms, Steam Room, Lounge or Sitting Room, Laundry Room, Other Rooms","Broadband Internet Access, Satellite or Cable TV Ready, Business Center or Media Room in Building, Conference Room in Building, Intercom, ATM Machines, Other Business and Communication Facilities","Community Lawn or Garden, Community Swimming Pool, Community Gym, First Aid or Medical Centre, Day Care Centre, Kids Play Area, Barbeque Area, Mosque, Community Centre, Other Community Facilities","Sauna, Jacuzzi, Other Healthcare and Recreation Facilities","Nearby Schools, Nearby Hospitals, Nearby Shopping Malls, Nearby Restaurants, Distance From Airport (kms), Nearby Public Transport Service, Other Nearby Places","Maintenance Staff, Security Staff, Laundry or Dry Cleaning Facility, Facilities for Disabled, Other Facilities",,,
https://www.zameen.com/Property/mpchs_multi_gardens_mpchs_-_block_f_modern_design_reasonable_price-53252745-8527-1.html,House,PKR2.15 Crore,5,5 Marla,For Sale,4,2 months ago,"B-17, Islamabad, Islamabad Capital",5 Marla Modern Design House available for sale in B17 Multigarden Housing Society Islamabad Double unit plz only Jeniune buyers may contact y call,"Built in year: 2025, Parking Spaces: 10, Double Glazed Windows, Central Air Conditioning, Central Heating, Flooring, Electricity Backup, Waste Disposal",,,,,"Nearby Schools, Nearby Hospitals, Nearby Shopping Malls, Nearby Restaurants, Distance From Airport (kms), Nearby Public Transport Service, Other Nearby Places","Security Staff, Other Facilities",,,
https://www.zameen.com/Property/ghauri_town_ghauri_town_phase_5b_6_marla_dubal_2_5_story_demand_2_20_final_2_cror_electricity_water_boring_registery_intiqal_file_30_foot_gali_hy_tahir_khan_03115850472-53167641-16419-1.html,House,PKR2 Crore,7,6 Marla,For Sale,7,2 days ago,"Ghauri Town, Islamabad, Islamabad Capital",RAJA Property Tahir Khan Demand 2.20 Final 2 Cror 5 Bedroom 2 Drink Room 7 Bathroom 2 Kitchen 2 TV Long BIG Car Porch Electricity Water Boring,"Built in year: 2023, Parking Spaces: 10, Double Glazed Windows, Central Air Conditioning, Central Heating, Flooring, Electricity Backup, Waste Disposal, Other Main Features","Servant Quarters: 1, Other Rooms","Broadband Internet Access, Satellite or Cable TV Ready, Intercom, Other Business and Communication Facilities","Community Lawn or Garden, Community Swimming Pool, Community Gym, First Aid or Medical Centre, Day Care Centre, Kids Play Area, Barbeque Area, Mosque, Community Centre, Other Community Facilities","Lawn or Garden, Other Healthcare and Recreation Facilities","Nearby Schools, Nearby Hospitals, Nearby Shopping Malls, Nearby Restaurants, Distance From Airport (kms), Nearby Public Transport Service, Other Nearby Places","Maintenance Staff, Security Staff, Facilities for Disabled, Other Facilities",,,
https://www.zameen.com/Property/islamabad_d-12_in_d_12_1_kanal_triple_story_house_is_available_for_sale_at_very_prime_location-53180153-160-1.html,House,PKR18 Crore,6,1 Kanal,For Sale,9,3 days ago,"D-12, Islamabad, Islamabad Capital","In D-12, Designer Triple Story House is available for Sale Size: 5090 (01 Kanal) Property Features: . 3 Bedrooms on Each Floor + Drawing/Dining + Tv Lounge + Kitchen + Dirty Kitchen + Store Room + Power Room Mumty: Wide Bedroom constructed as a proper Bedroom with attached Kitchen Additional Highlights: Total: 09 Bedrooms with attached Washrooms (03 on each floor) Modern & beautiful elevation with top-quality fittings & fixtures Separate huge water tanks for each floor + central main tank Solid, A++ quality construction by owner (owner built & occupied) Demand: Rs. 18 Crore Only Professional Real Estate Consultancy Services by Falcon Real Estate""* Falcon Real Estate having it's Office at D-12 Markaz is a highly professional setup with it's CEO Air Cdre Syed Abdullah (R). Having decate old experience to it's Credit, we are providing professional Consultancy Services to the Clients in the Field of Real Estate. By ensuring Fair Deals only, a large number of Clients have benifited from our Services by Selling / buying Plots, Houses, Appartment, shops etc. "" *We believe that best marketing is done by the existing Clients"". * We look forward to build up mutually beneficial relationship. Pls feel free to contact us at the time of ur convenience.","Parking Spaces: 3, Flooring, Waste Disposal, Floors: 3","Bedrooms: 9, Bathrooms: 9, Servant Quarters: 2, Drawing Room, Dining Room, Kitchens: 3, Study Room, Prayer Room, Powder Room, Gym, Store Rooms: 1, Lounge or Sitting Room, Laundry Room","Broadband Internet Access, Satellite or Cable TV Ready, Intercom","Community Lawn or Garden, Community Swimming Pool, Community Gym, First Aid or Medical Centre, Day Care Centre, Kids Play Area, Barbeque Area, Mosque, Community Centre","Lawn or Garden, Swimming Pool, Sauna, Jacuzzi","Nearby Schools, Nearby Hospitals, Nearby Shopping Malls, Nearby Restaurants, Distance From Airport (kms), Nearby Public Transport Service, Other Nearby Places","Maintenance Staff, Security Staff, Facilities for Disabled",,,
https://www.zameen.com/Property/h_12_meher_apartments_3_bed_apartment_in_h-13_mehr_apartment_first_floor-53297752-11052-1.html,Flat,PKR1.3 Crore,3,6.7 Marla,For Sale,3,2 months ago,"H-12, Islamabad, Islamabad Capital",3 bed attach bath tv lounge kitchen drawing dining First floor size 1500 Size mehr Apartment residential building under ground car parking for more information plz contact us,,,,,,,,,,
https://www.zameen.com/Property/e_11_madina_tower_one_bed_apartment_madina_tower_e-11_near_to_f-11-53297739-11138-1.html,Flat,PKR1.25 Crore,1,4.4 Marla,For Sale,1,5 days ago,"E-11, Islamabad, Islamabad Capital",one bed attach bath tv lounge kitchen open view 10 floor f-11 facing for more information plz contact us,"Built in year, Parking Spaces, Double Glazed Windows, Central Air Conditioning, Central Heating, Flooring, Electricity Backup, Other Main Features",,,,,"Nearby Schools, Nearby Hospitals, Nearby Shopping Malls, Nearby Restaurants, Distance From Airport (kms), Nearby Public Transport Service, Other Nearby Places",,,,
https://www.zameen.com/Property/mpchs_multi_gardens_mpchs_-_block_f_dream_home_made_easy_4_cr-4_10cr_your_design_20_lacs_less_6-12_months-53296908-8527-1.html,House,PKR3.8 Crore,4,10 Marla,For Sale,5,3 weeks ago,"B-17, Islamabad, Islamabad Capital","House Features: 5 Bedrooms with attached Washrooms. 2 TV Lounge. 1 Drawing Room 2 Kitchens 1 Powder Room. Pehli baat Aap 20 lacs tak SAVE kar sakte hain. Sochiye, yeh paisay aap apne ghar ki furnishing mein laga sakte hain, apne bacchon ki education mein invest kar sakte hain, ya phir apni family ke liye kuch aur planning kar sakte hain. Doosri baat Yeh ghar AAPKI marzi ka banega. Aap chahte hain ke drawing room bara ho? Ho jayega. Aap chahte hain ke kitchen modern style ka ho? Bilkul. Aap chahte hain ke bedrooms zyada hain? Koi masla nahi. Har cheez aapki zaroorat aur aapki family ke mutabiq design hogi. Teesri baat Payment ka tension nahi. 6 to 12 mahine ki easy installments. Matlab aapko ek saath bhari amount nahi deni. Aap apni salary se, apne business se, aaram se payment manage kar sakte hain. Chauthi baat Land ki price bhi included haiMatlab aapko alag se plot dhundne ki zaroorat nahi, alag se negotiations ki tension nahi. Sab kuch ek package mein.","Built in year: 2025, Parking Spaces: 1, Double Glazed Windows, Central Air Conditioning, Central Heating, Flooring, Electricity Backup, Waste Disposal, Floors: 2, Other Main Features, Furnished","Bedrooms: 4, Bathrooms: 4, Servant Quarters: 1, Drawing Room, Dining Room, Kitchens: 2, Study Room, Prayer Room, Powder Room, Gym, Store Rooms: 1, Steam Room, Lounge or Sitting Room, Laundry Room, Other Rooms","Broadband Internet Access, Satellite or Cable TV Ready, Intercom, Other Business and Communication Facilities","Community Lawn or Garden, Community Swimming Pool, Community Gym, First Aid or Medical Centre, Day Care Centre, Kids Play Area, Barbeque Area, Mosque, Community Centre, Other Community Facilities","Lawn or Garden, Swimming Pool, Sauna, Jacuzzi","Nearby Schools, Nearby Hospitals, Nearby Shopping Malls, Nearby Restaurants, Distance From Airport (kms), Nearby Public Transport Service, Other Nearby Places","Maintenance Staff, Security Staff, Facilities for Disabled, Other Facilities",PKR1.75 Crore,PKR25.63 Lakh,8 Months
https://www.zameen.com/Property/i_16_i-16_2_5_marla_double_story_house_for_sale_in_i-16_2-53191175-3436-1.html,House,PKR2.5 Crore,4,5.6 Marla,For Sale,4,2 days ago,"I-16, Islamabad, Islamabad Capital",5 Marla Double Story House for Sale in I-16/2,Waste Disposal,"Bedrooms: 5, Bathrooms: 4, Drawing Room, Dining Room, Kitchens: 2, Lounge or Sitting Room, Laundry Room","Broadband Internet Access, Satellite or Cable TV Ready, Intercom","Community Lawn or Garden, Community Swimming Pool, Community Gym, First Aid or Medical Centre, Day Care Centre, Kids Play Area, Barbeque Area, Mosque, Community Centre",,"Nearby Schools, Nearby Hospitals, Nearby Shopping Malls, Nearby Restaurants, Nearby Public Transport Service, Other Nearby Places",,,,
https://www.zameen.com/Property/e_11_e-11_1_spacious_200_sq_yd_house_for_sale_in_e-11_1_islamabad_solar_panel_installed_demand_rs_6_crore-53325210-3230-1.html,House,PKR6 Crore,5,8 Marla,For Sale,5,3 days ago,"E-11, Islamabad, Islamabad Capital","Property Highlights: 200 Sq. Yd spacious house located in the prime sector E-11/1, Islamabad 5 well-designed bedrooms with attached bathrooms 2 modern kitchens with high-quality fittings Ample car parking space and wide street access Beautiful lawn and open area for family gatherings Water, electricity, and gas available Near main mosque, schools, markets & healthcare centers Easy access to Margalla Road and major city routes.","Built in year: 2025, Parking Spaces, Double Glazed Windows, Central Air Conditioning, Central Heating, Flooring, Electricity Backup, Waste Disposal, Floors: 2","Bedrooms: 5, Bathrooms: 5, Servant Quarters: 1, Drawing Room, Dining Room, Kitchens: 2, Study Room, Prayer Room, Powder Room, Gym, Store Rooms: 1, Steam Room, Lounge or Sitting Room, Laundry Room","Broadband Internet Access, Satellite or Cable TV Ready, Intercom","Community Lawn or Garden, Community Swimming Pool, Community Gym, First Aid or Medical Centre, Day Care Centre, Kids Play Area, Barbeque Area, Mosque, Community Centre","Lawn or Garden, Swimming Pool, Sauna, Jacuzzi","Nearby Schools, Nearby Hospitals, Nearby Shopping Malls, Nearby Restaurants, Distance From Airport (kms), Nearby Public Transport Service, Other Nearby Places","Maintenance Staff, Security Staff, Facilities for Disabled, Other Facilities",,,
https://www.zameen.com/Property/dha_defence_dha_defence_phase_2_elegant_elevated_furnished_brand_new_house_for_sale-52701424-339-1.html,House,PKR11.8 Crore,-,1 Kanal,For Sale,5,2 weeks ago,"DHA Defence, Islamabad, Islamabad Capital",One Of A Kind Peace Of Land For Sale In Dha Phase 2 Its A Beautiful Practically Designed Bungalow Available For Sale In Dha Islamabad Phase 2 Fully Furnished Just Buy And Live Complete Ac Installed Related To House House Is Fully Furnished Front Open To Park 5 Bedrooms Furnished With Inter Wood Furniture Beautiful Huge Lounges With A Complete Sofa Sets Drawing Dining Furnished With Table And Sofa Sets Ac Installed 4 Kitchens With All Basic Amenities 3 Car Parking Porch Huge Maintained Lawn Front Open To Park Very Close To Close Vicinity Very Near To Giga Mall And Had A Landmark Location For Further Details And Visit Please Call,"Built in year: 2025, Parking Spaces: 3, Double Glazed Windows, Flooring, Electricity Backup, Waste Disposal, Floors: 2, Other Main Features, Furnished","Bedrooms: 05, Bathrooms: 07, Servant Quarters: 2, Drawing Room, Dining Room, Kitchens: 04, Study Room, Prayer Room, Powder Room, Gym, Store Rooms: 1, Steam Room, Lounge or Sitting Room, Laundry Room, Other Rooms","Broadband Internet Access, Satellite or Cable TV Ready, Intercom, Other Business and Communication Facilities","Community Lawn or Garden, Community Swimming Pool, Community Gym, First Aid or Medical Centre, Day Care Centre, Kids Play Area, Barbeque Area, Other Community Facilities","Lawn or Garden, Swimming Pool, Sauna, Jacuzzi, Other Healthcare and Recreation Facilities","Nearby Schools, Nearby Hospitals, Nearby Shopping Malls, Nearby Restaurants, Distance From Airport (kms), Nearby Public Transport Service, Other Nearby Places","Maintenance Staff, Security Staff, Facilities for Disabled, Other Facilities",,,
https://www.zameen.com/Property/islamabad_b-17_5_marla_designer_house_for_sale_in_multi_gardens_mpchs_b-17_block_f_islamabad-52575835-616-1.html,House,PKR2.05 Crore,4,5 Marla,For Sale,4,3 weeks ago,"B-17, Islamabad, Islamabad Capital","WE HAVE VERY LIMITED SLOTS AVAILABLE TOO BOOK FOR COMPLETE DETAILS: CALL US. WE WILL TELL YOU HOW ITS WORK HOW YOU CAN HAVE A BEAUTIFULLY DESIGNED HOUSE SPECIFICALLY ACCORDING TO TO YOUR NEEDS Your Dream Home Awaits, Built & Ready in Just 5 Months! Exclusive Plots in Prestigious B-17 Claim Yours Today & Transform Dreams into Reality! 3 Simple Steps to Construct your DREAM HOME: 1 Choose Your Plot Choose from prime plots in B-17s sought-after communitywhere luxury meets convenience. Act fast; exclusive locations are selling out! 2 Design With our Architects and Engineers Design Freedom, Expertly Guided Collaborate with award-winning architects to craft a home thats uniquely yours. From modern minimalism to timeless elegance your vision, our expertise. 3 Move In Faster Than You Think No delays, no stress. Our fast-track construction team guarantees your keys in just 5 months! Quality craftsmanship, on time, every time. Why Wait? Stress-free process from start to finish FREE 3D design consultation Rs,150,000 10-year structural warranty for peace of mind Limited-Time Offer: WE HAVE VERY LIMITED SLOTS AVAILABLE TO BOOK","Built in year: 2020, Parking Spaces: 4, Double Glazed Windows, Central Air Conditioning, Central Heating, Flooring, Electricity Backup, Waste Disposal","Bedrooms: 3, Bathrooms: 4, Servant Quarters: 1, Drawing Room, Dining Room, Kitchens: 2, Study Room, Prayer Room, Powder Room, Gym, Store Rooms: 1, Steam Room, Lounge or Sitting Room, Laundry Room, Other Rooms","Broadband Internet Access, Satellite or Cable TV Ready, Intercom, Other Business and Communication Facilities","Community Lawn or Garden, Community Swimming Pool, Community Gym, First Aid or Medical Centre, Day Care Centre, Kids Play Area, Barbeque Area, Mosque, Community Centre, Other Community Facilities","Lawn or Garden, Swimming Pool, Sauna, Jacuzzi, Other Healthcare and Recreation Facilities","Nearby Schools, Nearby Hospitals, Nearby Shopping Malls, Nearby Restaurants, Distance From Airport (kms), Nearby Public Transport Service, Other Nearby Places","Maintenance Staff, Security Staff, Facilities for Disabled, Other Facilities",PKR85 Lakh,PKR20 Lakh,6 Months
https://www.zameen.com/Property/bahria_town_bahria_enclave_10_marla_brand_new_house_for_sale-52565565-1705-1.html,House,PKR5.5 Crore,6,10 Marla,For Sale,5,3 weeks ago,"Bahria Town, Islamabad, Islamabad Capital",5 BEDROOMS WITH ATTACHED BATH 2 KITCHEN DRAWING DINING TV LOUNGE ON EACH FLOOR SERVANT QUARTER SOLID WOOD WORK A PLUS CONSTRUCTION QUALITY BEAUTIFUL LOCATION,"Built in year: 2025, Parking Spaces: 2, Double Glazed Windows, Central Air Conditioning, Central Heating, Flooring, Waste Disposal, Floors: 2","Bedrooms: 5, Bathrooms: 6, Servant Quarters: 1, Drawing Room, Dining Room, Kitchens: 2, Study Room, Prayer Room, Powder Room, Store Rooms: 1, Steam Room, Lounge or Sitting Room, Laundry Room","Broadband Internet Access, Satellite or Cable TV Ready, Intercom","Community Lawn or Garden, Community Swimming Pool, Community Gym, First Aid or Medical Centre, Day Care Centre, Kids Play Area, Barbeque Area, Mosque","Lawn or Garden, Swimming Pool, Sauna, Jacuzzi","Nearby Schools, Nearby Hospitals, Nearby Shopping Malls, Nearby Restaurants, Distance From Airport (kms), Nearby Public Transport Service, Other Nearby Places","Maintenance Staff, Security Staff, Facilities for Disabled, Other Facilities",,,
https://www.zameen.com/Property/cbr_town_cbr_town_phase_1_beautiful_modern_elevation_house_for_sale-52490703-3147-1.html,House,PKR3.85 Crore,5,8 Marla,For Sale,4,6 days ago,"CBR Town, Islamabad, Islamabad Capital","Beautiful Designer House For Sale in CBR Town Phase 1 Islamabad Modern Elevation A Grade Construction work Reasonable Demand Furthermore Negotiations 4 Bedrooms attached Bathroom Double Drawing Room Double TVL Double Kitchen 2 Vehicles Car Porch 2 Independent Portions Sui Gas Meter, Electricity Meter Installed Behtreen Water Supply Contact us for more information View Contact Detail View Contact Detail","Built in year: 2025, Parking Spaces: 2, Double Glazed Windows, Central Air Conditioning, Central Heating, Flooring, Electricity Backup, Waste Disposal, Floors: 2, Other Main Features, Furnished","Bedrooms: 4, Bathrooms: 5, Drawing Room, Dining Room, Kitchens: 2, Study Room, Prayer Room, Powder Room, Gym, Store Rooms, Steam Room, Lounge or Sitting Room, Laundry Room, Other Rooms","Broadband Internet Access, Satellite or Cable TV Ready, Intercom, Other Business and Communication Facilities","Community Lawn or Garden, Community Swimming Pool, Community Gym, First Aid or Medical Centre, Day Care Centre, Kids Play Area, Barbeque Area, Mosque, Community Centre, Other Community Facilities","Lawn or Garden, Swimming Pool, Sauna, Jacuzzi, Other Healthcare and Recreation Facilities","Nearby Schools, Nearby Hospitals, Nearby Shopping Malls, Nearby Restaurants, Distance From Airport (kms), Nearby Public Transport Service, Other Nearby Places","Maintenance Staff, Security Staff, Facilities for Disabled, Other Facilities",,,
https://www.zameen.com/Property/islamabad_pwd_housing_scheme_brand_new_beautiful_house_for_sale-52537828-424-1.html,House,PKR2.85 Crore,5,5 Marla,For Sale,4,6 days ago,"PWD Housing Scheme, Islamabad, Islamabad Capital","Brand New 5 Marla Beautiful House For Sale In P. W. D. Housing Society Lohi Blair Islamabad. 4 Bedrooms, 5 Bathrooms, Double TVL, Double DD, Double Kitchen, Complete 2 Independent Portions almost 60 to 80 thousand rental value Demand 2 Karor 85 Lac","Built in year: 2025, Parking Spaces: 2, Double Glazed Windows, Flooring, Electricity Backup, Waste Disposal, Floors: 2","Bedrooms: 4, Bathrooms: 5, Drawing Room, Dining Room, Kitchens: 2, Powder Room, Lounge or Sitting Room, Laundry Room","Broadband Internet Access, Satellite or Cable TV Ready","Community Lawn or Garden, Community Swimming Pool, Community Gym, First Aid or Medical Centre, Day Care Centre, Kids Play Area, Barbeque Area, Mosque, Community Centre",Other Healthcare and Recreation Facilities,"Nearby Schools, Nearby Hospitals, Nearby Shopping Malls, Nearby Restaurants, Distance From Airport (kms), Nearby Public Transport Service, Other Nearby Places","Maintenance Staff, Security Staff, Facilities for Disabled, Other Facilities",,,
https://www.zameen.com/Property/islamabad_g-13_g-13_brand_new_35x70_architect_design_owner_build_double_storey_house_prime_location_complete_6_master_bed_drawing_dining_two_tv_lounge_two_american_style_huge_kitchen_sqtr_reasonable_price-53223889-330-1.html,House,PKR8.75 Crore,7,10.9 Marla,For Sale,7,1 week ago,"G-13, Islamabad, Islamabad Capital",G-13 Brand New 35X70 = 272Yds Architect Design Owner Build Double Story House Prime Location Complete Imported Fitting And Fixtures Construction House 6 Master Bedrooms Attached Stylish Bathrooms Two Drawing Dining Two TV Lounge Two American Style Huge Kitchen Store Servant Quarter HUGE LUSH GREEN LAWN Three Car Parking Spaces Reasonable Price Contact Only Serious Buyers Negotiable Price Contact Al Hafiz Estate F-11 ISLAMABAD,"Built in year: 2025, Parking Spaces: 3, Double Glazed Windows, Central Air Conditioning, Central Heating, Flooring, Electricity Backup, Waste Disposal, Floors: 3, Other Main Features","Bedrooms: 7, Bathrooms: 7, Servant Quarters: 1, Drawing Room, Dining Room, Kitchens: 2, Study Room, Prayer Room, Powder Room, Gym, Store Rooms: 1, Steam Room, Lounge or Sitting Room, Laundry Room, Other Rooms","Broadband Internet Access, Satellite or Cable TV Ready, Intercom, Other Business and Communication Facilities","Community Lawn or Garden, Community Swimming Pool, Community Gym, First Aid or Medical Centre, Day Care Centre, Kids Play Area, Barbeque Area, Mosque, Community Centre, Other Community Facilities","Lawn or Garden, Swimming Pool, Sauna, Jacuzzi, Other Healthcare and Recreation Facilities","Nearby Schools, Nearby Hospitals, Nearby Shopping Malls, Nearby Restaurants, Distance From Airport (kms), Nearby Public Transport Service, Other Nearby Places","Maintenance Staff, Security Staff, Facilities for Disabled, Other Facilities",,,
https://www.zameen.com/Property/dha_defence_phase_5_askari_tower_4_dha_5_tower_4_3bed_apartment_for_sale-53324943-21810-1.html,Flat,PKR3.4 Crore,4,10 Marla,For Sale,3,2 months ago,"DHA Defence, Islamabad, Islamabad Capital",GROUND FLOOR POWDER ROOM STORE SERVANT UNDER GROUND PARKING BEST RENTAL GOOD APPRECIATION CONTACT FOR SALE PURCHASE / RENT IN DHA RWP ISB LHR ASKARI COLONIES,"Parking Spaces: 4, Double Glazed Windows, Flooring, Electricity Backup","Bedrooms: 5, Bathrooms: 6, Servant Quarters: 2, Drawing Room, Dining Room, Kitchens: 2, Store Rooms: 1","Broadband Internet Access, Satellite or Cable TV Ready, Intercom, Other Business and Communication Facilities","Community Lawn or Garden, First Aid or Medical Centre, Day Care Centre, Mosque, Other Community Facilities","Sauna, Jacuzzi, Other Healthcare and Recreation Facilities","Nearby Schools, Nearby Shopping Malls, Nearby Restaurants, Other Nearby Places",,,,
https://www.zameen.com/Property/islamabad_e-11_10_marla_house_for_grabs_in_e-11-53159885-329-1.html,House,PKR7.5 Crore,6,10 Marla,For Sale,6,1 month ago,"E-11, Islamabad, Islamabad Capital",10 Marla House For Slae . E11/4. N. P F Mane Rode Street . Vip Location 6 Bedroom. 6 Bath Room DD With TV Lounge 2 Kitchen. 1 Servant Room. 2 Care Parking. Naz Markz . Margla Rode .,"Built in year: 2021, Parking Spaces: 2, Double Glazed Windows, Central Air Conditioning, Central Heating, Flooring, Electricity Backup, Waste Disposal, Floors: 2, Other Main Features, Furnished","Bedrooms: 6, Bathrooms: 6, Servant Quarters: 1, Drawing Room, Dining Room, Kitchens: 2, Study Room, Prayer Room, Powder Room, Gym, Store Rooms: 1, Steam Room, Lounge or Sitting Room, Laundry Room, Other Rooms","Broadband Internet Access, Satellite or Cable TV Ready, Intercom, Other Business and Communication Facilities","Community Lawn or Garden, Community Swimming Pool, Community Gym, First Aid or Medical Centre, Day Care Centre, Kids Play Area, Barbeque Area, Mosque, Community Centre, Other Community Facilities","Lawn or Garden, Swimming Pool, Sauna, Jacuzzi, Other Healthcare and Recreation Facilities","Nearby Schools, Nearby Hospitals, Nearby Shopping Malls, Nearby Restaurants, Distance From Airport (kms), Nearby Public Transport Service, Other Nearby Places","Maintenance Staff, Security Staff, Facilities for Disabled, Other Facilities",,,
https://www.zameen.com/Property/faisal_town_f_18_faisal_town_phase_1_1_bed_furnished_apartment_available_for_sale_in_faisal_town_f-18_islamabad-51801314-16415-1.html,Flat,PKR75 Lakh,1,2.4 Marla,For Sale,1,6 days ago,"Faisal Town - F-18, Islamabad, Islamabad Capital","1 Bed furnished Apartment Available For Sale. In Faisal Town F-18 Islamabad. Apartment Size 650 Sq Ft. 1 Bedroom 1 Bath TV Lounge. Kitchen. Markaz Facing. Rental Value Rs 55,000. Close to Gate 2. Near to Park. Near to Masjid. Near to Markaz. Faisal Town F-18 is a Good Society for Residence. Because Neat and Clean. 24 Hours Security. All Basic and Necessary Facilities Available. Interested People Can Contact Easily.","Built in year: 2023, Parking Spaces: 1, Lobby in Building, Double Glazed Windows, Central Air Conditioning, Central Heating, Flooring, Waste Disposal, Floor: 3, Floors in Building: 7, Elevators: 1, Furnished","Bedrooms: 1, Bathrooms: 1, Drawing Room, Kitchens: 1, Lounge or Sitting Room, Laundry Room","Broadband Internet Access, Satellite or Cable TV Ready, Business Center or Media Room in Building, Conference Room in Building, ATM Machines","Community Lawn or Garden, Community Gym, First Aid or Medical Centre, Day Care Centre, Kids Play Area, Barbeque Area, Mosque, Community Centre",,"Nearby Schools, Nearby Hospitals, Nearby Shopping Malls, Nearby Restaurants, Distance From Airport (kms), Nearby Public Transport Service, Other Nearby Places",Security Staff,,,
https://www.zameen.com/Property/islamabad_faisal_town_-_f-18_2_bed_furnished_apartment_available_for_sale_in_faisal_town_f-18_islamabad-50681922-8260-1.html,Flat,PKR1.05 Crore,2,4 Marla,For Sale,2,1 week ago,"Faisal Town - F-18, Islamabad, Islamabad Capital",2 bedroom Furnished apartment Available. For Sale in Faisal Town F-18 Islamabad. Flate Size 900sqft. A+ construction 5rd flor Near to masque 2 Bedrooms. 2 Baths. 1 TV lounge 1 Kitchen. Water Available Water Bore. Investor Rate Ideal Location. Reasonable Price. Faisal Town F-18 is a Good Society for Residence. Because Neat and Clean. 24 Hours Security. All Basic and Necessary Facilities Available. Interested People Can Contact Easily.,"Built in year: 2023, Parking Spaces, Lobby in Building, Double Glazed Windows, Central Air Conditioning, Central Heating, Flooring, Electricity Backup, Waste Disposal, Floor: 4, Floors in Building: 6, Elevators: 1, Service Elevators in Building, Other Main Features, Furnished","Bedrooms: 2, Bathrooms: 2, Servant Quarters, Drawing Room, Dining Room, Kitchens: 1, Study Room, Prayer Room, Powder Room, Gym, Store Rooms, Steam Room, Lounge or Sitting Room, Laundry Room, Other Rooms","Broadband Internet Access, Satellite or Cable TV Ready, Business Center or Media Room in Building, Conference Room in Building, Intercom, ATM Machines, Other Business and Communication Facilities","Community Lawn or Garden, Community Swimming Pool, Community Gym, First Aid or Medical Centre, Day Care Centre, Kids Play Area, Barbeque Area, Mosque, Community Centre, Other Community Facilities","Sauna, Jacuzzi, Other Healthcare and Recreation Facilities","Nearby Schools, Nearby Hospitals, Nearby Shopping Malls, Nearby Restaurants, Distance From Airport (kms), Nearby Public Transport Service, Other Nearby Places","Maintenance Staff, Security Staff, Laundry or Dry Cleaning Facility, Communal/Shared Kitchen, Facilities for Disabled, Pets Allowed, Other Facilities",,,
https://www.zameen.com/Property/faisal_town_f_18_faisal_town_phase_1_2_bed_brand_new_apartment_available_for_sale_in_faisal_town_f-18_islamabad-51835825-16415-1.html,Flat,PKR1.5 Crore,3,4.9 Marla,For Sale,2,1 week ago,"Faisal Town - F-18, Islamabad, Islamabad Capital",2 Bed Brand New Apartment Available For Sale. In Faisal Town F-18 Islamabad. Apartment Size 1112 Sq Ft. 2 Bedrooms. 2 Baths. TV Lounge. 1 Dining 1 Drawing Room 1 Kitchen. Double Road Facing. Close To Gate 2. Near To Park. Near To Masjid. Near To Markaz. All Facilities Available. Interested People Can Contact Easily.,"Built in year: 2022, Parking Spaces: 1, Lobby in Building, Double Glazed Windows, Central Air Conditioning, Central Heating, Flooring, Electricity Backup, Waste Disposal, Floor: 3, Floors in Building: 7, Elevators: 1, Service Elevators in Building, Other Main Features, Furnished","Bedrooms: 2, Bathrooms: 3, Servant Quarters: 1, Drawing Room, Dining Room, Kitchens: 1, Study Room, Prayer Room, Powder Room, Gym, Store Rooms: 1, Steam Room, Lounge or Sitting Room, Laundry Room","Broadband Internet Access, Satellite or Cable TV Ready, Business Center or Media Room in Building, Conference Room in Building, Intercom, ATM Machines","Community Lawn or Garden, Community Swimming Pool, Community Gym, First Aid or Medical Centre, Day Care Centre, Kids Play Area, Barbeque Area, Mosque, Community Centre","Sauna, Jacuzzi","Nearby Schools, Nearby Hospitals, Nearby Shopping Malls, Nearby Restaurants, Distance From Airport (kms), Nearby Public Transport Service, Other Nearby Places","Maintenance Staff, Security Staff, Laundry or Dry Cleaning Facility, Communal/Shared Kitchen, Facilities for Disabled, Pets Allowed, Other Facilities",,,
https://www.zameen.com/Property/faisal_town_f_18_faisal_town_phase_1_faisal_town_block_a_2_bedroom_furnished_apartment_available_for_sale_f18_islamabad-51933461-16415-1.html,Flat,PKR1.15 Crore,2,4.5 Marla,For Sale,2,1 week ago,"Faisal Town - F-18, Islamabad, Islamabad Capital",2 BedroomFurnished Appartment Availabl For Sale in Faisal Town F-18 Islamabad. Luxury Appartmant A+ construction Near to masque 2 Bedrooms. 2 Baths. Drawing Dining. Kitchen. Car Parking Space. Water Available Water Bore. Ideal Location. Rental value 75 to 80 Faisal Town F-18 is a Good Society for Residence. Because Neat and Clean. 24 Hours Security. All Basic and Necessary Facilities Available. Interested People Can Contact Easily.,"Built in year: 2023, Parking Spaces: 1, Lobby in Building, Double Glazed Windows, Central Air Conditioning, Central Heating, Flooring, Electricity Backup, Waste Disposal, Floor: 3, Floors in Building: 7, Elevators: 1, Service Elevators in Building, Other Main Features, Furnished","Bedrooms: 2, Bathrooms: 2, Servant Quarters: 1, Drawing Room, Dining Room, Kitchens: 1, Study Room, Prayer Room, Powder Room, Gym, Store Rooms: 1, Steam Room, Lounge or Sitting Room, Laundry Room, Other Rooms","Broadband Internet Access, Satellite or Cable TV Ready, Business Center or Media Room in Building, Conference Room in Building, Intercom, ATM Machines, Other Business and Communication Facilities","Community Lawn or Garden, Community Swimming Pool, Community Gym, First Aid or Medical Centre, Day Care Centre, Kids Play Area, Barbeque Area, Mosque, Community Centre, Other Community Facilities","Sauna, Jacuzzi, Other Healthcare and Recreation Facilities","Nearby Schools, Nearby Hospitals, Nearby Shopping Malls, Nearby Restaurants, Distance From Airport (kms), Nearby Public Transport Service, Other Nearby Places","Maintenance Staff, Security Staff, Facilities for Disabled, Other Facilities",,,
https://www.zameen.com/Property/faisal_town_f_18_faisal_town_phase_1_5_marla_double_unit_ultra_modern_designer_double_heighted_house_available_for_sale_in_faisal_town_f-18_islamabad-53064590-16415-1.html,House,PKR3 Crore,4,5 Marla,For Sale,4,6 days ago,"Faisal Town - F-18, Islamabad, Islamabad Capital","5 Marla Ultra Modren Designer Double Unit House Available. For Sale in Faisal Town F-18 Islamabad. House Size 25x50 Luxury house A+ construction Double Story. Double Unit. Near to masque 4 Bedrooms. 6 Baths. 2 Drawing Dining. 2 Kitchen. 2 Study Rooms. Mumty + Washroom. Car Parking Space. Gas, Water Available Water Bore. Double Unit Ideal Location. Faisal Town F-18 is a Good Society for Residence. Because Neat and Clean. 24 Hours Security. All Basic and Necessary Facilities Available. Interested People Can Contact Easily.","Built in year: 2025, Parking Spaces: 1, Double Glazed Windows, Central Air Conditioning, Central Heating, Flooring, Electricity Backup, Waste Disposal, Floors: 2, Other Main Features","Bedrooms: 4, Bathrooms: 5, Servant Quarters: 1, Drawing Room, Dining Room, Kitchens: 1, Study Room, Prayer Room, Powder Room, Store Rooms: 1, Steam Room, Lounge or Sitting Room, Laundry Room","Broadband Internet Access, Satellite or Cable TV Ready, Intercom, Other Business and Communication Facilities","Community Lawn or Garden, Community Swimming Pool, Community Gym, First Aid or Medical Centre, Day Care Centre, Kids Play Area, Barbeque Area, Mosque, Community Centre, Other Community Facilities","Lawn or Garden, Swimming Pool, Sauna, Jacuzzi, Other Healthcare and Recreation Facilities","Nearby Schools, Nearby Hospitals, Nearby Shopping Malls, Nearby Restaurants, Distance From Airport (kms), Nearby Public Transport Service, Other Nearby Places","Security Staff, Other Facilities",,,
https://www.zameen.com/Property/faisal_town_f_18_faisal_town_phase_1_10_marla_brand_new_semi_furnished_double_unit_house_available_for_sale_in_faisal_town_f-18_islamabad-52523142-16415-1.html,House,PKR6 Crore,6,10 Marla,For Sale,7,6 days ago,"Faisal Town - F-18, Islamabad, Islamabad Capital","10 Marla Brand New Double Unit House Available For Sale in Faisal Town F-18 Islamabad. House Size 35*70. Luxury house A+ construction Double Story. Double Unit. Near to masque 6 Bedrooms. 6 Baths. 2 Drawing Dining. 2 Kitchen. 2 Study Rooms. Mumty + Washroom. Car Parking Space. Gas, Water Available Water Bore. Double Unit Ideal Location. Reasonable Price. Multi Gardens F-18 is a Good Society for residents. Because Neat and Clean. 24 Hours Security. All Basic and Necessary Facilities are Available. Interested People Can Contact Easily.","Built in year: 2025, Parking Spaces: 2, Double Glazed Windows, Central Air Conditioning, Central Heating, Flooring, Waste Disposal, Floors: 2, Other Main Features, Furnished","Bedrooms: 6, Bathrooms: 7, Servant Quarters: 1, Drawing Room, Dining Room, Kitchens: 2, Study Room, Prayer Room, Powder Room, Gym, Store Rooms: 1, Steam Room, Lounge or Sitting Room, Laundry Room, Other Rooms","Broadband Internet Access, Satellite or Cable TV Ready, Intercom, Other Business and Communication Facilities","Community Lawn or Garden, Community Swimming Pool, Community Gym, First Aid or Medical Centre, Day Care Centre, Kids Play Area, Barbeque Area, Mosque, Community Centre, Other Community Facilities","Lawn or Garden, Swimming Pool, Sauna, Other Healthcare and Recreation Facilities","Nearby Schools, Nearby Hospitals, Nearby Shopping Malls, Nearby Restaurants, Distance From Airport (kms), Nearby Public Transport Service, Other Nearby Places","Maintenance Staff, Security Staff, Facilities for Disabled, Other Facilities",,,
https://www.zameen.com/Property/gulberg_greens_gulberg_greens_-_executive_block_farm_house_available_for_sale-51324000-10386-1.html,Farm House,PKR22 Crore,7,5 Kanal,For Sale,11,2 days ago,"Gulberg, Islamabad, Islamabad Capital",Farm house available for sale Gulberg greens Islamabad More options available,"Built in year: 2023, Parking Spaces: 5, Double Glazed Windows, Central Air Conditioning, Central Heating, Flooring, Electricity Backup, Waste Disposal, Floors: 3, Other Main Features, Furnished","Bedrooms: 10, Bathrooms: 13, Servant Quarters: 2, Drawing Room, Dining Room, Kitchens: 4, Study Room, Prayer Room, Powder Room, Gym, Store Rooms: 6, Steam Room, Lounge or Sitting Room, Other Rooms","Broadband Internet Access, Satellite or Cable TV Ready, Intercom",,,,,,,
https://www.zameen.com/Property/islamabad_d-12_brand_new_house_for_sale-52578248-160-1.html,House,PKR5.4 Crore,5,5 Marla,For Sale,4,2 months ago,"D-12, Islamabad, Islamabad Capital",4 Bed Attached Bath Drawing Tv Lounge 2 Kitchen Car Parking Water Bore Servant Room,"Built in year: 2010, Parking Spaces: 10, Double Glazed Windows, Central Air Conditioning, Central Heating, Flooring, Electricity Backup, Waste Disposal, Floors: 2, Other Main Features, Furnished","Bedrooms: 3, Bathrooms: 4, Servant Quarters: 1, Drawing Room, Dining Room, Kitchens: 1, Study Room, Prayer Room, Powder Room, Gym, Store Rooms: 01, Steam Room, Lounge or Sitting Room, Laundry Room, Other Rooms","Broadband Internet Access, Satellite or Cable TV Ready, Intercom, Other Business and Communication Facilities","Community Lawn or Garden, Community Swimming Pool, Community Gym, First Aid or Medical Centre, Day Care Centre, Kids Play Area, Barbeque Area, Mosque, Community Centre","Lawn or Garden, Swimming Pool, Sauna, Jacuzzi, Other Healthcare and Recreation Facilities","Nearby Schools, Nearby Hospitals, Nearby Shopping Malls, Nearby Restaurants, Distance From Airport (kms), Nearby Public Transport Service, Other Nearby Places","Maintenance Staff, Security Staff, Facilities for Disabled, Other Facilities",,,
https://www.zameen.com/Property/mpchs_multi_gardens_mpchs_-_block_c1_designer_10_marla_house_for_sale_in_prime_location_of_b-17_islamabad_brand_new_10_marla_house_with_modern_finishings_ready_to_move_in-52749422-12607-1.html,House,PKR5.7 Crore,6,10 Marla,For Sale,7,4 weeks ago,"B-17, Islamabad, Islamabad Capital","Live in luxury and comfort in one of Islamabads most sought-after locations! This brand new 10 Marla designer house is located in the fully developed C-1 Block of B-17 Multi Gardens. Built with top-quality materials and modern architecture, this house offers everything a family needs to live comfortably. *Luxurious 5 Bedroom Newly Built House for Sale* Step into your dream home! This stunning, newly built 5-bedroom house offers the perfect blend of luxury, comfort, and style. With spacious living areas, beautifully designed interiors, and modern amenities, this property is ideal for families or investors. *Key Features:* - 5 spacious bedrooms with attached bathrooms - 1 Drawing room with attached washroom - 2 Modern kitchen with high-end appliances - 1 Large living and dining areas with natural light - Private garden at the front and green area inside the house - Secure parking and gated community - 10 Kv Solar System - Underground boring with unlimited water supply. - State-of-the-art security system - Close proximity to mosque, schools, shopping centers, and public transport *Perfect for:* - Families looking for a spacious home - Investors seeking rental income - Those wanting a luxurious lifestyle Location Block C1 Sector B17 Multi Gardens Islamabad *Don't miss out!* Contact us today to schedule a viewing and make this incredible house your home.","Built in year: 2025, Parking Spaces: 3, Double Glazed Windows, Central Air Conditioning, Central Heating, Flooring, Electricity Backup, Waste Disposal, Floors: 2, Other Main Features, Furnished","Bedrooms: 7, Bathrooms: 8, Servant Quarters: 1, Drawing Room, Dining Room, Kitchens: 2, Study Room, Prayer Room, Powder Room, Gym, Store Rooms: 1, Steam Room, Lounge or Sitting Room, Laundry Room, Other Rooms","Broadband Internet Access, Satellite or Cable TV Ready, Intercom, Other Business and Communication Facilities","Community Lawn or Garden, Community Swimming Pool, Community Gym, First Aid or Medical Centre, Day Care Centre, Kids Play Area, Barbeque Area, Mosque, Community Centre, Other Community Facilities","Lawn or Garden, Swimming Pool, Sauna, Jacuzzi, Other Healthcare and Recreation Facilities","Nearby Schools, Nearby Hospitals, Nearby Shopping Malls, Nearby Restaurants, Distance From Airport (kms), Nearby Public Transport Service, Other Nearby Places","Maintenance Staff, Security Staff, Facilities for Disabled, Other Facilities",,,
https://www.zameen.com/Property/mpchs_multi_gardens_mpchs_-_block_b_1_kanal_mdr_2nd_to_corner_in_block_b_double_unit_house_available_for_sale_in_multi_gardens_mpchs_b-17_islamabad-53003684-3117-1.html,House,PKR7.95 Crore,7,1 Kanal,For Sale,6,4 weeks ago,"B-17, Islamabad, Islamabad Capital","10 KV Solar System Installed with Green Meter. House Just Use 3-Years. 1 Kanal MDR 2nd to Corner in Block B. Double Unit House. Available For Sale in Multi Gardens. MPCHS B-17 Islamabad. House Size 50*90. Double Unit. 6 Bedrooms. 7 Baths. 2 Drawing Dining. 2 TV Lounge. 2 Kitchens. 2 Car Parking. Servant Quarter with attach Bath. Electricity , Water Available. Interested People Can Contact Easily. Multi Gardens MPCHS B-17 is a Good Sector. For Residence Because Neat and Clean. 24 Hours Security. Schools , Banks , Restaurants , Parks , Zoo all Facilities Available.",,"Bedrooms: 2, Bathrooms: 2, Drawing Room, Dining Room, Kitchens: 1, Store Rooms: 1, Lounge or Sitting Room, Laundry Room","Broadband Internet Access, Satellite or Cable TV Ready, Intercom, Other Business and Communication Facilities","Community Lawn or Garden, Community Swimming Pool, Community Gym, First Aid or Medical Centre, Day Care Centre, Kids Play Area, Barbeque Area, Mosque, Community Centre, Other Community Facilities","Lawn or Garden, Other Healthcare and Recreation Facilities","Nearby Schools, Nearby Hospitals, Nearby Shopping Malls, Nearby Restaurants, Distance From Airport (kms), Nearby Public Transport Service, Other Nearby Places",,,,
https://www.zameen.com/Property/b_17_mpchs_-_multi_gardens_multi_garden_b-17_prime_location_f_block_designer_house_sale-52575844-3115-1.html,House,PKR1.95 Crore,4,5 Marla,For Sale,4,3 weeks ago,"B-17, Islamabad, Islamabad Capital","WE HAVE VERY LIMITED SLOTS AVAILABLE TOO BOOK FOR COMPLETE DETAILS : CALL US. WE WILL TELL YOU HOW ITS WORK HOW YOU CAN HAV A BEAUTIFULLY DESIGNED HOUSE SPECIFICALLY ACCORDING TO YOUR NEEDS Your Dream Home Awaits Built & Ready in Just 5 Months! Exclusive Plots in Prestigious B-17 Claim Yours Today & Transform Dreams into Reality! 3 Simple Steps to Construct your DREAM HOME: 1 Choose Your Plot Choose from prime plots in B-17s sought-after communitywhere luxury meets convenience. Act fast; exclusive locations are selling out! 2 Design With our Architects and Engineers Design Freedom, Expertly Guided Collaborate with award-winning architects to craft a home thats uniquely yours. From modern minimalism to timeless elegance your vision, our expertise. 3 Move In Faster Than You Think No delays, no stress. Our fast-track construction team guarantees your keys in just 5 months! Quality craftsmanship, on time, every time. Why Wait? Stress-free process from start to finish FREE 3D design consultation Rs,150,000 10-year structural warranty for peace of mind Limited-Time Offer: WE HAVE VERY LIMITED SLOTS AVAILABLE TO BOOK","Built in year: 2025, Parking Spaces: 1, Double Glazed Windows, Central Air Conditioning, Central Heating, Flooring, Electricity Backup, Waste Disposal, Floors: 2, Other Main Features, Furnished","Bedrooms: 4, Bathrooms: 4, Servant Quarters: 1, Drawing Room, Dining Room, Kitchens: 2, Study Room, Prayer Room, Powder Room, Gym, Store Rooms: 1, Steam Room, Lounge or Sitting Room, Laundry Room, Other Rooms","Broadband Internet Access, Satellite or Cable TV Ready, Intercom, Other Business and Communication Facilities","Community Lawn or Garden, Community Swimming Pool, Community Gym, First Aid or Medical Centre, Day Care Centre, Kids Play Area, Barbeque Area, Mosque, Community Centre, Other Community Facilities","Lawn or Garden, Swimming Pool, Sauna, Jacuzzi, Other Healthcare and Recreation Facilities","Nearby Schools, Nearby Hospitals, Nearby Shopping Malls, Nearby Restaurants, Distance From Airport (kms), Nearby Public Transport Service, Other Nearby Places","Maintenance Staff, Security Staff, Facilities for Disabled, Other Facilities",PKR75 Lakh,PKR20 Lakh,6 Months
https://www.zameen.com/Property/mpchs_multi_gardens_mpchs_-_block_f_mpchs_b-17_f-block_5_marla_double_storey_brand_new_designer_house-51928227-8527-1.html,House,PKR1.9 Crore,4,5 Marla,For Sale,5,3 weeks ago,"B-17, Islamabad, Islamabad Capital","Designer House Accommodation Details: 4 Master Bedrooms 4 Attached Bathrooms 2 Drawing Rooms 2 Kitchen 2 Living Area With Dinning Area Laundry Space Panoramic View False Ceiling Attractive Designs 1 Servant Room With Bath on Top Floor 1 Store Room 1 Terrace Area 1 Car Porch (To Accommodate At least 2 Cars) Ventilation Spaces for All Accommodations Near to Commercial Area Near to Mosque, Park, School 30-40 ft Wide Road Street Now be the designer of your own house For Further Details The Asset Makers Contact:","Built in year: 2024, Parking Spaces, Double Glazed Windows, Central Air Conditioning, Central Heating, Flooring, Electricity Backup, Waste Disposal, Floors: 2, Other Main Features, Furnished","Bedrooms: 4, Bathrooms: 4, Servant Quarters: 1, Drawing Room, Dining Room, Kitchens: 2, Study Room, Prayer Room, Powder Room, Gym, Store Rooms: 1, Steam Room, Lounge or Sitting Room, Laundry Room, Other Rooms","Broadband Internet Access, Satellite or Cable TV Ready, Intercom, Other Business and Communication Facilities","Community Lawn or Garden, Community Swimming Pool, Community Gym, First Aid or Medical Centre, Day Care Centre, Kids Play Area, Barbeque Area, Mosque, Community Centre, Other Community Facilities","Lawn or Garden, Swimming Pool, Sauna, Jacuzzi, Other Healthcare and Recreation Facilities","Nearby Schools, Nearby Hospitals, Nearby Shopping Malls, Nearby Restaurants, Distance From Airport (kms), Nearby Public Transport Service, Other Nearby Places","Maintenance Staff, Security Staff, Facilities for Disabled, Other Facilities",PKR70 Lakh,PKR30 Lakh,4 Months
https://www.zameen.com/Property/islamabad_b-17_5_marla_designer_house_in_b-17_f_block_25x50_double_unit_house-51945643-616-1.html,House,PKR1.75 Crore,5,5 Marla,For Sale,5,3 weeks ago,"B-17, Islamabad, Islamabad Capital","Designer House Accommodation Details: 4 Master Bedrooms 4 Attached Bathrooms 2 Drawing Rooms 2 Kitchen 2 Living Area With Dinning Area Laundry Space Panoramic View False Ceiling Attractive Designs 1 Servant Room With Bath on Top Floor 1 Store Room 1 Terrace Area 1 Car Porch (To Accommodate Atleast 2 Cars) Ventilation Spaces for All Accomadations Near to Commercial Area Near to Mosque, Park, School 40-60 ft Wide Road Street Now be the designer of your own house For Further Details Saad Hussain The Asset Makers Contact:","Built in year: 2025, Parking Spaces, Double Glazed Windows, Central Air Conditioning, Central Heating, Flooring, Electricity Backup, Waste Disposal, Floors: 2, Other Main Features, Furnished","Bedrooms: 5, Bathrooms, Servant Quarters: 1, Drawing Room, Dining Room, Kitchens: 2, Study Room, Prayer Room, Powder Room, Store Rooms: 1, Steam Room, Lounge or Sitting Room, Laundry Room, Other Rooms","Broadband Internet Access, Satellite or Cable TV Ready, Other Business and Communication Facilities","Community Lawn or Garden, Community Swimming Pool, Community Gym, First Aid or Medical Centre, Day Care Centre, Kids Play Area, Barbeque Area, Mosque, Community Centre, Other Community Facilities","Lawn or Garden, Other Healthcare and Recreation Facilities","Nearby Schools, Nearby Hospitals, Nearby Shopping Malls, Nearby Restaurants, Distance From Airport (kms), Nearby Public Transport Service, Other Nearby Places","Maintenance Staff, Security Staff, Other Facilities",PKR55 Lakh,PKR20 Lakh,6 Months
https://www.zameen.com/Property/islamabad_b-17_beautiful_5_marla_designer_house_in_mpchs_b-17_f-block_25x50_double_unit_house-51955614-616-1.html,House,PKR2.05 Crore,4,5 Marla,For Sale,4,3 weeks ago,"B-17, Islamabad, Islamabad Capital","For Sale: Beautiful 5 Marla House in Multi Gardens B-17, Block F This elegant 5 Marla house, located in the prime area of Block F, Multi Gardens B-17, is now available for sale. The house is beautifully constructed with modern design and top-quality materials. Surrounded by all essential facilities and amenities, it offers a perfect living environment for families. The neighborhood includes parks, schools, shopping centers, and easy access to major roads, making it an ideal choice for anyone looking for comfort and convenience. Dont miss this opportunity to own your dream home!","Built in year: 2018, Parking Spaces: 1, Double Glazed Windows, Central Air Conditioning, Central Heating, Flooring, Electricity Backup, Waste Disposal, Floors: 2, Other Main Features, Furnished","Bedrooms: 3, Bathrooms: 3, Servant Quarters: 1, Drawing Room, Dining Room, Kitchens: 1, Study Room, Store Rooms: 1, Laundry Room","Broadband Internet Access, Satellite or Cable TV Ready, Intercom, Other Business and Communication Facilities","Kids Play Area, Mosque, Other Community Facilities",Other Healthcare and Recreation Facilities,"Nearby Schools, Nearby Hospitals, Nearby Shopping Malls, Nearby Restaurants, Distance From Airport (kms), Nearby Public Transport Service, Other Nearby Places","Maintenance Staff, Security Staff, Facilities for Disabled, Other Facilities",PKR80 Lakh,PKR25 Lakh,5 Months
https://www.zameen.com/Property/islamabad_b-17_beautiful_5-marla_property_in_the_prime_area_of_block_f_multi_gardens_b-17-51955675-616-1.html,House,PKR2 Crore,4,5 Marla,For Sale,4,3 weeks ago,"B-17, Islamabad, Islamabad Capital","This beautiful 5-marla property in the prime area of Block F, Multi Gardens B-17, is presently for sale. The house is tastefully built using modern style and high-quality materials. 5 Marla 25-50 size Brand New Double Story Single Unit House for Sale in ,B-17 Islamabad Block F Accommodation details: Double Story 3 Master Bedrooms with attached bathroom 2 Drawing room with bathroom 2 Large wide TV Lounge 2 Kitchens Laundry space Panoramic view, all around. All rooms are well lit and airy. 1 Car porch 1 Store Room 1 Servant Room with bathroom 40 fit road street Main double road back street Near to commercial Park mosque school Excellent opportunity to own such a luxurious House Demand. 1.85cr For further details:","Built in year: 2024, Parking Spaces: 1, Double Glazed Windows, Central Air Conditioning, Central Heating, Flooring, Electricity Backup, Waste Disposal, Floors: 2, Furnished","Bedrooms: 4, Bathrooms: 4, Servant Quarters: 1, Drawing Room, Dining Room, Kitchens: 2, Study Room, Prayer Room, Powder Room, Gym, Store Rooms: 1, Steam Room, Lounge or Sitting Room, Laundry Room, Other Rooms","Broadband Internet Access, Satellite or Cable TV Ready, Intercom, Other Business and Communication Facilities","Community Lawn or Garden, Community Swimming Pool, Community Gym, First Aid or Medical Centre, Day Care Centre, Kids Play Area, Barbeque Area, Mosque, Community Centre, Other Community Facilities","Lawn or Garden, Swimming Pool, Sauna, Jacuzzi","Nearby Schools, Nearby Hospitals, Nearby Shopping Malls, Nearby Restaurants, Distance From Airport (kms), Nearby Public Transport Service, Other Nearby Places","Maintenance Staff, Security Staff, Facilities for Disabled, Other Facilities",PKR80 Lakh,PKR20 Lakh,6 Months
https://www.zameen.com/Property/islamabad_b-17_multi_garden_b-17_prime_location_f_block_mdr_to_street_second_corner_house_double_units_available_for_sale-51955741-616-1.html,House,PKR2.05 Crore,4,5 Marla,For Sale,4,3 weeks ago,"B-17, Islamabad, Islamabad Capital","MPCHS B-17 Prime Location F Block 5 Marla House 3501 Main Double Road To Street 2nd Corner 4bed Attached Bath 2 Tv Lounge 2kitchen Tilled Flooring Near To Main Markaz And Parks Very Reasonable Price 185 Lac Only . For More Information Feel Free To Contact Option 1 Real Estate Designer House Accommodation Details: 4 Master Bedrooms 4 Attached Bathrooms 2 Drawing Rooms 2 Kitchen 2 Living Area With Dinning Area Laundry Space Panoramic View False Ceiling Attractive Designs 1 Servant Room With Bath on Top Floor 1 Store Room 1 Terrace Area 1 Car Porch (To Accommodate Atleast 2 Cars) Ventilation Spaces for All Accomadations Near to Commercial Area Near to Mosque, Park, School 30-40 ft Wide Road Street Now be the designer of your own house \ For Further Details Saad Hussain The Asset Makers","Built in year: 2024, Parking Spaces: 1, Double Glazed Windows, Central Air Conditioning, Central Heating, Flooring, Electricity Backup, Waste Disposal, Floors: 2, Other Main Features, Furnished","Bedrooms: 4, Bathrooms: 4, Servant Quarters: 1, Drawing Room, Dining Room, Kitchens: 2, Study Room, Prayer Room, Powder Room, Gym, Store Rooms: 1, Steam Room, Lounge or Sitting Room, Laundry Room, Other Rooms","Broadband Internet Access, Satellite or Cable TV Ready, Intercom, Other Business and Communication Facilities","Community Lawn or Garden, Community Swimming Pool, Community Gym, First Aid or Medical Centre, Day Care Centre, Kids Play Area, Barbeque Area, Mosque, Community Centre, Other Community Facilities","Lawn or Garden, Swimming Pool, Sauna, Jacuzzi, Other Healthcare and Recreation Facilities","Nearby Schools, Nearby Hospitals, Nearby Shopping Malls, Nearby Restaurants, Distance From Airport (kms), Nearby Public Transport Service, Other Nearby Places","Maintenance Staff, Security Staff, Facilities for Disabled, Other Facilities",PKR80 Lakh,PKR25 Lakh,5 Months
https://www.zameen.com/Property/islamabad_b-17_multi_garden_b-17_prime_location_f_block_house_double_unit_available_for_sale-51955796-616-1.html,House,PKR1.75 Crore,4,5 Marla,For Sale,4,3 weeks ago,"B-17, Islamabad, Islamabad Capital","5 Marla Double Unit House Available. For Sale in Multi Gardens MPCHS. B-17 Block F Islamabad. House Size 25*50. Luxury house A+ construction Double Story. Double Unit. Near to masque 4 Bedrooms. 4 Baths. 1 Drawing Dining. 2 Kitchen. Mumty + Washroom. Car Parking Space. Gas, Water Available Investor Rate Ideal Location. Reasonable Price. Multi Gardens B-17 is a Good Society for Residence. Because Neat and Clean. 24 Hours Security. All Basic and Necessary Facilities Available.","Built in year: 2024, Parking Spaces: 1, Double Glazed Windows, Central Air Conditioning, Central Heating, Flooring, Electricity Backup, Waste Disposal, Floors: 2, Other Main Features, Furnished","Bedrooms: 4, Bathrooms: 4, Servant Quarters: 1, Drawing Room, Dining Room, Kitchens: 2, Study Room, Prayer Room, Powder Room, Gym, Store Rooms: 1, Steam Room, Lounge or Sitting Room, Laundry Room, Other Rooms","Broadband Internet Access, Satellite or Cable TV Ready, Intercom, Other Business and Communication Facilities","Community Lawn or Garden, Community Swimming Pool, Community Gym, First Aid or Medical Centre, Day Care Centre, Kids Play Area, Barbeque Area, Mosque, Community Centre, Other Community Facilities","Lawn or Garden, Swimming Pool, Sauna, Jacuzzi, Other Healthcare and Recreation Facilities","Nearby Schools, Nearby Hospitals, Nearby Shopping Malls, Nearby Restaurants, Distance From Airport (kms), Nearby Public Transport Service, Other Nearby Places","Maintenance Staff, Security Staff, Facilities for Disabled, Other Facilities",PKR75 Lakh,PKR20 Lakh,5 Months
https://www.zameen.com/Property/mpchs_multi_gardens_mpchs_-_block_b_1_kanal_designer_double_heighted_luxurious_finishing_house_for_sale_in_block_b_mpchs_multi_gardens_b-17_islamabad-53008215-3117-1.html,House,PKR9.5 Crore,7,1 Kanal,For Sale,6,4 weeks ago,"B-17, Islamabad, Islamabad Capital","10 KV Solar System Installed with Green Meter. Designer House For Sale Location: Block B, B17, Multi Gardens, Islamabad Size 50*90. 1 kanal house Asking Price 9.50 Cr Only/- Features: - Double Heighted Lobby - Luxurious Finishing - 15 KV Solar with Green Meter - Electric Fencing - CCTV Cameras - 1 Drawing Room - 6 Bedrooms with attached baths. - 2 Sitting Spaces - 1 Designer Kitchen - 1* Designer kitchnet - 2 Cars Parking Space - 1 Room on Mumty - Sitting arrangement on Mumty - Near to Masjid, Markaz, Park and Grounds - servant Quarter - Single Unit - Basement, Ground plus First Floor We are excited to share with you the completion of our yet another construction project in just 6 months' time located at B17, Multi Gardens, which is availableforsalenow Interested People Can Contact Easily. Multi Gardens MPCHS B-17 is a Good Sector. For Residence Because Neat and Clean. 24 Hours Security. Schools , Banks , Restaurants , Parks , Zoo all Facilities Available.","Built in year: 2010, Parking Spaces: 1, Central Air Conditioning, Flooring, Electricity Backup, Waste Disposal, Other Main Features","Bedrooms: 6, Bathrooms: 8, Drawing Room, Dining Room, Kitchens: 2, Study Room, Prayer Room, Lounge or Sitting Room, Laundry Room","Broadband Internet Access, Satellite or Cable TV Ready, Intercom, Other Business and Communication Facilities","Community Lawn or Garden, Community Swimming Pool, Community Gym, First Aid or Medical Centre, Day Care Centre, Kids Play Area, Barbeque Area, Mosque, Community Centre, Other Community Facilities","Lawn or Garden, Swimming Pool, Sauna, Jacuzzi, Other Healthcare and Recreation Facilities","Nearby Schools, Nearby Hospitals, Nearby Shopping Malls, Nearby Restaurants, Distance From Airport (kms), Nearby Public Transport Service, Other Nearby Places","Maintenance Staff, Security Staff",,,
https://www.zameen.com/Property/mpchs_multi_gardens_mpchs_-_block_e_8_marla_30_60_single_unit_double_story_house_designer_house_outclass_house_in_block_e_available_for_sale_in_multi_gardens_mpchs_b-17_islamabad-53060477-3120-1.html,House,PKR4 Crore,6,8 Marla,For Sale,4,4 weeks ago,"B-17, Islamabad, Islamabad Capital","8 Marla ( 30*60 ) Single Unit Double Story House Designer House. Outclass House. In Block E. Available For Sale in Multi Gardens. MPCHS B-17 Islamabad. House Size 30*60. 4 Bedrooms. 6 Baths. 2 Drawing Dining. 2 TV Lounge. 2 Kitchens. 2 Car Parking. Servant Quarter with attach Bath. Electricity , Water Available. Interested People Can Contact Easily. Multi Gardens MPCHS B-17 is a Good Sector. For Residence Because Neat and Clean. 24 Hours Security. Schools , Banks , Restaurants , Parks , Zoo all Facilities Available.","Built in year: 2025, Parking Spaces: 2, Flooring, Floors: 2","Bedrooms: 4, Bathrooms: 6, Drawing Room, Dining Room, Kitchens: 2, Lounge or Sitting Room, Laundry Room","Broadband Internet Access, Satellite or Cable TV Ready, Intercom, Other Business and Communication Facilities","Community Lawn or Garden, Community Swimming Pool, Community Gym, First Aid or Medical Centre, Day Care Centre, Kids Play Area, Barbeque Area, Mosque, Community Centre, Other Community Facilities","Lawn or Garden, Other Healthcare and Recreation Facilities","Nearby Schools, Nearby Hospitals, Nearby Shopping Malls, Nearby Restaurants, Distance From Airport (kms), Nearby Public Transport Service, Other Nearby Places","Security Staff, Other Facilities",,,
https://www.zameen.com/Property/islamabad_b-17_14_marla_house_for_sale_in_multi_gardens_b-17_islamabad_b_block-53100068-616-1.html,House,PKR6.5 Crore,6,14 Marla,For Sale,7,1 month ago,"B-17, Islamabad, Islamabad Capital","A beautifully built 14 Marla Double Story House is available for sale in Multi Gardens, B-17 Islamabad (B Block). Constructed with high-quality materials and a modern layout, this house is perfect for a large family or dual-unit living. 7 Spacious Bedrooms with Attached Washrooms 8 Washrooms with Premium Fittings 2 Drawing Rooms for Guests 2 Modern Kitchens Spacious TV Lounges Parking Space for 2 Cars Servant Quarter with Bath Water Boring Installed Electricity Connection Active Wide Street, Prime Location in B Block Near Mosque, Park & Commercial Area Demand: 6 Crore 50 Lakh Only For More Details & Visit: Contact: Saddam Umar : View Contact Detail Constructed with high-quality materials and a modern layout, this house is perfect for a large family or dual-unit living. 7 Spacious Bedrooms with Attached Washrooms 8 Washrooms with Premium Fittings 2 Drawing Rooms for Guests 2 Modern Kitchens Spacious TV Lounges Parking Space for 2 Cars Servant Quarter with Bath Water Boring Installed Electricity Connection Active Wide Street, Prime Location in B Block Near Mosque, Park & Commercial Area Demand: 6 Crore 50 Lakh Only For More Details & Visit:",,,,,,"Nearby Schools, Nearby Hospitals, Nearby Shopping Malls, Nearby Restaurants",Security Staff,,,
https://www.zameen.com/Property/b_17_faisal_margalla_city_7_marla_brand_new_house_for_sale_fmc_islamabad-53113849-13424-1.html,House,PKR3.6 Crore,6,7 Marla,For Sale,4,4 weeks ago,"B-17, Islamabad, Islamabad Capital","7 Marla Brand New House for Sale FMC Islamabad A beautifully designed 7 Marla Brand New Double Story House. Is available for sale in FMC Islamabad. Constructed with high-quality materials and a modern layout. This house is ideal for comfortable family living. 5 Spacious Bedrooms with Attached Baths 2 Elegant Drawing Room 2 Modern TV Lounge 2 Stylish Kitchen with Quality Fittings 2 Car Parking Space Brand New Construction | Double Story Situated in FMC Islamabad Prime Location Near Masjid, Park, and Commercial Market All Facilities Available (Water, Electricity, Gas) Demand: [3 Crore 60 lack ] For Details&Visit","Built in year: 2024, Parking Spaces: 2, Flooring, Floors: 2","Bedrooms: 4, Bathrooms: 6, Drawing Room, Dining Room, Kitchens: 2, Lounge or Sitting Room, Laundry Room","Broadband Internet Access, Satellite or Cable TV Ready, Intercom, Other Business and Communication Facilities","Community Lawn or Garden, Community Swimming Pool, Community Gym, First Aid or Medical Centre, Day Care Centre, Kids Play Area, Barbeque Area, Mosque, Community Centre, Other Community Facilities","Lawn or Garden, Other Healthcare and Recreation Facilities","Nearby Schools, Nearby Hospitals, Nearby Shopping Malls, Nearby Restaurants, Distance From Airport (kms), Nearby Public Transport Service, Other Nearby Places",,,,
https://www.zameen.com/Property/f_17_telegardens_t_t_echs_2_bedroom_flat_for_sale_f-17_islamabad_all_facility_available_cda_pproved_sector-53232545-12136-1.html,Flat,PKR58 Lakh,2,3.6 Marla,For Sale,2,2 weeks ago,"F-17, Islamabad, Islamabad Capital",2 BEDROOM FLAT FOR SALE F-17 ISLAMABAD ALL FACILITY AVAILABLE 2 BEDROOM 2 BATHROOM 1 KITCHEN TV LAUNCH GAS ELECTRICITY WATER SUPPLY AVAILABLE FIRST FLOOR LIFT NOT AVAILABLE 800 SQ FT MORE INFORMATION CALL ME BEAUTIFUL LOCATION. ALL FACILITIES AVAILABLE FULL DEVELOPED SECTOR FINAL NOC APPROVED BY CDA CDA APPROVED SECTOR MPCHS F-17 ISLAMABAD ALL SIZE RESIDENTIAL AND COMMERCIAL PLOTS AND HOUSE APARTMENT SHOP AVAILABLE FOR SALE AND RENT FACILITIES IN F-17 FULL GATED SOCIETY BEAUTIFUL LOCATION GAS ELECTRICITY WATER SUPPLY BANK SCHOOL BAKERY MOSQUE SHOPPING MALLS HOSPITALS PARK PLAY GROUND PTCL 5G AVAILABLE 24/7 SECURITY CCTV CAMERA NEW NEAR TO ISLAMABAD INTERNATIONAL AIRPORT 6KM METRO BUS 5KM GT ROAD N5 4KM M-1 M-2 MOTORWAY 2KM WE DEAL IN F-17 F-18 B-17 E-17 E-18 AND ALL CDA SECTOR PLOTS HOUSE APARTMENT SHOP FOR SALE F-17 T&TECHS AND MPCHS MORE INFORMATION CONTACT ZIMRI ASSOCIATES F-17 AND F-18 ISLAMABAD,"Built in year: 2022, Parking Spaces: 1, Lobby in Building, Double Glazed Windows, Central Air Conditioning, Central Heating, Flooring, Electricity Backup, Waste Disposal, Floor: 1, Floors in Building: 4, Elevators: 1, Service Elevators in Building, Other Main Features, Furnished","Bedrooms: 2, Bathrooms: 2, Servant Quarters: 1, Drawing Room, Dining Room, Kitchens: 1, Study Room, Prayer Room, Powder Room, Gym, Store Rooms: 1, Steam Room, Lounge or Sitting Room, Laundry Room, Other Rooms","Broadband Internet Access, Satellite or Cable TV Ready, Business Center or Media Room in Building, Conference Room in Building, Intercom, ATM Machines, Other Business and Communication Facilities","Community Lawn or Garden, Community Swimming Pool, Community Gym, First Aid or Medical Centre, Day Care Centre, Kids Play Area, Barbeque Area, Mosque, Community Centre, Other Community Facilities","Sauna, Jacuzzi, Other Healthcare and Recreation Facilities","Nearby Schools, Nearby Hospitals, Nearby Shopping Malls, Nearby Restaurants, Distance From Airport (kms), Nearby Public Transport Service, Other Nearby Places","Maintenance Staff, Security Staff, Laundry or Dry Cleaning Facility, Communal/Shared Kitchen, Facilities for Disabled, Pets Allowed, Other Facilities",,,
https://www.zameen.com/Property/bahria_garden_city_bahria_garden_city_-_zone_1_2_kanal_luxury_lavish_villa_for_sale-51907593-10605-1.html,House,PKR19 Crore,6,2 Kanal,For Sale,5,6 days ago,"Bahria Town, Islamabad, Islamabad Capital","- Front & Back Huge Lawn Space - 2 Kanal House For Sale in Bahria Garden City Zone 1 - 5 Bed, 6 Washroom Kitchen & 2 Servant Expansive Hilly Land Built Up Area: 8500 sqft Servant Room Large Garden Space Close to Kids Park and Golf Club View of Golf Park Community Amenities Community Parks Kids Park Golf Club Jogging tracks Cycling tracks International Schools Walking Distance to Mosque 24/7 Security - Feel free to contact us for visit any time - Visit available on single call","Central Air Conditioning, Central Heating, Flooring, Electricity Backup",,"Broadband Internet Access, Satellite or Cable TV Ready",,,"Nearby Schools, Nearby Hospitals, Nearby Shopping Malls, Nearby Restaurants, Distance From Airport (kms), Nearby Public Transport Service, Other Nearby Places","Security Staff, Other Facilities",,,
https://www.zameen.com/Property/top_city_1_top_city_1_-_block_d_brand_new_house_for_sale-53322206-9233-1.html,House,PKR4 Crore,6,10 Marla,For Sale,5,2 weeks ago,"Top City 1, Islamabad, Islamabad Capital",A brand house new for sale 5 bed 2tvl 2dd 2 big car parking tiles flooring beautiful laction near park and main duoble road on first offer ??,"Built in year: 2025, Parking Spaces: 2, Double Glazed Windows, Central Air Conditioning, Central Heating, Flooring, Electricity Backup, Waste Disposal, Floors: 2, Other Main Features, Furnished","Bedrooms: 5, Bathrooms: 6, Servant Quarters: 1, Drawing Room, Dining Room, Kitchens: 2, Study Room, Prayer Room, Powder Room, Gym, Store Rooms: 1, Steam Room, Lounge or Sitting Room, Laundry Room, Other Rooms","Broadband Internet Access, Satellite or Cable TV Ready, Intercom, Other Business and Communication Facilities","Community Lawn or Garden, Community Swimming Pool, Community Gym, First Aid or Medical Centre, Day Care Centre, Kids Play Area, Barbeque Area, Mosque, Community Centre, Other Community Facilities","Lawn or Garden, Swimming Pool, Sauna, Jacuzzi, Other Healthcare and Recreation Facilities","Nearby Schools, Nearby Hospitals, Nearby Shopping Malls, Nearby Restaurants, Distance From Airport (kms), Nearby Public Transport Service, Other Nearby Places","Maintenance Staff, Security Staff, Facilities for Disabled, Other Facilities",,,
https://www.zameen.com/Property/islamabad_diplomatic_enclave_2_bedrooms_maid_fully_furnished_for_sale_in_diplomatic_enclave_islamabad-53031126-429-1.html,Flat,PKR8.2 Crore,3,10.2 Marla,For Sale,2,2 days ago,"Diplomatic Enclave, Islamabad, Islamabad Capital","Satoon Marketing Offers You a Well Maintained 2 Bedrooms+ maid Fully Furnished Apartment For Rent in Diplomatic Enclave. One of the Most Highly and Secured Community in Islamabad Property Features: 2 Bed Fully Furnished Apartment Location: Diplomatic Enclave, Islamabad Size: 2000 Square Feet Demand: 8.5 crore Reserved Car Parking Rower Backup Generator 24/7 CCTV Monitoring Restaurant Lobby Play Area for Kids Separate Elevators for Every Block Internet box Installed Maintenance Staff Available 24/7 At Satoon Marketing, whether you are a property owner, tenant or buyer, we value your business and will provide you with the individual attention and service you deserve. We believe in a strict Code of Ethics. We believe in integrity, commitment to excellence, a professional attitude, and personalized care. For Inquiry and Viewing, Please don't hesitate to call us anytime. Our Team is ready to assist you at any of your convenient time.","Built in year: 2018, Parking Spaces: 1, Lobby in Building, Double Glazed Windows, Central Air Conditioning, Central Heating, Flooring, Electricity Backup, Waste Disposal, Floor: 10, Floors in Building: 11, Elevators: 1, Other Main Features, Furnished","Bedrooms: 2, Bathrooms: 3, Servant Quarters: 1, Drawing Room, Dining Room, Kitchens: 1, Study Room, Prayer Room, Powder Room, Store Rooms: 1, Steam Room, Lounge or Sitting Room, Laundry Room, Other Rooms","Broadband Internet Access, Satellite or Cable TV Ready, Business Center or Media Room in Building, Conference Room in Building, Intercom, ATM Machines, Other Business and Communication Facilities","Community Lawn or Garden, Community Swimming Pool, Community Gym, First Aid or Medical Centre, Day Care Centre, Kids Play Area, Barbeque Area, Mosque, Community Centre, Other Community Facilities",Jacuzzi,"Nearby Schools, Nearby Hospitals, Nearby Shopping Malls, Nearby Restaurants, Distance From Airport (kms), Nearby Public Transport Service, Other Nearby Places","Maintenance Staff, Security Staff, Facilities for Disabled, Other Facilities",,,
https://www.zameen.com/Property/g_11_3_the_arch_2_bed_apartments_for_sale_on_the_ground_floor_at_the_arch_offer_required_call_for_any_further_details-53277385-12793-1.html,Flat,PKR2.4 Crore,2,6.9 Marla,For Sale,2,4 months ago,"G-11, Islamabad, Islamabad Capital","Type: 2 Bed Floor: Ground Offer required, call for any further details.","Built in year: 2023, Parking Spaces: 2, Lobby in Building, Double Glazed Windows, Central Air Conditioning, Central Heating, Flooring, Electricity Backup, Waste Disposal, Floor, Floors in Building, Elevators: 2, Service Elevators in Building, Other Main Features, Furnished","Bedrooms: 2, Bathrooms: 2, Servant Quarters: 3, Drawing Room, Dining Room, Kitchens: 1, Study Room, Prayer Room, Powder Room, Gym, Store Rooms: 2, Steam Room, Lounge or Sitting Room, Other Rooms","Broadband Internet Access, Satellite or Cable TV Ready, Intercom, Other Business and Communication Facilities","Community Lawn or Garden, Community Swimming Pool, Community Gym, First Aid or Medical Centre, Day Care Centre, Kids Play Area, Barbeque Area, Mosque, Community Centre, Other Community Facilities","Sauna, Other Healthcare and Recreation Facilities","Nearby Schools, Nearby Hospitals, Nearby Shopping Malls, Nearby Restaurants, Distance From Airport (kms), Nearby Public Transport Service, Other Nearby Places","Maintenance Staff, Security Staff, Other Facilities",,,
https://www.zameen.com/Property/islamabad_g-6_2200_square_feet_spacious_house_is_available_in_g-6_for_sale-51980883-169-1.html,House,PKR7.95 Crore,5,9.8 Marla,For Sale,5,2 months ago,"G-6, Islamabad, Islamabad Capital","G-6.5 Bed 2 Drawing Dining 5 Bath 2 Kitchen Double Storey Renovated House Park Phase Cda Transfer Urgent Sale Direct Owner Deal More Options More Details Contact Ch Aftab With a serene neighbourhood, carpeted roads and a location like that of G-6, it is an opportunity that should not be missed. Real estate prices fluctuate really quick so be wise to book your property at PKR Rs. 79500000, as it is the best price on offer considering previous data. Looking for a House? Well, don't search any further, because we've got just the right House unit to fit your bill. Let us help you narrow down popular areas in G-6 to buy a house. If you want to buy this property, then please consider booking it quickly - because our offers (you should know) are as liquid as they come! You will thank yourself later for investing in 2200 Square Feet property that doesn't come by so easily. Following are some of the notable features of this property. A dedicated drawing room makes this house perfect for receiving guests at all times! The spacious lawn in the House is perfect to host parties. You can have all your queries satisfied through the contact information on our page. You can work out at the gym within premises to make up for the physical activity lag created by the urban life. The sitting room in this listing is perfect for informal gatherings. Hosting parties in summers can be a breeze with central air-conditioning that is part of the House. In summers, the community swimming pool can be a blessing for the building residents. Fill the web form and we'll reach out to you as soon as possible.","Built in year: 2021, Parking Spaces: 1, Double Glazed Windows, Central Air Conditioning, Central Heating, Flooring, Electricity Backup, Waste Disposal, Floors, Other Main Features, Furnished","Bedrooms: 3, Bathrooms: 3, Servant Quarters: 1, Drawing Room, Dining Room, Kitchens: 1, Study Room, Prayer Room, Powder Room, Gym, Store Rooms: 1, Steam Room, Lounge or Sitting Room, Laundry Room, Other Rooms","Broadband Internet Access, Satellite or Cable TV Ready, Intercom, Other Business and Communication Facilities","Community Lawn or Garden, Community Swimming Pool, Community Gym, First Aid or Medical Centre, Day Care Centre, Kids Play Area, Barbeque Area, Mosque, Community Centre, Other Community Facilities","Lawn or Garden, Swimming Pool, Sauna, Jacuzzi, Other Healthcare and Recreation Facilities","Nearby Schools, Nearby Hospitals, Nearby Shopping Malls, Nearby Restaurants, Distance From Airport (kms), Nearby Public Transport Service, Other Nearby Places","Maintenance Staff, Security Staff, Facilities for Disabled, Other Facilities",,,
https://www.zameen.com/Property/islamabad_g-6_ideal_2200_square_feet_house_available_in_g-6_islamabad-47016910-169-1.html,House,PKR7.95 Crore,4,9.8 Marla,For Sale,4,2 hours ago,"G-6, Islamabad, Islamabad Capital","G-6 4bed drawing dining 4 bath 2kitchen double story house urgent sale more options available in g/6 Your property search ends right here with this House as it's the best that turned up. If you are looking for lucrative property options for investment, we think this property might just be the right one. You can buy 2200 Square Feet property as an investment. PKR Rs. 65,500,000 is a good asking price for the House so don't delay your decision further. G-6 has many lucrative investment opportunities. Explore all the property you could ask for in G-6. You can read the property features below. Rising temperatures can be detrimental to health but indoors you can stay safe with central air-conditioning that is part of the House. Double glazed windows in the House helps maintain the temperature inside. The expert security staff will remain vigilant round the clock. Differently-abled people will find this House easy to navigate, as it is developed to incorporate their needs. A proper waste management system ensures cleanliness on premises 24/7. You can enjoy winters from the warmth of your home due to central heating in the House. Find out more about the property and others by giving us a call today.","Built in year: 2020, Parking Spaces: 2, Double Glazed Windows, Central Air Conditioning, Central Heating, Flooring, Electricity Backup, Waste Disposal, Floors: 2, Other Main Features, Furnished","Bedrooms: 4, Bathrooms: 5, Servant Quarters: 1, Drawing Room, Dining Room, Kitchens: 1, Study Room, Prayer Room, Powder Room, Gym, Store Rooms: 1, Steam Room, Lounge or Sitting Room, Laundry Room, Other Rooms","Broadband Internet Access, Satellite or Cable TV Ready, Intercom, Other Business and Communication Facilities","Community Lawn or Garden, Community Swimming Pool, Community Gym, First Aid or Medical Centre, Day Care Centre, Kids Play Area, Barbeque Area, Mosque, Community Centre, Other Community Facilities","Lawn or Garden, Swimming Pool, Sauna, Jacuzzi, Other Healthcare and Recreation Facilities","Nearby Schools, Nearby Hospitals, Nearby Shopping Malls, Nearby Restaurants, Distance From Airport (kms), Nearby Public Transport Service, Other Nearby Places","Maintenance Staff, Security Staff, Facilities for Disabled, Other Facilities",,,
https://www.zameen.com/Property/islamabad_faisal_town_-_f-18_8_marla_double_unit_house_available_for_sale_in_faisal_town_f-18_islamabad-52476587-8260-1.html,House,PKR3.3 Crore,6,8 Marla,For Sale,7,6 days ago,"Faisal Town - F-18, Islamabad, Islamabad Capital","8 Marla Double Unit House Available For Sale in Faisal Town F-18 Islamabad. House Size 30*60. Luxury house A+ construction Double Story. Double Unit. Near to masque 7 Bedrooms. 7 Baths. 2 Drawing Dining. 3 Kitchen. Mumty + Washroom. Car Parking Space. Gas, Water Available Water Bore. Double Unit Ideal Location. Reasonable Price. Faisal town F-18 is a Good Society for Residence. Because Neat and Clean. 24 Hours Security. All Basic and Necessary Facilities Available. Interested People Can Contact Easily.","Built in year: 2024, Parking Spaces: 2, Double Glazed Windows, Central Air Conditioning, Central Heating, Flooring, Electricity Backup, Waste Disposal, Floors: 3, Other Main Features, Furnished","Bedrooms: 7, Bathrooms: 7, Servant Quarters, Drawing Room, Dining Room, Kitchens: 3, Study Room, Prayer Room, Powder Room, Gym, Store Rooms, Steam Room, Lounge or Sitting Room, Laundry Room, Other Rooms","Broadband Internet Access, Satellite or Cable TV Ready, Intercom, Other Business and Communication Facilities","Community Lawn or Garden, Community Swimming Pool, Community Gym, First Aid or Medical Centre, Day Care Centre, Kids Play Area, Barbeque Area, Mosque, Community Centre, Other Community Facilities","Lawn or Garden, Swimming Pool, Sauna, Jacuzzi, Other Healthcare and Recreation Facilities","Nearby Schools, Nearby Hospitals, Nearby Shopping Malls, Nearby Restaurants, Distance From Airport (kms), Nearby Public Transport Service, Other Nearby Places","Maintenance Staff, Security Staff, Facilities for Disabled, Other Facilities",,,
https://www.zameen.com/Property/faisal_town_phase_1_faisal_town_phase_1_-_block_a_2_bed_furnished_apartment_available_for_sale_in_block_a_faisal_town_f-18_islamabad-52685334-16416-1.html,Flat,PKR1 Crore,2,4.5 Marla,For Sale,2,6 days ago,"Faisal Town - F-18, Islamabad, Islamabad Capital","2 Bed Furnished Apartment Available For Sale. In Faisal Town F-18 Islamabad. Apartment Size 1015 Sq Ft. 2 Bedrooms. 2 Baths. TV Lounge. Kitchen. Double Road Facing. Rental Value Rs 70,000 Close to Gate Near to Park. Near to Masjid. Near to Markaz. lift Available 4th Flor Near by school Super Nova,Qurtba school And College science School beautiful Mosque kids ply Area,Football ground. Park Faisal Town F-18 is a Good Society for Residence. Because Neat and Clean. 24 Hours Security. All Basic and Necessary Facilities Available. Interested People Can Contact Easily.","Built in year: 2022, Parking Spaces: 1, Lobby in Building, Double Glazed Windows, Central Air Conditioning, Central Heating, Flooring, Waste Disposal, Floor: 4, Floors in Building: 7, Elevators: 1, Service Elevators in Building, Other Main Features, Furnished","Bedrooms: 2, Bathrooms: 2, Drawing Room, Dining Room, Kitchens: 1, Study Room, Prayer Room, Powder Room, Gym, Steam Room, Lounge or Sitting Room, Laundry Room","Broadband Internet Access, Satellite or Cable TV Ready, Business Center or Media Room in Building, Conference Room in Building, Intercom, ATM Machines, Other Business and Communication Facilities","Community Lawn or Garden, Community Swimming Pool, Community Gym, First Aid or Medical Centre, Day Care Centre, Kids Play Area, Barbeque Area, Mosque, Community Centre, Other Community Facilities","Sauna, Jacuzzi, Other Healthcare and Recreation Facilities","Nearby Schools, Nearby Hospitals, Nearby Shopping Malls, Nearby Restaurants, Distance From Airport (kms), Nearby Public Transport Service, Other Nearby Places","Security Staff, Other Facilities",,,
https://www.zameen.com/Property/islamabad_diplomatic_enclave_2_bedrooms_maid_fully_furnished_for_sale_in_diplomatic_enclave_islamabad-52081706-429-1.html,Flat,PKR8.5 Crore,3,10.2 Marla,For Sale,2,2 days ago,"Diplomatic Enclave, Islamabad, Islamabad Capital","Satoon Marketing Offers You a 2 bedrooms +maid All Ensuites For Sale In a Well Maintained Building In diplomatic Enclave Islamabad. -Property Features: - Spacious 2 Bedrooms + maid with attached bath - Store Room - 2 balconies - Equipped Kitchen - Easily Accessible to the lifts, Restaurant, Cafes, Parks, Clinic and Tailors. - Monthly Rental Income 400 lac/ 1350USD right after the purchased with -- minimum 2 years contract. Diplomatic Enclave is One of the Most Secured Communities in Islamabad. Note: We have multiple options. For Inquiry and Viewing, Please Feel Free to Call Us Anytime. Our Team Is Ready To Assist You At Any of Your Convenient Time.","Built in year: 2018, Parking Spaces: 1, Lobby in Building, Flooring, Electricity Backup, Floor: 6, Floors in Building: 2, Elevators: 1, Other Main Features, Furnished","Bedrooms: 2, Bathrooms: 2, Servant Quarters: 1, Drawing Room, Dining Room, Kitchens: 1, Study Room, Store Rooms: 1, Other Rooms","Broadband Internet Access, Satellite or Cable TV Ready, Intercom","Community Lawn or Garden, Community Swimming Pool, Community Gym, First Aid or Medical Centre, Day Care Centre, Kids Play Area, Barbeque Area, Mosque, Community Centre",,"Nearby Schools, Nearby Hospitals, Nearby Shopping Malls, Nearby Restaurants, Distance From Airport (kms), Nearby Public Transport Service, Other Nearby Places","Security Staff, Other Facilities",,,
https://www.zameen.com/Property/b_17_faisal_margalla_city_5_marla_double_highted_double_story_designer_house_for_sale_in_faisal_margala_city_islamabad-52898535-13424-1.html,House,PKR2.95 Crore,5,5 Marla,For Sale,4,4 weeks ago,"B-17, Islamabad, Islamabad Capital","5 Marla, Ultra Modern, Designer House Available For Sale In Faisal Margalla City (FMC)/ B-17 Islamabad. Near to Masjid, Football Ground, 80kanal Amusement Park, American Lycetuff School and Markaz. GROUND FLOOR PLAN: Spacious Garage 1 bedroom with attached washroom. Drawing room with attached washroom. Tv lounge. Sitting and Dinning Area. Open Modern kitchen with breakfast counter. Laundry area. FIRST FLOOR PLAN: 3 Bedrooms with attached washrooms Mumty room with cupboard. . . BBQ Point and board Game on roof. . . Electricity meter connection installed. Water bore available. Society water connection installed. Visit Any time Possible","Built in year: 2025, Parking Spaces: 1, Double Glazed Windows, Central Air Conditioning, Central Heating, Flooring, Floors: 2","Bedrooms: 4, Bathrooms: 5, Servant Quarters: 1, Drawing Room, Dining Room, Kitchens: 2, Study Room, Prayer Room, Powder Room, Store Rooms: 1, Steam Room, Lounge or Sitting Room, Laundry Room","Broadband Internet Access, Satellite or Cable TV Ready, Intercom","Community Lawn or Garden, Community Swimming Pool, Community Gym, First Aid or Medical Centre, Day Care Centre, Kids Play Area, Barbeque Area, Mosque, Community Centre","Lawn or Garden, Swimming Pool, Sauna, Jacuzzi","Nearby Schools, Nearby Hospitals, Nearby Shopping Malls, Nearby Restaurants, Distance From Airport (kms), Nearby Public Transport Service",,,,
https://www.zameen.com/Property/bahria_enclave_the_galleria_3_bed_gold_category_apartment_for_rent_three_bed_apartment_for_rent_3_bed_flat_for_rent_in_bahria_enclave_islamabad-53170249-10002-1.html,Flat,PKR1.4 Crore,3,7.5 Marla,For Sale,3,4 days ago,"Bahria Town, Islamabad, Islamabad Capital","3-Bed Apartment For Sale The Galleria, Sector H, Bahria Enclave Islamabad Selling On Investor Price Urgently! Discover A Modern Lifestyle With This Spacious 2-Bedroom Apartment Located On The 2nd Floor Of The Galleria, One Of The Most Prime Developments In Bahria Enclave. Property Features: 3 Bedrooms With Attached Modern Bathrooms Stylish &Amp; Fully Functional Kitchen Bright Living &Amp; Dining Space With Open Park-Facing View Peaceful &Amp; Secure Environment With 24/7 Security Fans And Geysers Already Installed Dedicated Car Parking Space (Basement 1) Location Highlights: Situated In Sector H, Bahria Enclave Islamabad Central Location With High Rental Demand Walking Distance To Commercial Areas, Parks, And Amenities Investment Opportunity: Available On Investor Price Urgent Sale, Perfect For End-Users And Investors Seeking Guaranteed Returns And Long-Term Value Appreciation.","Built in year: 2022, Parking Spaces: 1, Lobby in Building, Double Glazed Windows, Central Air Conditioning, Central Heating, Flooring, Electricity Backup, Waste Disposal, Floor: 2, Floors in Building: 10, Service Elevators in Building, Other Main Features, Furnished","Bedrooms: 2, Bathrooms: 2, Drawing Room, Dining Room, Kitchens: 1, Lounge or Sitting Room, Laundry Room","Broadband Internet Access, Satellite or Cable TV Ready, Business Center or Media Room in Building, Intercom, Other Business and Communication Facilities","Community Lawn or Garden, Community Swimming Pool, Community Gym, First Aid or Medical Centre, Day Care Centre, Kids Play Area, Barbeque Area, Mosque, Community Centre, Other Community Facilities","Sauna, Jacuzzi, Other Healthcare and Recreation Facilities","Nearby Schools, Nearby Hospitals, Nearby Shopping Malls, Nearby Restaurants, Distance From Airport (kms), Nearby Public Transport Service, Other Nearby Places","Maintenance Staff, Security Staff, Laundry or Dry Cleaning Facility, Facilities for Disabled, Pets Not Allowed, Other Facilities",,,
https://www.zameen.com/Property/dha_defence_dha_defence_phase_5_apartment_for_sale_on_flexible_payment_plan_in_dha_phase_5-52586231-10991-1.html,Flat,PKR1.29 Crore,1,2.9 Marla,For Sale,-,2 weeks ago,"DHA Defence, Islamabad, Islamabad Capital","*Custom Payment Plans: Flexible installment options tailored to client needs - Delivery in July, 2026. * Invest in Prime Real Estate Blue Ridge, DHA Phase 5 Islamabad Blue Ridge is a premium mixed-use development located in the heart of DHA Phase 5 Islamabad. With a total of seven floors, including Lower Ground and Ground dedicated to retail, the First Floor for offices, and upper floors featuring modern residential apartments, Blue Ridge offers a versatile investment opportunity. Key Highlights: Prime Location: Walking distance from DHA Head Office, Nova Care Hospital, McDonald's, and the upcoming DHA Food Street Mixed-Use Project: Lower Ground & Ground Floor: Commercial shops with high visibility First Floor: Professional office spaces Second to Fifth Floors: Well-designed residential apartments with open, scenic views Construction Progress: 4 floors already constructed Expected Delivery: July 2026 Blue Ridge stands out as a sound investment due to its central location, strong rental potential, and high-quality development. Whether you are an investor or looking for a personal space, Blue Ridge offers value, security, and convenience. For details and booking, please contact: Blue Ridge Where Location Meets Lifestyle","Built in year: 2026, Parking Spaces, Lobby in Building, Double Glazed Windows, Central Air Conditioning, Central Heating, Flooring, Electricity Backup, Waste Disposal, Floor, Floors in Building, Elevators: 1, Service Elevators in Building, Other Main Features, Furnished","Bedrooms: 1, Bathrooms: 1, Servant Quarters, Drawing Room, Dining Room, Kitchens: 1, Study Room, Prayer Room, Powder Room, Gym, Store Rooms, Steam Room, Lounge or Sitting Room, Laundry Room, Other Rooms","Broadband Internet Access, Satellite or Cable TV Ready, Business Center or Media Room in Building, Conference Room in Building, Intercom, ATM Machines, Other Business and Communication Facilities","Community Lawn or Garden, Community Swimming Pool, Community Gym, First Aid or Medical Centre, Day Care Centre, Kids Play Area, Barbeque Area, Mosque, Community Centre, Other Community Facilities","Sauna, Jacuzzi, Other Healthcare and Recreation Facilities","Nearby Schools, Nearby Hospitals, Nearby Shopping Malls, Nearby Restaurants, Distance From Airport (kms), Nearby Public Transport Service, Other Nearby Places","Maintenance Staff, Security Staff, Laundry or Dry Cleaning Facility, Communal/Shared Kitchen, Facilities for Disabled, Pets Allowed, Other Facilities",,,
https://www.zameen.com/Property/dha_defence_dha_defence_phase_5_1_bed_apartment_on_flexible_installment_plan_in_dha_islamabad-52586260-10991-1.html,Flat,PKR1.6 Crore,1,3.6 Marla,For Sale,1,2 weeks ago,"DHA Defence, Islamabad, Islamabad Capital","*Custom Payment Plans: Flexible installment options tailored to client needs - Delivery in July, 2026. * Invest in Prime Real Estate Blue Ridge, DHA Phase 5 Islamabad Blue Ridge is a premium mixed-use development located in the heart of DHA Phase 5 Islamabad. With a total of seven floors, including Lower Ground and Ground dedicated to retail, the First Floor for offices, and upper floors featuring modern residential apartments, Blue Ridge offers a versatile investment opportunity. Key Highlights: Prime Location: Walking distance from DHA Head Office, Nova Care Hospital, McDonald's, and the upcoming DHA Food Street Mixed-Use Project: Lower Ground & Ground Floor: Commercial shops with high visibility First Floor: Professional office spaces Second to Fifth Floors: Well-designed residential apartments with open, scenic views Construction Progress: 4 floors already constructed Expected Delivery: July 2026 Blue Ridge stands out as a sound investment due to its central location, strong rental potential, and high-quality development. Whether you are an investor or looking for a personal space, Blue Ridge offers value, security, and convenience. For details and booking, please contact:","Built in year: 2026, Parking Spaces, Lobby in Building, Double Glazed Windows, Central Air Conditioning, Central Heating, Flooring, Electricity Backup, Waste Disposal, Floor, Floors in Building, Elevators: 1, Service Elevators in Building, Other Main Features, Furnished","Bedrooms: 1, Bathrooms: 1, Servant Quarters: 1, Drawing Room, Dining Room, Kitchens: 1, Study Room, Prayer Room, Powder Room, Gym, Store Rooms: 1, Steam Room, Lounge or Sitting Room, Laundry Room, Other Rooms","Broadband Internet Access, Satellite or Cable TV Ready, Business Center or Media Room in Building, Conference Room in Building, Intercom, ATM Machines, Other Business and Communication Facilities","Community Lawn or Garden, Community Swimming Pool, Community Gym, First Aid or Medical Centre, Day Care Centre, Kids Play Area, Barbeque Area, Mosque, Community Centre, Other Community Facilities","Sauna, Jacuzzi, Other Healthcare and Recreation Facilities","Nearby Schools, Nearby Hospitals, Nearby Shopping Malls, Nearby Restaurants, Distance From Airport (kms), Nearby Public Transport Service, Other Nearby Places","Maintenance Staff, Security Staff, Laundry or Dry Cleaning Facility, Communal/Shared Kitchen, Facilities for Disabled, Pets Allowed, Other Facilities",,,
https://www.zameen.com/Property/dha_defence_dha_defence_phase_5_apartment_for_sale_on_easy_installment_plans_in_dha_islamabad_customize_as_per_your_requirements-52586286-10991-1.html,Flat,PKR1.76 Crore,1,3.9 Marla,For Sale,1,5 months ago,"DHA Defence, Islamabad, Islamabad Capital","*Customize your payment plan as per your payment schedule - Delivery is in July, 2026. * Invest in Prime Real Estate Blue Ridge, DHA Phase 5 Islamabad Blue Ridge is a premium mixed-use development located in the heart of DHA Phase 5 Islamabad. With a total of seven floors, including Lower Ground and Ground dedicated to retail, the First Floor for offices, and upper floors featuring modern residential apartments, Blue Ridge offers a versatile investment opportunity. Key Highlights: Prime Location: Walking distance from DHA Head Office, Nova Care Hospital, McDonald's, and the upcoming DHA Food Street Mixed-Use Project: Lower Ground & Ground Floor: Commercial shops with high visibility First Floor: Professional office spaces Second to Fifth Floors: Well-designed residential apartments with open, scenic views Custom Payment Plans: Flexible installment options tailored to client needs Construction Progress: 4 floors already constructed Expected Delivery: July 2026 Blue Ridge stands out as a sound investment due to its central location, strong rental potential, and high-quality development. Whether you are an investor or looking for a personal space, Blue Ridge offers value, security, and convenience. For details and booking, please contact: Blue Ridge Where Location Meets Lifestyle","Built in year: 2026, Parking Spaces, Lobby in Building, Double Glazed Windows, Central Air Conditioning, Central Heating, Flooring, Electricity Backup, Waste Disposal, Floor, Floors in Building, Elevators: 1, Service Elevators in Building, Other Main Features, Furnished","Bedrooms: 1, Bathrooms: 1, Servant Quarters: 1, Drawing Room, Dining Room, Kitchens: 1, Study Room, Prayer Room, Powder Room, Gym, Store Rooms: 1, Steam Room, Lounge or Sitting Room, Laundry Room, Other Rooms","Broadband Internet Access, Satellite or Cable TV Ready, Business Center or Media Room in Building, Intercom, Other Business and Communication Facilities","Community Lawn or Garden, Community Swimming Pool, Community Gym, First Aid or Medical Centre, Day Care Centre, Kids Play Area, Barbeque Area, Mosque, Community Centre, Other Community Facilities","Sauna, Jacuzzi, Other Healthcare and Recreation Facilities","Nearby Schools, Nearby Hospitals, Nearby Shopping Malls, Nearby Restaurants, Distance From Airport (kms), Nearby Public Transport Service, Other Nearby Places","Maintenance Staff, Security Staff, Facilities for Disabled, Other Facilities",,,
https://www.zameen.com/Property/dha_defence_dha_defence_phase_5_2_bed_loft_apartment_in_dha_islamabad_for_sale_on_flexible_installment_plan-52586337-10991-1.html,Flat,PKR2.67 Crore,2,5.9 Marla,For Sale,2,5 months ago,"DHA Defence, Islamabad, Islamabad Capital","*Customize your payment plan as per your payment schedule - Delivery is in July, 2026. * Invest in Prime Real Estate Blue Ridge, DHA Phase 5 Islamabad Blue Ridge is a premium mixed-use development located in the heart of DHA Phase 5 Islamabad. With a total of seven floors, including Lower Ground and Ground dedicated to retail, the First Floor for offices, and upper floors featuring modern residential apartments, Blue Ridge offers a versatile investment opportunity. Key Highlights: Prime Location: Walking distance from DHA Head Office, Nova Care Hospital, McDonald's, and the upcoming DHA Food Street Mixed-Use Project: Lower Ground & Ground Floor: Commercial shops with high visibility First Floor: Professional office spaces Second to Fifth Floors: Well-designed residential apartments with open, scenic views Custom Payment Plans: Flexible installment options tailored to client needs Construction Progress: 4 floors already constructed Expected Delivery: July 2026 Blue Ridge stands out as a sound investment due to its central location, strong rental potential, and high-quality development. Whether you are an investor or looking for a personal space, Blue Ridge offers value, security, and convenience. For details and booking, please contact: Blue Ridge Where Location Meets Lifestyle","Built in year: 2026, Parking Spaces, Lobby in Building, Double Glazed Windows, Central Air Conditioning, Central Heating, Flooring, Electricity Backup, Waste Disposal, Floor, Floors in Building, Elevators: 1, Service Elevators in Building, Other Main Features, Furnished","Bedrooms: 2, Bathrooms: 2, Servant Quarters: 2, Drawing Room, Dining Room, Kitchens: 1, Study Room, Prayer Room, Powder Room, Gym, Store Rooms: 2, Steam Room, Lounge or Sitting Room, Laundry Room","Broadband Internet Access, Satellite or Cable TV Ready, Business Center or Media Room in Building, Conference Room in Building, Intercom, ATM Machines, Other Business and Communication Facilities","Community Lawn or Garden, Community Swimming Pool, Community Gym, First Aid or Medical Centre, Day Care Centre, Kids Play Area, Barbeque Area, Mosque, Community Centre, Other Community Facilities","Sauna, Jacuzzi, Other Healthcare and Recreation Facilities","Nearby Schools, Nearby Hospitals, Nearby Shopping Malls, Nearby Restaurants, Distance From Airport (kms), Nearby Public Transport Service, Other Nearby Places","Maintenance Staff, Security Staff, Laundry or Dry Cleaning Facility, Facilities for Disabled, Pets Allowed, Other Facilities",,,
https://www.zameen.com/Property/gulberg_greens_gulberg_greens_-_block_c_luxurious_farm_house_for_sale_in_gulberg_greens_islamabad-51025825-8315-1.html,Farm House,PKR35 Crore,6,4 Kanal,For Sale,6,5 months ago,"Gulberg, Islamabad, Islamabad Capital","4 Kanal units are available for sale in the best location, located near the city centre. Check out our offer for the best Farm House which could satisfy your need. Buying this property will open up the options for you. You can either keep it as an investment or make the perfect home for your family. The city of Islamabad is a prime real estate hub that will be profitable for all investors. This Farm House worth Rs. 350000000 is an ideal option for you. A central location like Gulberg Greens - Block C is the best choice for living as it's close to all necessities. Following are some of the notable features of this property. You can feel secure with round-the-clock security staff that patrols the premises. To bring a touch of nature to the surroundings, the Farm House also has a community lawn nearby. The advantages of double-glazed windows in the Farm House are many. Waste disposal management services ensures the premise is kept clean. The property's spacious drawing room is perfect for families who entertain guests frequently. The Farm House is well-planned to include a prayer room so that the ladies can peacefully offer their five daily prayers. Thanks to the dining room in the Farm House, you can host your guests peacefully and serve your meals just the way you like. Contact us for booking details and information.","Built in year: 2024, Parking Spaces, Double Glazed Windows, Central Air Conditioning, Central Heating, Flooring, Electricity Backup, Waste Disposal, Floors, Other Main Features, Furnished","Bedrooms: 6, Bathrooms: 8, Servant Quarters: 2, Drawing Room, Dining Room, Kitchens: 2, Study Room, Prayer Room, Powder Room, Gym, Steam Room, Lounge or Sitting Room, Laundry Room, Other Rooms","Broadband Internet Access, Satellite or Cable TV Ready, Intercom, Other Business and Communication Facilities","Community Lawn or Garden, Community Swimming Pool, Community Gym, First Aid or Medical Centre, Day Care Centre, Kids Play Area, Barbeque Area, Mosque, Community Centre, Other Community Facilities","Lawn or Garden, Swimming Pool, Sauna, Jacuzzi, Other Healthcare and Recreation Facilities","Nearby Schools, Nearby Hospitals, Nearby Shopping Malls, Nearby Restaurants, Distance From Airport (kms), Nearby Public Transport Service, Other Nearby Places","Maintenance Staff, Security Staff, Facilities for Disabled, Other Facilities",,,
https://www.zameen.com/Property/mpchs_multi_gardens_mpchs_-_block_f_5_marla_mordern_house_for_sale_in_multi_gardens_mpchs_b-17_block_f_islamabad-52541789-8527-1.html,House,PKR1.85 Crore,4,5 Marla,For Sale,4,3 weeks ago,"B-17, Islamabad, Islamabad Capital","Your DREAM Home isHERE Ready in 5 Months! Want to avail this Lifetime Opportunity, Call Today & Let us Convert Your Dreams into Reality Plot of Your Choice (Golden Chance for Investors) We at Property GuideReal Estate, believe in urgency & we often update our listings with new plots! 3 EASY STEPS to Build yourDREAM HOME: STEP 1. Choose Your Plot Select from top-of-the-line plots in B-17s most desirable sector, where luxury meets convenience. Get a hurry, andthis location is coming to pass! STEP 2 Design WithOur Architects & Engineers. Design Freedom: AndThen Some Work with award-winning architects to design amasterpiece that is uniquely yours. From fashion forward minimalism to classicromance it's your vision,his expertise. STEP 3 . GetIn Sooner Than You Expect No delays","Built in year: 2022, Parking Spaces: 1, Double Glazed Windows, Central Air Conditioning, Central Heating, Flooring, Electricity Backup, Waste Disposal, Floors: 3, Other Main Features, Furnished","Bedrooms: 4, Bathrooms: 4, Servant Quarters: 1, Drawing Room, Dining Room, Kitchens: 2, Study Room, Prayer Room, Powder Room, Gym, Store Rooms: 1, Steam Room, Lounge or Sitting Room, Laundry Room, Other Rooms","Broadband Internet Access, Satellite or Cable TV Ready, Intercom, Other Business and Communication Facilities","Community Lawn or Garden, Community Swimming Pool, Community Gym, First Aid or Medical Centre, Day Care Centre, Kids Play Area, Barbeque Area, Mosque, Community Centre, Other Community Facilities","Lawn or Garden, Swimming Pool, Sauna, Jacuzzi, Other Healthcare and Recreation Facilities","Nearby Schools, Nearby Hospitals, Nearby Shopping Malls, Nearby Restaurants, Distance From Airport (kms), Nearby Public Transport Service, Other Nearby Places","Maintenance Staff, Security Staff, Facilities for Disabled",PKR85 Lakh,PKR20 Lakh,5 Months
https://www.zameen.com/Property/islamabad_d-12_luxury_house_for_sale_in_d-12_2-52715705-160-1.html,House,PKR14 Crore,6,14.2 Marla,For Sale,6,1 month ago,"D-12, Islamabad, Islamabad Capital",DETAILS: D-12/2 Size 40*80 Sun Facing Brand New House 50ft street Near to Family Hill Parks ACCOMMODATIONS AND FACILITIES: Having 6-Specious Bedrooms with Attached Bathrooms Drawing Dinning 2-TV Lounge 2-Kitchen Dirty Kitchen Store Room Pantry Separate Servant and maid rooms Waterfall and many more Water Boring and CDA supply Solid Construction CDA Transfer Attached picture original Beautiful Sector Front Of Margalla Hills For your Dream House Please Feel Free to call if you need further details about it I Request That only serious individual contact me to make an immediate Deal For Further Details And Viewing Please contact us Yasir Malik D12 Markaz Islamabad,"Built in year: 2024, Parking Spaces: 5, Double Glazed Windows, Central Air Conditioning, Central Heating, Flooring, Electricity Backup, Waste Disposal, Floors: 2, Other Main Features, Furnished","Bedrooms: 6, Bathrooms: 6, Servant Quarters: 2, Drawing Room, Dining Room, Kitchens: 2, Study Room, Prayer Room, Powder Room, Gym, Store Rooms: 1, Steam Room, Lounge or Sitting Room, Laundry Room, Other Rooms","Broadband Internet Access, Satellite or Cable TV Ready, Intercom, Other Business and Communication Facilities","Community Lawn or Garden, Community Swimming Pool, Community Gym, First Aid or Medical Centre, Day Care Centre, Kids Play Area, Barbeque Area, Mosque, Community Centre, Other Community Facilities","Lawn or Garden, Swimming Pool, Sauna, Jacuzzi, Other Healthcare and Recreation Facilities","Nearby Schools, Nearby Hospitals, Nearby Shopping Malls, Nearby Restaurants, Distance From Airport (kms), Nearby Public Transport Service, Other Nearby Places","Maintenance Staff, Security Staff, Facilities for Disabled, Other Facilities",,,
https://www.zameen.com/Property/f_7_f-7_1_f7_newly_renovated_5_bedroom_house_available_for_sale_in_islamabad-52807952-3307-1.html,House,PKR29 Crore,6,1.1 Kanal,For Sale,5,2 weeks ago,"F-7, Islamabad, Islamabad Capital","Discover this beautifully renovated 5-bedroom house available for sale in the highly sought-after F-7 sector of Islamabad. This spacious property, situated on a 40x120 (533 sq yds) plot, offers a luxurious and comfortable living experience. The house features five bedrooms with attached baths, a separate drawing room and dining room, a cozy TV lounge, a convenient powder room, and a generously sized kitchen. Ideal for families seeking a premium address and a move-in-ready home. Demand: PKR 27 Crore","Built in year: 2025, Parking Spaces: 4, Double Glazed Windows, Central Air Conditioning, Central Heating, Flooring, Electricity Backup, Waste Disposal, Floors: 2, Other Main Features, Furnished","Bedrooms: 5, Bathrooms: 6, Servant Quarters: 1, Drawing Room, Dining Room, Kitchens: 1, Study Room, Prayer Room, Powder Room, Gym, Store Rooms: 1, Steam Room, Lounge or Sitting Room, Laundry Room, Other Rooms","Broadband Internet Access, Satellite or Cable TV Ready, Intercom, Other Business and Communication Facilities","Community Lawn or Garden, Community Swimming Pool, Community Gym, First Aid or Medical Centre, Day Care Centre, Kids Play Area, Barbeque Area, Mosque, Community Centre, Other Community Facilities","Lawn or Garden, Swimming Pool, Sauna, Jacuzzi, Other Healthcare and Recreation Facilities","Nearby Schools, Nearby Hospitals, Nearby Shopping Malls, Nearby Restaurants, Distance From Airport (kms), Nearby Public Transport Service, Other Nearby Places","Maintenance Staff, Security Staff, Facilities for Disabled, Other Facilities",,,
https://www.zameen.com/Property/islamabad_i-12_d-type_flat_available_for_sale-52998822-1418-1.html,Flat,PKR65 Lakh,2,3.9 Marla,For Sale,2,2 weeks ago,"I-12, Islamabad, Islamabad Capital",Ready Block D-type All dues clear near to position,"Built in year: 2025, Parking Spaces, Lobby in Building, Double Glazed Windows, Central Air Conditioning, Central Heating, Flooring, Electricity Backup, Waste Disposal, Floor: 3, Floors in Building: 10, Elevators, Service Elevators in Building, Other Main Features, Furnished","Bedrooms: 2, Bathrooms: 2, Servant Quarters, Drawing Room, Dining Room, Kitchens: 1, Store Rooms: 1, Other Rooms","Broadband Internet Access, Satellite or Cable TV Ready, Business Center or Media Room in Building, Conference Room in Building, Intercom, ATM Machines, Other Business and Communication Facilities","Community Lawn or Garden, Community Swimming Pool, Community Gym, First Aid or Medical Centre, Day Care Centre, Kids Play Area, Barbeque Area, Mosque, Community Centre, Other Community Facilities",Other Healthcare and Recreation Facilities,"Nearby Schools, Nearby Hospitals, Nearby Shopping Malls, Nearby Restaurants, Distance From Airport (kms), Nearby Public Transport Service, Other Nearby Places","Maintenance Staff, Security Staff, Facilities for Disabled, Pets Allowed, Other Facilities",,,
https://www.zameen.com/Property/bahria_enclave_bahria_enclave_-_sector_a_prime_location_1_bedroom_cube_apartment_available_for_sale_in_bahria_enclave_islamabad_sector_a_tower_2-52928035-11970-1.html,Flat,PKR1.25 Crore,1,4.8 Marla,For Sale,1,19 hours ago,"Bahria Town, Islamabad, Islamabad Capital",Luxury interior&excellent elevation 1bedroom Cube Apartment Available For Sale in Bahria Enclave Islamabad Sector A newly constructed at a very peaceful location excellent wood work quality fitting and stylish one kitchen Near to Masjid Park school hospital commercial market Best area for living Beautiful terrace view this Apartment Features 1 spacious bedrooms 1 Luxury bathroom TV lounges powder room 1 store room 2 terrace 24/7 Lift Service Available 24/7 Security staff Available 20 minutes drive to Blue area Islamabad Right time for right investment opportunity you will get good return to this investment in features for more details please contact us Muhammad Sohail Euro Homes Real Estate&Builders,"Built in year: 2025, Parking Spaces: 1, Lobby in Building, Double Glazed Windows, Central Air Conditioning, Central Heating, Flooring, Electricity Backup, Waste Disposal, Floor: 2, Floors in Building: 9, Elevators: 4, Service Elevators in Building, Other Main Features, Furnished","Bedrooms: 1, Bathrooms: 1, Servant Quarters: 1, Drawing Room, Dining Room, Kitchens: 1, Study Room, Prayer Room, Powder Room, Gym, Store Rooms: 1, Steam Room, Lounge or Sitting Room, Laundry Room, Other Rooms","Broadband Internet Access, Satellite or Cable TV Ready, Business Center or Media Room in Building, Intercom, Other Business and Communication Facilities","Community Lawn or Garden, Community Swimming Pool, Community Gym, First Aid or Medical Centre, Day Care Centre, Kids Play Area, Barbeque Area, Mosque, Community Centre, Other Community Facilities","Sauna, Jacuzzi, Other Healthcare and Recreation Facilities","Nearby Schools, Nearby Hospitals, Nearby Shopping Malls, Nearby Restaurants, Distance From Airport (kms), Nearby Public Transport Service, Other Nearby Places","Maintenance Staff, Security Staff, Facilities for Disabled, Pets Allowed, Other Facilities",,,
https://www.zameen.com/Property/d_17_pine_heights_luxury_apartments_2_bed_appartment_is_for_sale_in_pine_heights_d17_islamabad-53129227-9684-1.html,Flat,PKR1.35 Crore,2,5.6 Marla,For Sale,2,2 weeks ago,"D-17, Islamabad, Islamabad Capital",2 Bed Luxury appartment for sale in pine heights d17 islamabad 2 Bedrooms 2Bathrooms 1 tvl 1 kitchen 1263 sqft,"Built in year: 2021, Parking Spaces: 1, Lobby in Building, Double Glazed Windows, Central Air Conditioning, Central Heating, Flooring, Electricity Backup, Waste Disposal, Floor: 2, Floors in Building: 12, Elevators: 5, Service Elevators in Building, Other Main Features","Bedrooms: 2, Bathrooms: 2, Servant Quarters: 1, Drawing Room, Dining Room, Kitchens: 1, Study Room, Prayer Room, Powder Room, Gym, Lounge or Sitting Room, Laundry Room","Broadband Internet Access, Satellite or Cable TV Ready, Business Center or Media Room in Building, Intercom, ATM Machines","Community Lawn or Garden, Community Swimming Pool, Community Gym, First Aid or Medical Centre, Day Care Centre, Kids Play Area, Barbeque Area, Mosque, Community Centre",,"Nearby Schools, Nearby Hospitals, Nearby Shopping Malls, Nearby Restaurants, Distance From Airport (kms), Nearby Public Transport Service, Other Nearby Places","Maintenance Staff, Security Staff, Laundry or Dry Cleaning Facility, Communal/Shared Kitchen, Facilities for Disabled",,,
https://www.zameen.com/Property/mpchs_multi_gardens_mpchs_-_block_b_780sqft_2_bed_flat_for_sale_at_b_block_mini_markaz_at_b17_islamabad-53247263-3117-1.html,Flat,PKR65 Lakh,2,3.5 Marla,For Sale,2,1 week ago,"B-17, Islamabad, Islamabad Capital","-780sqft 2 Bed Flat for Sale At B Block Mini Markaz, At B17, Islamabad -1st Floor, CDA Area, Multi Transfer Flat -1 KM from Gate # 1. -Masjid, Park, School At Walking Distance -Family Flats","Built in year: 2020, Parking Spaces, Flooring, Floor, Floors in Building: 3, Other Main Features","Bedrooms: 2, Bathrooms: 2, Drawing Room, Dining Room, Kitchens: 1, Lounge or Sitting Room",,,,"Nearby Schools, Nearby Hospitals, Nearby Shopping Malls, Nearby Restaurants, Nearby Public Transport Service",,,,
https://www.zameen.com/Property/g_10_markaz_veranda_executive_park_face_luxury_apartment_for_sale-51721113-21775-1.html,House,PKR5.4 Crore,3,9.2 Marla,For Sale,3,4 weeks ago,"G-10, Islamabad, Islamabad Capital","Veranda Executive G10 Invest in Luxury, Secure Your Future Limited Spots Available! APARTMENT DETAILS: - 3Bed apartment, facing to park - 2nd Floor, - Total Area is 2064 sq. ft - 3bedrooms with park facing balconies, 3 attached washrooms, Ample size kitchen, TV lounge with dining area Rate: Rs. 27000 per sq. ft Only Key Features: - Spacious terraces facing park, Sun and Margalla Hills - E Car parking facility. Double basement parking - Face detection entrance from a reception area - Luxurious finishes and world-class amenities - 24/7 CCTV surveillance and manned security - Family-friendly environment with secure entrance and access control - Lush green park with serene views and fresh air - Dedicated children's area with playground - Rapid appreciation in property value - High rental yields - Secure and low-risk investment - Potential for long-term capital growth Don't Miss Out! Secure your dream home and profitable investment today! Contact Us: Nouman builders (Pvt) Ltd. Visit us to book your spot! Hurry! Only a few spots left!","Built in year: 2024, Parking Spaces: 1, Double Glazed Windows, Central Air Conditioning, Central Heating, Flooring, Electricity Backup, Waste Disposal, Floors: 2, Other Main Features, Furnished","Bedrooms: 3, Bathrooms: 4, Servant Quarters: 1, Drawing Room, Dining Room, Kitchens: 1, Study Room, Prayer Room, Powder Room, Gym, Store Rooms: 1, Steam Room, Lounge or Sitting Room, Laundry Room, Other Rooms","Broadband Internet Access, Satellite or Cable TV Ready, Intercom, Other Business and Communication Facilities","Community Lawn or Garden, Community Swimming Pool, Community Gym, First Aid or Medical Centre, Day Care Centre, Kids Play Area, Barbeque Area, Mosque, Community Centre, Other Community Facilities","Lawn or Garden, Swimming Pool, Sauna, Jacuzzi, Other Healthcare and Recreation Facilities","Nearby Schools, Nearby Hospitals, Nearby Shopping Malls, Nearby Restaurants, Distance From Airport (kms), Nearby Public Transport Service, Other Nearby Places","Maintenance Staff, Security Staff, Other Facilities",PKR3.8 Crore,PKR8 Lakh,20 Months
https://www.zameen.com/Property/f_11_markaz_al-safa_heights_one_bed_apartment_available_for_sale_best_investment_rental_value_1_lac-49402943-12044-1.html,Flat,PKR2 Crore,1,5.6 Marla,For Sale,1,2 months ago,"F-11, Islamabad, Islamabad Capital",one bed attach bath tv lounge kitchen Terres fully renovated tile flooring seeling roof family environment under ground car parking 24/7 security rental value 1 lac for any information plz contact us video available,"Built in year: 2021, Parking Spaces: 1, Lobby in Building, Double Glazed Windows, Central Air Conditioning, Central Heating, Flooring, Electricity Backup, Waste Disposal, Floor: 10, Floors in Building: 11, Elevators: 2, Service Elevators in Building, Other Main Features, Furnished","Bedrooms: 3, Bathrooms: 3, Servant Quarters: 1, Drawing Room, Dining Room, Kitchens: 1, Study Room, Prayer Room, Powder Room, Gym, Store Rooms: 1, Steam Room, Lounge or Sitting Room, Laundry Room, Other Rooms","Broadband Internet Access, Satellite or Cable TV Ready, Business Center or Media Room in Building, Conference Room in Building, Intercom, ATM Machines, Other Business and Communication Facilities","Community Lawn or Garden, Community Swimming Pool, Community Gym, First Aid or Medical Centre, Day Care Centre, Kids Play Area, Barbeque Area, Mosque, Community Centre, Other Community Facilities","Sauna, Jacuzzi, Other Healthcare and Recreation Facilities","Nearby Schools, Nearby Hospitals, Nearby Shopping Malls, Nearby Restaurants, Distance From Airport (kms), Nearby Public Transport Service, Other Nearby Places","Maintenance Staff, Security Staff, Laundry or Dry Cleaning Facility, Communal/Shared Kitchen, Facilities for Disabled, Pets Allowed, Other Facilities",,,
https://www.zameen.com/Property/islamabad_f-11_beautiful_house_for_sale_f11_666_sq_yards_cda_transfer_prime_location-53080851-163-1.html,House,PKR18.5 Crore,6,1 Kanal,For Sale,7,2 weeks ago,"F-11, Islamabad, Islamabad Capital",Beautiful Corner House for Sale F-11 500 sq yards Outstanding location 8 Bedrooms 3 Story House FURTHER INFORMATION CALL REALTY RITES ASSOCIATES & BUILDERS F11 MARKAZ ISLAMABAD,"Built in year: 2025, Parking Spaces, Double Glazed Windows, Central Air Conditioning, Central Heating, Flooring, Electricity Backup, Waste Disposal, Other Main Features, Furnished","Bedrooms: 3, Bathrooms: 4, Drawing Room, Dining Room, Kitchens, Study Room, Prayer Room, Powder Room, Gym, Store Rooms, Steam Room, Lounge or Sitting Room, Laundry Room, Other Rooms","Broadband Internet Access, Satellite or Cable TV Ready, Intercom, Other Business and Communication Facilities","Community Lawn or Garden, Community Swimming Pool, Community Gym, First Aid or Medical Centre, Day Care Centre, Kids Play Area, Barbeque Area, Mosque, Community Centre, Other Community Facilities","Sauna, Jacuzzi, Other Healthcare and Recreation Facilities","Nearby Schools, Nearby Hospitals, Nearby Shopping Malls, Nearby Restaurants, Distance From Airport (kms), Nearby Public Transport Service, Other Nearby Places","Maintenance Staff, Security Staff, Facilities for Disabled, Other Facilities",,,
https://www.zameen.com/Property/islamabad_korang_town_6_marla_brand_new_designer_house_for_sale_in_korang_town_islamabad-53299579-445-1.html,House,PKR3.2 Crore,6,6 Marla,For Sale,4,2 weeks ago,"Korang Town, Islamabad, Islamabad Capital",6 Marla Brand New House For Sale. Modern Designer House Fore Sale In Korang Town Safari Block. Korang Safari 4 Bedrooms 2 Drawing Rooms 2 Kitchens 2 Tv Lounges 1 Servant Quarter 6 Washrooms Terrace View. Demand 3.20,"Built in year: 2025, Parking Spaces: 3, Double Glazed Windows, Central Air Conditioning, Central Heating, Flooring, Electricity Backup, Waste Disposal, Other Main Features, Furnished","Bedrooms: 5, Bathrooms: 5, Servant Quarters: 1, Drawing Room, Dining Room, Kitchens: 2, Study Room, Prayer Room, Powder Room, Gym, Store Rooms: 2, Steam Room, Lounge or Sitting Room, Laundry Room, Other Rooms","Broadband Internet Access, Satellite or Cable TV Ready, Intercom, Other Business and Communication Facilities","Community Lawn or Garden, Community Swimming Pool, Community Gym, First Aid or Medical Centre, Day Care Centre, Kids Play Area, Barbeque Area, Mosque, Community Centre, Other Community Facilities","Sauna, Jacuzzi, Other Healthcare and Recreation Facilities","Nearby Schools, Nearby Hospitals, Nearby Shopping Malls, Nearby Restaurants, Distance From Airport (kms), Nearby Public Transport Service, Other Nearby Places","Maintenance Staff, Security Staff, Facilities for Disabled, Other Facilities",,,
https://www.zameen.com/Property/ghauri_town_ghauri_town_phase_4_c2_cheapest_5_marla_house_-_6_bedrooms_-_registry_inteqal_ready_maina_town_attached_ghauri_town-53273596-16230-1.html,House,PKR1.05 Crore,6,5 Marla,For Sale,6,1 month ago,"Ghauri Town, Islamabad, Islamabad Capital","Urgent Sale - Investment Opportunity Location: Mahala Noor, Madina Town (Attached to Ghory Town) Property: 5 Marla House Price: 105 Lakhs (Best & Cheapest in Area) Property Features: 6 Bedrooms 6 Bathrooms 2 TV Lounges 2 Kitchens 2 Electricity Meters Gas Meter Installed Registry Transfer Ready Why Buy This House? Perfect for Large Families or Joint Families Ideal for Investment - High Rental Demand All Utilities Available Legal Documents Clear Lowest Price in the Area Contact Immediately for Site Visit & Deal: AQ Khan Real Estate View Contact Detail www. aqkhanrealestate. com *Urgent Sale - Dont Miss This Opportunity!","Built in year: 2012, Parking Spaces: 1, Double Glazed Windows, Central Air Conditioning, Central Heating, Flooring, Electricity Backup, Waste Disposal, Floors: 2, Other Main Features","Bedrooms: 3, Bathrooms: 4, Servant Quarters: 1, Drawing Room, Dining Room, Kitchens: 2, Study Room, Prayer Room, Powder Room, Store Rooms: 1, Lounge or Sitting Room, Laundry Room","Broadband Internet Access, Satellite or Cable TV Ready, Intercom, Other Business and Communication Facilities","Community Lawn or Garden, Community Swimming Pool, Community Gym, First Aid or Medical Centre, Day Care Centre, Kids Play Area, Barbeque Area, Mosque, Community Centre, Other Community Facilities","Lawn or Garden, Swimming Pool","Nearby Schools, Nearby Hospitals, Nearby Shopping Malls, Nearby Restaurants, Distance From Airport (kms), Nearby Public Transport Service, Other Nearby Places","Maintenance Staff, Security Staff, Facilities for Disabled, Other Facilities",,,
https://www.zameen.com/Property/f_10_f-10_4_exquisite_8-bedroom_designer_luxury_house_near_f-10_markaz_vip_lift_cinema_steam_room-53281429-3279-1.html,House,PKR78 Crore,7,2 Kanal,For Sale,8,1 month ago,"F-10, Islamabad, Islamabad Capital","Presenting a Masterpiece of Modern Luxury in Prime Islamabad We are proud to introduce a brand-new, architecturally stunning designer home, completed in 2025, in a highly sought-after location close to F-10 Markaz. This isn't just a house; it's a statement of elite living, crafted with uncompromising quality and attention to detail for the most discerning buyer. Property Overview: Location: Prime double road, near F-10 Markaz, Islamabad. Plot Size: 2.25 Kanal Covered Area: 18,000 Square Feet Price: PKR 78 Crore Key Luxury Features: Spacious Layout: 8 generously sized and luxuriously appointed bedrooms. VIP Luxury Lift: Effortless access to all floors. Private Home Cinema: A state-of-the-art theater for the ultimate entertainment experience. Elegant Bar & Lounge: A sophisticated space for hosting and relaxation. Resort-Style Wellness Area: Featuring a large swimming pool and a dedicated steam room for a complete spa-like experience at home. Noise-Free Design: Expertly constructed to ensure a peaceful and serene living environment. Fully Furnished: Offered as a turn-key luxury solution, exquisitely furnished with high-end materials. Ample Parking: Secure parking for 6 cars. Interior & Design Highlights: This home is a testament to superior design. Every corner reflects sophistication, from the noise-free staircase to the luxury fittings in all 8 bathrooms. The 18,000 sq ft of covered space is intelligently designed to offer grand living areas, perfect for both private family life and large-scale entertaining. The inclusion of a private steam room adds a layer of ultimate relaxation and luxury. Location & Accessibility: Nestled on a main double road near F-10 Markaz, this property offers unparalleled convenience. You are just minutes away from the best schools, shopping centers, restaurants, and healthcare facilities that Islamabad has to offer. This is a rare opportunity to acquire a truly one-of-a-kind, modern luxury residence. It is ready to move in and designed for those who accept nothing but the best. Contact us today for an exclusive viewing. Serious buyers only.","Built in year: 2025, Parking Spaces: 6, Double Glazed Windows, Central Air Conditioning, Central Heating, Flooring, Electricity Backup, Waste Disposal, Floors: 3, Other Main Features, Furnished","Bedrooms: 8, Bathrooms: 9, Servant Quarters: 1, Drawing Room, Dining Room, Kitchens: 4, Study Room, Prayer Room, Powder Room, Gym, Store Rooms: 2, Steam Room, Lounge or Sitting Room, Laundry Room, Other Rooms","Broadband Internet Access, Satellite or Cable TV Ready, Intercom, Other Business and Communication Facilities","Community Lawn or Garden, Community Swimming Pool, Community Gym, First Aid or Medical Centre, Day Care Centre, Kids Play Area, Barbeque Area, Mosque, Community Centre, Other Community Facilities","Lawn or Garden, Other Healthcare and Recreation Facilities","Nearby Schools, Nearby Hospitals, Nearby Shopping Malls, Nearby Restaurants, Distance From Airport (kms), Nearby Public Transport Service, Other Nearby Places","Maintenance Staff, Security Staff, Facilities for Disabled, Other Facilities",,,
https://www.zameen.com/Property/islamabad_e-11_e-11_2_residential_building_one_bed_apartment_available_for_sale-51163013-329-1.html,Flat,PKR78 Lakh,1,2.9 Marla,For Sale,1,3 weeks ago,"E-11, Islamabad, Islamabad Capital",one bed room studio apartment in E -11 Islamabad on bed attach bath tv lounge kitchen fully furnished coming rent 47 k reasonable price residential building under ground car parking,"Built in year: 2019, Parking Spaces: 3, Central Air Conditioning, Central Heating, Flooring, Electricity Backup, Waste Disposal, Floor: 12, Floors in Building: 14, Elevators: 8, Service Elevators in Building, Other Main Features",Other Rooms,"Broadband Internet Access, Satellite or Cable TV Ready, ATM Machines, Other Business and Communication Facilities","Community Lawn or Garden, Community Swimming Pool, Community Gym, First Aid or Medical Centre, Day Care Centre, Kids Play Area, Barbeque Area, Mosque, Community Centre, Other Community Facilities",,"Nearby Schools, Nearby Hospitals, Nearby Shopping Malls, Nearby Restaurants, Distance From Airport (kms), Nearby Public Transport Service, Other Nearby Places","Maintenance Staff, Security Staff, Other Facilities",,,
https://www.zameen.com/Property/dha_defence_phase_2_defence_residency_block_7_2_bedroom_2_bathroom_tv_lounge_open_kitchen_family_apartment_family_park_car_parking_water_filtration_plant_al_ghurair_gigs_dha_phase_2_islamabad-53026118-9914-1.html,Flat,PKR73 Lakh,2,3.6 Marla,For Sale,2,1 month ago,"DHA Defence, Islamabad, Islamabad Capital","Beautiful Location Giga Mall The Location Of Defence Residency Is A Highly Demanded One Which Makes It An Opportunity For All. Islamabad Is Popular For Its Real Estate Developments So Book Your Unit As Soon As Possible. Looking For An Affordable Flat In Defence Residency? We Might Have The Right Units Lined Up For You. Looking To Buy Property? We Have The Best Options For You. 804 Square Feet Is Best To Plan Your Dream Home, So What Are You Waiting For. PKR Rs. 7300000 Is A Good Asking Price For The Flat So Don'T Delay Your Decision Further. Don'T Hesitate To Seek Further Information, Contact Us.","Built in year: 2017, Parking Spaces, Lobby in Building, Double Glazed Windows, Central Air Conditioning, Central Heating, Flooring, Electricity Backup, Waste Disposal, Floor, Floors in Building: 8, Elevators: 2, Service Elevators in Building, Other Main Features, Furnished","Bedrooms: 2, Bathrooms: 2, Servant Quarters: 1, Drawing Room, Dining Room, Kitchens, Study Room, Prayer Room, Powder Room, Gym, Store Rooms, Steam Room, Lounge or Sitting Room, Laundry Room, Other Rooms","Broadband Internet Access, Satellite or Cable TV Ready, Business Center or Media Room in Building, Conference Room in Building, Intercom, ATM Machines, Other Business and Communication Facilities","Community Lawn or Garden, Community Swimming Pool, Community Gym, First Aid or Medical Centre, Day Care Centre, Kids Play Area, Barbeque Area, Mosque, Community Centre, Other Community Facilities","Sauna, Jacuzzi, Other Healthcare and Recreation Facilities","Nearby Schools, Nearby Hospitals, Nearby Shopping Malls, Nearby Restaurants, Distance From Airport (kms), Nearby Public Transport Service, Other Nearby Places","Maintenance Staff, Security Staff, Laundry or Dry Cleaning Facility, Communal/Shared Kitchen, Facilities for Disabled, Pets Allowed, Other Facilities",,,
https://www.zameen.com/Property/e_11_madina_tower_madina_tower_near_to_marghla_road_f-11_one_bed_room_apartment-53197038-11138-1.html,Flat,PKR1.25 Crore,2,4.4 Marla,For Sale,1,5 days ago,"E-11, Islamabad, Islamabad Capital",madina tower E-11/4 Islamabad one bed room apartment #Flat 1 bed attach bath tv lounge with bath room kitchen 1000 S/F size best for investment unfurnished rental value 55 furnished rental value 80 k for more information plz contact us,,,,,,,,,,
https://www.zameen.com/Property/islamabad_national_police_foundation_5_marla_brand_new_house_available_in_national_police_foundation_o-9_block_c-53319729-434-1.html,House,PKR2.5 Crore,4,5 Marla,For Sale,3,4 days ago,"National Police Foundation, Islamabad, Islamabad Capital",Double unit It has 3bedrooms with attached Bath dd tvl kitchen etc For more details please call,"Built in year: 2025, Parking Spaces, Flooring, Electricity Backup, Floors",,,,,"Nearby Schools, Nearby Hospitals, Nearby Shopping Malls, Nearby Restaurants, Distance From Airport (kms), Nearby Public Transport Service, Other Nearby Places","Security Staff, Other Facilities",,,
https://www.zameen.com/Property/top_city_1_top_city_1_-_block_c_brand_new_furnished_apartment_for_sale_at_time_square-53280355-9232-1.html,Flat,PKR75 Lakh,1,2.7 Marla,For Sale,1,4 days ago,"Top City 1, Islamabad, Islamabad Capital","All categories Plots Available at Top city in best Market Rates. Kanal 10 Marla 5 Marla Corner, Parkface Commercial and Residential Briqs Developer And Marketing Offer A Prime Location Residential Plot In Top City 1 Islamabad 5 Marla 10 Marla and Kanal Also Commercial in All Catergries. The ideal location of TopCity-1 near Kashmir Highway, is one of its most attractive features. Although the housing society is located at a 20-minute drive from downtown G 11 Markaz Islamabad, it can be easily accessed through Kashmir Highway, Lahore and Islamabad Motorways and Grand Trunk Road. The new Islamabad International Airport is also situated at a distance of approximately 3 kilometers from TopCity-1. That means it will take residents just 5 minutes to reach the airport through New Islamabad Airport Road. It is also connected by a grand and an exclusive Interchange making a Loop on Kashmir Highway giving direct access to residents in TopCity-1. The under development public transit metro bus service connects TopCity-1 through two terminals while the International CPEC City is located at a short distance.","Built in year: 2025, Parking Spaces, Double Glazed Windows, Central Air Conditioning, Central Heating, Flooring, Electricity Backup, Waste Disposal, Floor, Elevators, Service Elevators in Building, Other Main Features, Furnished","Bedrooms: 3, Bathrooms: 3, Kitchens: 2, Store Rooms","Broadband Internet Access, Satellite or Cable TV Ready","Community Lawn or Garden, First Aid or Medical Centre",,"Nearby Schools, Nearby Hospitals, Nearby Shopping Malls, Nearby Restaurants, Distance From Airport (kms)","Maintenance Staff, Security Staff, Facilities for Disabled",,,
https://www.zameen.com/Property/gulberg_greens_gulberg_heights_furnished_1_bed_apartment_for_sale_in_gulberg_heights_cheapest_deal_in_gulberg_heights-53265823-19298-1.html,Flat,PKR1.2 Crore,1,4.2 Marla,For Sale,1,6 days ago,"Gulberg, Islamabad, Islamabad Capital","Looking for the best investment opportunity in Gulberg Greens? Presenting a beautifully furnished 1-bed apartment in Gulberg Heights, available at the cheapest investor rate in the market! Property Details: Location: Gulberg Heights, Gulberg Greens Islamabad 1 Spacious Bedroom Fully Furnished (with modern furniture & appliances) Dedicated Parking High-end building with lifts, security & maintenance 24/7 water, electricity & standby generator Why Buy This Apartment? Ideal for investors guaranteed rental income Perfect for short/long-term living Prime location on Main Boulevard Ready-to-move & possession available Price: Investor Rate Cheapest in Gulberg! Contact: View Contact Detail Dar o Deewar Real Estate Trust What Matters","Parking Spaces, Flooring, Electricity Backup, Floors in Building: 6",,,,,"Nearby Schools, Nearby Hospitals, Nearby Shopping Malls, Nearby Restaurants, Distance From Airport (kms), Nearby Public Transport Service, Other Nearby Places",,,,
https://www.zameen.com/Property/f_11_f-11_markaz_fully_luxury_furnished_3_bedroom_apartment_for_sale-53302481-3286-1.html,Flat,PKR4.5 Crore,3,10.7 Marla,For Sale,3,1 month ago,"F-11, Islamabad, Islamabad Capital",Apartment For Sale Brand New Fully Luxury Furnished * 3 Bedroom * 3 Bath * TV Lounge * Kitchen * Drawing Dining * Servant Quarter * Big Size 2400 SQFT * Demand 4.50 Cror * Family Tower * 24/7 Security Basement Car Parking * Mellineum Height F11 Markaz Islamabad,"Built in year: 2015, Parking Spaces: 2, Lobby in Building, Double Glazed Windows, Central Air Conditioning, Central Heating, Flooring, Electricity Backup, Waste Disposal, Floor: 3, Floors in Building: 5, Elevators: 2, Service Elevators in Building, Other Main Features, Furnished","Bedrooms: 3, Bathrooms: 4, Servant Quarters: 1, Drawing Room, Dining Room, Kitchens: 1, Study Room, Prayer Room, Powder Room, Gym, Store Rooms: 1, Steam Room, Lounge or Sitting Room, Laundry Room, Other Rooms","Broadband Internet Access, Satellite or Cable TV Ready, Business Center or Media Room in Building, Conference Room in Building, Intercom, Other Business and Communication Facilities","Community Lawn or Garden, Community Swimming Pool, Community Gym, First Aid or Medical Centre, Day Care Centre, Kids Play Area, Barbeque Area, Mosque, Community Centre, Other Community Facilities","Sauna, Jacuzzi, Other Healthcare and Recreation Facilities","Nearby Schools, Nearby Hospitals, Nearby Shopping Malls, Nearby Restaurants, Distance From Airport (kms), Nearby Public Transport Service, Other Nearby Places","Maintenance Staff, Security Staff, Laundry or Dry Cleaning Facility, Communal/Shared Kitchen, Facilities for Disabled, Pets Allowed, Other Facilities",,,
https://www.zameen.com/Property/dha_phase_1_sector_f_dha_phase_1_-_defence_villas_corner_with_9_marla_extra_land_dha_villa_for_sale-53303002-3075-1.html,House,PKR4.75 Crore,4,11 Marla,For Sale,3,2 days ago,"DHA Defence, Islamabad, Islamabad Capital","4 Side Open Corner DHA Villa With 9 Marla Extra Land For Sale. 9 Marla Extra Land Paid Drawing, Dinning, Kitchen, Living, Powder Room, Laundry Area, Lawn on Back and Side, Separate Entrance Servant Room with Bath, 3 Master size Bedroom With Huge Bathrooms. Call for more details","Built in year, Parking Spaces, Double Glazed Windows, Central Air Conditioning, Central Heating, Flooring, Electricity Backup, Waste Disposal, Floors: 2, Other Main Features, Furnished","Bedrooms: 3, Bathrooms: 4, Servant Quarters, Drawing Room, Dining Room, Kitchens: 1, Study Room, Prayer Room, Powder Room, Gym, Store Rooms, Steam Room, Lounge or Sitting Room, Laundry Room, Other Rooms","Broadband Internet Access, Satellite or Cable TV Ready, Intercom, Other Business and Communication Facilities","Community Lawn or Garden, Community Gym, First Aid or Medical Centre, Kids Play Area, Barbeque Area, Mosque, Community Centre","Lawn or Garden, Jacuzzi, Other Healthcare and Recreation Facilities","Nearby Schools, Nearby Hospitals, Nearby Shopping Malls, Nearby Restaurants, Distance From Airport (kms), Nearby Public Transport Service, Other Nearby Places","Maintenance Staff, Security Staff, Facilities for Disabled, Other Facilities",,,
https://www.zameen.com/Property/islamabad_e-11_triple_storey_house_for_sale_on_main_double_road_e_11_islamabad-53094021-329-1.html,House,PKR17 Crore,7,1 Kanal,For Sale,8,2 weeks ago,"E-11, Islamabad, Islamabad Capital",Tripple Story House For Sale On Main Double Road E/11 Islamabad Tile Flooring Rental Value 6/8 Lac (unfurnished) Margla Phase 8 Bedrooms With Attached Bathrooms 2 drawing and dinning rooms Double Gate 4 car parking inside American design,"Built in year: 2017, Parking Spaces: 4, Double Glazed Windows, Central Air Conditioning, Central Heating, Flooring, Electricity Backup, Waste Disposal, Floors: 3, Other Main Features","Bedrooms: 8, Bathrooms: 10, Servant Quarters: 2, Drawing Room, Dining Room, Kitchens: 3, Study Room, Prayer Room, Powder Room, Gym, Store Rooms: 2, Steam Room, Lounge or Sitting Room, Laundry Room, Other Rooms","Broadband Internet Access, Satellite or Cable TV Ready, Intercom, Other Business and Communication Facilities","Community Lawn or Garden, Community Swimming Pool, Community Gym, First Aid or Medical Centre, Day Care Centre, Kids Play Area, Barbeque Area, Mosque, Community Centre, Other Community Facilities","Lawn or Garden, Swimming Pool, Sauna, Jacuzzi, Other Healthcare and Recreation Facilities","Nearby Schools, Nearby Hospitals, Nearby Shopping Malls, Nearby Restaurants, Distance From Airport (kms), Nearby Public Transport Service, Other Nearby Places","Security Staff, Other Facilities",,,
https://www.zameen.com/Property/g_10_g-10_markaz_2_bed_luxury_apartment_for_sale_in_heart_of_islamabad_4_year_installment_available-52705508-3328-1.html,Flat,PKR3.7 Crore,2,5.9 Marla,For Sale,2,1 month ago,"G-10, Islamabad, Islamabad Capital","GREEN VIEW APARTMENTS, A modern high-rise project in G-10 Islamabad, featuring luxurious residential apartment units designed with high-quality materials and sustainable practices. The units will range from 1 to 3-bedroom apartments and luxurious penthouses, catering to diverse family needs and preferences. Residents will enjoy top-tier amenities, including a prayer hall, fast elevators, gym, cafe, and secure basement car parking. The project emphasizes safety with robust security measures, including 24/7 surveillance and controlled access points. Combining contemporary living with eco-friendly design, this project promises a superior quality of life, offering both elegance and functionality in a stunning natural setting","Built in year: 2010, Parking Spaces, Lobby in Building, Double Glazed Windows, Central Air Conditioning, Flooring, Electricity Backup, Waste Disposal, Floor: 3, Floors in Building: 10, Elevators: 3, Furnished","Bedrooms: 2, Bathrooms: 2, Servant Quarters: 1, Drawing Room, Dining Room, Kitchens: 1, Study Room, Powder Room, Store Rooms: 1, Lounge or Sitting Room, Laundry Room","Broadband Internet Access, Satellite or Cable TV Ready, Business Center or Media Room in Building, Conference Room in Building, Intercom, ATM Machines","Community Lawn or Garden, Community Swimming Pool, Community Gym, First Aid or Medical Centre, Day Care Centre, Kids Play Area, Barbeque Area, Mosque, Community Centre","Sauna, Jacuzzi","Nearby Schools, Nearby Hospitals, Nearby Shopping Malls, Nearby Restaurants, Distance From Airport (kms), Nearby Public Transport Service, Other Nearby Places","Maintenance Staff, Security Staff, Facilities for Disabled, Other Facilities",,,
https://www.zameen.com/Property/e_11_madina_tower_e-11_near_to_f-11_margalla_road_2_bed_brand_new_apartment-49084239-11138-1.html,Flat,PKR1.6 Crore,2,5.9 Marla,For Sale,2,3 weeks ago,"E-11, Islamabad, Islamabad Capital",2 Bed Attach Bath Tv Lounge Kitchen Big Terrace Open View Tile Flooring Brand New Building Brand New Apartment 24/7 Security Camera 2 Floor Car Parking Near To Main Marghla Road 5 Mint Walking Distance From F-11 Markaz Best Time To Investment For More Information Please Contact Us,"Built in year: 2023, Parking Spaces: 2, Lobby in Building, Double Glazed Windows, Central Air Conditioning, Central Heating, Flooring, Electricity Backup, Waste Disposal, Floor: 10, Floors in Building: 11, Elevators: 2, Service Elevators in Building, Other Main Features, Furnished","Bedrooms: 2, Bathrooms: 2, Servant Quarters: 1, Drawing Room, Dining Room, Kitchens: 1, Study Room, Prayer Room, Powder Room, Gym, Store Rooms: 1, Steam Room, Lounge or Sitting Room, Laundry Room","Broadband Internet Access, Satellite or Cable TV Ready, Business Center or Media Room in Building, Conference Room in Building, Intercom, ATM Machines, Other Business and Communication Facilities","Community Lawn or Garden, Community Swimming Pool, Community Gym, First Aid or Medical Centre, Day Care Centre, Kids Play Area, Barbeque Area, Mosque, Community Centre, Other Community Facilities","Sauna, Jacuzzi","Nearby Schools, Nearby Hospitals, Nearby Shopping Malls, Nearby Restaurants, Distance From Airport (kms), Nearby Public Transport Service, Other Nearby Places","Maintenance Staff, Security Staff, Laundry or Dry Cleaning Facility, Communal/Shared Kitchen, Facilities for Disabled, Pets Allowed, Other Facilities",,,
https://www.zameen.com/Property/jinnah_gardens_jinnah_gardens_phase_1_8_marla_designer_house_double_storey_near_jinnah_gardens_fechs_islamabad-51946218-1421-1.html,House,PKR3 Crore,5,8 Marla,For Sale,5,1 month ago,"FECHS, Islamabad, Islamabad Capital","8 Marla Brand New House in Jinnah Garden Phase-1, Islamabad 5 Bedrooms with Attached Bathrooms 2 Designer American Style Kitchen 2 TV Lounge (Living Area cum Dinning Area) 2 Drawing Rooms Powder Bath 1 Store Room on Roof Top Wide Parking For 2 Cars in Porch Executive Terrace with Sitting Area Managed Ventilation Areas Good Accommodation 35-40 Ft Wide Street Price Negotiable. If You Are Interested to Visit, Please Call on the Given Number.","Built in year, Parking Spaces, Double Glazed Windows, Central Heating, Flooring, Electricity Backup, Waste Disposal, Floors: 3, Other Main Features","Bedrooms: 4, Bathrooms: 4, Servant Quarters: 1, Drawing Room, Dining Room, Kitchens: 2, Study Room, Prayer Room, Powder Room, Store Rooms: 1, Other Rooms","Broadband Internet Access, Satellite or Cable TV Ready, Other Business and Communication Facilities","Community Lawn or Garden, Community Swimming Pool, Community Gym, First Aid or Medical Centre, Day Care Centre, Kids Play Area, Barbeque Area, Mosque, Community Centre, Other Community Facilities","Lawn or Garden, Swimming Pool, Other Healthcare and Recreation Facilities","Nearby Schools, Nearby Hospitals, Nearby Shopping Malls, Nearby Restaurants, Distance From Airport (kms), Nearby Public Transport Service, Other Nearby Places",Security Staff,PKR1.05 Crore,PKR19.5 Lakh,10 Months
https://www.zameen.com/Property/islamabad_f-7_f-8_house_for_sale-49855153-165-1.html,House,PKR1.8 Arab,5,4 Kanal,For Sale,7,2 months ago,"F-7, Islamabad, Islamabad Capital","Marriott Estate And Builders Offer a Ideal House having following properties:- 1. Have 7 bedrooms with attached washrooms. 2. Two advanced kitchens. 3. Two T. V lounges, 4. Drawing room 5. Dining room, 6. Beautiful lawn 7. Terrace, 8. Servant rooms 9. Multiple car parkings 10. Installed air conditioners, 11. Central heating system 12. Water bore. We have also multiple options available for sale and rent in sectors F-6, F-7, F-8, E-7, G-6(3) F-10, F-11 Islamabad For further assistance please contact with us.","Built in year: 2009, Parking Spaces: 7, Double Glazed Windows, Central Air Conditioning, Central Heating, Flooring, Electricity Backup, Waste Disposal, Floors: 2, Other Main Features, Furnished","Bedrooms: 4, Bathrooms: 5, Servant Quarters: 2, Drawing Room, Dining Room, Kitchens: 2, Study Room, Prayer Room, Powder Room, Gym, Steam Room, Lounge or Sitting Room, Laundry Room, Other Rooms","Broadband Internet Access, Satellite or Cable TV Ready, Intercom, Other Business and Communication Facilities","Community Lawn or Garden, Community Gym, First Aid or Medical Centre, Day Care Centre, Kids Play Area, Barbeque Area, Mosque, Community Centre, Other Community Facilities","Lawn or Garden, Sauna, Jacuzzi","Nearby Schools, Nearby Hospitals, Nearby Shopping Malls, Nearby Restaurants, Distance From Airport (kms), Nearby Public Transport Service, Other Nearby Places","Maintenance Staff, Security Staff, Facilities for Disabled, Other Facilities",,,
https://www.zameen.com/Property/f_11_markaz_al-safa_heights_luxury_2_bed_apartment_for_sale_in_al-safa_heights_2-53287836-12044-1.html,Flat,PKR3.2 Crore,2,9.4 Marla,For Sale,2,22 hours ago,"F-11, Islamabad, Islamabad Capital","Luxury 2 Bed Apartment for Sale in Al Safa Heights 2, F-11 Markaz, Islamabad Property Details: Location: Al Safa Heights 2, F-11 Markaz, Islamabad Type: Apartment Bedrooms: 2 Size: 2115 Sq. Ft. (Exceptionally Spacious) Price: 3 crore 20 lac Property Highlights: *A truly generous 2115 sq. ft. layout, offering significantly more room than standard apartments in the area. Perfect for comfortable family living. *2 well-sized bedrooms, a bright and airy living/TV lounge, a separate dining area, and a modern kitchen. *This apartment offers direct access to the vibrant lifestyle of F-11 Markaz major banks, top-tier restaurants, trendy cafes, medical facilities, diagnostic centers, and pharmacies within the Markaz. Easy access to parks and open spaces in F-11 for leisure and recreation. Fatima Jinnah Park is also a short drive away. Excellent road links to all major sectors of Islamabad, including easy access to Srinagar Highway and the main avenues. Surrounded by renowned educational institutions and benefiting from the reliable infrastructure of the sector. * Secure Entry & 24/7 Security * High-Speed Lifts/Elevators * Backup Power/Generator Facility * Dedicated Parking (Basement/Designated) Don't miss this rare opportunity to own this apartment. Contact us today for viewing and further details.","Built in year: 2025, Parking Spaces: 3, Double Glazed Windows, Central Air Conditioning, Central Heating, Flooring, Electricity Backup, Waste Disposal, Other Main Features, Furnished","Bedrooms: 2, Bathrooms: 2, Servant Quarters: 2, Drawing Room, Dining Room, Kitchens: 1, Study Room, Prayer Room, Powder Room, Gym, Store Rooms: 1, Steam Room, Lounge or Sitting Room, Laundry Room, Other Rooms","Broadband Internet Access, Satellite or Cable TV Ready, Intercom, Other Business and Communication Facilities","Community Lawn or Garden, Community Swimming Pool, Community Gym, First Aid or Medical Centre, Day Care Centre, Kids Play Area, Barbeque Area, Mosque, Community Centre, Other Community Facilities","Sauna, Jacuzzi, Other Healthcare and Recreation Facilities","Nearby Schools, Nearby Hospitals, Nearby Shopping Malls, Nearby Restaurants, Distance From Airport (kms), Nearby Public Transport Service, Other Nearby Places","Maintenance Staff, Security Staff, Facilities for Disabled, Other Facilities",,,
https://www.zameen.com/Property/pwd_housing_scheme_pwd_housing_society_-_block_b_brand_new_3200_square_feet_house_for_sale_in_pwd_housing_society_-_block_b_islamabad-53126127-15003-1.html,House,PKR6.75 Crore,6,14.2 Marla,For Sale,6,2 weeks ago,"PWD Housing Scheme, Islamabad, Islamabad Capital","Buying a 3200 Square Feet property is a good option to live comfortably. Want to buy a property? Well, search no more, because we've got you covered! The PWD Housing Society - Block B is great to settle down, so you can start looking for options already. The prevailing market conditions make the price of Rs. 67500000 quite tempting. The futuristic House in Islamabad for sale. A well designed House in a posh location is all you need to live your best life. Following are some of the notable features of this property. Having a mosque nearby is a blessing and you can conveniently reach it in a few minutes. A spacious dining room is everything to host lavish dinners and with this one, you can do it too. Having a laundry space in the House comes in handy. Your kids can play to their heart's content in the play area adjoining the property. The property has space for you to design that ideal drawing room that will make you the perfect host. Host barbeque parties and entertain small gatherings at the adjoining barbeque area. For more details on the property, contact us today.","Built in year: 2007, Parking Spaces: 3, Double Glazed Windows, Central Air Conditioning, Central Heating, Flooring, Electricity Backup, Waste Disposal, Floors: 2, Other Main Features, Furnished","Bedrooms: 6, Bathrooms: 7, Servant Quarters: 1, Drawing Room, Dining Room, Kitchens: 2, Study Room, Prayer Room, Powder Room, Gym, Store Rooms: 2, Steam Room, Lounge or Sitting Room, Laundry Room, Other Rooms","Broadband Internet Access, Satellite or Cable TV Ready, Intercom, Other Business and Communication Facilities","Community Lawn or Garden, Community Swimming Pool, Community Gym, First Aid or Medical Centre, Day Care Centre, Kids Play Area, Barbeque Area, Mosque, Community Centre, Other Community Facilities","Lawn or Garden, Swimming Pool, Sauna, Jacuzzi, Other Healthcare and Recreation Facilities","Nearby Schools, Nearby Hospitals, Nearby Shopping Malls, Nearby Restaurants, Distance From Airport (kms), Nearby Public Transport Service, Other Nearby Places","Maintenance Staff, Security Staff, Facilities for Disabled, Other Facilities",,,
https://www.zameen.com/Property/pwd_housing_scheme_pwd_housing_society_-_block_b_brand_new_4500_square_feet_house_available_in_pwd_housing_society_-_block_b_for_sale-53126130-15003-1.html,House,PKR8.5 Crore,6,1 Kanal,For Sale,6,2 weeks ago,"PWD Housing Scheme, Islamabad, Islamabad Capital","Buy a House from an investment point of view in Islamabad and enjoy later. At a price of Rs. 85000000 this property can be the best investment option in this PWD Housing Society - Block B. It's high time to move to Islamabad with tonnes of new opportunities. Fully-furnished spaces for sale don't become available easily and if that's what you want, your search can definitely end here. Your search for properties sized 4500 Square Feet is now over! Go through this listing. Of all the locations that you could wish to buy property, none currently match PWD Housing Society - Block B in the potential returns on investment. Features of property as follow. Now you can plan mealtimes with more detail with a separate dining room that comes with this House. If you frequently have visitors, then this drawing room is the perfect space for seating them. Your kids can play to their heart's content in the play area adjoining the property. There are mosques near the House within walking distance. You can set your washing machine and laundry products conveniently in the laundry room of the House. Impress your friends and family by hosting a barbeque in the barbeque area adjoining the House. You can call or email us for further information.","Built in year: 2025, Parking Spaces: 2, Double Glazed Windows, Central Air Conditioning, Central Heating, Flooring, Electricity Backup, Waste Disposal, Floors: 2, Other Main Features, Furnished","Bedrooms: 3, Bathrooms: 3, Servant Quarters: 1, Drawing Room, Dining Room, Kitchens: 1, Study Room, Prayer Room, Powder Room, Gym, Store Rooms: 1, Steam Room, Lounge or Sitting Room, Laundry Room","Broadband Internet Access, Satellite or Cable TV Ready, Intercom, Other Business and Communication Facilities","Community Lawn or Garden, Community Swimming Pool, Community Gym, First Aid or Medical Centre, Day Care Centre, Kids Play Area, Barbeque Area, Mosque, Community Centre, Other Community Facilities","Lawn or Garden, Swimming Pool, Sauna, Jacuzzi, Other Healthcare and Recreation Facilities","Nearby Schools, Nearby Hospitals, Nearby Shopping Malls, Nearby Restaurants, Distance From Airport (kms), Nearby Public Transport Service, Other Nearby Places","Maintenance Staff, Security Staff, Facilities for Disabled, Other Facilities",,,
https://www.zameen.com/Property/pwd_housing_scheme_pwd_housing_society_-_block_a_well-constructed_brand_new_house_available_for_sale_in_pwd_housing_society_-_block_a-53162944-15004-1.html,House,PKR9 Crore,6,1 Kanal,For Sale,6,2 weeks ago,"PWD Housing Scheme, Islamabad, Islamabad Capital","Properties, right now, are at the best rates so a price of PKR Rs View Contact Detail is reasonable when it comes to recently developed properties. The rates in Islamabad at present are perfect for property purchase. You can be the owner of a beautiful property that just popped up for sale, so don't miss this opportunity. Take your pick from our inventory of a perfect 4500 Square Feet property. The House enjoys the ideal location of PWD Housing Society - Block A with notable landmarks nearby. If you are looking for a safe neighbourhood, the location of PWD Housing Society - Block A is ideal for you. Some of the prominent features of this property are as follows. Gather your family around and share the details of your day over dinner in the dining room that comes with your next home. Your kids can play to their heart's content in the play area adjoining the property. A well-equipped barbeque area comes with the House where you can host your parties. The mosque nearby provides a peaceful place for prayer and contemplation. You can organize and set your washing area as you like in the separate laundry room of the House. The property has space for you to design that ideal drawing room that will make you the perfect host. You can leave your contact details for our representative to call you.","Built in year: 2023, Parking Spaces: 3, Double Glazed Windows, Central Air Conditioning, Central Heating, Flooring, Electricity Backup, Waste Disposal, Floors: 2, Other Main Features, Furnished","Bedrooms: 6, Bathrooms: 6, Servant Quarters: 1, Drawing Room, Dining Room, Kitchens: 2, Study Room, Prayer Room, Powder Room, Gym, Store Rooms: 1, Steam Room, Lounge or Sitting Room, Laundry Room, Other Rooms","Broadband Internet Access, Satellite or Cable TV Ready, Intercom, Other Business and Communication Facilities","Community Lawn or Garden, Community Swimming Pool, Community Gym, First Aid or Medical Centre, Day Care Centre, Kids Play Area, Barbeque Area, Mosque, Community Centre, Other Community Facilities","Lawn or Garden, Swimming Pool, Sauna, Jacuzzi, Other Healthcare and Recreation Facilities","Nearby Schools, Nearby Hospitals, Nearby Shopping Malls, Nearby Restaurants, Distance From Airport (kms), Nearby Public Transport Service, Other Nearby Places","Maintenance Staff, Security Staff, Facilities for Disabled, Other Facilities",,,
https://www.zameen.com/Property/pwd_housing_scheme_pwd_housing_society_-_block_a_your_dream_brand_new_3200_square_feet_house_is_available_in_pwd_housing_society_-_block_a-53162942-15004-1.html,House,PKR7 Crore,6,14.2 Marla,For Sale,6,2 weeks ago,"PWD Housing Scheme, Islamabad, Islamabad Capital","If you want to buy this property, then please consider booking it quickly - because our offers (you should know) are as liquid as they come! The perfect 3200 Square Feet listing for your property needs are right within your reach. PWD Housing Society - Block A seems to be an in-demand location as all the buyers and investors are eyeing it. The seller has set the asking price very reasonable at Rs. 70000000. Buying a home Islamabad is easy. Let us help you. The future outlook of the House is positive, so don't waste time in thinking. You can read more about the property features below. The House has a mosque located at a walking distance from it. You can host your guests in the barbeque area adjoining the building. Your kids can play to their heart's content in the play area adjoining the property. The property's spacious drawing room is perfect for families who entertain guests frequently. A separate laundry room helps keep the rest of the house organized and free of any washing mess. Now you can entertain your foody guests with ease in the separate dining room that comes with this property. Contact us for booking details and information.","Built in year: 2025, Parking Spaces: 2, Double Glazed Windows, Central Air Conditioning, Central Heating, Flooring, Electricity Backup, Waste Disposal, Floors: 2, Other Main Features, Furnished","Bedrooms: 3, Bathrooms: 3, Servant Quarters: 1, Drawing Room, Dining Room, Kitchens: 1, Study Room, Prayer Room, Powder Room, Gym, Store Rooms: 1, Steam Room, Lounge or Sitting Room, Laundry Room","Broadband Internet Access, Satellite or Cable TV Ready, Intercom, Other Business and Communication Facilities","Community Lawn or Garden, Community Swimming Pool, Community Gym, First Aid or Medical Centre, Day Care Centre, Kids Play Area, Barbeque Area, Mosque, Community Centre, Other Community Facilities","Lawn or Garden, Swimming Pool, Sauna, Jacuzzi, Other Healthcare and Recreation Facilities","Nearby Schools, Nearby Hospitals, Nearby Shopping Malls, Nearby Restaurants, Distance From Airport (kms), Nearby Public Transport Service, Other Nearby Places","Maintenance Staff, Security Staff, Facilities for Disabled, Other Facilities",,,
https://www.zameen.com/Property/pwd_housing_scheme_pwd_housing_society_-_block_d_brand_new_2100_square_feet_house_available_in_pwd_housing_society_-_block_d_for_sale-53162943-15002-1.html,House,PKR4.5 Crore,5,9.3 Marla,For Sale,5,2 weeks ago,"PWD Housing Scheme, Islamabad, Islamabad Capital","This House is on the top of buyer's demand so don't let this opportunity slip. You can expect good returns on investment by booking your property at PKR Rs. 45000000 in the upcoming project. You can find the best properties in PWD Housing Society - Block D. We have got just the right property for you. So, stop whatever you're doing and grab your share as soon as possible. With real estate on the boom, investing in Islamabad is no less than an opportunity. Property is hard to find but 2100 Square Feet property is readily available in different locations. A few highlighting features of the property are as follows. A spacious laundry room is part of the House where you can install your washing machine. Your kids can play to their heart's content in the play area adjoining the property. Host barbeque parties and entertain small gatherings at the adjoining barbeque area. Having a mosque nearby is a blessing and you can conveniently reach it in a few minutes. An attached dining room makes it convenient to host your guests in privacy. Your guests will be left in admiration as they see your beautiful drawing room of this House. You can contact us now to know all about it!","Built in year: 2020, Parking Spaces: 250, Double Glazed Windows, Central Air Conditioning, Central Heating, Flooring, Electricity Backup, Waste Disposal, Floors: 2, Other Main Features, Furnished","Bedrooms: 1, Bathrooms: 1, Servant Quarters: 1, Drawing Room, Dining Room, Kitchens: 1, Study Room, Prayer Room, Powder Room, Gym, Store Rooms: 1, Steam Room, Lounge or Sitting Room, Laundry Room, Other Rooms","Broadband Internet Access, Satellite or Cable TV Ready, Intercom, Other Business and Communication Facilities","Community Lawn or Garden, Community Swimming Pool, Community Gym, First Aid or Medical Centre, Day Care Centre, Kids Play Area, Barbeque Area, Mosque, Community Centre, Other Community Facilities","Lawn or Garden, Swimming Pool, Sauna, Jacuzzi, Other Healthcare and Recreation Facilities","Nearby Schools, Nearby Hospitals, Nearby Shopping Malls, Nearby Restaurants, Distance From Airport (kms), Nearby Public Transport Service, Other Nearby Places","Maintenance Staff, Security Staff, Facilities for Disabled, Other Facilities",,,
https://www.zameen.com/Property/islamabad_f-7_f-8_house_for_sale-49855153-165-1.html,House,PKR1.8 Arab,5,4 Kanal,For Sale,7,2 months ago,"F-7, Islamabad, Islamabad Capital","Marriott Estate And Builders Offer a Ideal House having following properties:- 1. Have 7 bedrooms with attached washrooms. 2. Two advanced kitchens. 3. Two T. V lounges, 4. Drawing room 5. Dining room, 6. Beautiful lawn 7. Terrace, 8. Servant rooms 9. Multiple car parkings 10. Installed air conditioners, 11. Central heating system 12. Water bore. We have also multiple options available for sale and rent in sectors F-6, F-7, F-8, E-7, G-6(3) F-10, F-11 Islamabad For further assistance please contact with us.","Built in year: 2009, Parking Spaces: 7, Double Glazed Windows, Central Air Conditioning, Central Heating, Flooring, Electricity Backup, Waste Disposal, Floors: 2, Other Main Features, Furnished","Bedrooms: 4, Bathrooms: 5, Servant Quarters: 2, Drawing Room, Dining Room, Kitchens: 2, Study Room, Prayer Room, Powder Room, Gym, Steam Room, Lounge or Sitting Room, Laundry Room, Other Rooms","Broadband Internet Access, Satellite or Cable TV Ready, Intercom, Other Business and Communication Facilities","Community Lawn or Garden, Community Gym, First Aid or Medical Centre, Day Care Centre, Kids Play Area, Barbeque Area, Mosque, Community Centre, Other Community Facilities","Lawn or Garden, Sauna, Jacuzzi","Nearby Schools, Nearby Hospitals, Nearby Shopping Malls, Nearby Restaurants, Distance From Airport (kms), Nearby Public Transport Service, Other Nearby Places","Maintenance Staff, Security Staff, Facilities for Disabled, Other Facilities",,,
https://www.zameen.com/Property/al_ghurair_giga_al-ghurair_giga_-_block_7_flat_for_grabs_in_804_square_feet_islamabad-53009009-15133-1.html,Flat,PKR65 Lakh,2,2.7 Marla,For Sale,1,4 weeks ago,"DHA Defence, Islamabad, Islamabad Capital",Dha 2Residency good location corner flat One bed block 12 beautiful location,"Built in year: 2025, Parking Spaces: 1, Lobby in Building, Double Glazed Windows, Central Heating, Flooring, Electricity Backup, Floor: 3, Service Elevators in Building, Other Main Features","Bedrooms: 1, Bathrooms: 2, Drawing Room, Kitchens: 1, Other Rooms","Broadband Internet Access, Satellite or Cable TV Ready",Community Lawn or Garden,,,,,,
https://www.zameen.com/Property/g_11_g-11_3_flat_for_sale-53178773-3332-1.html,Flat,PKR2.06 Crore,2,3.1 Marla,For Sale,2,1 week ago,"G-11, Islamabad, Islamabad Capital","Ground Floor E Type 700 Sf Corner G11/3 ISB FGEHA Investing in a Flat in G-11/3 is a wise decision as it is quite sought-after. Grab the opportunity to own your own home in Islamabad with affordable housing options available. If you are looking to buy the best Flat in the prime locality in Islamabad, we can help! A favorably located property doesn't pop up often, so hurry up before it's too late. Looking for the most trusted 700 Square Feet options. Here is something to consider. This property available for as low as Rs. 20600000 right now has the potential to shoot up in value in no time at all. Important details of the property are listed below. On-duty security services ensure the building stays well-protected. You can spend your time in peace and quiet with a beautiful mosque situated near the Flat. No longer will you have to miss an update or suffer buffering as the project comprises broadband internet access among many other convenient facilities. A prayer room in the Flat is a great addition as a dedicated room for religious activity. For the ultimate luxury experience, the property also has a sauna for a healthier and relaxed state of body and mind. The society has an effective waste disposal service that ensures cleanliness. In summers, the community swimming pool can be a blessing for the building residents. Contact us now to get all the information you need.","Built in year: 2025, Parking Spaces, Lobby in Building, Double Glazed Windows, Central Air Conditioning, Central Heating, Flooring, Electricity Backup, Waste Disposal, Floor: 10, Floors in Building: 13, Other Main Features, Furnished","Bedrooms: 4, Bathrooms: 5, Servant Quarters, Drawing Room, Dining Room, Kitchens: 2, Study Room, Prayer Room, Gym, Store Rooms, Lounge or Sitting Room, Other Rooms","Broadband Internet Access, Satellite or Cable TV Ready, Intercom, Other Business and Communication Facilities","Community Lawn or Garden, Community Swimming Pool, Community Gym, First Aid or Medical Centre, Day Care Centre, Kids Play Area, Barbeque Area, Mosque, Community Centre, Other Community Facilities","Sauna, Jacuzzi, Other Healthcare and Recreation Facilities","Nearby Schools, Nearby Hospitals, Nearby Shopping Malls, Nearby Restaurants, Distance From Airport (kms), Nearby Public Transport Service, Other Nearby Places","Maintenance Staff, Security Staff, Facilities for Disabled, Other Facilities",,,
https://www.zameen.com/Property/dha_valley_dha_valley_-_lilly_sector_brand_new_5_marla_singel_storey_corner_house_dha_phase_7_rawalpindi-53315739-3214-1.html,House,PKR78 Lakh,2,5 Marla,For Sale,2,2 days ago,"DHA Defence, Islamabad, Islamabad Capital","5 Marla Single Story House for Sale Modern Design & Prime Location Discover your perfect home in this beautifully built 5 Marla single-story house, offering a blend of comfort, functionality, and style ideal for small families or first-time homeowners. Property Features: 2 Spacious Bedrooms with elegant finishing 1 Stylish TV Lounge perfect for family gatherings Dining Area with open and airy layout Modern Kitchen with quality fittings 2 Bathrooms with contemporary fixtures Laundry Area for added convenience Car Porch with ample parking space Open & Ventilated Design ensuring natural light and airflow","Built in year: 2020, Central Air Conditioning, Flooring, Floors: 1","Bedrooms: 2, Bathrooms: 2, Drawing Room, Dining Room, Kitchens: 1, Study Room, Gym, Store Rooms: 1, Lounge or Sitting Room","Broadband Internet Access, Satellite or Cable TV Ready, Intercom","Community Lawn or Garden, Community Gym, First Aid or Medical Centre, Day Care Centre, Kids Play Area, Barbeque Area, Mosque, Community Centre","Lawn or Garden, Sauna, Jacuzzi","Nearby Schools, Nearby Hospitals, Nearby Shopping Malls, Nearby Restaurants, Nearby Public Transport Service",,,,
https://www.zameen.com/Property/islamabad_new_blue_area_aspen_new_blue_area_apartments_for_sale_installed_ment_basis_opposite_to_centaurs_mall-53170954-16810-1.html,Flat,PKR13.28 Crore,2,9.8 Marla,For Sale,2,2 weeks ago,"New Blue Area, Islamabad, Islamabad Capital",New blue area Apartments for Sale opposite to the Centaurs one bedroom apartments two bedrooms 3 bedroom apartments 3 bedroom Penthouse. Per square ft demand 60000 thousand 30% down payment. 3.6 year installed ment Basis.,"Built in year: 2025, Parking Spaces: 2, Lobby in Building, Double Glazed Windows, Central Air Conditioning, Central Heating, Flooring, Electricity Backup, Waste Disposal, Floor: 9, Floors in Building: 29, Elevators: 6, Service Elevators in Building, Other Main Features, Furnished","Bedrooms: 2, Bathrooms: 2, Servant Quarters: 4, Drawing Room, Dining Room, Kitchens: 1, Study Room, Prayer Room, Powder Room, Gym, Store Rooms: 1, Steam Room, Lounge or Sitting Room, Laundry Room","Broadband Internet Access, Satellite or Cable TV Ready, Business Center or Media Room in Building, Conference Room in Building, Intercom, ATM Machines, Other Business and Communication Facilities","Community Lawn or Garden, Community Swimming Pool, Community Gym, First Aid or Medical Centre, Day Care Centre, Kids Play Area, Barbeque Area, Mosque, Community Centre, Other Community Facilities","Sauna, Jacuzzi, Other Healthcare and Recreation Facilities","Nearby Schools, Nearby Hospitals, Nearby Shopping Malls, Nearby Restaurants, Distance From Airport (kms), Nearby Public Transport Service, Other Nearby Places","Maintenance Staff, Security Staff, Laundry or Dry Cleaning Facility, Communal/Shared Kitchen, Facilities for Disabled, Pets Not Allowed, Other Facilities",,,
https://www.zameen.com/Property/margalla_hills_2_capital_residencia_capital_residence_e-11_margalla_road_2_bed_apartment_corner-53297746-10573-1.html,Flat,PKR2 Crore,2,6.2 Marla,For Sale,2,5 days ago,"E-11, Islamabad, Islamabad Capital",2 bed attach bath tv lounge kitchen fully furnished luxury apartment 14 floor corner F-11 facing coming rent 1.20 1400 S/F size for more information plz contact us,"Parking Spaces, Lobby in Building, Double Glazed Windows, Central Air Conditioning, Flooring, Electricity Backup, Floor, Elevators, Service Elevators in Building, Furnished","Bedrooms: 2, Bathrooms: 2, Kitchens: 1, Lounge or Sitting Room","Broadband Internet Access, Satellite or Cable TV Ready, ATM Machines","Community Lawn or Garden, Community Gym, Day Care Centre, Kids Play Area, Mosque, Community Centre",,"Nearby Schools, Nearby Hospitals, Nearby Shopping Malls, Nearby Restaurants, Distance From Airport (kms), Nearby Public Transport Service",,,,
https://www.zameen.com/Property/islamabad_faisal_town_-_f-18_05_marla_house_available_for_sale_in_faisal_town_islamabad-53011641-8260-1.html,House,PKR2.25 Crore,5,5 Marla,For Sale,5,4 days ago,"Faisal Town - F-18, Islamabad, Islamabad Capital","05 Marla House Available For Sale. (Orignall pics not attached) In F-18 Faisal Town Islamabad. 5 Bedrooms. 6 Baths. 2 TV Lounge. 2 Kitchen. 2 Drawing/Dinning. Near to Park. Near to Markaz. Near to Mosque. Near to School. All Facilities Available. 24/7 Hour Security Service Of Sector Sector Location Guide: Adjacent To M-1 & M-2 Motorway , 6Km From Airport , 5Km From Metro Bus Station , 6Km From G. T Road. Do Contact Us For Real Estate Services In F-17 & F-18 Faisal Town Islamabad.","Built in year: 2022, Parking Spaces: 01, Double Glazed Windows, Central Air Conditioning, Central Heating, Flooring, Electricity Backup, Waste Disposal, Floors: 1, Other Main Features, Furnished","Bedrooms: 5, Bathrooms: 6, Servant Quarters: 1, Drawing Room, Dining Room, Kitchens: 1, Study Room, Prayer Room, Powder Room, Gym, Store Rooms: 01, Steam Room, Lounge or Sitting Room, Laundry Room, Other Rooms","Broadband Internet Access, Satellite or Cable TV Ready, Intercom, Other Business and Communication Facilities","Community Lawn or Garden, Community Swimming Pool, Community Gym, First Aid or Medical Centre, Day Care Centre, Kids Play Area, Barbeque Area, Mosque, Community Centre, Other Community Facilities","Lawn or Garden, Swimming Pool, Sauna, Jacuzzi, Other Healthcare and Recreation Facilities","Nearby Schools, Nearby Hospitals, Nearby Shopping Malls, Nearby Restaurants, Distance From Airport (kms), Nearby Public Transport Service, Other Nearby Places","Maintenance Staff, Security Staff, Facilities for Disabled, Other Facilities",,,
https://www.zameen.com/Property/b_17_mpchs_-_multi_gardens_multi_garden_b-17_prime_location_f_block_designer_house_sale-52575844-3115-1.html,House,PKR1.95 Crore,4,5 Marla,For Sale,4,3 weeks ago,"B-17, Islamabad, Islamabad Capital","WE HAVE VERY LIMITED SLOTS AVAILABLE TOO BOOK FOR COMPLETE DETAILS : CALL US. WE WILL TELL YOU HOW ITS WORK HOW YOU CAN HAV A BEAUTIFULLY DESIGNED HOUSE SPECIFICALLY ACCORDING TO YOUR NEEDS Your Dream Home Awaits Built & Ready in Just 5 Months! Exclusive Plots in Prestigious B-17 Claim Yours Today & Transform Dreams into Reality! 3 Simple Steps to Construct your DREAM HOME: 1 Choose Your Plot Choose from prime plots in B-17s sought-after communitywhere luxury meets convenience. Act fast; exclusive locations are selling out! 2 Design With our Architects and Engineers Design Freedom, Expertly Guided Collaborate with award-winning architects to craft a home thats uniquely yours. From modern minimalism to timeless elegance your vision, our expertise. 3 Move In Faster Than You Think No delays, no stress. Our fast-track construction team guarantees your keys in just 5 months! Quality craftsmanship, on time, every time. Why Wait? Stress-free process from start to finish FREE 3D design consultation Rs,150,000 10-year structural warranty for peace of mind Limited-Time Offer: WE HAVE VERY LIMITED SLOTS AVAILABLE TO BOOK","Built in year: 2025, Parking Spaces: 1, Double Glazed Windows, Central Air Conditioning, Central Heating, Flooring, Electricity Backup, Waste Disposal, Floors: 2, Other Main Features, Furnished","Bedrooms: 4, Bathrooms: 4, Servant Quarters: 1, Drawing Room, Dining Room, Kitchens: 2, Study Room, Prayer Room, Powder Room, Gym, Store Rooms: 1, Steam Room, Lounge or Sitting Room, Laundry Room, Other Rooms","Broadband Internet Access, Satellite or Cable TV Ready, Intercom, Other Business and Communication Facilities","Community Lawn or Garden, Community Swimming Pool, Community Gym, First Aid or Medical Centre, Day Care Centre, Kids Play Area, Barbeque Area, Mosque, Community Centre, Other Community Facilities","Lawn or Garden, Swimming Pool, Sauna, Jacuzzi, Other Healthcare and Recreation Facilities","Nearby Schools, Nearby Hospitals, Nearby Shopping Malls, Nearby Restaurants, Distance From Airport (kms), Nearby Public Transport Service, Other Nearby Places","Maintenance Staff, Security Staff, Facilities for Disabled, Other Facilities",PKR75 Lakh,PKR20 Lakh,6 Months
https://www.zameen.com/Property/mpchs_multi_gardens_mpchs_-_block_f_mpchs_b-17_f-block_5_marla_double_storey_brand_new_designer_house-51928227-8527-1.html,House,PKR1.9 Crore,4,5 Marla,For Sale,5,3 weeks ago,"B-17, Islamabad, Islamabad Capital","Designer House Accommodation Details: 4 Master Bedrooms 4 Attached Bathrooms 2 Drawing Rooms 2 Kitchen 2 Living Area With Dinning Area Laundry Space Panoramic View False Ceiling Attractive Designs 1 Servant Room With Bath on Top Floor 1 Store Room 1 Terrace Area 1 Car Porch (To Accommodate At least 2 Cars) Ventilation Spaces for All Accommodations Near to Commercial Area Near to Mosque, Park, School 30-40 ft Wide Road Street Now be the designer of your own house For Further Details The Asset Makers Contact:","Built in year: 2024, Parking Spaces, Double Glazed Windows, Central Air Conditioning, Central Heating, Flooring, Electricity Backup, Waste Disposal, Floors: 2, Other Main Features, Furnished","Bedrooms: 4, Bathrooms: 4, Servant Quarters: 1, Drawing Room, Dining Room, Kitchens: 2, Study Room, Prayer Room, Powder Room, Gym, Store Rooms: 1, Steam Room, Lounge or Sitting Room, Laundry Room, Other Rooms","Broadband Internet Access, Satellite or Cable TV Ready, Intercom, Other Business and Communication Facilities","Community Lawn or Garden, Community Swimming Pool, Community Gym, First Aid or Medical Centre, Day Care Centre, Kids Play Area, Barbeque Area, Mosque, Community Centre, Other Community Facilities","Lawn or Garden, Swimming Pool, Sauna, Jacuzzi, Other Healthcare and Recreation Facilities","Nearby Schools, Nearby Hospitals, Nearby Shopping Malls, Nearby Restaurants, Distance From Airport (kms), Nearby Public Transport Service, Other Nearby Places","Maintenance Staff, Security Staff, Facilities for Disabled, Other Facilities",PKR70 Lakh,PKR30 Lakh,4 Months
https://www.zameen.com/Property/islamabad_b-17_5_marla_designer_house_in_b-17_f_block_25x50_double_unit_house-51945643-616-1.html,House,PKR1.75 Crore,5,5 Marla,For Sale,5,3 weeks ago,"B-17, Islamabad, Islamabad Capital","Designer House Accommodation Details: 4 Master Bedrooms 4 Attached Bathrooms 2 Drawing Rooms 2 Kitchen 2 Living Area With Dinning Area Laundry Space Panoramic View False Ceiling Attractive Designs 1 Servant Room With Bath on Top Floor 1 Store Room 1 Terrace Area 1 Car Porch (To Accommodate Atleast 2 Cars) Ventilation Spaces for All Accomadations Near to Commercial Area Near to Mosque, Park, School 40-60 ft Wide Road Street Now be the designer of your own house For Further Details Saad Hussain The Asset Makers Contact:","Built in year: 2025, Parking Spaces, Double Glazed Windows, Central Air Conditioning, Central Heating, Flooring, Electricity Backup, Waste Disposal, Floors: 2, Other Main Features, Furnished","Bedrooms: 5, Bathrooms, Servant Quarters: 1, Drawing Room, Dining Room, Kitchens: 2, Study Room, Prayer Room, Powder Room, Store Rooms: 1, Steam Room, Lounge or Sitting Room, Laundry Room, Other Rooms","Broadband Internet Access, Satellite or Cable TV Ready, Other Business and Communication Facilities","Community Lawn or Garden, Community Swimming Pool, Community Gym, First Aid or Medical Centre, Day Care Centre, Kids Play Area, Barbeque Area, Mosque, Community Centre, Other Community Facilities","Lawn or Garden, Other Healthcare and Recreation Facilities","Nearby Schools, Nearby Hospitals, Nearby Shopping Malls, Nearby Restaurants, Distance From Airport (kms), Nearby Public Transport Service, Other Nearby Places","Maintenance Staff, Security Staff, Other Facilities",PKR55 Lakh,PKR20 Lakh,6 Months
https://www.zameen.com/Property/islamabad_b-17_beautiful_5_marla_designer_house_in_mpchs_b-17_f-block_25x50_double_unit_house-51955614-616-1.html,House,PKR2.05 Crore,4,5 Marla,For Sale,4,3 weeks ago,"B-17, Islamabad, Islamabad Capital","For Sale: Beautiful 5 Marla House in Multi Gardens B-17, Block F This elegant 5 Marla house, located in the prime area of Block F, Multi Gardens B-17, is now available for sale. The house is beautifully constructed with modern design and top-quality materials. Surrounded by all essential facilities and amenities, it offers a perfect living environment for families. The neighborhood includes parks, schools, shopping centers, and easy access to major roads, making it an ideal choice for anyone looking for comfort and convenience. Dont miss this opportunity to own your dream home!","Built in year: 2018, Parking Spaces: 1, Double Glazed Windows, Central Air Conditioning, Central Heating, Flooring, Electricity Backup, Waste Disposal, Floors: 2, Other Main Features, Furnished","Bedrooms: 3, Bathrooms: 3, Servant Quarters: 1, Drawing Room, Dining Room, Kitchens: 1, Study Room, Store Rooms: 1, Laundry Room","Broadband Internet Access, Satellite or Cable TV Ready, Intercom, Other Business and Communication Facilities","Kids Play Area, Mosque, Other Community Facilities",Other Healthcare and Recreation Facilities,"Nearby Schools, Nearby Hospitals, Nearby Shopping Malls, Nearby Restaurants, Distance From Airport (kms), Nearby Public Transport Service, Other Nearby Places","Maintenance Staff, Security Staff, Facilities for Disabled, Other Facilities",PKR80 Lakh,PKR25 Lakh,5 Months
https://www.zameen.com/Property/blue_area_mall_of_islamabad_luxuary_apartment_available_for_sale_in_mall_of_islamabad-53154298-17132-1.html,Flat,PKR4.75 Crore,2,4.4 Marla,For Sale,1,57 minutes ago,"Blue Area, Islamabad, Islamabad Capital","APARTMENT FOR SALE MALL OF ISLAMABAD 1 BED APARTMENT SIZE 1000 SQFT 15 FLOOR MARGALLA VIEW MODERN KITCHEN SPACIOUS LIVING ROOM PRIME LOCATION WITH UNMATCHED ACCESSIBILITY Experience premium living in the heart of the capital with this spacious 1,800 sq. ft. apartment at Mall of Islamabad. Offering elegance, comfort, and convenience in one of Islamabads most prestigious locations. Ideal for both personal living and investment with high rental potential.","Built in year: 2025, Parking Spaces: 2, Double Glazed Windows, Central Air Conditioning, Central Heating, Flooring, Electricity Backup, Waste Disposal, Other Main Features","Bedrooms: 5, Bathrooms: 6, Servant Quarters: 2, Drawing Room, Dining Room, Kitchens: 2, Study Room, Prayer Room, Powder Room, Gym, Store Rooms: 1, Steam Room, Lounge or Sitting Room, Laundry Room, Other Rooms","Broadband Internet Access, Satellite or Cable TV Ready, Intercom, Other Business and Communication Facilities","Community Lawn or Garden, Community Swimming Pool, Community Gym, First Aid or Medical Centre, Day Care Centre, Kids Play Area, Barbeque Area, Mosque, Community Centre, Other Community Facilities","Sauna, Jacuzzi, Other Healthcare and Recreation Facilities","Nearby Schools, Nearby Hospitals, Nearby Shopping Malls, Nearby Restaurants, Distance From Airport (kms), Nearby Public Transport Service, Other Nearby Places","Maintenance Staff, Security Staff",,,
https://www.zameen.com/Property/islamabad_bani_gala_8_marla_house_double_story_luxury_modern_designer_stylish_beautiful_location_brand_new-53142230-340-1.html,House,PKR2.85 Crore,6,8 Marla,For Sale,6,23 hours ago,"Bani Gala, Islamabad, Islamabad Capital",*Luxury 8 Marla Double-Story House for Sale! * *Property Details:* - Location: Prime area - Property Type: 8 Marla Double-Story House - Bedrooms: 6 - Bathrooms: 7 (attached) - TV Lounge/2 - Dining area/2 - Modern kitchen/2 - Laundry area/2 - Drawing room/2 - Possibly a small lawn or outdoor space *Luxury Features:* - Brand new and beautifully designed interior with high-end finishes - Modern and stylish design with large windows for natural light - Well-designed kitchen with premium fixtures and appliances - Elegant drawing room perfect for entertaining guests *Demand:* - PKR 2 crore 90 lakh (negotiable) Would you like to know more about this property or schedule a viewing?,"Built in year: 2025, Parking Spaces: 2, Double Glazed Windows, Central Air Conditioning, Central Heating, Flooring, Electricity Backup, Floors: 1, Other Main Features","Bedrooms: 6, Bathrooms: 7, Servant Quarters: 1, Drawing Room, Dining Room, Kitchens: 2, Steam Room, Lounge or Sitting Room, Laundry Room, Other Rooms","Broadband Internet Access, Satellite or Cable TV Ready, Intercom, Other Business and Communication Facilities","Community Lawn or Garden, Community Swimming Pool, Community Gym, First Aid or Medical Centre, Day Care Centre, Kids Play Area, Barbeque Area, Mosque, Community Centre, Other Community Facilities","Lawn or Garden, Swimming Pool, Sauna, Jacuzzi, Other Healthcare and Recreation Facilities","Nearby Schools, Nearby Hospitals, Nearby Shopping Malls, Nearby Restaurants, Distance From Airport (kms), Nearby Public Transport Service, Other Nearby Places","Maintenance Staff, Security Staff, Facilities for Disabled, Other Facilities",,,
https://www.zameen.com/Property/top_city_1_top_city_1_-_block_d_10_marla_proper_corner_brand_new_designer_house_available_for_sale_in_ideal_location_of_topcity_islamabad-53185230-9233-1.html,House,PKR5.75 Crore,6,10 Marla,For Sale,7,3 weeks ago,"Top City 1, Islamabad, Islamabad Capital","* 10 Marla Brand New Proper Corner Double Story Designer House Available for Sale in Topcity-1 Islamabad! * **Solid Construction** **Location**: Topcity-1, Islamabad Near to New Islamabad International Airport, **Size**: 10 Marla Proper Corner **Detail**: - **Bedrooms**: 6 + 1 Servant Room - **Bathrooms**: 7 - **Kitchens**: 2 - **Drawing Room**: 2 - **TV Lounch**: 2 - **Tiles Flooring** - **2 Big Car parking Inside the House** **Amenities**: - Electricity,Water - Nearby Mosque - Nearby Market - Nearby School - Nearby Metro Station - Nearby Park **Completion Done. ** **Demand* 575 Lacs **Contact Us Now to Schedule a Visit!** Nouman Khan Call/WhatsApp: View Contact Detail","Built in year: 2025, Parking Spaces, Double Glazed Windows, Central Air Conditioning, Central Heating, Flooring, Electricity Backup, Waste Disposal, Floors, Furnished","Bedrooms: 6, Bathrooms: 7, Servant Quarters: 1, Drawing Room, Dining Room, Kitchens, Powder Room, Store Rooms","Broadband Internet Access, Satellite or Cable TV Ready, Intercom",,,,,,,
https://www.zameen.com/Property/margalla_view_housing_society_margalla_view_society_-_block_c_pine_heights_d17_islamabad_3bedroom_luxury_apartments_available_for_sale-53305342-3163-1.html,Flat,PKR1.6 Crore,3,6.7 Marla,For Sale,3,4 weeks ago,"D-17, Islamabad, Islamabad Capital","*Beautiful 3 bedroom Apartment For Sale In Pine Heights Luxury Apartments D-17, Islamabad. In coming rent 60 k per month* *Demand 1.65 Crore* Key Features: - 24/7 security and lobby - 3 spacious bedrooms with 3 washrooms - Ground floor with outer view - 2 balconies with beautiful view and very well ventilated apartment - Modern kitchen with TV lounge and dining area - 1500 sqft - Extra Laundry Area on ground floor - Dedicated 2 cars Parking basement (2 levels) - Mosque, Fitness club and gym inside the building - Out class family living at a very reasonable price - There is no project of luxury apartments like this at this price in complete Islamabad - Markaz and J7 shopping mall across the road at 2 minutes walk - 15 minutes drive to Islamabad International Airport and Motorway - 15 minutes drive to F-11 Markaz through Margalla road or 20-25 minutes to Centaurus Mall or main Islamabad through Kashmir Highway Demand: Rs. 1.65 crore Ready to move in apartment excellent for family living Note: Only 2 apartments are left with the builder. Presently Builder has set a price of 15000 per square feet. So now the builder price of this 3 bed apartment is 2 crore 20 lac But we are selling at a reasonable price. Our Demand is 1 Crore 60 Lac So it's a very good deal and a very good family living","Built in year, Parking Spaces, Lobby in Building, Double Glazed Windows, Central Air Conditioning, Central Heating, Flooring, Electricity Backup, Waste Disposal, Floor, Floors in Building, Service Elevators in Building, Other Main Features",,,,,"Nearby Schools, Nearby Hospitals, Nearby Shopping Malls, Nearby Restaurants, Distance From Airport (kms), Nearby Public Transport Service, Other Nearby Places","Security Staff, Other Facilities",,,
https://www.zameen.com/Property/gulshan_e_sehat_2_gulshan-e-sehat_2_-_block_e_7_marla_house_single_storey_available_for_sale_in_gulshan_sehat-53226165-3267-1.html,House,PKR1.3 Crore,3,7 Marla,For Sale,3,4 weeks ago,"E-18, Islamabad, Islamabad Capital","*_7 Marla Newly Constructed Elegant & Modern Style Single Story House for Sale in Sector E-18, Gulshan-e-Sehat Islamabad. _* *_Dimension (3060)_* *_Street 40 Feet wide_* *_Block (F)_* *_(2) Bed Rooms With Bath. _* *_(1) Drawing Room with Bath. _* *_(1) TV Lounge & Dining. _* *_(1) Separate Kitchen. _* *_(1) Study room. _* *_Wide Car Porch. _* *_Front Lawn. _* *_All facilities available. _* _*Gass is Not available because this is Newly constructed house. *_ _Demand Price 1.30_","Built in year, Parking Spaces, Double Glazed Windows, Central Air Conditioning, Central Heating, Flooring, Electricity Backup, Waste Disposal, Floors: 1, Other Main Features","Bedrooms: 4, Bathrooms: 4, Servant Quarters: 1, Drawing Room, Dining Room, Kitchens: 2, Study Room, Prayer Room, Powder Room, Store Rooms: 1, Steam Room, Lounge or Sitting Room, Laundry Room","Broadband Internet Access, Satellite or Cable TV Ready","Community Lawn or Garden, Community Swimming Pool, Community Gym, First Aid or Medical Centre, Day Care Centre, Kids Play Area, Barbeque Area, Mosque, Community Centre",Sauna,"Nearby Schools, Nearby Hospitals, Nearby Shopping Malls, Nearby Restaurants, Distance From Airport (kms), Nearby Public Transport Service, Other Nearby Places","Maintenance Staff, Security Staff, Facilities for Disabled",,,
https://www.zameen.com/Property/islamabad_bani_gala_experience_luxury_living_with_breathtaking_views_of_rawal_dam_and_the_islamabad_hills_this_beautifully_designed_16_marla_house_is_located_in_the_peaceful_and_prime_area_of_banigala_offering_both_comfort_and_elegance-53305986-340-1.html,House,PKR4.4 Crore,5,16 Marla,For Sale,5,3 weeks ago,"Bani Gala, Islamabad, Islamabad Capital","Experience luxury living with breathtaking views of Rawal Dam and the Islamabad Hills. This beautifully designed 16 marla house is located in the peaceful and prime area of Banigala, offering both comfort and elegance. Property Features: Location: Capital Hill View Road, Banigala Plot Size: 16 Marla 5 Spacious Bedrooms with Attached Bathrooms 2 Modern Kitchens 2 Elegant TV Lounges Brand New Construction Stylish Design & Premium Finishing Stunning Hill and Rawal Dam View Car Parking Space Price: 4 Crore 40 Lakh (Negotiable) This house is ideal for families seeking a serene lifestyle with modern amenities, away from city noise but still close to all essential facilities.",,,,,,"Nearby Schools, Nearby Hospitals, Nearby Shopping Malls, Nearby Restaurants, Distance From Airport (kms), Nearby Public Transport Service, Other Nearby Places","Security Staff, Other Facilities",,,
https://www.zameen.com/Property/g_10_g-10_1_double_road_3side_corner_renovated_3story_2unit_house_with_extra_land-53101632-3324-1.html,House,PKR12.25 Crore,6,14.9 Marla,For Sale,9,1 week ago,"G-10, Islamabad, Islamabad Capital","Booming real estate development in Islamabad is offering you to secure a dependable and profitable property asset. You can be the owner of your new house with the well-constructed property available for sale at a central location. A price of PKR Rs. 130000000 is quite reasonable for the House on sale. With an area spanning 3360 Square Feet, this will prove to be an ideal place for your family. A House you have been looking to buy for years is available for sale and right now its price is very affordable. In a few years G-10/1 will further develop so make your investment today. Important details of the property are listed below. You can hang out in the lounge area with your friends and enjoy watching TV. Now you can plan mealtimes with more detail with a separate dining room that comes with this House. This house has a drawing room with ample space to have lots of guests over. Contact Us Serious Person","Parking Spaces: 5, Double Glazed Windows, Central Air Conditioning, Central Heating, Flooring, Electricity Backup, Waste Disposal, Floors: 2, Other Main Features","Bedrooms: 9, Bathrooms: 8, Servant Quarters: 1, Drawing Room, Dining Room, Kitchens: 2, Study Room, Powder Room, Gym, Store Rooms: 2, Lounge or Sitting Room, Laundry Room","Broadband Internet Access, Satellite or Cable TV Ready, Intercom","Community Lawn or Garden, Community Swimming Pool, Community Gym, First Aid or Medical Centre, Day Care Centre, Kids Play Area, Barbeque Area, Mosque, Community Centre, Other Community Facilities","Lawn or Garden, Swimming Pool, Sauna, Jacuzzi, Other Healthcare and Recreation Facilities","Nearby Schools, Nearby Hospitals, Nearby Shopping Malls, Nearby Restaurants, Distance From Airport (kms), Nearby Public Transport Service, Other Nearby Places","Maintenance Staff, Security Staff, Facilities for Disabled, Other Facilities",,,
https://www.zameen.com/Property/islamabad_bani_gala_10_marla_designer_house_for_sale_in_bani_gala-53174027-340-1.html,House,PKR4.6 Crore,5,10 Marla,For Sale,5,22 hours ago,"Bani Gala, Islamabad, Islamabad Capital","10 marla Designer house located in Gorge road Ali Street, Imran Khan Chowak, Bani Gala Islamabad. : Double Story House Solid House with A+ Quality material used Master Pipes for PPR & PVC A+ Cement A+ quality Bricks Graded Steel used Tiled Washrooms Designer and Modern House 4 Bed attached bath 2 Guest room attached bath Big Mumty 2 Kitchen Terrace at front and Back Big Garage servant room","Built in year: 2025, Parking Spaces: 2, Double Glazed Windows, Central Air Conditioning, Central Heating, Flooring, Electricity Backup, Waste Disposal, Floors: 2, Other Main Features","Bedrooms: 5, Bathrooms: 5, Servant Quarters: 1, Drawing Room, Dining Room, Kitchens: 2, Lounge or Sitting Room, Laundry Room","Broadband Internet Access, Satellite or Cable TV Ready, Intercom","Community Gym, First Aid or Medical Centre, Day Care Centre, Kids Play Area, Barbeque Area, Mosque, Community Centre",,"Nearby Schools, Nearby Hospitals, Nearby Shopping Malls, Nearby Restaurants, Distance From Airport (kms), Nearby Public Transport Service, Other Nearby Places","Maintenance Staff, Security Staff, Facilities for Disabled, Other Facilities",,,
https://www.zameen.com/Property/top_city_1_top_city_1_-_block_b_double_road_b_block_1_kanal_house_prime_location-52755381-9230-1.html,House,PKR7.5 Crore,7,1 Kanal,For Sale,7,2 months ago,"Top City 1, Islamabad, Islamabad Capital",Designer House In Top City Prime Location 7 Bedrooms Attached Bath 2 Floors Powder Room 2 Dirty Kitchen 2 Clean Kitchen 2 Drawing Room 2 Dining Rooms 2 Living Rooms 2 Car Parking 2,"Built in year: 2024, Parking Spaces: 2, Double Glazed Windows, Flooring, Electricity Backup, Waste Disposal, Floors: 2","Bedrooms: 7, Bathrooms: 8, Servant Quarters: 1, Drawing Room, Dining Room, Kitchens: 2, Study Room, Powder Room, Store Rooms: 2, Lounge or Sitting Room, Laundry Room",Broadband Internet Access,"Community Lawn or Garden, Community Gym, First Aid or Medical Centre, Kids Play Area, Barbeque Area, Mosque, Community Centre, Other Community Facilities",Lawn or Garden,"Nearby Schools, Nearby Hospitals, Nearby Shopping Malls, Nearby Restaurants, Distance From Airport (kms), Nearby Public Transport Service, Other Nearby Places","Maintenance Staff, Security Staff, Other Facilities",,,
https://www.zameen.com/Property/top_city_1_top_city_1_-_block_c_prime_location_house_sized_1_kanal_is_available_for_sale_in_top_city_1_-_block_c-52947209-9232-1.html,House,PKR6.85 Crore,6,1 Kanal,For Sale,7,2 months ago,"Top City 1, Islamabad, Islamabad Capital","This property helps you out for your searches on a House. As you are looking for top-notch option in Top City 1 - Block C? Here's what you need. Trust us, you'd be hard-pressed to find a similar property offer that falls near this Rs. 58500000 price range. Book your dream home from our endless property options available for sale. Buying a home Islamabad is easy. Let us help you. Make the most of the opportunity right now of buying a 1 Kanal property that is readily. Property features are mentioned below. The property comes with a beautifully designed dining room, adding to its luxury. To bring a touch of nature to the surroundings, the House also has a community lawn nearby. Your kids can play to their heart's content in the play area adjoining the property. Mosques are one of the places to meet new people, and luckily the House has one nearby. The House is centrally air-conditioned from underground to keep it hassle free. One of the many great features of the property is its powder room. Stay connected and updated with the broadband internet access facility. For further information, you can fill out the contact form.","Built in year: 1, Parking Spaces: 1, Double Glazed Windows, Central Air Conditioning, Central Heating, Flooring, Electricity Backup, Waste Disposal, Floors: 2, Other Main Features, Furnished","Bedrooms: 3, Bathrooms: 4, Servant Quarters: 1, Drawing Room, Dining Room, Kitchens: 1, Study Room, Prayer Room, Powder Room, Gym, Store Rooms: 1, Steam Room, Lounge or Sitting Room, Laundry Room, Other Rooms","Broadband Internet Access, Satellite or Cable TV Ready, Intercom, Other Business and Communication Facilities","Community Lawn or Garden, Community Swimming Pool, Community Gym, First Aid or Medical Centre, Day Care Centre, Kids Play Area, Barbeque Area, Mosque, Community Centre, Other Community Facilities","Lawn or Garden, Swimming Pool, Sauna, Jacuzzi, Other Healthcare and Recreation Facilities","Nearby Schools, Nearby Hospitals, Nearby Shopping Malls, Nearby Restaurants, Distance From Airport (kms), Nearby Public Transport Service, Other Nearby Places","Maintenance Staff, Security Staff, Facilities for Disabled, Other Facilities",,,
https://www.zameen.com/Property/islamabad_airport_enclave_centrally_located_prime_location_house_for_sale_in_airport_enclave-52947251-9241-1.html,House,PKR2.06 Crore,3,5 Marla,For Sale,3,2 months ago,"Airport Enclave, Islamabad, Islamabad Capital","House you've been looking for is available at the best price, so take action today. Property in this Airport Enclave is up to the mark. So, go ahead and check it out for yourself. If 5 Marla House is what you are looking for, this is it. The imagination of a luxurious lifestyle becomes a reality in Airport Enclave . The property is priced at Rs. 20631578 which is great, given its location. We are here to help you buy your dream property. Find out more details about the property with the following. No longer will you have to miss an update or suffer buffering as the project comprises broadband internet access among many other convenient facilities. A steam room is beneficial for health and the House comes with one! Having a laundry space in the House allows you to make arrangements for your washing machine. There is central heating in the House which will keep you and family warm. The property comes with a powder room - adding to its many convenient features. Now you don't have to think twice about space before hosting a party due to the spacious lounge area that comes with this House. A well-equipped barbeque area comes with the House where you can host your parties. For any kind of property advice, you can get in touch with us.","Built in year: 1, Parking Spaces: 1, Double Glazed Windows, Central Air Conditioning, Central Heating, Flooring, Electricity Backup, Waste Disposal","Servant Quarters: 1, Drawing Room, Dining Room, Kitchens: 1, Study Room, Prayer Room, Powder Room, Gym, Store Rooms: 1, Steam Room, Lounge or Sitting Room, Laundry Room","Broadband Internet Access, Satellite or Cable TV Ready, Intercom","Community Lawn or Garden, Community Swimming Pool, Community Gym, First Aid or Medical Centre, Day Care Centre, Kids Play Area, Barbeque Area, Mosque, Community Centre",,"Nearby Schools, Nearby Hospitals, Nearby Shopping Malls, Nearby Restaurants, Distance From Airport (kms), Nearby Public Transport Service, Other Nearby Places","Maintenance Staff, Security Staff, Facilities for Disabled, Other Facilities",,,
https://www.zameen.com/Property/top_city_1_top_city_1_-_block_b_double_road_b_block_1_kanal_house_for_sale_at_prime_location-52947252-9230-1.html,House,PKR7.5 Crore,7,1 Kanal,For Sale,7,1 month ago,"Top City 1, Islamabad, Islamabad Capital",Designer House In Top City Prime Location 7 Bedrooms Attached Bath 2 Floors Powder Room 2 Dirty Kitchen 2 Clean Kitchen 2 Drawing Room 2 Dining Rooms 2 Living Rooms 2 Car Parking 2,"Built in year: 2024, Parking Spaces: 2, Double Glazed Windows, Central Air Conditioning, Central Heating, Flooring, Electricity Backup, Waste Disposal, Floors: 2, Other Main Features, Furnished","Bedrooms: 7, Bathrooms: 8, Servant Quarters: 1, Drawing Room, Dining Room, Kitchens: 2, Study Room, Prayer Room, Powder Room, Gym, Store Rooms: 2, Steam Room, Lounge or Sitting Room, Laundry Room","Broadband Internet Access, Satellite or Cable TV Ready, Intercom, Other Business and Communication Facilities","Community Lawn or Garden, Community Swimming Pool, Community Gym, First Aid or Medical Centre, Day Care Centre, Kids Play Area, Barbeque Area, Mosque, Community Centre, Other Community Facilities",Lawn or Garden,"Nearby Schools, Nearby Hospitals, Nearby Shopping Malls, Nearby Restaurants, Distance From Airport (kms), Nearby Public Transport Service, Other Nearby Places","Maintenance Staff, Security Staff, Facilities for Disabled, Other Facilities",,,
https://www.zameen.com/Property/dha_defence_dha_defence_phase_2_one_kanal_brand_new_home_for_sale_in_dha_ii_islamabad-52363768-339-1.html,House,PKR13.75 Crore,6,1 Kanal,For Sale,6,1 week ago,"DHA Defence, Islamabad, Islamabad Capital",*Property Details* - Area - DHA-2 ISLAMABAD - Property Size - 20 Marla. - Near By - McDonalds - House Highlights - *Luxuriously Designed New House with Swimming Pool* *House Details* - bedrooms with attached washrooms - Drawing & Dinning area - Powder Room - Ac Installed - Tv Lounge - Kitchen (2 ) - Servant Quarter(2) - Swimming Pool - Shower Area - Area for Gym - solar installed *House Asthetics* - All Doors made of Mahaghni wood ( Safaily) - Windows Of Chawla Aluminium - Imported Tiles - Car Porch for 2 Cars(SUV's),"Built in year: 2024, Parking Spaces, Double Glazed Windows, Central Air Conditioning, Central Heating, Flooring, Electricity Backup, Waste Disposal, Floors: 2, Other Main Features, Furnished","Bedrooms: 6, Bathrooms: 6, Servant Quarters: 2, Drawing Room, Dining Room, Kitchens: 2, Study Room, Prayer Room, Powder Room, Gym, Store Rooms: 2, Steam Room, Lounge or Sitting Room, Laundry Room, Other Rooms","Broadband Internet Access, Satellite or Cable TV Ready, Intercom, Other Business and Communication Facilities","Community Lawn or Garden, Community Swimming Pool, Community Gym, First Aid or Medical Centre, Day Care Centre, Kids Play Area, Barbeque Area, Mosque, Community Centre, Other Community Facilities","Lawn or Garden, Swimming Pool, Sauna, Jacuzzi, Other Healthcare and Recreation Facilities","Nearby Schools, Nearby Hospitals, Nearby Shopping Malls, Nearby Restaurants, Distance From Airport (kms), Nearby Public Transport Service, Other Nearby Places","Maintenance Staff, Security Staff, Other Facilities",,,
https://www.zameen.com/Property/g_13_g-13_1_25_40_used_house_for_sale_in_g-13_islamabad-53275688-3337-1.html,House,PKR3.35 Crore,5,4 Marla,For Sale,4,2 weeks ago,"G-13, Islamabad, Islamabad Capital","4 Marla (25*40) House For sale Located At Prime Location Of G-13/1 About the Property: 4 Bedrooms 5 Washrooms Drawing Dining 2 Kitchens 2 TV Lounge Powder Room Servant Quarter With attached Washroom Car Parking Tile Flooring Green Lawn Double Unit House ideal Locality Electricity Available Water Boring Running & also Water Supply Facility available All Facilities Are Available Which Is The Need OF Living Very Near to Main Double Road and Kashmir Highway Very Near to School, College, Market, Masjid Park Gym Located in one of the best locations of G-13 Reply Islamabad","Built in year: 2024, Parking Spaces: 1, Double Glazed Windows, Central Air Conditioning, Central Heating, Flooring, Electricity Backup, Waste Disposal, Other Main Features, Furnished","Bedrooms: 4, Bathrooms: 5, Servant Quarters: 1, Drawing Room, Dining Room, Kitchens: 2, Study Room, Prayer Room, Powder Room, Gym, Store Rooms: 1, Steam Room, Lounge or Sitting Room, Laundry Room, Other Rooms","Broadband Internet Access, Satellite or Cable TV Ready, Intercom, Other Business and Communication Facilities","Community Lawn or Garden, Community Swimming Pool, Community Gym, First Aid or Medical Centre, Day Care Centre, Kids Play Area, Barbeque Area, Mosque, Community Centre, Other Community Facilities","Sauna, Jacuzzi, Other Healthcare and Recreation Facilities","Nearby Schools, Nearby Hospitals, Nearby Shopping Malls, Nearby Restaurants, Distance From Airport (kms), Nearby Public Transport Service, Other Nearby Places","Maintenance Staff, Security Staff, Facilities for Disabled, Other Facilities",,,
https://www.zameen.com/Property/mpchs_multi_gardens_mpchs_-_block_f_beautiful_solid_construction_designer_short_corner_house_for_sale_on_60_feet_street_on_prime_location_of_f_block-53274987-8527-1.html,House,PKR2.6 Crore,4,5 Marla,For Sale,3,2 weeks ago,"B-17, Islamabad, Islamabad Capital","Designer Corner House for Sale Prime Location in F Block, 60 Feet Road Frontage! A rare opportunity to own a beautifully designed short corner house in the most sought-after F Block location! Situated on a wide 60-feet main road, this modern home offers maximum visibility, excellent accessibility, and a contemporary lifestyle. Property Highlights: Location: F Block, B-17 Multi Gardens Short Corner Plot with Dual Frontage Facing 60-Feet Wide Main Road Ideal for visibility and accessibility Modern Designer Construction with premium fittings and elegant finishes Spacious Layout with optimized natural light and ventilation Ideal for residential living or investment purposes Peaceful and well-developed neighborhood Features: Bedrooms with attached modern bathrooms Stylish kitchen with high-end fittings Drawing, dining & lounge areas Car parking space Terrace and lawn Whether you're looking for a family home or a high-value rental investment, this property ticks all the boxes.","Built in year: 2025, Parking Spaces, Double Glazed Windows, Central Air Conditioning, Central Heating, Flooring, Electricity Backup, Waste Disposal, Floors: 2, Other Main Features, Furnished","Bedrooms: 3, Bathrooms: 1, Servant Quarters, Drawing Room, Dining Room, Kitchens: 2, Study Room, Prayer Room, Powder Room, Gym, Store Rooms, Steam Room, Lounge or Sitting Room, Laundry Room, Other Rooms","Broadband Internet Access, Satellite or Cable TV Ready, Intercom, Other Business and Communication Facilities","Community Lawn or Garden, Community Swimming Pool, Community Gym, First Aid or Medical Centre, Day Care Centre, Kids Play Area, Barbeque Area, Mosque, Community Centre, Other Community Facilities","Lawn or Garden, Swimming Pool, Sauna, Jacuzzi, Other Healthcare and Recreation Facilities","Nearby Schools, Nearby Hospitals, Nearby Shopping Malls, Nearby Restaurants, Distance From Airport (kms), Nearby Public Transport Service, Other Nearby Places","Maintenance Staff, Security Staff, Facilities for Disabled, Other Facilities",,,
https://www.zameen.com/Property/islamabad_b-17_1000_sqr_feet_2_bedroom_flat_on_1st_floor_in_c1_block_multi_gardens_b17_islamabad-53307525-616-1.html,Flat,PKR80 Lakh,2,4.3 Marla,For Sale,2,1 month ago,"B-17, Islamabad, Islamabad Capital",1000 sqr feet 2 bedroom flat on 1st floor in C1 block multi gardens B17 islamabad Size 1000 sqr feet 1st floor 2 bedroom 1 kitchen 1 tv long Parking,"Built in year: 2018, Parking Spaces, Lobby in Building, Double Glazed Windows, Central Air Conditioning, Central Heating, Flooring, Electricity Backup, Waste Disposal, Floor: 1, Floors in Building: 5, Elevators, Service Elevators in Building, Other Main Features, Furnished","Bedrooms: 2, Bathrooms: 2, Servant Quarters, Drawing Room, Dining Room, Kitchens, Study Room, Prayer Room, Powder Room, Gym, Store Rooms, Steam Room, Lounge or Sitting Room, Laundry Room, Other Rooms","Broadband Internet Access, Satellite or Cable TV Ready, Business Center or Media Room in Building, Conference Room in Building, Intercom, ATM Machines, Other Business and Communication Facilities","Community Lawn or Garden, Community Swimming Pool, Community Gym, First Aid or Medical Centre, Day Care Centre, Kids Play Area, Barbeque Area, Mosque, Community Centre, Other Community Facilities","Sauna, Jacuzzi, Other Healthcare and Recreation Facilities","Nearby Schools, Nearby Hospitals, Nearby Shopping Malls, Nearby Restaurants, Distance From Airport (kms), Nearby Public Transport Service, Other Nearby Places","Maintenance Staff, Security Staff, Laundry or Dry Cleaning Facility, Communal/Shared Kitchen, Facilities for Disabled, Pets Not Allowed, Other Facilities",,,
https://www.zameen.com/Property/b_17_mpchs_-_multi_gardens_5_marla_brand_new_designer_house_double_unit_for_sale-53291169-3115-1.html,House,PKR2.3 Crore,6,5 Marla,For Sale,5,1 month ago,"B-17, Islamabad, Islamabad Capital","Experience contemporary living at its finest in this brand new 5 Marla designer residence, meticulously crafted to combine luxury, comfort, and practicality. Situated in a prestigious and well-developed locality, this double-unit home exemplifies modern architecture, superior construction quality, and elegant interior design. Property Overview Property Type: Residential Double Unit Plot Size: 5 Marla Status: Brand New / Ready for Possession Construction Quality: Premium Grade Architectural & Interior Features 5 Spacious Bedrooms with Stylish Attached Bathrooms 2 Fully Equipped Modern Kitchens with Imported Fixtures Elegant Drawing Room, Dining Area, and TV Lounges Premium Tile and Wooden Flooring Throughout Designer False Ceilings and Ambient Lighting Solid Wood Doors and Custom Wardrobes Secure Car Parking with Modern Gate Design Terrace and Rooftop Access with Open Views Additional Highlights Independent Portions with Separate Entrances (Ideal for Dual Family Living or Rental Income) Prime Location with Wide Road Access Proximity to Renowned Schools, Mosques, Parks, and Commercial Areas Constructed with A-Grade Materials and Exceptional Workmanship Peaceful and Secure Neighborhood","Built in year: 2025, Parking Spaces, Double Glazed Windows, Flooring, Electricity Backup, Floors: 2, Other Main Features","Bedrooms: 5, Bathrooms: 6, Servant Quarters: 1, Dining Room, Kitchens: 2, Powder Room","Broadband Internet Access, Satellite or Cable TV Ready, Intercom","Community Lawn or Garden, Community Swimming Pool, Community Gym, First Aid or Medical Centre, Day Care Centre, Kids Play Area, Barbeque Area, Mosque, Community Centre","Lawn or Garden, Swimming Pool, Sauna, Jacuzzi","Nearby Schools, Nearby Hospitals, Nearby Shopping Malls, Nearby Restaurants, Distance From Airport (kms), Nearby Public Transport Service, Other Nearby Places","Maintenance Staff, Security Staff, Facilities for Disabled, Other Facilities",,,
https://www.zameen.com/Property/islamabad_top_city_1_brand_new_studio_flat_for_sale_available_in_top_city-1_islamabad-53304123-1383-1.html,Flat,PKR65 Lakh,1,1.8 Marla,For Sale,-,1 month ago,"Top City 1, Islamabad, Islamabad Capital",Brand new studio flat for Sale available in top city-1 islamabad attached bathroom incoming rent 40K rented property separate kitchen prime location Best for investment Point contact for more information. . .,"Built in year: 1, Parking Spaces: 3, Double Glazed Windows, Central Air Conditioning, Central Heating, Flooring, Electricity Backup, Waste Disposal, Floor: 6, Floors in Building: 7, Elevators: 1, Service Elevators in Building, Other Main Features","Bedrooms: 1, Bathrooms: 1, Drawing Room, Dining Room, Kitchens: 1, Study Room, Prayer Room, Powder Room, Gym, Store Rooms: 1, Steam Room, Lounge or Sitting Room, Laundry Room, Other Rooms","Broadband Internet Access, Satellite or Cable TV Ready, Business Center or Media Room in Building, Conference Room in Building, Intercom, ATM Machines, Other Business and Communication Facilities","Community Lawn or Garden, Community Swimming Pool, Community Gym, First Aid or Medical Centre, Day Care Centre, Kids Play Area, Barbeque Area, Mosque, Community Centre, Other Community Facilities",Sauna,"Nearby Schools, Nearby Hospitals, Nearby Shopping Malls, Nearby Restaurants, Distance From Airport (kms), Nearby Public Transport Service, Other Nearby Places","Maintenance Staff, Security Staff, Laundry or Dry Cleaning Facility, Communal/Shared Kitchen, Facilities for Disabled, Other Facilities",,,
https://www.zameen.com/Property/islamabad_expressway_kazani_heights_1_bed_apartment_for_sale_in_kazani_heights-51013913-13445-1.html,Flat,PKR1.07 Crore,1,2.6 Marla,For Sale,1,2 months ago,"Islamabad Expressway, Islamabad, Islamabad Capital","Stunning 1-Bedroom Fully Furnished Apartment for Sale in Kazani Heights Discover refined living in this elegant 1-bedroom, fully furnished apartment at Kazani Heights. Enjoy a spacious, stylish interior complete with high-end furnishings and modern amenities. Building Highlights: Swimming Pool & Gym for relaxation and fitness Sauna & Steam Room for ultimate relaxation On-Site Restaurant for convenient dining Security Features: Access-Controlled Lifts & 24/7 Security Guards for peace of mind Experience luxury and security in one of the most sought-after locations. Contact us today to make this exceptional property yours!","Built in year: 2023, Parking Spaces, Lobby in Building, Double Glazed Windows, Central Air Conditioning, Central Heating, Flooring, Electricity Backup, Waste Disposal, Floor, Floors in Building: 12, Elevators: 4, Service Elevators in Building, Other Main Features, Furnished","Bedrooms: 1, Bathrooms: 1, Servant Quarters: 1, Drawing Room, Dining Room, Kitchens: 1, Study Room, Prayer Room, Powder Room, Gym, Store Rooms: 1, Steam Room, Lounge or Sitting Room, Laundry Room, Other Rooms","Broadband Internet Access, Satellite or Cable TV Ready, Business Center or Media Room in Building, Conference Room in Building, Intercom, Other Business and Communication Facilities","Community Lawn or Garden, Community Swimming Pool, Community Gym, First Aid or Medical Centre, Day Care Centre, Kids Play Area, Barbeque Area, Mosque, Community Centre, Other Community Facilities","Sauna, Jacuzzi, Other Healthcare and Recreation Facilities","Nearby Schools, Nearby Hospitals, Nearby Shopping Malls, Nearby Restaurants, Distance From Airport (kms), Nearby Public Transport Service, Other Nearby Places","Maintenance Staff, Security Staff, Facilities for Disabled, Other Facilities",,,
https://www.zameen.com/Property/islamabad_expressway_kazani_heights_2_bed_apartment_for_sale_in_kazani_heights-51014268-13445-1.html,Flat,PKR2.02 Crore,2,5 Marla,For Sale,2,2 weeks ago,"Islamabad Expressway, Islamabad, Islamabad Capital","The recent development projects make the city of Islamabad an attractive place for property investors. This 1121 Square Feet sized property will definitely suit your requirements. The right property for sale is just a click away, so take action today. Your investment at a price of PKR Rs. 20178000 for this property will be a secure bet. A Flat that is located in the prime location like this one is no less than an opportunity. Don't wait to invest in Kazani Heights if you seek profitable returns. Property details are listed as follows. You can hang out in the apartment's lobby while you wait. Vigilant security staff is on duty round the clock to ensure the safety of the residents. You can set up a library as well as a home office in the separate study room that is part of the Flat. Broadband internet access to facilitate you daily. A prayer room in the Flat comes handy when you have guests and they would like to offer prayer. Kids play area is a thoughtful feature of the Flat and useful for parents. The Flat comes with a laundry facility that you can use to your benefit. Our contact information is made available so you can reach us with all your queries.","Built in year: 2023, Parking Spaces, Lobby in Building, Double Glazed Windows, Central Air Conditioning, Central Heating, Flooring, Electricity Backup, Waste Disposal, Floor: 8, Floors in Building: 12, Elevators: 4, Service Elevators in Building, Other Main Features, Furnished","Bedrooms: 2, Bathrooms: 2, Servant Quarters: 2, Drawing Room, Dining Room, Kitchens: 1, Study Room, Prayer Room, Powder Room, Gym, Store Rooms: 1, Steam Room, Lounge or Sitting Room, Laundry Room, Other Rooms","Broadband Internet Access, Satellite or Cable TV Ready, Business Center or Media Room in Building, Conference Room in Building, Intercom, ATM Machines, Other Business and Communication Facilities","Community Lawn or Garden, Community Swimming Pool, Community Gym, First Aid or Medical Centre, Day Care Centre, Kids Play Area, Barbeque Area, Mosque, Community Centre, Other Community Facilities","Sauna, Jacuzzi, Other Healthcare and Recreation Facilities","Nearby Schools, Nearby Hospitals, Nearby Shopping Malls, Nearby Restaurants, Distance From Airport (kms), Nearby Public Transport Service, Other Nearby Places","Maintenance Staff, Security Staff, Laundry or Dry Cleaning Facility, Communal/Shared Kitchen, Facilities for Disabled, Pets Allowed, Other Facilities",,,
https://www.zameen.com/Property/dha_defence_dha_defence_phase_5_studio_apartment_available_on_easy_installments_at_dha_phase_5_expressway-51025632-10991-1.html,Flat,PKR1.23 Crore,1,2.7 Marla,For Sale,-,2 weeks ago,"DHA Defence, Islamabad, Islamabad Capital","Studio Apartment for Sale in Blue Ridge, DHA Phase 5, Islamabad Discover modern living in this elegant studio apartment located in the prestigious Blue Ridge building, right off the DHA Phase 5 Expressway. Enjoy stunning hill views and an open vista from your apartment, offering a serene and peaceful environment. This beautifully designed space is perfect for those seeking convenience and style. Situated within walking distance to McDonalds, the DHA Head Office, and Nova Care Hospital, everything you need is just a short stroll away. Ideal for professionals, students, or investors looking for a prime location with easy access to amenities. Don't miss this opportunity to own a property in one of Islamabad's most sought-after areas! Contact now for any further information.","Built in year: 2026, Parking Spaces, Lobby in Building, Double Glazed Windows, Central Air Conditioning, Central Heating, Flooring, Electricity Backup, Waste Disposal, Floor: 3, Floors in Building: 7, Elevators: 1, Service Elevators in Building, Other Main Features, Furnished","Bedrooms: 1, Bathrooms: 1, Servant Quarters: 2, Drawing Room, Dining Room, Kitchens: 1, Study Room, Prayer Room, Powder Room, Gym, Store Rooms: 1, Steam Room, Lounge or Sitting Room, Laundry Room, Other Rooms","Broadband Internet Access, Satellite or Cable TV Ready, Business Center or Media Room in Building, Conference Room in Building, Intercom, ATM Machines, Other Business and Communication Facilities","Community Lawn or Garden, Community Swimming Pool, Community Gym, First Aid or Medical Centre, Day Care Centre, Kids Play Area, Barbeque Area, Mosque, Community Centre, Other Community Facilities","Sauna, Jacuzzi, Other Healthcare and Recreation Facilities","Nearby Schools, Nearby Hospitals, Nearby Shopping Malls, Nearby Restaurants, Distance From Airport (kms), Nearby Public Transport Service, Other Nearby Places","Maintenance Staff, Security Staff, Laundry or Dry Cleaning Facility, Communal/Shared Kitchen, Facilities for Disabled, Other Facilities",PKR33.21 Lakh,PKR3.74 Lakh,24 Months
https://www.zameen.com/Property/dha_defence_dha_defence_phase_5_apartment_for_sale_on_flexible_payment_plan_in_dha_phase_5-52586231-10991-1.html,Flat,PKR1.29 Crore,1,2.9 Marla,For Sale,-,2 weeks ago,"DHA Defence, Islamabad, Islamabad Capital","*Custom Payment Plans: Flexible installment options tailored to client needs - Delivery in July, 2026. * Invest in Prime Real Estate Blue Ridge, DHA Phase 5 Islamabad Blue Ridge is a premium mixed-use development located in the heart of DHA Phase 5 Islamabad. With a total of seven floors, including Lower Ground and Ground dedicated to retail, the First Floor for offices, and upper floors featuring modern residential apartments, Blue Ridge offers a versatile investment opportunity. Key Highlights: Prime Location: Walking distance from DHA Head Office, Nova Care Hospital, McDonald's, and the upcoming DHA Food Street Mixed-Use Project: Lower Ground & Ground Floor: Commercial shops with high visibility First Floor: Professional office spaces Second to Fifth Floors: Well-designed residential apartments with open, scenic views Construction Progress: 4 floors already constructed Expected Delivery: July 2026 Blue Ridge stands out as a sound investment due to its central location, strong rental potential, and high-quality development. Whether you are an investor or looking for a personal space, Blue Ridge offers value, security, and convenience. For details and booking, please contact: Blue Ridge Where Location Meets Lifestyle","Built in year: 2026, Parking Spaces, Lobby in Building, Double Glazed Windows, Central Air Conditioning, Central Heating, Flooring, Electricity Backup, Waste Disposal, Floor, Floors in Building, Elevators: 1, Service Elevators in Building, Other Main Features, Furnished","Bedrooms: 1, Bathrooms: 1, Servant Quarters, Drawing Room, Dining Room, Kitchens: 1, Study Room, Prayer Room, Powder Room, Gym, Store Rooms, Steam Room, Lounge or Sitting Room, Laundry Room, Other Rooms","Broadband Internet Access, Satellite or Cable TV Ready, Business Center or Media Room in Building, Conference Room in Building, Intercom, ATM Machines, Other Business and Communication Facilities","Community Lawn or Garden, Community Swimming Pool, Community Gym, First Aid or Medical Centre, Day Care Centre, Kids Play Area, Barbeque Area, Mosque, Community Centre, Other Community Facilities","Sauna, Jacuzzi, Other Healthcare and Recreation Facilities","Nearby Schools, Nearby Hospitals, Nearby Shopping Malls, Nearby Restaurants, Distance From Airport (kms), Nearby Public Transport Service, Other Nearby Places","Maintenance Staff, Security Staff, Laundry or Dry Cleaning Facility, Communal/Shared Kitchen, Facilities for Disabled, Pets Allowed, Other Facilities",,,
https://www.zameen.com/Property/dha_defence_dha_defence_phase_5_1_bed_apartment_on_flexible_installment_plan_in_dha_islamabad-52586260-10991-1.html,Flat,PKR1.6 Crore,1,3.6 Marla,For Sale,1,2 weeks ago,"DHA Defence, Islamabad, Islamabad Capital","*Custom Payment Plans: Flexible installment options tailored to client needs - Delivery in July, 2026. * Invest in Prime Real Estate Blue Ridge, DHA Phase 5 Islamabad Blue Ridge is a premium mixed-use development located in the heart of DHA Phase 5 Islamabad. With a total of seven floors, including Lower Ground and Ground dedicated to retail, the First Floor for offices, and upper floors featuring modern residential apartments, Blue Ridge offers a versatile investment opportunity. Key Highlights: Prime Location: Walking distance from DHA Head Office, Nova Care Hospital, McDonald's, and the upcoming DHA Food Street Mixed-Use Project: Lower Ground & Ground Floor: Commercial shops with high visibility First Floor: Professional office spaces Second to Fifth Floors: Well-designed residential apartments with open, scenic views Construction Progress: 4 floors already constructed Expected Delivery: July 2026 Blue Ridge stands out as a sound investment due to its central location, strong rental potential, and high-quality development. Whether you are an investor or looking for a personal space, Blue Ridge offers value, security, and convenience. For details and booking, please contact:","Built in year: 2026, Parking Spaces, Lobby in Building, Double Glazed Windows, Central Air Conditioning, Central Heating, Flooring, Electricity Backup, Waste Disposal, Floor, Floors in Building, Elevators: 1, Service Elevators in Building, Other Main Features, Furnished","Bedrooms: 1, Bathrooms: 1, Servant Quarters: 1, Drawing Room, Dining Room, Kitchens: 1, Study Room, Prayer Room, Powder Room, Gym, Store Rooms: 1, Steam Room, Lounge or Sitting Room, Laundry Room, Other Rooms","Broadband Internet Access, Satellite or Cable TV Ready, Business Center or Media Room in Building, Conference Room in Building, Intercom, ATM Machines, Other Business and Communication Facilities","Community Lawn or Garden, Community Swimming Pool, Community Gym, First Aid or Medical Centre, Day Care Centre, Kids Play Area, Barbeque Area, Mosque, Community Centre, Other Community Facilities","Sauna, Jacuzzi, Other Healthcare and Recreation Facilities","Nearby Schools, Nearby Hospitals, Nearby Shopping Malls, Nearby Restaurants, Distance From Airport (kms), Nearby Public Transport Service, Other Nearby Places","Maintenance Staff, Security Staff, Laundry or Dry Cleaning Facility, Communal/Shared Kitchen, Facilities for Disabled, Pets Allowed, Other Facilities",,,
https://www.zameen.com/Property/dha_defence_dha_defence_phase_5_apartment_for_sale_on_easy_installment_plans_in_dha_islamabad_customize_as_per_your_requirements-52586286-10991-1.html,Flat,PKR1.76 Crore,1,3.9 Marla,For Sale,1,5 months ago,"DHA Defence, Islamabad, Islamabad Capital","*Customize your payment plan as per your payment schedule - Delivery is in July, 2026. * Invest in Prime Real Estate Blue Ridge, DHA Phase 5 Islamabad Blue Ridge is a premium mixed-use development located in the heart of DHA Phase 5 Islamabad. With a total of seven floors, including Lower Ground and Ground dedicated to retail, the First Floor for offices, and upper floors featuring modern residential apartments, Blue Ridge offers a versatile investment opportunity. Key Highlights: Prime Location: Walking distance from DHA Head Office, Nova Care Hospital, McDonald's, and the upcoming DHA Food Street Mixed-Use Project: Lower Ground & Ground Floor: Commercial shops with high visibility First Floor: Professional office spaces Second to Fifth Floors: Well-designed residential apartments with open, scenic views Custom Payment Plans: Flexible installment options tailored to client needs Construction Progress: 4 floors already constructed Expected Delivery: July 2026 Blue Ridge stands out as a sound investment due to its central location, strong rental potential, and high-quality development. Whether you are an investor or looking for a personal space, Blue Ridge offers value, security, and convenience. For details and booking, please contact: Blue Ridge Where Location Meets Lifestyle","Built in year: 2026, Parking Spaces, Lobby in Building, Double Glazed Windows, Central Air Conditioning, Central Heating, Flooring, Electricity Backup, Waste Disposal, Floor, Floors in Building, Elevators: 1, Service Elevators in Building, Other Main Features, Furnished","Bedrooms: 1, Bathrooms: 1, Servant Quarters: 1, Drawing Room, Dining Room, Kitchens: 1, Study Room, Prayer Room, Powder Room, Gym, Store Rooms: 1, Steam Room, Lounge or Sitting Room, Laundry Room, Other Rooms","Broadband Internet Access, Satellite or Cable TV Ready, Business Center or Media Room in Building, Intercom, Other Business and Communication Facilities","Community Lawn or Garden, Community Swimming Pool, Community Gym, First Aid or Medical Centre, Day Care Centre, Kids Play Area, Barbeque Area, Mosque, Community Centre, Other Community Facilities","Sauna, Jacuzzi, Other Healthcare and Recreation Facilities","Nearby Schools, Nearby Hospitals, Nearby Shopping Malls, Nearby Restaurants, Distance From Airport (kms), Nearby Public Transport Service, Other Nearby Places","Maintenance Staff, Security Staff, Facilities for Disabled, Other Facilities",,,
